ID,score
0,1.5379329852294177e-05
1,0.00018778959929477423
2,0.00022227861336432397
3,0.00013869674876332283
4,9.935375419445336e-05
5,6.035915794200264e-05
6,0.000556317565497011
7,0.00016392627730965614
8,4.068365160492249e-05
9,2.3830620193621144e-05
10,9.315912029705942e-05
11,0.0001298131246585399
12,1.5633013390470296e-05
13,0.00015990495739970356
14,2.5694596843095496e-05
15,5.038962626713328e-05
16,7.730270590400323e-05
17,4.6163440856616944e-05
18,0.0001678735134191811
19,3.977446976932697e-05
20,1.2921047527925111e-05
21,7.044502126518637e-05
22,6.301820394583046e-05
23,1.5609344700351357e-05
24,0.00014131551142781973
25,3.432629819144495e-05
26,8.448210428468883e-05
27,0.00010198693780694157
28,0.00014362411457113922
29,1.2247010090504773e-05
30,7.941590592963621e-05
31,2.4657150788698345e-05
32,0.00033184123458340764
33,7.427560194628313e-05
34,0.00016655062790960073
35,1.1098261893494055e-05
36,1.0170028872380499e-05
37,1.8716416889219545e-05
38,7.1229093009606e-05
39,7.158886000979692e-05
40,0.00013309213682077825
41,6.571103585883975e-05
42,1.3972296073916368e-05
43,0.00015009396884124726
44,0.00011556958634173498
45,4.642195563064888e-05
46,1.8002236174652353e-05
47,0.00012577869347296655
48,4.945147520629689e-05
49,1.132351826527156e-05
50,0.0006444984464906156
51,7.788943185005337e-05
52,0.00010937911429209635
53,1.689763303147629e-05
54,1.3119208233547397e-05
55,0.00010052599827758968
56,0.0001564985141158104
57,6.075046621845104e-05
58,0.00011549799091881141
59,6.311693869065493e-05
60,0.00015755849017295986
61,5.7212033425457776e-05
62,3.242185994167812e-05
63,6.005977775203064e-05
64,0.0001704007008811459
65,0.00010262805153615773
66,4.18226481997408e-05
67,5.536155367735773e-05
68,0.00015011185314506292
69,8.681036706548184e-05
70,9.233286982635036e-05
71,8.961192361311987e-05
72,0.00023946526926010847
73,6.987134111113846e-05
74,6.632800796069205e-05
75,4.860181070398539e-05
76,1.4247978469938971e-05
77,0.00019874167628586292
78,9.056968701770529e-05
79,7.300309516722336e-05
80,6.9401714426931e-05
81,8.923629502533004e-05
82,0.0001286219630856067
83,7.766696944599971e-05
84,0.0001127060895669274
85,6.29780552117154e-05
86,4.3887801439268515e-05
87,8.813392196316272e-05
88,0.00015275279292836785
89,7.545198604930192e-05
90,1.8021170035353862e-05
91,0.00010394044511485845
92,1.128127405536361e-05
93,0.00025643111439421773
94,8.643115506856702e-06
95,8.911665645428002e-05
96,6.196059985086322e-05
97,2.672872506082058e-05
98,8.149487985065207e-05
99,0.0002741122734732926
100,0.00013515964383259416
101,8.67793132783845e-05
102,9.970692917704582e-05
103,7.78650792199187e-05
104,0.00010625575669109821
105,6.616353493882343e-05
106,0.00010602019756333902
107,0.00019269093172624707
108,2.2592448658542708e-05
109,5.072972271591425e-05
110,1.2620827874343377e-05
111,5.402972601586953e-05
112,7.297605043277144e-05
113,3.6024688597535715e-05
114,9.230816795025021e-05
115,1.7920734535437077e-05
116,3.271547393524088e-05
117,6.3456282077822834e-06
118,6.054562982171774e-05
119,3.462542008492164e-05
120,4.6700850361958146e-05
121,0.00019874880672432482
122,1.6037556633818895e-05
123,1.1599644494708627e-05
124,5.7915902289096266e-05
125,6.166426464915276e-05
126,0.00011993790394626558
127,5.094396328786388e-05
128,6.326144648483023e-05
129,6.056025449652225e-05
130,0.00016100070206448436
131,9.539721941109747e-05
132,0.00015134044224396348
133,7.097746129147708e-05
134,6.088637383072637e-05
135,0.00011166639887960628
136,0.00017212633974850178
137,0.00013663724530488253
138,5.460724059958011e-05
139,5.754509402322583e-05
140,0.00015127542428672314
141,1.9560378859750926e-05
142,0.0001158334271167405
143,0.00016188000154215842
144,4.2024057620437816e-05
145,1.4730394468642771e-05
146,0.0001558068470330909
147,4.650590562960133e-05
148,6.76791969453916e-05
149,5.3813499107491225e-05
150,6.981354090385139e-05
151,0.0003664654796011746
152,6.336884689517319e-05
153,1.6876456356840208e-05
154,1.6507910913787782e-05
155,2.4479175408487208e-05
156,2.1104533516336232e-05
157,4.2514922824921086e-05
158,8.025408897083253e-05
159,3.1153143936535344e-05
160,1.2573271305882372e-05
161,9.649776620790362e-05
162,8.448840526398271e-05
163,3.454589023021981e-05
164,0.000234851919231005
165,7.427664968417957e-05
166,8.29515338409692e-05
167,5.3871091949986294e-05
168,1.3066246538073756e-05
169,5.7852019381243736e-05
170,4.331384116085246e-05
171,4.8276160669047385e-05
172,0.00010184807615587488
173,0.0001683916780166328
174,6.240572110982612e-05
175,0.0002703034260775894
176,5.8776386140380055e-05
177,0.00010342384484829381
178,2.9802853532601148e-05
179,6.748561281710863e-05
180,2.6473993784748018e-05
181,2.8817834390792996e-05
182,2.086006134049967e-05
183,8.593971870141104e-05
184,0.0001390565448673442
185,3.7932863051537424e-05
186,2.2315196474664845e-05
187,0.0002634730190038681
188,9.63067141128704e-05
189,5.5918713769642636e-05
190,9.426054748473689e-05
191,7.284915045602247e-05
192,0.00020880205556750298
193,2.1157362425583415e-05
194,0.00032382039353251457
195,9.87099701887928e-05
196,3.2767755328677595e-05
197,3.131888297502883e-05
198,5.3603809647029266e-05
199,0.00012974964920431376
200,0.00022241854458115995
201,0.0005559809505939484
202,0.00018037084373645484
203,0.00025670358445495367
204,2.840218076016754e-05
205,1.976791099878028e-05
206,7.099930371623486e-05
207,9.800201223697513e-05
208,6.212349398992956e-05
209,5.906567821511999e-05
210,8.164647442754358e-05
211,3.771887713810429e-05
212,0.00029002438532188535
213,6.182976358104497e-05
214,5.14307503181044e-05
215,4.8204245103988796e-05
216,9.519951163383666e-06
217,8.391806477447972e-05
218,0.00018242886289954185
219,8.592633821535856e-05
220,1.016206806525588e-05
221,0.00017426678095944226
222,1.718865314614959e-05
223,8.028979209484532e-05
224,0.0002832969184964895
225,6.508580554509535e-05
226,0.00014266694779507816
227,5.4203919717110693e-05
228,8.277484448626637e-05
229,0.00012746619177050889
230,8.9140550699085e-05
231,2.2007716324878857e-05
232,0.0002415521303191781
233,8.198666910175234e-05
234,5.654103006236255e-05
235,2.155836955353152e-05
236,3.4042910556308925e-05
237,9.145512012764812e-05
238,0.00010196607036050409
239,3.3214470022358e-05
240,3.952566476073116e-05
241,4.2471467168070376e-05
242,4.408813765621744e-05
243,3.690518860821612e-05
244,0.0001426941016688943
245,3.511173781589605e-05
246,8.248278027167544e-05
247,0.00016748391499277204
248,0.00010754039976745844
249,1.742700806062203e-05
250,0.0001280329452129081
251,2.0988651158404537e-05
252,7.045203528832644e-05
253,5.1293820433784276e-05
254,2.9261687814141624e-05
255,9.782466804608703e-05
256,1.2175551091786474e-05
257,9.832534487941302e-06
258,0.00011720601469278336
259,1.1804227142420132e-05
260,3.355582884978503e-05
261,7.688286859774962e-05
262,6.242952804313973e-05
263,0.00017585672321729362
264,9.639380732551217e-05
265,6.844872405054048e-05
266,8.316159073729068e-05
267,5.997145126457326e-05
268,8.978597179520875e-06
269,1.7691058019408956e-05
270,8.338149200426415e-05
271,2.9337683372432366e-05
272,8.728621469344944e-05
273,7.60919283493422e-06
274,0.00012493124813772738
275,5.304300429997966e-05
276,0.00010421809565741569
277,3.6473848012974486e-05
278,0.0001612091000424698
279,3.709516749950126e-05
280,0.00010018177272286266
281,5.5150136176962405e-05
282,0.00011527044262038544
283,2.2267448002821766e-05
284,5.577401316259056e-05
285,9.997129382099956e-05
286,0.00011541819549165666
287,5.89701667195186e-05
288,7.03688056091778e-05
289,9.321079414803535e-05
290,0.00011253371485508978
291,5.338110349839553e-05
292,0.0006524748168885708
293,1.7575664969626814e-05
294,6.64984472678043e-05
295,0.00010031902638729662
296,0.0002665514184627682
297,0.00016237914678640664
298,0.0002094533119816333
299,5.863630212843418e-05
300,0.00031739292899146676
301,8.04928713478148e-05
302,0.00010905666567850858
303,0.00011124813318019733
304,3.147640381939709e-05
305,0.00034466086071915925
306,4.9019196012523025e-05
307,7.087910489644855e-05
308,8.12289072200656e-05
309,8.295170846395195e-05
310,1.581817923579365e-05
311,0.00011447066208347678
312,0.00010382308391854167
313,2.804503674269654e-05
314,1.6465739463455975e-05
315,2.023447086685337e-05
316,9.022404265124351e-05
317,5.9578938817139715e-05
318,0.00012870115460827947
319,0.00015946246276143938
320,1.6681653505656868e-05
321,0.00023182714357972145
322,5.627923019346781e-05
323,3.7521880585700274e-05
324,8.311180863529444e-05
325,8.988664922071621e-05
326,9.953618427971378e-05
327,0.00029135739896446466
328,5.3243376896716654e-05
329,2.9341714252950624e-05
330,0.0001130729797296226
331,8.322426583617926e-05
332,0.00026159919798374176
333,8.131860522553325e-05
334,1.8211963833891787e-05
335,1.5383662685053423e-05
336,2.501018752809614e-05
337,4.912856820737943e-05
338,5.010909080738202e-05
339,0.0001100020162994042
340,4.276340041542426e-05
341,1.5788027667440474e-05
342,4.019660991616547e-05
343,0.00019514528685249388
344,3.425869726925157e-05
345,8.552520739613101e-05
346,8.746940147830173e-05
347,2.5463592464802787e-05
348,0.0001374697603750974
349,3.75657036784105e-05
350,0.00017534798826090991
351,5.352369407773949e-05
352,8.219496521633118e-05
353,9.199936175718904e-05
354,4.164272831985727e-05
355,4.6640645450679585e-05
356,0.0001513998577138409
357,0.00011186602205270901
358,6.479745206888765e-05
359,2.8934415240655653e-05
360,1.3028060493525118e-05
361,6.861121801193804e-05
362,1.8486465705791488e-05
363,9.988855163101107e-05
364,9.566883818479255e-05
365,2.640867023728788e-05
366,0.00017950686742551625
367,0.00012142957712057978
368,5.012346082367003e-05
369,9.976235560316127e-06
370,4.6713099436601624e-05
371,4.956441989634186e-05
372,6.742362165823579e-05
373,8.787626575212926e-05
374,7.30404572095722e-05
375,0.00014028565783519298
376,2.5002889742609113e-05
377,1.6081823559943587e-05
378,0.0001596480724401772
379,2.4623343051644042e-05
380,4.1218889236915857e-05
381,4.6998240577522665e-05
382,0.00010591503814794123
383,6.774961366318166e-05
384,0.00010863380157388747
385,3.1781721190782264e-05
386,3.43285828421358e-05
387,4.603386332746595e-05
388,0.00014714935969095677
389,8.715565491002053e-05
390,0.00016053378931246698
391,6.979952740948647e-05
392,7.23032426321879e-05
393,8.60569707583636e-05
394,2.9652870580321178e-05
395,0.00013415826833806932
396,8.122497820295393e-05
397,2.2484247892862186e-05
398,7.962471863720566e-05
399,9.28554218262434e-05
400,2.5849631128949113e-05
401,6.101359394961037e-05
402,2.818009306793101e-05
403,9.769142343429849e-05
404,0.00015663947851862758
405,3.438696876401082e-05
406,0.000123792837257497
407,0.0001009910338325426
408,1.705227987258695e-05
409,5.087711178930476e-05
410,0.00011420836381148547
411,1.230983980349265e-05
412,0.00017104740254580975
413,6.798779941163957e-05
414,3.2303232728736475e-05
415,2.29881661653053e-05
416,6.460482109105214e-05
417,5.554281597142108e-05
418,0.00012044283357681707
419,9.4378901849268e-06
420,0.00010783460311358795
421,7.226364687085152e-05
422,6.047905480954796e-05
423,0.0001717732666293159
424,6.012904123053886e-05
425,0.0001495705364504829
426,1.001935925160069e-05
427,2.1207415557000786e-05
428,7.125102274585515e-05
429,4.226901728543453e-05
430,2.6287485525244847e-05
431,3.169498813804239e-05
432,0.00014686892973259091
433,7.564399857074022e-05
434,1.7607322661206126e-05
435,5.0344424380455166e-05
436,1.0424149877508171e-05
437,3.6379620723892e-05
438,9.811725612962618e-05
439,2.631622919579968e-05
440,1.739521394483745e-05
441,6.364617729559541e-05
442,6.100228347349912e-05
443,6.403141742339358e-05
444,1.7628637579036877e-05
445,9.166322706732899e-05
446,0.00010867060336750001
447,0.00023804290685802698
448,0.0001290279469685629
449,6.048924842616543e-05
450,5.811761366203427e-05
451,5.1343457016628236e-05
452,0.00010622135596349835
453,4.865011578658596e-05
454,8.161074947565794e-05
455,4.0659564547240734e-05
456,2.794340980472043e-05
457,0.0001224389998242259
458,8.12263460829854e-05
459,0.00019635871285572648
460,1.2018797860946506e-05
461,2.4221822968684137e-05
462,0.0001895555469673127
463,8.303485810756683e-05
464,0.00012556047295220196
465,0.00013093659072183073
466,8.409595466218889e-06
467,1.0765466868178919e-05
468,0.0001275262766284868
469,0.00010507223487365991
470,1.4048155208001845e-05
471,0.00024282372032757849
472,1.981026798603125e-05
473,3.771860428969376e-05
474,2.2737203835276887e-05
475,5.325731763150543e-05
476,0.000143119934364222
477,1.2792171219189186e-05
478,7.564318366348743e-05
479,2.4566001229686663e-05
480,0.0003203170490451157
481,7.509966962970793e-05
482,0.00015222359797917306
483,2.0698282241937704e-05
484,0.0001104349285014905
485,0.00010655084042809904
486,0.00014804159582126886
487,0.00011474793427623808
488,1.5254101526807062e-05
489,4.475692185224034e-05
490,0.00012197207979625091
491,0.00012148230598540977
492,0.0001545024279039353
493,8.046021685004234e-05
494,1.7256561477552168e-05
495,3.6028039176017046e-05
496,8.295682346215472e-05
497,9.169997611024883e-06
498,1.3424898497760296e-05
499,2.421771569061093e-05
500,4.7334018745459616e-05
501,0.0001555690250825137
502,6.99535958119668e-05
503,7.7642391261179e-05
504,3.321395342936739e-05
505,6.182458309922367e-05
506,8.730244007892907e-05
507,8.405307016801089e-05
508,0.0001250705390702933
509,0.00012489536311477423
510,0.00016996896010823548
511,0.000133258115965873
512,1.728229472064413e-05
513,2.9113773052813485e-05
514,0.0004088251735083759
515,9.152168058790267e-05
516,1.772353789419867e-05
517,5.267962842481211e-05
518,3.922256291843951e-05
519,9.364259312860668e-05
520,1.8230251953355037e-05
521,0.00018797998200170696
522,2.018043232965283e-05
523,8.885561692295596e-05
524,2.640311504364945e-05
525,4.6088960516499355e-05
526,4.0875020204111934e-05
527,5.025390419177711e-05
528,0.00012131876428611577
529,2.3738004529150203e-05
530,4.932609590468928e-05
531,0.00020168500486761332
532,9.754498751135543e-05
533,6.174689042381942e-05
534,5.93762488279026e-05
535,0.00013600233069155365
536,0.00020883070828858763
537,4.4459247874328867e-05
538,0.0001609443424968049
539,0.0001595676876604557
540,1.9525252355379052e-05
541,6.453129753936082e-05
542,2.190148370573297e-05
543,4.411763802636415e-05
544,4.3300904508214444e-05
545,2.0551224224618636e-05
546,2.4090884835459292e-05
547,9.277393110096455e-05
548,0.00010519746865611523
549,7.068779086694121e-05
550,5.203348337090574e-05
551,6.57701602904126e-05
552,0.00012099230661988258
553,4.359126614872366e-05
554,0.00012744736159220338
555,3.179506893502548e-05
556,0.00016522855730727315
557,1.0735460818978027e-05
558,0.0001650655030971393
559,8.502948912791908e-05
560,0.00011349712440278381
561,3.903584001818672e-05
562,5.9093476011184976e-05
563,6.760116957593709e-05
564,0.0002614944241940975
565,9.768760355655104e-05
566,5.4505311709363014e-05
567,9.419239358976483e-05
568,6.525823846459389e-05
569,1.0571120583335869e-05
570,5.458228042698465e-05
571,5.004506965633482e-05
572,9.485581540502608e-05
573,9.042334568221122e-05
574,0.0002000973909161985
575,0.00013610906898975372
576,0.00011665773490676656
577,0.00010807543731061742
578,7.089650898706168e-05
579,4.438983523868956e-05
580,3.51970229530707e-05
581,2.2159199943416752e-05
582,2.1745347112300806e-05
583,4.419113975018263e-05
584,0.00018366388394497335
585,3.6467543395701796e-05
586,1.6097614206955768e-05
587,2.5816027118708007e-05
588,4.9779857363319024e-05
589,4.790673483512364e-05
590,0.00010246192687191069
591,0.00015338946832343936
592,0.00012634684389922768
593,0.0001744299370329827
594,6.857763219159096e-05
595,6.96764764143154e-05
596,5.525646702153608e-05
597,8.40619468363002e-05
598,0.00011814788012998179
599,6.210288847796619e-05
600,6.898556603118777e-05
601,0.00014151918003335595
602,9.725167910801247e-05
603,9.219255298376083e-05
604,4.4787211663788185e-05
605,0.00012048729695379734
606,0.00012778560630977154
607,5.2375311497598886e-05
608,2.1247116819722578e-05
609,2.093488728860393e-05
610,8.13517181086354e-06
611,8.611252997070551e-05
612,4.501651710597798e-05
613,0.00011747534153982997
614,4.291750519769266e-05
615,0.0003486149071250111
616,1.1502686902531423e-05
617,0.00023549640900455415
618,0.00011829600407509133
619,6.104870408307761e-05
620,5.3339033911470324e-05
621,0.00011957698734477162
622,5.7102468417724594e-05
623,0.0001657271641306579
624,2.6961157345795073e-05
625,9.307927393820137e-05
626,3.6195648135617375e-05
627,0.00011710747639881447
628,1.2961360880581196e-05
629,2.8619855584111065e-05
630,0.00015005565364845097
631,8.446587162325159e-05
632,6.015718827256933e-05
633,7.616273069288582e-05
634,2.2427391741075553e-05
635,8.00700145191513e-05
636,3.93127411371097e-05
637,5.136624167789705e-05
638,0.00013880833284929395
639,5.277643504086882e-05
640,8.672859257785603e-05
641,0.0001659552799537778
642,4.585872738971375e-05
643,1.7550812117406167e-05
644,2.58248983300291e-05
645,3.217024277546443e-05
646,7.198075763881207e-05
647,2.052029776677955e-05
648,6.829311314504594e-05
649,4.166491999058053e-05
650,0.00010348106297897175
651,5.432649049907923e-05
652,0.00011159315181430429
653,0.00021357732475735247
654,0.00018714502220973372
655,6.352050695568323e-05
656,1.5682348021073267e-05
657,0.00017713152919895947
658,0.00010402340558357537
659,1.5064506442286074e-05
660,2.804044561344199e-05
661,4.8751855501905084e-05
662,8.755723683862016e-05
663,4.4027387048117816e-05
664,4.479059862205759e-05
665,3.4600197977852076e-05
666,9.006509208120406e-05
667,2.166455851693172e-05
668,0.00011254737910348922
669,2.148460225726012e-05
670,9.424299787497148e-05
671,7.344603363890201e-05
672,3.2729898521211e-05
673,0.00015773159975651652
674,8.760543278185651e-05
675,0.00018711460870690644
676,6.103829946368933e-05
677,2.8115689929109067e-05
678,2.1893045413889922e-05
679,4.284511669538915e-05
680,5.245301144896075e-05
681,0.00017780782945919782
682,8.037296356633306e-05
683,5.98904189246241e-05
684,9.422398579772562e-05
685,3.398412809474394e-05
686,5.437195795821026e-05
687,1.6626845535938628e-05
688,9.069743100553751e-05
689,1.0209720130660571e-05
690,0.00018467145855538547
691,0.0001284019963350147
692,1.0015072803071234e-05
693,1.9575249098124914e-05
694,0.00021982737234793603
695,4.1460203647147864e-05
696,4.986449857824482e-05
697,5.776001853519119e-05
698,9.57965457928367e-05
699,0.000123088393593207
700,0.00029111834010109305
701,1.9738956325454637e-05
702,3.5588709579315037e-05
703,3.6306239053374156e-05
704,5.6534259783802554e-05
705,0.0002096257812809199
706,7.655642548343167e-05
707,3.261563688283786e-05
708,6.85948325553909e-05
709,7.156757055781782e-05
710,0.00015690751024521887
711,7.828431989764795e-06
712,6.405880412785336e-05
713,3.825607564067468e-05
714,3.967170414398424e-05
715,5.979909474262968e-05
716,2.6827299734577537e-05
717,0.00013375861453823745
718,1.644501753617078e-05
719,0.00036728300619870424
720,3.2123378332471475e-05
721,3.083695628447458e-05
722,1.4720728358952329e-05
723,1.0436758202558849e-05
724,1.4228009604266845e-05
725,4.6233679313445464e-05
726,1.8933093087980524e-05
727,1.5634290321031585e-05
728,6.512711115647107e-05
729,6.688787834718823e-05
730,5.589666216110345e-06
731,0.00015873825759626925
732,6.219062197487801e-05
733,3.16257901431527e-05
734,4.068214911967516e-05
735,0.0001591875043231994
736,2.0945830328855664e-05
737,1.840851837187074e-05
738,2.321475767530501e-05
739,5.233256524661556e-05
740,9.66736552072689e-05
741,9.936877177096903e-05
742,5.975443127681501e-05
743,4.4716398406308144e-05
744,0.00010228670726064593
745,5.501519990502857e-05
746,2.7002839487977326e-05
747,2.1851308702025563e-05
748,3.3666303352219984e-05
749,9.533566480968148e-05
750,3.451223892625421e-05
751,5.300218617776409e-05
752,0.0001259379496332258
753,6.419511919375509e-05
754,5.0302332965657115e-05
755,0.00010880568879656494
756,7.305038161575794e-05
757,9.119588503381237e-05
758,9.782443521544337e-05
759,4.010280463262461e-05
760,0.00024234253214672208
761,1.62068463396281e-05
762,4.5390457671601325e-05
763,0.00027469900669530034
764,0.0002130803477484733
765,1.5430992789333686e-05
766,0.0001654625084483996
767,0.00013340561417862773
768,3.091438702540472e-05
769,0.00012572144623845816
770,5.4023374104872346e-05
771,8.23502559796907e-05
772,6.089919406804256e-05
773,2.6663125026971102e-05
774,6.348843453451991e-05
775,3.0187644370016642e-05
776,3.053777618333697e-05
777,9.959343151422217e-05
778,0.0003002836019732058
779,9.799309191294014e-05
780,2.5530840503051877e-05
781,4.60518931504339e-05
782,9.533981938147917e-05
783,2.0160372514510527e-05
784,1.1677428119583055e-05
785,4.700512363342568e-05
786,0.00013642263365909457
787,2.1149124222574756e-05
788,4.321993765188381e-05
789,7.521084626205266e-05
790,0.00028915138682350516
791,1.5929839719319716e-05
792,4.873488796874881e-05
793,3.733782796189189e-05
794,5.658176087308675e-05
795,0.0002331236028112471
796,0.00014665481285192072
797,9.370635234517977e-05
798,2.0042178221046925e-05
799,4.8440153477713466e-05
800,1.3969813153380528e-05
801,0.0001911346334964037
802,0.0001278738782275468
803,8.773909212322906e-05
804,3.337807720527053e-05
805,7.941736839711666e-05
806,4.609224197338335e-05
807,4.53453030786477e-05
808,0.00020878971554338932
809,4.5295975724002346e-05
810,0.0001900764473248273
811,0.00014637780259363353
812,8.723406790522859e-05
813,2.0797910110559314e-05
814,6.542351911775768e-05
815,9.448581840842962e-05
816,0.00016544279060326517
817,3.426776675041765e-05
818,7.419797475449741e-05
819,2.168600076402072e-05
820,2.360060352657456e-05
821,0.00015155751316342503
822,0.00024408253375440836
823,5.339391645975411e-05
824,0.00010033659054897726
825,0.00010515382746234536
826,1.2975960999028757e-05
827,1.3304385902301874e-05
828,2.220954411313869e-05
829,0.0001530575391370803
830,2.8536453100969084e-05
831,0.00015102463657967746
832,2.7409316317061894e-05
833,4.926584369968623e-05
834,3.829741763183847e-05
835,2.882867011066992e-05
836,0.00026925368001684546
837,9.270547889173031e-05
838,6.285106064751744e-05
839,7.270595233421773e-05
840,0.00010761561861727387
841,0.00012492964742705226
842,5.100329144624993e-05
843,8.88533832039684e-05
844,0.0001310862135142088
845,3.70606139767915e-05
846,9.024013706948608e-05
847,0.00011588929919525981
848,0.00018670418648980558
849,0.00011945178266614676
850,8.519185212207958e-05
851,5.3299616411095485e-05
852,0.00013964153185952455
853,6.0247068176977336e-05
854,0.00013392718392424285
855,3.206986002624035e-05
856,9.049521759152412e-05
857,4.507402263698168e-05
858,0.00016374216647818685
859,9.882054655463435e-06
860,6.17721161688678e-05
861,0.00017255896818824112
862,5.248148590908386e-05
863,1.9796636479441077e-05
864,0.00028423001640476286
865,3.428875788813457e-05
866,6.11591458437033e-05
867,0.0001399549510097131
868,0.00011086335143772885
869,4.727941268356517e-05
870,5.906119986320846e-05
871,6.469531217589974e-05
872,0.0001524614344816655
873,8.006366260815412e-05
874,1.4918714441591874e-05
875,7.714072125963867e-05
876,4.624066787073389e-05
877,6.039907020749524e-05
878,9.671931911725551e-05
879,1.8202266801381484e-05
880,4.299942884244956e-05
881,0.0001478756603319198
882,7.697138789808378e-05
883,1.6119352949317545e-05
884,2.1901945729041472e-05
885,8.499297109665349e-06
886,3.699368244269863e-05
887,0.0001604453136678785
888,9.224074892699718e-05
889,2.8881480830023065e-05
890,3.684924013214186e-05
891,1.1114452718175016e-05
892,9.59082244662568e-05
893,5.3088875574758276e-05
894,4.528498902800493e-05
895,0.0001552591857034713
896,7.589161396026611e-05
897,3.235507392673753e-05
898,5.106938260723837e-05
899,3.1122683139983565e-05
900,0.00011928437015740201
901,3.0304665415314957e-05
902,9.412699728272855e-05
903,2.3111957489163615e-05
904,1.895976674859412e-05
905,0.00012228108244016767
906,5.063852222519927e-05
907,4.6701039536856115e-05
908,1.1982770047325175e-05
909,4.310332587920129e-05
910,2.7730206056730822e-05
911,5.813107418362051e-05
912,7.207923044916242e-05
913,6.285634299274534e-05
914,8.106781751848757e-05
915,1.3024119652982336e-05
916,5.269001121632755e-05
917,3.4469194361008704e-05
918,0.00014010834274813533
919,5.074906221125275e-05
920,7.422686030622572e-05
921,1.705567046883516e-05
922,1.4445668057305738e-05
923,5.577485717367381e-05
924,4.4191117922309786e-05
925,6.192998262122273e-05
926,5.889944441150874e-05
927,4.3184205424040556e-05
928,3.198936610715464e-05
929,1.1089840882050339e-05
930,0.00026355538284406066
931,1.5161544069997035e-05
932,4.0671820897841826e-05
933,0.00019529588462319225
934,6.195987953105941e-05
935,0.00012038553541060537
936,7.690839993301779e-05
937,4.6498706069542095e-05
938,1.3539432984543964e-05
939,5.413679173216224e-05
940,9.927096834871918e-05
941,1.524558956589317e-05
942,3.9380531234201044e-05
943,1.5922994862194173e-05
944,2.747736289165914e-05
945,4.436360177351162e-05
946,0.0001817765150917694
947,8.325533417519182e-05
948,7.590792665723711e-05
949,0.00019554774917196482
950,5.064516153652221e-05
951,3.4853332181228325e-05
952,2.455068170093e-05
953,2.3916982172522694e-05
954,0.0003593898727558553
955,0.00011143091251142323
956,0.0001631213235668838
957,3.9922069845488295e-05
958,4.489476123126224e-05
959,0.00011882259423146024
960,9.96462840703316e-05
961,8.052957855397835e-05
962,8.509641338605434e-05
963,4.651587369153276e-05
964,0.00013272023352328688
965,0.00022941463976167142
966,6.447322084568441e-05
967,0.00022168614668771625
968,0.00011647996143437922
969,4.477011680137366e-05
970,0.00018515728879719973
971,0.00020980159752070904
972,0.00012243579840287566
973,0.00013499450869858265
974,0.0001929182471940294
975,1.844618600443937e-05
976,8.646747301099822e-05
977,5.993670492898673e-05
978,7.126077980501577e-05
979,0.00015595545119140297
980,4.461705611902289e-05
981,6.928110087756068e-05
982,0.00011533823271747679
983,4.748093488160521e-05
984,0.00013137258065398782
985,1.633761712582782e-05
986,2.5108580302912742e-05
987,9.193665027851239e-05
988,7.367103535216302e-05
989,2.9730053938692436e-05
990,4.8336754844058305e-05
991,8.446414722129703e-05
992,0.00013665668666362762
993,3.716700302902609e-05
994,0.00014922526315785944
995,8.386791159864515e-05
996,4.391778202261776e-05
997,9.566027438268065e-05
998,0.00023371972201857716
999,6.167115498101339e-05
1000,0.00011561322025954723
1001,0.00010343028407078236
1002,0.00012481003068387508
1003,1.6746977053117007e-05
1004,2.339044658583589e-05
1005,9.698169014882296e-05
1006,8.283622446469963e-05
1007,5.510832852451131e-05
1008,0.0001421608030796051
1009,6.681782542727888e-05
1010,1.643643554416485e-05
1011,4.144966624153312e-06
1012,3.1890787795418873e-05
1013,0.00014722112973686308
1014,0.00014686852227896452
1015,0.0001639210677240044
1016,6.00958192080725e-05
1017,0.00018481063307262957
1018,2.2296135284705088e-05
1019,6.691573071293533e-05
1020,2.1040708816144615e-05
1021,8.267373777925968e-05
1022,2.2172898752614856e-05
1023,5.930526458541863e-05
1024,2.5066070520551875e-05
1025,6.510231469292194e-05
1026,5.6049109844025224e-05
1027,0.0002629767404869199
1028,5.3043444495415315e-05
1029,5.717307794839144e-05
1030,0.0001763729378581047
1031,7.591904432047158e-05
1032,0.00018347664445172995
1033,2.4169774405891076e-05
1034,0.00012127104855608195
1035,0.00014363916125148535
1036,0.00011388103303033859
1037,7.402213668683544e-05
1038,5.0720635044854134e-05
1039,6.566171941813082e-05
1040,5.7078701502177864e-05
1041,2.6666712074074894e-05
1042,2.8325226594461128e-05
1043,2.2756954422220588e-05
1044,8.200619777198881e-05
1045,4.957702549290843e-05
1046,4.951723531121388e-05
1047,0.00010622341505950317
1048,3.7621575756929815e-05
1049,3.0486904506688006e-05
1050,6.325239519355819e-05
1051,6.787624442949891e-05
1052,0.0001854178262874484
1053,4.8712376155890524e-05
1054,0.00010549159196671098
1055,0.00014822749653831124
1056,1.407867603120394e-05
1057,8.265567885246128e-05
1058,3.405455208849162e-05
1059,5.1899645768571645e-05
1060,0.0002334996679564938
1061,7.483454828616232e-05
1062,3.234144242014736e-05
1063,7.965914846863598e-06
1064,7.366504723904654e-05
1065,2.4602846679044887e-05
1066,5.8203549997415394e-05
1067,0.00013982201926410198
1068,7.852181443013251e-05
1069,2.998479612870142e-05
1070,1.1399119102861732e-05
1071,8.12997532193549e-05
1072,0.00011571810318855569
1073,9.13712865440175e-05
1074,1.9347093257238157e-05
1075,7.388857920886949e-05
1076,4.4175121729495004e-05
1077,4.371098111732863e-05
1078,7.293172529898584e-05
1079,8.432775211986154e-05
1080,0.00018688614363782108
1081,6.021957960911095e-05
1082,4.789231752511114e-05
1083,0.00023775192676112056
1084,3.591962740756571e-05
1085,2.962873986689374e-05
1086,4.584007547236979e-05
1087,8.405198968830518e-06
1088,3.776461380766705e-05
1089,9.710602898849174e-05
1090,1.7954298527911305e-05
1091,0.0001440767664462328
1092,6.281545211095363e-05
1093,8.148965571308509e-05
1094,6.759037205483764e-05
1095,0.0001626234588911757
1096,0.00011320877092657611
1097,0.0001247684413101524
1098,8.56221085996367e-05
1099,8.65796027937904e-05
1100,0.00012111451360397041
1101,0.00019762547162827104
1102,8.73010721988976e-05
1103,1.940965921676252e-05
1104,2.099599441862665e-05
1105,2.1354946511564776e-05
1106,0.00010609049058984965
1107,4.4178708776598796e-05
1108,0.0002327732800040394
1109,0.0001327165518887341
1110,8.215862180804834e-05
1111,5.493177377502434e-05
1112,6.980816397117451e-05
1113,0.00010733963426901028
1114,1.1337785508658271e-05
1115,4.393660128698684e-05
1116,0.00014314809232018888
1117,5.089331170893274e-05
1118,9.778206003829837e-05
1119,3.5491466405801475e-05
1120,1.4337707398226485e-05
1121,7.6613127021119e-05
1122,8.026538125704974e-05
1123,1.4397741324501112e-05
1124,6.522262992803007e-05
1125,1.424038600816857e-05
1126,0.0001062553928932175
1127,6.320814281934872e-05
1128,8.873057959135622e-05
1129,0.00010286114411428571
1130,2.3059003069647588e-05
1131,0.00014132836076896638
1132,4.2230331018799916e-05
1133,0.00010151313472306356
1134,2.9352142519201152e-05
1135,4.7022782382555306e-05
1136,0.00011005337728420272
1137,2.624695116537623e-05
1138,0.00012157397577539086
1139,4.574993363348767e-05
1140,5.783828964922577e-05
1141,6.2851861002855e-05
1142,2.1576050130533986e-05
1143,3.192633084836416e-05
1144,5.119469642522745e-05
1145,0.00013278803089633584
1146,4.670183261623606e-05
1147,4.114023977308534e-05
1148,0.0002463430864736438
1149,4.0148119296645746e-05
1150,6.371090421453118e-05
1151,0.00013722851872444153
1152,5.344439341570251e-05
1153,3.109250246779993e-05
1154,0.0002276865707244724
1155,7.907591498224065e-05
1156,0.0001594072673469782
1157,6.425866740755737e-05
1158,4.04341408284381e-05
1159,0.0003241758968215436
1160,9.178956679534167e-05
1161,0.00019462165073491633
1162,7.442884816555306e-05
1163,2.483233402017504e-05
1164,4.919345519738272e-05
1165,0.00015122049080673605
1166,0.00010163863771595061
1167,0.00016959899221546948
1168,9.162957212538458e-06
1169,8.540338603779674e-05
1170,5.773095472250134e-05
1171,1.958881512109656e-05
1172,9.300856618210673e-05
1173,7.39381939638406e-05
1174,4.138515214435756e-05
1175,7.051511784084141e-05
1176,0.00019745228928513825
1177,0.00018775627540890127
1178,0.00018886908947024494
1179,0.0002674488350749016
1180,6.37927369098179e-05
1181,6.368676258716732e-05
1182,4.890775744570419e-05
1183,0.00010879203182412311
1184,8.248351514339447e-05
1185,8.722267921257298e-06
1186,2.3551050617243163e-05
1187,6.323041452560574e-05
1188,0.00016408125520683825
1189,0.00014006404671818018
1190,0.00014234163973014802
1191,0.00010615419887471944
1192,1.6539286662009545e-05
1193,3.2832002034410834e-05
1194,0.0001211652415804565
1195,3.447491326369345e-05
1196,2.5514404114801437e-05
1197,0.0001516511256340891
1198,1.4355749044625554e-05
1199,5.6868375395424664e-05
1200,7.700068817939609e-05
1201,2.5357860067742877e-05
1202,4.2041334381792694e-05
1203,0.00010845500219147652
1204,4.5125991164240986e-05
1205,5.910314939683303e-05
1206,0.00014273214037530124
1207,2.4756696802796796e-05
1208,1.9971086658188142e-05
1209,4.927591362502426e-05
1210,1.1420479495427571e-05
1211,9.112912812270224e-05
1212,9.766400762600824e-05
1213,0.000103886763099581
1214,0.00010215296788373962
1215,1.6112495359266177e-05
1216,2.8278040190343745e-05
1217,5.723928916268051e-05
1218,5.374662214308046e-05
1219,5.366993718780577e-05
1220,8.050573524087667e-05
1221,0.00011067805462516844
1222,7.634512439835817e-05
1223,7.013485446805134e-05
1224,8.069450268521905e-05
1225,3.84213199140504e-05
1226,0.00010064537491416559
1227,0.00019291341595817357
1228,0.0001346344652120024
1229,1.0213523637503386e-05
1230,9.214691090164706e-05
1231,5.6902659707702696e-05
1232,3.155578451696783e-05
1233,0.0001326045166933909
1234,3.59887708327733e-05
1235,0.0001335043489234522
1236,1.143821282312274e-05
1237,0.00012938427971675992
1238,0.00031370396027341485
1239,8.793622691882774e-05
1240,0.00011554356024134904
1241,5.150644574314356e-05
1242,0.00020192799274809659
1243,8.047776645980775e-05
1244,4.400745820021257e-05
1245,7.007103704381734e-05
1246,3.6622444895328954e-05
1247,0.00011987960897386074
1248,4.2074807424796745e-05
1249,0.00022653318592347205
1250,4.206551602692343e-05
1251,4.616979640559293e-05
1252,1.510809306637384e-05
1253,7.041596836643293e-05
1254,5.9423928178148344e-05
1255,1.1015407835657243e-05
1256,4.878615072811954e-05
1257,3.39298348990269e-05
1258,1.0754703907878138e-05
1259,7.58970418246463e-05
1260,2.181832678616047e-05
1261,0.00013640409451909363
1262,9.182843496091664e-05
1263,3.51321286871098e-05
1264,4.8372679884778336e-05
1265,4.229486876283772e-05
1266,3.669299985631369e-05
1267,8.865614654496312e-05
1268,1.5430776329594664e-05
1269,3.327076410641894e-05
1270,0.00013088231207802892
1271,0.00018740168889053166
1272,2.671780384844169e-05
1273,0.00011264986824244261
1274,1.841463745222427e-05
1275,9.222565859090537e-05
1276,2.4309065338457003e-05
1277,1.2685354704444762e-05
1278,5.073098873253912e-05
1279,0.00012183553917566314
1280,5.9294347011018544e-05
1281,0.00010577730427030474
1282,2.0258812583051622e-05
1283,3.385498348507099e-05
1284,6.123243656475097e-05
1285,7.51473126001656e-05
1286,1.563276964589022e-05
1287,3.992528945673257e-05
1288,7.19669769750908e-05
1289,1.2582951057993341e-05
1290,0.00019796911510638893
1291,9.217647311743349e-05
1292,0.00032065220875665545
1293,0.0001334977278020233
1294,7.779958832543343e-05
1295,2.9932736651971936e-05
1296,5.3376970754470676e-05
1297,3.167406975990161e-05
1298,9.836851677391678e-05
1299,7.127384014893323e-05
1300,0.0001455832680221647
1301,4.3160951463505626e-05
1302,0.0002949659829027951
1303,5.4608890422969125e-06
1304,1.0551739251241088e-05
1305,1.6886941011762246e-05
1306,2.4717966880416498e-05
1307,0.0002165278565371409
1308,6.744126585545018e-05
1309,0.00018463098967913538
1310,3.8099118683021516e-05
1311,8.519392576999962e-05
1312,8.595576946390793e-05
1313,3.657875640783459e-05
1314,0.00019484965014271438
1315,0.00013906809908803552
1316,8.941779015003704e-06
1317,1.161684122052975e-05
1318,0.00022171047748997808
1319,3.542193371686153e-05
1320,1.6582993339397945e-05
1321,5.777526166639291e-05
1322,3.0312578019220382e-05
1323,0.00014681847824249417
1324,8.461094694212079e-05
1325,0.0001013184228213504
1326,1.791408794815652e-05
1327,7.85425345384283e-06
1328,3.9713908336125314e-05
1329,6.307695002760738e-05
1330,5.0130271119996905e-05
1331,8.81858286447823e-05
1332,1.4961596207285766e-05
1333,1.2973663615412079e-05
1334,5.306932871462777e-05
1335,5.144314491190016e-05
1336,6.0762053180951625e-05
1337,0.0003278609656263143
1338,1.696675826678984e-05
1339,0.0001277428527828306
1340,8.60175205161795e-05
1341,0.00020811545255128294
1342,0.0001983818074222654
1343,0.00013942421355750412
1344,0.000167349906405434
1345,1.192300442198757e-05
1346,8.954814984463155e-05
1347,5.6305641919607297e-05
1348,4.674265073845163e-05
1349,3.302731420262717e-05
1350,7.089221617206931e-05
1351,4.3580668716458604e-05
1352,0.00012304275878705084
1353,4.677446122514084e-05
1354,0.00021681067300960422
1355,7.928878767415881e-05
1356,0.00012926143244840205
1357,1.454895937058609e-05
1358,3.631764411693439e-05
1359,5.095895903650671e-05
1360,0.0002488856262061745
1361,1.969099321286194e-05
1362,7.903605364845134e-06
1363,1.2033135135425255e-05
1364,7.008771353866905e-05
1365,4.873805301031098e-05
1366,2.6813371732714586e-05
1367,8.516306115780026e-05
1368,0.00014204689068719745
1369,4.6375454985536635e-05
1370,4.929534043185413e-05
1371,3.893758184858598e-05
1372,0.00017171386571135372
1373,2.1321620806702413e-05
1374,0.00016615912318229675
1375,0.0001373033446725458
1376,0.0001788595982361585
1377,5.2751707698917016e-05
1378,1.646429518586956e-05
1379,8.272836566902697e-05
1380,7.492308941436931e-05
1381,6.440962897613645e-05
1382,0.00010113470489159226
1383,9.555510769132525e-05
1384,5.95071651332546e-05
1385,6.282915273914114e-05
1386,6.863931776024401e-05
1387,4.761722084367648e-05
1388,4.576469655148685e-05
1389,4.951212031301111e-05
1390,0.00016701177810318768
1391,3.4136028261855245e-05
1392,3.491796087473631e-05
1393,2.384066829108633e-05
1394,7.31621912564151e-05
1395,0.00041646731551736593
1396,7.644087600056082e-05
1397,0.00015864489250816405
1398,1.1956302842008881e-05
1399,0.0001333780965069309
1400,2.5034471036633477e-05
1401,5.9451209381222725e-05
1402,9.942117321770638e-05
1403,2.0018745999550447e-05
1404,7.134812767617404e-05
1405,1.4527069652103819e-05
1406,4.530717706074938e-05
1407,0.00021987762011121958
1408,4.1041399526875466e-05
1409,5.596160190179944e-05
1410,3.912948159268126e-05
1411,1.4401207408809569e-05
1412,1.1865900887642056e-05
1413,7.623337296536192e-05
1414,9.828103065956384e-05
1415,2.941631100839004e-05
1416,2.6539501050137915e-05
1417,8.578978304285556e-05
1418,8.39153362903744e-05
1419,4.423670543474145e-05
1420,9.360391413792968e-05
1421,5.48218195035588e-05
1422,0.00011054177593905479
1423,2.217954897787422e-05
1424,3.270385059295222e-05
1425,7.848827954148874e-05
1426,0.00013831048272550106
1427,5.356051406124607e-05
1428,0.0001339253649348393
1429,7.191362965386361e-05
1430,6.585109804291278e-05
1431,2.945182131952606e-05
1432,8.626481576357037e-05
1433,7.164372073020786e-05
1434,6.258717621676624e-05
1435,3.815888339886442e-05
1436,7.962738163769245e-05
1437,0.00011009148875018582
1438,1.663125840423163e-05
1439,0.00014477461809292436
1440,4.190588151686825e-05
1441,0.00018786036525852978
1442,7.409376121358946e-05
1443,1.2799050637113396e-05
1444,7.275053940247744e-05
1445,5.895838694414124e-05
1446,9.486040653428063e-05
1447,6.048411160008982e-05
1448,2.5698869649204426e-05
1449,3.069603553740308e-05
1450,0.00011115096276625991
1451,0.00012167057866463438
1452,0.0001056666806107387
1453,2.8783955713151954e-05
1454,9.076486458070576e-05
1455,3.176152313244529e-05
1456,7.876647032389883e-06
1457,3.94816197513137e-05
1458,5.8885463658953086e-05
1459,1.6640762623865157e-05
1460,1.5524296031799167e-05
1461,5.742884968640283e-05
1462,0.00012689983122982085
1463,5.129565397510305e-05
1464,3.514686250127852e-05
1465,5.1787279517157e-05
1466,1.1505130714795087e-05
1467,9.185155795421451e-05
1468,9.315639908891171e-05
1469,8.466965664410964e-05
1470,6.194820161908865e-05
1471,2.525853597035166e-05
1472,4.464290032046847e-05
1473,2.641025639604777e-05
1474,3.620828647399321e-05
1475,0.0001071929291356355
1476,3.070344610023312e-05
1477,5.2389546908671036e-05
1478,4.4036481995135546e-05
1479,0.0001846378727350384
1480,0.00014481735706795007
1481,6.213912274688482e-05
1482,1.2039687135256827e-05
1483,2.2759713829145767e-05
1484,0.00020660925656557083
1485,0.00012197373143862933
1486,8.334798621945083e-05
1487,7.050948624964803e-05
1488,5.7889046729542315e-05
1489,0.00014547817409038544
1490,0.00012263523240108043
1491,0.00011044918210245669
1492,0.00013427577505353838
1493,3.498829755699262e-05
1494,3.0562317988369614e-05
1495,5.735544255003333e-05
1496,5.099421105114743e-05
1497,3.831101639661938e-05
1498,0.00011671826359815896
1499,6.686649430776015e-05
1500,8.103063009912148e-05
1501,7.729895878583193e-05
1502,4.5083274017088115e-05
1503,1.5368428648798726e-05
1504,1.3662187484442256e-05
1505,0.00013748780474998057
1506,0.0001445637462893501
1507,0.0007219408871605992
1508,5.8927689678967e-05
1509,2.0195844626869075e-05
1510,0.00019786012126132846
1511,5.425164636108093e-05
1512,9.153518476523459e-05
1513,1.6433887140010484e-05
1514,6.706306157866493e-05
1515,1.5212894140859134e-05
1516,8.826890552882105e-05
1517,0.0001670045603532344
1518,3.517074219416827e-05
1519,5.213244730839506e-05
1520,5.5092434195103124e-05
1521,8.835089101921767e-05
1522,1.898320988402702e-05
1523,2.327570109628141e-05
1524,2.0780444174306467e-05
1525,0.0001503888051956892
1526,2.781906005111523e-05
1527,5.183487155591138e-05
1528,7.57270900066942e-05
1529,0.00015532653196714818
1530,5.083657015347853e-05
1531,6.449306056310888e-06
1532,5.1843606343027204e-05
1533,6.207798287505284e-05
1534,0.00010979417129419744
1535,0.00019755693210754544
1536,0.00012531992979347706
1537,1.7713027773424983e-05
1538,5.190515366848558e-05
1539,8.361873187823221e-05
1540,1.4163019841362257e-05
1541,3.812269642367028e-05
1542,5.100356065668166e-05
1543,9.52447735471651e-05
1544,5.1451010222081095e-05
1545,3.291106258984655e-05
1546,1.3806285096507054e-05
1547,4.497354893828742e-05
1548,0.00011914636706933379
1549,6.303448753897101e-05
1550,8.31359502626583e-05
1551,7.602661207783967e-05
1552,7.71447375882417e-05
1553,1.603781129233539e-05
1554,0.00019260788394603878
1555,8.704826177563518e-05
1556,6.34257448837161e-05
1557,4.010116390418261e-05
1558,5.613922621705569e-05
1559,0.00010454541916260496
1560,4.5268483518157154e-05
1561,0.00025168544379994273
1562,5.700364272342995e-05
1563,0.00014841773372609168
1564,2.845020753738936e-05
1565,5.556010364671238e-05
1566,5.8793437347048894e-05
1567,2.0546191080939025e-05
1568,1.411258926964365e-05
1569,3.260255834902637e-05
1570,0.00018173990247305483
1571,1.141365100920666e-05
1572,0.00010356673737987876
1573,6.975991709623486e-05
1574,7.178646046668291e-05
1575,8.415913180215284e-05
1576,4.8238172894343734e-05
1577,5.244285421213135e-05
1578,0.00040504999924451113
1579,8.95331977517344e-05
1580,2.6886278646998107e-05
1581,9.123135532718152e-05
1582,1.4168137568049133e-05
1583,2.1079202269902453e-05
1584,0.000400479999370873
1585,0.00015635584713891149
1586,0.00016252428758889437
1587,0.00016924645751714706
1588,3.246256528655067e-05
1589,9.375847002957016e-05
1590,5.673709438269725e-06
1591,3.1110499548958614e-05
1592,1.9979819626314566e-05
1593,3.356404340593144e-05
1594,4.584075213642791e-05
1595,0.0001635373046156019
1596,0.00024243356892839074
1597,9.792470336833503e-06
1598,2.136236071237363e-05
1599,2.3392531147692353e-05
1600,7.236275268951431e-05
1601,0.00010986161942128092
1602,9.046007471624762e-05
1603,0.0001891909632831812
1604,1.4644467228208669e-05
1605,0.00014686668873764575
1606,7.971300510689616e-05
1607,2.53355065069627e-05
1608,6.5339977481926326e-06
1609,0.000141261174576357
1610,0.00010412975825602189
1611,7.051313150441274e-05
1612,0.0001090724763344042
1613,1.7250378732569516e-05
1614,0.00012702378444373608
1615,0.00026577903190627694
1616,6.017377017997205e-05
1617,2.7235757443122566e-05
1618,1.580452772032004e-05
1619,0.0001870666746981442
1620,5.676076398231089e-05
1621,4.40562616859097e-05
1622,7.128461584215984e-05
1623,3.7469428207259625e-05
1624,7.709975761827081e-05
1625,7.410135003738105e-05
1626,0.0001038720365613699
1627,5.514091026270762e-05
1628,3.0829134630039334e-05
1629,0.00010285196185577661
1630,2.388742177572567e-05
1631,6.857745029265061e-05
1632,0.00010859519534278661
1633,1.8081800590152852e-05
1634,1.949827856151387e-05
1635,9.951253014151007e-05
1636,8.173668175004423e-05
1637,0.00018114586418960243
1638,3.484389162622392e-05
1639,8.246455399785191e-05
1640,0.00012109161616535857
1641,0.00010548163118073717
1642,4.347651338321157e-05
1643,4.579211235977709e-05
1644,3.9579754229635e-05
1645,3.670365549623966e-05
1646,0.0001784014457371086
1647,2.36898340517655e-05
1648,0.00010598770313663408
1649,5.9096790209878236e-05
1650,0.00012213134323246777
1651,1.629176222195383e-05
1652,1.578076080477331e-05
1653,1.730276744638104e-05
1654,2.2930493287276477e-05
1655,0.00026849916321225464
1656,5.71858327020891e-05
1657,4.804652417078614e-05
1658,0.00017073206254281104
1659,1.626615267014131e-05
1660,0.00013786740601062775
1661,1.1772357538575307e-05
1662,6.560047040693462e-05
1663,0.0001268925261683762
1664,6.359748658724129e-05
1665,9.839542326517403e-05
1666,0.00031388786737807095
1667,4.284783062757924e-05
1668,0.00011541236017365009
1669,1.1149797501275316e-05
1670,0.00017070821195375174
1671,6.904640758875757e-05
1672,0.0001697493571555242
1673,2.5931767595466226e-05
1674,2.3066571884555742e-05
1675,4.144718332099728e-05
1676,2.5936056772479787e-05
1677,0.00010591874161036685
1678,0.00014434267359320074
1679,6.370895425789058e-05
1680,1.1681409887387417e-05
1681,2.1282236048136838e-05
1682,0.0001547953870613128
1683,0.00011700733739417046
1684,0.0001586010039318353
1685,1.5106325008673593e-05
1686,9.246291301678866e-05
1687,6.931307871127501e-05
1688,5.8912683016387746e-05
1689,5.110292840981856e-05
1690,1.4537091374222655e-05
1691,2.6798987164511345e-05
1692,7.793061377014965e-05
1693,8.070565672824159e-05
1694,4.6831271902192384e-05
1695,4.937656194670126e-05
1696,0.0001291251101065427
1697,0.00010977064084727317
1698,5.951691491645761e-05
1699,0.00016818162112031132
1700,3.121951885987073e-05
1701,9.125503129325807e-05
1702,0.00018117143190465868
1703,7.382658077403903e-05
1704,0.00012950203381478786
1705,3.760773688554764e-05
1706,1.8365717551205307e-05
1707,7.706123869866133e-05
1708,2.0765264707733877e-05
1709,0.0001053485757438466
1710,0.00010266432946082205
1711,0.00010230333282379434
1712,9.67784653767012e-05
1713,3.522307088132948e-05
1714,3.472907701507211e-05
1715,8.873947081156075e-05
1716,5.3195428336039186e-05
1717,0.00013047520769760013
1718,4.3096057197544724e-05
1719,7.217163511086255e-05
1720,7.394290150841698e-05
1721,2.5768917112145573e-05
1722,5.529866029974073e-05
1723,0.00016728992341086268
1724,3.2998606911860406e-05
1725,7.740107685094699e-05
1726,5.903765122639015e-05
1727,0.0001182289415737614
1728,2.4787213988020085e-05
1729,5.4407326388172805e-05
1730,8.834077743813396e-05
1731,8.47768023959361e-05
1732,0.00013163010589778423
1733,0.0001144596899393946
1734,3.815190211753361e-05
1735,0.00011896474461536855
1736,0.00012829669867642224
1737,9.747680451255292e-05
1738,3.643003219622187e-05
1739,9.906884952215478e-05
1740,0.00016518161282874644
1741,0.0001041142240865156
1742,9.674105240264907e-05
1743,0.00010631197801558301
1744,3.5083998227491975e-05
1745,1.6414851415902376e-05
1746,7.097882189555094e-05
1747,0.00010451207344885916
1748,6.642557855229825e-05
1749,2.520661655580625e-05
1750,0.00019821428577415645
1751,8.337237886735238e-06
1752,2.7450216293800622e-05
1753,4.2676467273849994e-05
1754,0.0001114850165322423
1755,3.358603862579912e-05
1756,7.51071420381777e-05
1757,0.0002179067232646048
1758,9.5431249064859e-05
1759,4.4362241169437766e-05
1760,0.00014302617637440562
1761,0.00032743404153734446
1762,0.00014270489918999374
1763,9.45933788898401e-05
1764,0.00010594884224701673
1765,3.5647666663862765e-05
1766,0.00012152860290370882
1767,0.00012772697664331645
1768,0.0001888455735752359
1769,0.00019977058400399983
1770,1.8187329260399565e-05
1771,0.00011088836618000641
1772,5.320436684996821e-05
1773,7.438330794684589e-05
1774,0.00010076969192596152
1775,5.6636170484125614e-05
1776,4.847604577662423e-05
1777,3.5399913031142205e-05
1778,1.6005982615752146e-05
1779,6.81179080856964e-05
1780,1.2354745194897987e-05
1781,5.559491546591744e-05
1782,1.7266644135816023e-05
1783,0.00013778531865682453
1784,4.611323674907908e-05
1785,0.000111366156488657
1786,0.0001483200758229941
1787,0.00010307327465852723
1788,0.000105785031337291
1789,9.641492943046615e-05
1790,0.00043183768866583705
1791,4.518311470746994e-05
1792,5.3918149205856025e-05
1793,0.00022206713038031012
1794,0.00011294011346763
1795,4.62833559140563e-05
1796,6.942448089830577e-05
1797,6.960887549212202e-05
1798,0.00017043741536326706
1799,1.8065653421217576e-05
1800,0.00011328737309668213
1801,1.076344597095158e-05
1802,0.00014308677054941654
1803,6.286364077823237e-05
1804,7.059834024403244e-05
1805,1.6936006431933492e-05
1806,2.972273614432197e-05
1807,9.6339856099803e-05
1808,0.00012105669156881049
1809,2.7532014428288676e-05
1810,0.00016562241944484413
1811,0.0002612694806884974
1812,7.334914698731154e-05
1813,1.2573575077112764e-05
1814,3.5671433579409495e-05
1815,1.2885279829788487e-05
1816,0.00012976978905498981
1817,0.00010470179404364899
1818,1.5452500520041212e-05
1819,0.00018395917140878737
1820,0.00014854059554636478
1821,0.00014461902901530266
1822,3.978902896051295e-05
1823,1.7265665519516915e-05
1824,4.258036642568186e-05
1825,0.00013250672782305628
1826,5.656913708662614e-05
1827,7.49885875848122e-05
1828,4.7763780457898974e-05
1829,3.143202047795057e-05
1830,5.257694283500314e-05
1831,0.00011469723540358245
1832,0.00020820842473767698
1833,1.5303925465559587e-05
1834,0.00012120031169615686
1835,2.9460292353178374e-05
1836,3.385358286323026e-05
1837,1.5217761756503023e-05
1838,7.198702223831788e-05
1839,7.543471292592585e-05
1840,8.220143354265019e-05
1841,0.00012103159679099917
1842,5.43441747140605e-05
1843,1.3315820069692563e-05
1844,3.3389176678610966e-05
1845,7.773932884447277e-05
1846,8.719092875253409e-05
1847,4.974251351086423e-05
1848,0.00016650778707116842
1849,1.943071765708737e-05
1850,0.00018997724691871554
1851,3.560553159331903e-05
1852,7.229085167637095e-05
1853,8.905671711545438e-05
1854,2.8766520699718967e-05
1855,1.5544712368864566e-05
1856,9.319314267486334e-05
1857,8.89268412720412e-05
1858,0.0001700668944977224
1859,0.00018084587645716965
1860,6.971285620238632e-05
1861,1.6480609701829962e-05
1862,6.24808672000654e-05
1863,5.446891736937687e-05
1864,4.6995250158943236e-05
1865,6.281772948568687e-05
1866,0.00039440387627109885
1867,1.977435385924764e-05
1868,2.9207936677266844e-05
1869,3.128545722574927e-05
1870,8.134673407766968e-05
1871,1.1854553122248035e-05
1872,6.305811984930187e-05
1873,5.7980974816018716e-05
1874,3.326770820422098e-05
1875,0.00041928686550818384
1876,0.0002234904677607119
1877,3.746149377548136e-05
1878,0.00014105683658272028
1879,0.00011882090620929375
1880,9.158529428532347e-05
1881,3.492818359518424e-05
1882,9.138520545093343e-05
1883,6.2341641751118e-05
1884,0.00014808215200901031
1885,0.00017684866907075047
1886,4.226507735438645e-05
1887,5.51051962247584e-05
1888,1.35064146888908e-05
1889,3.8188169128261507e-05
1890,0.0002048305468633771
1891,1.434363548469264e-05
1892,0.0003534370334818959
1893,2.4146005671354942e-05
1894,5.010337190469727e-05
1895,1.1556711797311436e-05
1896,0.00011895704665221274
1897,7.310547516681254e-05
1898,4.221246126689948e-05
1899,0.00014226741041056812
1900,6.396251410478726e-05
1901,7.030536653473973e-05
1902,2.9618064218084328e-05
1903,5.0231043132953346e-05
1904,3.0442159186350182e-05
1905,0.000143550438224338
1906,0.00011972060019616038
1907,0.0002502865099813789
1908,5.399316069087945e-05
1909,8.917753439163789e-05
1910,9.204154775943607e-05
1911,6.802672578487545e-05
1912,1.947692726389505e-05
1913,5.317693285178393e-05
1914,9.501528256805614e-05
1915,0.0001336751302005723
1916,3.780651604756713e-05
1917,1.8336562789045274e-05
1918,0.00019632140174508095
1919,4.2817518988158554e-05
1920,0.000137132010422647
1921,8.497558155795559e-05
1922,8.827645797282457e-05
1923,3.498050500638783e-05
1924,1.7249933080165647e-05
1925,6.361230043694377e-05
1926,3.642649244284257e-05
1927,9.487711940892041e-05
1928,0.00016669952310621738
1929,7.746396295260638e-05
1930,0.00011572982475627214
1931,6.568222306668758e-05
1932,0.0001817320880945772
1933,4.0173861634684727e-05
1934,5.806954141007736e-05
1935,6.198325718287379e-05
1936,6.550995749421418e-06
1937,4.180275573162362e-05
1938,7.795371493557468e-05
1939,1.9491048078634776e-05
1940,7.485313108190894e-05
1941,0.00011609367356868461
1942,8.8740314822644e-05
1943,6.650519208051264e-05
1944,7.3629678809084e-05
1945,9.364026482217014e-05
1946,2.702897836570628e-05
1947,0.00014858119538985193
1948,0.00034585699904710054
1949,0.00012664168025366962
1950,0.00029312545666471124
1951,9.740231325849891e-05
1952,3.773323987843469e-05
1953,0.00010475952876731753
1954,5.2732571930391714e-05
1955,2.0219571524648927e-05
1956,0.00012675952166318893
1957,3.551526606315747e-05
1958,0.00019455635629128665
1959,6.651965668424964e-05
1960,5.949958722339943e-05
1961,5.894616333534941e-05
1962,4.421216362970881e-05
1963,0.00013679187395609915
1964,1.953274113475345e-05
1965,4.831296973861754e-05
1966,3.4646982385311276e-05
1967,1.3070497516309842e-05
1968,0.00015981601609382778
1969,1.0411103176011238e-05
1970,5.477281229104847e-05
1971,9.037067502504215e-05
1972,7.564292172901332e-05
1973,6.640538049396127e-05
1974,7.282278966158628e-05
1975,0.00011101854033768177
1976,1.6076395695563406e-05
1977,2.5131696020253003e-05
1978,6.291797762969509e-05
1979,1.1857714525831398e-05
1980,0.0001490986323915422
1981,1.795635216694791e-05
1982,3.922978066839278e-05
1983,7.211578486021608e-05
1984,0.00017469451995566487
1985,5.0268208724446595e-05
1986,7.009580440353602e-05
1987,5.655500353896059e-05
1988,3.32899835484568e-05
1989,6.225008110050112e-05
1990,0.0002032826014328748
1991,1.7030904928105883e-05
1992,2.488495192665141e-05
1993,6.184191443026066e-05
1994,6.111781840445474e-05
1995,0.000202304741833359
1996,1.021850221150089e-05
1997,0.0001346234930679202
1998,7.899530464783311e-05
1999,4.148177686147392e-05
2000,0.00016125195543281734
2001,0.00012850061466451734
2002,4.708050983026624e-05
2003,3.3467607863713056e-05
2004,8.023844566196203e-05
2005,3.149108306388371e-05
2006,0.0002310173586010933
2007,0.00010237264359602705
2008,0.00010975835903082043
2009,9.615078306524083e-05
2010,7.927988190203905e-05
2011,0.00022567823179997504
2012,0.0001564666599733755
2013,0.0001719530118862167
2014,0.00012458633864298463
2015,5.9807553043356165e-05
2016,9.713315375847742e-05
2017,0.00016866798978298903
2018,5.956751556368545e-05
2019,0.00011110489867860451
2020,7.006624946370721e-05
2021,1.4835542970104143e-05
2022,0.00019720880663953722
2023,7.551156886620447e-05
2024,0.0001061752118403092
2025,0.000117032031994313
2026,1.7312060663243756e-05
2027,8.764973608776927e-05
2028,1.9033803255297244e-05
2029,0.00018218267359770834
2030,8.56382685014978e-05
2031,8.59080973896198e-05
2032,6.864422175567597e-05
2033,9.761295950738713e-05
2034,1.5051138689159416e-05
2035,6.709236913593486e-05
2036,0.00018081499729305506
2037,0.0001283979945583269
2038,4.7871159040369093e-05
2039,0.00011199378786841407
2040,2.4006636522244662e-05
2041,1.6369272998417728e-05
2042,4.217642344883643e-05
2043,7.226581510622054e-05
2044,5.8849662309512496e-05
2045,5.215876444708556e-05
2046,6.673824100289494e-05
2047,7.745482434984297e-05
2048,0.0001734716643113643
2049,7.707966869929805e-05
2050,0.00013598638179246336
2051,0.00021865437156520784
2052,0.00015041112783364952
2053,0.00020686924108304083
2054,0.00017132546054199338
2055,6.28473935648799e-05
2056,1.9977840565843508e-05
2057,3.097749504377134e-05
2058,3.832283618976362e-05
2059,0.0001488326961407438
2060,4.582892142934725e-05
2061,5.605228943750262e-05
2062,0.00034576241159811616
2063,0.0001986765710171312
2064,1.1930413165828213e-05
2065,5.2598672482417896e-05
2066,0.0001413723366567865
2067,6.495940033346415e-05
2068,4.046515823574737e-05
2069,0.00040933542186394334
2070,6.521049363072962e-05
2071,2.65843809756916e-05
2072,0.0001168705421150662
2073,5.4525375162484124e-05
2074,4.668508699978702e-05
2075,3.339468821650371e-05
2076,0.00010687798203434795
2077,0.0001327459467574954
2078,4.8983034503180534e-05
2079,0.00017262063920497894
2080,6.740128446836025e-05
2081,0.0001184462453238666
2082,1.6556994523853064e-05
2083,4.469342820812017e-05
2084,0.00023100370890460908
2085,0.00016014589346013963
2086,0.00014311517588794231
2087,0.00023320605396293104
2088,0.00010397435107734054
2089,2.2600692318519577e-05
2090,0.00011613247625064105
2091,7.605267455801368e-05
2092,5.093107756692916e-05
2093,6.733214831911027e-05
2094,7.07235376466997e-05
2095,2.4326225684490055e-05
2096,1.7950998881133273e-05
2097,6.903659959789366e-05
2098,2.4573815608164296e-05
2099,0.000139834446599707
2100,9.123014751821756e-05
2101,8.39452477521263e-05
2102,1.800771315174643e-05
2103,6.276794010773301e-05
2104,7.477067993022501e-05
2105,6.294377089943737e-05
2106,5.8465248002903536e-05
2107,3.700233355630189e-05
2108,0.000306811707559973
2109,9.458462591283023e-05
2110,1.7539567124913447e-05
2111,6.37320990790613e-05
2112,5.55356964468956e-05
2113,0.00013511386350728571
2114,2.3265423806151375e-05
2115,9.84577345661819e-05
2116,0.00010608301818137988
2117,1.8310960513190366e-05
2118,0.00010335547267459333
2119,0.0002124573802575469
2120,0.00015105295460671186
2121,6.219295755727217e-05
2122,4.493913002079353e-05
2123,3.041282980120741e-05
2124,7.1369344368577e-05
2125,0.0001481643703300506
2126,0.00018658804765436798
2127,5.1653056289069355e-05
2128,8.281699410872534e-05
2129,5.4302676289808005e-05
2130,8.830933438730426e-06
2131,1.4302242561825551e-05
2132,4.2914063669741154e-05
2133,0.0001327864156337455
2134,6.444799510063604e-05
2135,8.209036604966968e-05
2136,3.0110906664049253e-05
2137,7.592469046358019e-05
2138,1.5787427400937304e-05
2139,8.037751831579953e-05
2140,9.930421583703719e-06
2141,4.8711124691180885e-05
2142,0.00015104134217835963
2143,0.0001692314981482923
2144,7.683501462452114e-05
2145,4.54673427157104e-05
2146,6.255967309698462e-05
2147,6.855199171695858e-05
2148,1.5715932022430934e-05
2149,0.000131213542772457
2150,8.813366730464622e-05
2151,3.589313564589247e-05
2152,2.9388080292847008e-05
2153,1.9539929780876264e-05
2154,6.355084769893438e-05
2155,8.371254079975188e-05
2156,4.4706488552037627e-05
2157,6.0965525335632265e-05
2158,3.1111150747165084e-05
2159,1.2777049050782807e-05
2160,1.3278515325509943e-05
2161,8.581877045799047e-05
2162,6.253353785723448e-05
2163,2.1147436200408265e-05
2164,6.66433697915636e-05
2165,5.291598790790886e-05
2166,2.170356674469076e-05
2167,2.0911469619022682e-05
2168,0.00012035801773890853
2169,1.8820657714968547e-05
2170,2.7695597964338958e-05
2171,4.453926521819085e-05
2172,0.00010184766142629087
2173,0.00015098103904165328
2174,8.20375862531364e-05
2175,0.00025528177502565086
2176,2.2155803890200332e-05
2177,9.729097655508667e-05
2178,1.3259082152217161e-05
2179,4.710127177531831e-05
2180,9.364544894197024e-06
2181,4.188827006146312e-05
2182,4.30613654316403e-05
2183,8.47005721880123e-05
2184,3.9703751099295914e-05
2185,0.00017197569832205772
2186,6.959507300052792e-05
2187,2.0316601876402274e-05
2188,6.7109678639099e-05
2189,6.0081361880293116e-05
2190,0.0001294399262405932
2191,4.184567296761088e-05
2192,0.00010971601295750588
2193,7.427582022501156e-05
2194,0.00011162551527377218
2195,7.95031592133455e-05
2196,2.348562702536583e-05
2197,7.38164599169977e-05
2198,7.772578828735277e-05
2199,3.903422111761756e-05
2200,8.850750600686297e-05
2201,6.829782796557993e-05
2202,2.093160765070934e-05
2203,7.248025940498337e-05
2204,5.846395652042702e-05
2205,2.598760329419747e-05
2206,6.649675196968019e-05
2207,4.873624857282266e-05
2208,1.052488551067654e-05
2209,1.4584098607883789e-05
2210,0.00020524015417322516
2211,4.119329241802916e-05
2212,0.00014974747318774462
2213,0.00010702627332648262
2214,2.4480512365698814e-05
2215,3.23906606354285e-05
2216,0.00020285647769924253
2217,4.335229459684342e-05
2218,4.581928806146607e-05
2219,3.267770807724446e-05
2220,7.944538083393127e-06
2221,6.464750913437456e-05
2222,4.964286199538037e-05
2223,7.154366176109761e-05
2224,7.614545756950974e-05
2225,1.7023319742293097e-05
2226,1.8778391677187756e-05
2227,2.3299120584852062e-05
2228,1.4776406715100165e-05
2229,5.651825631503016e-05
2230,7.142181129893288e-05
2231,8.447527943644673e-05
2232,8.030002209125087e-05
2233,0.00015929649816825986
2234,0.00012632532161660492
2235,3.983389615314081e-05
2236,1.6751804650994018e-05
2237,0.00016086004325188696
2238,7.323075260501355e-05
2239,0.00010293701780028641
2240,0.0001160683823400177
2241,2.675230280146934e-05
2242,0.00013500408385880291
2243,0.00030215969309210777
2244,9.232140291715041e-05
2245,0.00019764003809541464
2246,5.7566125178709626e-05
2247,0.00012504079495556653
2248,0.00010257633402943611
2249,8.861609967425466e-05
2250,0.00023181307187769562
2251,9.610060806153342e-05
2252,2.3223516109283082e-05
2253,9.342397970613092e-05
2254,0.00014903699047863483
2255,0.00013719091657549143
2256,0.00014303218631539494
2257,7.291412475751713e-05
2258,0.00013585115084424615
2259,9.082176256924868e-05
2260,6.418136035790667e-05
2261,7.43147757020779e-05
2262,0.00012099786545149982
2263,6.823292642366141e-05
2264,9.527395377517678e-06
2265,0.00012049118231516331
2266,6.482614116976038e-05
2267,0.00028760917484760284
2268,0.0001655384839978069
2269,5.0332702812738717e-05
2270,5.8605943195289e-05
2271,1.5349298337241635e-05
2272,9.921858691086527e-06
2273,2.3946397050167434e-05
2274,5.468138260766864e-05
2275,4.991087189409882e-05
2276,5.639957817038521e-05
2277,0.00012609426630660892
2278,1.2433595657057595e-05
2279,0.00014515197835862637
2280,3.26295594277326e-05
2281,2.7639071049634367e-05
2282,6.551852857228369e-05
2283,1.9322566004120745e-05
2284,0.00014196123811416328
2285,0.00013490951096173376
2286,3.433767051319592e-05
2287,7.265948624990415e-06
2288,0.00011807271221186966
2289,2.8169533834443428e-05
2290,1.861208693298977e-05
2291,1.8411665223538876e-05
2292,5.286882151267491e-05
2293,2.705646875256207e-05
2294,3.450421354500577e-05
2295,4.539665678748861e-05
2296,0.00012131163384765387
2297,5.859448720002547e-05
2298,3.3643511414993554e-05
2299,2.9773011192446575e-05
2300,1.467840775148943e-05
2301,4.1131504985969514e-05
2302,1.9714327208930627e-05
2303,5.7991819630842656e-05
2304,4.017249375465326e-05
2305,1.7857375496532768e-05
2306,3.66125677828677e-05
2307,3.015205220435746e-05
2308,9.093564585782588e-06
2309,8.650119707453996e-05
2310,0.00013613380724564195
2311,7.576143252663314e-05
2312,0.00012456177501007915
2313,0.0005816074553877115
2314,1.542087375128176e-05
2315,0.00011731046834029257
2316,0.00012301398965064436
2317,2.687856431293767e-05
2318,0.0001153868724941276
2319,4.06470826419536e-05
2320,0.00010260703857056797
2321,6.761032636859454e-06
2322,0.0004379949241410941
2323,9.194119775202125e-05
2324,7.489332347176969e-05
2325,4.740691292681731e-05
2326,9.927978680934757e-05
2327,0.00039291917346417904
2328,0.00012189266999484971
2329,0.00020640346338041127
2330,8.728065040486399e-06
2331,0.0001861487835412845
2332,1.6001733456505463e-05
2333,3.681570524349809e-05
2334,0.00016156074707396328
2335,3.194359669578262e-05
2336,0.00010955888865282759
2337,0.00011165888281539083
2338,1.9262428395450115e-05
2339,8.347971015609801e-05
2340,7.500552601413801e-05
2341,1.7958083844860084e-05
2342,0.00012273239553906024
2343,0.0001811431284295395
2344,0.0004080885846633464
2345,4.5593616960104555e-05
2346,8.341344073414803e-05
2347,0.00012193307338748127
2348,9.626559040043503e-05
2349,2.0182245862088166e-05
2350,0.00011139223352074623
2351,1.1297250239294954e-05
2352,7.986351556610316e-05
2353,9.920544835040346e-05
2354,0.00011312389688100666
2355,3.393110819160938e-05
2356,0.00010435454896651208
2357,0.00018878866103477776
2358,6.044896872481331e-05
2359,3.804583684541285e-05
2360,0.00020863070676568896
2361,5.573525413637981e-05
2362,1.0654601283022203e-05
2363,0.00015782122500240803
2364,1.9685548977577128e-05
2365,8.159701246768236e-05
2366,0.00010019235196523368
2367,0.00023659142607357353
2368,0.0001126048227888532
2369,6.779435352655128e-05
2370,4.444565638550557e-05
2371,7.119234214769676e-05
2372,0.00022355657711159438
2373,0.00013254518853500485
2374,6.215405301190913e-05
2375,3.942665716749616e-05
2376,4.829700628761202e-05
2377,0.00011049916793126613
2378,0.00013474520528689027
2379,1.7795040548662655e-05
2380,0.00013917866453994066
2381,3.9645070501137525e-05
2382,0.0001283198653254658
2383,8.839149086270481e-05
2384,5.364328535506502e-05
2385,3.204161475878209e-05
2386,5.609601066680625e-05
2387,7.65667500672862e-05
2388,0.0002272279525641352
2389,1.4295189430413302e-05
2390,5.8397286920808256e-05
2391,0.00012068408250343055
2392,1.294583489652723e-05
2393,0.00022462144261226058
2394,8.757380419410765e-05
2395,5.816187331220135e-05
2396,3.868752537528053e-05
2397,2.2012163753970526e-05
2398,4.131290188524872e-05
2399,0.00015400022675748914
2400,7.871600973885506e-05
2401,5.1518472901079804e-05
2402,8.749945118324831e-05
2403,7.890188862802461e-05
2404,0.00021923209715168923
2405,2.5937044483725913e-05
2406,0.000122702622320503
2407,6.251042941585183e-05
2408,7.862172788009048e-05
2409,9.534390846965834e-05
2410,6.37321500107646e-05
2411,1.9054841686738655e-05
2412,9.921715536620468e-05
2413,4.3642350647132844e-05
2414,9.538262384012341e-05
2415,0.0001816477015381679
2416,1.8620932678459212e-05
2417,9.88814135780558e-05
2418,4.825891664950177e-05
2419,2.9080487365718e-05
2420,2.2983684175414965e-05
2421,0.00017539720283821225
2422,0.00023965106811374426
2423,7.325776823563501e-05
2424,8.137832628563046e-05
2425,1.0571518032520544e-05
2426,6.641985237365589e-05
2427,3.41456507158e-05
2428,4.6941400796640664e-05
2429,6.330519681796432e-05
2430,2.1177093003643677e-05
2431,4.886912211077288e-05
2432,8.629282092442736e-05
2433,1.8768820154946297e-05
2434,9.68189851846546e-05
2435,3.6978723073843867e-05
2436,0.0002938401885330677
2437,9.015169052872807e-05
2438,7.993153121788055e-05
2439,1.5955991329974495e-05
2440,5.475114448927343e-05
2441,0.00010609132732497528
2442,1.598442395334132e-05
2443,8.318250183947384e-05
2444,0.00014967852621339262
2445,0.00012167145177954808
2446,7.472872675862163e-05
2447,4.13183297496289e-05
2448,0.00011326040112180635
2449,1.4340230336529203e-05
2450,0.00012230357970111072
2451,0.00011462542897788808
2452,9.187898831441998e-05
2453,4.8705995141062886e-05
2454,6.406463216990232e-05
2455,0.00011794881720561534
2456,8.360701031051576e-05
2457,0.00010271136125084013
2458,5.046086880611256e-05
2459,1.9467101083137095e-05
2460,5.3399988246383145e-05
2461,4.7125144192250445e-05
2462,7.687110337428749e-05
2463,0.0001900297647807747
2464,1.5653626178391278e-05
2465,0.00018625891243573278
2466,1.8877999536925927e-05
2467,5.199504448683001e-05
2468,0.0002383142418693751
2469,0.0002491170889697969
2470,7.753745012450963e-05
2471,0.00010008453682530671
2472,0.0001287749910261482
2473,9.285179839935154e-05
2474,3.130960249109194e-05
2475,9.941992902895436e-05
2476,2.4354952984140255e-05
2477,6.156403833301738e-05
2478,2.5299819753854536e-05
2479,2.5549121346557513e-05
2480,0.0001232470094691962
2481,8.95784905878827e-05
2482,8.647542563267052e-05
2483,0.00010806503996718675
2484,0.0002943012514151633
2485,1.5388661267934367e-05
2486,0.00011879351222887635
2487,4.5347402192419395e-05
2488,2.69416777882725e-05
2489,5.106338358018547e-05
2490,8.980325947050005e-05
2491,9.527952352073044e-05
2492,9.418533591087908e-05
2493,2.4798797312541865e-05
2494,7.099728827597573e-05
2495,2.1599938918370754e-05
2496,0.0003488088259473443
2497,3.27342604578007e-05
2498,0.00011575235839700326
2499,1.257117764907889e-05
2500,0.00011326264939270914
2501,0.0001227017492055893
2502,6.715643394272774e-05
2503,4.902619184576906e-05
2504,0.00013058996410109103
2505,8.544213051209226e-05
2506,6.153692811494693e-05
2507,2.7453999791759998e-05
2508,3.401494541321881e-05
2509,0.00022747708135284483
2510,9.557951125316322e-05
2511,0.000112052948679775
2512,0.0003098606248386204
2513,1.7580250641913153e-05
2514,4.063935921294615e-05
2515,7.067233673296869e-05
2516,3.2233921956503764e-05
2517,5.78826256969478e-05
2518,2.027167283813469e-05
2519,1.762634565238841e-05
2520,7.926291436888278e-05
2521,4.152657129452564e-05
2522,0.00010245216253679246
2523,0.0001581040269229561
2524,0.00013629175373353064
2525,1.2894979590782896e-05
2526,3.608238330343738e-05
2527,0.00013307567860465497
2528,0.00016942169168032706
2529,1.7433165339753032e-05
2530,6.796194793423638e-05
2531,9.660315117798746e-05
2532,0.0005320573109202087
2533,9.653981396695599e-05
2534,4.93073312100023e-05
2535,0.00016563525423407555
2536,0.00011358576739439741
2537,2.8460075554903597e-05
2538,4.0599647036287934e-05
2539,7.884245133027434e-05
2540,2.6941730538965203e-05
2541,3.846712570521049e-05
2542,0.00011689039820339531
2543,1.3459503861668054e-05
2544,8.155238901963457e-05
2545,2.5000683308462612e-05
2546,7.826184446457773e-05
2547,3.910577652277425e-05
2548,0.0001013984001474455
2549,1.7361257050652057e-05
2550,7.434692815877497e-05
2551,6.37001940049231e-05
2552,7.853619172237813e-05
2553,5.937224341323599e-05
2554,8.53929013828747e-05
2555,2.995480826939456e-05
2556,3.436907718423754e-05
2557,0.00015048446948640049
2558,5.382001836551353e-05
2559,5.838447395944968e-05
2560,8.603332389611751e-05
2561,8.268735837191343e-05
2562,6.857372500235215e-05
2563,0.0001024749581119977
2564,0.0001339952286798507
2565,2.381475133006461e-05
2566,6.065214256523177e-05
2567,8.652420547150541e-06
2568,6.748341547790915e-05
2569,0.00010550628940109164
2570,2.3816030079615302e-05
2571,1.4489876775769517e-05
2572,4.8113608499988914e-05
2573,1.022779724735301e-05
2574,2.3576900275656953e-05
2575,2.602915992611088e-05
2576,0.00021070150251034647
2577,1.3900803423894104e-05
2578,9.182265785057098e-05
2579,0.00015730876475572586
2580,8.150158828357235e-05
2581,5.1206345233367756e-05
2582,3.233196184737608e-05
2583,3.2779025787021965e-05
2584,3.370920239831321e-05
2585,1.6961281289695762e-05
2586,0.0002042925771092996
2587,7.688935147598386e-05
2588,2.8823938919231296e-05
2589,8.75768018886447e-05
2590,0.00012806558515876532
2591,1.9418581359786913e-05
2592,9.374215733259916e-05
2593,4.344351327745244e-05
2594,4.352629548520781e-05
2595,2.5614435799070634e-05
2596,0.00016483041690662503
2597,6.319687236100435e-05
2598,2.729772313614376e-05
2599,9.142249473370612e-05
2600,2.190987106587272e-05
2601,0.00014144365559332073
2602,0.00019554191385395825
2603,0.0001109960867324844
2604,3.424740134505555e-05
2605,1.8803742932504974e-05
2606,5.7874385674949735e-05
2607,8.767640974838287e-05
2608,1.1015654308721423e-05
2609,4.617001104634255e-05
2610,0.00011249582166783512
2611,9.536578545521479e-06
2612,6.621582724619657e-05
2613,0.00015628729306627065
2614,1.1553605872904882e-05
2615,0.00010762790770968422
2616,2.1887366528972052e-05
2617,2.3864766262704507e-05
2618,3.540781472111121e-05
2619,2.9386606911430135e-05
2620,1.7468235455453396e-05
2621,5.7441575336270034e-05
2622,8.760997297940776e-05
2623,5.9904636145802215e-05
2624,1.1558610822248738e-05
2625,1.4693210687255487e-05
2626,1.3131128071108833e-05
2627,2.300200503668748e-05
2628,5.9187568695051596e-05
2629,0.00010657128586899489
2630,0.00017058441881090403
2631,7.225517765618861e-05
2632,2.6977000743499957e-05
2633,5.730928387492895e-05
2634,8.441123645752668e-05
2635,0.00012155545118730515
2636,9.541350300423801e-05
2637,7.842262857593596e-05
2638,6.397375545930117e-05
2639,4.4887681724503636e-05
2640,7.841961632948369e-05
2641,6.822706200182438e-05
2642,8.093044743873179e-05
2643,0.00010680130071705207
2644,0.00012702876119874418
2645,0.00010821936302818358
2646,4.8791895096655935e-05
2647,7.331609958782792e-05
2648,2.0142953871982172e-05
2649,0.00033298812923021615
2650,2.1516098058782518e-05
2651,0.00010268334153806791
2652,5.6614291679579765e-05
2653,2.5560706490068696e-05
2654,5.4935142543399706e-05
2655,0.0002562634472269565
2656,0.00010801201278809458
2657,5.819973739562556e-05
2658,5.3580817620968446e-05
2659,4.726697807200253e-05
2660,3.650416329037398e-05
2661,7.054626621538773e-05
2662,0.00019522671937011182
2663,0.00016240768309216946
2664,0.0001485768734710291
2665,4.595478094415739e-05
2666,5.373588646762073e-05
2667,0.00014388974523171782
2668,8.851321035763249e-05
2669,7.396216824417934e-05
2670,0.00030260172206908464
2671,0.00013329119246918708
2672,6.662990926997736e-05
2673,0.00017697815201245248
2674,7.296144030988216e-05
2675,3.689769437187351e-05
2676,0.0001299755385844037
2677,9.145255899056792e-05
2678,0.00014356363681145012
2679,1.3338203643797897e-05
2680,4.38532697444316e-05
2681,0.00010425686195958406
2682,6.591501005459577e-06
2683,5.966251410427503e-05
2684,0.00018084971816278994
2685,6.244394171517342e-05
2686,1.1486239600344561e-05
2687,0.00012617502943612635
2688,7.098231435520574e-05
2689,1.3617614968097769e-05
2690,1.8035509128822014e-05
2691,8.57522536534816e-05
2692,6.388527253875509e-05
2693,7.989723235368729e-05
2694,1.995591082959436e-05
2695,2.0839961507590488e-05
2696,2.918475365731865e-05
2697,9.249529830412939e-05
2698,0.00019861022883560508
2699,0.00016345539188478142
2700,7.214253128040582e-05
2701,6.171064160298556e-05
2702,0.0002899933897424489
2703,8.230178355006501e-05
2704,0.00010633643250912428
2705,0.00014267614460550249
2706,3.269493026891723e-05
2707,2.0256131392670795e-05
2708,8.199040894396603e-05
2709,0.00013714114902541041
2710,9.215552563546225e-05
2711,0.00012018807319691405
2712,2.442006916680839e-05
2713,7.752467354293913e-05
2714,8.573358354624361e-05
2715,0.00014874894986860454
2716,3.1403145840158686e-05
2717,2.101970858348068e-05
2718,4.8350790166296065e-05
2719,4.236878885421902e-05
2720,7.139527588151395e-05
2721,1.3207970368966926e-05
2722,3.3520758734084666e-05
2723,0.00010543892858549953
2724,4.419906690600328e-05
2725,0.00011240797175560147
2726,3.2878422643989325e-05
2727,6.837150431238115e-05
2728,0.00011995300883427262
2729,9.048897481989115e-05
2730,1.1844400432892144e-05
2731,0.0001307536440435797
2732,0.0002685783547349274
2733,0.0001058662892319262
2734,9.037548807100393e-06
2735,5.2311879699118435e-05
2736,2.0099299945286475e-05
2737,0.00013117043999955058
2738,1.4096801351115573e-05
2739,0.00011270656250417233
2740,8.220673771575093e-05
2741,9.102038166020066e-05
2742,0.00014332156570162624
2743,8.91633826540783e-05
2744,9.270898590330034e-05
2745,5.128151678945869e-05
2746,0.00016954605234786868
2747,6.685595872113481e-05
2748,0.00014895634376443923
2749,3.080286842305213e-05
2750,2.5502682547084987e-05
2751,0.00021131668472662568
2752,4.274636012269184e-05
2753,4.171996988588944e-05
2754,4.905090099782683e-05
2755,8.573913510190323e-05
2756,7.908622501417994e-05
2757,0.00010151627066079527
2758,7.280126737896353e-05
2759,4.801270551979542e-05
2760,0.00011862056271638721
2761,1.8776081560645252e-05
2762,7.354278932325542e-05
2763,1.9758124835789204e-05
2764,3.233651295886375e-05
2765,5.384643736761063e-05
2766,1.0179461241932586e-05
2767,6.483191100414842e-05
2768,6.004555325489491e-05
2769,0.00010491967259440571
2770,0.00011109925253549591
2771,0.00012357454397715628
2772,3.827229011221789e-05
2773,1.4357774489326403e-05
2774,6.995894364081323e-05
2775,0.00011106377496616915
2776,2.3885027985670604e-05
2777,8.557796536479145e-05
2778,0.00016901036724448204
2779,6.695398042211309e-05
2780,0.00018185078806709498
2781,2.265545481350273e-05
2782,9.745143324835226e-05
2783,2.1755447960458696e-05
2784,6.720163946738467e-05
2785,6.799347465857863e-05
2786,5.4291107517201453e-05
2787,5.2746356232091784e-05
2788,7.556491618743166e-05
2789,5.429093289421871e-05
2790,6.554650462931022e-05
2791,7.713554077781737e-05
2792,0.00026925315614789724
2793,5.6847195082809776e-05
2794,6.092329931561835e-05
2795,0.00015795763465575874
2796,0.00015021846047602594
2797,0.00018931893282569945
2798,9.578037133906037e-05
2799,6.222340016392991e-05
2800,0.0001782865438144654
2801,1.5688488929299638e-05
2802,2.5071378331631422e-05
2803,0.0001658084220252931
2804,9.734238847158849e-05
2805,2.9312766855582595e-05
2806,1.613960375834722e-05
2807,4.998578515369445e-05
2808,0.00016464975487906486
2809,9.05474807950668e-05
2810,6.161161581985652e-05
2811,4.189593164483085e-05
2812,6.395318632712588e-05
2813,2.8892660338897258e-05
2814,8.265267388196662e-05
2815,8.38660926092416e-05
2816,0.0003647145931608975
2817,0.00019831821555271745
2818,6.274750194279477e-05
2819,1.5666351828258485e-05
2820,0.00024469761410728097
2821,0.000101312885817606
2822,0.0002618475700728595
2823,0.00011745035590138286
2824,0.00011461494432296604
2825,0.00012828572653234005
2826,3.351630948600359e-05
2827,1.763694490364287e-05
2828,6.755215872544795e-05
2829,0.00011123563308501616
2830,2.6763811547425576e-05
2831,0.000129278952954337
2832,0.00013750532525591552
2833,4.853879363508895e-05
2834,0.0002497787063475698
2835,0.00010316155385226011
2836,2.059166581602767e-05
2837,0.0001043106458382681
2838,1.9572700693970546e-05
2839,0.00010758780990727246
2840,7.701819413341582e-05
2841,2.1064814063720405e-05
2842,1.4798252777836751e-05
2843,8.588010678067803e-05
2844,8.682336192578077e-05
2845,1.681210233073216e-05
2846,6.783231219742447e-05
2847,0.00027765403501689434
2848,0.000131408276502043
2849,8.035793143790215e-05
2850,4.712033478426747e-05
2851,7.99494082457386e-05
2852,0.00012000794231425971
2853,5.898874587728642e-05
2854,0.00019982772937510163
2855,0.000179683105670847
2856,0.00013189758465159684
2857,1.295815127377864e-05
2858,6.369253969751298e-05
2859,3.402559377718717e-05
2860,4.997197902412154e-05
2861,1.9538545529940166e-05
2862,1.9079834601143375e-05
2863,2.588607276265975e-05
2864,0.0001637875975575298
2865,0.00011512578203110024
2866,0.00012978003360331059
2867,5.889630119781941e-05
2868,4.990733941667713e-05
2869,8.491279004374519e-06
2870,2.6159432309214026e-05
2871,0.00013021373888477683
2872,9.863317245617509e-05
2873,0.00011632627138169482
2874,2.4302658857777715e-05
2875,6.775835936423391e-05
2876,2.241863330709748e-05
2877,0.0001231856585945934
2878,0.000218316592508927
2879,7.256378012243658e-05
2880,1.7443071556044742e-05
2881,5.0300244765821844e-05
2882,0.00014035042840987444
2883,6.519381713587791e-05
2884,2.37854037550278e-05
2885,4.706888284999877e-05
2886,0.00011034462659154087
2887,1.8686987459659576e-05
2888,2.1602125343633816e-05
2889,3.4901604522019625e-05
2890,1.1073817404394504e-05
2891,6.23564119450748e-05
2892,5.278995377011597e-05
2893,4.677067045122385e-05
2894,4.36861882917583e-05
2895,0.00016341349692083895
2896,0.00013692097854800522
2897,6.924714398337528e-05
2898,2.0192863303236663e-05
2899,0.00017164528253488243
2900,4.0674047340871766e-05
2901,3.849753920803778e-05
2902,3.5416451282799244e-05
2903,0.00018368932069279253
2904,8.341959619428962e-05
2905,2.4059369025053456e-05
2906,0.0001216590462718159
2907,9.607124957256019e-05
2908,0.0001577759103383869
2909,8.327301475219429e-05
2910,0.00011659578012768179
2911,3.134343205601908e-05
2912,1.4817635019426234e-05
2913,1.7738744645612314e-05
2914,4.627889211406e-05
2915,1.3681151358468924e-05
2916,1.7301032130490057e-05
2917,0.00015495637489948422
2918,3.145929076708853e-05
2919,2.9979775717947632e-05
2920,0.00021091295639052987
2921,0.0001834431750467047
2922,6.307489820756018e-05
2923,9.68512031249702e-05
2924,1.5289730072254315e-05
2925,6.287235737545416e-05
2926,6.81952660670504e-05
2927,0.00010066951654152945
2928,5.419353328761645e-05
2929,2.3689119188929908e-05
2930,8.541771967429668e-05
2931,6.884760659886524e-05
2932,2.597809179860633e-05
2933,1.9131306544295512e-05
2934,1.0123658285010606e-05
2935,8.510817133355886e-05
2936,6.327505980152637e-05
2937,5.6823555496521294e-05
2938,6.28832058282569e-05
2939,0.0001447896647732705
2940,1.36890903377207e-05
2941,6.077154102968052e-05
2942,7.153370097512379e-05
2943,4.8077468818519264e-05
2944,7.005991938058287e-05
2945,0.0003107554803136736
2946,8.216841524699703e-05
2947,0.00015288390568457544
2948,1.4686413123854436e-05
2949,1.0124900654773228e-05
2950,2.4404471332672983e-05
2951,0.00011843544780276716
2952,0.0002772293228190392
2953,5.789957504021004e-05
2954,3.581415512599051e-05
2955,5.913839413551614e-05
2956,2.0245061023160815e-05
2957,4.7300258302129805e-05
2958,4.468808037927374e-05
2959,0.0002867263974621892
2960,0.00018164704670198262
2961,0.00011240517778787762
2962,3.658626519609243e-05
2963,0.00014191956142894924
2964,9.559730824548751e-05
2965,8.030964818317443e-05
2966,3.531853144522756e-05
2967,8.697453449713066e-05
2968,4.554650513455272e-05
2969,8.567819895688444e-05
2970,4.404925130074844e-05
2971,0.00015695665206294507
2972,5.58622650714824e-06
2973,0.00019281348795630038
2974,2.9197446565376595e-05
2975,0.00011702622578013688
2976,0.00011852275201817974
2977,7.740259752608836e-05
2978,5.674098792951554e-05
2979,2.7938851417275146e-05
2980,6.039862637408078e-05
2981,0.000452409585705027
2982,1.3631417459691875e-05
2983,5.5717006034683436e-05
2984,0.00023214115935843438
2985,2.382971069891937e-05
2986,8.269577665487304e-05
2987,3.98365045839455e-05
2988,0.00012934088590554893
2989,9.03080144780688e-05
2990,0.00011277727026026696
2991,5.2031304221600294e-05
2992,1.1196266314073e-05
2993,6.376938836183399e-05
2994,6.823745934525505e-05
2995,8.93767864909023e-05
2996,5.786203109892085e-05
2997,0.00034030101960524917
2998,1.4187635315465741e-05
2999,0.00018809182802215219
3000,0.000124533282360062
3001,1.505260843259748e-05
3002,2.463685450493358e-05
3003,0.0001197588790091686
3004,7.083652599249035e-05
3005,9.207316907122731e-05
3006,0.00012412518844939768
3007,2.6130488549824804e-05
3008,0.00016211102774832398
3009,7.535752229159698e-05
3010,3.917449794244021e-05
3011,8.445425919489935e-05
3012,4.7973517212085426e-05
3013,5.23426424479112e-05
3014,7.534104224760085e-05
3015,0.00020945955475326627
3016,7.55958171794191e-05
3017,3.1647799914935604e-05
3018,8.53732053656131e-05
3019,7.279921555891633e-05
3020,9.874366514850408e-05
3021,4.809007077710703e-05
3022,2.867138755391352e-05
3023,0.00010200310498476028
3024,8.427136344835162e-05
3025,0.00013400638999883085
3026,8.187428466044366e-05
3027,7.00058662914671e-05
3028,3.542703780112788e-05
3029,6.276086787693202e-05
3030,1.104228704207344e-05
3031,0.00012168234388809651
3032,2.065127409878187e-05
3033,4.869142503594048e-05
3034,2.984112870763056e-05
3035,7.561924576293677e-05
3036,8.091605559457093e-05
3037,5.028710438637063e-05
3038,0.0002155442489311099
3039,2.3906342903501354e-05
3040,0.00012308917939662933
3041,4.315781552577391e-05
3042,0.00020324249635450542
3043,6.998292519710958e-05
3044,4.1512015741318464e-05
3045,0.0002499757392797619
3046,3.0389401217689738e-05
3047,1.4635184925282374e-05
3048,0.00016152195166796446
3049,9.390123523189686e-06
3050,0.0001072791637852788
3051,6.516774010378867e-05
3052,3.6540244764182717e-05
3053,1.488291127316188e-05
3054,3.0183044145815074e-05
3055,5.8232595620211214e-05
3056,6.22763327555731e-05
3057,2.9908918804721907e-05
3058,7.906489190645516e-05
3059,3.330851177452132e-05
3060,0.00011613341484917328
3061,4.3907813960686326e-05
3062,5.72362077946309e-05
3063,1.3770564692094922e-05
3064,0.00029216165421530604
3065,1.4262968761613593e-05
3066,0.0001778577861841768
3067,6.513799598906189e-05
3068,6.996870797593147e-05
3069,0.00014919419481884688
3070,0.00013437471352517605
3071,2.8406779165379703e-05
3072,9.173872967949137e-05
3073,2.9733640985796228e-05
3074,7.358563016168773e-05
3075,2.189772749261465e-05
3076,5.9854923165403306e-05
3077,0.00011372508015483618
3078,3.361042035976425e-05
3079,9.969761777028907e-06
3080,0.00018462905427441
3081,5.514195072464645e-05
3082,7.810299575794488e-05
3083,6.439528078772128e-05
3084,8.730396075407043e-05
3085,0.00012163469364168122
3086,0.0001149989984696731
3087,0.00021346716675907373
3088,0.0002586574119050056
3089,9.146136289928108e-05
3090,1.7066326108761132e-05
3091,6.880617002025247e-05
3092,0.00010135063348570839
3093,1.720626823953353e-05
3094,9.89880136330612e-05
3095,6.321051478153095e-05
3096,3.701150490087457e-05
3097,9.61894984357059e-05
3098,8.892655023373663e-05
3099,1.1761487257899716e-05
3100,8.609668839199003e-06
3101,2.9410501156235114e-05
3102,0.00015716851339675486
3103,0.0002684628707356751
3104,0.00010602381371427327
3105,6.067030335543677e-05
3106,4.944749525748193e-05
3107,1.2816590242437087e-05
3108,8.486495062243193e-05
3109,4.765755875268951e-05
3110,0.0001186203007819131
3111,0.00014905104762874544
3112,9.661190233600792e-06
3113,7.461756467819214e-05
3114,0.00019904512737412006
3115,5.890184183954261e-05
3116,8.430788875557482e-05
3117,8.552081999368966e-05
3118,1.8645725504029542e-05
3119,2.8377673515933566e-05
3120,9.614166629035026e-05
3121,0.00014810649736318737
3122,0.0001923567906487733
3123,0.00010320287401555106
3124,9.884911560220644e-05
3125,5.868620428373106e-05
3126,0.0001333363470621407
3127,5.922432683291845e-05
3128,1.7162288713734597e-05
3129,4.1558610973879695e-05
3130,0.0001283605524804443
3131,6.229330210771877e-06
3132,2.8013677365379408e-05
3133,4.054318924318068e-05
3134,2.5772544177016243e-05
3135,2.4219039914896712e-05
3136,1.6807565771159716e-05
3137,0.00012946463539265096
3138,7.984715193742886e-05
3139,0.0001678212865954265
3140,6.949896487640217e-06
3141,3.820821439148858e-05
3142,0.00014699257735628635
3143,0.00016184845298994333
3144,0.00012297293869778514
3145,7.63891584938392e-05
3146,3.729126910911873e-05
3147,6.729754386469722e-05
3148,6.171730638016015e-05
3149,1.860598240455147e-05
3150,5.484463690663688e-05
3151,5.857708674739115e-05
3152,0.0002286837698193267
3153,0.00010587298311293125
3154,9.712552127894014e-05
3155,1.6073725419119e-05
3156,0.00012252161104697734
3157,0.0001595603534951806
3158,3.747786831809208e-05
3159,6.565343210240826e-05
3160,0.00019178693764843047
3161,3.161966014886275e-05
3162,1.3722480616706889e-05
3163,4.324250767240301e-05
3164,1.7751000996213406e-05
3165,6.237483466975391e-05
3166,3.029605795745738e-05
3167,5.001564932172187e-05
3168,4.962147431797348e-05
3169,8.354720193892717e-05
3170,0.0001425530354026705
3171,1.6527537809452042e-05
3172,0.0001079813955584541
3173,0.0001446487003704533
3174,5.599520227406174e-05
3175,4.549128789221868e-05
3176,3.143607318634167e-05
3177,0.00015593573334626853
3178,0.00010706944885896519
3179,0.00011762118083424866
3180,0.00013392232358455658
3181,0.00013205285358708352
3182,9.470381337450817e-05
3183,1.6108102499856614e-05
3184,1.561909812153317e-05
3185,1.5458374036825262e-05
3186,6.499228766188025e-05
3187,7.204635767266154e-05
3188,0.0001925711112562567
3189,1.959307337529026e-05
3190,0.00010898290202021599
3191,5.157628038432449e-05
3192,0.0001087036362150684
3193,1.305921523453435e-05
3194,0.00017450751329306513
3195,4.35302390542347e-05
3196,2.1654424926964566e-05
3197,0.00011823116801679134
3198,0.00013397724251262844
3199,2.9598282708320767e-05
3200,1.6671665434841998e-05
3201,4.835008076042868e-05
3202,0.00012257249909453094
3203,3.671945887617767e-05
3204,0.00015521471505053341
3205,8.388174319406971e-05
3206,0.00026381079806014895
3207,3.819366975221783e-05
3208,8.410302689298987e-05
3209,1.2098927982151508e-05
3210,4.7672539949417114e-05
3211,3.588019171729684e-05
3212,1.046054603648372e-05
3213,5.567957850871608e-05
3214,4.606626680470072e-05
3215,3.471627496764995e-05
3216,1.4809916137892287e-05
3217,0.0001076444168575108
3218,0.0001756432611728087
3219,0.00018463714513927698
3220,5.5335069191642106e-05
3221,0.00015008062473498285
3222,5.4792290029581636e-05
3223,5.140986104379408e-05
3224,0.000334137468598783
3225,7.582646503578871e-05
3226,4.471263673622161e-05
3227,0.000264067726675421
3228,0.00012195388262625784
3229,5.067642268841155e-05
3230,1.5249773241521325e-05
3231,5.592934394371696e-05
3232,1.5420515410369262e-05
3233,2.6582698410493322e-05
3234,0.00010527856647968292
3235,5.756146856583655e-05
3236,7.46150326449424e-05
3237,1.319557850365527e-05
3238,3.1328880140790716e-05
3239,2.482789204805158e-05
3240,4.639541293727234e-05
3241,0.00010822228796314448
3242,0.00014282115444075316
3243,5.9620404499582946e-05
3244,0.0001364240888506174
3245,4.006120434496552e-05
3246,6.28941779723391e-05
3247,1.60508971021045e-05
3248,5.709932156605646e-05
3249,9.52449317992432e-06
3250,2.8550770366564393e-05
3251,2.452387343510054e-05
3252,0.00019831153622362763
3253,9.259565558750182e-05
3254,6.3510742620565e-05
3255,4.944528700434603e-05
3256,0.0001369177334709093
3257,0.00018211387214250863
3258,7.967056262714323e-06
3259,9.39490128075704e-05
3260,0.00018405067385174334
3261,3.738620216608979e-05
3262,1.1870419257320464e-05
3263,6.775278052373324e-06
3264,7.498334889532998e-05
3265,8.605607581557706e-05
3266,5.645822238875553e-05
3267,0.00013079092605039477
3268,0.0001302617893088609
3269,0.00014260309399105608
3270,4.096780685358681e-05
3271,0.00014251095126383007
3272,0.00022231896582525223
3273,7.65645963838324e-05
3274,5.790610157418996e-05
3275,0.00023289678210858256
3276,6.68469729134813e-05
3277,0.00022190663730725646
3278,7.560875383205712e-05
3279,2.9772570997010916e-05
3280,0.00010501696669962257
3281,3.247587301302701e-05
3282,4.716854164144024e-05
3283,0.00010181296966038644
3284,7.731329242233187e-05
3285,8.965674351202324e-05
3286,5.574492388404906e-05
3287,8.91044910531491e-05
3288,3.482675674604252e-05
3289,5.4745283705415204e-05
3290,7.274573727045208e-05
3291,0.00011274227290414274
3292,9.397495159646496e-05
3293,0.00013700439012609422
3294,6.06890935159754e-05
3295,0.0001166270230896771
3296,9.723192488308996e-05
3297,0.00010635684884618968
3298,2.8187743737362325e-05
3299,3.0684655939694494e-05
3300,0.00011588068446144462
3301,1.9685434381244704e-05
3302,0.00030726229306310415
3303,3.3637181331869215e-05
3304,4.406284278957173e-05
3305,0.00012317555956542492
3306,0.00019792876264546067
3307,1.1658838047878817e-05
3308,5.1363320380914956e-05
3309,2.1866708266315982e-05
3310,5.341009818948805e-05
3311,0.00011297632590867579
3312,0.00013747613411396742
3313,0.00015174128930084407
3314,6.420556746888906e-05
3315,7.115879270713776e-05
3316,2.8221118554938585e-05
3317,0.0001675599196460098
3318,0.00014445409760810435
3319,3.141688648611307e-05
3320,0.00013913842849433422
3321,5.8508794609224424e-05
3322,1.2459802746889181e-05
3323,7.182732224464417e-05
3324,3.186880348948762e-05
3325,2.5080675186472945e-05
3326,1.8813632777892053e-05
3327,0.00021061408915556967
3328,4.295742110116407e-05
3329,4.6357290557352826e-05
3330,2.0607205442502163e-05
3331,9.041024895850569e-06
3332,7.653979992028326e-05
3333,3.0930445063859224e-05
3334,2.907127418438904e-05
3335,7.596920477226377e-05
3336,6.489187944680452e-05
3337,6.735353235853836e-05
3338,0.0001294734829571098
3339,2.003032568609342e-05
3340,9.395555025548674e-06
3341,5.386681732488796e-05
3342,0.00011811722652055323
3343,2.2064761651563458e-05
3344,0.0001104271796066314
3345,3.347144593135454e-05
3346,1.8611217456054874e-05
3347,5.982243601465598e-05
3348,7.288205961231142e-05
3349,8.15089515526779e-06
3350,0.00012114217679481953
3351,0.0002812566817738116
3352,0.00015408301260322332
3353,5.8829285990213975e-05
3354,0.0002481178380548954
3355,6.251504964893684e-05
3356,3.6075187381356955e-05
3357,4.0743834688328207e-05
3358,7.016096787992865e-05
3359,1.604199132998474e-05
3360,7.835948781576008e-05
3361,0.0001474631717428565
3362,0.0001927588600665331
3363,3.1503204809268937e-05
3364,5.217273428570479e-05
3365,8.235705900005996e-05
3366,0.0001212151037179865
3367,0.00017409917199984193
3368,2.1134936105227098e-05
3369,0.0003322816628497094
3370,7.712455408181995e-05
3371,4.65600605821237e-05
3372,9.841409337241203e-05
3373,0.0004687378532253206
3374,8.81259111338295e-05
3375,8.89442817424424e-05
3376,6.249189027585089e-05
3377,1.8233922673971392e-05
3378,7.763776375213638e-05
3379,4.4340715248836204e-05
3380,2.2831125534139574e-05
3381,3.5676635889103636e-05
3382,5.5826723837526515e-05
3383,0.00011751135025406256
3384,3.2863725209608674e-05
3385,7.317015843000263e-05
3386,1.0685182132874615e-05
3387,1.5411846106871963e-05
3388,3.356807792442851e-05
3389,5.727901225327514e-05
3390,3.3347023418173194e-05
3391,0.00010114555334439501
3392,1.8518279830459505e-05
3393,0.00011116308451164514
3394,5.369874997995794e-05
3395,0.00015647007967345417
3396,6.680260412395e-05
3397,2.8263195417821407e-05
3398,7.458022446371615e-05
3399,3.129196193185635e-05
3400,6.821830902481452e-05
3401,8.50494543556124e-05
3402,0.0001915748289320618
3403,0.00017427618149667978
3404,7.910067506600171e-05
3405,3.24658103636466e-05
3406,8.311867713928223e-05
3407,5.7014127378351986e-05
3408,5.19575405633077e-05
3409,0.00015624804655089974
3410,9.08082802197896e-05
3411,5.5508280638605356e-05
3412,7.822788757039234e-05
3413,3.265770646976307e-05
3414,0.00010779029980767518
3415,9.837238758336753e-05
3416,5.5398690165020525e-05
3417,0.00011887744767591357
3418,1.1823383829323575e-05
3419,8.0767014878802e-05
3420,0.0001288502535317093
3421,0.00019906969100702554
3422,0.00010393333650426939
3423,5.509155380423181e-05
3424,0.00018978022853843868
3425,0.0001688582415226847
3426,3.623332304414362e-05
3427,0.00015306900604628026
3428,0.00011765358067350462
3429,1.607874219189398e-05
3430,9.766459697857499e-05
3431,0.000147760147228837
3432,4.353034819359891e-05
3433,4.398078453959897e-05
3434,5.022080586059019e-05
3435,4.007498500868678e-05
3436,0.00024268202832899988
3437,1.6506895917700604e-05
3438,1.518869885330787e-05
3439,3.363037103554234e-05
3440,1.9577635612222366e-05
3441,0.00014941439440008253
3442,2.1898089471505955e-05
3443,1.7038057194440626e-05
3444,8.197750139515847e-05
3445,2.879119710996747e-05
3446,0.0001587352016940713
3447,0.00014087467570789158
3448,3.242220191168599e-05
3449,4.0881848690332845e-05
3450,2.3001084628049284e-05
3451,1.671608697506599e-05
3452,1.6037947716540657e-05
3453,8.662667096359655e-05
3454,4.225822340231389e-05
3455,6.598914478672668e-05
3456,0.00013942606165073812
3457,0.00016282961587421596
3458,0.00020607246551662683
3459,5.793892705696635e-05
3460,1.1772329344239552e-05
3461,8.55025791679509e-05
3462,0.00010786751954583451
3463,2.2565680410480127e-05
3464,5.212087125983089e-05
3465,7.435806764988229e-05
3466,2.91371725325007e-05
3467,6.653365562669933e-05
3468,0.00020191844669170678
3469,0.00014469664893113077
3470,0.00011385386460460722
3471,8.850357698975131e-05
3472,9.030778892338276e-05
3473,0.0001358682638965547
3474,6.951834802748635e-05
3475,8.171025910996832e-06
3476,8.051030454225838e-05
3477,5.228714144323021e-05
3478,2.6544266802375205e-05
3479,9.981403854908422e-05
3480,0.00017136934911832213
3481,5.222670006332919e-05
3482,3.933208790840581e-05
3483,0.00016265171871054918
3484,6.665207911282778e-05
3485,1.5904686733847484e-05
3486,0.00010499038035050035
3487,1.4200465557223652e-05
3488,0.00011484372953418642
3489,3.53729774360545e-05
3490,0.00012792044435627759
3491,1.6123785826493986e-05
3492,0.0001496231707278639
3493,0.00010858630412258208
3494,0.00012098767911083996
3495,7.754812395432964e-05
3496,0.00013651403423864394
3497,0.00019882837659679353
3498,3.0658036848763004e-05
3499,3.680721056298353e-05
3500,7.109476428013295e-05
3501,4.539241490419954e-05
3502,0.0001423270150553435
3503,1.4475210264208727e-05
3504,6.881864101160318e-05
3505,2.8482072593760677e-05
3506,7.757880666758865e-05
3507,4.1748586227186024e-05
3508,0.00010289275087416172
3509,0.00012062985479133204
3510,9.346569277113304e-05
3511,0.00010111652227351442
3512,6.4813531935215e-05
3513,6.052787648513913e-05
3514,4.513727253652178e-05
3515,7.559404912171885e-05
3516,4.9915954150492325e-05
3517,3.5765828215517104e-05
3518,6.550984107889235e-05
3519,6.946166831767187e-05
3520,5.73519901081454e-05
3521,0.00010728144843596965
3522,4.198562237434089e-05
3523,8.009861630853266e-05
3524,0.0001892096479423344
3525,0.00012399262050166726
3526,0.00010754427057690918
3527,6.670781294815242e-05
3528,1.6917943867156282e-05
3529,4.457077375263907e-05
3530,3.9475249650422484e-05
3531,6.289768498390913e-05
3532,5.4133291996549815e-05
3533,3.3366322895744815e-05
3534,4.694761446444318e-05
3535,4.047566471854225e-05
3536,2.904086431954056e-05
3537,9.54115967033431e-05
3538,9.19262965908274e-05
3539,0.00020698027219623327
3540,5.667940422426909e-05
3541,7.837037992430851e-05
3542,0.00014887929137330502
3543,9.869778295978904e-05
3544,5.6072538427542895e-05
3545,0.00014538693358190358
3546,1.3841745385434479e-05
3547,0.00017549395852256566
3548,0.00010571960592642426
3549,9.005541505757719e-05
3550,0.00019821373280137777
3551,0.00019935896852985024
3552,0.0003392425423953682
3553,1.7751364794094115e-05
3554,0.00023889896692708135
3555,3.666873089969158e-05
3556,0.00011719260510290042
3557,0.00043410478974692523
3558,5.4596326663158834e-05
3559,2.5105222448473796e-05
3560,4.724544123746455e-05
3561,0.0001090515434043482
3562,1.7929593013832346e-05
3563,5.723411595681682e-05
3564,1.1553873264347203e-05
3565,0.00019203449483029544
3566,5.939996481174603e-05
3567,4.716172406915575e-05
3568,3.6772413295693696e-05
3569,7.705196912866086e-05
3570,5.788839189335704e-05
3571,6.990710971876979e-05
3572,0.00021700745855923742
3573,7.77309833210893e-05
3574,5.662575495080091e-05
3575,0.00011957640526816249
3576,7.656826346646994e-05
3577,2.5426948923268355e-05
3578,6.361166742863134e-05
3579,3.267436841269955e-05
3580,7.807170186424628e-05
3581,0.00010565174306975678
3582,0.00012057849380653352
3583,0.00018080734298564494
3584,2.9214756068540737e-05
3585,9.415858949068934e-05
3586,8.139896090142429e-05
3587,3.787471359828487e-05
3588,3.562030178727582e-05
3589,5.953213258180767e-05
3590,4.16180191677995e-05
3591,0.00020226836204528809
3592,0.00021427730098366737
3593,5.938663525739685e-05
3594,1.4216959243640304e-05
3595,0.0005188414361327887
3596,0.00010109994764206931
3597,9.368076280225068e-05
3598,4.2341111111454666e-05
3599,3.336182271596044e-05
3600,4.071190778631717e-05
3601,1.1907981388503686e-05
3602,0.00011089746840298176
3603,1.935587715706788e-05
3604,1.5614134099450894e-05
3605,1.9532013538992032e-05
3606,0.00011406620615161955
3607,7.658201502636075e-05
3608,9.873360977508128e-05
3609,1.7542701243655756e-05
3610,7.900660421000794e-05
3611,1.3449569451040588e-05
3612,0.00010939501225948334
3613,7.775690028211102e-05
3614,5.4467109293909743e-05
3615,8.536237146472558e-05
3616,7.578094664495438e-05
3617,7.59750691941008e-05
3618,0.00016564935503993183
3619,8.903578418539837e-05
3620,7.028210529824719e-05
3621,8.011861064005643e-05
3622,0.0001417099847458303
3623,5.748403782490641e-05
3624,2.9683105822186917e-05
3625,0.00010971528536174446
3626,0.00022025317593943328
3627,7.608678424730897e-05
3628,5.501134000951424e-05
3629,0.00013712243526242673
3630,6.86536732246168e-05
3631,9.785011934582144e-05
3632,8.839028305374086e-05
3633,0.00014878727961331606
3634,7.519767677877098e-05
3635,6.590598786715418e-05
3636,0.0001156691723736003
3637,0.0003336493973620236
3638,0.00010715689859353006
3639,7.123987597879022e-05
3640,1.5030664144433104e-05
3641,0.00021210261911619455
3642,0.00014986634778324515
3643,1.548022555653006e-05
3644,5.279312244965695e-05
3645,9.753617632668465e-06
3646,7.844067295081913e-05
3647,4.983721373719163e-05
3648,0.00033431025804020464
3649,2.1827312593813986e-05
3650,5.498560858541168e-05
3651,3.1555806344840676e-05
3652,6.0549311456270516e-05
3653,3.18177008011844e-05
3654,6.335215584840626e-05
3655,0.0001402598718414083
3656,9.871922884485684e-06
3657,4.3361098505556583e-05
3658,0.00018394026847090572
3659,0.0001715951948426664
3660,1.7872775060823187e-05
3661,1.186954523291206e-05
3662,5.856150164618157e-05
3663,6.724186823703349e-05
3664,2.4301227313117124e-05
3665,0.00010371076496085152
3666,0.00014286355872172862
3667,0.0001677142718108371
3668,0.000218843953916803
3669,9.325754945166409e-05
3670,6.639037746936083e-05
3671,1.8780709069687873e-05
3672,2.0088564269826747e-05
3673,0.0001365162170259282
3674,0.00010967327398248017
3675,9.899109863908961e-05
3676,0.0003466073831077665
3677,1.238429467775859e-05
3678,9.060394950211048e-05
3679,7.092369196470827e-05
3680,0.00010888749966397882
3681,4.679022094933316e-05
3682,6.705248961225152e-05
3683,5.00537826155778e-05
3684,6.812511855969205e-05
3685,9.812890493776649e-05
3686,4.23164528911002e-05
3687,8.822492418403272e-06
3688,1.5057846212584991e-05
3689,7.653994543943554e-05
3690,9.494188998360187e-05
3691,0.00026069238083437085
3692,0.00012596839223988354
3693,0.00020773941650986671
3694,3.512544935801998e-05
3695,2.1235140593489632e-05
3696,0.00010096091136801988
3697,0.00012213301670271903
3698,8.101944331428967e-06
3699,8.012980106286705e-05
3700,0.0001528524444438517
3701,0.00014678260777145624
3702,4.90487327624578e-05
3703,0.0005012659821659327
3704,2.2659722162643448e-05
3705,5.1723254728130996e-05
3706,1.0982620551658329e-05
3707,0.00029915725463069975
3708,4.7296503908000886e-05
3709,9.33660485316068e-05
3710,5.4673691920470446e-05
3711,8.140546560753137e-05
3712,5.138646884006448e-05
3713,1.3893249160901178e-05
3714,0.00011698377784341574
3715,9.687450074125081e-05
3716,3.733471385203302e-05
3717,6.869070784887299e-05
3718,0.00015674694441258907
3719,0.00011662439646897838
3720,2.116758878401015e-05
3721,4.937277844874188e-05
3722,0.00010360867599956691
3723,0.00012793652422260493
3724,4.0863746107788756e-05
3725,0.000133908077259548
3726,4.7677018301328644e-05
3727,4.338827420724556e-05
3728,1.58442653628299e-05
3729,1.4918792658136226e-05
3730,0.0003218068741261959
3731,4.555030318442732e-05
3732,6.86549610691145e-05
3733,0.00039715346065349877
3734,0.00028029506211169064
3735,0.0004217963432893157
3736,0.00023867300478741527
3737,1.4123786058917176e-05
3738,6.529551319545135e-05
3739,5.9822450566571206e-05
3740,0.00012728033470921218
3741,0.00033116136910393834
3742,0.00016643956769257784
3743,3.181670035701245e-05
3744,0.0001621788542252034
3745,6.505945202661678e-05
3746,7.622228440595791e-05
3747,1.4193311471899506e-05
3748,1.2733462426695041e-05
3749,4.942339728586376e-05
3750,7.917712355265394e-05
3751,7.74745421949774e-05
3752,4.53687971457839e-05
3753,6.562838098034263e-05
3754,6.923056207597256e-05
3755,0.00020474314806051552
3756,1.42901608342072e-05
3757,0.00031970831332728267
3758,6.767096783732995e-05
3759,0.00013367280189413577
3760,9.634595335228369e-05
3761,1.6829286323627457e-05
3762,2.82450837403303e-05
3763,0.00018473555974196643
3764,2.9563456337200478e-05
3765,9.483753819949925e-05
3766,8.313034777529538e-05
3767,7.254813681356609e-05
3768,8.878095832187682e-05
3769,3.9123107853811234e-05
3770,7.109019497875124e-05
3771,9.710481390357018e-05
3772,2.7513495297171175e-05
3773,0.0001764530607033521
3774,0.00012994869030080736
3775,1.7170546925626695e-05
3776,0.00012740906095132232
3777,0.00010857669258257374
3778,0.00013755096006207168
3779,8.390186121687293e-05
3780,6.473259418271482e-05
3781,5.660978058585897e-05
3782,2.1122752514202148e-05
3783,0.00020638282876461744
3784,1.4357907275552861e-05
3785,0.00011898736556759104
3786,1.0193783964496106e-05
3787,6.420344288926572e-05
3788,1.700993743725121e-05
3789,6.180047057569027e-05
3790,2.882314583985135e-05
3791,0.00012983310443814844
3792,5.370615326683037e-05
3793,0.0001866028760559857
3794,3.458641731413081e-05
3795,2.5765702957869507e-05
3796,2.080884951283224e-05
3797,0.00016156448691617697
3798,8.05706949904561e-05
3799,2.4649620172567666e-05
3800,0.0001772119867382571
3801,7.165330316638574e-05
3802,8.695185897522606e-06
3803,9.906082414090633e-05
3804,6.432925874833018e-05
3805,1.0966812624246813e-05
3806,3.421532892389223e-05
3807,1.8701182852964848e-05
3808,7.244684093166143e-05
3809,5.4399984946940094e-05
3810,3.2832940632943064e-05
3811,3.223366002202965e-05
3812,9.154532745014876e-05
3813,0.000162615004228428
3814,0.00017879088409245014
3815,2.2505630113300867e-05
3816,5.2110633987467736e-05
3817,5.7832519814837724e-05
3818,9.459134889766574e-05
3819,0.00021165299403946847
3820,1.0824477612914052e-05
3821,6.792087515350431e-05
3822,5.1452825573505834e-05
3823,0.00018703367095440626
3824,3.503766129142605e-05
3825,8.148251799866557e-05
3826,8.886823343345895e-05
3827,3.43737774528563e-05
3828,5.895470530958846e-05
3829,6.813489744672552e-05
3830,0.0001069404388545081
3831,3.236907650716603e-05
3832,0.00014793526497669518
3833,0.0002512861683499068
3834,0.000124621408758685
3835,3.991034100181423e-05
3836,9.280324593419209e-05
3837,1.6856920410646126e-05
3838,8.650521340314299e-05
3839,5.396202323026955e-05
3840,1.8449980416335166e-05
3841,6.41204824205488e-05
3842,0.0001087480632122606
3843,0.00033152304240502417
3844,3.352824569446966e-05
3845,7.31359250494279e-05
3846,0.0002455684880260378
3847,4.801333125215024e-05
3848,5.370574945118278e-05
3849,1.836485716921743e-05
3850,0.00027648816467262805
3851,7.69095349824056e-05
3852,1.7269143427256495e-05
3853,0.00018201596685685217
3854,7.478299085050821e-05
3855,6.349917384795845e-05
3856,1.1572943549253978e-05
3857,0.00026321469340473413
3858,1.201870236400282e-05
3859,0.00011111221829196438
3860,0.00010003535135183483
3861,3.221362203476019e-05
3862,8.617894491180778e-05
3863,7.58778624003753e-05
3864,0.00011170367361046374
3865,9.494805271970108e-05
3866,1.8023958546109498e-05
3867,1.6416124708484858e-05
3868,0.00010569790902081877
3869,0.00015070298104546964
3870,1.837487070588395e-05
3871,0.00013883071369491518
3872,7.015244773356244e-05
3873,0.00015553961566183716
3874,2.448031955282204e-05
3875,9.056857379619032e-05
3876,3.041450872842688e-05
3877,5.5787571909604594e-05
3878,5.1117182010784745e-05
3879,0.00017559075786266476
3880,1.8192760762758553e-05
3881,2.4458273401251063e-05
3882,9.005418178276159e-06
3883,5.164421600056812e-05
3884,3.0022187274880707e-05
3885,6.890988879604265e-05
3886,9.483733447268605e-05
3887,4.937890844303183e-05
3888,2.814441359078046e-05
3889,0.00013600791862700135
3890,4.665334563469514e-05
3891,1.26965060189832e-05
3892,4.367923247627914e-05
3893,3.0091578082647175e-05
3894,4.167174847680144e-05
3895,0.0001253110240213573
3896,6.983172352192923e-05
3897,1.9846749637508765e-05
3898,7.316030678339303e-05
3899,0.0001119037697208114
3900,6.64687977405265e-05
3901,0.0002520769485272467
3902,4.0681366954231635e-05
3903,3.979861503466964e-05
3904,2.8769345590262674e-05
3905,2.695702096389141e-05
3906,8.522564166923985e-05
3907,6.737140938639641e-05
3908,7.126588025130332e-05
3909,4.800727037945762e-05
3910,2.0856579794781283e-05
3911,0.00010716735414462164
3912,1.3248053619463462e-05
3913,0.00019917366444133222
3914,6.200849020387977e-05
3915,0.00011638793512247503
3916,0.00019005467765964568
3917,9.55119903665036e-05
3918,7.203276618383825e-05
3919,0.0001062740630004555
3920,6.597067113034427e-05
3921,8.921005064621568e-05
3922,2.2456762962974608e-05
3923,4.880878987023607e-05
3924,5.740376946050674e-05
3925,0.0001077660926966928
3926,1.4507426385534927e-05
3927,0.0001484423701185733
3928,1.2656066246563569e-05
3929,0.00019119636272080243
3930,1.6304056771332398e-05
3931,5.753569712396711e-05
3932,3.678674329421483e-05
3933,2.4410464902757667e-05
3934,4.795967834070325e-05
3935,9.635658352635801e-05
3936,3.589052357710898e-05
3937,4.0507489757146686e-05
3938,9.205983951687813e-05
3939,9.786114969756454e-05
3940,5.4405387345468625e-05
3941,7.492229633498937e-05
3942,7.132006430765614e-05
3943,0.0001713011006359011
3944,0.00020024859986733645
3945,0.0001317682908847928
3946,6.528703670483083e-05
3947,0.00020409119315445423
3948,1.0921369721472729e-05
3949,9.778881212696433e-05
3950,1.6449128452222794e-05
3951,5.7210068916901946e-05
3952,6.289820885285735e-05
3953,3.442259185248986e-05
3954,0.0001206832384923473
3955,3.929117156076245e-05
3956,7.09149899194017e-05
3957,1.3439579561236314e-05
3958,0.0002202672912972048
3959,7.348474173340946e-05
3960,3.5748926165979356e-05
3961,0.00014515632938127965
3962,0.0001998996885959059
3963,7.31250547687523e-05
3964,1.7281054169870913e-05
3965,7.111822196748108e-05
3966,9.515161218587309e-05
3967,0.0001291559892706573
3968,4.4276966946199536e-05
3969,0.00010675248631741852
3970,0.00011936775990761817
3971,6.065236811991781e-05
3972,0.00015640893252566457
3973,4.0428458305541426e-05
3974,7.363662734860554e-05
3975,0.0001269298227271065
3976,3.733026824193075e-05
3977,1.1476265171950217e-05
3978,1.1025853382307105e-05
3979,0.00012731326569337398
3980,4.2617997678462416e-05
3981,7.861084304749966e-05
3982,4.7207842726493254e-05
3983,2.643823972903192e-05
3984,0.0001486722903791815
3985,0.00017002607637550682
3986,0.00013436592416837811
3987,0.00011490031465655193
3988,3.0519797292072326e-05
3989,1.997162507905159e-05
3990,5.522197170648724e-05
3991,1.1790887583629228e-05
3992,0.00019760469149332494
3993,0.00011929070024052635
3994,3.1403073080582544e-05
3995,9.140481415670365e-05
3996,3.375732558197342e-05
3997,9.200988279189914e-05
3998,0.00015152306878007948
3999,0.00014301179908216
4000,0.00013878507888875902
4001,7.69340549595654e-05
4002,4.850339610129595e-05
4003,6.987170490901917e-05
4004,0.00014926461153663695
4005,0.0001971898163901642
4006,6.462569581344724e-05
4007,5.7205455959774554e-05
4008,3.635160101111978e-05
4009,6.0308462707325816e-05
4010,9.106734796660021e-05
4011,0.00010474455484654754
4012,0.00016924808733165264
4013,6.0998412664048374e-05
4014,0.00011259901657467708
4015,4.102413367945701e-05
4016,3.6977537092752755e-05
4017,0.0001145300775533542
4018,9.168643009616062e-05
4019,1.0894686056417413e-05
4020,0.00015674575115554035
4021,1.4291540537669789e-05
4022,0.0001422662171535194
4023,0.0001101809466490522
4024,7.695800377405249e-06
4025,0.00011602966696955264
4026,0.0001232447975780815
4027,9.774565842235461e-05
4028,4.71764215035364e-05
4029,9.546452201902866e-05
4030,2.6211397198494524e-05
4031,8.257082663476467e-05
4032,0.00013294574455358088
4033,1.3044264960626606e-05
4034,0.00017370187561027706
4035,7.015148003119975e-05
4036,1.329672977590235e-05
4037,8.658559818286449e-05
4038,1.602131851541344e-05
4039,1.2769174645654857e-05
4040,6.597624451387674e-05
4041,0.00014338360051624477
4042,8.589771459810436e-05
4043,0.00015343085397034883
4044,0.00014950627519283444
4045,1.2709830116364174e-05
4046,2.6744753995444626e-05
4047,7.459838525392115e-05
4048,0.00022866447397973388
4049,1.1090537554991897e-05
4050,4.203530988888815e-05
4051,7.22300392226316e-05
4052,0.0001435180747648701
4053,4.2954980017384514e-05
4054,5.997263724566437e-05
4055,9.156126179732382e-05
4056,0.00013710794155485928
4057,8.74666657182388e-05
4058,1.4996987374615856e-05
4059,3.454289981164038e-05
4060,3.954266867367551e-05
4061,0.00016948919801507145
4062,5.854178380104713e-05
4063,4.618586172000505e-05
4064,0.0002124033053405583
4065,0.0001569907763041556
4066,4.2320971260778606e-05
4067,0.0002017317310674116
4068,0.00010977025522151962
4069,5.187698479858227e-05
4070,6.721679528709501e-05
4071,3.8480233342852443e-05
4072,4.243382136337459e-05
4073,9.222637163475156e-05
4074,4.651751441997476e-05
4075,0.00035798567114397883
4076,5.430323290056549e-05
4077,3.27083034790121e-05
4078,0.0001867456448962912
4079,0.00018938150606118143
4080,9.782005508895963e-05
4081,8.873733168002218e-05
4082,1.0485534403414931e-05
4083,4.2098501580767334e-05
4084,1.9110559151158668e-05
4085,7.218758400995284e-05
4086,1.593837805557996e-05
4087,0.0001260177668882534
4088,0.00010333160753361881
4089,6.386555469362065e-05
4090,4.502579758991487e-05
4091,3.633556480053812e-05
4092,8.375924517167732e-05
4093,9.317784133600071e-06
4094,0.0001179930695798248
4095,7.499810453737155e-05
4096,2.053066054941155e-05
4097,1.13175374281127e-05
4098,8.169532520696521e-05
4099,1.431929376849439e-05
4100,1.3021308404859155e-05
4101,1.0900796951318625e-05
4102,6.49564535706304e-05
4103,1.1492829798953608e-05
4104,3.164094960084185e-05
4105,2.9166527383495122e-05
4106,2.1408455722848885e-05
4107,0.00011118172551505268
4108,6.923890032339841e-05
4109,5.988209886709228e-05
4110,4.799829184776172e-05
4111,1.2281698218430392e-05
4112,3.642245792434551e-05
4113,3.752093834918924e-05
4114,5.4041724069975317e-05
4115,2.906584086304065e-05
4116,7.300959987333044e-05
4117,0.0001926945842569694
4118,9.451269579585642e-05
4119,2.907651105488185e-05
4120,0.000104716164059937
4121,7.341382297454402e-05
4122,1.7843918612925336e-05
4123,0.00011273860582150519
4124,6.054218829376623e-05
4125,1.4415127225220203e-05
4126,4.8109104682225734e-05
4127,0.00022266956511884928
4128,0.0001433048746548593
4129,0.00014381922665052116
4130,0.00012368278112262487
4131,9.673956083133817e-05
4132,0.00022170497686602175
4133,7.349828956648707e-05
4134,3.9309354178840294e-05
4135,3.174344601575285e-05
4136,1.429698932042811e-05
4137,1.6481761122122407e-05
4138,0.00017868520808406174
4139,0.00010639416723279282
4140,8.642137254355475e-05
4141,2.6514600904192775e-05
4142,7.007710519246757e-05
4143,0.000127002305816859
4144,0.00021487266349140555
4145,2.7453279471956193e-05
4146,0.00010809749073814601
4147,6.441389268729836e-05
4148,5.7540732086636126e-05
4149,0.0004394229326862842
4150,9.98316245386377e-05
4151,9.211767610395327e-05
4152,5.060477997176349e-05
4153,3.097390435868874e-05
4154,1.7791568097891286e-05
4155,7.37156078685075e-05
4156,2.9299886591616087e-05
4157,8.772149158176035e-05
4158,8.414158946834505e-05
4159,3.39533798978664e-05
4160,6.324090645648539e-05
4161,0.00012143019557697698
4162,0.0002730037667788565
4163,8.197568240575492e-05
4164,0.00012418415280990303
4165,5.342897566151805e-05
4166,0.00018158872262574732
4167,0.0001465522509533912
4168,4.1548191802576184e-05
4169,6.404016312444583e-05
4170,0.00010719263809733093
4171,0.00019008637173101306
4172,7.792950782459229e-05
4173,0.00010402368206996471
4174,0.0002256149600725621
4175,5.651231549563818e-05
4176,1.5095267372089438e-05
4177,4.167424776824191e-05
4178,1.6009353203116916e-05
4179,0.00016027118545025587
4180,0.00010129310248885304
4181,0.00011604935571085662
4182,0.00023665039043407887
4183,1.9766957848332822e-05
4184,5.592847446678206e-05
4185,0.00014154845848679543
4186,2.0439247236936353e-05
4187,6.878873682580888e-05
4188,1.9322136722621508e-05
4189,6.195700552780181e-05
4190,5.961432179901749e-05
4191,4.884761438006535e-05
4192,4.633864591596648e-05
4193,0.0003552467096596956
4194,2.1665997337549925e-05
4195,3.689735603984445e-05
4196,2.734296867856756e-05
4197,3.1406838388647884e-05
4198,1.401340796292061e-05
4199,1.522838920209324e-05
4200,9.816452802624553e-05
4201,4.6043791371630505e-05
4202,0.00017909391317516565
4203,0.00013181311078369617
4204,0.00014181833830662072
4205,1.1465021088952199e-05
4206,1.5909874491626397e-05
4207,4.40131698269397e-05
4208,6.391791976056993e-05
4209,0.00010573783947620541
4210,2.9356680897763e-05
4211,3.8239119021454826e-05
4212,1.9682902347994968e-05
4213,0.0001223625149577856
4214,1.4168159395921975e-05
4215,5.1224233175162226e-05
4216,0.000108965155959595
4217,2.637291072460357e-05
4218,0.0001244251907337457
4219,3.721682878676802e-05
4220,4.5652846893062815e-05
4221,6.435587420128286e-05
4222,8.883532427717e-05
4223,8.327860268764198e-05
4224,3.671808008220978e-05
4225,0.00013380902237258852
4226,3.0275274184532464e-05
4227,0.00012321060057729483
4228,1.0143552572117187e-05
4229,5.321424396242946e-06
4230,1.3142636817065068e-05
4231,8.016248466446996e-05
4232,4.5826498535461724e-05
4233,0.0002165373443858698
4234,0.00022748832998331636
4235,8.624177280580625e-05
4236,2.0110175682930276e-05
4237,2.541285357438028e-05
4238,1.0680265404516831e-05
4239,1.5004639863036573e-05
4240,8.647558388474863e-06
4241,0.00011185450421180576
4242,5.7166602346114814e-05
4243,5.1624610932776704e-05
4244,3.936181019525975e-05
4245,1.0115937584487256e-05
4246,2.8019523597322404e-05
4247,0.00011896865180460736
4248,0.00018393629579804838
4249,4.776744754053652e-05
4250,0.00011450987949501723
4251,0.00021000024571549147
4252,6.602502253372222e-05
4253,5.617841816274449e-05
4254,4.65630873804912e-05
4255,1.395500385115156e-05
4256,2.7300564397592098e-05
4257,4.180807445663959e-05
4258,0.00011641674063866958
4259,0.00016688890173099935
4260,6.758074596291408e-05
4261,0.0001478990016039461
4262,5.5657328630331904e-05
4263,3.9791200833860785e-05
4264,8.189775689970702e-05
4265,4.014770092908293e-05
4266,6.829881749581546e-05
4267,6.256537017179653e-05
4268,0.00010446937812957913
4269,5.816222255816683e-05
4270,1.6575120753259398e-05
4271,2.083518120343797e-05
4272,0.00012085502385161817
4273,7.597865624120459e-05
4274,9.133262210525572e-05
4275,0.00012207042891532183
4276,0.00017120986012741923
4277,0.00032126082805916667
4278,7.620586984558031e-05
4279,2.9942722903797403e-05
4280,7.47540034353733e-05
4281,8.68827828526264e-06
4282,0.00014598130655940622
4283,3.2123352866619825e-05
4284,4.5469238102668896e-05
4285,3.0426426746998914e-05
4286,3.330966137582436e-05
4287,0.0001446697860956192
4288,2.176221096306108e-05
4289,0.00010239513358101249
4290,8.030202297959477e-05
4291,0.00015039925347082317
4292,5.8128844102611765e-05
4293,0.00012735379277728498
4294,2.9549199098255485e-05
4295,4.9251451855525374e-05
4296,1.2375057849567384e-05
4297,0.0002264114300487563
4298,6.841380672995001e-05
4299,3.052027750527486e-05
4300,7.97770480858162e-05
4301,4.130563684157096e-05
4302,1.5098838048288599e-05
4303,6.620797648793086e-05
4304,0.00014104916772339493
4305,1.7320817278232425e-05
4306,5.545539170270786e-05
4307,5.437258369056508e-05
4308,0.00017406964616384357
4309,3.964329880545847e-05
4310,0.00011825303954537958
4311,6.014145037624985e-05
4312,1.7270955140702426e-05
4313,0.00013597021461464465
4314,0.00010564750118646771
4315,5.5479849834227934e-06
4316,3.0299448553705588e-05
4317,5.2321713155834004e-05
4318,9.723948096507229e-06
4319,9.407453035237268e-05
4320,0.00012418437108863145
4321,3.9835580537328497e-05
4322,0.00016183666593860835
4323,1.3345985280466266e-05
4324,4.827515658689663e-05
4325,0.00013063900405541062
4326,4.131489549763501e-05
4327,5.122100264998153e-05
4328,0.00013202326954342425
4329,0.0001445278903702274
4330,4.414071736391634e-05
4331,7.632632332388312e-05
4332,3.139804903184995e-05
4333,3.403874870855361e-05
4334,1.8424016161588952e-05
4335,7.550462032668293e-05
4336,0.0001302068558288738
4337,1.515213352831779e-05
4338,0.0002496994275134057
4339,1.8457054466125555e-05
4340,5.076832894701511e-05
4341,3.0780687666265294e-05
4342,4.799021553480998e-05
4343,0.00031128613045439124
4344,8.046308357734233e-05
4345,3.116689185844734e-05
4346,5.8785204601008445e-05
4347,0.00024435902014374733
4348,8.788150444161147e-05
4349,0.00012957522994838655
4350,0.00010174491762882099
4351,0.00025575864128768444
4352,1.941186019394081e-05
4353,0.00012258344213478267
4354,3.550067776814103e-05
4355,7.795897545292974e-05
4356,1.2810698535759002e-05
4357,4.038400948047638e-05
4358,9.86942250165157e-05
4359,4.442039426066913e-05
4360,1.85866065294249e-05
4361,2.1515341359190643e-05
4362,5.188116483623162e-05
4363,7.368420483544469e-05
4364,0.00016150213195942342
4365,0.0001413069840054959
4366,6.0876787756569684e-05
4367,0.0001479327620472759
4368,0.0002126614999724552
4369,6.909051444381475e-05
4370,2.1377449229476042e-05
4371,5.023669291404076e-05
4372,9.415960812475532e-05
4373,2.1737709175795317e-05
4374,6.61827070871368e-05
4375,0.00012929769582115114
4376,6.989599933149293e-05
4377,1.2691463780356571e-05
4378,6.31871516816318e-05
4379,5.674440035363659e-05
4380,0.0001598218659637496
4381,4.278004780644551e-05
4382,2.6157347747357562e-05
4383,0.00010720134014263749
4384,0.00010030049452325329
4385,4.2165574996033683e-05
4386,4.962810635333881e-05
4387,9.792795754037797e-05
4388,8.655583951622248e-05
4389,0.0002191450766986236
4390,1.8215509044239298e-05
4391,2.928084177256096e-05
4392,2.4909599233069457e-05
4393,0.00013849406968802214
4394,2.3877139028627425e-05
4395,8.103542495518923e-05
4396,4.2375486373202875e-05
4397,0.00011361870565451682
4398,0.0001020307608996518
4399,7.716281834291294e-05
4400,9.473309910390526e-05
4401,0.000131555600091815
4402,6.040665539330803e-05
4403,1.7416454284102656e-05
4404,5.4703577916370705e-05
4405,7.703319715801626e-05
4406,0.0001098722277674824
4407,5.057626549387351e-05
4408,0.00018647230172064155
4409,0.0001042965886881575
4410,5.217721627559513e-05
4411,0.0001202081039082259
4412,0.00016070525452960283
4413,3.4434055123711005e-05
4414,4.2923995351884514e-05
4415,2.103456063196063e-05
4416,1.224946572619956e-05
4417,0.0001538087090011686
4418,2.3478078219341114e-05
4419,4.438450559973717e-05
4420,0.00027703779051080346
4421,1.6313526430167258e-05
4422,5.742479334003292e-05
4423,1.5249449461407494e-05
4424,8.835384505800903e-05
4425,0.00022037123562768102
4426,5.460516695166007e-05
4427,6.762632983736694e-05
4428,3.6588633520295843e-05
4429,0.00028564318199642
4430,7.169523451011628e-05
4431,8.52238226798363e-05
4432,9.60841280175373e-05
4433,5.4415970225818455e-05
4434,0.00023909940500743687
4435,0.00013354222755879164
4436,0.00011088482278864831
4437,5.827898348798044e-05
4438,9.958956798072904e-05
4439,4.431269917404279e-05
4440,0.00011288070527371019
4441,6.972256232984364e-05
4442,0.00013649652828462422
4443,6.269686855375767e-05
4444,8.835276275931392e-06
4445,0.00016025772492866963
4446,0.00011761842324631289
4447,1.714745485514868e-05
4448,7.234794611576945e-05
4449,0.00017560223932377994
4450,0.00012051557860104367
4451,3.184423258062452e-05
4452,1.585573045304045e-05
4453,5.397552013164386e-05
4454,1.976442217710428e-05
4455,0.0001060978029272519
4456,6.372090865625069e-05
4457,0.0001256015821127221
4458,8.959132537711412e-05
4459,4.399428507895209e-05
4460,3.3893455110955983e-05
4461,6.234359898371622e-05
4462,0.00010109129652846605
4463,1.5030900613055564e-05
4464,8.719308243598789e-05
4465,2.925299122580327e-05
4466,9.529429371468723e-05
4467,4.5610704546561465e-05
4468,0.000258602638496086
4469,0.00019985482504125684
4470,6.55035546515137e-05
4471,0.0002151638618670404
4472,6.231889710761607e-05
4473,4.9827965995064005e-05
4474,0.00013586375280283391
4475,7.773176184855402e-05
4476,3.1121180654736236e-05
4477,1.2792579582310282e-05
4478,7.997841021278873e-05
4479,2.1314583136700094e-05
4480,2.18578934436664e-05
4481,6.884063623147085e-05
4482,8.538235124433413e-05
4483,0.00012126720685046166
4484,0.00015666121907997876
4485,1.109035929403035e-05
4486,0.00010676974488887936
4487,9.696521010482684e-05
4488,0.0002596704289317131
4489,1.7357599062961526e-05
4490,2.630425660754554e-05
4491,7.36576403141953e-05
4492,5.039447205490433e-05
4493,0.00012602620699908584
4494,0.00010684931476134807
4495,4.941128281643614e-05
4496,0.00024277897318825126
4497,2.859570668078959e-05
4498,0.00011551462375791743
4499,2.8552294679684564e-05
4500,0.00010201965051237494
4501,0.0001180353865493089
4502,1.214086569234496e-05
4503,6.342481356114149e-05
4504,1.8885442841565236e-05
4505,3.74996307073161e-05
4506,0.00021430576452985406
4507,4.378864832688123e-05
4508,5.6187913287431e-05
4509,3.170418131048791e-05
4510,0.00012619240442290902
4511,6.584885704796761e-05
4512,1.6986961782095022e-05
4513,9.825815504882485e-05
4514,2.239139939774759e-05
4515,8.890189928933978e-05
4516,4.450259802979417e-05
4517,8.712457929505035e-05
4518,8.567000622861087e-05
4519,1.356399297947064e-05
4520,0.00015097670257091522
4521,9.897227573674172e-05
4522,5.197270729695447e-05
4523,0.00020952899649273604
4524,7.896489114500582e-05
4525,0.0003177233156748116
4526,0.00020559909171424806
4527,0.00010944936366286129
4528,0.00019489887927193195
4529,0.00015028996858745813
4530,0.00015064969193190336
4531,7.425482908729464e-05
4532,0.00031096988823264837
4533,0.00013500876957550645
4534,3.343127900734544e-05
4535,6.781832780689001e-05
4536,3.9124381146393716e-05
4537,1.578431692905724e-05
4538,0.00022647713194601238
4539,8.930914918892086e-05
4540,1.2154287105659023e-05
4541,8.997352415462956e-05
4542,7.460698543582112e-05
4543,8.193333633244038e-05
4544,1.0198447853326797e-05
4545,0.00029997664387337863
4546,1.0921266039076727e-05
4547,3.193353768438101e-05
4548,1.2687201888184063e-05
4549,4.6907374780857936e-05
4550,0.00010919362102868035
4551,1.2710522241832223e-05
4552,0.00016769935609772801
4553,0.00013833971752319485
4554,0.00024040645803324878
4555,0.0001451660064049065
4556,1.701973997114692e-05
4557,1.775545024429448e-05
4558,6.954441778361797e-05
4559,6.899565050844103e-05
4560,9.063820471055806e-05
4561,6.901996130181942e-06
4562,5.236699144006707e-05
4563,5.01759750477504e-05
4564,0.00022023181372787803
4565,5.980386049486697e-05
4566,0.00010763807222247124
4567,0.00010165529965888709
4568,9.482583845965564e-05
4569,0.0001380792527925223
4570,6.713346374453977e-05
4571,0.00014935054059606045
4572,3.628130070865154e-05
4573,7.720668509136885e-05
4574,7.364607881754637e-05
4575,5.5764205171726644e-05
4576,8.83224856806919e-05
4577,0.00011174943938385695
4578,9.878418495645747e-05
4579,0.00011727958917617798
4580,3.8885798858245835e-05
4581,6.771532935090363e-05
4582,9.956624126061797e-05
4583,0.00013585365377366543
4584,0.00012141036859247833
4585,1.8757040379568934e-05
4586,1.7193040548590943e-05
4587,0.0001450909476261586
4588,0.0003298235242255032
4589,0.00011446551798144355
4590,5.702074849978089e-05
4591,7.425596413668245e-05
4592,8.462324331048876e-05
4593,0.0001839392352849245
4594,6.273583130678162e-05
4595,0.00015312392497435212
4596,3.8513131585204974e-05
4597,0.00010200820543104783
4598,0.00010320091678295285
4599,7.61671326472424e-05
4600,0.00013386894715949893
4601,0.00012988579692319036
4602,8.179336873581633e-05
4603,4.702037404058501e-05
4604,0.00014186461339704692
4605,0.0001042916119331494
4606,2.54330770985689e-05
4607,9.396621862833854e-06
4608,7.490652205888182e-05
4609,5.572390364250168e-05
4610,1.0666377420420758e-05
4611,5.020109165343456e-05
4612,8.303775393869728e-05
4613,6.078883961890824e-05
4614,6.49790745228529e-05
4615,0.0001162519256467931
4616,0.00011880886449944228
4617,7.545664993813261e-05
4618,2.985170613101218e-05
4619,8.721561607671902e-05
4620,5.4290369007503614e-05
4621,3.8486847188323736e-05
4622,9.115114517044276e-05
4623,7.289920176845044e-05
4624,6.203108932822943e-05
4625,0.00012639084889087826
4626,9.33585615712218e-05
4627,7.786284550093114e-05
4628,5.83438049943652e-05
4629,5.2432078518904746e-05
4630,0.00024139517336152494
4631,0.00014068945893086493
4632,6.423245213227347e-05
4633,0.00020252648391760886
4634,8.385169348912314e-05
4635,0.0001140142121585086
4636,1.8482078303350136e-05
4637,2.8500335247372277e-05
4638,2.8251643016119488e-05
4639,1.1119089322164655e-05
4640,7.713802915532142e-05
4641,0.0001905961544252932
4642,7.628820458194241e-05
4643,0.0001249188935616985
4644,0.00015762465773150325
4645,4.725942562799901e-05
4646,7.928069680929184e-05
4647,9.519499144516885e-05
4648,3.7601937947329134e-05
4649,9.546106593916193e-05
4650,1.3204893548390828e-05
4651,4.1036473703570664e-05
4652,5.136826075613499e-05
4653,0.00011955278750974685
4654,2.043566928477958e-05
4655,6.733818008797243e-05
4656,1.372898077534046e-05
4657,2.877972656278871e-05
4658,4.000862827524543e-05
4659,4.620457184500992e-05
4660,1.1306268788757734e-05
4661,2.7002042770618573e-05
4662,8.561744471080601e-05
4663,6.316935923678102e-06
4664,1.3555039004131686e-05
4665,4.1825624066405e-05
4666,9.15663258638233e-05
4667,2.3385638996842317e-05
4668,0.00023339714971370995
4669,0.0001066421827999875
4670,5.073766806162894e-05
4671,9.509558731224388e-05
4672,6.1671671574004e-05
4673,0.00012016958498861641
4674,9.962353033188265e-06
4675,1.6095431419671513e-05
4676,6.438088894356042e-05
4677,8.67847484187223e-06
4678,0.00015948610962368548
4679,0.00015618922770954669
4680,2.8622256650123745e-05
4681,6.619997293455526e-05
4682,3.844283492071554e-05
4683,3.281094541307539e-05
4684,0.00020789896370843053
4685,7.504060340579599e-05
4686,1.715926919132471e-05
4687,0.00018642032227944583
4688,0.000254077953286469
4689,2.130256143573206e-05
4690,7.379206363111734e-05
4691,5.394763866206631e-05
4692,7.060776260914281e-05
4693,2.9316548534552567e-05
4694,8.623125904705375e-05
4695,5.332050932338461e-05
4696,2.8786438633687794e-05
4697,1.081498612620635e-05
4698,0.00017168076010420918
4699,3.5365777875995263e-05
4700,4.7846238885540515e-05
4701,4.789092781720683e-05
4702,0.00019772391533479095
4703,7.242127321660519e-05
4704,5.707854143111035e-05
4705,1.4349089724419173e-05
4706,8.25801253085956e-05
4707,0.00010226513404631987
4708,7.335764530580491e-05
4709,1.836193769122474e-05
4710,9.290419984608889e-05
4711,3.337951056892052e-05
4712,3.17033554892987e-05
4713,8.409065776504576e-05
4714,6.798523099860176e-05
4715,8.574937237426639e-05
4716,0.00018620975606609136
4717,0.000140776697662659
4718,0.00012409027840476483
4719,6.751163164153695e-05
4720,0.0003104725619778037
4721,0.0001533720933366567
4722,8.908623567549512e-05
4723,9.003252489492297e-05
4724,5.471161421155557e-05
4725,7.692006329307333e-05
4726,3.9911887142807245e-05
4727,8.099561091512442e-05
4728,0.00010439890320412815
4729,5.1728537073358893e-05
4730,7.46742298360914e-05
4731,1.729742143652402e-05
4732,3.705434937728569e-05
4733,1.2983896340301726e-05
4734,0.0001337428402621299
4735,8.895055543689523e-06
4736,0.00019356232951395214
4737,2.166042941098567e-05
4738,5.264212086331099e-05
4739,3.0378436349565163e-05
4740,0.00013424965436570346
4741,0.00010520935757085681
4742,4.558978616842069e-05
4743,4.9752474296838045e-05
4744,0.0001867937680799514
4745,1.432924545952119e-05
4746,0.00036319566424936056
4747,5.73331126361154e-05
4748,2.0620995201170444e-05
4749,9.456397674512118e-05
4750,0.00010681687854230404
4751,5.8294725022278726e-05
4752,9.203813533531502e-05
4753,6.371028575813398e-05
4754,9.519016020931304e-05
4755,6.587422831216827e-05
4756,4.918388367514126e-05
4757,0.0001135243073804304
4758,3.6872061173198745e-05
4759,0.00010457048483658582
4760,5.124688323121518e-05
4761,2.0190755094517954e-05
4762,6.386790482793003e-05
4763,0.00014562258729711175
4764,0.00011175812687724829
4765,0.0001382308837492019
4766,0.00013820716412737966
4767,1.3659046999237034e-05
4768,0.00010479304182808846
4769,9.896459232550114e-05
4770,0.00010613164340611547
4771,8.394136966671795e-05
4772,0.00020144195877946913
4773,3.734054189408198e-05
4774,4.0952400013338774e-05
4775,9.416563261765987e-05
4776,5.7750232372200117e-05
4777,0.00011428822472225875
4778,0.00013938153279013932
4779,5.270155816106126e-05
4780,0.00013661343837156892
4781,0.00011799022468039766
4782,0.00011070127948187292
4783,0.00012332870392128825
4784,9.011782822199166e-05
4785,1.4441309758694842e-05
4786,3.532773916958831e-05
4787,9.565606887917966e-05
4788,7.893433212302625e-05
4789,6.874137034174055e-05
4790,5.9486359532456845e-05
4791,1.376920408802107e-05
4792,7.2875787736848e-05
4793,3.286082937847823e-05
4794,4.110603913431987e-05
4795,7.06903520040214e-05
4796,0.00010887860844377428
4797,8.391106348426547e-06
4798,6.540113099617884e-05
4799,5.628324288409203e-05
4800,6.132670387160033e-05
4801,0.0001069760910468176
4802,1.5703410099376924e-05
4803,8.098587568383664e-05
4804,7.096710032783449e-05
4805,7.982517854543403e-05
4806,0.00028472577105276287
4807,9.80693002929911e-05
4808,0.0001687763724476099
4809,6.596650928258896e-05
4810,3.954767089453526e-05
4811,3.804103107540868e-05
4812,7.970696606207639e-05
4813,0.00010996234050253406
4814,2.2358677597367205e-05
4815,0.00019180016533937305
4816,6.876380211906508e-05
4817,4.048929986311123e-05
4818,1.904043892864138e-05
4819,0.0001276889961445704
4820,0.00014297798043116927
4821,2.227483673777897e-05
4822,1.850096305133775e-05
4823,5.814747419208288e-05
4824,4.703500235336833e-05
4825,5.688275268767029e-05
4826,2.787100493151229e-05
4827,1.4024992196937092e-05
4828,0.0001704139867797494
4829,9.191436402034014e-05
4830,1.2529962987173349e-05
4831,0.00011184360482729971
4832,3.071350511163473e-05
4833,6.049924559192732e-05
4834,4.2276053136447445e-05
4835,4.1728206269908696e-05
4836,3.037382339243777e-05
4837,1.7490991012891755e-05
4838,0.00027655018493533134
4839,0.00016143130778800696
4840,0.00011856754281325266
4841,8.986177999759093e-05
4842,6.319573003565893e-05
4843,0.00019604526460170746
4844,2.8919866963406093e-05
4845,2.0150528143858537e-05
4846,5.506572051672265e-05
4847,3.138326792395674e-05
4848,8.567573968321085e-05
4849,4.3509040551725775e-05
4850,0.00011685072240652516
4851,1.1047624866478145e-05
4852,1.151217566075502e-05
4853,0.00011292855197098106
4854,0.00015858373080845922
4855,0.0001485944667365402
4856,4.94558407808654e-05
4857,3.290407403255813e-05
4858,0.00018433837976772338
4859,1.5411898857564665e-05
4860,4.090250877197832e-05
4861,2.7485397367854603e-05
4862,6.0696944274241105e-05
4863,7.563139661215246e-05
4864,0.00014677830040454865
4865,6.799086258979514e-05
4866,9.819185652304441e-05
4867,4.9477577704237774e-05
4868,7.767934584990144e-05
4869,2.410051820334047e-05
4870,9.137230517808348e-05
4871,1.37758888740791e-05
4872,0.00011595657997531816
4873,0.00011522063141455874
4874,3.0712912121089175e-05
4875,3.721762914210558e-05
4876,9.992998093366623e-05
4877,2.999834032380022e-05
4878,0.0001614837092347443
4879,5.4122945584822446e-05
4880,0.00011462075053714216
4881,0.00020735854923259467
4882,1.9971488654846326e-05
4883,2.60312735917978e-05
4884,6.47958368062973e-05
4885,2.783096715575084e-05
4886,0.0003817732213065028
4887,0.00017713752458803356
4888,0.00017092999769374728
4889,3.594474765122868e-05
4890,0.00013860492617823184
4891,5.625920312013477e-05
4892,4.3334403017070144e-05
4893,0.00013020201004110277
4894,6.786183803342283e-05
4895,0.00028706842567771673
4896,0.0001306477643083781
4897,4.8762311052996665e-05
4898,5.401771704782732e-05
4899,9.254123142454773e-05
4900,4.376318247523159e-05
4901,1.4384069800144061e-05
4902,8.652489486848935e-05
4903,0.00020040679373778403
4904,3.939528687624261e-05
4905,1.4826465303485747e-05
4906,9.009883797261864e-05
4907,0.00018579780589789152
4908,4.286030525690876e-05
4909,6.88379950588569e-05
4910,6.054934783605859e-05
4911,4.859281762037426e-05
4912,0.00013370043598115444
4913,8.98847429198213e-06
4914,0.00020288991800043732
4915,6.104564818087965e-05
4916,4.732496017822996e-05
4917,8.25451425043866e-05
4918,0.00011468594311736524
4919,0.0001394355349475518
4920,5.4040014219935983e-05
4921,0.00011905429710168391
4922,9.576260345056653e-05
4923,0.00023882195819169283
4924,3.0418590540648438e-05
4925,3.037377246073447e-05
4926,0.00010949130228254944
4927,0.00026063492987304926
4928,1.5242134395521134e-05
4929,4.097244527656585e-05
4930,5.011542089050636e-05
4931,3.932179242838174e-05
4932,0.00011115553206764162
4933,9.573417628416792e-05
4934,1.177423655462917e-05
4935,0.00012875557877123356
4936,4.77822104585357e-05
4937,8.92858806764707e-05
4938,0.00010805821511894464
4939,3.362828283570707e-05
4940,5.650891034747474e-05
4941,4.048463233630173e-05
4942,7.544916297774762e-05
4943,3.001037475769408e-05
4944,0.0001594527275301516
4945,0.0001560281089041382
4946,9.11898969206959e-05
4947,7.538551290053874e-05
4948,5.8625439123716205e-05
4949,0.0001050851569743827
4950,7.559778168797493e-05
4951,8.705141954123974e-05
4952,0.000431005290010944
4953,9.418617992196232e-05
4954,8.987544424599037e-05
4955,0.0001379552559228614
4956,0.0001533661416033283
4957,3.6624605854740366e-05
4958,9.72077323240228e-05
4959,0.00013281466090120375
4960,4.314090620027855e-05
4961,0.00017424522957298905
4962,0.00018573360284790397
4963,4.4447355321608484e-05
4964,9.664239041740075e-05
4965,5.494874858413823e-05
4966,3.1375988328363746e-05
4967,4.729224747279659e-05
4968,5.3292860684450716e-05
4969,0.00011113801883766428
4970,1.06216148196836e-05
4971,7.97684770077467e-05
4972,0.00013395497808232903
4973,0.00010983854008372873
4974,8.759993215790018e-05
4975,0.0001498205092502758
4976,0.00021640447084791958
4977,5.89237897656858e-05
4978,2.113866139552556e-05
4979,0.00020203873282298446
4980,1.9023002096218988e-05
4981,8.189244545064867e-05
4982,7.166694558691233e-05
4983,4.1118055378319696e-05
4984,2.1712172383558936e-05
4985,0.00010932431177934632
4986,3.623632073868066e-05
4987,5.753863661084324e-05
4988,1.3281418432598002e-05
4989,3.895353074767627e-05
4990,3.873918467434123e-05
4991,0.0002633274416439235
4992,3.761227344512008e-05
4993,7.206754526123405e-05
4994,2.2693089704262093e-05
4995,4.8445272113895044e-05
4996,3.364985605003312e-05
4997,3.0283452360890806e-05
4998,0.00024130192468874156
4999,4.98442241223529e-05
5000,7.929358980618417e-05
5001,4.177153459750116e-05
5002,3.864869358949363e-05
5003,8.057888771872967e-05
5004,0.00010378321167081594
5005,1.8924143660115078e-05
5006,8.292226993944496e-05
5007,2.920275437645614e-05
5008,0.00011866095883306116
5009,0.00013482104986906052
5010,6.944162305444479e-05
5011,5.7753823057282716e-05
5012,1.4456757526204456e-05
5013,3.652961095212959e-05
5014,2.037330523307901e-05
5015,0.00012440045247785747
5016,9.09505324671045e-05
5017,0.00013983825920149684
5018,1.9507473552948795e-05
5019,3.5073928302153945e-05
5020,7.752887904644012e-05
5021,5.6968819990288466e-05
5022,0.0001145449496107176
5023,9.640901225793641e-06
5024,2.7940703148487955e-05
5025,4.9638169002719223e-05
5026,9.475680417381227e-05
5027,3.9856051444076e-05
5028,4.962596358382143e-05
5029,0.00012180408521089703
5030,4.405593790579587e-05
5031,6.547699740622193e-05
5032,6.374272925313562e-05
5033,3.1100680644158274e-05
5034,9.18960795388557e-05
5035,0.00018370634643360972
5036,6.354704237310216e-05
5037,9.069930820260197e-05
5038,5.5048702051863074e-05
5039,8.716658339835703e-05
5040,4.039065970573574e-05
5041,0.00010851588740479201
5042,0.00012540776515379548
5043,3.2895120966713876e-05
5044,5.092367064207792e-05
5045,2.59458611253649e-05
5046,7.349221414187923e-05
5047,1.3296335964696482e-05
5048,1.8442289729136974e-05
5049,2.1221854694886133e-05
5050,6.181025673868135e-05
5051,7.22545082680881e-05
5052,2.387334097875282e-05
5053,0.00011478494707262143
5054,1.3534495337808039e-05
5055,0.00012325835996307433
5056,5.596965638687834e-05
5057,0.00017601456784177572
5058,3.994115104433149e-05
5059,0.00019558562780730426
5060,5.3803880291525275e-05
5061,8.685453940415755e-05
5062,7.435301085934043e-05
5063,1.1359744348737877e-05
5064,1.4839298273727763e-05
5065,2.158512143068947e-05
5066,9.860143472906202e-05
5067,0.0005157160339877009
5068,1.8450253264745697e-05
5069,0.00013093641609884799
5070,0.00011069055472034961
5071,0.00016174832126125693
5072,1.4985776942921802e-05
5073,2.171326195821166e-05
5074,7.098609785316512e-05
5075,6.71393790980801e-05
5076,4.867183088208549e-05
5077,0.0001905442913994193
5078,8.525679731974378e-05
5079,3.149848635075614e-05
5080,3.596298483898863e-05
5081,9.139951725956053e-05
5082,3.781967097893357e-05
5083,2.1573701815214008e-05
5084,2.2211967007024214e-05
5085,0.00013780978042632341
5086,0.0001007054015644826
5087,0.00017960870172828436
5088,4.3210551666561514e-05
5089,3.9438295061700046e-05
5090,4.562042158795521e-05
5091,8.243920456152409e-05
5092,2.2707868993165903e-05
5093,0.00020280791795812547
5094,1.563654404890258e-05
5095,8.407321001868695e-05
5096,9.335624054074287e-05
5097,7.705480675213039e-05
5098,1.761849671311211e-05
5099,2.1755815396318212e-05
5100,1.0526488040341064e-05
5101,0.00015145227371249348
5102,8.2006401498802e-05
5103,5.0818231102311984e-05
5104,3.051967723877169e-05
5105,3.873818786814809e-05
5106,3.5015262255910784e-05
5107,0.00014549998741131276
5108,0.00020970599143765867
5109,7.537659257650375e-05
5110,7.111555169103667e-05
5111,0.00016046635573729873
5112,1.4332416867546272e-05
5113,1.388842338201357e-05
5114,0.00017074565403163433
5115,0.00015217059990391135
5116,2.759202652669046e-05
5117,4.6849309001117945e-05
5118,6.261061935219914e-05
5119,1.9771176084759645e-05
5120,0.00010638778621796519
5121,1.5178558896877803e-05
5122,0.00010267022298648953
5123,0.0004285035829525441
5124,1.5480527508771047e-05
5125,1.4448114598053508e-05
5126,8.711694681551307e-05
5127,8.973236253950745e-05
5128,2.2990241632214747e-05
5129,2.8056952942279167e-05
5130,4.0315317164640874e-05
5131,0.00012684438843280077
5132,7.98913897597231e-05
5133,0.00011400048970244825
5134,0.000174401153344661
5135,0.00011346545215928927
5136,8.571989746997133e-05
5137,5.646660429192707e-05
5138,9.313379268860444e-05
5139,1.5752195395180024e-05
5140,7.374630513368174e-05
5141,1.1053527487092651e-05
5142,6.328641757136211e-05
5143,4.909378185402602e-05
5144,2.2713184080203064e-05
5145,0.00011520036787260324
5146,7.791900134179741e-05
5147,0.00010302572627551854
5148,8.803262608125806e-05
5149,0.0001101878733607009
5150,0.00012201253412058577
5151,0.00011432506289565936
5152,8.975749369710684e-05
5153,6.296701030805707e-05
5154,6.914739788044244e-05
5155,2.4924829631345347e-05
5156,6.136035517556593e-05
5157,6.280044908635318e-05
5158,0.00014845244004391134
5159,0.00026662135496735573
5160,0.00016413384582847357
5161,9.782621418708004e-06
5162,8.148932829499245e-05
5163,0.00015577732119709253
5164,0.00018433040531817824
5165,1.2903250535600819e-05
5166,9.510285963187926e-06
5167,1.890600469778292e-05
5168,8.35940008983016e-05
5169,9.888763088383712e-06
5170,0.00013236126687843353
5171,6.53191382298246e-05
5172,3.442064917180687e-05
5173,0.00013081823999527842
5174,9.121651237364858e-05
5175,2.631353709148243e-05
5176,1.0866366210393608e-05
5177,3.6418623494682834e-05
5178,0.00011177168926224113
5179,6.264493276830763e-05
5180,8.205627091228962e-05
5181,0.00014447281137108803
5182,8.885801071301103e-05
5183,9.305202547693625e-05
5184,5.005183629691601e-05
5185,3.415253740968183e-05
5186,6.021651643095538e-05
5187,0.0002757996553555131
5188,0.0001812102273106575
5189,0.00012310476449783891
5190,1.5710274965385906e-05
5191,2.9598726541735232e-05
5192,9.294645133195445e-05
5193,1.838517709984444e-05
5194,6.544608913827688e-05
5195,4.7128021833486855e-05
5196,0.00010994880722137168
5197,6.458093412220478e-05
5198,1.4686680515296757e-05
5199,0.0001849912223406136
5200,1.129105658037588e-05
5201,0.00016962425434030592
5202,2.7685602617566474e-05
5203,0.00016995381156448275
5204,3.726076101884246e-05
5205,0.0003296252980362624
5206,5.054155917605385e-05
5207,4.290135984774679e-05
5208,0.00015348609304055572
5209,0.00010468640539329499
5210,0.00010957183258142322
5211,7.327245111810043e-05
5212,1.8044564058072865e-05
5213,0.00013824686175212264
5214,8.267821976915002e-05
5215,0.0001266642939299345
5216,0.00014602721785195172
5217,0.00014595576794818044
5218,3.563407153706066e-05
5219,3.6784647818421945e-05
5220,0.00012790592154487967
5221,5.49686883459799e-05
5222,0.00018791071488521993
5223,0.0001135892525780946
5224,4.8312798753613606e-05
5225,9.508845687378198e-05
5226,4.2943447624566033e-05
5227,3.7147910916246474e-05
5228,2.8561396902659908e-05
5229,0.00014445380656979978
5230,5.580659490078688e-05
5231,2.7803129341918975e-05
5232,5.136795516591519e-05
5233,8.686031651450321e-05
5234,0.00011306742817396298
5235,0.0002871679898817092
5236,0.00022573480964638293
5237,6.247971032280475e-05
5238,0.00013042755017522722
5239,6.922362808836624e-05
5240,9.209220297634602e-05
5241,0.00010280033893650398
5242,5.3388517699204385e-05
5243,3.7415491533465683e-05
5244,7.308341446332633e-05
5245,0.00011623948375927284
5246,0.00016994774341583252
5247,5.393115498009138e-05
5248,9.319405216956511e-05
5249,4.7573430492775515e-05
5250,7.56884110160172e-05
5251,7.983003160916269e-05
5252,0.0001224368897965178
5253,1.0416137229185551e-05
5254,1.5633937437087297e-05
5255,4.419194010552019e-05
5256,9.637415496399626e-05
5257,4.221741983201355e-05
5258,5.786208203062415e-05
5259,0.00024500940344296396
5260,0.00014426167763303965
5261,0.0001402228808728978
5262,6.93968468112871e-05
5263,0.00020537982345558703
5264,1.2703028914984316e-05
5265,8.364563836948946e-05
5266,0.00030334090115502477
5267,4.7584013373125345e-05
5268,4.9443478928878903e-05
5269,3.826590909739025e-05
5270,6.152671267045662e-05
5271,2.2636400899500586e-05
5272,1.4311504855868407e-05
5273,4.351625102572143e-05
5274,3.3268828701693565e-05
5275,0.00012556801084429026
5276,0.00015512456593569368
5277,4.137577343499288e-05
5278,0.00010018964530900121
5279,5.264696301310323e-05
5280,5.497327583725564e-05
5281,0.00024609745014458895
5282,6.033589306753129e-05
5283,7.467604154953733e-05
5284,0.0001165052381111309
5285,0.00019435383728705347
5286,0.00044662176514975727
5287,7.154053309932351e-05
5288,3.664812174974941e-05
5289,9.040311852004379e-06
5290,9.245340334018692e-05
5291,1.5425379388034344e-05
5292,7.693894440308213e-05
5293,1.0664563887985423e-05
5294,9.267532732337713e-05
5295,7.35044086468406e-05
5296,8.988528861664236e-05
5297,4.483777593122795e-05
5298,0.00016620743554085493
5299,0.00013018501340411603
5300,9.964729542843997e-05
5301,7.832959818188101e-05
5302,1.544716360513121e-05
5303,0.00021818230743519962
5304,6.932383257662877e-05
5305,9.196084283757955e-05
5306,1.624720243853517e-05
5307,0.00014023215044289827
5308,5.390266596805304e-05
5309,8.71207594173029e-05
5310,0.00014300756447482854
5311,9.248578862752765e-06
5312,4.9161535571329296e-05
5313,3.160705091431737e-05
5314,0.00011640587035799399
5315,3.859223215840757e-05
5316,3.485538763925433e-05
5317,7.813637057552114e-05
5318,5.0863312935689464e-05
5319,0.0001515265612397343
5320,8.265950600616634e-05
5321,3.041671880055219e-05
5322,0.00015288630675058812
5323,0.00010555950575508177
5324,1.272635654459009e-05
5325,1.83404226845596e-05
5326,9.129298996413127e-05
5327,0.00012564213830046356
5328,0.00026844520471058786
5329,2.6478028303245082e-05
5330,2.953772127511911e-05
5331,8.656391401018482e-06
5332,0.00023920339299365878
5333,8.119437552522868e-05
5334,9.242351552529726e-06
5335,1.858207724581007e-05
5336,0.00013544461398851126
5337,0.00023679292644374073
5338,0.00014950023614801466
5339,3.0416038498515263e-05
5340,0.00018969096709042788
5341,8.161086589097977e-05
5342,3.810223643085919e-05
5343,0.00021689834829885513
5344,0.00012927821080666035
5345,5.6908065744210035e-05
5346,0.00012094911653548479
5347,3.7868827348574996e-05
5348,0.00035663219750858843
5349,5.5921031162142754e-05
5350,2.0640905859181657e-05
5351,0.00018603767966851592
5352,4.164017445873469e-05
5353,8.576639811508358e-05
5354,9.058537216333207e-06
5355,0.00012743574916385114
5356,3.7990441342117265e-05
5357,3.9706326788291335e-05
5358,0.00018810997426044196
5359,0.00010371924145147204
5360,9.531764590064995e-06
5361,2.389795918134041e-05
5362,0.00024550018133595586
5363,8.228348451666534e-05
5364,9.796844096854329e-05
5365,0.000129919164464809
5366,8.383939712075517e-05
5367,3.428992204135284e-05
5368,3.555428338586353e-05
5369,0.00010448803368490189
5370,1.6871386833372526e-05
5371,1.0754577488114592e-05
5372,6.077108992030844e-05
5373,2.0728226445498876e-05
5374,0.00011487391020637006
5375,8.974967204267159e-05
5376,0.0001632716302992776
5377,8.831731975078583e-05
5378,1.6460395272588357e-05
5379,3.9589980588061735e-05
5380,7.869506953284144e-05
5381,0.00033442353014834225
5382,2.1624029614031315e-05
5383,9.655150643084198e-05
5384,0.00016948011761996895
5385,0.000143588098580949
5386,0.00010603895498206839
5387,5.5554854043293744e-05
5388,3.110898978775367e-05
5389,9.057855641003698e-05
5390,0.0001262426085304469
5391,1.476305624237284e-05
5392,0.00013509104610420763
5393,0.00010844746429938823
5394,6.32129522273317e-05
5395,0.00013504968956112862
5396,0.0002121327124768868
5397,3.771477349800989e-05
5398,0.00019027105008717626
5399,0.00013888685498386621
5400,9.454555402044207e-05
5401,9.105075150728226e-05
5402,3.862197627313435e-05
5403,0.00026447593700140715
5404,1.9698733012774028e-05
5405,0.00014699724852107465
5406,0.00013150236918590963
5407,1.5928679204080254e-05
5408,0.00020143167057540268
5409,5.7572520745452493e-05
5410,2.0614392269635573e-05
5411,2.260165274492465e-05
5412,3.666816701297648e-05
5413,9.76107912720181e-05
5414,2.7263135052635334e-05
5415,6.188211409607902e-05
5416,4.4951193558517843e-05
5417,4.3798863771371543e-05
5418,2.217405562987551e-05
5419,6.203788507264107e-05
5420,0.0001452779833925888
5421,4.9698108341544867e-05
5422,0.00033957327832467854
5423,7.923971861600876e-05
5424,4.267032636562362e-05
5425,4.5888089516665787e-05
5426,1.7321321138297208e-05
5427,0.00015791607438586652
5428,9.962338663171977e-05
5429,0.0001374149287585169
5430,0.00010715011740103364
5431,1.2741036698571406e-05
5432,3.9962862501852214e-05
5433,0.00010992005991283804
5434,7.629454194102436e-05
5435,0.0003101042821072042
5436,8.580050780437887e-05
5437,0.0002144835889339447
5438,6.96625211276114e-05
5439,5.1018716476392e-05
5440,8.694433199707419e-05
5441,1.5625486412318423e-05
5442,7.048965926514938e-05
5443,1.320988121733535e-05
5444,8.969164628069848e-05
5445,5.961308943369659e-06
5446,8.945220906753093e-05
5447,0.00011625228216871619
5448,5.701227200916037e-05
5449,2.8273490897845477e-05
5450,5.209408118389547e-05
5451,6.305660645011812e-05
5452,7.252434443216771e-05
5453,3.224198371754028e-05
5454,5.358628914109431e-05
5455,1.2302844879741315e-05
5456,5.254022835288197e-05
5457,0.00024493131786584854
5458,7.389666279777884e-05
5459,0.0001593164779478684
5460,0.00020395693718455732
5461,6.120507896412164e-05
5462,9.83602658379823e-05
5463,3.909454608219676e-05
5464,9.261922241421416e-05
5465,5.141451765666716e-05
5466,0.0001666019088588655
5467,0.000206511773285456
5468,0.00011038324009859934
5469,0.00019407839863561094
5470,1.4861716408631764e-05
5471,0.00013140382361598313
5472,3.318102972116321e-05
5473,9.611985296942294e-05
5474,3.517929508234374e-05
5475,3.0478084227070212e-05
5476,8.911086479201913e-05
5477,0.00037268418236635625
5478,5.2349496399983764e-05
5479,9.737103391671553e-05
5480,7.118209759937599e-05
5481,0.00011953491775784642
5482,6.370211485773325e-05
5483,6.56060510664247e-05
5484,1.193740354210604e-05
5485,1.8034797903965227e-05
5486,7.320047006942332e-05
5487,0.00013375829439610243
5488,0.00018607944366522133
5489,5.300535849528387e-05
5490,7.127702701836824e-05
5491,0.00019298770348541439
5492,6.224829121492803e-05
5493,8.912168414099142e-05
5494,9.001453872770071e-05
5495,6.734820635756478e-05
5496,0.00017552950885146856
5497,3.841789293801412e-05
5498,0.00019079723278991878
5499,5.6249889894388616e-05
5500,4.174731293460354e-05
5501,0.00022742126020602882
5502,0.00022872278350405395
5503,2.0228126231813803e-05
5504,2.231321923318319e-05
5505,5.6971635785885155e-05
5506,0.00015445715689565986
5507,5.135736137162894e-05
5508,0.00013023223436903208
5509,0.0001912707375595346
5510,0.00011980716953985393
5511,6.170070264488459e-05
5512,8.22827496449463e-06
5513,0.00010855228174477816
5514,5.0431903218850493e-05
5515,1.3271138413983863e-05
5516,6.005193426972255e-05
5517,5.855047857039608e-05
5518,0.00018609501421451569
5519,1.1127252037113067e-05
5520,0.00011440980597399175
5521,0.00010949499119305983
5522,7.574501069029793e-05
5523,4.5489017793443054e-05
5524,0.0001674518862273544
5525,6.780696276109666e-05
5526,0.00013459305046126246
5527,3.781252962653525e-05
5528,0.00028497466701082885
5529,0.00023951943148858845
5530,0.000357705052010715
5531,1.987590076168999e-05
5532,0.00018110811652150005
5533,4.820586764253676e-05
5534,0.00012406120367813855
5535,0.0001305862097069621
5536,8.493520726915449e-05
5537,1.4981098502175882e-05
5538,3.537458542268723e-05
5539,0.00034801202127709985
5540,0.00013937184121459723
5541,2.4203960492741317e-05
5542,6.083527841838077e-05
5543,3.460148218437098e-05
5544,0.00023958257224876434
5545,4.944905231241137e-05
5546,0.00012253070599399507
5547,6.332003249553964e-05
5548,7.552860188297927e-05
5549,1.912766310852021e-05
5550,8.25755632831715e-05
5551,5.9536207118071616e-05
5552,3.110055695287883e-05
5553,0.0001252795336768031
5554,6.216124165803194e-05
5555,2.2259966499404982e-05
5556,6.184563972055912e-05
5557,9.141537157120183e-05
5558,3.436727274674922e-05
5559,1.8461754734744318e-05
5560,2.3113218048820272e-05
5561,5.458767554955557e-05
5562,5.416222847998142e-05
5563,3.1836083508096635e-05
5564,2.5947902031475678e-05
5565,5.482469714479521e-05
5566,9.45656756812241e-06
5567,7.793184340698645e-05
5568,6.527924415422603e-05
5569,7.848772656871006e-05
5570,9.295374911744148e-05
5571,2.0088489691261202e-05
5572,8.751379209570587e-05
5573,6.412742368411273e-05
5574,4.580399763653986e-05
5575,1.8849630578188226e-05
5576,1.7022421161527745e-05
5577,5.2667284762719646e-05
5578,6.662005034741014e-05
5579,7.047483086353168e-05
5580,0.00032493527396582067
5581,2.5981971703004092e-05
5582,7.121355156414211e-05
5583,7.376600842690095e-05
5584,0.00012447693734429777
5585,5.3907842811895534e-05
5586,9.881746518658474e-05
5587,6.353729258989915e-05
5588,7.053250737953931e-05
5589,0.000100853962067049
5590,2.8971904612262733e-05
5591,7.263949373736978e-05
5592,0.00012311326281633228
5593,2.3993012291612104e-05
5594,4.567857467918657e-05
5595,8.236881694756448e-05
5596,0.0003427870979066938
5597,0.0001233705406775698
5598,0.0001109050790546462
5599,8.245077333413064e-05
5600,0.00025954973534680903
5601,0.00011894115596078336
5602,4.214934597257525e-05
5603,2.7017365937354043e-05
5604,8.940683073888067e-06
5605,7.284895400516689e-05
5606,5.5644228268647566e-05
5607,0.00017343404761049896
5608,1.609410173841752e-05
5609,5.7164299505529925e-05
5610,4.3719781388062984e-05
5611,0.00011149315105285496
5612,0.00018002900469582528
5613,2.307339309481904e-05
5614,9.562296327203512e-05
5615,4.464226003619842e-05
5616,0.00016606811550445855
5617,9.749416494742036e-05
5618,0.00023622496519237757
5619,2.6252109819324687e-05
5620,0.00016296617104671896
5621,2.1636187739204615e-05
5622,7.845516665838659e-05
5623,9.284648695029318e-05
5624,7.36218789825216e-05
5625,8.990465721581131e-05
5626,0.00020756851881742477
5627,1.3686545571545139e-05
5628,1.3378997209656518e-05
5629,4.2561547161312774e-05
5630,8.660421008244157e-05
5631,0.0001648422476137057
5632,1.9932038412662223e-05
5633,0.00020474311895668507
5634,0.0002629419614095241
5635,0.00018782140978146344
5636,6.851659418316558e-05
5637,9.409306949237362e-05
5638,0.00019892267300747335
5639,3.4457858419045806e-05
5640,0.00012635882012546062
5641,2.1695946998079307e-05
5642,1.6752912415540777e-05
5643,5.246272121439688e-05
5644,5.198736471356824e-05
5645,9.84550133580342e-05
5646,1.1905789506272413e-05
5647,9.348636376671493e-05
5648,4.7760902816662565e-05
5649,0.0001264255988644436
5650,0.0001535420014988631
5651,0.00016938758199103177
5652,5.1015409553656355e-05
5653,6.41693695797585e-05
5654,2.8082533390261233e-05
5655,7.700211426708847e-05
5656,1.6283591321553104e-05
5657,5.202931788517162e-05
5658,1.8077025742968544e-05
5659,1.2917624189867638e-05
5660,4.744905891129747e-05
5661,5.187262286199257e-05
5662,7.501352956751361e-05
5663,2.6286952561349608e-05
5664,3.914931949111633e-05
5665,0.00012782486737705767
5666,7.392760016955435e-05
5667,0.00016750532086007297
5668,6.420874706236646e-05
5669,1.0030991688836366e-05
5670,0.00012683961540460587
5671,1.8364104107604362e-05
5672,8.513058128301054e-05
5673,9.514329576632008e-05
5674,3.555735383997671e-05
5675,1.766359491739422e-05
5676,7.153444312280044e-05
5677,8.522189455106854e-05
5678,2.8619850127142854e-05
5679,0.00010145128180738539
5680,0.00015061916201375425
5681,3.582033241400495e-05
5682,0.00014239673328120261
5683,5.945888551650569e-05
5684,0.0002004842972382903
5685,7.039661431917921e-05
5686,9.040062286658213e-05
5687,0.00012638067710213363
5688,7.16899085091427e-05
5689,4.2895473598036915e-05
5690,2.3469168809242547e-05
5691,3.7879737647017464e-05
5692,0.00013293266238179058
5693,8.153156522894278e-05
5694,9.091291576623917e-05
5695,1.9001450709765777e-05
5696,7.259305857587606e-05
5697,5.923897697357461e-05
5698,9.76850715233013e-05
5699,5.79946135985665e-05
5700,7.890363485785201e-05
5701,4.646167508326471e-05
5702,6.146040686871856e-05
5703,9.03401305549778e-05
5704,0.00010717531404225156
5705,6.133046554168686e-05
5706,0.00013084635429549962
5707,0.00019873652490787208
5708,0.00011350018030498177
5709,0.00011935519432881847
5710,1.9166704078088515e-05
5711,0.00011839723447337747
5712,3.834682502201758e-05
5713,3.3587508369237185e-05
5714,1.531177622382529e-05
5715,4.8953297664411366e-05
5716,4.9107009544968605e-05
5717,2.269053948111832e-05
5718,2.2972715669311583e-05
5719,1.1084390280302614e-05
5720,1.788884765119292e-05
5721,0.00012857234105467796
5722,4.649858601624146e-05
5723,4.8033572966232896e-05
5724,2.9045631890767254e-05
5725,0.00016293881344608963
5726,1.0273794032400474e-05
5727,9.637537004891783e-05
5728,3.06410038319882e-05
5729,5.688039163942449e-05
5730,2.9578979592770338e-05
5731,4.1031154978554696e-05
5732,1.9895856894436292e-05
5733,4.371195245767012e-05
5734,5.699336907127872e-05
5735,0.00012812507338821888
5736,0.00010921370994765311
5737,9.864755156741012e-06
5738,2.1995814677211456e-05
5739,0.00021726434351876378
5740,5.0322734750807285e-05
5741,7.677036592212971e-06
5742,2.7441486963653006e-05
5743,1.2127028639952186e-05
5744,0.00019873610290233046
5745,7.629313040524721e-05
5746,8.885820716386661e-05
5747,7.735053077340126e-05
5748,2.454233072057832e-05
5749,3.208733687642962e-05
5750,0.00010901800123974681
5751,8.812526357360184e-05
5752,1.9617495127022266e-05
5753,7.173113408498466e-05
5754,2.1725936676375568e-05
5755,7.183525303844362e-05
5756,1.810393951018341e-05
5757,9.768165182322264e-05
5758,8.285153307951987e-05
5759,3.812295472016558e-05
5760,5.076567322248593e-05
5761,3.116142761427909e-05
5762,6.303311238298193e-05
5763,4.6171295252861455e-05
5764,0.00011139928392367437
5765,1.913676896947436e-05
5766,8.462528057862073e-05
5767,0.0001344130578218028
5768,0.0001589035673532635
5769,2.9984415959916078e-05
5770,0.00011558851838344708
5771,0.00011034050839953125
5772,7.057680340949446e-05
5773,1.7570837371749803e-05
5774,9.772635166882537e-06
5775,3.5618097172118723e-05
5776,8.07490578154102e-05
5777,8.636695565655828e-05
5778,0.00020110445620957762
5779,8.02706927061081e-05
5780,0.0001129127194872126
5781,3.991404810221866e-05
5782,9.687898455013055e-06
5783,0.0001864942314568907
5784,0.00012188545952085406
5785,6.686341657768935e-05
5786,0.00014130999625194818
5787,1.5843575965845957e-05
5788,5.468284143717028e-05
5789,9.1815076302737e-05
5790,0.00018667525728233159
5791,4.574957711156458e-05
5792,2.4215580197051167e-05
5793,0.0001198826648760587
5794,8.460701064905152e-05
5795,0.00014682640903629363
5796,0.00012206226529087871
5797,2.4236693207058124e-05
5798,3.6512803490040824e-05
5799,1.3795764971291646e-05
5800,0.00016974954633042216
5801,0.00010172572365263477
5802,2.4295663024531677e-05
5803,8.37930419947952e-05
5804,1.1910326065844856e-05
5805,3.741957334568724e-05
5806,0.00018021318828687072
5807,1.596955189597793e-05
5808,4.828163218917325e-05
5809,3.970362013205886e-05
5810,0.0001048541598720476
5811,0.00020216708071529865
5812,9.017568663693964e-05
5813,4.445412923814729e-05
5814,0.00014126740279607475
5815,0.00023365480592474341
5816,0.00011668911611195654
5817,0.00012878117559012026
5818,8.578147389926016e-05
5819,3.212464798707515e-05
5820,7.85684387665242e-05
5821,8.863570838002488e-05
5822,1.2973429875273723e-05
5823,9.701013914309442e-05
5824,6.796931847929955e-05
5825,8.797338523436338e-05
5826,9.156126179732382e-05
5827,6.547817611135542e-05
5828,7.20259704394266e-05
5829,4.972001624992117e-05
5830,0.00011183368042111397
5831,0.0001501190708950162
5832,1.0246585588902235e-05
5833,8.688712114235386e-05
5834,3.6071785871172324e-05
5835,8.382578380405903e-05
5836,2.1543906768783927e-05
5837,5.444783892016858e-05
5838,0.00011315979645587504
5839,4.4410779082681984e-05
5840,3.968184319091961e-05
5841,0.00010386153007857502
5842,2.0292984117986634e-05
5843,1.167650225397665e-05
5844,6.865611067041755e-05
5845,6.461352313635871e-05
5846,6.135823059594259e-05
5847,0.0002831065794453025
5848,1.4824682693870272e-05
5849,1.686769610387273e-05
5850,5.220883758738637e-05
5851,9.915375267155468e-05
5852,4.6876826672814786e-05
5853,0.00010713637311710045
5854,6.348916940623894e-05
5855,0.00013070298882666975
5856,2.7611373297986574e-05
5857,5.4819112847326323e-05
5858,8.835637709125876e-05
5859,1.2915168554172851e-05
5860,1.6747180779930204e-05
5861,8.519981929566711e-05
5862,4.0689123125048354e-05
5863,2.25535604840843e-05
5864,5.004720878787339e-05
5865,2.5475032089161687e-05
5866,3.150043630739674e-05
5867,7.164941052906215e-05
5868,9.525503992335871e-05
5869,8.555539534427226e-05
5870,7.636569353053346e-05
5871,9.545344801153988e-05
5872,2.649291855050251e-05
5873,0.0002695671864785254
5874,6.95300695952028e-05
5875,0.00011088488099630922
5876,1.7204964024131186e-05
5877,1.8076465494232252e-05
5878,3.9991558878682554e-05
5879,0.00010428389941807836
5880,8.685361535754055e-05
5881,7.990158337634057e-05
5882,6.646134715992957e-05
5883,6.874623795738444e-05
5884,3.7388308555819094e-05
5885,9.213062730850652e-05
5886,2.868573574232869e-05
5887,0.00012129987590014935
5888,1.2737068573187571e-05
5889,0.00012621888890862465
5890,1.3776907508145086e-05
5891,8.015191997401416e-05
5892,0.00014389175339601934
5893,7.486400863854215e-05
5894,6.502267206087708e-05
5895,0.0001430045231245458
5896,5.175943442736752e-05
5897,0.00012197093747090548
5898,0.0001780172751750797
5899,8.914913632906973e-05
5900,2.2381840608431958e-05
5901,1.560991586302407e-05
5902,5.711290577892214e-05
5903,4.364211781648919e-05
5904,9.411072096554562e-05
5905,0.00029116676887497306
5906,1.6028876416385174e-05
5907,0.00012001977302134037
5908,3.457147613517009e-05
5909,9.04164626263082e-05
5910,0.00020747308735735714
5911,4.787828947883099e-05
5912,1.389743101753993e-05
5913,3.366680539329536e-05
5914,1.9389546650927514e-05
5915,2.7078503990196623e-05
5916,5.4820811783429235e-05
5917,7.213623030111194e-05
5918,9.510631207376719e-05
5919,0.0003650219878181815
5920,0.00015164283104240894
5921,0.00010028309770859778
5922,0.0005427832948043942
5923,0.00014574704982805997
5924,2.5298711989307776e-05
5925,0.00016326532931998372
5926,6.245168333407491e-05
5927,4.4454573071561754e-05
5928,2.779633541649673e-05
5929,3.9056394598446786e-05
5930,5.7759039918892086e-05
5931,1.396835705236299e-05
5932,2.4293341994052753e-05
5933,1.7521884728921577e-05
5934,5.7329918490722775e-05
5935,3.707323776325211e-05
5936,5.2681971283163875e-05
5937,2.468832826707512e-05
5938,8.126876491587609e-05
5939,0.00011978142720181495
5940,1.1717562301782891e-05
5941,4.180135147180408e-05
5942,5.546656029764563e-05
5943,9.130981197813526e-05
5944,0.00010450728586874902
5945,7.60857219574973e-05
5946,2.3138491087593138e-05
5947,0.0001265392202185467
5948,7.89433834142983e-05
5949,3.539140379871242e-05
5950,4.139984957873821e-05
5951,0.00010602975089568645
5952,0.0003015318070538342
5953,3.7734793295385316e-05
5954,9.24337946344167e-05
5955,6.505393685074523e-05
5956,0.00013082617078907788
5957,0.0002490491606295109
5958,0.00010451825801283121
5959,2.3064081688062288e-05
5960,6.498555012512952e-05
5961,6.213406595634297e-05
5962,2.32535348914098e-05
5963,6.03899679845199e-05
5964,7.141383684938774e-05
5965,6.481779564637691e-05
5966,0.00011722515773726627
5967,0.0001831901172408834
5968,3.6552653909893706e-05
5969,9.924350888468325e-05
5970,6.526798824779689e-05
5971,1.8387840100331232e-05
5972,3.789147740462795e-05
5973,2.5315266611869447e-05
5974,1.801801408873871e-05
5975,1.7023252439685166e-05
5976,0.00020975615188945085
5977,4.6569781261496246e-05
5978,1.9012264601769857e-05
5979,8.46864131744951e-05
5980,9.951415268005803e-05
5981,1.9785933545790613e-05
5982,0.00038459411007352173
5983,8.049036841839552e-05
5984,3.5014185414183885e-05
5985,2.8843267500633374e-05
5986,3.638152338680811e-05
5987,6.849218334537e-05
5988,9.365859295940027e-05
5989,0.00011317169992253184
5990,3.764950088225305e-05
5991,0.00010845530778169632
5992,0.00010513498273212463
5993,0.00011995696695521474
5994,1.4720279978064355e-05
5995,0.0001170587056549266
5996,5.65028385608457e-05
5997,1.9190352759324014e-05
5998,2.4020817363634706e-05
5999,3.9811966416891664e-05
6000,0.00012180357589386404
6001,0.00011712603009073064
6002,8.579177665524185e-05
6003,0.00012652171426452696
6004,1.9526474716258235e-05
6005,7.93483923189342e-05
6006,3.924467455362901e-05
6007,3.346120138303377e-05
6008,1.005772537610028e-05
6009,0.00016729436174500734
6010,0.00012890034122392535
6011,0.00011167406773893163
6012,9.743994451127946e-05
6013,0.0001354003034066409
6014,7.281184662133455e-05
6015,9.362914715893567e-05
6016,3.929800368496217e-05
6017,0.00014793133595958352
6018,3.843279409920797e-05
6019,5.385963595472276e-05
6020,0.0001513478928245604
6021,7.766151975374669e-05
6022,0.00020073320774827152
6023,5.472311386256479e-05
6024,1.0880173249461222e-05
6025,4.9818983825389296e-05
6026,0.00013663788558915257
6027,0.00012636712926905602
6028,0.0003829238412436098
6029,0.00027371980831958354
6030,0.0003287029394414276
6031,0.00012892695667687804
6032,2.162742384825833e-05
6033,0.00017014186596497893
6034,7.511134026572108e-05
6035,4.2738909542094916e-05
6036,1.795204298105091e-05
6037,4.560609158943407e-05
6038,0.00026045137201435864
6039,9.688844147603959e-05
6040,3.392209328012541e-05
6041,0.00014071156329009682
6042,1.6975307516986504e-05
6043,8.658408478368074e-05
6044,6.727981963194907e-05
6045,3.698820000863634e-05
6046,0.0001833992573665455
6047,0.00013914465671405196
6048,2.9541897674789652e-05
6049,1.4652137906523421e-05
6050,3.709746670210734e-05
6051,8.87415990291629e-06
6052,2.2232132323551923e-05
6053,0.00030766514828428626
6054,8.236894063884392e-05
6055,0.0001821749610826373
6056,9.043116733664647e-05
6057,0.00014783148071728647
6058,1.9335202523507178e-05
6059,3.3444579457864165e-05
6060,8.633451943751425e-05
6061,0.00024835322983562946
6062,5.1350827561691403e-05
6063,2.4704844690859318e-05
6064,6.824631418567151e-05
6065,1.941105983860325e-05
6066,6.79253298585536e-06
6067,3.5114884667564183e-05
6068,4.6261950046755373e-05
6069,3.614024171838537e-05
6070,4.021470886073075e-05
6071,5.8390083722770214e-05
6072,6.660327198915184e-05
6073,0.00012218202755320817
6074,5.399614019552246e-05
6075,3.401978392503224e-05
6076,0.0002490440965630114
6077,6.530024984385818e-05
6078,0.00012264831457287073
6079,0.00010461712372489274
6080,3.527553053572774e-05
6081,2.0373749066493474e-05
6082,0.00010383399057900533
6083,0.000182202405994758
6084,0.00011644654296105728
6085,6.725821731379256e-05
6086,2.8681788535322994e-05
6087,1.3990504157845862e-05
6088,5.816096017952077e-05
6089,2.340755600016564e-05
6090,9.458910790272057e-05
6091,3.1081704946700484e-05
6092,9.440191206522286e-05
6093,0.00014862496755085886
6094,4.09474378102459e-05
6095,0.00011155299580423161
6096,9.94029178400524e-05
6097,8.368425915250555e-05
6098,6.091513569117524e-05
6099,3.359919355716556e-05
6100,8.334404265042394e-05
6101,3.23076055792626e-05
6102,0.0001392646081512794
6103,1.0232553904643282e-05
6104,6.612302240682766e-05
6105,6.363643478835002e-05
6106,0.00022444271598942578
6107,2.774729364318773e-05
6108,3.60067278961651e-05
6109,7.709757483098656e-05
6110,0.00010133036266779527
6111,0.00010404593194834888
6112,0.00011063793499488384
6113,2.512924766051583e-05
6114,1.489758778916439e-05
6115,0.00015401505515910685
6116,6.861596193630248e-05
6117,3.742337867151946e-05
6118,0.00015216799511108547
6119,1.1879865269293077e-05
6120,4.0385148167843e-05
6121,3.811519127339125e-05
6122,4.99567759106867e-05
6123,0.00011423535761423409
6124,0.0001949618017533794
6125,0.00011082908895332366
6126,6.844536983408034e-05
6127,6.87329302309081e-05
6128,2.103640144923702e-05
6129,2.3559434339404106e-05
6130,0.0001713581441435963
6131,7.784905028529465e-05
6132,7.767167699057609e-05
6133,0.00013905006926506758
6134,2.084896550513804e-05
6135,3.3632553822826594e-05
6136,3.5800625482806936e-05
6137,6.256261258386075e-05
6138,2.0791183487745002e-05
6139,2.9462602469720878e-05
6140,5.4507210734300315e-05
6141,0.0001460857893107459
6142,6.152399873826653e-05
6143,1.2812035492970608e-05
6144,3.259194636484608e-05
6145,0.0003112159902229905
6146,1.4077323612582404e-05
6147,0.00010598441440379247
6148,0.00014991227362770587
6149,7.770657975925133e-05
6150,7.921876385807991e-05
6151,4.1226547182304785e-05
6152,2.6837353289010935e-05
6153,2.2901665943209082e-05
6154,0.00031511596171185374
6155,6.069452501833439e-05
6156,4.2313728044973686e-05
6157,8.80861043697223e-05
6158,0.00014154418022371829
6159,5.721468187402934e-05
6160,0.00011528523464221507
6161,7.88036486483179e-05
6162,4.246189200785011e-05
6163,4.361091123428196e-05
6164,3.3512616937514395e-05
6165,6.657726044068113e-05
6166,9.432915248908103e-05
6167,0.00011250046372879297
6168,3.629319689935073e-05
6169,0.00010397718870081007
6170,0.00017593347001820803
6171,0.00011802330845966935
6172,0.00010002707131206989
6173,2.198906076955609e-05
6174,0.00011455432104412466
6175,4.3052536057075486e-05
6176,1.0323448805138469e-05
6177,0.0004069172136951238
6178,0.00013819981541018933
6179,8.299986075144261e-05
6180,8.613333920948207e-05
6181,7.331930100917816e-05
6182,3.098265005974099e-05
6183,2.85556470771553e-05
6184,0.0005078369867987931
6185,8.103101208689623e-06
6186,9.625608072383329e-05
6187,5.362031879485585e-05
6188,0.000196383596630767
6189,0.00013177456276025623
6190,1.283812707697507e-05
6191,9.566440712660551e-05
6192,2.5148745407932438e-05
6193,0.00021377525990828872
6194,0.00014165809261612594
6195,0.00016235673683695495
6196,6.029540963936597e-05
6197,8.973202056949958e-05
6198,9.071105159819126e-05
6199,0.00010681930143618956
6200,3.716711944434792e-05
6201,4.89198173454497e-05
6202,8.524463191861287e-05
6203,0.00025179062504321337
6204,5.7926459703594446e-05
6205,6.678884528810158e-05
6206,7.470058335456997e-05
6207,8.680920291226357e-05
6208,0.00020852318266406655
6209,8.303144568344578e-05
6210,1.4129989722277969e-05
6211,4.067793634021655e-05
6212,9.195558959618211e-05
6213,4.4565189455170184e-05
6214,0.00026585813611745834
6215,9.712025348562747e-05
6216,3.1014580599730834e-05
6217,0.00011873443145304918
6218,2.9072471079416573e-05
6219,1.544285441923421e-05
6220,1.0442748134664726e-05
6221,6.529506936203688e-05
6222,4.7375113354064524e-05
6223,6.220022623892874e-05
6224,5.134498132974841e-05
6225,0.00014271953841671348
6226,1.0739186109276488e-05
6227,8.80700972629711e-05
6228,1.649218211241532e-05
6229,0.00020600209245458245
6230,4.0163107769330963e-05
6231,1.1894090675923508e-05
6232,6.589246913790703e-05
6233,0.00011736448504962027
6234,9.319736818724778e-06
6235,4.384701605886221e-05
6236,1.3322201994014904e-05
6237,4.2308187403250486e-05
6238,7.261347491294146e-05
6239,0.00012482606689445674
6240,0.0002168672508560121
6241,7.104958058334887e-05
6242,0.00016103626694530249
6243,0.00013118186325300485
6244,6.818858673796058e-05
6245,0.00013888123794458807
6246,6.775869405828416e-05
6247,3.590437336242758e-05
6248,4.763453398481943e-05
6249,0.00011768729746108875
6250,0.00028770454810000956
6251,7.664314762223512e-05
6252,1.4743025531060994e-05
6253,2.0054378182976507e-05
6254,4.06810941058211e-05
6255,7.55705259507522e-05
6256,2.0416071492945775e-05
6257,3.626504621934146e-05
6258,8.517070091329515e-05
6259,0.0001454770244890824
6260,0.00018032570369541645
6261,6.151583511382341e-05
6262,0.00023635094112250954
6263,3.5286542697576806e-05
6264,3.815960735664703e-05
6265,0.00010270161874359474
6266,0.00012981217878405005
6267,9.594236325938255e-05
6268,5.4735377489123493e-05
6269,0.0001360891037620604
6270,0.0001231914066011086
6271,0.00010879627370741218
6272,0.00012147928646299988
6273,3.856298644677736e-05
6274,5.149423668626696e-05
6275,1.3762095477432013e-05
6276,2.903155836975202e-05
6277,2.7216849048272707e-05
6278,4.355391865829006e-05
6279,1.27877156046452e-05
6280,3.243621904402971e-05
6281,4.3892978283111006e-05
6282,4.3558575271163136e-05
6283,3.5056717024417594e-05
6284,0.00014039631059858948
6285,9.979961032513529e-05
6286,5.2450894145295024e-05
6287,3.904840559698641e-05
6288,4.366794746601954e-05
6289,4.015751983388327e-05
6290,7.745006587356329e-05
6291,4.154664566158317e-05
6292,3.9332633605226874e-05
6293,0.00012971113028470427
6294,0.00010573591134743765
6295,0.0003126886731479317
6296,4.0911043470259756e-05
6297,8.314747537951916e-05
6298,6.23021915089339e-05
6299,9.901142220769543e-06
6300,3.7639088986907154e-05
6301,5.8192475989926606e-05
6302,4.097921191714704e-05
6303,4.467867984203622e-05
6304,0.00012157636228948832
6305,3.92942238249816e-05
6306,0.00014628982171416283
6307,1.0643300811352674e-05
6308,8.948525646701455e-05
6309,5.866953142685816e-05
6310,0.00044643052387982607
6311,5.8498197176959366e-05
6312,3.6083241866435856e-05
6313,4.4559783418662846e-05
6314,7.045251550152898e-05
6315,0.00023871025769039989
6316,0.00016150005103554577
6317,5.6645701988600194e-05
6318,0.00015894936223048717
6319,9.707159915706143e-05
6320,0.0002308110415469855
6321,9.321824472863227e-05
6322,7.961523078847677e-05
6323,0.0001972869213204831
6324,0.00010208204912487417
6325,0.0002313398726982996
6326,1.2510377018770669e-05
6327,3.918091533705592e-05
6328,6.431057408917695e-05
6329,0.00010378961451351643
6330,7.799926970619708e-05
6331,3.521912367432378e-05
6332,1.4471275790128857e-05
6333,9.976640285458416e-05
6334,3.564202779671177e-05
6335,0.00016065165982581675
6336,5.297755706124008e-05
6337,6.228576239664108e-05
6338,0.00015821281704120338
6339,0.00010639011452440172
6340,9.544271597405896e-05
6341,5.931957275606692e-05
6342,7.761047163512558e-05
6343,0.00027625367511063814
6344,1.0666441085049883e-05
6345,6.490512896561995e-05
6346,7.027858373476192e-05
6347,0.0002674225834198296
6348,2.2911797714186832e-05
6349,0.0002139425341738388
6350,6.1764323618263e-05
6351,0.00015789904864504933
6352,0.00020616866822820157
6353,0.00012322439579293132
6354,0.00026474284823052585
6355,4.0086437365971506e-05
6356,6.50950096314773e-05
6357,4.022204302600585e-05
6358,9.542517364025116e-05
6359,2.666654654603917e-05
6360,5.713240898330696e-05
6361,7.001892663538456e-05
6362,2.0657684217439964e-05
6363,0.00012015962420264259
6364,9.209757263306528e-05
6365,0.00017457976355217397
6366,8.582893497077748e-05
6367,1.6231764675467275e-05
6368,2.803145434882026e-05
6369,4.7428038669750094e-05
6370,1.5464032912859693e-05
6371,0.00012035816325806081
6372,3.917211142834276e-05
6373,0.00014577765250578523
6374,0.00017939211102202535
6375,3.934518463211134e-05
6376,0.00011606060434132814
6377,5.2966424846090376e-05
6378,7.393228770524729e-06
6379,4.422558413352817e-05
6380,7.841750630177557e-05
6381,0.00015934875409584492
6382,0.00023281150788534433
6383,4.225249358569272e-05
6384,2.1626912712235935e-05
6385,6.145494990050793e-05
6386,0.00011055764480261132
6387,3.1458097510039806e-05
6388,0.0001212454226333648
6389,1.619759677851107e-05
6390,0.00013324849714990705
6391,9.447394404560328e-05
6392,0.00017173173546325415
6393,2.8503474823082797e-05
6394,0.00011140572314616293
6395,4.391058246255852e-05
6396,0.00011220123269595206
6397,5.4579650168307126e-05
6398,0.0001660767593421042
6399,4.539930523606017e-05
6400,2.6766356313601136e-05
6401,3.5455079341772944e-05
6402,1.297449034609599e-05
6403,7.70556871430017e-05
6404,8.544378215447068e-05
6405,0.00017552607459947467
6406,9.622894867789e-05
6407,2.243893686681986e-05
6408,0.0001105775372707285
6409,1.526779669802636e-05
6410,2.4370992832700722e-05
6411,0.0001548279105918482
6412,0.00028741982532665133
6413,7.514404569519684e-05
6414,0.00014415205805562437
6415,6.18377816863358e-05
6416,0.00016332740779034793
6417,0.0001042722215061076
6418,1.6028840036597103e-05
6419,7.479124906240031e-05
6420,0.00013894878793507814
6421,0.00012031094229314476
6422,8.794799941824749e-05
6423,4.4607357267523184e-05
6424,0.00010366046626586467
6425,2.9904114853707142e-05
6426,0.00016585621051490307
6427,6.154926086310297e-05
6428,9.892243724607397e-06
6429,9.862718434305862e-05
6430,1.746252746670507e-05
6431,9.190892160404474e-05
6432,6.082814252295066e-06
6433,0.00011671014362946153
6434,0.00012671023432631046
6435,7.2689879743848e-05
6436,2.018863960984163e-05
6437,1.7209484212798998e-05
6438,9.489422518527135e-05
6439,1.963209069799632e-05
6440,7.490826828870922e-05
6441,0.00020701689936686307
6442,0.0001294608082389459
6443,4.225606608088128e-05
6444,9.73047917796066e-06
6445,0.00012764273560605943
6446,3.5945144190918654e-05
6447,7.334361725952476e-05
6448,0.00012010252976324409
6449,4.2438721720827743e-05
6450,8.62846809468465e-06
6451,7.919143536128104e-05
6452,7.575107156299055e-05
6453,3.439415741013363e-05
6454,0.00010681687854230404
6455,0.00014526097220368683
6456,8.87429814611096e-06
6457,4.958733916282654e-05
6458,8.336434984812513e-05
6459,1.4281933545134962e-05
6460,3.479963561403565e-05
6461,4.172472836216912e-05
6462,0.00010933577141258866
6463,2.7858430257765576e-05
6464,7.21877659088932e-05
6465,0.00010742220911197364
6466,0.00016388512449339032
6467,4.354284465080127e-05
6468,2.2894459107192233e-05
6469,5.261777187115513e-05
6470,6.703715189360082e-05
6471,7.984088006196544e-05
6472,8.923152927309275e-05
6473,5.9379868616815656e-05
6474,1.342924042546656e-05
6475,7.873536378610879e-05
6476,2.4443095753667876e-05
6477,0.00011649957014014944
6478,1.674222767178435e-05
6479,2.4686283722985536e-05
6480,0.00013300686259754002
6481,9.320481331087649e-05
6482,0.00021256040781736374
6483,6.274427869357169e-05
6484,0.00010297879634890705
6485,0.00019100302597507834
6486,4.0909591916715726e-05
6487,5.528564361156896e-05
6488,5.782868538517505e-05
6489,5.9191585023654625e-05
6490,9.905513434205204e-05
6491,1.361236809316324e-05
6492,3.9764207031112164e-05
6493,3.14305470965337e-05
6494,4.069071292178705e-05
6495,5.702943235519342e-05
6496,7.653527427464724e-05
6497,9.752674668561667e-05
6498,6.628359551541507e-05
6499,8.629328658571467e-05
6500,5.279198012431152e-05
6501,2.6111898478120565e-05
6502,0.00014003102842252702
6503,0.00014791032299399376
6504,0.0001154056953964755
6505,6.515613495139405e-05
6506,9.048506035469472e-05
6507,9.629348642192781e-05
6508,7.73427018430084e-05
6509,7.252005161717534e-05
6510,0.00014417583588510752
6511,0.00015985815844032913
6512,0.00011298320168862119
6513,1.667685864958912e-05
6514,3.292712790425867e-05
6515,9.551225230097771e-05
6516,7.752698729746044e-05
6517,7.998717774171382e-05
6518,3.598075272748247e-05
6519,0.00017937285883817822
6520,0.00019711212371475995
6521,0.0001089026263798587
6522,2.0057475921930745e-05
6523,7.33035703888163e-05
6524,3.5074466723017395e-05
6525,1.5979818272171542e-05
6526,0.00014679113519378006
6527,0.00021494377870112658
6528,9.258606587536633e-05
6529,0.00010583813855191693
6530,0.00012328586308285594
6531,9.038331336341798e-05
6532,3.97145158785861e-05
6533,0.0001127040886785835
6534,3.5143417335348204e-05
6535,8.571513899369165e-05
6536,6.194294837769121e-05
6537,4.979619916412048e-05
6538,9.130224498221651e-05
6539,1.593540218891576e-05
6540,1.029644045047462e-05
6541,8.61555163282901e-05
6542,8.22963374957908e-06
6543,9.325970313511789e-05
6544,0.00012790196342393756
6545,2.6267050998285413e-05
6546,0.0001484522654209286
6547,2.2912297936272807e-05
6548,4.013609577668831e-05
6549,6.169990228954703e-05
6550,6.147667590994388e-05
6551,0.00014325948723126203
6552,1.538828837510664e-05
6553,3.896423731930554e-05
6554,5.82106840738561e-05
6555,2.3486383724957705e-05
6556,8.539238478988409e-05
6557,8.577111293561757e-05
6558,9.119098831433803e-05
6559,4.652063216781244e-05
6560,7.804532651789486e-05
6561,7.161502435337752e-05
6562,0.00012766427244059741
6563,9.081322059500962e-05
6564,0.00011403604003135115
6565,7.060685311444104e-05
6566,9.962396143237129e-05
6567,0.00023710534151177853
6568,2.154388857888989e-05
6569,0.00018545481725595891
6570,1.5042260201880708e-05
6571,1.284307199966861e-05
6572,4.999067459721118e-05
6573,6.259776273509488e-05
6574,0.00010743967141024768
6575,1.611969855730422e-05
6576,2.9258706490509212e-05
6577,1.6395701095461845e-05
6578,0.00012680355575866997
6579,0.00011020452802767977
6580,3.604928497225046e-05
6581,1.5008094123913907e-05
6582,4.091773007530719e-05
6583,4.196904046693817e-05
6584,7.937046757433563e-05
6585,2.123233934980817e-05
6586,0.00011041200923500583
6587,0.0001500546495663002
6588,5.642542237183079e-05
6589,3.251810630899854e-05
6590,0.00012956374848727137
6591,7.946100959088653e-05
6592,1.0670564734027721e-05
6593,0.00012302777031436563
6594,7.682156865485013e-05
6595,7.827454282960389e-06
6596,6.268302968237549e-05
6597,8.405065455008298e-05
6598,1.4320444279292133e-05
6599,2.7304600735078566e-05
6600,0.00010103762178914621
6601,7.618402014486492e-05
6602,0.00011285979417152703
6603,8.260784670710564e-05
6604,0.00036279959022067487
6605,1.1553403965081088e-05
6606,0.00012956159480381757
6607,2.8147598641226068e-05
6608,8.833216270431876e-05
6609,2.2813403120380826e-05
6610,6.681730155833066e-05
6611,3.302320692455396e-05
6612,2.7832704290631227e-05
6613,3.0679864721605554e-05
6614,9.360145486425608e-05
6615,1.99118148884736e-05
6616,0.00012229755520820618
6617,1.7693899280857295e-05
6618,0.00022108563280198723
6619,1.6127967683132738e-05
6620,6.086035136831924e-05
6621,4.4111922761658207e-05
6622,4.7346802602987736e-05
6623,4.3835349060827866e-05
6624,9.331817273050547e-05
6625,1.6724778106436133e-05
6626,4.7429039113922045e-05
6627,0.0001403772330377251
6628,3.57404860551469e-05
6629,0.00013669917825609446
6630,0.00024126796051859856
6631,6.336816295515746e-05
6632,1.6248366591753438e-05
6633,6.85408667777665e-05
6634,8.079894178081304e-05
6635,7.872497371863574e-05
6636,5.766544200014323e-05
6637,0.00010149199806619436
6638,4.327245187596418e-05
6639,7.381298928521574e-05
6640,9.752198093337938e-05
6641,1.3162091818230692e-05
6642,8.836802589939907e-05
6643,9.917758870869875e-05
6644,7.732529047643766e-05
6645,9.609230619389564e-05
6646,6.391151691786945e-05
6647,1.5670488210162148e-05
6648,2.1711955923819914e-05
6649,7.051137799862772e-05
6650,6.655431934632361e-05
6651,0.00016601129027549177
6652,0.00011583997547859326
6653,8.654455450596288e-05
6654,9.169886470772326e-05
6655,9.838015103014186e-06
6656,4.308109055273235e-05
6657,4.281524888938293e-05
6658,9.509487426839769e-05
6659,1.3494183804141358e-05
6660,7.59457761887461e-05
6661,6.860421854071319e-05
6662,0.00015457440167665482
6663,0.00011279980390099809
6664,0.00010341066808905452
6665,0.00018451662617735565
6666,0.0002441263059154153
6667,2.6151305064558983e-05
6668,0.00019384142069611698
6669,2.9753902708762325e-05
6670,6.103330451878719e-05
6671,4.892437573289499e-05
6672,0.00015452069055754691
6673,9.604816295905039e-05
6674,0.0002607287897262722
6675,2.2626365534961224e-05
6676,0.00020280257740523666
6677,8.243780757766217e-05
6678,0.00012838037218898535
6679,6.194437446538359e-05
6680,0.00012340088142082095
6681,6.51170703349635e-05
6682,6.938608566997573e-05
6683,0.00011694348359014839
6684,8.535262168152258e-05
6685,8.287621312774718e-05
6686,8.877416257746518e-05
6687,3.191746509401128e-05
6688,1.781811261025723e-05
6689,4.856689338339493e-05
6690,8.60816435306333e-05
6691,0.00011813936725957319
6692,1.613421227375511e-05
6693,0.00011847680434584618
6694,0.0003729643067345023
6695,7.061458745738491e-05
6696,0.0001227398170158267
6697,7.565889063698705e-06
6698,7.211988850031048e-05
6699,0.0001549346197862178
6700,6.825850141467527e-05
6701,0.00012390663323458284
6702,6.282691174419597e-05
6703,0.00016934523591771722
6704,3.1077186577022076e-05
6705,8.467026782454923e-05
6706,7.144709525164217e-05
6707,0.00011870800517499447
6708,0.00015591358533129096
6709,0.00017575270612724125
6710,7.191782788140699e-05
6711,4.849442848353647e-05
6712,4.525492840912193e-05
6713,3.8897731428733096e-05
6714,3.2310337701346725e-05
6715,2.6530622562859207e-05
6716,5.4024530982133e-05
6717,9.914276597555727e-05
6718,0.00014840587391518056
6719,1.6944475646596402e-05
6720,7.320920121856034e-05
6721,0.00010662393469829112
6722,0.00011780091153923422
6723,0.0003178003244102001
6724,9.076089190784842e-05
6725,5.825432890560478e-05
6726,0.0002469014434609562
6727,0.0003015316906385124
6728,9.784413850866258e-05
6729,0.00019440162577666342
6730,2.1364401618484408e-05
6731,7.652745262021199e-05
6732,1.3186441719881259e-05
6733,5.117691762279719e-05
6734,6.471321103163064e-05
6735,1.4236350580176804e-05
6736,4.0914084820542485e-05
6737,1.462893487769179e-05
6738,7.369458035100251e-05
6739,1.5674748283345252e-05
6740,3.9579535950906575e-05
6741,0.0001004293590085581
6742,7.210719923023134e-05
6743,6.372978532453999e-05
6744,2.074560870823916e-05
6745,0.00018979882588610053
6746,0.00014342683425638825
6747,7.536057091783732e-05
6748,0.0001916520413942635
6749,0.00029598281253129244
6750,6.613200093852356e-05
6751,1.8847556930268183e-05
6752,8.700745820533484e-05
6753,1.7296966689173132e-05
6754,0.00014056978398002684
6755,0.00014896949869580567
6756,0.0001547128485981375
6757,8.267023804364726e-05
6758,6.343136919895187e-05
6759,0.00012462640006560832
6760,0.00017426995327696204
6761,5.830582449561916e-05
6762,5.5915850680321455e-05
6763,2.6252513634972274e-05
6764,1.7805767129175365e-05
6765,1.4875997294439003e-05
6766,3.1025010684970766e-05
6767,9.114015119848773e-05
6768,1.1940631338802632e-05
6769,9.744302951730788e-05
6770,0.000264325353782624
6771,1.3922806829214096e-05
6772,0.00011284482025075704
6773,0.0001713759993435815
6774,8.758321200730279e-05
6775,0.00019524867821019143
6776,2.7579410016187467e-05
6777,4.195804649498314e-05
6778,7.274765812326223e-05
6779,6.0268823290243745e-05
6780,1.1579737474676222e-05
6781,3.7961570342304185e-05
6782,0.000181461131433025
6783,7.09087253198959e-05
6784,0.00010543883399805054
6785,0.00023346749367192388
6786,8.580135181546211e-05
6787,5.3888201364316046e-05
6788,1.1972169886576012e-05
6789,7.956101762829348e-05
6790,4.7421006456715986e-05
6791,9.507486538495868e-05
6792,7.210134936030954e-05
6793,4.797782457899302e-05
6794,0.00024538804427720606
6795,7.40813702577725e-05
6796,5.717789463233203e-05
6797,6.365870649460703e-05
6798,2.3504006094299257e-05
6799,4.28729472332634e-05
6800,3.052902320632711e-05
6801,9.650157153373584e-06
6802,0.00012464610335882753
6803,8.063596033025533e-05
6804,2.0098181266803294e-05
6805,3.8165366277098656e-05
6806,1.0365924026700668e-05
6807,3.541271507856436e-05
6808,0.0001298733986914158
6809,1.1640497177722864e-05
6810,7.816358265699819e-05
6811,7.056042522890493e-05
6812,7.060658390400931e-05
6813,7.197808736236766e-05
6814,3.657249908428639e-05
6815,4.093223833478987e-05
6816,7.768216892145574e-05
6817,7.886609819252044e-05
6818,0.00011514157085912302
6819,1.2529421837825794e-05
6820,0.00019258832617197186
6821,3.6594625271391124e-05
6822,4.085864929948002e-05
6823,2.9525479476433247e-05
6824,0.0002741528442129493
6825,5.7746783568290994e-05
6826,0.00010233887587673962
6827,4.617902959580533e-05
6828,2.8942655262653716e-05
6829,0.00022633516346104443
6830,2.4802055122563615e-05
6831,0.00011175333202118054
6832,0.00011162820737808943
6833,9.061978198587894e-05
6834,0.00010950524301733822
6835,8.35412174637895e-06
6836,6.891095836181194e-05
6837,1.230797715834342e-05
6838,0.00010432607086841017
6839,4.7837245801929384e-05
6840,0.0002962014405056834
6841,5.748863986809738e-05
6842,6.541940820170566e-05
6843,3.064414704567753e-05
6844,2.2773614546167664e-05
6845,0.0001369946839986369
6846,0.0001100618828786537
6847,2.8917600502609275e-05
6848,3.8532780308742076e-05
6849,0.00016831691027618945
6850,1.7281210602959618e-05
6851,2.7786019927589223e-05
6852,4.292417725082487e-05
6853,9.427382610738277e-05
6854,1.7706217477098107e-05
6855,4.479446943150833e-05
6856,0.0001241418649442494
6857,3.426067632972263e-05
6858,0.00015605358930770308
6859,0.00010742358426796272
6860,1.3206647054175846e-05
6861,8.08818731456995e-05
6862,0.00017654901603236794
6863,3.831538197118789e-05
6864,6.166601087898016e-05
6865,7.499664934584871e-05
6866,3.900725278072059e-05
6867,1.4230919987312518e-05
6868,1.2548573067761026e-05
6869,5.983872324577533e-05
6870,3.8154983485583216e-05
6871,7.790591917000711e-05
6872,4.130680827074684e-05
6873,2.476595363987144e-05
6874,0.00012797769159078598
6875,4.414956856635399e-05
6876,1.0788318832055666e-05
6877,1.4554399967892095e-05
6878,4.158245064900257e-05
6879,5.081651033833623e-05
6880,7.512162119382992e-05
6881,1.3867633242625743e-05
6882,0.0001449415722163394
6883,7.299685967154801e-05
6884,5.2564311772584915e-05
6885,1.952995080500841e-05
6886,2.6275161872035824e-05
6887,6.683488027192652e-05
6888,5.526189488591626e-05
6889,4.3521748011698946e-05
6890,6.259155634324998e-05
6891,1.6635334759484977e-05
6892,8.808607526589185e-05
6893,0.0001936423359438777
6894,6.769990432076156e-05
6895,1.2638397492992226e-05
6896,0.0001092854217858985
6897,0.00015231251018121839
6898,0.00010957528138533235
6899,0.00016144078108482063
6900,1.428791892976733e-05
6901,0.00012643166701309383
6902,0.0001357800792902708
6903,1.8598808310343884e-05
6904,5.455441714730114e-05
6905,3.4651275200303644e-05
6906,0.00011646583152469248
6907,6.564822979271412e-05
6908,6.151801790110767e-05
6909,6.112637493060902e-05
6910,2.4330987798748538e-05
6911,6.498042057501152e-05
6912,4.5480035623768345e-05
6913,5.658067675540224e-05
6914,9.647729166317731e-05
6915,0.0001360020542051643
6916,0.00013358272553887218
6917,8.42807421577163e-05
6918,0.0001461674546590075
6919,7.850973634049296e-05
6920,0.0001253928930964321
6921,1.4236855349736288e-05
6922,8.756308670854196e-05
6923,0.00016663415590301156
6924,4.6313834900502115e-05
6925,9.52214322751388e-05
6926,0.0002516808162909001
6927,0.0002188895596191287
6928,4.080367216374725e-05
6929,1.489349870098522e-05
6930,9.941146345227025e-06
6931,9.28421359276399e-05
6932,0.0001368353550788015
6933,6.216118345037103e-05
6934,3.946076685679145e-05
6935,4.300707223592326e-05
6936,2.1109774024807848e-05
6937,0.0001562485413160175
6938,0.00015762224211357534
6939,0.00012939405860379338
6940,5.665101343765855e-05
6941,0.00019323396554682404
6942,2.7196039809496142e-05
6943,5.229315138421953e-05
6944,0.00017521769041195512
6945,5.9788362705148757e-05
6946,0.00010572846804279834
6947,7.516607001889497e-05
6948,5.227908695815131e-05
6949,0.0001648661564104259
6950,0.00015956225979607552
6951,8.39409331092611e-05
6952,0.00011523837747517973
6953,5.324039375409484e-05
6954,1.2215004971949384e-05
6955,1.850352782639675e-05
6956,5.372923624236137e-05
6957,0.00011514636571519077
6958,1.4017168723512441e-05
6959,0.00019513590086717159
6960,3.16110163112171e-05
6961,0.0001052442385116592
6962,0.00011851974704768509
6963,7.061556243570521e-05
6964,6.701234087813646e-05
6965,9.204974048770964e-05
6966,6.783352000638843e-05
6967,0.0001034497981891036
6968,0.00013659702381119132
6969,0.00010819109593285248
6970,1.7692436813376844e-05
6971,9.062414756044745e-05
6972,0.00010132168245036155
6973,4.974922921974212e-05
6974,3.087195000262e-05
6975,8.098581747617573e-05
6976,0.00021737825591117144
6977,6.572167330887169e-05
6978,2.4383976779063232e-05
6979,7.799519516993314e-05
6980,0.00014087508316151798
6981,9.954464621841908e-05
6982,0.00014982202264945954
6983,0.0002373758761677891
6984,0.0002644165069796145
6985,1.716292172204703e-05
6986,9.007795597426593e-05
6987,2.4195756850531325e-05
6988,4.1427854739595205e-05
6989,5.426085408544168e-05
6990,2.7984262487734668e-05
6991,0.0001376016589347273
6992,4.575341517920606e-05
6993,7.867897511459887e-05
6994,5.5670774600002915e-05
6995,0.00013549879076890647
6996,0.00013579627557191998
6997,0.00015959494339767843
6998,4.760976662510075e-05
6999,4.8990965296979994e-05
7000,3.951456892536953e-05
7001,0.0003133057034574449
7002,4.9675494665279984e-05
7003,3.382578870514408e-05
7004,1.5932346286717802e-05
7005,5.610356311080977e-05
7006,3.815461241174489e-05
7007,0.00017974170623347163
7008,7.937184273032472e-05
7009,2.3991036869119853e-05
7010,0.00011932897905353457
7011,0.00012175663141533732
7012,5.433562182588503e-05
7013,5.7847817515721545e-05
7014,3.978694439865649e-05
7015,8.10424389783293e-05
7016,3.8412847061408684e-05
7017,1.4607343473471701e-05
7018,7.113540777936578e-05
7019,2.497842433513142e-05
7020,9.478710853727534e-05
7021,0.00010752456728368998
7022,0.00030448695179075
7023,0.00014802793157286942
7024,4.654958320315927e-05
7025,9.10993039724417e-05
7026,4.406520019983873e-05
7027,0.00020019082876387984
7028,0.0001241889549419284
7029,0.00013434307766146958
7030,3.5993754863739014e-05
7031,7.270567584782839e-05
7032,1.9829352822853252e-05
7033,3.6722478398587555e-05
7034,0.00014016719069331884
7035,0.00012434068776201457
7036,6.944342749193311e-05
7037,0.00010365766502218321
7038,1.4243959412851837e-05
7039,9.5980656624306e-05
7040,0.00011872949835378677
7041,0.00017617273260839283
7042,2.891433541662991e-05
7043,5.702474300051108e-05
7044,1.1017455108230934e-05
7045,0.0001319696893915534
7046,5.624425830319524e-05
7047,3.358387766638771e-05
7048,3.5949335142504424e-05
7049,2.0386174583109096e-05
7050,8.463468111585826e-05
7051,2.1602380002150312e-05
7052,2.7492180379340425e-05
7053,8.790926585788839e-06
7054,0.00010852649575099349
7055,9.13849362405017e-05
7056,5.6213179050246254e-05
7057,1.750062801875174e-05
7058,7.245129381772131e-05
7059,7.987284334376454e-05
7060,7.47376325307414e-05
7061,7.282219303306192e-05
7062,2.3603401132277213e-05
7063,6.226544064702466e-05
7064,8.383995736949146e-05
7065,4.3244439439149573e-05
7066,1.6932273865677416e-05
7067,4.825014912057668e-05
7068,4.184705903753638e-05
7069,1.36310709422105e-05
7070,0.00012305806740187109
7071,9.410902566742152e-05
7072,1.7695139831630513e-05
7073,0.0001061600269167684
7074,1.4795108654652722e-05
7075,9.292238246416673e-05
7076,5.8610177802620456e-05
7077,1.933885141625069e-05
7078,4.484836244955659e-05
7079,0.00012072949903085828
7080,8.086061279755086e-05
7081,2.7401401894167066e-05
7082,1.5100046766747255e-05
7083,3.870795262628235e-05
7084,2.6867486667470075e-05
7085,0.00023552447964902967
7086,8.626143971923739e-05
7087,7.565284613519907e-05
7088,4.1113416955340654e-05
7089,0.000222825474338606
7090,2.4982333343359642e-05
7091,2.7668416805681773e-05
7092,5.790903014712967e-05
7093,9.25007916521281e-05
7094,6.953912088647485e-05
7095,6.369616312440485e-05
7096,1.594364039192442e-05
7097,0.0001035841996781528
7098,5.09623896505218e-05
7099,1.5496181731577963e-05
7100,7.601146353408694e-05
7101,7.440151239279658e-05
7102,0.00011041978723369539
7103,8.985449676401913e-05
7104,8.359886851394549e-05
7105,8.549500489607453e-05
7106,3.4578610211610794e-05
7107,0.00013188814045861363
7108,0.00013006673543713987
7109,6.279027729760855e-05
7110,0.0002920193364843726
7111,0.00013342301826924086
7112,0.00027782743563875556
7113,0.00018565219943411648
7114,3.88918342650868e-05
7115,7.664073200430721e-05
7116,3.258326614741236e-05
7117,3.405114694032818e-05
7118,5.7083205319941044e-05
7119,4.313696263125166e-05
7120,6.571041740244254e-05
7121,7.197402010206133e-05
7122,4.706848267232999e-05
7123,1.696460458333604e-05
7124,3.515285789035261e-05
7125,1.1837931197078433e-05
7126,5.0706323236227036e-05
7127,2.4046601538429968e-05
7128,1.295527363254223e-05
7129,4.7408397222170606e-05
7130,9.444021270610392e-05
7131,2.0178064005449414e-05
7132,2.514800326025579e-05
7133,9.672580927144736e-05
7134,9.966086508939043e-06
7135,5.068395330454223e-05
7136,5.723012509406544e-05
7137,2.8793871024390683e-05
7138,5.4347321565728635e-05
7139,2.5243101845262572e-05
7140,1.329667338723084e-05
7141,6.065401976229623e-05
7142,8.111026545520872e-05
7143,7.058630581013858e-05
7144,2.6243167667416856e-05
7145,5.972920189378783e-05
7146,0.00010405224020360038
7147,3.201611980330199e-05
7148,0.00018649555568117648
7149,8.652822725707665e-05
7150,6.508750084321946e-05
7151,9.390943887410685e-05
7152,9.161540219793096e-05
7153,0.00010057517647510394
7154,2.4910656065912917e-05
7155,0.00013009447138756514
7156,2.1849964468856342e-05
7157,9.592111746314913e-05
7158,6.487680366262794e-05
7159,0.000142487624543719
7160,9.878681157715619e-05
7161,4.308046482037753e-05
7162,5.601518205367029e-05
7163,5.165976835996844e-05
7164,7.936639303807169e-05
7165,4.71292769361753e-05
7166,0.00013871559349354357
7167,9.378129470860586e-05
7168,5.433872502180748e-05
7169,7.966996054165065e-05
7170,0.00018526884377934039
7171,3.071253013331443e-05
7172,1.7321915947832167e-05
7173,0.0002091464411932975
7174,1.1489604730741121e-05
7175,9.549313836032525e-05
7176,0.00012280316150281578
7177,0.00015299375809263438
7178,5.025588325224817e-05
7179,2.0808693079743534e-05
7180,8.889802847988904e-05
7181,0.00012713929754681885
7182,2.8124934033257887e-05
7183,0.00017350968846585602
7184,6.091020259191282e-05
7185,8.432771574007347e-05
7186,0.00016931278514675796
7187,0.00014470916357822716
7188,3.2494070183020085e-05
7189,4.1882332880049944e-05
7190,1.8494391042622738e-05
7191,6.431619840441272e-05
7192,6.999977631494403e-05
7193,8.549742051400244e-05
7194,0.0001505074615124613
7195,2.37503154494334e-05
7196,8.812192390905693e-05
7197,5.749103002017364e-05
7198,0.00023288847296498716
7199,0.00016238880925811827
7200,5.617174974759109e-05
7201,1.3735283573623747e-05
7202,9.027843589137774e-06
7203,2.041597144852858e-05
7204,2.4668062906130217e-05
7205,1.0141462553292513e-05
7206,0.00015300029190257192
7207,7.341067248489708e-05
7208,0.00016828760271891952
7209,1.1045545761589892e-05
7210,1.5093096408236306e-05
7211,4.958589852321893e-05
7212,0.000102368721854873
7213,6.356834637699649e-05
7214,7.705549796810374e-05
7215,8.717532909940928e-05
7216,5.341858195606619e-05
7217,4.133060065214522e-05
7218,0.0002838773070834577
7219,3.5818778997054324e-05
7220,1.7364771338179708e-05
7221,0.00014338178152684122
7222,2.1720799850299954e-05
7223,2.802945346047636e-05
7224,0.00023363957006949931
7225,4.1271330701420084e-05
7226,6.258298526518047e-05
7227,5.1856350182788447e-05
7228,0.00020118674729019403
7229,0.00010060079512186348
7230,6.190974090714008e-05
7231,0.00021243005176074803
7232,1.8226557585876435e-05
7233,3.8940001104492694e-05
7234,0.00021852536883670837
7235,0.00022521702339872718
7236,7.871042180340737e-05
7237,5.6389930250588804e-05
7238,2.2274973161984235e-05
7239,9.83184581855312e-05
7240,0.0001211103517562151
7241,4.714162423624657e-05
7242,7.862882921472192e-05
7243,6.970693357288837e-05
7244,0.0002699073520489037
7245,0.00027413605130277574
7246,9.099049202632159e-05
7247,2.4286031475639902e-05
7248,0.00013955941540189087
7249,0.00010376112186349928
7250,5.388466888689436e-05
7251,0.00015388248721137643
7252,0.00013792913523502648
7253,1.52756656461861e-05
7254,0.00014993154036346823
7255,1.0977916645060759e-05
7256,0.00011788725532824174
7257,3.0330786103149876e-05
7258,0.00012546894140541553
7259,0.00011010013986378908
7260,6.985932122915983e-05
7261,1.6263160432572477e-05
7262,0.00017414576723240316
7263,4.9808200856205076e-05
7264,5.49838223378174e-05
7265,0.00020640139700844884
7266,0.00014542197459377348
7267,8.730041736271232e-05
7268,1.6037782188504934e-05
7269,1.423672802047804e-05
7270,9.505411435384303e-05
7271,4.860966873820871e-05
7272,2.0328079699538648e-05
7273,0.00024153501726686954
7274,0.0001640355767449364
7275,3.4343051083851606e-05
7276,3.7564510421361774e-05
7277,0.00013479197514243424
7278,9.167258394882083e-05
7279,1.0940033462247811e-05
7280,4.907313268631697e-05
7281,0.00013939391646999866
7282,8.362673543160781e-05
7283,8.206375787267461e-05
7284,5.366144614527002e-05
7285,7.634154462721199e-05
7286,1.4618130080634728e-05
7287,0.0003735272621270269
7288,1.5681351214880124e-05
7289,1.82752228283789e-05
7290,5.8872079534921795e-05
7291,1.743876055115834e-05
7292,2.6832229195861146e-05
7293,0.000122856828966178
7294,0.0002370156580582261
7295,3.8446196413133293e-05
7296,0.00020114665676373988
7297,0.00015711438027210534
7298,0.00014077790547162294
7299,0.00013613540795631707
7300,4.801832255907357e-05
7301,0.0001260307035408914
7302,0.00010553967149462551
7303,6.495771231129766e-05
7304,2.9444527172017843e-05
7305,0.00012070541561115533
7306,3.202770312782377e-05
7307,5.643311305902898e-05
7308,8.577120752306655e-05
7309,9.29348316276446e-05
7310,0.00017990503692999482
7311,2.95161698886659e-05
7312,0.0001442228676751256
7313,9.042860619956627e-05
7314,0.00012072059325873852
7315,6.769907486159354e-05
7316,5.9432033594930544e-05
7317,0.00011107810132671148
7318,6.7208779910288285e-06
7319,0.00014099699910730124
7320,6.234092870727181e-05
7321,7.552518218290061e-05
7322,0.00010897112952079624
7323,5.816429256810807e-05
7324,8.935568621382117e-05
7325,2.6425823307363316e-05
7326,8.188164792954922e-05
7327,0.0005216536810621619
7328,0.00012020473513985053
7329,5.700267865904607e-05
7330,8.705692016519606e-05
7331,0.00012310250895097852
7332,1.3819950254401192e-05
7333,1.6943944501690567e-05
7334,6.313242192845792e-05
7335,0.00017470779130235314
7336,4.411888585309498e-05
7337,1.0923462468781509e-05
7338,1.7031135939760134e-05
7339,2.753415537881665e-05
7340,6.902043969603255e-05
7341,7.953093154355884e-05
7342,0.00013234748621471226
7343,0.00011585932224988937
7344,3.3995027479249984e-05
7345,3.889695290126838e-05
7346,0.00014921894762665033
7347,8.891242032404989e-05
7348,3.324725548736751e-05
7349,4.297891427995637e-05
7350,1.108744527300587e-05
7351,1.5951518435031176e-05
7352,3.484031913103536e-05
7353,0.0001035962050082162
7354,3.8208083424251527e-05
7355,4.0134171285899356e-05
7356,0.00010193725029239431
7357,3.5821878554997966e-05
7358,4.692767470260151e-05
7359,2.416233837720938e-05
7360,0.00014234406989999115
7361,1.00598908829852e-05
7362,0.00012696374324150383
7363,0.00013034732546657324
7364,0.00019386202620808035
7365,3.9234211726579815e-05
7366,6.299365486484021e-05
7367,0.0001022062060656026
7368,6.996870797593147e-05
7369,0.00011175588588230312
7370,2.599214894871693e-05
7371,4.234344305587001e-05
7372,0.00011523882858455181
7373,9.023020538734272e-06
7374,8.485915896017104e-05
7375,4.354149496066384e-05
7376,3.280889359302819e-05
7377,8.950526535045356e-06
7378,5.7713095884537324e-05
7379,3.25833389069885e-05
7380,2.2722701032762416e-05
7381,8.141667058225721e-05
7382,2.5463654310442507e-05
7383,7.514600292779505e-05
7384,8.421265374636278e-05
7385,5.3722269512945786e-05
7386,6.511658284580335e-05
7387,0.0002201654715463519
7388,0.0001482837978983298
7389,0.00018728352733887732
7390,3.6781806556973606e-05
7391,0.00012897072883788496
7392,9.87531675491482e-05
7393,3.210636350559071e-05
7394,0.00012122720363549888
7395,8.543935109628364e-06
7396,7.813113916199654e-05
7397,1.1065882063121535e-05
7398,8.036258805077523e-05
7399,0.00017748141544871032
7400,2.2581378289032727e-05
7401,0.00013816560385748744
7402,2.334687451366335e-05
7403,5.1332011935301125e-05
7404,1.933107341756113e-05
7405,0.00027055188547819853
7406,2.0337865862529725e-05
7407,7.472399738617241e-05
7408,3.457959974184632e-05
7409,4.259893103153445e-05
7410,3.780412225751206e-05
7411,0.00015154639550019056
7412,4.9357389798387885e-05
7413,0.00014208813081495464
7414,0.00011273520794929937
7415,6.54740579193458e-05
7416,4.511931911110878e-05
7417,8.39863350847736e-05
7418,6.344397115753964e-05
7419,0.00011912312038475648
7420,3.290074528194964e-05
7421,9.340382530353963e-05
7422,3.97750482079573e-05
7423,0.00011734316649381071
7424,5.590852379100397e-05
7425,6.242158997338265e-05
7426,4.9543450586497784e-05
7427,0.00012070199591107666
7428,4.728104249807075e-05
7429,5.386575503507629e-05
7430,7.72378480178304e-05
7431,0.00012802131823264062
7432,8.143113518599421e-05
7433,4.6568733523599803e-05
7434,0.00025735440431162715
7435,7.988624565768987e-05
7436,2.197929279645905e-05
7437,0.00011280402395641431
7438,8.025749593798537e-06
7439,1.40162755997153e-05
7440,0.00011097270908067003
7441,5.2518465963657945e-05
7442,4.6777320676483214e-05
7443,2.3331249394686893e-05
7444,0.0002079119731206447
7445,9.958252485375851e-05
7446,0.00013782836322207004
7447,6.980934995226562e-05
7448,0.00012078444706276059
7449,7.413155981339514e-05
7450,7.156883657444268e-05
7451,7.787327922414988e-05
7452,2.4907598344725557e-05
7453,0.00010144100815523416
7454,5.586453335126862e-05
7455,8.305157825816423e-05
7456,7.992180326255038e-05
7457,7.562145765405148e-05
7458,6.800170376664028e-05
7459,2.7924768801312894e-05
7460,9.922680328600109e-05
7461,1.1065210856031626e-05
7462,4.69093574793078e-05
7463,0.0001147554867202416
7464,9.73174610408023e-05
7465,3.549611210473813e-05
7466,0.0002184584445785731
7467,0.0001230205234605819
7468,2.229635720141232e-05
7469,0.00016966951079666615
7470,7.209397153928876e-05
7471,9.29456582525745e-05
7472,0.00010671866039047018
7473,0.00012973447155673057
7474,4.253146471455693e-05
7475,3.4565600799396634e-05
7476,4.9255930207436904e-05
7477,0.00013497582403942943
7478,5.9360532759455964e-05
7479,6.978619785513729e-05
7480,8.560095739085227e-05
7481,4.337907739682123e-05
7482,8.573535160394385e-05
7483,2.0468047296162695e-05
7484,0.0001556109345983714
7485,2.101662175846286e-05
7486,7.29783350834623e-05
7487,0.00016108468116726726
7488,6.345975998556241e-05
7489,0.00014167498738970608
7490,0.00010674326040316373
7491,0.00013784570910502225
7492,7.958353671710938e-05
7493,0.00015360541874542832
7494,7.45918950997293e-05
7495,0.0001705611211946234
7496,0.00016369984950870275
7497,0.00014925138384569436
7498,6.645365647273138e-05
7499,3.175050369463861e-05
7500,0.0001689101045485586
7501,0.00014364472008310258
7502,0.00015553072444163263
7503,5.8045032346853986e-05
7504,8.089318725978956e-05
7505,9.094203414861113e-05
7506,7.478968473151326e-05
7507,1.1514788639033213e-05
7508,0.00012030082143610343
7509,2.0246487110853195e-05
7510,2.4668683181516826e-05
7511,3.390696656424552e-05
7512,7.673949585296214e-05
7513,7.815197022864595e-05
7514,0.00011537021055119112
7515,5.5743301345501095e-05
7516,0.00012112781405448914
7517,0.00017330801347270608
7518,2.625778506626375e-05
7519,0.0001797169679775834
7520,0.00014520942931994796
7521,6.029765427228995e-05
7522,6.118809687905014e-05
7523,0.00012885421165265143
7524,9.990557009587064e-05
7525,8.629851799923927e-05
7526,4.4651311327470466e-05
7527,0.00015997106675058603
7528,0.0001116599451052025
7529,9.356113150715828e-05
7530,6.324886635411531e-05
7531,6.065288107492961e-05
7532,2.3886950657470152e-05
7533,6.654798198724166e-05
7534,5.9039051848230883e-05
7535,9.195428719976917e-05
7536,3.308639134047553e-05
7537,1.674981103860773e-05
7538,0.00010762409510789439
7539,2.0657869754359126e-05
7540,6.224768003448844e-05
7541,4.1867384425131604e-05
7542,5.370363942347467e-05
7543,8.589400385972112e-05
7544,7.101135270204395e-05
7545,5.751162098022178e-05
7546,0.00010423065396025777
7547,0.00017380381177645177
7548,3.34778887918219e-05
7549,3.952148836106062e-05
7550,3.825320891337469e-05
7551,0.00010285613825544715
7552,9.343835699837655e-05
7553,5.840924131916836e-05
7554,9.135376603808254e-05
7555,9.217621118295938e-05
7556,4.639490362023935e-05
7557,2.796194894472137e-05
7558,0.00011969069601036608
7559,0.00010402669431641698
7560,4.013321449747309e-05
7561,3.238463250454515e-05
7562,0.00011298363824607804
7563,1.884241464722436e-05
7564,1.9413753761909902e-05
7565,3.9591217500856146e-05
7566,5.88844959565904e-05
7567,7.871979323681444e-05
7568,9.464668983127922e-05
7569,0.00013974480680190027
7570,0.0001091102312784642
7571,3.376603126525879e-05
7572,9.583631617715582e-05
7573,8.434156188741326e-05
7574,0.0001242805883521214
7575,1.248001353815198e-05
7576,5.8065346820512787e-05
7577,5.735017475672066e-05
7578,0.00012043336755596101
7579,0.00014471130270976573
7580,5.4764936066931114e-05
7581,8.190996595658362e-05
7582,3.9649625250604004e-05
7583,0.00011957978858845308
7584,0.00010209956235485151
7585,6.976953591220081e-05
7586,2.139519710908644e-05
7587,0.00012867373879998922
7588,6.035085971234366e-05
7589,8.691828406881541e-05
7590,2.025461071752943e-05
7591,3.5140699765179306e-05
7592,2.9245946279843338e-05
7593,0.00010691262286854908
7594,0.00010250257037114352
7595,0.00015842252469155937
7596,6.059245060896501e-05
7597,0.00017647859931457788
7598,9.972496627597138e-05
7599,0.0003809511545114219
7600,0.00016754341777414083
7601,8.527371392119676e-05
7602,3.2205472962232307e-05
7603,8.086548768915236e-05
7604,0.00013890804257243872
7605,6.626141112064943e-05
7606,4.246926255291328e-05
7607,1.6190100723179057e-05
7608,0.00024843760184012353
7609,8.368790440727025e-05
7610,0.00019301788415759802
7611,0.00011145868484163657
7612,5.957504617981613e-05
7613,6.490149826277047e-05
7614,7.776488928357139e-05
7615,5.204737317399122e-05
7616,0.0001119686639867723
7617,1.9432674889685586e-05
7618,4.142648322158493e-05
7619,3.6218563764123246e-05
7620,8.555255044484511e-05
7621,0.00015631408314220607
7622,0.00011101682321168482
7623,7.001865014899522e-05
7624,2.329528797417879e-05
7625,2.8831535018980503e-05
7626,5.370118742575869e-05
7627,4.2177005525445566e-05
7628,8.075327787082642e-05
7629,9.116188266489189e-06
7630,6.623793160542846e-05
7631,8.213252294808626e-05
7632,0.00011439914669608697
7633,0.0001252077054232359
7634,0.00016594280896242708
7635,5.660677925334312e-05
7636,0.0003258876095060259
7637,7.970501610543579e-05
7638,0.00012761109974235296
7639,0.00010677354293875396
7640,1.591324144101236e-05
7641,0.00015918113058432937
7642,0.00022908402024768293
7643,4.9312271585222334e-05
7644,1.596095899003558e-05
7645,0.0001045679091475904
7646,7.859531615395099e-05
7647,2.201359166065231e-05
7648,5.913578934269026e-05
7649,9.241231600753963e-05
7650,3.636288602137938e-05
7651,4.7638914111303166e-05
7652,5.1399700168985873e-05
7653,5.794770549982786e-05
7654,6.788310565752909e-05
7655,5.1682287448784336e-05
7656,8.575549873057753e-05
7657,9.82207857305184e-05
7658,1.5690247892052867e-05
7659,3.356493834871799e-05
7660,6.663196109002456e-05
7661,7.930805440992117e-05
7662,8.864599658409134e-05
7663,0.00019059721671510488
7664,3.241181912017055e-05
7665,0.00011461496615083888
7666,7.379516318906099e-05
7667,3.169277624692768e-05
7668,8.125213207677007e-05
7669,8.788929699221626e-05
7670,6.71161396894604e-05
7671,2.3503851480199955e-05
7672,3.196778561687097e-05
7673,2.742710421443917e-05
7674,4.0127219108399004e-05
7675,1.4023039511812385e-05
7676,9.469610085943714e-05
7677,0.0001595056091900915
7678,3.565491351764649e-05
7679,1.5332225302699953e-05
7680,3.1060677429195493e-05
7681,0.00012191768473712727
7682,0.00023539370158687234
7683,7.508177804993466e-05
7684,0.00010768286301754415
7685,2.8536178433569148e-05
7686,0.00011427792924223468
7687,0.00015204395458567888
7688,0.0001333987747784704
7689,8.004376286407933e-05
7690,4.438365431269631e-05
7691,0.00013463552750181407
7692,7.956946501508355e-05
7693,6.006092735333368e-05
7694,1.606142905075103e-05
7695,0.00012376296217553318
7696,1.815591167542152e-05
7697,0.0001112447353079915
7698,0.00013719851267524064
7699,1.0845091310329735e-05
7700,0.0001014758090605028
7701,5.998820415697992e-05
7702,1.574113775859587e-05
7703,4.0539714973419905e-05
7704,9.686180419521406e-05
7705,3.8549318560399115e-05
7706,0.00036070815986022353
7707,9.057669376488775e-05
7708,4.588625597534701e-05
7709,0.0001502557861385867
7710,3.109757381025702e-05
7711,0.00010284428572049364
7712,1.2792663255822845e-05
7713,6.715699419146404e-05
7714,7.544975233031437e-05
7715,8.126593456836417e-05
7716,1.9928273104596883e-05
7717,0.00016768480418249965
7718,1.9386718122405e-05
7719,5.66229791729711e-05
7720,0.00013406403013505042
7721,6.082435720600188e-05
7722,0.00017871813906822354
7723,4.793196058017202e-05
7724,5.936801971984096e-05
7725,7.344988989643753e-05
7726,0.0001369790406897664
7727,5.9521407820284367e-05
7728,0.0001409902615705505
7729,0.00020456899073906243
7730,0.0002372735907556489
7731,7.901022036094218e-05
7732,4.2756197217386216e-05
7733,8.566246833652258e-05
7734,0.00013059107004664838
7735,0.0001703764428384602
7736,1.3723849406233057e-05
7737,0.00010368098446633667
7738,4.995632480131462e-05
7739,0.00013222612324170768
7740,0.0001444089866708964
7741,9.70221299212426e-05
7742,6.34317402727902e-05
7743,4.476416506804526e-05
7744,2.8280004698899575e-05
7745,5.4222018661675975e-05
7746,8.190295193344355e-05
7747,2.304029112565331e-05
7748,7.467393879778683e-05
7749,3.917901631211862e-05
7750,9.404717275174335e-05
7751,9.583286009728909e-05
7752,3.4714030334725976e-05
7753,0.00011334564624121413
7754,0.00011837150668725371
7755,5.657519795931876e-05
7756,1.7718475646688603e-05
7757,6.474507972598076e-05
7758,5.201980093261227e-05
7759,4.251915743225254e-05
7760,8.827316923998296e-05
7761,7.722544251009822e-05
7762,0.00025561312213540077
7763,4.6347235183930025e-05
7764,4.213842476019636e-05
7765,3.734604979399592e-05
7766,0.00014360299974214286
7767,9.22097242437303e-05
7768,0.0001805048668757081
7769,5.8765101130120456e-05
7770,2.4791717805783264e-05
7771,3.5882399970432743e-05
7772,1.6516478353878483e-05
7773,8.742532372707501e-05
7774,0.0001261812140000984
7775,0.00010491713328519836
7776,3.4523931390140206e-05
7777,7.062522490741685e-05
7778,0.00014780982746742666
7779,8.979634003480896e-05
7780,8.006840653251857e-05
7781,2.807129203574732e-05
7782,0.00012867883197031915
7783,0.00044615802471525967
7784,8.05104646133259e-05
7785,0.00010319403372704983
7786,5.450801472761668e-05
7787,1.401914323650999e-05
7788,1.3622953701997176e-05
7789,6.119478348409757e-05
7790,9.975380089599639e-05
7791,3.291805842309259e-05
7792,5.993881495669484e-05
7793,2.441833566990681e-05
7794,0.00019021457410417497
7795,0.0001321101444773376
7796,3.903938704752363e-05
7797,5.757910548709333e-05
7798,0.00017154132365249097
7799,1.495953620178625e-05
7800,0.00011297257151454687
7801,2.3234035325003788e-05
7802,7.250656199175864e-05
7803,4.8972964577842504e-05
7804,0.00012428943591658026
7805,1.5487610653508455e-05
7806,5.88122675253544e-05
7807,3.381524948053993e-05
7808,0.00011665809142868966
7809,0.0002196984423790127
7810,6.227688572835177e-05
7811,8.26342438813299e-05
7812,4.5615532144438475e-05
7813,5.924023571424186e-05
7814,7.156902574934065e-05
7815,0.00016799928562249988
7816,4.637552046915516e-05
7817,7.7206757850945e-05
7818,6.494445551652461e-05
7819,1.4267747246776707e-05
7820,4.63241885881871e-05
7821,2.9716766221099533e-05
7822,3.996527811978012e-05
7823,4.347600042819977e-05
7824,0.00010772970563266426
7825,0.00011218503641430289
7826,1.529041946923826e-05
7827,7.271606591530144e-05
7828,0.0003728328156284988
7829,1.5137530681386124e-05
7830,0.00013284586020745337
7831,3.58432371285744e-05
7832,1.1751408237614669e-05
7833,3.2439231290481985e-05
7834,3.0325625630212016e-05
7835,3.2453841413371265e-05
7836,1.8624503354658373e-05
7837,0.00027330414741300046
7838,7.638412353117019e-05
7839,9.313895861851051e-05
7840,3.619397830334492e-05
7841,8.639576844871044e-05
7842,9.209901327267289e-05
7843,3.637314875959419e-05
7844,1.6078698536148295e-05
7845,0.00019325112225487828
7846,6.73449831083417e-05
7847,9.557677549310029e-05
7848,3.983167698606849e-05
7849,3.4071919799316674e-05
7850,6.18815392954275e-05
7851,3.0073091693338938e-05
7852,6.097418372519314e-05
7853,7.022909994702786e-05
7854,3.7014026020187885e-05
7855,1.5668187188566662e-05
7856,0.0002061959239654243
7857,6.386580935213715e-05
7858,5.9744808822870255e-05
7859,6.570185360033065e-05
7860,7.79252004576847e-05
7861,3.797918543568812e-05
7862,0.0001313363463850692
7863,0.0001318589347647503
7864,6.590196426259354e-05
7865,0.00015813144273124635
7866,2.7679405320668593e-05
7867,0.00014819324132986367
7868,9.972100815502927e-05
7869,3.48393150488846e-05
7870,5.3908843256067485e-05
7871,4.972144597559236e-05
7872,5.223843618296087e-05
7873,7.598677620990202e-05
7874,9.446628610021435e-06
7875,1.0710796232160646e-05
7876,9.629719716031104e-05
7877,6.364072760334238e-05
7878,2.6918158255284652e-05
7879,4.8030960897449404e-05
7880,0.00019267338211648166
7881,0.00016519830387551337
7882,0.00012817661627195776
7883,4.264792369212955e-05
7884,9.450204379390925e-05
7885,6.167309766169637e-05
7886,0.00010293910600012168
7887,3.698308137245476e-05
7888,8.781968790572137e-05
7889,5.839062941959128e-05
7890,0.00016786734340712428
7891,5.232562398305163e-05
7892,1.871096173999831e-05
7893,2.1812687919009477e-05
7894,0.00011203934263903648
7895,6.834353553131223e-05
7896,7.272847142303362e-05
7897,4.2031089833471924e-05
7898,6.323469278868288e-05
7899,4.873867146670818e-05
7900,5.853662150911987e-05
7901,6.538064917549491e-05
7902,7.171784091042355e-05
7903,7.32400621927809e-06
7904,9.082310134544969e-05
7905,6.0392150771804154e-05
7906,1.2008199519186746e-05
7907,3.442257730057463e-05
7908,0.00010115999612025917
7909,3.271226159995422e-05
7910,8.928368333727121e-05
7911,7.646437006769702e-05
7912,4.148322477703914e-05
7913,0.0003368809702806175
7914,0.00013602376566268504
7915,7.433208520524204e-05
7916,0.0001437850878573954
7917,0.00012474629329517484
7918,5.3449635743163526e-05
7919,5.864253398613073e-05
7920,9.072637112694792e-06
7921,8.214963600039482e-05
7922,2.881733962567523e-05
7923,0.00019733462249860168
7924,6.68538486934267e-05
7925,0.00014542794087901711
7926,8.629379590274766e-05
7927,0.00022375353728421032
7928,2.7155321731697768e-05
7929,5.2777741075260565e-05
7930,7.176486542448401e-05
7931,7.996600470505655e-05
7932,3.319680763524957e-05
7933,6.099321399233304e-05
7934,1.6841904653119855e-05
7935,0.00014428682334255427
7936,8.812328451313078e-05
7937,1.1857932804559823e-05
7938,0.00014415406621992588
7939,4.511988299782388e-05
7940,0.0002242000336991623
7941,4.153195186518133e-05
7942,7.630157779203728e-05
7943,4.0414124669041485e-05
7944,6.457415292970836e-05
7945,1.6766203771112487e-05
7946,0.0003375219530425966
7947,8.530975901521742e-05
7948,5.196210986468941e-05
7949,5.815587428514846e-05
7950,0.00012609170516952872
7951,1.0375772035331465e-05
7952,6.655868492089212e-05
7953,7.190314136096276e-06
7954,8.810281724436209e-05
7955,4.419863398652524e-05
7956,8.708678797120228e-05
7957,3.732399636646733e-05
7958,1.9267685274826363e-05
7959,0.00019417759904172271
7960,0.0001337675639661029
7961,2.285750088049099e-05
7962,6.889157521072775e-05
7963,0.00013227516319602728
7964,0.00038785499054938555
7965,5.260398029349744e-05
7966,7.845390064176172e-05
7967,0.00010936129547189921
7968,0.0001296742120757699
7969,0.0005302788922563195
7970,0.0001597012160345912
7971,8.22667934698984e-05
7972,0.0002630156232044101
7973,1.5201632777461782e-05
7974,0.0001836898154579103
7975,1.78239970409777e-05
7976,0.0001902494695968926
7977,3.5943390685133636e-05
7978,1.285803136852337e-05
7979,1.2751515896525234e-05
7980,1.6321464499924332e-05
7981,5.8521491155261174e-05
7982,3.2174764783121645e-05
7983,4.942103987559676e-05
7984,0.0001354091800749302
7985,6.368831236613914e-06
7986,0.00020540748664643615
7987,6.43015664536506e-05
7988,1.724728281260468e-05
7989,0.00014522293349727988
7990,0.0004028204712085426
7991,1.6538804629817605e-05
7992,1.1300615369691513e-05
7993,8.638332656119019e-05
7994,7.521233055740595e-05
7995,1.4615155123465229e-05
7996,7.579392695333809e-05
7997,7.766135968267918e-05
7998,2.6704852643888444e-05
7999,0.0003812676586676389
8000,1.8151378753827885e-05
8001,2.548731936258264e-05
8002,6.419277633540332e-05
8003,0.0003167529357597232
8004,1.9364491890883073e-05
8005,0.00011788537085521966
8006,0.00016888618119992316
8007,5.457486258819699e-05
8008,0.000140361997182481
8009,9.999205940403044e-05
8010,6.663564272457734e-05
8011,2.4184681024053134e-05
8012,4.199831164442003e-05
8013,2.9517210350604728e-05
8014,0.00011541523417690769
8015,2.7881400455953553e-05
8016,0.00013611212489195168
8017,4.410353722050786e-05
8018,0.00013731958460994065
8019,3.729497984750196e-05
8020,6.497129652416334e-05
8021,6.324805144686252e-05
8022,4.7550838644383475e-05
8023,1.4952430319681298e-05
8024,6.20411810814403e-05
8025,8.675326171214692e-06
8026,0.00010209293395746499
8027,0.00011155822721775621
8028,5.761153806815855e-05
8029,0.00023980808327905834
8030,6.061057501938194e-05
8031,5.5971853726077825e-05
8032,3.099190507782623e-05
8033,2.9373521101661026e-05
8034,8.754308510106057e-05
8035,1.951026206370443e-05
8036,6.69576766085811e-05
8037,0.0001322691678069532
8038,9.568785026203841e-05
8039,7.746876508463174e-05
8040,0.00016050663543865085
8041,0.00027818974922411144
8042,7.787355571053922e-05
8043,5.617966235149652e-05
8044,9.175848390441388e-05
8045,9.962347394321114e-05
8046,0.00011158804409205914
8047,5.9856902225874364e-05
8048,0.000277079117950052
8049,0.00010059763735625893
8050,7.758413266856223e-05
8051,5.4034371714806184e-05
8052,4.543444447335787e-05
8053,2.189787119277753e-05
8054,0.00018375777290202677
8055,0.00016243424033746123
8056,0.0001720883883535862
8057,7.948442544147838e-06
8058,6.789813051000237e-05
8059,0.00011184296454302967
8060,1.3035461961408146e-05
8061,7.402166374959052e-05
8062,1.5434947272296995e-05
8063,9.899998985929415e-06
8064,6.902551831444725e-05
8065,0.00012361165136098862
8066,1.602272823220119e-05
8067,1.705109389149584e-05
8068,9.745901479618624e-06
8069,0.00040242576505988836
8070,1.7347385437460616e-05
8071,0.00012410419003572315
8072,5.765074456576258e-05
8073,0.00020482127729337662
8074,7.293793896678835e-05
8075,0.000156363908899948
8076,0.0002267025993205607
8077,5.4285552323563024e-05
8078,2.461123040120583e-05
8079,6.751563341822475e-05
8080,7.739709690213203e-05
8081,4.673103831009939e-05
8082,4.765712219523266e-05
8083,2.4566848878748715e-05
8084,0.00012207592953927815
8085,4.8060494009405375e-05
8086,9.355848305858672e-05
8087,5.041237091063522e-05
8088,5.557518306886777e-05
8089,0.00012912975216750056
8090,0.00017358458717353642
8091,0.00023863196838647127
8092,6.898902938701212e-05
8093,7.590451423311606e-05
8094,1.4340630514197983e-05
8095,0.00010951779404422268
8096,3.795947122853249e-05
8097,2.9797462048009038e-05
8098,0.00017542601563036442
8099,0.00015088627696968615
8100,6.952531111892313e-05
8101,2.7394307835493237e-05
8102,0.0002067746827378869
8103,0.00012903525203000754
8104,5.4240270401351154e-05
8105,7.632850611116737e-05
8106,4.4019456254318357e-05
8107,0.00010659232793841511
8108,0.00010822126205312088
8109,3.4973832953255624e-05
8110,0.00015287748828995973
8111,0.00014796981122344732
8112,6.17767364019528e-05
8113,4.2996194679290056e-05
8114,2.0229821529937908e-05
8115,0.0001385146751999855
8116,0.00015524108312092721
8117,5.554333620239049e-05
8118,7.164511771406978e-05
8119,8.08740787761053e-06
8120,0.00016491218411829323
8121,3.44428262906149e-05
8122,1.53898072312586e-05
8123,7.240223931148648e-05
8124,0.00014539282710757107
8125,6.635386671405286e-05
8126,6.031513476045802e-05
8127,4.337993959779851e-05
8128,0.00014480520621873438
8129,0.0001416527375113219
8130,0.00011683619959512725
8131,0.0001339829759672284
8132,3.0695075110998005e-05
8133,1.5700079529779032e-05
8134,5.1624108891701326e-05
8135,0.00013486802345141768
8136,2.9489512598956935e-05
8137,8.914386853575706e-05
8138,2.3622982553206384e-05
8139,0.00014164332242216915
8140,7.031783752609044e-05
8141,5.669226811733097e-05
8142,4.8815913032740355e-05
8143,2.7087060516350903e-05
8144,5.3218020184431225e-05
8145,0.0001141573884524405
8146,0.00012124803470214829
8147,5.694704668712802e-05
8148,4.225938391755335e-05
8149,7.043211371637881e-05
8150,1.1547610483830795e-05
8151,9.439533459953964e-05
8152,3.4052482078550383e-05
8153,0.0002241132315248251
8154,0.00024771332391537726
8155,0.00011752488353522494
8156,0.00023075884382706136
8157,3.647670382633805e-05
8158,8.589837671024725e-05
8159,5.281294579617679e-05
8160,0.00025152452872134745
8161,0.0001468507689423859
8162,0.0002472811029292643
8163,0.0001591657055541873
8164,3.934796404791996e-05
8165,9.390854393132031e-05
8166,0.00013719504931941628
8167,0.0002481674891896546
8168,0.0003834190429188311
8169,9.186184615828097e-05
8170,0.00010656249651219696
8171,1.527234780951403e-05
8172,8.540047565475106e-05
8173,1.2469197827158496e-05
8174,4.41768133896403e-05
8175,0.00046962860506027937
8176,2.0034580302308314e-05
8177,1.3393098925007507e-05
8178,0.00010065134847536683
8179,1.8905988326878287e-05
8180,0.00011507383896969259
8181,0.00028595837648026645
8182,5.5713055189698935e-05
8183,3.3218115277122706e-05
8184,0.00011797620391007513
8185,0.00030377114308066666
8186,1.3064727681921795e-05
8187,0.00010653278150130063
8188,3.310625470476225e-05
8189,6.678725185338408e-05
8190,0.00011085867299698293
8191,6.126124935690314e-05
8192,0.0001929121499415487
8193,0.00039242501952685416
8194,4.566443749354221e-05
8195,8.241798786912113e-05
8196,2.8647311410168186e-05
8197,9.356148075312376e-05
8198,2.014879646594636e-05
8199,6.166855746414512e-05
8200,7.879389158915728e-05
8201,3.745120920939371e-05
8202,6.780844705644995e-05
8203,4.651513518183492e-05
8204,0.00010096069308929145
8205,2.8104806915507652e-05
8206,8.825045370031148e-05
8207,3.298972296761349e-05
8208,3.757896047318354e-05
8209,3.1823597964830697e-05
8210,0.00010074776946566999
8211,8.344140223925933e-05
8212,0.00016358881839551032
8213,0.00014024353004060686
8214,1.241011341335252e-05
8215,9.802068234421313e-06
8216,1.6179737940547056e-05
8217,9.128635429078713e-05
8218,1.2382078239170369e-05
8219,0.00021391993504948914
8220,0.0001163282577181235
8221,5.810101720271632e-05
8222,7.473772711819038e-05
8223,0.00012895454710815102
8224,0.00021883711451664567
8225,3.3090374927269295e-05
8226,6.182789365993813e-05
8227,8.775771129876375e-05
8228,7.874748553149402e-05
8229,0.0002108692133333534
8230,0.0001081582740880549
8231,1.7191892766277306e-05
8232,3.839990677079186e-05
8233,3.2992054912028834e-05
8234,1.2850128769059666e-05
8235,8.006233110791072e-05
8236,6.03678599873092e-05
8237,6.182165088830516e-05
8238,4.3614993046503514e-05
8239,8.502192213200033e-05
8240,6.729191954946145e-05
8241,0.00013358189607970417
8242,2.0317998860264197e-05
8243,4.238310793880373e-05
8244,0.00017020707309711725
8245,5.962936847936362e-05
8246,8.395432814722881e-05
8247,2.914241122198291e-05
8248,0.00010079499043058604
8249,1.1745987649192102e-05
8250,0.00011511275806697085
8251,3.9095801184885204e-05
8252,0.0001671933860052377
8253,8.683546911925077e-05
8254,0.0001527800050098449
8255,0.00016608509758953005
8256,6.650221621384844e-05
8257,1.4082555935601704e-05
8258,6.70578156132251e-05
8259,1.3843880878994241e-05
8260,2.4694581952644512e-05
8261,4.262139191268943e-05
8262,5.912576671107672e-05
8263,6.969957030378282e-05
8264,1.2613874787348323e-05
8265,0.0001008154358714819
8266,8.692291885381564e-05
8267,8.885063289199024e-05
8268,0.00015549622185062617
8269,1.2854167835030239e-05
8270,8.596799307269976e-05
8271,0.00014306337106972933
8272,9.641395445214584e-05
8273,0.00016408409283030778
8274,0.0001135093771154061
8275,8.247001096606255e-05
8276,0.00024173964629881084
8277,3.722570545505732e-05
8278,8.689046808285639e-05
8279,0.00029413594165816903
8280,1.1362195436959155e-05
8281,0.00010090650903293863
8282,7.22539407433942e-05
8283,2.3043468900141306e-05
8284,8.213737601181492e-05
8285,1.0413353265903424e-05
8286,1.482666175434133e-05
8287,1.401027839165181e-05
8288,9.352603228762746e-05
8289,0.00010532386659178883
8290,5.483232598635368e-05
8291,6.007990668877028e-05
8292,5.806956687592901e-05
8293,2.8568832931341603e-05
8294,6.951487739570439e-05
8295,6.70339577482082e-05
8296,7.756987179163843e-05
8297,0.00012468636850826442
8298,6.082045001676306e-05
8299,1.4664112313766964e-05
8300,0.00027428538305684924
8301,6.0997608670732006e-05
8302,6.909733201609924e-05
8303,4.639152029994875e-05
8304,9.577583114150912e-05
8305,6.279145600274205e-05
8306,1.0789507541630883e-05
8307,7.009922410361469e-05
8308,9.916493581840768e-05
8309,1.2236263501108624e-05
8310,0.00015273796452675015
8311,1.7917864170158282e-05
8312,6.407080218195915e-05
8313,0.0001765942433848977
8314,0.0002855969942174852
8315,0.00012170241097919643
8316,0.00012105103087378666
8317,6.310288154054433e-05
8318,8.057795639615506e-05
8319,0.0001777494471753016
8320,0.00023383184452541173
8321,0.00021779305825475603
8322,1.800089012249373e-05
8323,1.4970805750635918e-05
8324,2.6569981855573133e-05
8325,7.717785774730146e-05
8326,1.560455893923063e-05
8327,6.166053208289668e-05
8328,0.0001263944577658549
8329,8.614257967565209e-05
8330,2.7610381948761642e-05
8331,1.2887428965768777e-05
8332,0.0001115602208301425
8333,2.931667404482141e-05
8334,0.00010534463217481971
8335,3.8385289371944964e-05
8336,4.200384137220681e-05
8337,8.608090865891427e-05
8338,1.2509126463555731e-05
8339,0.00010454843868501484
8340,5.180306106922217e-05
8341,4.2207939259242266e-05
8342,0.00011157731205457821
8343,0.00020483785192482173
8344,0.00014963161083869636
8345,4.000750050181523e-05
8346,9.47989901760593e-05
8347,7.488287519663572e-05
8348,0.00011172259110026062
8349,3.747632945305668e-05
8350,2.8440474125090986e-05
8351,5.7024888519663364e-05
8352,6.677184137515724e-05
8353,2.6781175620271824e-05
8354,8.201440505217761e-05
8355,9.272344323107973e-05
8356,9.58922173595056e-05
8357,0.00012303513358347118
8358,1.5539946616627276e-05
8359,5.4559572163270786e-05
8360,2.5599585569580086e-05
8361,8.566267206333578e-05
8362,9.238191705662757e-05
8363,4.821802940568887e-05
8364,0.00013974103785585612
8365,9.455598774366081e-05
8366,3.6350123991724104e-05
8367,0.00021695962641388178
8368,7.721834117546678e-05
8369,9.678106289356947e-05
8370,3.090635436819866e-05
8371,1.2648719348362647e-05
8372,1.8948463548440486e-05
8373,9.215015779773239e-06
8374,1.7008715076372027e-05
8375,0.00016371355741284788
8376,5.588867497863248e-05
8377,6.222126830834895e-05
8378,7.895274393376894e-06
8379,0.00010690603812690824
8380,5.8444482419872656e-05
8381,2.3487809812650084e-05
8382,0.0003655458567664027
8383,6.831381324445829e-05
8384,0.00013215863145887852
8385,9.928210056386888e-05
8386,6.527884397655725e-05
8387,9.743020200403407e-05
8388,0.00016053742729127407
8389,0.00013328998466022313
8390,4.434967922861688e-05
8391,2.686448351596482e-05
8392,1.867072205641307e-05
8393,3.749710231204517e-05
8394,0.00030460470588877797
8395,0.0001167688169516623
8396,0.00017787629622034729
8397,0.00010788172949105501
8398,0.00010659779945854098
8399,6.01395258854609e-05
8400,3.92780129914172e-05
8401,0.0001940197398653254
8402,2.7840809707413428e-05
8403,4.223345604259521e-05
8404,8.573418017476797e-05
8405,5.404307012213394e-05
8406,0.00014525410369969904
8407,7.792011456331238e-05
8408,1.948829594766721e-05
8409,2.5133522285614163e-05
8410,6.072310861782171e-05
8411,4.6394845412578434e-05
8412,0.00010675650264602154
8413,0.0001696370600257069
8414,0.0001428623218089342
8415,0.00034238837542943656
8416,0.00023003254318609834
8417,4.1732848330866545e-05
8418,0.0002032107877312228
8419,0.00011639621516223997
8420,3.176858081133105e-05
8421,2.927127934526652e-05
8422,0.00012112141848774627
8423,4.2089981434401125e-05
8424,4.0185957914218307e-05
8425,2.7344252885086462e-05
8426,7.140331581467763e-05
8427,2.7361933462088928e-05
8428,9.779872198123485e-05
8429,9.156402666121721e-05
8430,3.5839741030940786e-05
8431,8.163963502738625e-05
8432,0.0001352157851215452
8433,9.744471753947437e-05
8434,8.494876237818971e-05
8435,1.431402051821351e-05
8436,0.00019532516307663172
8437,3.5346885852050036e-05
8438,0.00010205402213614434
8439,8.939026156440377e-05
8440,4.937135963700712e-05
8441,2.8911152185173705e-05
8442,3.7935213185846806e-05
8443,0.00024671797291375697
8444,2.9447010092553683e-05
8445,7.797167199896649e-05
8446,0.00013781271991319954
8447,1.662676368141547e-05
8448,1.623164462216664e-05
8449,1.2834299013775308e-05
8450,3.7321409763535485e-05
8451,1.3131404557498172e-05
8452,5.0431226554792374e-05
8453,4.12536392104812e-05
8454,1.6143305401783437e-05
8455,0.00011189928773092106
8456,1.006330148811685e-05
8457,4.7476383770117536e-05
8458,0.0001328621874563396
8459,0.00021876889513805509
8460,0.00010708149056881666
8461,2.4977594875963405e-05
8462,2.1910123905399814e-05
8463,6.923481123521924e-05
8464,0.0001226595777552575
8465,0.0004868993128184229
8466,5.8280089433537796e-05
8467,3.869833017233759e-05
8468,9.059268631972373e-05
8469,2.694011345738545e-05
8470,7.414335414068773e-05
8471,0.0001398306922055781
8472,5.799590508104302e-05
8473,4.477088077692315e-05
8474,1.621774754312355e-05
8475,0.00011267633090028539
8476,0.00010771056986413896
8477,0.0001278416602872312
8478,0.00013585080159828067
8479,1.9172199245076627e-05
8480,0.00010810996172949672
8481,5.352288644644432e-05
8482,5.6647288147360086e-05
8483,9.07183057279326e-05
8484,1.7471029423177242e-05
8485,5.741152563132346e-05
8486,3.4805634641088545e-05
8487,8.950439951149747e-05
8488,0.00011373295274097472
8489,7.458384970959742e-06
8490,2.8599022698472254e-05
8491,9.850627247942612e-05
8492,6.329330062726513e-05
8493,0.00016856298316270113
8494,0.00010366387141402811
8495,0.00010998983634635806
8496,3.076580833294429e-05
8497,6.614984158659354e-05
8498,1.3831386240781285e-05
8499,4.500276190810837e-05
8500,7.953160093165934e-05
8501,3.572517016436905e-05
8502,7.040475338726537e-06
8503,4.759435978485271e-05
8504,0.00014262733748182654
8505,2.5006062060128897e-05
8506,8.816581248538569e-05
8507,0.0002639003796502948
8508,2.353771196794696e-05
8509,2.3962340492289513e-05
8510,9.990742546506226e-05
8511,4.967063432559371e-05
8512,0.0002867809380404651
8513,2.858457446563989e-05
8514,3.874285539495759e-05
8515,3.0458124456345104e-05
8516,7.814765558578074e-05
8517,0.0001163095876108855
8518,7.722532245679758e-06
8519,0.00011636214912869036
8520,8.613151294412091e-06
8521,9.932141983881593e-05
8522,0.0001825742656365037
8523,0.0001392815902363509
8524,1.6503649021615274e-05
8525,8.953400538302958e-05
8526,0.00012520092423073947
8527,6.306424620561302e-05
8528,0.00012926883937325329
8529,5.401525413617492e-05
8530,5.74692094232887e-05
8531,9.150152618531138e-05
8532,5.7987930631497875e-05
8533,1.9553632228053175e-05
8534,3.207183908671141e-05
8535,7.831529364921153e-05
8536,0.00011826513218693435
8537,9.771318582352251e-05
8538,1.9401726603973657e-05
8539,7.734061364317313e-05
8540,5.599619908025488e-05
8541,0.00014605800970457494
8542,4.7409499529749155e-05
8543,1.328304824710358e-05
8544,1.1803733286797069e-05
8545,9.158793545793742e-05
8546,9.725432755658403e-05
8547,2.1710668079322204e-05
8548,6.230011786101386e-05
8549,5.794482785859145e-05
8550,0.0001495905453339219
8551,0.00017149071209132671
8552,1.1310619811411016e-05
8553,7.045234087854624e-05
8554,6.561532791238278e-05
8555,0.00021784585260320455
8556,0.0001250551431439817
8557,5.413041799329221e-05
8558,1.7340940758003853e-05
8559,3.2956828363239765e-05
8560,7.027885294519365e-05
8561,4.530039586825296e-05
8562,4.254548912285827e-05
8563,8.076685480773449e-05
8564,5.0768569053616375e-05
8565,5.5724689445924014e-05
8566,5.581395453191362e-05
8567,4.652445204555988e-05
8568,7.658770482521504e-05
8569,7.818418816896155e-05
8570,4.8004163545556366e-05
8571,0.00022775471734348685
8572,0.0001208784815389663
8573,0.00010286435281159356
8574,0.0001996611536014825
8575,0.00012466541375033557
8576,5.350267747417092e-05
8577,8.802251613815315e-06
8578,8.441731915809214e-05
8579,8.636673737782985e-05
8580,5.1765709940809757e-05
8581,7.145974086597562e-05
8582,0.00015027621702756733
8583,4.1394203435629606e-05
8584,1.7643335013417527e-05
8585,8.790026186034083e-05
8586,7.33380438759923e-05
8587,5.111665450385772e-05
8588,1.5390942280646414e-05
8589,8.221408643294126e-05
8590,1.1846646884805523e-05
8591,2.7725216568796895e-05
8592,7.064082456054166e-05
8593,5.926265293965116e-05
8594,6.46861590212211e-05
8595,8.294847066281363e-05
8596,5.824167237733491e-05
8597,1.1210495358682238e-05
8598,5.718798274756409e-05
8599,6.231864244909957e-05
8600,0.00013067586405668408
8601,2.0471557945711538e-05
8602,6.344493158394471e-05
8603,3.513820411171764e-05
8604,6.85352279106155e-05
8605,0.0003027126658707857
8606,3.774887591134757e-05
8607,4.721870573121123e-05
8608,4.443137004273012e-05
8609,7.226606248877943e-05
8610,3.67011089110747e-05
8611,4.1575236537028104e-05
8612,6.387816392816603e-05
8613,7.556786295026541e-05
8614,0.0002691681729629636
8615,3.208922134945169e-05
8616,9.670945291873068e-05
8617,0.00015917295240797102
8618,8.14363156678155e-05
8619,0.00015476367843803018
8620,2.890213181672152e-05
8621,9.053813118953258e-05
8622,4.20490323449485e-05
8623,7.528970309067518e-05
8624,7.044040830805898e-05
8625,0.00020646947086788714
8626,0.0002931324124801904
8627,4.0470440580975264e-05
8628,0.0002852886391337961
8629,2.280491025885567e-05
8630,0.0001271749788429588
8631,0.00011007962166331708
8632,7.586496940348297e-05
8633,0.0001570911263115704
8634,0.00025923317298293114
8635,8.961453568190336e-05
8636,5.14765597472433e-05
8637,4.801270551979542e-05
8638,8.937646634876728e-05
8639,3.3050222555175424e-05
8640,4.329154035076499e-05
8641,0.00015009497292339802
8642,3.128129174001515e-05
8643,0.00015054932737257332
8644,0.0001704357855487615
8645,4.7658242692705244e-05
8646,7.111860759323463e-05
8647,2.6886251362157054e-05
8648,8.902912668418139e-05
8649,7.469856063835323e-05
8650,7.702973380219191e-05
8651,7.399077730951831e-05
8652,6.717355427099392e-05
8653,0.00010976918565575033
8654,0.0001723364257486537
8655,5.058978422312066e-05
8656,7.12749024387449e-05
8657,0.00011971961066592485
8658,7.901754725025967e-05
8659,9.50357862166129e-05
8660,7.341489981627092e-05
8661,0.00017855323676485568
8662,2.025887260970194e-05
8663,8.077628444880247e-05
8664,0.0001384193019475788
8665,2.2580032236874104e-05
8666,9.660718205850571e-06
8667,0.00015977220027707517
8668,0.00012708644499070942
8669,0.0001232495706062764
8670,5.565546962316148e-05
8671,7.419595931423828e-05
8672,0.00015519175212830305
8673,9.134626452578232e-06
8674,3.715478669619188e-05
8675,8.271782280644402e-05
8676,3.067251236643642e-05
8677,8.711622649570927e-05
8678,0.00019442805205471814
8679,5.085885641165078e-05
8680,0.00010967662819894031
8681,3.5252807720098644e-05
8682,5.82752691116184e-05
8683,2.9011082006036304e-05
8684,9.205959213431925e-05
8685,8.979020640254021e-05
8686,0.00010606415162328631
8687,1.0727055268944241e-05
8688,3.394847226445563e-05
8689,0.0001762976753525436
8690,0.00011972797074122354
8691,2.554881757532712e-05
8692,8.237053407356143e-05
8693,2.8611615562113002e-05
8694,0.00011520473344717175
8695,1.2562673873617314e-05
8696,0.00013124202087055892
8697,1.2338063243078068e-05
8698,2.730478809098713e-05
8699,0.0002517678076401353
8700,0.00011333826842019334
8701,1.5529732991126366e-05
8702,0.00019571436860132962
8703,0.00011385469406377524
8704,3.00964638881851e-05
8705,0.00031251885229721665
8706,6.143004156911047e-06
8707,4.360912134870887e-05
8708,0.00012700175284408033
8709,2.867565126507543e-05
8710,9.806830348679796e-05
8711,0.00012631906429305673
8712,7.223760621855035e-05
8713,2.41675807046704e-05
8714,2.746371137618553e-05
8715,0.00014973670477047563
8716,0.0001189502072520554
8717,1.596570473338943e-05
8718,1.0923983609245624e-05
8719,7.891823042882606e-05
8720,5.0978233048226684e-05
8721,0.0001466305402573198
8722,0.0001608660677447915
8723,0.00026155353407375515
8724,0.00018725938571151346
8725,5.4112766520120203e-05
8726,0.00020192371448501945
8727,0.00012713531032204628
8728,0.00013011752162128687
8729,0.00018076732521876693
8730,0.0002841995737981051
8731,3.5202909202780575e-05
8732,1.9260762201156467e-05
8733,2.9824819648638368e-05
8734,5.517814861377701e-05
8735,1.710877586447168e-05
8736,0.00010371206735726446
8737,7.09625383024104e-05
8738,0.0001622782729100436
8739,8.320308552356437e-06
8740,2.1092811948619783e-05
8741,0.00011898460070369765
8742,6.591845158254728e-05
8743,1.1572865332709625e-05
8744,4.7270463255699724e-05
8745,0.0002035694196820259
8746,0.00016130571020767093
8747,0.0005653230473399162
8748,0.00017261627363041043
8749,2.1112660760991275e-05
8750,6.670854054391384e-05
8751,4.969121073372662e-05
8752,5.35372928425204e-05
8753,6.709292938467115e-05
8754,8.627192073618062e-06
8755,3.350572660565376e-05
8756,3.774688229896128e-05
8757,0.00011540286504896358
8758,0.00015802439884282649
8759,0.00011829057621071115
8760,9.769134339876473e-05
8761,1.286601855099434e-05
8762,0.00011051453475374728
8763,9.442151349503547e-05
8764,0.00018798722885549068
8765,5.483207496581599e-05
8766,0.00012766479630954564
8767,0.0001156169455498457
8768,8.237933798227459e-05
8769,3.524902058416046e-05
8770,3.25406581396237e-05
8771,2.9486476705642417e-05
8772,2.05200667551253e-05
8773,0.00013982868404127657
8774,0.00022887066006660461
8775,0.00010680926061468199
8776,5.2957919251639396e-05
8777,3.205626126145944e-05
8778,4.672969953389838e-05
8779,0.00013216637307778
8780,0.00029156028176657856
8781,0.00019898024038411677
8782,1.5201859241642524e-05
8783,5.7764820667216554e-05
8784,0.00014983507571741939
8785,0.00010058197221951559
8786,1.889528357423842e-05
8787,1.6030646293074824e-05
8788,2.5945500965462998e-05
8789,6.793288048356771e-05
8790,6.488029612228274e-05
8791,4.85197888338007e-05
8792,3.886355989379808e-05
8793,3.767992529901676e-05
8794,0.00015132561384234577
8795,0.00013148813741281629
8796,4.5330663851927966e-05
8797,6.518620648421347e-05
8798,6.177056638989598e-05
8799,5.484293069457635e-05
8800,0.00011260340397711843
8801,6.512161053251475e-05
8802,1.7936583390110172e-05
8803,2.2197747966856696e-05
8804,2.169498839066364e-05
8805,1.4237512004910968e-05
8806,8.322476060129702e-05
8807,0.00047192213241942227
8808,5.476331716636196e-05
8809,8.46476268634433e-06
8810,6.73383692628704e-05
8811,0.00018413676298223436
8812,5.129862984176725e-05
8813,1.861948476289399e-05
8814,9.536065044812858e-05
8815,0.00012757303193211555
8816,1.8803195416694507e-05
8817,0.0002943575964309275
8818,0.00011145567987114191
8819,2.7785195925389417e-05
8820,0.0002970822970382869
8821,6.240470975171775e-05
8822,8.607821655459702e-05
8823,1.7117627066909336e-05
8824,3.592327266233042e-05
8825,3.6910136259393767e-05
8826,9.267317363992333e-05
8827,4.148035804973915e-05
8828,0.00016348183271475136
8829,6.718366785207763e-05
8830,2.3002943635219708e-05
8831,9.751849574968219e-05
8832,6.261940870899707e-05
8833,3.934474807465449e-05
8834,8.048769814195111e-05
8835,0.00012946734204888344
8836,1.7931532056536525e-05
8837,4.7480927605647594e-05
8838,5.113128645461984e-05
8839,1.0624163223837968e-05
8840,2.1682433725800365e-05
8841,7.15872592991218e-05
8842,3.539660247042775e-05
8843,0.00011136200919281691
8844,2.4122717150021344e-05
8845,0.00010657684470061213
8846,9.645632235333323e-05
8847,0.000160743817104958
8848,1.3668000065081287e-05
8849,0.0001992755278479308
8850,0.00013404045603238046
8851,7.150018063839525e-05
8852,2.0592182409018278e-05
8853,0.00011374174209777266
8854,0.0002722165663726628
8855,0.0001231371279573068
8856,3.338552778586745e-05
8857,0.0002043405984295532
8858,0.00014572268992196769
8859,0.00010642697452567518
8860,6.873119855299592e-05
8861,0.00011789907875936478
8862,0.00011347712279530242
8863,9.547307854518294e-05
8864,6.250364822335541e-05
8865,8.786805847194046e-05
8866,0.00010006038064602762
8867,4.3098018068121746e-05
8868,4.084989632247016e-05
8869,0.00013473241415340453
8870,3.993615246145055e-05
8871,1.5015486496849917e-05
8872,0.00011688016820698977
8873,0.00012176548625575379
8874,7.902990910224617e-05
8875,0.0001468894479330629
8876,0.0001226727181347087
8877,5.748378316638991e-05
8878,5.337599941412918e-05
8879,9.836634853854775e-05
8880,0.00013655876682605594
8881,0.00012376323866192251
8882,1.2628390322788619e-05
8883,7.151352474465966e-05
8884,1.8255737813888118e-05
8885,0.00019474170403555036
8886,8.106854511424899e-05
8887,0.00013599726662505418
8888,2.9924598493380472e-05
8889,8.134091331157833e-05
8890,2.7795227651949972e-05
8891,5.488377428264357e-05
8892,4.1704704926814884e-05
8893,4.934849857818335e-05
8894,5.004740523872897e-05
8895,1.999141022679396e-05
8896,6.230768485693261e-05
8897,8.534027438145131e-05
8898,0.00012937092105858028
8899,4.423999416758306e-05
8900,0.00020088121527805924
8901,4.24087411374785e-05
8902,3.52527349605225e-05
8903,8.029051241464913e-05
8904,3.2192929211305454e-05
8905,6.034583202563226e-05
8906,7.152216858230531e-05
8907,6.993667193455622e-05
8908,4.7026798711158335e-05
8909,9.985336509998888e-05
8910,0.00018832378555089235
8911,9.569351095706224e-05
8912,2.7891917852684855e-05
8913,5.3770392696605995e-05
8914,2.3038719518808648e-05
8915,2.4555358322686516e-05
8916,0.00022947462275624275
8917,4.427414387464523e-05
8918,0.00016699492698535323
8919,9.316288196714595e-05
8920,7.2163762524724e-05
8921,8.210509258788079e-05
8922,6.733810732839629e-05
8923,1.7595784811419435e-05
8924,0.00010174448834732175
8925,0.0002059730759356171
8926,3.0941679142415524e-05
8927,6.775820656912401e-05
8928,3.222066879970953e-05
8929,4.616409569280222e-05
8930,6.703042890876532e-05
8931,1.8270813598064706e-05
8932,0.00019116938346996903
8933,0.00011894134513568133
8934,7.44299468351528e-05
8935,1.1841982995974831e-05
8936,8.723514838493429e-06
8937,4.7291843657149e-05
8938,0.00014078216918278486
8939,0.00018764649576041847
8940,0.0001972401369130239
8941,1.2975057870789897e-05
8942,1.583674384164624e-05
8943,1.4933898455637973e-05
8944,7.784612535033375e-05
8945,1.322359275945928e-05
8946,5.492423224495724e-05
8947,5.511518338607857e-06
8948,0.00023673697432968765
8949,0.00011903933773282915
8950,2.0258035874576308e-05
8951,4.993109541828744e-05
8952,7.926685793790966e-05
8953,0.00020656714332289994
8954,6.44023239146918e-05
8955,1.088341923605185e-05
8956,4.455811358639039e-05
8957,0.00022226147120818496
8958,9.635501191951334e-05
8959,0.00014418014325201511
8960,1.5406963939312845e-05
8961,5.8802317653317004e-05
8962,0.00017853581812232733
8963,1.0301046131644398e-05
8964,9.370467159897089e-05
8965,0.00018199709302280098
8966,9.044507169164717e-05
8967,5.739475454902276e-06
8968,5.437955405795947e-05
8969,0.0003133863501716405
8970,0.00010544269753154367
8971,1.561288081575185e-05
8972,0.00015615634038113058
8973,8.502772107021883e-05
8974,9.608439722796902e-05
8975,5.860974488314241e-05
8976,3.9425998693332076e-05
8977,0.0002487220335751772
8978,7.01227254467085e-05
8979,0.0001237836549989879
8980,0.00024146186478901654
8981,6.344587018247694e-05
8982,9.410963684786111e-06
8983,8.724997314857319e-05
8984,0.00015618254838045686
8985,0.00010196954826824367
8986,8.46024850034155e-05
8987,4.8427384172100574e-05
8988,0.0001218806573888287
8989,2.5414674382773228e-05
8990,5.493772550835274e-05
8991,0.00012732818140648305
8992,0.00014962340355850756
8993,3.348533937241882e-05
8994,0.0002813031314872205
8995,0.00010507980186957866
8996,5.15206775162369e-05
8997,7.485892274416983e-05
8998,2.1594230929622427e-05
8999,6.718204531352967e-05
9000,1.2739328667521477e-05
9001,4.7564135456923395e-05
9002,7.57374509703368e-05
9003,6.061344174668193e-05
9004,1.3445592230709735e-05
9005,0.00013354935799725354
9006,0.00015237178013194352
9007,0.00011145500320708379
9008,2.9778613679809496e-05
9009,6.579389446415007e-05
9010,5.716082523576915e-05
9011,9.610614506527781e-05
9012,6.0794776800321415e-05
9013,0.00027323761605657637
9014,1.4731616829521954e-05
9015,0.00013526751718018204
9016,8.924331268644892e-06
9017,1.6437254089396447e-05
9018,2.471880907251034e-05
9019,2.265177681692876e-05
9020,0.00027993926778435707
9021,6.017469058861025e-05
9022,8.617037383373827e-05
9023,6.240238144528121e-05
9024,8.775439346209168e-05
9025,5.6700038840062916e-05
9026,3.662459130282514e-05
9027,3.146478775306605e-05
9028,7.415231812046841e-05
9029,0.00011001440725522116
9030,3.678764551295899e-05
9031,2.324687739019282e-05
9032,7.512693264288828e-05
9033,1.7649967048782855e-05
9034,0.00012541114119812846
9035,7.71713093854487e-05
9036,9.804278670344502e-05
9037,2.334167766093742e-05
9038,0.0001867393439169973
9039,4.059538696310483e-05
9040,6.529453821713105e-05
9041,3.883428144035861e-05
9042,0.00012035727559123188
9043,5.0880385970231146e-05
9044,4.9130776460515335e-05
9045,7.154786726459861e-05
9046,2.061995655822102e-05
9047,0.00016956721083261073
9048,0.00016415018762927502
9049,0.0004439109761733562
9050,0.00016520204371772707
9051,4.992061440134421e-05
9052,0.0001270586217287928
9053,0.00011702807387337089
9054,5.049914034316316e-05
9055,1.5868870832491666e-05
9056,6.69791188556701e-05
9057,3.6744742828886956e-05
9058,6.537080025736941e-06
9059,0.0001182776250061579
9060,0.00012193443399155512
9061,1.279928892472526e-05
9062,2.528324694139883e-05
9063,0.00014185928739607334
9064,4.865910159423947e-05
9065,0.00015091331442818046
9066,7.866088708397001e-05
9067,0.0002591520023997873
9068,1.5659596101613715e-05
9069,3.66740750905592e-05
9070,3.765762085095048e-05
9071,7.756545528536662e-05
9072,6.172305438667536e-05
9073,0.00014957734674680978
9074,6.088683949201368e-05
9075,1.7989526895689778e-05
9076,5.8067802456207573e-05
9077,4.4547225115820765e-05
9078,0.00011005422857124358
9079,0.00029709580121561885
9080,4.9652990128379315e-05
9081,6.070689778425731e-05
9082,8.571874059271067e-05
9083,5.7613036915427074e-05
9084,4.3458167056087404e-05
9085,5.617163697024807e-05
9086,1.3610290807264391e-05
9087,0.000192420236999169
9088,6.321283581200987e-05
9089,2.3256241547642276e-05
9090,7.515732431784272e-05
9091,0.00011602469749050215
9092,0.00010456076415721327
9093,8.087277819868177e-05
9094,3.843980812234804e-05
9095,3.0662438803119585e-05
9096,6.92396133672446e-05
9097,6.687143468298018e-05
9098,2.9665849069715478e-05
9099,2.3836157197365537e-05
9100,8.016717038117349e-05
9101,0.00011070890468545258
9102,1.4916431609890424e-05
9103,2.9151529815862887e-05
9104,4.4485896069090813e-05
9105,3.300390380900353e-05
9106,0.00020242726895958185
9107,4.279914719518274e-05
9108,0.0001062171213561669
9109,6.27893241471611e-05
9110,1.752033131197095e-05
9111,7.733982056379318e-05
9112,2.8245731300557964e-05
9113,8.637426071800292e-05
9114,9.192473953589797e-05
9115,0.0001561126409796998
9116,9.301689715357497e-05
9117,7.696049578953534e-05
9118,0.00018993655976373702
9119,7.2105804065358825e-06
9120,5.338104529073462e-05
9121,7.659315997443628e-06
9122,0.00011209146759938449
9123,0.00025421404279768467
9124,4.5706685341428965e-05
9125,8.618365245638415e-05
9126,3.472688695183024e-05
9127,7.20795796951279e-05
9128,7.085195102263242e-05
9129,0.00010338920401409268
9130,0.0001035497261909768
9131,8.590723155066371e-05
9132,0.00038925130502320826
9133,1.5314646589104086e-05
9134,0.00010694072989281267
9135,5.3590301831718534e-05
9136,2.2405081836041063e-05
9137,2.609463808767032e-05
9138,2.2831491151009686e-05
9139,6.0466016293503344e-05
9140,4.0224811527878046e-05
9141,5.377664274419658e-05
9142,6.324208516161889e-05
9143,4.156534851063043e-05
9144,0.00011421003728173673
9145,1.5644673112547025e-05
9146,6.723043043166399e-05
9147,6.729908636771142e-05
9148,2.2176292986841872e-05
9149,0.00012700054503511637
9150,2.762889926088974e-05
9151,1.58502152771689e-05
9152,2.4869590561138466e-05
9153,9.428364865016192e-05
9154,0.00025493293651379645
9155,0.00014800264034420252
9156,1.7944776118383743e-05
9157,0.00013198459055274725
9158,1.499651261838153e-05
9159,1.9737224647542462e-05
9160,0.00017284322530031204
9161,4.37135313404724e-05
9162,0.000122522353194654
9163,5.815095573780127e-05
9164,0.00011338992771925405
9165,0.00021139906311873347
9166,7.841673505026847e-05
9167,0.00017731619300320745
9168,4.930212162435055e-05
9169,1.9697828975040466e-05
9170,9.080200834432617e-05
9171,1.0313931852579117e-05
9172,9.93383873719722e-05
9173,5.815137774334289e-05
9174,6.006815601722337e-05
9175,5.6447257520630956e-05
9176,7.575948984595016e-05
9177,0.0003146642993669957
9178,1.9041541236219928e-05
9179,8.764850645093247e-05
9180,5.145778777659871e-05
9181,1.2956028513144702e-05
9182,1.1490910765132867e-05
9183,5.7973818911705166e-05
9184,0.0001927283447002992
9185,9.897016752802301e-06
9186,2.7339186999597587e-05
9187,0.00010215938527835533
9188,1.3792184290650766e-05
9189,3.0870414775563404e-05
9190,6.02628497290425e-05
9191,6.213524466147646e-05
9192,1.2941921340825502e-05
9193,0.00012768110900651664
9194,0.00017601957370061427
9195,6.684174877591431e-05
9196,3.351463237777352e-05
9197,9.498168947175145e-05
9198,6.9950019678799435e-06
9199,5.862162652192637e-05
9200,5.7475011999486014e-05
9201,0.00011706361692631617
9202,4.1365510696778074e-05
9203,5.8082274335902184e-05
9204,0.00044620962580665946
9205,4.1136205254588276e-05
9206,0.00017268216470256448
9207,3.138622923870571e-05
9208,0.0001998541411012411
9209,3.960057802032679e-05
9210,1.5935429473756813e-05
9211,0.00014543504221364856
9212,1.8752412870526314e-05
9213,0.00010898801701841876
9214,4.35173133155331e-05
9215,8.440951933152974e-05
9216,3.425285831326619e-05
9217,0.0002716472081374377
9218,9.595928713679314e-05
9219,0.00011743778304662555
9220,1.5763769624754786e-05
9221,0.00011012802133336663
9222,0.00011351978173479438
9223,3.765535439015366e-05
9224,1.7911397662828676e-05
9225,1.329826409346424e-05
9226,0.0002859121887013316
9227,6.494225090136752e-05
9228,5.6832912378013134e-05
9229,0.000218577915802598
9230,1.783171683200635e-05
9231,4.2097286495845765e-05
9232,6.57107011647895e-05
9233,6.792463682359084e-05
9234,8.701044134795666e-05
9235,0.00022409531811717898
9236,9.921214950736612e-05
9237,0.00010055226448457688
9238,5.145597970113158e-05
9239,0.00014220607408788055
9240,3.9874634239822626e-05
9241,4.62325697299093e-05
9242,6.132741691544652e-05
9243,3.766597365029156e-05
9244,7.664814620511606e-05
9245,7.369150989688933e-05
9246,7.48953789297957e-06
9247,2.0686382413259707e-05
9248,7.560723315691575e-05
9249,7.793703116476536e-05
9250,8.099406841211021e-05
9251,8.886879368219525e-05
9252,2.448350642225705e-05
9253,0.00016868350212462246
9254,0.00014775847375858575
9255,2.1801344701088965e-05
9256,0.00014865185949020088
9257,4.781613461091183e-05
9258,3.0503564630635083e-05
9259,1.4757621102035046e-05
9260,6.169096741359681e-05
9261,3.388954792171717e-05
9262,5.2458646678132936e-05
9263,0.00011468822049209848
9264,3.694296901812777e-05
9265,5.085466546006501e-05
9266,1.1247722795815207e-05
9267,6.300018867477775e-05
9268,2.9948447263450362e-05
9269,0.00010181756806559861
9270,3.2733543775975704e-05
9271,0.00031474261777475476
9272,5.118278932059184e-05
9273,0.00010450895933900028
9274,4.452931898413226e-05
9275,9.990612306864932e-05
9276,9.024977043736726e-05
9277,0.00012459629215300083
9278,6.720738019794226e-05
9279,1.1372769222361967e-05
9280,0.00017706477956380695
9281,6.406226748367772e-05
9282,4.78942456538789e-05
9283,0.00010000223119277507
9284,6.460827717091888e-05
9285,0.00012493247049860656
9286,7.404039206448942e-05
9287,1.564519334351644e-05
9288,0.0003290180175099522
9289,8.601743320468813e-05
9290,1.4294785614765715e-05
9291,0.00013702557771466672
9292,0.00011665828060358763
9293,5.5656400945736095e-05
9294,1.6551603039260954e-05
9295,8.682314364705235e-05
9296,1.2691369192907587e-05
9297,6.683012179564685e-05
9298,0.0001308095670538023
9299,9.864511957857758e-05
9300,8.496588270645589e-05
9301,1.5801135305082425e-05
9302,0.00017479853704571724
9303,1.080781476048287e-05
9304,3.97230833186768e-05
9305,0.00019366189371794462
9306,3.554515205905773e-05
9307,3.734264464583248e-05
9308,6.228376150829718e-05
9309,6.424680759664625e-05
9310,8.938962855609134e-05
9311,2.5603836547816172e-05
9312,9.021184087032452e-05
9313,7.342528988374397e-05
9314,4.655281372833997e-05
9315,3.9704515074845403e-05
9316,0.00011180360161233693
9317,5.201387102715671e-05
9318,1.7866508642327972e-05
9319,0.0002118058764608577
9320,7.925385580165312e-05
9321,0.000146616279380396
9322,2.640275124576874e-05
9323,9.312559268437326e-05
9324,2.9572876883321442e-05
9325,1.3326354746823199e-05
9326,2.4927405320340768e-05
9327,9.858209523372352e-05
9328,2.2217542209546082e-05
9329,4.754351175506599e-05
9330,2.558206324465573e-05
9331,4.0720246033743024e-05
9332,5.056131703895517e-05
9333,1.9207811419619247e-05
9334,2.8361022486933507e-05
9335,2.2564818209502846e-05
9336,0.00012181956844870001
9337,1.6843076082295738e-05
9338,3.61953025276307e-05
9339,8.825649274513125e-05
9340,2.422029501758516e-05
9341,5.942451025475748e-05
9342,6.291452154982835e-05
9343,3.5750454117078334e-05
9344,8.326175884576514e-05
9345,3.4451542887836695e-05
9346,8.597673149779439e-05
9347,0.00013913337897974998
9348,0.00017055741045624018
9349,4.565556446323171e-05
9350,6.604283407796174e-05
9351,0.0002158443385269493
9352,1.9930459529859945e-05
9353,4.046953108627349e-05
9354,4.9438662244938314e-05
9355,4.06272811233066e-05
9356,2.596478589111939e-05
9357,0.00014373718295246363
9358,4.4883716327603906e-05
9359,0.00012380993575789034
9360,2.9541528419940732e-05
9361,9.776176739251241e-06
9362,7.617230585310608e-05
9363,4.8512592911720276e-05
9364,5.430084274848923e-05
9365,0.000304699206026271
9366,0.00012144724314566702
9367,4.015131708001718e-05
9368,2.9955584977869876e-05
9369,4.6504399506375194e-05
9370,0.0002648237277753651
9371,0.00011039059609174728
9372,5.66148228244856e-05
9373,1.926158984133508e-05
9374,1.6465704902657308e-05
9375,2.2747524781152606e-05
9376,0.00013543968088924885
9377,9.141190093941987e-05
9378,2.1962150640320033e-05
9379,8.12346552265808e-05
9380,8.141311991494149e-05
9381,4.985585110262036e-05
9382,9.17530560400337e-05
9383,0.00023944696295075119
9384,3.468965587671846e-05
9385,7.588875450892374e-05
9386,4.616150545189157e-05
9387,1.4531444321619347e-05
9388,2.666505315573886e-05
9389,0.00022041104966774583
9390,7.919622294139117e-05
9391,1.6167696230695583e-05
9392,6.85123959556222e-05
9393,3.1026513170218095e-05
9394,4.0089289541356266e-05
9395,0.00014421508240047842
9396,0.0001506511471234262
9397,4.996206916985102e-05
9398,9.608984692022204e-05
9399,6.99548254488036e-05
9400,8.36137478472665e-05
9401,1.2588030585902743e-05
9402,0.00010355945414630696
9403,4.491473737289198e-05
9404,0.00013234317884780467
9405,5.693172715837136e-05
9406,1.8142760382033885e-05
9407,9.938977746060118e-05
9408,3.139500768156722e-05
9409,8.255963621195406e-05
9410,1.2981670806766488e-05
9411,0.00019674655050039291
9412,5.489451723406091e-05
9413,0.00022222622646950185
9414,9.847065666690469e-05
9415,0.00018241361249238253
9416,7.906987593742087e-05
9417,6.341074913507327e-05
9418,5.824893742101267e-05
9419,2.0159575797151774e-05
9420,0.00011414474283810705
9421,5.509342736331746e-05
9422,3.961470065405592e-05
9423,0.00011085176083724946
9424,6.699554796796292e-05
9425,4.734920366900042e-05
9426,5.8730602177092806e-05
9427,1.753762444423046e-05
9428,1.8710794392973185e-05
9429,0.00010841802577488124
9430,2.8248732633073814e-05
9431,7.898610056145117e-05
9432,0.0001553142792545259
9433,7.669666956644505e-05
9434,0.00017434885376133025
9435,9.664788376539946e-05
9436,1.3171069440431893e-05
9437,1.7198613932123408e-05
9438,1.2392561075103004e-05
9439,0.00024004292208701372
9440,7.665219163754955e-05
9441,7.684864976909012e-05
9442,7.917714538052678e-05
9443,1.4461057617154438e-05
9444,5.987864642520435e-05
9445,0.00013688052422367036
9446,3.663309689727612e-05
9447,6.254730396904051e-05
9448,0.00016449301620014012
9449,3.0669245461467654e-05
9450,8.923493442125618e-05
9451,8.019261440495029e-05
9452,0.00028235348872840405
9453,7.271785580087453e-05
9454,1.4179831850924529e-05
9455,0.00011032424663426355
9456,0.00029052974423393607
9457,8.116536628222093e-05
9458,9.77480667643249e-05
9459,1.9562015950214118e-05
9460,6.008426134940237e-05
9461,8.976335811894387e-05
9462,3.7588040868286043e-05
9463,3.6831756005994976e-05
9464,5.912820779485628e-05
9465,2.472585765644908e-05
9466,9.08760994207114e-05
9467,9.875276009552181e-05
9468,0.0004146091523580253
9469,5.376825720304623e-05
9470,8.717834134586155e-05
9471,0.00012202468496980146
9472,0.00010579846275504678
9473,9.832942305365577e-05
9474,0.0001569331216160208
9475,0.00011601945152506232
9476,6.78392534609884e-05
9477,1.300579242524691e-05
9478,8.364938548766077e-05
9479,0.00010503172234166414
9480,0.0001573661429574713
9481,8.553963562007993e-05
9482,2.3207028789329343e-05
9483,8.949223411036655e-05
9484,8.354281453648582e-05
9485,8.005593554116786e-05
9486,9.337604569736868e-05
9487,7.798849401297048e-05
9488,4.6283239498734474e-05
9489,0.00020190309442114085
9490,1.7506717995274812e-05
9491,7.624812133144587e-05
9492,2.9844002710888162e-05
9493,2.829729601216968e-05
9494,9.38927405513823e-05
9495,1.1428821380832233e-05
9496,3.5059518268099055e-05
9497,4.4242937292438e-05
9498,2.5546331016812474e-05
9499,3.0996965506346896e-05
9500,1.68400820257375e-05
9501,7.444701623171568e-05
9502,0.0001314638793701306
9503,0.00010244923760183156
9504,3.818553523160517e-05
9505,2.9149272450013086e-05
9506,8.12172147561796e-05
9507,7.434625877067447e-05
9508,0.00018898761481978
9509,0.0001463729131501168
9510,1.1558311598491855e-05
9511,5.6867083912948146e-05
9512,0.00012684104149229825
9513,4.576289211399853e-05
9514,5.2825449529336765e-05
9515,2.889219467760995e-05
9516,3.8420777855208144e-05
9517,9.803527791518718e-05
9518,0.00020272340043447912
9519,6.267972639761865e-05
9520,2.3914242774480954e-05
9521,7.391432882286608e-05
9522,8.301492198370397e-05
9523,0.00012955092824995518
9524,1.4513274436467327e-05
9525,5.491974297910929e-05
9526,4.447917308425531e-05
9527,7.373700645985082e-05
9528,0.00022104383970145136
9529,0.0003057485446333885
9530,1.1725195690814871e-05
9531,7.4329502240289e-05
9532,7.149721932364628e-05
9533,6.179770571179688e-05
9534,2.229418169008568e-05
9535,6.819261761847883e-05
9536,0.00010160730016650632
9537,1.587206315889489e-05
9538,1.635567423363682e-05
9539,0.00015879761485848576
9540,0.00010336452396586537
9541,1.0797951290442143e-05
9542,1.2050670193275437e-05
9543,1.8776278011500835e-05
9544,0.00010262658906867728
9545,0.00010418437886983156
9546,1.1187034033355303e-05
9547,5.668983067153022e-05
9548,8.084571163635701e-05
9549,0.00017089207540266216
9550,1.1656466085696593e-05
9551,7.152464240789413e-05
9552,5.195588164497167e-05
9553,6.829785706941038e-05
9554,1.0155741620110348e-05
9555,0.00039532192749902606
9556,8.678071026224643e-05
9557,5.626887650578283e-05
9558,2.1806721633765846e-05
9559,0.0001234650844708085
9560,2.3363834770862013e-05
9561,7.808965892763808e-05
9562,1.9818320652120747e-05
9563,1.4972947610658593e-05
9564,0.00019419711316004395
9565,5.7313794968649745e-05
9566,2.9339502361835912e-05
9567,5.840257290401496e-05
9568,6.364617729559541e-05
9569,5.71700838918332e-05
9570,2.664954081410542e-05
9571,5.904487261432223e-05
9572,6.304675480350852e-05
9573,1.1252719559706748e-05
9574,8.645405614515767e-05
9575,1.0117249985341914e-05
9576,0.00013947777915745974
9577,3.5796947486232966e-05
9578,3.256960189901292e-05
9579,5.089943442726508e-05
9580,6.714076880598441e-05
9581,0.00017031686729751527
9582,5.1541061111493036e-05
9583,6.832204962847754e-05
9584,8.399199577979743e-05
9585,4.418156458996236e-05
9586,0.00023555551888421178
9587,0.0001881635980680585
9588,5.600378062808886e-05
9589,0.00023326801601797342
9590,5.8714802435133606e-05
9591,2.2164264009916224e-05
9592,4.761547825182788e-05
9593,2.5441640900680795e-05
9594,2.296469028806314e-05
9595,2.14233914448414e-05
9596,1.6499729099450633e-05
9597,5.497097299667075e-05
9598,0.00014496801304630935
9599,6.081081664888188e-05
9600,0.0001818579767132178
9601,4.521707523963414e-05
9602,0.0001026364479912445
9603,7.725075556663796e-05
9604,8.603723108535632e-05
9605,1.2607226381078362e-05
9606,4.212447311147116e-05
9607,0.00018972033285535872
9608,8.940709813032299e-05
9609,1.4911440302967094e-05
9610,6.0671711253235117e-05
9611,0.00010307307820767164
9612,0.00018130017269868404
9613,0.00017097823729272932
9614,8.479651296511292e-05
9615,3.999553882749751e-05
9616,5.360365321394056e-05
9617,2.2530348360305652e-05
9618,1.1268775779171847e-05
9619,9.501076419837773e-05
9620,7.628608000231907e-05
9621,0.00014103081775829196
9622,0.00013275863602757454
9623,2.5416309654247016e-05
9624,2.177633359679021e-05
9625,4.7710542276035994e-05
9626,2.4583314370829612e-05
9627,2.3866434275987558e-05
9628,4.163293488090858e-05
9629,3.940414899261668e-05
9630,3.623075826908462e-05
9631,1.4959714462747797e-05
9632,7.461207860615104e-05
9633,2.5819084839895368e-05
9634,1.4277666195994243e-05
9635,1.093425180442864e-05
9636,6.143562495708466e-05
9637,7.69446196500212e-05
9638,8.773303125053644e-05
9639,9.876958938548341e-05
9640,8.1487356510479e-05
9641,6.866017065476626e-05
9642,1.924108983075712e-05
9643,8.539383270544931e-05
9644,0.0005356163019314408
9645,1.0131761882803403e-05
9646,0.00011142354924231768
9647,9.155884617939591e-05
9648,6.192963337525725e-05
9649,1.1951746273552999e-05
9650,4.020031337859109e-05
9651,7.536183693446219e-05
9652,6.587200186913833e-05
9653,0.00018953962717205286
9654,4.757292117574252e-05
9655,9.755125938681886e-05
9656,6.667213892797008e-05
9657,6.484756886493415e-05
9658,0.00011646081111393869
9659,3.440790897002444e-05
9660,1.147714920080034e-05
9661,3.276149072917178e-05
9662,8.044262358453125e-05
9663,4.692748188972473e-05
9664,7.980073132785037e-05
9665,5.6462195061612874e-05
9666,3.421401561354287e-05
9667,9.260842489311472e-05
9668,0.00012005154712824151
9669,4.4001884816680104e-05
9670,6.915206176927313e-05
9671,7.687871402595192e-06
9672,5.952928768238053e-05
9673,5.195883568376303e-05
9674,0.00019001480541191995
9675,2.1288153220666572e-05
9676,2.9837196052540094e-05
9677,0.000117628020234406
9678,2.6737099688034505e-05
9679,0.00011732908023986965
9680,5.7602490414865315e-05
9681,7.462696521542966e-05
9682,8.371640433324501e-05
9683,5.039746611146256e-05
9684,7.956458284752443e-05
9685,0.00016587295976933092
9686,1.3678120012627915e-05
9687,9.282184328185394e-05
9688,0.00010886802920140326
9689,5.601803422905505e-05
9690,8.446008723694831e-05
9691,0.0003114222490694374
9692,2.6033307221950963e-05
9693,2.677200063772034e-05
9694,0.00015195616288110614
9695,5.152268204255961e-05
9696,9.218785271514207e-05
9697,0.0002219033194705844
9698,2.3324157155002467e-05
9699,4.1232313378714025e-05
9700,8.374617027584463e-05
9701,4.0252045437227935e-05
9702,7.427285163430497e-05
9703,0.00033643352799117565
9704,6.193903391249478e-05
9705,0.00011629398795776069
9706,0.00012365604925435036
9707,4.516796616371721e-05
9708,4.5576765842270106e-05
9709,4.511731458478607e-05
9710,0.0002185309713240713
9711,0.00013166909047868103
9712,0.0001080759393516928
9713,6.474973633885384e-05
9714,6.028831921867095e-05
9715,1.1949476174777374e-05
9716,6.404129089787602e-05
9717,0.0001615582878002897
9718,9.076904825633392e-05
9719,1.5777455701027066e-05
9720,7.198893581517041e-05
9721,4.229449405102059e-05
9722,0.0001364875352010131
9723,0.00022728138719685376
9724,8.587005140725523e-05
9725,1.5530713426414877e-05
9726,6.466502964030951e-05
9727,9.185046656057239e-05
9728,2.5959503545891494e-05
9729,8.897037332644686e-05
9730,0.0001290620130021125
9731,0.0002681307669263333
9732,0.00011305483349133283
9733,5.84591252845712e-05
9734,3.0447738026850857e-05
9735,0.0001342095638392493
9736,0.00017182971350848675
9737,5.9286576288286597e-05
9738,7.822235056664795e-05
9739,2.8034686692990363e-05
9740,2.670370668056421e-05
9741,0.0004431669367477298
9742,2.4372569896513596e-05
9743,0.00019144151883665472
9744,0.0001394168648403138
9745,2.3199905626825057e-05
9746,0.00020370642596390098
9747,0.00019390336819924414
9748,4.5696189772570506e-05
9749,0.00012074883125023916
9750,0.00010564527474343777
9751,6.090087481425144e-05
9752,5.188024078961462e-05
9753,5.7406563428230584e-05
9754,3.9204503991641104e-05
9755,0.00013265693269204348
9756,9.086929640034214e-05
9757,4.692497896030545e-05
9758,6.0353522712830454e-05
9759,6.663278327323496e-05
9760,6.090944953029975e-05
9761,0.00011043173435609788
9762,9.062578465091065e-05
9763,5.711492121918127e-05
9764,0.00016702708671800792
9765,1.2033957318635657e-05
9766,2.446471989969723e-05
9767,0.0001506684930063784
9768,6.639238563366234e-05
9769,1.4022258255863562e-05
9770,1.298508323088754e-05
9771,0.0002655019343364984
9772,0.00010633979400154203
9773,5.658195004798472e-05
9774,1.715541111479979e-05
9775,4.4449829147197306e-05
9776,5.714938015444204e-05
9777,0.00013163636322133243
9778,3.4361190046183765e-05
9779,1.78203026734991e-05
9780,6.162621139083058e-05
9781,8.756640454521403e-05
9782,6.177670729812235e-05
9783,0.0002007743896683678
9784,0.00018981500761583447
9785,4.234434163663536e-05
9786,9.404352749697864e-05
9787,3.495002965792082e-05
9788,5.7396715419599786e-05
9789,0.00013806653441861272
9790,8.779989730101079e-05
9791,9.08686124603264e-05
9792,0.0001302440941799432
9793,7.20556199667044e-05
9794,8.744710066821426e-05
9795,0.00011256087600486353
9796,1.565122147439979e-05
9797,4.246533353580162e-05
9798,1.909467755467631e-05
9799,0.00021366724104154855
9800,6.350174226099625e-05
9801,8.39546846691519e-05
9802,1.1976904715993442e-05
9803,1.493592299084412e-05
9804,5.4781132348580286e-05
9805,9.231819421984255e-05
9806,7.112868479453027e-05
9807,9.820392733672634e-05
9808,0.00013610791938845068
9809,7.287411335710203e-06
9810,0.000145107987918891
9811,8.194369729608297e-05
9812,4.629387694876641e-05
9813,0.0003788115573115647
9814,7.3481016443111e-05
9815,5.2669689466711134e-05
9816,8.941380656324327e-05
9817,9.775549187907018e-06
9818,5.787356349173933e-05
9819,6.52402377454564e-05
9820,0.00021509798534680158
9821,2.9152883143979125e-05
9822,1.6502206563018262e-05
9823,5.567673724726774e-05
9824,1.0763953468995169e-05
9825,9.592105925548822e-05
9826,1.4337845641421154e-05
9827,8.347471884917468e-05
9828,0.00011299413745291531
9829,0.00012416903336998075
9830,5.1422564865788445e-05
9831,0.00022841103782411665
9832,1.1223763067391701e-05
9833,0.00012284875265322626
9834,0.00010875983571168035
9835,4.940924554830417e-05
9836,1.1854655895149335e-05
9837,4.059052298543975e-05
9838,8.84528853930533e-05
9839,1.8588703824207187e-05
9840,0.00018741999519988894
9841,5.64721085538622e-05
9842,6.44742394797504e-05
9843,0.00010520856449147686
9844,0.00040083948988467455
9845,3.6674595321528614e-05
9846,1.0245274097542278e-05
9847,6.123264756752178e-05
9848,0.0001736132544465363
9849,3.3467160392319784e-05
9850,5.954410880804062e-05
9851,6.74357870593667e-05
9852,7.754213584121317e-05
9853,4.122417522012256e-05
9854,8.486870501656085e-05
9855,6.8042500060983e-05
9856,0.00019344303291290998
9857,7.404891948681325e-05
9858,9.306202264269814e-05
9859,3.552780253812671e-05
9860,8.051364420680329e-05
9861,0.00016145221889019012
9862,7.242669380502775e-05
9863,2.683134880498983e-05
9864,2.968455919472035e-05
9865,2.9284174161148258e-05
9866,5.857917494722642e-05
9867,0.00012062759196851403
9868,9.84526050160639e-05
9869,4.6458801080007106e-05
9870,2.144501377188135e-05
9871,0.00017013176693581045
9872,5.357916234061122e-05
9873,1.3157485227566212e-05
9874,1.100607005355414e-05
9875,6.992126873228699e-05
9876,7.709778401476797e-06
9877,6.293595652095973e-05
9878,0.0002295863232575357
9879,2.559776112320833e-05
9880,7.388470112346113e-05
9881,0.00010800162272062153
9882,3.891298547387123e-05
9883,8.266564691439271e-05
9884,4.1557999793440104e-05
9885,6.085254062782042e-05
9886,6.759392272215337e-05
9887,2.954471347038634e-05
9888,0.0002233615959994495
9889,8.119374979287386e-05
9890,0.00012145266373408958
9891,0.00011550750059541315
9892,0.00010507969273021445
9893,8.674552373122424e-05
9894,1.9696657545864582e-05
9895,0.00012186294043203816
9896,2.8449419914977625e-05
9897,1.3837422557116952e-05
9898,9.530699753668159e-05
9899,9.486558701610193e-05
9900,0.00010823256161529571
9901,2.8856380595243536e-05
9902,0.00014363863738253713
9903,0.000466628756839782
9904,9.422982839168981e-05
9905,5.568206688622013e-05
9906,1.9331793737364933e-05
9907,0.00012557749869301915
9908,0.00013120862422510982
9909,3.5694763937499374e-05
9910,0.00010796185961226001
9911,5.1436036301311105e-05
9912,4.0855906263459474e-05
9913,5.371992301661521e-05
9914,9.4385672127828e-05
9915,9.162479545921087e-05
9916,7.477201506844722e-06
9917,0.00017661058518569916
9918,0.00014378633932210505
9919,9.316467912867665e-05
9920,2.9540806281147525e-05
9921,1.2251879525138065e-05
9922,7.125749107217416e-05
9923,5.2523882914101705e-05
9924,1.8664050003280863e-05
9925,1.583875564392656e-05
9926,4.885123416897841e-05
9927,0.0001661279093241319
9928,0.0001655539672356099
9929,6.740380194969475e-05
9930,3.1952855351846665e-05
9931,9.714814223116264e-05
9932,7.62652198318392e-05
9933,0.00011785022070398554
9934,1.6668813259457238e-05
9935,4.360145976534113e-05
9936,0.0002990931970998645
9937,7.4388699431438e-05
9938,0.0001300258154515177
9939,4.506630648393184e-05
9940,3.5929246223531663e-05
9941,5.262123522697948e-05
9942,5.491870251717046e-05
9943,7.962257950566709e-05
9944,0.0001467089168727398
9945,3.5769240639638156e-05
9946,5.032203989685513e-05
9947,0.00010519588977331296
9948,5.587254781858064e-05
9949,7.680403359699994e-05
9950,0.00036758737405762076
9951,7.188077870523557e-05
9952,8.920827531255782e-05
9953,0.00038052210584282875
9954,0.0001324323529843241
9955,2.2030650143278763e-05
9956,8.411386806983501e-05
9957,3.0377061193576083e-05
9958,7.627770537510514e-05
9959,9.652600419940427e-05
9960,9.282413520850241e-05
9961,9.80811528279446e-05
9962,4.9627746193436906e-05
9963,6.48315908620134e-05
9964,9.105977369472384e-05
9965,0.0001520309306215495
9966,0.00011991807696176693
9967,0.00010983315587509423
9968,6.571650737896562e-05
9969,5.340381903806701e-05
9970,6.514854612760246e-05
9971,0.00018002925207838416
9972,0.00011634128168225288
9973,0.0002512859646230936
9974,0.00017677948926575482
9975,6.233264866750687e-05
9976,5.946992678218521e-05
9977,0.0003171284042764455
9978,7.086515688570216e-05
9979,0.00012775344657711685
9980,7.495624595321715e-05
9981,1.5781111869728193e-05
9982,3.580268821679056e-05
9983,2.239681089122314e-05
9984,0.00012208905536681414
9985,1.2887391676486004e-05
9986,3.55720185325481e-05
9987,3.756520163733512e-05
9988,1.8867533071897924e-05
9989,9.586904343450442e-05
9990,0.00011551327770575881
9991,5.972259532427415e-05
9992,2.526744719943963e-05
9993,9.091325773624703e-05
9994,1.5524843547609635e-05
9995,4.708871347247623e-05
9996,2.6134961444768123e-05
9997,8.847073331708089e-05
9998,7.106321572791785e-05
9999,0.00010321148147340864
10000,8.085610170383006e-05
10001,0.0001481344224885106
10002,8.664696360938251e-05
10003,6.717035284964368e-05
10004,4.129481385461986e-05
10005,6.972215487621725e-05
10006,0.00010804414341691881
10007,3.704649134306237e-05
10008,0.00011273099516984075
10009,0.00026601736317388713
10010,5.298678297549486e-05
10011,9.732198668643832e-05
10012,8.238747977884486e-05
10013,2.0623858290491626e-05
10014,0.00016745622269809246
10015,1.384845563734416e-05
10016,6.34193274891004e-05
10017,6.007768752169795e-05
10018,1.8770173483062536e-05
10019,4.189729952486232e-05
10020,8.996191172627732e-05
10021,8.16242172732018e-05
10022,4.219125912641175e-05
10023,2.429679807391949e-05
10024,3.2249470677925274e-05
10025,7.936977635836229e-05
10026,1.575210080773104e-05
10027,1.5070350855239667e-05
10028,0.0001235809177160263
10029,0.00011765948147512972
10030,0.00013305904576554894
10031,8.010251622181386e-05
10032,6.818903057137504e-05
10033,3.463355824351311e-05
10034,9.565326035954058e-05
10035,0.00011080234253313392
10036,0.0001666162279434502
10037,2.9541966796386987e-05
10038,0.00014027630095370114
10039,2.397325442871079e-05
10040,0.00011362333316355944
10041,4.4897453335579485e-05
10042,7.769794319756329e-05
10043,1.8141334294341505e-05
10044,4.114349576411769e-05
10045,9.194190351990983e-05
10046,6.411869253497571e-05
10047,0.00019413110567256808
10048,7.88882389315404e-05
10049,5.3936350013827905e-05
10050,1.6593705367995426e-05
10051,0.00022225279826670885
10052,6.856468098703772e-05
10053,8.068271563388407e-05
10054,4.581644316203892e-05
10055,0.00015850519412197173
10056,4.208005702821538e-05
10057,2.439333184156567e-05
10058,3.729650779860094e-05
10059,0.0001390192046528682
10060,6.654463504673913e-05
10061,0.00024088533245958388
10062,0.00017468255828134716
10063,1.0678990292944945e-05
10064,1.9711176719283685e-05
10065,3.95562092307955e-05
10066,2.322677755728364e-05
10067,5.510893606697209e-05
10068,0.00011227156210225075
10069,0.00019401595636736602
10070,4.396236909087747e-05
10071,4.205659206490964e-05
10072,1.5073316717462149e-05
10073,5.021826655138284e-05
10074,5.138002597959712e-05
10075,1.3399579984252341e-05
10076,8.682131010573357e-05
10077,2.3429314751410857e-05
10078,0.00016774139658082277
10079,8.175453331205063e-06
10080,1.5144660210353322e-05
10081,2.2262420316110365e-05
10082,4.954554606229067e-05
10083,2.061570921796374e-05
10084,0.000120959070045501
10085,4.6278360969154164e-05
10086,4.807324876310304e-05
10087,1.9390445231692865e-05
10088,4.07412153435871e-05
10089,0.00012031140795443207
10090,0.0001210916307172738
10091,5.038796371081844e-05
10092,1.3015383956371807e-05
10093,9.997399320127442e-05
10094,0.00010125878907274455
10095,6.469237268902361e-05
10096,8.852298196870834e-05
10097,5.5719046940794215e-05
10098,7.938667113194242e-05
10099,0.00016276480164378881
10100,8.570975478505716e-05
10101,8.591148798586801e-05
10102,4.4619679101742804e-05
10103,9.60455508902669e-05
10104,0.00010926980758085847
10105,0.00010900745110120624
10106,0.000208121127798222
10107,4.242566501488909e-05
10108,8.390059520024806e-05
10109,0.00016998873616103083
10110,0.00013547923299483955
10111,2.084811967506539e-05
10112,1.3775471416010987e-05
10113,5.904796125832945e-05
10114,7.433314749505371e-06
10115,4.7426998207811266e-05
10116,4.410690235090442e-05
10117,0.00010310525249224156
10118,6.292572652455419e-05
10119,9.963860065909103e-06
10120,0.0001259848359040916
10121,0.00019862892804667354
10122,0.00015147769590839744
10123,0.00013132387539371848
10124,0.00017826180555857718
10125,1.521459489595145e-05
10126,4.398497549118474e-05
10127,4.57154237665236e-05
10128,2.6692450774135068e-05
10129,7.786710921209306e-05
10130,0.0002604800392873585
10131,0.00013673209468834102
10132,2.162424243579153e-05
10133,9.991222759708762e-05
10134,5.954256630502641e-05
10135,0.00016707592294551432
10136,6.2942035583546385e-06
10137,9.984853022615425e-06
10138,0.00016130910080391914
10139,0.0002572951780166477
10140,0.0006689063739031553
10141,4.9223006499232724e-05
10142,8.798726048553362e-05
10143,2.0425582988536917e-05
10144,1.6389703887398355e-05
10145,8.581444126321003e-05
10146,1.841219636844471e-05
10147,6.521257455460727e-05
10148,1.348961450275965e-05
10149,0.000154681911226362
10150,1.530578447273001e-05
10151,7.771545642754063e-05
10152,6.198705523274839e-05
10153,0.00018224067753180861
10154,2.6850875656236894e-05
10155,0.00023184018209576607
10156,1.4840872609056532e-05
10157,4.225422162562609e-05
10158,7.387120422208682e-05
10159,8.78488935995847e-05
10160,0.00019405726925469935
10161,8.173366222763434e-05
10162,7.737788109807298e-05
10163,8.962705760495737e-05
10164,6.52619928587228e-05
10165,2.620634768391028e-05
10166,2.266179581056349e-05
10167,0.0001018772745737806
10168,0.00021079977159388363
10169,8.318634354509413e-05
10170,0.00012229231651872396
10171,6.1048187490087e-05
10172,1.1668804290820844e-05
10173,0.00011314338189549744
10174,0.00022019447351340204
10175,0.00016153781325556338
10176,1.8809067114489153e-05
10177,1.5875302779022604e-05
10178,0.00015790743054822087
10179,1.7939888493856415e-05
10180,2.3519995011156425e-05
10181,8.494647045154124e-05
10182,1.7742424461175688e-05
10183,5.9777332353405654e-05
10184,5.8565598010318354e-05
10185,5.0572016334626824e-05
10186,3.78959157387726e-05
10187,0.00031416796264238656
10188,2.4485692847520113e-05
10189,0.00013145877164788544
10190,5.3240662964526564e-05
10191,8.421143866144121e-05
10192,1.8220735000795685e-05
10193,6.102800034568645e-05
10194,9.183184374705888e-06
10195,1.074610736395698e-05
10196,0.00014865270350128412
10197,8.4227642219048e-05
10198,5.286919622449204e-05
10199,1.2670147043536417e-05
10200,6.143157952465117e-05
10201,3.1168376153800637e-05
10202,0.0001032841537380591
10203,5.052704000263475e-05
10204,3.045834819204174e-05
10205,0.00019782732124440372
10206,1.018083821691107e-05
10207,1.8012866348726675e-05
10208,0.00011471928155515343
10209,6.480346200987697e-05
10210,0.00017015750927384943
10211,9.977276204153895e-05
10212,7.330422522500157e-05
10213,1.1130911843793001e-05
10214,0.00019505861564539373
10215,0.00013173015031497926
10216,0.0001168750022770837
10217,1.5547399016213603e-05
10218,0.0005739660118706524
10219,5.250276444712654e-05
10220,9.809608309296891e-05
10221,0.00013926452083978802
10222,1.9133867681375705e-05
10223,0.0001527265558252111
10224,8.130342030199245e-05
10225,9.886991756502539e-05
10226,8.98506841622293e-05
10227,0.0001643556752242148
10228,1.4932054000382777e-05
10229,0.00021706314873881638
10230,5.6114993640221655e-05
10231,5.558090197155252e-05
10232,6.328689050860703e-05
10233,0.0001462058862671256
10234,1.2418656297086272e-05
10235,7.381665636785328e-05
10236,0.00010156141797779128
10237,0.00012862065341323614
10238,0.00021831944468431175
10239,5.480082108988427e-06
10240,6.657284393440932e-05
10241,9.163109643850476e-05
10242,1.538493779662531e-05
10243,0.00018021694268099964
10244,7.382936018984765e-05
10245,0.00015745422570034862
10246,3.0456667445832863e-05
10247,0.00013272333308123052
10248,9.083108307095245e-05
10249,2.122666410286911e-05
10250,0.00010439330799272284
10251,0.000297724298434332
10252,3.890175503329374e-05
10253,0.00011715482105500996
10254,2.5448924134252593e-05
10255,0.00010390511306468397
10256,6.418430712074041e-05
10257,3.465964982751757e-05
10258,4.276668551028706e-05
10259,3.477879363344982e-05
10260,4.500117211136967e-05
10261,0.00013676816888619214
10262,5.7776553148869425e-05
10263,4.253563383826986e-05
10264,8.683868509251624e-05
10265,9.70940527622588e-05
10266,0.00012115742720197886
10267,0.00010869406105484813
10268,6.723112892359495e-05
10269,8.584379975218326e-05
10270,4.374888521851972e-05
10271,0.0001328643411397934
10272,7.661880226805806e-05
10273,0.00017084882711060345
10274,1.3632719856104814e-05
10275,0.00026955577777698636
10276,0.00014765289961360395
10277,5.263320417725481e-05
10278,0.0001886372483568266
10279,0.0002640840830281377
10280,0.00018677033949643373
10281,8.513833745382726e-05
10282,9.334035712527111e-05
10283,0.0001502169470768422
10284,2.1631642084685154e-05
10285,4.583470581565052e-05
10286,6.0638965805992484e-05
10287,0.00020659741130657494
10288,8.858912769937888e-05
10289,1.7565642338013276e-05
10290,1.5173354768194258e-05
10291,8.764257654547691e-05
10292,1.9317914848215878e-05
10293,9.083137410925701e-05
10294,0.00013896217569708824
10295,4.8410507588414475e-05
10296,0.000253448000876233
10297,4.5539964048657566e-05
10298,5.543230508919805e-05
10299,0.00012798035459127277
10300,6.010407378198579e-05
10301,5.349364801077172e-05
10302,6.258701614569873e-05
10303,5.6411383411614224e-05
10304,7.181238743214635e-06
10305,1.867047103587538e-05
10306,9.328544547315687e-05
10307,0.0001083425449905917
10308,5.919032992096618e-05
10309,2.7108180802315474e-05
10310,3.458311766735278e-05
10311,9.407640754943714e-05
10312,4.202288982924074e-05
10313,0.00012686509580817074
10314,3.5074604966212064e-05
10315,4.773431646754034e-05
10316,2.9804956284351647e-05
10317,0.00025064684450626373
10318,1.770176095305942e-05
10319,3.35854128934443e-05
10320,1.8053695384878665e-05
10321,7.390185783151537e-05
10322,3.114006540272385e-05
10323,0.00013297799159772694
10324,7.284159073606133e-05
10325,2.52482459472958e-05
10326,1.584048368385993e-05
10327,9.803714056033641e-05
10328,5.141151632415131e-05
10329,1.2915121260448359e-05
10330,0.00011047502630390227
10331,5.524764856090769e-05
10332,6.0010599554516375e-05
10333,0.00011117843678221107
10334,6.96014758432284e-05
10335,0.00030251278076320887
10336,0.00018965528579428792
10337,5.698734457837418e-05
10338,5.6599055824335665e-05
10339,1.1901975994987879e-05
10340,6.488976941909641e-05
10341,8.873181650415063e-05
10342,1.4191814443620387e-05
10343,0.00018929998623207211
10344,9.130237231147476e-06
10345,3.3129166695289314e-05
10346,0.0001320615701843053
10347,7.531945448135957e-05
10348,4.656347300624475e-05
10349,1.8928147255792283e-05
10350,0.00014729519898537546
10351,5.248014349490404e-05
10352,4.096522752661258e-05
10353,6.95717753842473e-05
10354,4.378131416160613e-05
10355,0.00012470573710743338
10356,0.00020453616161830723
10357,0.00022700497356709093
10358,0.0001998251536861062
10359,1.4788261978537776e-05
10360,7.989107689354569e-05
10361,4.228414036333561e-05
10362,5.2749295718967915e-05
10363,5.1150029321433976e-05
10364,6.202622898854315e-05
10365,0.00015231854922603816
10366,8.730940317036584e-05
10367,0.00010423950152471662
10368,2.6361864001955837e-05
10369,5.4618278227280825e-05
10370,7.239413389470428e-05
10371,0.00016028896789066494
10372,0.00010570292215561494
10373,0.00010312171070836484
10374,8.733535651117563e-05
10375,0.0002310186973772943
10376,6.399827543646097e-05
10377,8.522851203451864e-06
10378,8.326341776410118e-05
10379,3.800619742833078e-05
10380,0.0001769099326338619
10381,0.00011377856571925804
10382,1.16292303573573e-05
10383,0.00012897845590487123
10384,5.642053656629287e-05
10385,7.497967453673482e-05
10386,1.8031456420430914e-05
10387,8.493229688610882e-05
10388,6.387480243574828e-05
10389,4.2967702029272914e-05
10390,9.102735202759504e-05
10391,3.48601424775552e-05
10392,1.7721115000313148e-05
10393,6.577119347639382e-05
10394,7.498616014345316e-06
10395,1.2111346222809516e-05
10396,2.0729103198391385e-05
10397,7.889400876592845e-05
10398,4.44718316430226e-05
10399,8.612823876319453e-05
10400,4.487095065996982e-05
10401,7.209338946267962e-05
10402,0.0001598479284439236
10403,0.0001234212686540559
10404,0.00023306772345677018
10405,7.895654562162235e-05
10406,4.57691858173348e-05
10407,9.579004108672962e-05
10408,7.37989175831899e-05
10409,4.5564207539428025e-05
10410,0.00010046699026133865
10411,0.0001884757512016222
10412,3.55861775460653e-05
10413,8.13502847449854e-05
10414,0.00013727054465562105
10415,8.835765038384125e-05
10416,2.9734186682617292e-05
10417,2.3744916688883677e-05
10418,0.00017111949273385108
10419,7.16253271093592e-05
10420,6.049734656699002e-05
10421,6.920935993548483e-05
10422,7.840487523935735e-05
10423,7.084912795107812e-05
10424,0.0001416352897649631
10425,3.2897274650167674e-05
10426,2.6241345040034503e-05
10427,4.953769894200377e-05
10428,0.00011148083285661414
10429,5.4028492741053924e-05
10430,1.274240275961347e-05
10431,8.669309318065643e-05
10432,4.655009979614988e-05
10433,0.0001646449090912938
10434,2.4320392185472883e-05
10435,5.2082614274695516e-05
10436,4.873750367551111e-05
10437,8.77134662005119e-05
10438,7.345048652496189e-05
10439,6.468073843279853e-05
10440,1.932738632604014e-05
10441,5.3537551139015704e-05
10442,1.1249681847402826e-05
10443,8.451212488580495e-05
10444,6.262493116082624e-05
10445,6.0551315982593223e-05
10446,1.8549242668086663e-05
10447,2.5911498596542515e-05
10448,0.00019696936942636967
10449,7.247785106301308e-05
10450,5.295946903061122e-05
10451,6.210563878994435e-05
10452,3.330228355480358e-05
10453,3.533039125613868e-05
10454,1.333721502305707e-05
10455,0.00015010534843895584
10456,3.866264160024002e-05
10457,5.671304097631946e-05
10458,8.355346653843299e-05
10459,0.00010644117719493806
10460,8.441696991212666e-05
10461,2.0044779375893995e-05
10462,0.00013522454537451267
10463,2.4332552129635587e-05
10464,7.40270406822674e-05
10465,0.00013587504508905113
10466,0.00012837436224799603
10467,3.004771497217007e-05
10468,0.0001626811281312257
10469,0.0001167027949122712
10470,9.875078103505075e-05
10471,0.00011878482473548502
10472,6.704657425871119e-05
10473,3.54876319761388e-05
10474,0.00012785026046913117
10475,2.58845084317727e-05
10476,5.175475962460041e-05
10477,0.00012899156718049198
10478,0.00011552695650607347
10479,0.00011071779590565711
10480,6.502557516796514e-05
10481,7.385217759292573e-05
10482,4.8599620640743524e-05
10483,4.089518552063964e-05
10484,0.00010817183647304773
10485,8.910872566048056e-05
10486,1.2386610251269303e-05
10487,3.0002815037732944e-05
10488,0.0001131126846303232
10489,1.2517958566604648e-05
10490,8.659284503664821e-05
10491,3.52811548509635e-05
10492,8.505291043547913e-05
10493,2.1707068299292587e-05
10494,1.0588200893835165e-05
10495,3.581955024856143e-05
10496,1.499585050623864e-05
10497,6.96127099217847e-05
10498,1.001220334728714e-05
10499,1.879205410659779e-05
10500,5.110856000101194e-05
10501,1.8343482224736363e-05
10502,1.628428799449466e-05
10503,8.948842878453434e-05
10504,0.00017764369840733707
10505,6.283588299993426e-05
10506,1.7715035937726498e-05
10507,8.353334851562977e-05
10508,9.29797679418698e-05
10509,0.00013386461068876088
10510,0.00018130085663869977
10511,0.00012161922495579347
10512,9.12149844225496e-05
10513,2.5830380764091387e-05
10514,6.25221582595259e-05
10515,0.00011814683966804296
10516,8.380056533496827e-05
10517,4.2843872506637126e-05
10518,0.0003055422566831112
10519,1.435861486243084e-05
10520,1.2257529306225479e-05
10521,0.00010222275886917487
10522,8.49847710924223e-05
10523,0.00018770917085930705
10524,0.0004254976811353117
10525,4.130572051508352e-05
10526,8.159075514413416e-05
10527,4.241830174578354e-05
10528,7.860262485337444e-06
10529,6.77229545544833e-05
10530,6.841713184257969e-05
10531,7.183843536040513e-06
10532,6.592120917048305e-05
10533,2.8393951652105898e-05
10534,2.3784545192029327e-05
10535,7.790514064254239e-05
10536,9.684106771601364e-05
10537,5.030725878896192e-05
10538,1.3939119526185095e-05
10539,6.161555938888341e-05
10540,9.749813034432009e-05
10541,9.840649727266282e-05
10542,2.5056384401977994e-05
10543,8.687167792231776e-06
10544,6.742410187143832e-05
10545,6.0631307860603556e-05
10546,8.490584878018126e-05
10547,6.295926868915558e-05
10548,3.778323298320174e-05
10549,0.00011717004963429645
10550,0.0001088031567633152
10551,1.368250377709046e-05
10552,8.274639549199492e-05
10553,7.450264820363373e-05
10554,6.104991189204156e-05
10555,2.892896009143442e-05
10556,0.00020229439542163163
10557,0.00025764189194887877
10558,0.0002039173268713057
10559,6.289766315603629e-05
10560,0.0003115965810138732
10561,7.430649566231295e-05
10562,8.899520616978407e-05
10563,4.3181393266422674e-05
10564,2.03375457203947e-05
10565,6.619101895921631e-06
10566,3.901463423972018e-05
10567,0.00011412531603127718
10568,1.1099540643044747e-05
10569,1.6428422895842232e-05
10570,2.4967515855678357e-05
10571,8.091075869742781e-05
10572,2.543590380810201e-05
10573,9.170678094960749e-05
10574,3.3034448279067874e-05
10575,2.7647067327052355e-05
10576,0.00014989092596806586
10577,6.815647066105157e-05
10578,3.0590574169764295e-05
10579,2.4704819225007668e-05
10580,4.181209806120023e-05
10581,6.669182766927406e-05
10582,1.848380998126231e-05
10583,1.8605642253533006e-05
10584,0.00011350864951964468
10585,0.0001404497743351385
10586,2.5885250579449348e-05
10587,0.00023905087437015027
10588,2.7243660952080972e-05
10589,7.083632226567715e-05
10590,0.00015005820023361593
10591,0.000197340632439591
10592,0.00013177879736758769
10593,2.5521974748698995e-05
10594,7.627483137184754e-05
10595,7.185363210737705e-05
10596,0.00013964723621029407
10597,0.00017706930520944297
10598,3.198423655703664e-05
10599,0.00019671708287205547
10600,4.315769183449447e-05
10601,0.00011033563350792974
10602,0.0002052448398899287
10603,0.00010598997323540971
10604,0.00012511987006291747
10605,8.995388634502888e-05
10606,0.00014432179159484804
10607,5.604651596513577e-05
10608,0.00013890204718336463
10609,6.918134749867022e-05
10610,5.461681212182157e-05
10611,8.302713831653818e-05
10612,0.0003135855949949473
10613,5.5011099902912974e-05
10614,0.0002996413968503475
10615,0.00010794586705742404
10616,1.589803105161991e-05
10617,2.6899308068095706e-05
10618,6.492363900179043e-05
10619,5.2517789299599826e-05
10620,2.1203099095146172e-05
10621,3.660305810626596e-05
10622,6.945679342607036e-05
10623,5.227246947470121e-05
10624,4.950359289068729e-05
10625,4.824163261218928e-05
10626,3.932309846277349e-05
10627,8.203862307709642e-06
10628,1.2094838893972337e-05
10629,8.986292959889397e-05
10630,0.00011218310100957751
10631,0.00012926323688589036
10632,4.2563784518279135e-05
10633,0.00011508102033985779
10634,0.00013633459457196295
10635,2.7905412935069762e-05
10636,0.00012983186752535403
10637,3.7107180105522275e-05
10638,6.297107029240578e-05
10639,0.00011664568592095748
10640,2.6704345145844854e-05
10641,0.00010053441656054929
10642,0.00013263807340990752
10643,2.7455711460788734e-05
10644,0.00041475408943369985
10645,6.189050327520818e-05
10646,9.768054042069707e-06
10647,4.8135683755390346e-05
10648,5.643398981192149e-05
10649,2.2847783839097247e-05
10650,0.0005072190542705357
10651,3.609801206039265e-05
10652,0.00012113797856727615
10653,4.0261576941702515e-05
10654,0.00012897769920527935
10655,3.0919247365090996e-05
10656,0.00010513872257433832
10657,1.3719209164264612e-05
10658,7.554602052550763e-05
10659,0.00010840642789844424
10660,7.982592069311067e-05
10661,0.0001923445815918967
10662,7.493911834899336e-05
10663,1.8285722035216168e-05
10664,6.508780643343925e-05
10665,8.447968866676092e-05
10666,2.3209400751511566e-05
10667,5.111706559546292e-05
10668,2.3579605112900026e-05
10669,5.324170342646539e-05
10670,8.10813216958195e-05
10671,4.6248038415797055e-05
10672,6.444632890634239e-05
10673,4.1366096411366016e-05
10674,6.538569869007915e-05
10675,0.00011729212565114722
10676,7.63734569773078e-05
10677,3.075357381021604e-05
10678,4.01761062676087e-05
10679,5.362054434954189e-05
10680,2.2639114831690677e-05
10681,0.00010660747648216784
10682,2.4712784579605795e-05
10683,6.387739267665893e-05
10684,0.00018934569379780442
10685,7.048463157843798e-05
10686,0.0001361355825792998
10687,0.00017904149717651308
10688,9.051138476934284e-05
10689,6.223470700206235e-05
10690,0.00021945674961898476
10691,8.864128176355734e-06
10692,0.00012376473750919104
10693,2.1249945348245092e-05
10694,6.214447057573125e-05
10695,3.118674794677645e-05
10696,1.5196472304523923e-05
10697,8.760544005781412e-05
10698,0.00011703342897817492
10699,0.00013244319416116923
10700,9.581041013007052e-06
10701,2.0233817849657498e-05
10702,1.7201658920384943e-05
10703,0.00010100656072609127
10704,2.603510074550286e-05
10705,6.624075467698276e-05
10706,3.2495132472831756e-05
10707,6.037429557181895e-05
10708,2.9078546504024416e-05
10709,6.657782068941742e-05
10710,9.700294322101399e-05
10711,4.336415804573335e-05
10712,0.00011460280802566558
10713,0.00018945000192616135
10714,6.341258995234966e-05
10715,3.26592089550104e-05
10716,0.00011959070252487436
10717,1.3711309293285012e-05
10718,0.00012160259211668745
10719,0.0001179597747977823
10720,0.0001618641399545595
10721,4.157817238592543e-05
10722,0.00015607758541591465
10723,1.4912741789885331e-05
10724,6.533972191391513e-05
10725,8.560082642361522e-05
10726,4.294834070606157e-05
10727,0.00014552054926753044
10728,8.703974890522659e-05
10729,4.194847133476287e-05
10730,6.0186524933669716e-05
10731,9.926578059094027e-05
10732,0.00018986684153787792
10733,0.000110516237327829
10734,5.306895764078945e-05
10735,0.00010529336577747017
10736,9.698336361907423e-05
10737,3.688551078084856e-05
10738,4.666300810640678e-05
10739,8.826893463265151e-05
10740,3.867836494464427e-05
10741,8.547100151190534e-05
10742,0.0002313411678187549
10743,9.390142804477364e-05
10744,1.0645007932907902e-05
10745,0.00011703179916366935
10746,6.066555215511471e-05
10747,0.0001588594459462911
10748,0.00010517671762499958
10749,0.00015038713172543794
10750,0.000147450904478319
10751,0.00014995792298577726
10752,0.00011142746370751411
10753,0.00011590727081056684
10754,1.904269083752297e-05
10755,1.204622458317317e-05
10756,0.00023385544773191214
10757,1.1945143342018127e-05
10758,0.00013384838530328125
10759,3.177930921083316e-05
10760,0.00019399297889322042
10761,0.00011974244989687577
10762,0.00022914106375537813
10763,2.8712333005387336e-05
10764,3.235358599340543e-05
10765,5.388280624174513e-05
10766,0.00030049687484279275
10767,4.4520867959363386e-05
10768,0.00028553587617352605
10769,1.9550236174836755e-05
10770,3.512217153911479e-05
10771,1.075305317499442e-05
10772,1.2345560207904782e-05
10773,7.993092003744096e-05
10774,0.00017176584515254945
10775,4.634308425011113e-05
10776,5.28677883266937e-05
10777,0.0003702266840264201
10778,5.843399412697181e-05
10779,6.594065052922815e-05
10780,3.068181104026735e-05
10781,4.245133459335193e-05
10782,5.511425842996687e-05
10783,7.276044198079035e-05
10784,9.11950774025172e-05
10785,1.900072311400436e-05
10786,2.0228120774845593e-05
10787,3.6244622606318444e-05
10788,0.00023383679217658937
10789,7.245660526677966e-05
10790,4.2490068153711036e-05
10791,8.345738024218008e-05
10792,2.0888233848381788e-05
10793,4.00565259042196e-05
10794,4.031619755551219e-05
10795,1.9355495169293135e-05
10796,2.1359704987844452e-05
10797,6.689773726975545e-05
10798,3.143940557492897e-05
10799,8.22314468678087e-05
10800,1.6676112863933668e-05
10801,6.0767557442886755e-05
10802,7.952249143272638e-05
10803,0.00017608515918254852
10804,5.5940858146641403e-05
10805,2.299611151101999e-05
10806,0.00013196880172472447
10807,6.552719423780218e-05
10808,0.000137859329697676
10809,4.185552825219929e-05
10810,0.0001430411939509213
10811,0.00012798784882761538
10812,0.00020056989160366356
10813,8.758830517763272e-05
10814,0.00012212642468512058
10815,2.7194215363124385e-05
10816,1.4745099178981036e-05
10817,1.6877233065315522e-05
10818,2.1174982975935563e-05
10819,2.0277773728594184e-05
10820,6.672992458334193e-05
10821,7.758234278298914e-05
10822,9.953699191100895e-05
10823,1.674960003583692e-05
10824,8.426792919635773e-05
10825,0.00010411407856736332
10826,9.198771294904873e-05
10827,6.401881546480581e-05
10828,2.663593113538809e-05
10829,9.821220010053366e-05
10830,9.372671775054187e-05
10831,2.0425513866939582e-05
10832,0.00010614925849949941
10833,0.00014952535275369883
10834,0.00011330224515404552
10835,0.00011406192788854241
10836,5.8370194892631844e-05
10837,5.35397557541728e-05
10838,4.557372449198738e-05
10839,9.13277399376966e-05
10840,2.7283691451884806e-05
10841,9.946104546543211e-05
10842,2.3627682821825147e-05
10843,2.8132839361205697e-05
10844,3.8860205677337945e-05
10845,9.449209755985066e-05
10846,0.00014201467274688184
10847,4.859855835093185e-05
10848,9.588078683009371e-05
10849,2.1050491341156885e-05
10850,2.459152165101841e-05
10851,4.4736763811670244e-05
10852,0.00017725319776218385
10853,1.5681078366469592e-05
10854,5.5536016589030623e-05
10855,9.602573118172586e-05
10856,3.2269344956148416e-05
10857,3.585601371014491e-05
10858,3.1222567486111075e-05
10859,0.0003432061639614403
10860,3.893689063261263e-05
10861,7.292224472621456e-05
10862,3.963887502322905e-05
10863,6.27711124252528e-05
10864,5.832451279275119e-05
10865,7.433955033775419e-05
10866,1.2397067621350288e-05
10867,1.0307974662282504e-05
10868,0.00011208494106540456
10869,0.00019065962987951934
10870,9.014195529744029e-05
10871,8.514850924257189e-05
10872,1.6800204321043566e-05
10873,2.008127012231853e-05
10874,9.417584078619257e-05
10875,0.00011696713045239449
10876,4.213320789858699e-05
10877,2.0525574655039236e-05
10878,9.068484359886497e-05
10879,5.238421726971865e-05
10880,6.205680983839557e-05
10881,0.0001325615303358063
10882,6.915041012689471e-05
10883,3.895627014571801e-05
10884,0.00010699751146603376
10885,5.539593621506356e-05
10886,5.367924677557312e-05
10887,2.6304413040634245e-05
10888,9.690562728792429e-05
10889,8.347747643711045e-05
10890,8.242701733252034e-05
10891,4.6293283958220854e-05
10892,4.836239531869069e-05
10893,6.481407763203606e-05
10894,7.252586510730907e-05
10895,9.734928607940674e-05
10896,0.00017760075570549816
10897,0.00011157305561937392
10898,1.5096438801265322e-05
10899,4.012513090856373e-05
10900,6.152446439955384e-05
10901,0.00012056425475748256
10902,7.904661470092833e-05
10903,4.597762745106593e-05
10904,1.4441886378335766e-05
10905,0.00013196136569604278
10906,0.0001380807370878756
10907,0.0001269030326511711
10908,3.18328857247252e-05
10909,3.5681492590811104e-05
10910,2.4311200832016766e-05
10911,0.0001313668180955574
10912,0.00018202117644250393
10913,5.4282936616800725e-05
10914,5.144982787896879e-05
10915,8.64888570504263e-05
10916,3.4254990168847144e-05
10917,0.0001465908862883225
10918,8.40528155094944e-05
10919,6.8377994466573e-05
10920,2.29924753512023e-05
10921,4.912401345791295e-05
10922,0.0001934569445438683
10923,0.00010030761040979996
10924,2.4023267542361282e-05
10925,8.218706352636218e-05
10926,0.00013570065493695438
10927,7.966456178110093e-05
10928,6.143666541902348e-05
10929,1.6685951777617447e-05
10930,0.00018454313976690173
10931,3.0527629860443994e-05
10932,1.952401544258464e-05
10933,0.0001082720555132255
10934,7.399883907055482e-05
10935,0.00010471875430084765
10936,7.237281533889472e-05
10937,4.4983615225646645e-05
10938,9.432635124539956e-06
10939,7.058469236653764e-06
10940,0.00012142349442001432
10941,5.56875420443248e-05
10942,0.0001297025301028043
10943,2.0369840058265254e-05
10944,0.00017149302584584802
10945,8.356715261470526e-05
10946,1.6892152416403405e-05
10947,6.058624421712011e-05
10948,9.426201722817495e-05
10949,3.117465530522168e-05
10950,9.409887570654973e-05
10951,4.466847167350352e-05
10952,0.0001395903091179207
10953,4.1029477870324627e-05
10954,3.350120459799655e-05
10955,7.992728933459148e-05
10956,2.3985696316231042e-05
10957,0.00010055067832581699
10958,0.00011225990601815283
10959,1.4753752111573704e-05
10960,0.00012204451923025772
10961,0.000124316691653803
10962,3.2195130188483745e-05
10963,6.294519698712975e-05
10964,0.00013836717698723078
10965,0.00010944106907118112
10966,2.749178747762926e-05
10967,2.145840335288085e-05
10968,5.019280797569081e-05
10969,0.00014231537352316082
10970,2.520803354855161e-05
10971,4.747457933262922e-05
10972,0.00025920115876942873
10973,8.929350588005036e-05
10974,0.00011342385550960898
10975,4.2425934225320816e-05
10976,0.0001911824510898441
10977,0.00021370232570916414
10978,3.3095842809416354e-05
10979,3.875182301271707e-05
10980,6.77175194141455e-05
10981,1.1273389645793941e-05
10982,3.373344225110486e-05
10983,5.3242038120515645e-05
10984,0.00012460962170735002
10985,2.4093184038065374e-05
10986,3.216580444131978e-05
10987,0.0001417886232957244
10988,1.71087849594187e-05
10989,0.0001248771441169083
10990,1.927411176438909e-05
10991,2.624008629936725e-05
10992,5.180114021641202e-05
10993,0.00017284374916926026
10994,1.908980993903242e-05
10995,1.5930116205709055e-05
10996,0.00011521841952344403
10997,8.125264866976067e-05
10998,0.00016840783064253628
10999,2.255429353681393e-05
11000,4.007798997918144e-05
11001,0.00012564453936647624
11002,8.155146497301757e-05
11003,2.1241035938146524e-05
11004,5.081820199848153e-05
11005,8.33429439808242e-05
11006,0.00032241520239040256
11007,0.0002123279555235058
11008,3.0729963327758014e-05
11009,5.135049286764115e-05
11010,6.165671948110685e-05
11011,8.427664579357952e-05
11012,0.00019131173030473292
11013,9.611478890292346e-05
11014,0.0001395133149344474
11015,9.033142123371363e-05
11016,5.589187639998272e-05
11017,5.2601226343540475e-05
11018,0.00034934503491967916
11019,8.785542013356462e-05
11020,5.60895714443177e-05
11021,5.410778248915449e-05
11022,5.026743019698188e-05
11023,2.8615368137252517e-05
11024,2.288895848323591e-05
11025,9.404861339135095e-05
11026,2.107525506289676e-05
11027,7.990259473444894e-05
11028,9.991246042773128e-05
11029,4.86581411678344e-05
11030,4.314505713409744e-05
11031,3.5387703974265605e-05
11032,7.861388439778239e-05
11033,8.681854524184018e-05
11034,5.948815669398755e-05
11035,0.00010451351408846676
11036,7.269339403137565e-05
11037,7.161877874750644e-05
11038,3.6351684684632346e-05
11039,0.00011939310206798837
11040,3.891406231559813e-05
11041,8.155078103300184e-05
11042,2.9144786822143942e-05
11043,9.766215225681663e-05
11044,2.014505116676446e-05
11045,8.351526048500091e-05
11046,0.00010101505176862702
11047,7.579315570183098e-05
11048,5.947624595137313e-05
11049,2.6821831852430478e-05
11050,0.00015981573960743845
11051,5.264283390715718e-05
11052,0.00013189883611630648
11053,2.7170883186045103e-05
11054,7.35914072720334e-05
11055,2.417776340735145e-05
11056,9.39034071052447e-05
11057,1.1452055332483724e-05
11058,0.00013828060764353722
11059,4.814716521650553e-05
11060,0.00011561678547877818
11061,3.558601747499779e-05
11062,3.608862607507035e-05
11063,0.0001398225431330502
11064,4.4452142901718616e-05
11065,0.00017253673286177218
11066,3.808965630014427e-05
11067,0.00011070066102547571
11068,0.00040176257607527077
11069,0.00023989964392967522
11070,6.033460522303358e-05
11071,1.9656512449728325e-05
11072,0.0001274552778340876
11073,4.878166510025039e-05
11074,9.53024864429608e-05
11075,0.00013120657240506262
11076,3.368177931406535e-05
11077,3.4991317079402506e-05
11078,5.469688039738685e-05
11079,9.208489791490138e-05
11080,0.00016253885405603796
11081,5.306709135766141e-05
11082,4.71607236249838e-05
11083,0.00015183842333499342
11084,0.00013532712182495743
11085,0.00016429563402198255
11086,1.2598921784956474e-05
11087,0.00010855354048544541
11088,3.7131234421394765e-05
11089,4.492781590670347e-05
11090,8.049592725001276e-05
11091,7.817560981493443e-05
11092,0.0001540589437354356
11093,8.66326445247978e-05
11094,4.3148829718120396e-05
11095,3.942158946301788e-05
11096,1.5789126337040216e-05
11097,1.0184810889768414e-05
11098,1.2610214980668388e-05
11099,4.868920223088935e-05
11100,0.00013894913718104362
11101,4.3581792851909995e-05
11102,4.259966954123229e-05
11103,2.3561111447634175e-05
11104,7.360036397585645e-05
11105,7.97726315795444e-05
11106,2.2738968254998326e-05
11107,0.00021746741549577564
11108,6.177363684400916e-05
11109,1.5874691598583013e-05
11110,5.2225754188839346e-05
11111,0.00023011481971479952
11112,5.793874152004719e-05
11113,2.22765447688289e-05
11114,0.00021276279585435987
11115,0.0003584739752113819
11116,0.00011109850311186165
11117,0.00012647542462218553
11118,6.508406659122556e-05
11119,7.009957334958017e-05
11120,4.816878936253488e-05
11121,1.7620397557038814e-05
11122,7.331956294365227e-05
11123,6.616658356506377e-05
11124,5.7211895182263106e-05
11125,9.106130164582282e-05
11126,5.9013946156483144e-05
11127,1.4502971680485643e-05
11128,2.1221105271251872e-05
11129,6.183655932545662e-05
11130,6.519840098917484e-05
11131,9.531104296911508e-05
11132,6.53607421554625e-05
11133,5.680987305822782e-05
11134,2.2917327441973612e-05
11135,7.525404362240806e-05
11136,0.00010695763921830803
11137,8.484309364575893e-05
11138,1.4635697880294174e-05
11139,3.4781929571181536e-05
11140,4.813387931790203e-05
11141,4.427855310495943e-05
11142,0.00016835235874168575
11143,1.590145257068798e-05
11144,2.902269989135675e-05
11145,1.2410817362251692e-05
11146,0.00022945944510865957
11147,0.00015755128697492182
11148,0.00014355627354234457
11149,6.39288846286945e-05
11150,0.000138863964821212
11151,0.00020423109526745975
11152,0.0001730805088300258
11153,0.00022085243836045265
11154,9.508927178103477e-05
11155,0.00013656209921464324
11156,6.829846097389236e-05
11157,7.121671660570428e-05
11158,7.512549927923828e-05
11159,0.00017826149996835738
11160,2.1363857740652747e-05
11161,1.543532926007174e-05
11162,0.00017437266069464386
11163,0.0001179487444460392
11164,2.4890145141398534e-05
11165,8.756944589549676e-05
11166,0.00014280556933954358
11167,0.00014268371160142124
11168,5.874215275980532e-05
11169,0.00024288012355100363
11170,1.947862983797677e-05
11171,8.497993258060887e-05
11172,7.25289573892951e-05
11173,0.00015300954692065716
11174,7.576039934065193e-05
11175,0.0002560476423241198
11176,6.340690742945299e-05
11177,2.258733002236113e-05
11178,1.204493128170725e-05
11179,9.995738219004124e-05
11180,4.480387724470347e-05
11181,0.00019405809871386737
11182,0.0001534238108433783
11183,0.00011691484542097896
11184,9.711024176795036e-05
11185,1.1404393262637313e-05
11186,3.576821109163575e-05
11187,9.353455243399367e-05
11188,4.355956116341986e-05
11189,7.033302972558886e-05
11190,1.1802741937572137e-05
11191,5.437572690425441e-05
11192,7.397052831947803e-05
11193,1.7842405213741586e-05
11194,1.3772099919151515e-05
11195,4.593255289364606e-05
11196,9.806534217204899e-05
11197,0.0001273761154152453
11198,0.0001230663328897208
11199,0.00011137492401758209
11200,6.303044210653752e-05
11201,0.00010124292748514563
11202,3.866025508614257e-05
11203,0.00015872388030402362
11204,4.0155675378628075e-05
11205,0.00020931359904352576
11206,5.7001183449756354e-05
11207,5.4412354074884206e-05
11208,5.858554504811764e-05
11209,3.7159319617785513e-05
11210,5.56368067918811e-05
11211,3.000733704539016e-05
11212,1.57675221998943e-05
11213,5.667280129273422e-05
11214,5.48029929632321e-05
11215,8.758546755416319e-05
11216,0.00018773091142065823
11217,1.99286405404564e-05
11218,1.0228424798697233e-05
11219,1.4006147466716357e-05
11220,0.00016812182730063796
11221,7.970903243403882e-05
11222,0.00012239266652613878
11223,3.441156877670437e-05
11224,5.3086223488207906e-05
11225,9.242029045708477e-05
11226,7.213890057755634e-05
11227,7.586524588987231e-05
11228,0.00013582549581769854
11229,1.525573679828085e-05
11230,0.00011681501928251237
11231,4.276672552805394e-05
11232,1.2990061804885045e-05
11233,3.239131183363497e-05
11234,9.32848997763358e-05
11235,1.8833881767932326e-05
11236,6.228472921065986e-05
11237,8.51140939630568e-05
11238,0.00015524655464105308
11239,2.6544923457549885e-05
11240,9.093896369449794e-05
11241,4.889091360382736e-05
11242,6.15059761912562e-05
11243,6.735746865160763e-05
11244,2.8978261980228126e-05
11245,0.00011367823753971606
11246,7.379882299574092e-05
11247,1.1615917173912749e-05
11248,3.814251977019012e-05
11249,1.4867689969833009e-05
11250,0.00013666429731529206
11251,1.3138204849383328e-05
11252,3.1779280107002705e-05
11253,0.00037711640470661223
11254,0.0001197784295072779
11255,0.00024305310216732323
11256,0.00016481673810631037
11257,5.9384623455116525e-05
11258,2.764884993666783e-05
11259,0.00012288754805922508
11260,9.35198477236554e-05
11261,9.011766087496653e-05
11262,4.787445504916832e-05
11263,8.919545507524163e-05
11264,8.796241309028119e-05
11265,0.0001267333864234388
11266,2.136247348971665e-05
11267,6.015813414705917e-05
11268,9.34745476115495e-05
11269,8.947889000410214e-06
11270,0.00012894409883301705
11271,3.816650860244408e-05
11272,1.2253183740540408e-05
11273,4.198548413114622e-05
11274,1.503419662185479e-05
11275,0.00014624823234044015
11276,3.834707968053408e-05
11277,0.00016507890541106462
11278,2.4319650037796237e-05
11279,9.431215585209429e-05
11280,0.0004052654840052128
11281,9.159042383544147e-05
11282,3.708153235493228e-05
11283,0.00011757462925743312
11284,0.0001165887078968808
11285,8.163293387042359e-05
11286,0.0001344868214800954
11287,0.0001236408279510215
11288,1.856867856986355e-05
11289,4.378020821604878e-05
11290,8.108630936476402e-06
11291,9.539126040181145e-06
11292,7.726118201389909e-05
11293,7.697632827330381e-05
11294,3.1376679544337094e-05
11295,2.494209911674261e-05
11296,7.781550084473565e-05
11297,9.317704098066315e-05
11298,7.242261926876381e-05
11299,4.45282094005961e-05
11300,7.986091077327728e-05
11301,2.362430313951336e-05
11302,1.582659751875326e-05
11303,6.293751357588917e-05
11304,7.029787957435474e-05
11305,6.362186832120642e-05
11306,5.075983062852174e-05
11307,3.575233859010041e-05
11308,2.6007284759543836e-05
11309,2.8018128432449885e-05
11310,0.00018797685333993286
11311,2.3772257918608375e-05
11312,0.00020404098904691637
11313,8.522260759491473e-05
11314,2.1736814233008772e-05
11315,0.00045630321255885065
11316,1.9210776372347027e-05
11317,4.5607837819261476e-05
11318,6.6300381149631e-05
11319,8.269357203971595e-05
11320,5.031788896303624e-05
11321,0.00020317142480053008
11322,0.00010920665226876736
11323,4.6821427531540394e-05
11324,7.451569399563596e-05
11325,0.0001283020101254806
11326,5.487555608851835e-05
11327,3.827508044196293e-05
11328,0.00010291259968653321
11329,5.4134743550093845e-05
11330,1.3719914022658486e-05
11331,0.00019499551854096353
11332,1.5579487808281556e-05
11333,0.00010120439401362091
11334,7.002893835306168e-05
11335,7.86474920460023e-05
11336,0.0004341088351793587
11337,9.495957056060433e-05
11338,1.1692785847117193e-05
11339,4.370836541056633e-05
11340,1.2475911717046984e-05
11341,5.930804036324844e-05
11342,6.434931856347248e-05
11343,0.0001269603380933404
11344,7.910669955890626e-05
11345,1.2009159945591819e-05
11346,4.958463250659406e-05
11347,7.646023732377216e-05
11348,7.141625974327326e-05
11349,7.955168257467449e-05
11350,3.668378485599533e-05
11351,9.69933025771752e-05
11352,7.2979208198376e-05
11353,9.804844739846885e-05
11354,9.497180872131139e-05
11355,1.6929814592003822e-05
11356,0.00012733732000924647
11357,7.876305608078837e-05
11358,7.943843957036734e-05
11359,1.1407180863898247e-05
11360,3.156309685437009e-05
11361,0.00030888442415744066
11362,9.074967238120735e-05
11363,5.683691597369034e-06
11364,2.054766082437709e-05
11365,0.00010319706052541733
11366,7.771031960146502e-05
11367,6.401271093636751e-05
11368,0.00012402994616422802
11369,9.072612738236785e-05
11370,7.335637928918004e-05
11371,4.949573485646397e-05
11372,0.00014138594269752502
11373,9.185851922666188e-06
11374,1.502322902524611e-05
11375,1.5528516087215394e-05
11376,1.880082163552288e-05
11377,8.805438847048208e-05
11378,6.812973151681945e-05
11379,1.845044425863307e-05
11380,5.6356329878326505e-05
11381,5.6009128456935287e-05
11382,8.327960676979274e-05
11383,1.8578477465780452e-05
11384,0.00011706651275744662
11385,0.0002094023220706731
11386,8.464929123874754e-05
11387,0.00014399162319023162
11388,0.00010158785153180361
11389,0.00021127588115632534
11390,0.0001232162758242339
11391,6.516820576507598e-05
11392,3.3067306503653526e-05
11393,3.848403866868466e-05
11394,4.138519580010325e-05
11395,1.1103611541329883e-05
11396,2.8324733648332767e-05
11397,0.0005234724376350641
11398,0.0001239194825757295
11399,2.2647920559393242e-05
11400,9.692883759271353e-05
11401,2.5013960112119094e-05
11402,5.11437319801189e-05
11403,0.00013318836863618344
11404,5.4085518058855087e-05
11405,2.2432670448324643e-05
11406,0.0001662262948229909
11407,1.9134278772980906e-05
11408,6.37015255051665e-05
11409,1.842436358856503e-05
11410,4.541525777312927e-05
11411,0.0001424329966539517
11412,9.827625763136894e-05
11413,9.880695870378986e-06
11414,0.0001986876013688743
11415,8.357131446246058e-05
11416,2.1520416339626536e-05
11417,9.40897298278287e-05
11418,0.00016401286120526493
11419,8.741908823139966e-05
11420,0.0002228690718766302
11421,0.0003277691430412233
11422,0.00017695067799650133
11423,8.122883446048945e-05
11424,8.161824371200055e-05
11425,0.0002025002904701978
11426,4.075431206729263e-05
11427,2.7766234779846855e-05
11428,8.495441579725593e-05
11429,3.267568172304891e-05
11430,0.00010350460797781125
11431,0.00018011941574513912
11432,0.00015247522969730198
11433,1.2295584383537062e-05
11434,1.3512364603229798e-05
11435,9.741505346028134e-05
11436,0.00014259615272749215
11437,7.94239022070542e-05
11438,0.00013736836262978613
11439,5.666272045345977e-05
11440,2.025131652771961e-05
11441,6.158109317766502e-05
11442,7.058058690745384e-05
11443,7.733338134130463e-05
11444,6.264745024964213e-05
11445,5.1307280955370516e-05
11446,8.548250480089337e-05
11447,4.8392619646620005e-05
11448,5.63718713237904e-05
11449,4.8084348236443475e-05
11450,5.223449261393398e-05
11451,0.00014079920947551727
11452,0.00012270070146769285
11453,2.1413830836536363e-05
11454,4.304512549424544e-05
11455,5.38597596460022e-05
11456,6.772726192139089e-05
11457,6.90868473611772e-05
11458,8.235326095018536e-05
11459,6.054998084437102e-05
11460,1.3033832146902569e-05
11461,5.724628863390535e-05
11462,0.0003825572784990072
11463,8.484801219310611e-05
11464,1.5684823665651493e-05
11465,3.9938433474162593e-05
11466,8.290873665828258e-05
11467,6.681040395051241e-05
11468,1.4886144526826683e-05
11469,9.835566743277013e-05
11470,7.35614012228325e-05
11471,2.7299336579744704e-05
11472,1.4765373634872958e-05
11473,0.00015267610433511436
11474,5.8462072047404945e-05
11475,0.00011619985161814839
11476,2.0850424334639683e-05
11477,0.00028861130704171956
11478,5.760023123002611e-05
11479,0.00023521186085417867
11480,4.009799158666283e-05
11481,8.178486314136535e-05
11482,0.00016521131328772753
11483,0.00013948645209893584
11484,7.784392801113427e-05
11485,0.00012546655489131808
11486,7.911132706794888e-05
11487,5.554848030442372e-05
11488,4.437881216290407e-05
11489,2.521667192922905e-05
11490,9.38926386879757e-05
11491,7.40759278414771e-05
11492,0.00018915229884441942
11493,4.132161848247051e-05
11494,0.0001477079640608281
11495,0.0001600945251993835
11496,4.650118717108853e-05
11497,0.0001402818743372336
11498,0.00013307531480677426
11499,7.382516923826188e-05
11500,4.690996865974739e-05
11501,8.174563845386729e-05
11502,6.709070294164121e-05
11503,0.00015047958004288375
11504,8.473679190501571e-05
11505,3.41992054018192e-05
11506,0.00011012693721568212
11507,0.00022593530593439937
11508,3.950719838030636e-05
11509,1.18564848889946e-05
11510,1.772331233951263e-05
11511,0.00018296268535777926
11512,0.00012494559632614255
11513,2.9255246772663668e-05
11514,2.2263575374381617e-05
11515,0.00030103721655905247
11516,0.0001698475971352309
11517,2.645347558427602e-05
11518,1.0093499440699816e-05
11519,8.592167432652786e-05
11520,8.439474186161533e-05
11521,0.00015308304864447564
11522,0.00010646243754308671
11523,2.666275031515397e-05
11524,0.0001023560471367091
11525,0.0001478673511883244
11526,4.401717887958512e-05
11527,5.711209087166935e-05
11528,5.94234952586703e-05
11529,5.945359225734137e-05
11530,3.090850805165246e-05
11531,1.4778099284740165e-05
11532,4.084228567080572e-05
11533,1.6899724869290367e-05
11534,1.8800994439516217e-05
11535,3.217707126168534e-05
11536,0.00015822915884200484
11537,0.00012835330562666059
11538,1.701256951491814e-05
11539,1.0827617188624572e-05
11540,0.00018859912233892828
11541,0.00011725073272828013
11542,1.1291847840766422e-05
11543,0.00015316788631025702
11544,0.0002776075853034854
11545,0.00013125859550200403
11546,0.00018268375424668193
11547,6.960882456041873e-05
11548,9.825313463807106e-05
11549,2.1746363927377388e-05
11550,5.5900476581882685e-05
11551,1.9364440959179774e-05
11552,0.0002162139571737498
11553,6.47728520561941e-05
11554,0.0001671238278504461
11555,6.24314634478651e-05
11556,4.310346776037477e-05
11557,0.00011763793008867651
11558,2.2194361008587293e-05
11559,3.568903775885701e-05
11560,9.823100845096633e-05
11561,2.852619581972249e-05
11562,3.577737516025081e-05
11563,2.8138931156718172e-05
11564,0.00012693108874373138
11565,0.00014793986338190734
11566,9.282087557949126e-05
11567,5.106358730699867e-05
11568,9.794819197850302e-05
11569,9.960810712072998e-05
11570,3.6166478821542114e-05
11571,6.231562292668968e-05
11572,6.600303458981216e-05
11573,4.0425358747597784e-05
11574,2.0808354747714475e-05
11575,7.493458542739972e-05
11576,1.963114846148528e-05
11577,0.00016903036157600582
11578,8.440722740488127e-05
11579,4.07931802328676e-05
11580,5.5940519814612344e-05
11581,8.041338151087984e-05
11582,0.0001274652313441038
11583,0.000138462200993672
11584,0.0002660666359588504
11585,6.116896838648245e-05
11586,1.158809845946962e-05
11587,9.522832988295704e-05
11588,7.776714483043179e-05
11589,5.6558576034149155e-05
11590,0.00014172407099977136
11591,9.465881885262206e-05
11592,0.0001277800911339
11593,2.216846405644901e-05
11594,1.624471951799933e-05
11595,0.00016444921493530273
11596,8.185325714293867e-05
11597,0.00012409745249897242
11598,4.431241541169584e-05
11599,0.0002056888333754614
11600,0.00012001283175777644
11601,0.00019380950834602118
11602,5.9693007642636076e-05
11603,8.915054058888927e-05
11604,1.7084668797906488e-05
11605,0.00014345208182930946
11606,9.899100405164063e-05
11607,2.7864407456945628e-05
11608,0.00015060894656926394
11609,0.00013869527901988477
11610,3.9798567740945145e-05
11611,1.8028124031843618e-05
11612,0.00019118445925414562
11613,2.2758953491575085e-05
11614,3.443128662183881e-05
11615,3.772015406866558e-05
11616,3.3277159673161805e-05
11617,0.00012272788444533944
11618,6.304655107669532e-05
11619,0.00011424929834902287
11620,0.0001667144533712417
11621,7.013043796177953e-05
11622,9.609118569642305e-05
11623,8.331564458785579e-05
11624,1.207205332320882e-05
11625,0.00023482120013795793
11626,0.00011301494669169188
11627,2.4624881916679442e-05
11628,9.318956290371716e-05
11629,1.698144114925526e-05
11630,8.27608528197743e-06
11631,0.00012984019122086465
11632,0.00018791930051520467
11633,5.849537410540506e-05
11634,0.00014255796850193292
11635,0.00010127347195520997
11636,0.00011230276868445799
11637,1.7551519704284146e-05
11638,3.8515081541845575e-05
11639,5.560576755669899e-05
11640,2.1284009562805295e-05
11641,0.00017300421313848346
11642,4.537750646704808e-05
11643,0.00013057136675342917
11644,0.00010633990314090624
11645,1.3258357284939848e-05
11646,6.829978519817814e-05
11647,1.8551258108345792e-05
11648,4.021390122943558e-05
11649,0.0001301647862419486
11650,1.6463354768347926e-05
11651,0.0001014384615700692
11652,0.00025189874577336013
11653,8.062192500801757e-05
11654,4.9926398787647486e-05
11655,9.292541653849185e-05
11656,0.00010533237218623981
11657,6.958979065530002e-05
11658,1.7946609659702517e-05
11659,0.00014604130410589278
11660,8.994685049401596e-05
11661,0.00015056018310133368
11662,1.392854392179288e-05
11663,0.00018374329374637455
11664,2.311063690285664e-05
11665,2.2707772586727515e-05
11666,0.00016576478083152324
11667,8.262222399935126e-05
11668,8.736911695450544e-06
11669,4.982405516784638e-05
11670,6.58617282169871e-05
11671,7.032091525616124e-05
11672,5.505549779627472e-05
11673,0.000141764001455158
11674,3.822248982032761e-05
11675,4.184021963737905e-05
11676,5.8074292610399425e-05
11677,4.819855894311331e-05
11678,0.00022996956249698997
11679,5.5535252613481134e-05
11680,0.00018278404604643583
11681,5.731350029236637e-05
11682,0.0002076377277262509
11683,8.900152170099318e-05
11684,6.184152152854949e-05
11685,0.0001917678746394813
11686,5.330719432095066e-05
11687,0.0002094784431392327
11688,6.742325786035508e-05
11689,1.767951835063286e-05
11690,0.00018190074479207397
11691,7.996671047294512e-05
11692,0.0001682453730609268
11693,6.039897198206745e-05
11694,9.408204641658813e-05
11695,1.2424863598425873e-05
11696,6.22024672338739e-05
11697,0.00014689778618048877
11698,3.5978904634248465e-05
11699,7.460385677404702e-05
11700,9.267880523111671e-05
11701,2.572817902546376e-05
11702,0.00014804814418312162
11703,6.497473077615723e-05
11704,3.938208828913048e-05
11705,3.716216451721266e-05
11706,7.151342288125306e-05
11707,8.645042544230819e-05
11708,2.258296444779262e-05
11709,4.14311361964792e-05
11710,6.943009793758392e-05
11711,1.955095649464056e-05
11712,8.926470763981342e-05
11713,1.648232682782691e-05
11714,8.59030187712051e-05
11715,6.753309662599349e-06
11716,1.7542930436320603e-05
11717,4.896353493677452e-05
11718,6.706532440148294e-05
11719,7.72055282141082e-05
11720,0.00013002011110074818
11721,8.150128996931016e-05
11722,1.730252552079037e-05
11723,3.7884303310420364e-05
11724,8.950813935371116e-05
11725,8.782510121818632e-05
11726,0.00011660388554446399
11727,5.2566312660928816e-05
11728,3.6346868000691757e-05
11729,8.540463750250638e-05
11730,2.9326196454348974e-05
11731,9.369373583467677e-05
11732,0.00015586105291731656
11733,0.0001577978691784665
11734,8.1189202319365e-05
11735,4.79562659165822e-05
11736,9.087647777050734e-05
11737,0.00010164744162466377
11738,0.00011865976557601243
11739,0.0001046298275468871
11740,0.00011921582336071879
11741,1.4368702977662906e-05
11742,6.180349737405777e-05
11743,2.0255629351595417e-05
11744,1.6370231605833396e-05
11745,8.291020640172064e-05
11746,1.526316009403672e-05
11747,2.5148856366286054e-05
11748,2.1071806258987635e-05
11749,0.0002468576712999493
11750,0.0001370806130580604
11751,6.761275290045887e-05
11752,0.0001330367085756734
11753,6.398704135790467e-05
11754,6.455546827055514e-05
11755,6.345845758914948e-05
11756,0.00012849937775172293
11757,0.00020422297529876232
11758,8.353624434676021e-05
11759,4.204714059596881e-05
11760,8.131444337777793e-05
11761,2.3437300114892423e-05
11762,9.302362741436809e-05
11763,1.812718801375013e-05
11764,0.00012117307778680697
11765,0.00012256469926796854
11766,5.375903856474906e-05
11767,5.907062950427644e-05
11768,2.281473825860303e-05
11769,6.663308886345476e-05
11770,4.08631531172432e-05
11771,5.0158530939370394e-05
11772,0.00013847678201273084
11773,5.569364293478429e-05
11774,9.124164353124797e-05
11775,0.00018295578774996102
11776,8.011258614715189e-05
11777,0.0001649952755542472
11778,1.4769939298275858e-05
11779,3.6486570024862885e-05
11780,0.00010959181236103177
11781,0.00011674154666252434
11782,2.7345789931132458e-05
11783,0.00015004193119239062
11784,8.777101174928248e-05
11785,7.546109554823488e-05
11786,0.00013581712846644223
11787,4.8434525524498895e-05
11788,4.196359805064276e-05
11789,1.2348185009614099e-05
11790,6.709471927024424e-05
11791,0.00016123452223837376
11792,6.82097816024907e-05
11793,4.3039777665399015e-05
11794,6.557106098625809e-05
11795,6.514052802231163e-05
11796,9.788003808353096e-06
11797,8.97638383321464e-05
11798,4.268145494279452e-05
11799,7.673035725019872e-05
11800,6.999210017966107e-05
11801,4.1503946704324335e-05
11802,1.8171496776631102e-05
11803,2.0246112399036065e-05
11804,7.730987999821082e-05
11805,2.064250838884618e-05
11806,0.0001954583276528865
11807,0.00020405164104886353
11808,0.00011261038889642805
11809,0.0002290311676915735
11810,6.768831372028217e-05
11811,3.784251748584211e-05
11812,2.597174716356676e-05
11813,9.851938375504687e-05
11814,2.810500154737383e-05
11815,3.473954711807892e-05
11816,2.0166677131783217e-05
11817,4.174771311227232e-05
11818,7.744324102532119e-05
11819,0.00023296117433346808
11820,7.97003012849018e-05
11821,1.1315847586956806e-05
11822,3.404102608328685e-05
11823,9.995909931603819e-05
11824,3.1313571525970474e-05
11825,1.3451848644763231e-05
11826,1.7094644135795534e-05
11827,6.229129940038547e-05
11828,0.00010793325054692104
11829,6.703486724290997e-05
11830,2.108585977111943e-05
11831,6.0681154536723625e-06
11832,0.00021686343825422227
11833,0.00015426699246745557
11834,5.7429817388765514e-05
11835,7.967300189193338e-05
11836,5.682228220393881e-05
11837,0.00013259350089356303
11838,0.00010088704584632069
11839,0.00012247017002664506
11840,0.00012925357441417873
11841,9.957309521269053e-05
11842,0.00033487685141153634
11843,7.370313142018858e-06
11844,5.564186358242296e-05
11845,0.00015047905617393553
11846,5.8805893786484376e-05
11847,1.5654695744160563e-05
11848,9.822029096540064e-05
11849,4.507607445702888e-05
11850,0.00010311942605767399
11851,7.13529807399027e-05
11852,0.000252534169703722
11853,4.206767334835604e-05
11854,1.7415781258023344e-05
11855,3.692479367600754e-05
11856,6.651966396020725e-05
11857,7.429250399582088e-05
11858,9.623914957046509e-05
11859,3.39076214004308e-05
11860,9.678634523879737e-05
11861,4.168172017671168e-05
11862,0.00011014371557394043
11863,0.00013818152365274727
11864,1.5182742572505958e-05
11865,1.9753893866436556e-05
11866,1.711645018076524e-05
11867,8.942677231971174e-05
11868,2.0951885744580068e-05
11869,5.971549398964271e-05
11870,0.00017877714708447456
11871,1.2132032679801341e-05
11872,1.1699383321683854e-05
11873,3.7816091207787395e-05
11874,2.6304704078938812e-05
11875,5.64100373594556e-05
11876,3.221193765057251e-05
11877,7.352793909376487e-05
11878,2.3685704945819452e-05
11879,0.00012331399193499237
11880,1.7860755178844556e-05
11881,7.937655027490109e-05
11882,0.00015527773939538747
11883,6.053707329556346e-05
11884,0.00016055107698775828
11885,0.00012236132170073688
11886,8.484407590003684e-05
11887,0.00011813936725957319
11888,0.00017872845637612045
11889,5.907525337534025e-05
11890,0.00015590846305713058
11891,0.00011819274368463084
11892,9.908333595376462e-05
11893,4.588670708471909e-05
11894,6.486820348072797e-05
11895,3.1151292205322534e-05
11896,2.5034290956682526e-05
11897,0.0009067180217243731
11898,8.320757478941232e-05
11899,4.621037078322843e-05
11900,5.4036510846344754e-05
11901,3.943438787246123e-05
11902,0.0002587672497611493
11903,8.829490980133414e-05
11904,1.0765515980892815e-05
11905,4.304902540752664e-05
11906,0.00011743733921321109
11907,6.594127626158297e-05
11908,2.861064422177151e-05
11909,7.500148785766214e-05
11910,2.9453833121806383e-05
11911,0.0001583036791998893
11912,8.989503839984536e-05
11913,8.654341218061745e-05
11914,3.189696872141212e-05
11915,1.7014572222251445e-05
11916,0.0001366803771816194
11917,1.0527447557251435e-05
11918,1.8641934730112553e-05
11919,0.00014609255595132709
11920,0.00014791733701713383
11921,6.90746892360039e-05
11922,9.653430606704205e-05
11923,7.477270264644176e-05
11924,6.707244756398723e-05
11925,0.00017369183478876948
11926,1.8711998563958332e-05
11927,3.0486664400086738e-05
11928,7.721326255705208e-05
11929,7.196408114396036e-05
11930,8.648879884276539e-05
11931,0.00011858739890158176
11932,4.541643284028396e-05
11933,7.446678864653222e-06
11934,0.00012863523443229496
11935,3.699327862705104e-05
11936,2.4903605662984774e-05
11937,5.674570275004953e-05
11938,0.0001393002166878432
11939,0.0001066984114004299
11940,1.8970953533425927e-05
11941,0.00010454412404214963
11942,0.0003072184626944363
11943,2.1464493329403922e-05
11944,4.678974801208824e-05
11945,4.218239337205887e-05
11946,9.29525849642232e-05
11947,6.163145008031279e-05
11948,6.259857036639005e-05
11949,8.297147724078968e-05
11950,0.0003717078361660242
11951,3.1355124519905075e-05
11952,3.96610630559735e-05
11953,3.471946911304258e-05
11954,9.13389230845496e-05
11955,2.7552379833650775e-05
11956,3.808272595051676e-05
11957,0.00013814041449222714
11958,1.1222870853089262e-05
11959,1.7782160284696147e-05
11960,4.582136534736492e-05
11961,2.0850111468462273e-05
11962,9.802675049286336e-05
11963,5.292634523357265e-05
11964,4.8589023208478466e-05
11965,9.557214798405766e-05
11966,0.0001908802514662966
11967,7.587854634039104e-05
11968,4.182499833405018e-05
11969,8.296010491903871e-05
11970,6.897233834024519e-05
11971,4.9201640649698675e-05
11972,0.00015561189502477646
11973,0.00023550467449240386
11974,0.00010548393765930086
11975,9.043682075571269e-05
11976,0.00013550350558944046
11977,0.00010081342043122277
11978,3.158223262289539e-05
11979,0.00019131349108647555
11980,0.0001549354929011315
11981,5.025462087360211e-06
11982,1.6465139196952805e-05
11983,3.835128518403508e-05
11984,1.4727234884048812e-05
11985,4.965194239048287e-05
11986,4.0489067032467574e-05
11987,0.00014118490798864514
11988,0.0001157305232482031
11989,4.6560664486605674e-05
11990,0.00019028880342375487
11991,6.408254557754844e-05
11992,5.832644455949776e-05
11993,0.00011112476931884885
11994,2.1083567844470963e-05
11995,6.636316538788378e-05
11996,9.728460281621665e-05
11997,3.614334127632901e-05
11998,6.640239735133946e-05
11999,8.32511141197756e-05
12000,3.509071757434867e-05
12001,7.344907498918474e-05
12002,9.343204874312505e-05
12003,0.00015756332140881568
12004,2.0125422452110797e-05
12005,9.268942812923342e-05
12006,0.00010124805703526363
12007,4.594622441800311e-05
12008,8.564830932300538e-05
12009,0.00011336265015415847
12010,2.401586971245706e-05
12011,6.793728971388191e-05
12012,1.6329227946698666e-05
12013,1.4699461644340772e-05
12014,0.00011064589489251375
12015,2.3220012735691853e-05
12016,7.24967903806828e-05
12017,2.1874922822462395e-05
12018,0.00010667491005733609
12019,8.782766235526651e-05
12020,1.5077860552992206e-05
12021,0.00022583208919968456
12022,6.41200749669224e-05
12023,1.6748201232985593e-05
12024,1.4952915080357343e-05
12025,0.0001598835806362331
12026,0.0001350344391539693
12027,3.3327520213788375e-05
12028,6.0209742514416575e-05
12029,0.000161968229804188
12030,6.844985909992829e-05
12031,0.000327736051985994
12032,0.00022743470617569983
12033,2.213467269029934e-05
12034,0.0001610804465599358
12035,2.2992569938651286e-05
12036,2.696209958230611e-05
12037,2.2282190911937505e-05
12038,0.00010523764649406075
12039,7.838079909561202e-06
12040,5.863499245606363e-05
12041,9.469797078054398e-05
12042,4.9099602620117366e-05
12043,4.019281186629087e-05
12044,6.47640335955657e-05
12045,0.0001346291828667745
12046,4.790611274074763e-05
12047,5.752457946073264e-05
12048,0.00010751230001915246
12049,0.00016491461428813636
12050,0.00010705867316573858
12051,1.698527739790734e-05
12052,0.00023808283731341362
12053,4.130333400098607e-05
12054,9.484012116445228e-05
12055,3.176657628500834e-05
12056,1.828517997637391e-05
12057,0.00027197421877644956
12058,2.9771523259114474e-05
12059,0.0004123956896364689
12060,4.78625443065539e-05
12061,3.71763453586027e-05
12062,4.9161586503032595e-05
12063,6.139776814961806e-05
12064,8.794516907073557e-05
12065,2.0940440663252957e-05
12066,0.0001327122445218265
12067,3.602767537813634e-05
12068,2.759610470093321e-05
12069,0.0002811176818795502
12070,1.6868389138835482e-05
12071,0.0001553853217046708
12072,6.234693864826113e-05
12073,1.3646595107275061e-05
12074,9.4391310994979e-05
12075,2.9956001526443288e-05
12076,0.00015816546510905027
12077,0.00010836236469913274
12078,0.00020279124146327376
12079,6.171115092001855e-05
12080,2.8016533178742975e-05
12081,6.929897062946111e-05
12082,5.076503293821588e-05
12083,5.3536161431111395e-05
12084,0.0001457183388993144
12085,2.379691431997344e-05
12086,8.045076538110152e-05
12087,5.0457831093808636e-05
12088,5.9036239690613e-05
12089,1.794405216060113e-05
12090,1.2923710528411902e-05
12091,2.9512488254113123e-05
12092,8.152030204655603e-05
12093,4.708017877419479e-05
12094,2.8327845939202234e-05
12095,0.00022676188382320106
12096,0.00018113477563019842
12097,1.98963734874269e-05
12098,6.94280824973248e-05
12099,1.5136623915168457e-05
12100,4.550798621494323e-05
12101,0.00013030777336098254
12102,7.059449853841215e-05
12103,2.456192669342272e-05
12104,9.959338058251888e-05
12105,2.3747496015857905e-05
12106,8.721582707948983e-05
12107,1.711710137897171e-05
12108,5.7765144447330385e-05
12109,1.529465225758031e-05
12110,3.849079803330824e-05
12111,7.188750896602869e-05
12112,9.42213082453236e-05
12113,0.00012626757961697876
12114,9.89268155535683e-05
12115,6.297351501416415e-05
12116,8.491931657772511e-05
12117,9.70395776676014e-05
12118,6.808078614994884e-05
12119,0.00012699807120952755
12120,1.1901191101060249e-05
12121,3.8761470932513475e-05
12122,7.690124766668305e-05
12123,1.9098239135928452e-05
12124,9.531565592624247e-05
12125,2.510200283722952e-05
12126,4.556072599370964e-05
12127,5.0477621698519215e-05
12128,1.5901798178674653e-05
12129,0.00013919052435085177
12130,0.00023651274386793375
12131,6.060980376787484e-05
12132,7.699476554989815e-06
12133,0.00018005301535595208
12134,0.00019489525584504008
12135,4.122131213080138e-05
12136,4.4420434278436005e-05
12137,0.0001253851078217849
12138,5.912088818149641e-05
12139,0.00021944960462860763
12140,4.254726445651613e-05
12141,2.1123021724633873e-05
12142,0.0001265955506823957
12143,5.649825470754877e-05
12144,6.589041731785983e-05
12145,4.8441128456033766e-05
12146,0.00013540004147216678
12147,0.00015896181866992265
12148,1.7407050108886324e-05
12149,7.418369932565838e-05
12150,8.8312997831963e-05
12151,2.494742329872679e-05
12152,0.0001029662016662769
12153,8.712770068086684e-05
12154,0.00032968283630907536
12155,2.4915903850342147e-05
12156,0.0001006477396003902
12157,0.00011780671775341034
12158,9.774183126864955e-05
12159,0.00026070719468407333
12160,6.273871986195445e-05
12161,0.00017215321713592857
12162,0.00011269504466326907
12163,3.708332951646298e-05
12164,0.00018380624533165246
12165,5.720315675716847e-05
12166,0.00011261008330620825
12167,8.342170622199774e-05
12168,0.0001679372217040509
12169,6.251658487599343e-05
12170,0.0001604727585799992
12171,0.00012758997036144137
12172,0.00011242525943089277
12173,0.00011145304597448558
12174,9.629469423089176e-05
12175,5.3635369113180786e-05
12176,7.167219882830977e-05
12177,7.22732802387327e-05
12178,2.9396825993899256e-05
12179,6.994623981881887e-05
12180,1.6007081285351887e-05
12181,2.570068318163976e-05
12182,3.555199145921506e-05
12183,5.300308475852944e-05
12184,4.907493348582648e-05
12185,9.260013030143455e-05
12186,1.2486793821153697e-05
12187,2.5689416361274198e-05
12188,6.859754648758098e-05
12189,0.00012822997814510018
12190,4.177312075626105e-05
12191,1.902517760754563e-05
12192,5.912920460104942e-05
12193,4.599337262334302e-05
12194,3.789900802075863e-05
12195,0.00011703060590662062
12196,4.974617331754416e-05
12197,0.00010427245433675125
12198,8.148883352987468e-05
12199,6.370432674884796e-05
12200,2.8165175535832532e-05
12201,0.00011776153405662626
12202,0.00012880311987828463
12203,3.425985778449103e-05
12204,0.0001336823042947799
12205,9.800010593608022e-05
12206,1.690489807515405e-05
12207,0.0001412426499882713
12208,3.524083876982331e-05
12209,1.9897253878298216e-05
12210,5.730107659474015e-05
12211,4.320472726249136e-05
12212,9.779563697520643e-06
12213,7.746832852717489e-05
12214,4.505156903178431e-05
12215,0.000160298339324072
12216,8.00661146058701e-05
12217,4.950330185238272e-05
12218,9.612319990992546e-05
12219,0.0002676677831914276
12220,0.00010011563426814973
12221,9.242006490239874e-05
12222,4.985570922144689e-05
12223,6.212557491380721e-05
12224,3.616838512243703e-05
12225,1.9312510630697943e-05
12226,8.331687422469258e-05
12227,0.0001939318754011765
12228,5.7176985137630254e-05
12229,3.382854993105866e-05
12230,3.21220577461645e-05
12231,7.185470167314634e-05
12232,0.0004063677042722702
12233,0.00015082914615049958
12234,6.028007555869408e-05
12235,4.841655390919186e-05
12236,1.3390565072768368e-05
12237,0.000103226033388637
12238,6.316050712484866e-05
12239,0.00015781745605636388
12240,2.1540541638387367e-05
12241,5.80728446948342e-05
12242,1.4265119716583285e-05
12243,0.00015796969819348305
12244,1.1942971468670294e-05
12245,6.810387276345864e-05
12246,1.2359111678961199e-05
12247,0.00010299630230292678
12248,3.173236473230645e-05
12249,4.3682892282959074e-05
12250,0.00017989109619520605
12251,4.287518822820857e-05
12252,4.8332527512684464e-05
12253,0.00013580230006482452
12254,6.407246110029519e-05
12255,8.125580643536523e-05
12256,6.087457586545497e-05
12257,0.00027563629555515945
12258,0.0001001286436803639
12259,6.281277455855161e-05
12260,0.00017345226660836488
12261,5.976947068120353e-05
12262,3.4659380617085844e-05
12263,9.202218643622473e-05
12264,0.00010679785918910056
12265,0.00011277331213932484
12266,5.960425187367946e-05
12267,1.260475255548954e-05
12268,1.4699562598252669e-05
12269,9.508982475381345e-05
12270,5.496741141541861e-05
12271,3.895083500538021e-05
12272,0.00010595002095215023
12273,0.00012807361781597137
12274,0.00010146500426344573
12275,1.9994316971860826e-05
12276,0.0001058107300195843
12277,2.8360493161017075e-05
12278,0.00019201509712729603
12279,9.756032523000613e-05
12280,7.64199357945472e-05
12281,0.00011535393423400819
12282,7.193772762548178e-05
12283,0.00017114868387579918
12284,1.1091955457231961e-05
12285,0.00014220911543816328
12286,5.0668233598116785e-05
12287,6.546451186295599e-05
12288,4.787920624949038e-05
12289,8.022313704714179e-05
12290,0.00011808746057795361
12291,5.1832335884682834e-05
12292,2.4070146537269466e-05
12293,0.00013475662854034454
12294,4.430707122082822e-05
12295,1.9080773199675605e-05
12296,5.8784040447790176e-05
12297,6.211493746377528e-05
12298,0.00013822127948515117
12299,2.934677104349248e-05
12300,0.00018311344319954515
12301,9.977613808587193e-05
12302,7.383318734355271e-05
12303,0.00011278085003141314
12304,0.00013058171316515654
12305,0.00011261114559601992
12306,0.00010694871889427304
12307,1.5078951946634334e-05
12308,8.232281106757e-05
12309,1.6782658349256963e-05
12310,5.952438368694857e-05
12311,0.0001560835080454126
12312,4.2987965571228415e-05
12313,7.16271169949323e-05
12314,0.00012222214718349278
12315,3.9436221413780004e-05
12316,5.072558997198939e-05
12317,2.855808997992426e-05
12318,0.00021830224432051182
12319,8.468958549201488e-05
12320,6.757231312803924e-05
12321,2.7327299903845415e-05
12322,9.449951176065952e-05
12323,0.00011081718548666686
12324,5.335404057404958e-05
12325,0.00012295806664042175
12326,0.00012241463991813362
12327,0.00012103069457225502
12328,0.00018122473557014018
12329,8.476617222186178e-05
12330,7.609960448462516e-05
12331,5.273972783470526e-05
12332,0.00014168443158268929
12333,0.00014140817802399397
12334,3.505771383061074e-05
12335,7.839583122404292e-05
12336,2.1182921045692638e-05
12337,7.469940464943647e-05
12338,2.9501276003429666e-05
12339,9.213612065650523e-05
12340,4.036359314341098e-05
12341,0.00014677969738841057
12342,6.209083221619949e-05
12343,7.075607572915033e-05
12344,1.666500793362502e-05
12345,7.666769670322537e-05
12346,1.3755503459833562e-05
12347,0.00016398516891058534
12348,0.00011179031571373343
12349,6.227759877219796e-05
12350,8.450871973764151e-05
12351,0.00016268528997898102
12352,1.6160522136487998e-05
12353,4.965722473571077e-05
12354,0.00010536921035964042
12355,1.4554592780768871e-05
12356,6.0103717260062695e-05
12357,8.12355283414945e-05
12358,6.485701305791736e-05
12359,6.772972119506449e-05
12360,7.349273073486984e-05
12361,9.772030171006918e-05
12362,0.00018024948076345026
12363,4.3428495700936764e-05
12364,4.136224742978811e-05
12365,0.00019059193436987698
12366,0.00027946673799306154
12367,1.0832143743755296e-05
12368,3.9385708078043535e-05
12369,0.00010293182276654989
12370,2.059936559817288e-05
12371,3.5371042031329125e-05
12372,0.00013329010107554495
12373,8.161445293808356e-05
12374,0.00011171852383995429
12375,0.00011359163909219205
12376,7.144587289076298e-05
12377,0.0001666875323280692
12378,1.901135328807868e-05
12379,0.0002099545963574201
12380,5.299127951730043e-05
12381,0.00020395283354446292
12382,0.0001681280555203557
12383,0.00018548686057329178
12384,1.1279886166448705e-05
12385,0.0002578429412096739
12386,4.5843182306271046e-05
12387,0.00013743084855377674
12388,0.00013374286936596036
12389,6.656345794908702e-05
12390,3.8058926293160766e-05
12391,0.0002865297719836235
12392,0.0001302771270275116
12393,9.486360795563087e-06
12394,8.974366210168228e-05
12395,1.9376711861696094e-05
12396,0.0002645436325110495
12397,0.00010839154128916562
12398,0.00014135686797089875
12399,5.721805428038351e-05
12400,9.614299415261485e-06
12401,8.9284498244524e-05
12402,0.00015499794972129166
12403,0.00012562429765239358
12404,1.6871863408596255e-05
12405,0.00011350588465575129
12406,8.255450666183606e-05
12407,3.414409366087057e-05
12408,7.850847759982571e-05
12409,6.823301373515278e-05
12410,5.608744322671555e-05
12411,1.1010443813574966e-05
12412,1.0026029485743493e-05
12413,0.00018869694031309336
12414,5.0891809223685414e-05
12415,6.484131154138595e-05
12416,4.5600332668982446e-05
12417,0.00014722382184118032
12418,1.9914155927835964e-05
12419,2.760347524599638e-05
12420,0.0001354254927719012
12421,1.1849644579342566e-05
12422,6.37249177088961e-05
12423,6.046542330295779e-05
12424,0.00014434222248382866
12425,0.00020317742018960416
12426,0.00019066108507104218
12427,8.276211156044155e-05
12428,6.672609742963687e-05
12429,1.176294608740136e-05
12430,1.2534819688880816e-05
12431,4.920063292956911e-05
12432,2.5156570700346492e-05
12433,5.325971869751811e-05
12434,0.00011135601380374283
12435,0.00012501547462306917
12436,7.292783993761986e-05
12437,9.301971294917166e-05
12438,0.00011862678366014734
12439,7.063498196657747e-05
12440,3.375768937985413e-05
12441,5.160481669008732e-05
12442,5.4156047553988174e-05
12443,9.159695764537901e-05
12444,0.00020239880541339517
12445,4.4878725020680577e-05
12446,3.7807847547810525e-05
12447,7.860672485549003e-05
12448,5.4400072258431464e-05
12449,6.1005703173577785e-05
12450,1.5093555703060701e-05
12451,1.8682851077755913e-05
12452,5.60412481718231e-05
12453,9.486831913818605e-06
12454,6.098334051785059e-05
12455,6.771365588065237e-05
12456,6.305816350504756e-05
12457,1.7952894268091768e-05
12458,4.1997427615569904e-05
12459,0.0001070116923074238
12460,0.00012441111903171986
12461,9.915162809193134e-05
12462,0.0001366596552543342
12463,3.4666147257667035e-05
12464,2.856972423614934e-05
12465,1.8977954823640175e-05
12466,4.5417764340527356e-05
12467,9.060581214725971e-05
12468,4.602521221386269e-05
12469,1.934756073751487e-05
12470,9.145812509814277e-05
12471,0.0001554959744680673
12472,7.086884579621255e-05
12473,2.325174500583671e-05
12474,0.0001340952148893848
12475,5.877929652342573e-05
12476,8.121039718389511e-05
12477,6.323209527181461e-05
12478,0.00012944050831720233
12479,0.0001163324122899212
12480,9.612708527129143e-05
12481,6.750007014488801e-05
12482,0.00010360430314904079
12483,4.0486236684955657e-05
12484,1.8700735381571576e-05
12485,2.7710702852346003e-05
12486,3.878587449435145e-05
12487,1.0626892617437989e-05
12488,0.00013308657798916101
12489,0.00010096647747559473
12490,0.00019543245434761047
12491,5.239423262537457e-05
12492,4.7935965994838625e-05
12493,2.2609579900745302e-05
12494,8.132564835250378e-05
12495,4.6264063712442294e-05
12496,3.4547574614407495e-05
12497,3.415152241359465e-05
12498,7.060568168526515e-05
12499,8.856206841301173e-05
12500,0.0003496990539133549
12501,6.667678826488554e-05
12502,1.468113168812124e-05
12503,0.00011746100062737241
12504,1.7900056263897568e-05
12505,4.259414708940312e-05
12506,2.8171645681140944e-05
12507,0.00011045506835216656
12508,9.301028330810368e-05
12509,0.00015510828234255314
12510,0.0002781279617920518
12511,2.1576623112196103e-05
12512,0.00023061248066369444
12513,6.458861753344536e-05
12514,0.0002216513967141509
12515,3.213607124052942e-05
12516,4.9422273150412366e-05
12517,7.650738552911207e-05
12518,0.00023292755940929055
12519,1.5147375961532816e-05
12520,5.3118623327463865e-05
12521,2.5513418222544715e-05
12522,1.194607284560334e-05
12523,4.5815490011591464e-05
12524,7.43337586754933e-05
12525,1.7679438315099105e-05
12526,0.00017771493003237993
12527,1.6141082596732304e-05
12528,1.3275734090711921e-05
12529,9.355547808809206e-05
12530,2.5324186935904436e-05
12531,1.2542674085125327e-05
12532,2.9093880584696308e-05
12533,0.00011173218808835372
12534,0.00010281120921717957
12535,7.707597251283005e-05
12536,4.9895563279278576e-05
12537,0.0002590390504337847
12538,2.2509579139295965e-05
12539,6.117606244515628e-05
12540,2.651485920068808e-05
12541,6.0395177570171654e-05
12542,3.693240068969317e-05
12543,4.6881395974196494e-05
12544,6.518893496831879e-05
12545,0.00012183049693703651
12546,6.699566438328475e-05
12547,4.675352101912722e-05
12548,7.797325088176876e-05
12549,4.722514495369978e-05
12550,1.3638587915920652e-05
12551,9.053731628227979e-05
12552,2.1244995878078043e-05
12553,0.00010976642079185694
12554,1.882917422335595e-05
12555,4.9385649617761374e-05
12556,9.439801215194166e-05
12557,8.018275548238307e-05
12558,7.47755984775722e-05
12559,0.0001451407151762396
12560,2.596763806650415e-05
12561,0.00011252748663537204
12562,1.1558538972167298e-05
12563,6.131733243819326e-05
12564,8.12464058981277e-05
12565,7.463058864232153e-05
12566,6.368564208969474e-05
12567,0.00017981503333430737
12568,6.879874126752838e-05
12569,0.0001716365950414911
12570,0.00020706147188320756
12571,1.2602717106346972e-05
12572,9.400030103279278e-05
12573,1.1344939593982417e-05
12574,0.0002723797515500337
12575,0.0001593496126588434
12576,5.6865435908548534e-05
12577,0.00015897347475402057
12578,4.15807735407725e-05
12579,0.0001131598255597055
12580,6.964873318793252e-05
12581,0.00015416683163493872
12582,6.832108192611486e-05
12583,0.00018701466615311801
12584,0.00012531406537164003
12585,2.0512075934675522e-05
12586,2.525757736293599e-05
12587,7.394326530629769e-05
12588,0.00023922303807921708
12589,0.00012639777560252696
12590,2.38870270550251e-05
12591,9.33001865632832e-05
12592,4.8449848691234365e-05
12593,0.00020709089585579932
12594,6.771257903892547e-05
12595,0.0001800872414605692
12596,0.00013358352589420974
12597,7.172073674155399e-05
12598,7.1031587140169e-05
12599,4.463459117687307e-05
12600,3.958390516345389e-05
12601,1.522583988844417e-05
12602,2.5734665541676804e-05
12603,6.611782737309113e-05
12604,1.6184938431251794e-05
12605,0.00019528427219484001
12606,0.0001855108275776729
12607,0.0001637944224057719
12608,5.787132613477297e-05
12609,0.00014580511196982116
12610,1.839622564148158e-05
12611,4.088424248038791e-05
12612,7.98208056949079e-05
12613,0.00012729271838907152
12614,0.00045738223707303405
12615,2.7051659344579093e-05
12616,2.8183028916828334e-05
12617,0.00016343910829164088
12618,2.5635945348767564e-05
12619,2.699085234780796e-05
12620,7.082230877131224e-05
12621,7.388046651612967e-05
12622,0.0002495793451089412
12623,5.321002390701324e-05
12624,6.518675945699215e-05
12625,6.486610800493509e-05
12626,0.00014854235632810742
12627,2.084170773741789e-05
12628,6.777432281523943e-05
12629,0.0001037341498886235
12630,6.426491017919034e-05
12631,0.00012634236190933734
12632,5.218559817876667e-05
12633,0.00016596339992247522
12634,2.060856786556542e-05
12635,7.556938362540677e-05
12636,3.565003498806618e-05
12637,1.2476701158448122e-05
12638,0.00016617406799923629
12639,0.00012466966290958226
12640,1.5010960851213895e-05
12641,0.00011803576489910483
12642,1.229192093887832e-05
12643,0.00012217435869388282
12644,0.00014182046288624406
12645,3.993239806732163e-05
12646,0.0001101930029108189
12647,0.00013659826072398573
12648,1.2863847587141208e-05
12649,9.227266855305061e-05
12650,0.00011723441275535151
12651,1.6300611605402082e-05
12652,2.8011792892357334e-05
12653,8.507460006512702e-05
12654,2.9935818020021543e-05
12655,3.736691360245459e-05
12656,4.851970879826695e-05
12657,0.00018748387810774148
12658,1.5250481737894006e-05
12659,2.3871440134826116e-05
12660,2.609800867503509e-05
12661,9.56957956077531e-05
12662,4.2058858525706455e-05
12663,0.0001774168631527573
12664,1.5811292541911826e-05
12665,0.00014716490113642067
12666,0.0001060655849869363
12667,4.492161679081619e-05
12668,4.261661888449453e-05
12669,0.00011384866229491308
12670,2.309391857124865e-05
12671,1.0305924661224708e-05
12672,8.91905710886931e-06
12673,4.65027114842087e-05
12674,5.810114089399576e-05
12675,0.00021638092584908009
12676,7.862929487600923e-05
12677,0.00015651686408091336
12678,0.00010900098277488723
12679,3.558591561159119e-05
12680,7.048212137306109e-05
12681,5.7525270676705986e-05
12682,0.00023914073244668543
12683,3.650644066510722e-05
12684,5.369169230107218e-05
12685,0.00010710596689023077
12686,5.1826918934239075e-05
12687,1.363660157949198e-05
12688,0.00019264171714894474
12689,3.148667747154832e-05
12690,0.0001053561718435958
12691,9.696780034573749e-05
12692,5.442855035653338e-05
12693,9.561924525769427e-05
12694,0.0003233529278077185
12695,8.67910057422705e-05
12696,0.00015954852278809994
12697,7.55503642722033e-05
12698,0.00011338900367263705
12699,2.914395008701831e-05
12700,0.0002088056644424796
12701,3.0187349693733267e-05
12702,1.9548795535229146e-05
12703,2.0748371753143147e-05
12704,2.426452556392178e-05
12705,2.3030395823298022e-05
12706,7.947847916511819e-05
12707,7.964847463881597e-05
12708,7.389507663901895e-05
12709,8.87268251972273e-05
12710,0.00011596047261264175
12711,0.00016648555174469948
12712,2.3844077077228576e-05
12713,4.863832509727217e-05
12714,1.5314231859520078e-05
12715,7.572220056317747e-05
12716,4.045473178848624e-05
12717,6.024216054356657e-05
12718,7.836883014533669e-05
12719,2.4075707187876105e-05
12720,8.314504520967603e-05
12721,0.00025929498951882124
12722,4.946250555803999e-05
12723,9.785410657059401e-05
12724,6.067756112315692e-05
12725,4.9599002522882074e-05
12726,9.103711636271328e-05
12727,5.243048508418724e-05
12728,0.0001008731487672776
12729,1.7437636415706947e-05
12730,0.00012279381917323917
12731,0.00011105194425908849
12732,0.00024065133766271174
12733,5.077193782199174e-05
12734,0.00017333350842818618
12735,1.825707295211032e-05
12736,2.2338856069836766e-05
12737,0.00013260888226795942
12738,0.0001590742904227227
12739,9.965591743821278e-05
12740,1.0363676665292587e-05
12741,0.00014848969294689596
12742,4.1824590880423784e-05
12743,0.00022174004698172212
12744,0.00013235973892733455
12745,6.191971624502912e-05
12746,3.324678255012259e-05
12747,0.00010785578342620283
12748,2.3923639673739672e-05
12749,0.0001437565078958869
12750,5.0814702262869105e-05
12751,4.258196349837817e-05
12752,5.231306204223074e-05
12753,0.00016713599325157702
12754,1.0926411960099358e-05
12755,5.630066152662039e-05
12756,0.00012086621427442878
12757,4.176826769253239e-05
12758,5.2142597269266844e-05
12759,1.5555258869426325e-05
12760,0.00010178246884606779
12761,0.00014117773389443755
12762,0.0003031161322724074
12763,1.0070500138681382e-05
12764,4.5313554437598214e-05
12765,8.742832869756967e-05
12766,4.643780630431138e-05
12767,0.0001853306166594848
12768,0.0001446567039238289
12769,6.765493890270591e-05
12770,5.231720206211321e-05
12771,6.439352000597864e-05
12772,1.0669527000572998e-05
12773,0.00022110456484369934
12774,6.483380275312811e-05
12775,1.7282301996601745e-05
12776,1.1461588655947708e-05
12777,4.9939997552428395e-05
12778,5.358666385291144e-05
12779,0.0001622309209778905
12780,2.764995224424638e-05
12781,0.0002809936413541436
12782,1.5871866708039306e-05
12783,2.9707585781579837e-05
12784,0.00010040456254500896
12785,4.7240013373084366e-05
12786,5.828028224641457e-05
12787,0.00011452859325800091
12788,0.00010290181671734899
12789,7.41186086088419e-05
12790,1.904723103507422e-05
12791,2.4847460736054927e-05
12792,4.947088746121153e-05
12793,0.00018202420324087143
12794,0.00012513164256233722
12795,0.00010152198956348002
12796,8.878619701135904e-05
12797,4.362229446996935e-05
12798,7.164875569287688e-05
12799,0.00016588790458627045
12800,2.1693847884307615e-05
12801,0.0001781876926543191
12802,1.1981463103438728e-05
12803,5.0047536205966026e-05
12804,6.221475632628426e-05
12805,0.000282994587905705
12806,0.00014153443044051528
12807,8.740001067053527e-05
12808,6.019873035256751e-05
12809,4.730185173684731e-05
12810,0.00018704634567257017
12811,3.161171480314806e-05
12812,3.174263838445768e-05
12813,4.892316064797342e-05
12814,0.00015298178186640143
12815,6.529932579724118e-05
12816,0.00011089612962678075
12817,0.00016697360842954367
12818,8.382757368963212e-05
12819,4.761361924465746e-05
12820,9.56054573180154e-05
12821,7.606420695083216e-05
12822,6.0384532844182104e-05
12823,5.221784522291273e-05
12824,4.528215868049301e-05
12825,9.047247294802219e-05
12826,4.245025047566742e-05
12827,6.354513607220724e-05
12828,5.97858706896659e-05
12829,1.7151705833384767e-05
12830,7.796569843776524e-05
12831,1.8477991034160368e-05
12832,7.2745215220493264e-06
12833,0.0004264132003299892
12834,7.378502778010443e-05
12835,5.173507452127524e-05
12836,9.062558820005506e-05
12837,1.0136899618373718e-05
12838,0.00011538477701833472
12839,3.223803287255578e-05
12840,5.9625686844810843e-05
12841,4.339919178164564e-05
12842,0.00013270709314383566
12843,5.9364883782109246e-05
12844,4.291310324333608e-05
12845,0.0001615947694517672
12846,4.535957850748673e-05
12847,3.171267235302366e-05
12848,8.478375821141526e-05
12849,0.00010800590098369867
12850,1.2226932994963136e-05
12851,6.474889232777059e-05
12852,7.577535870950669e-05
12853,0.00010437668242957443
12854,6.296433275565505e-05
12855,0.0001695581740932539
12856,1.9430401152931154e-05
12857,5.0816990551538765e-05
12858,7.753692625556141e-05
12859,4.874123987974599e-05
12860,6.413954542949796e-05
12861,1.6329649952240288e-05
12862,0.00020162911096122116
12863,0.00013745587784796953
12864,3.600352647481486e-05
12865,0.00010090907017001882
12866,9.902199963107705e-05
12867,0.00011596948024816811
12868,0.00011291222472209483
12869,1.8628352336236276e-05
12870,0.00011666302452795208
12871,8.109913324005902e-05
12872,3.0803879781160504e-05
12873,2.019110252149403e-05
12874,1.5686462575104088e-05
12875,4.8463021812494844e-05
12876,7.755511614959687e-05
12877,2.0890756786684506e-05
12878,0.00010549002035986632
12879,2.803140159812756e-05
12880,1.0944304449367337e-05
12881,6.0928272432647645e-05
12882,5.973552106297575e-05
12883,1.2326736396062188e-05
12884,7.873139111325145e-05
12885,0.00014319126785267144
12886,0.0001464947417844087
12887,0.00021777796791866422
12888,6.363619468174875e-05
12889,2.31625817832537e-05
12890,1.856518974818755e-05
12891,7.970605656737462e-05
12892,3.0537310522049665e-05
12893,5.689066892955452e-05
12894,4.047460242873058e-05
12895,6.313475751085207e-05
12896,0.00013977181515656412
12897,0.0002384200197411701
12898,4.1487583075650036e-05
12899,7.926575926830992e-05
12900,8.752412395551801e-05
12901,2.0381787180667743e-05
12902,6.555508298333734e-05
12903,4.1781444451771677e-05
12904,0.00016442961350549012
12905,6.299062806647271e-05
12906,3.891636151820421e-05
12907,6.608905823668465e-05
12908,5.201135718380101e-05
12909,0.00010891018609981984
12910,2.0853098249062896e-05
12911,9.10348171601072e-05
12912,0.00043818430276587605
12913,5.455985228763893e-05
12914,0.00014142057625576854
12915,1.412334677297622e-05
12916,1.4357076906890143e-05
12917,6.450901855714619e-05
12918,7.825506327208132e-05
12919,7.559588993899524e-05
12920,5.047686863690615e-05
12921,0.00010502857912797481
12922,3.146827657474205e-05
12923,9.481183951720595e-06
12924,6.672776362393051e-05
12925,5.867705476703122e-05
12926,7.903893856564537e-05
12927,0.00010932077566394582
12928,0.00016280444106087089
12929,8.06310708867386e-05
12930,0.00023469603911507875
12931,0.00010958487109746784
12932,7.439982437063009e-05
12933,7.217637175926939e-05
12934,0.00011852830357383937
12935,5.023995981900953e-05
12936,0.00014607318735215813
12937,3.096104774158448e-05
12938,4.628719761967659e-05
12939,8.068341412581503e-05
12940,4.665192682296038e-05
12941,5.928917744313367e-05
12942,2.471844527462963e-05
12943,4.7734709369251505e-05
12944,6.221343210199848e-05
12945,0.00018297533097211272
12946,3.3082833397202194e-05
12947,2.3085252905730158e-05
12948,5.9199403040111065e-05
12949,9.778032836038619e-05
12950,1.1497979357955046e-05
12951,8.939221152104437e-05
12952,0.00027961510932072997
12953,0.00019763113232329488
12954,0.00012126100773457438
12955,0.00010475718590896577
12956,0.0001609400351298973
12957,9.108631638810039e-05
12958,0.00011151762737426907
12959,5.427021824289113e-05
12960,0.00012143203639425337
12961,0.0001626888697501272
12962,1.8575512513052672e-05
12963,3.8053498428780586e-05
12964,9.04698099475354e-05
12965,1.1332434951327741e-05
12966,7.621891563758254e-05
12967,0.000112680543679744
12968,6.832526560174301e-05
12969,9.472426609136164e-05
12970,2.823491558956448e-05
12971,0.00010755489347502589
12972,5.153267557034269e-05
12973,1.3296941688167863e-05
12974,4.203188291285187e-05
12975,1.7350277630612254e-05
12976,0.00011679824092425406
12977,5.88078546570614e-05
12978,3.782296334975399e-05
12979,6.790099723730236e-05
12980,9.692970706964843e-06
12981,7.66710945754312e-06
12982,3.250222289352678e-05
12983,5.849617446074262e-05
12984,2.5292771169915795e-05
12985,6.500446033896878e-05
12986,0.00023716347641311586
12987,3.820472920779139e-05
12988,9.712923201732337e-05
12989,0.0005709573742933571
12990,9.557504381518811e-05
12991,0.00012474512914195657
12992,0.00017340484191663563
12993,1.5638453987776302e-05
12994,8.348659321200103e-05
12995,0.00030820240499451756
12996,0.00013316333934199065
12997,7.711592479608953e-05
12998,1.8475435354048386e-05
12999,2.450649299134966e-05
13000,7.4573174060788e-05
13001,1.742643325997051e-05
13002,0.00026820541825145483
13003,2.4345998099306598e-05
13004,8.999263809528202e-05
13005,8.32734294817783e-05
13006,0.00014046930300537497
13007,5.1754828746197745e-05
13008,3.165414818795398e-05
13009,1.600781615707092e-05
13010,0.00016288910410366952
13011,0.00012205177335999906
13012,4.055630779475905e-05
13013,8.919514948502183e-05
13014,0.00019877738668583333
13015,0.000204439798835665
13016,5.130739737069234e-05
13017,1.7728925740811974e-05
13018,4.578136940835975e-05
13019,6.534036219818518e-05
13020,0.00010269413178320974
13021,4.739093856187537e-05
13022,0.00014165221364237368
13023,0.00019747187616303563
13024,4.5982971641933545e-05
13025,6.623080116696656e-05
13026,6.345345900626853e-05
13027,0.00010471761925145984
13028,6.473471148638055e-05
13029,0.00011562419967958704
13030,0.00013866901281289756
13031,1.0924987691396382e-05
13032,9.860514546744525e-05
13033,9.66360530583188e-05
13034,3.951113103539683e-05
13035,0.00010864817159017548
13036,0.00014526350423693657
13037,9.557198063703254e-05
13038,0.00018671725410968065
13039,0.00010002562339650467
13040,5.935446824878454e-05
13041,0.0001255187817150727
13042,7.36352740204893e-05
13043,5.825897096656263e-05
13044,1.9758206690312363e-05
13045,1.8805891158990562e-05
13046,0.00011941450065933168
13047,2.9837528927600943e-05
13048,0.00011417694622650743
13049,5.0700895371846855e-05
13050,2.5071190975722857e-05
13051,1.1092311979155056e-05
13052,7.464333612006158e-05
13053,9.065723861567676e-05
13054,0.00011686077050399035
13055,2.8783433663193136e-05
13056,0.00013208616292104125
13057,0.00017950483015738428
13058,2.298051731486339e-05
13059,3.7364916352089494e-05
13060,9.407506149727851e-05
13061,0.00022747594630345702
13062,3.062751784455031e-05
13063,1.775936470949091e-05
13064,0.00011995097884209827
13065,0.000326246430631727
13066,8.973570948000997e-05
13067,0.00017259869491681457
13068,0.00019095710013061762
13069,2.474717257427983e-05
13070,0.00026095641078427434
13071,0.0001169567767647095
13072,0.00015128157974686474
13073,0.00018991589604411274
13074,0.00014730393013451248
13075,0.00013685200246982276
13076,3.901407035300508e-05
13077,4.87867473566439e-05
13078,5.5663567763986066e-05
13079,9.786944428924471e-05
13080,3.595664747990668e-05
13081,6.179475167300552e-05
13082,0.00011457494110800326
13083,4.255681415088475e-05
13084,6.811543426010758e-05
13085,7.586896390421316e-05
13086,0.00017983063298743218
13087,0.00010391679825261235
13088,5.191638774704188e-05
13089,6.018692147335969e-05
13090,9.232074080500752e-05
13091,4.638628161046654e-05
13092,0.0001299019786529243
13093,0.00018770767201203853
13094,9.593715367373079e-05
13095,2.93234916171059e-05
13096,2.1234161977190524e-05
13097,0.00022604534751735628
13098,0.00018600584007799625
13099,4.467868711799383e-05
13100,4.328243085183203e-05
13101,6.97104842402041e-05
13102,0.00011282955529168248
13103,8.445897037745453e-06
13104,3.7419216823764145e-05
13105,3.368070611031726e-05
13106,0.00010407375521026552
13107,9.367200982524082e-05
13108,0.00012670247815549374
13109,0.00014101070701144636
13110,0.00010489425039850175
13111,0.00010254498920403421
13112,4.828549936064519e-05
13113,8.785873797023669e-05
13114,5.8874793467111886e-05
13115,6.094459240557626e-05
13116,0.00010778862633742392
13117,0.00012691679876297712
13118,5.125457391841337e-05
13119,3.1106195820029825e-05
13120,1.5497485946980305e-05
13121,0.00010908101830864325
13122,0.00019869540119543672
13123,4.832889680983499e-05
13124,7.275958341779187e-05
13125,0.00017952668713405728
13126,1.6532638255739585e-05
13127,6.441579171223566e-05
13128,3.0987099307822064e-05
13129,7.776141865178943e-05
13130,0.0005985820898786187
13131,1.5485291442018934e-05
13132,1.265025457541924e-05
13133,1.599740244273562e-05
13134,6.353079515974969e-05
13135,6.758689414709806e-05
13136,6.611231219721958e-05
13137,2.0174225937807932e-05
13138,5.718020474887453e-05
13139,0.00014989450573921204
13140,9.720898378873244e-05
13141,3.6944300518371165e-05
13142,9.46189247770235e-05
13143,0.00013900123303756118
13144,1.8049202481051907e-05
13145,0.0001453246222808957
13146,0.00017468140868004411
13147,1.854096080933232e-05
13148,0.00011297528544673696
13149,0.00028110944549553096
13150,0.0001903366355691105
13151,5.1608498324640095e-05
13152,3.435104008531198e-05
13153,8.278703171527013e-05
13154,0.00017516464868094772
13155,0.0001470189745305106
13156,8.004996925592422e-05
13157,0.00010937548358924687
13158,0.0001267822808586061
13159,0.00012023999443044886
13160,6.886942719575018e-05
13161,8.645759953651577e-05
13162,7.9590936366003e-05
13163,0.0001348186342511326
13164,2.1375804863055237e-05
13165,2.7547825084184296e-05
13166,1.5569079550914466e-05
13167,2.349972419324331e-05
13168,7.349731458816677e-05
13169,2.361672159167938e-05
13170,2.036137448158115e-05
13171,0.00014871565508656204
13172,7.092597661539912e-05
13173,0.0002659863675944507
13174,1.0101015504915267e-05
13175,3.39297330356203e-05
13176,3.780249608098529e-05
13177,9.36242431635037e-05
13178,5.174257239559665e-05
13179,6.076381396269426e-05
13180,1.1166103831783403e-05
13181,8.021543180802837e-05
13182,0.00012980088649783283
13183,6.436469266191125e-05
13184,2.381758349656593e-05
13185,0.00019030665862374008
13186,0.00014010418090038002
13187,0.00010713114897953346
13188,3.052743704756722e-05
13189,0.00019466040248516947
13190,8.921381959225982e-05
13191,1.012426582747139e-05
13192,8.557672117603943e-05
13193,9.555642463965341e-05
13194,1.1155339052493218e-05
13195,0.00034848478389903903
13196,0.0001249608612852171
13197,0.00015010940842330456
13198,8.979270933195949e-05
13199,0.00015185886877588928
13200,0.00010667143942555413
13201,1.4302464478532784e-05
13202,1.6900241462280974e-05
13203,3.131344783469103e-05
13204,7.063127122819424e-05
13205,9.012310329126194e-05
13206,7.001045742072165e-05
13207,5.055351721239276e-05
13208,0.0004010034608654678
13209,0.00012199896445963532
13210,0.0001789485540939495
13211,0.0002476216177456081
13212,3.949289384763688e-05
13213,0.00010053750884253532
13214,0.00010542118980083615
13215,3.423392627155408e-05
13216,8.502262062393129e-05
13217,0.00015922996681183577
13218,0.00032378456671722233
13219,1.955625702976249e-05
13220,7.302308949874714e-05
13221,2.570787546574138e-05
13222,3.855761679005809e-05
13223,7.16428185114637e-05
13224,0.00020795407181140035
13225,4.550801531877369e-05
13226,1.9013183191418648e-05
13227,9.737632353790104e-05
13228,0.00021082774037495255
13229,3.923366602975875e-05
13230,0.00023688163491897285
13231,1.2012485967716202e-05
13232,5.763358058175072e-05
13233,1.364692798233591e-05
13234,4.018040272057988e-05
13235,0.0001219209298142232
13236,6.586000381503254e-05
13237,2.9056454877718352e-05
13238,9.305429557571188e-05
13239,3.8408717955462635e-05
13240,3.298324372735806e-05
13241,0.00011128714686492458
13242,5.4883457778487355e-05
13243,5.73459365114104e-05
13244,7.213859498733655e-05
13245,0.00011982096475549042
13246,0.00022631080355495214
13247,0.00011455091589596123
13248,5.812094605062157e-05
13249,4.905580135527998e-05
13250,8.516086381860077e-05
13251,0.0001995860948227346
13252,1.0857885172299575e-05
13253,0.00012053609680151567
13254,0.0001312617678195238
13255,6.362931162584573e-05
13256,0.0001393056591041386
13257,3.128685784759e-05
13258,3.3367676223861054e-05
13259,1.9863580746459775e-05
13260,3.548632957972586e-05
13261,0.0002363786770729348
13262,7.328728679567575e-05
13263,3.237663258914836e-05
13264,5.1194212574046105e-05
13265,8.407576387980953e-05
13266,2.5683079002192244e-05
13267,2.4741213564993814e-05
13268,5.734954174840823e-05
13269,7.413608545903116e-05
13270,6.677386409137398e-05
13271,7.0350848545786e-05
13272,0.00015840497508179396
13273,2.189109000028111e-05
13274,6.333624332910404e-05
13275,5.607783896266483e-05
13276,8.416915079578757e-05
13277,9.14967677090317e-05
13278,7.973514584591612e-05
13279,4.305726906750351e-05
13280,0.00010460038902238011
13281,1.9714289010153152e-05
13282,2.4450691853417084e-05
13283,0.00014987983740866184
13284,0.0001907971454784274
13285,0.00013900306657887995
13286,8.388734568143263e-05
13287,4.609241659636609e-05
13288,0.0001239944394910708
13289,4.7945097321644425e-05
13290,6.171657878439873e-05
13291,2.4403050701948814e-05
13292,5.6128465075744316e-05
13293,6.811029743403196e-05
13294,0.00013418373418971896
13295,4.8771529691293836e-05
13296,0.00014636261039413512
13297,7.586143328808248e-05
13298,3.434029713389464e-05
13299,7.862088386900723e-05
13300,2.208546175097581e-05
13301,0.00032470523728989065
13302,8.005649578990415e-05
13303,6.591365672647953e-05
13304,5.770632560597733e-05
13305,0.00012591431732289493
13306,6.161887722555548e-05
13307,4.808168887393549e-05
13308,7.941042713355273e-05
13309,6.359208055073395e-05
13310,6.965316424611956e-05
13311,6.556205335073173e-05
13312,0.00021832238417118788
13313,7.19365561963059e-05
13314,7.743111927993596e-05
13315,7.646724407095462e-05
13316,6.272582686506212e-05
13317,8.456790237687528e-05
13318,6.0746740928152576e-05
13319,6.228576239664108e-05
13320,3.135286533506587e-05
13321,0.0001828655367717147
13322,0.00014926264702808112
13323,0.0002940999111160636
13324,0.00010773952817544341
13325,9.465833136346191e-05
13326,4.365022323327139e-05
13327,0.00019602771499194205
13328,1.3444087016978301e-05
13329,9.088515071198344e-05
13330,0.00011009637819370255
13331,7.981940871104598e-05
13332,0.00011299909965600818
13333,1.9687913663801737e-05
13334,0.00010667207243386656
13335,9.860605496214703e-05
13336,0.00022733522928319871
13337,2.8470230972743593e-05
13338,0.0001914011809276417
13339,3.6660494515672326e-05
13340,0.00010514241876080632
13341,4.81664901599288e-05
13342,0.00019307956972625107
13343,0.0001466668036300689
13344,7.896144961705431e-05
13345,0.00010428856330690905
13346,9.142811177298427e-05
13347,5.367273843148723e-05
13348,6.413908704416826e-05
13349,6.527799996547401e-05
13350,6.244699761737138e-05
13351,7.54719803808257e-05
13352,0.0003981236950494349
13353,0.00024141419271472842
13354,4.8402391257695854e-05
13355,3.3775791962398216e-05
13356,6.617852341150865e-05
13357,7.152227044571191e-05
13358,0.00011241534230066463
13359,3.868403655360453e-05
13360,4.255520980223082e-05
13361,5.42436791874934e-05
13362,9.820045670494437e-05
13363,0.000129883352201432
13364,7.973173342179507e-05
13365,8.472581976093352e-05
13366,6.82706231600605e-05
13367,0.00016510792193003
13368,2.8546724934130907e-05
13369,0.00012400375271681696
13370,0.00016427395166829228
13371,0.00022604226251132786
13372,0.00012227139086462557
13373,6.300356471911073e-05
13374,8.497114322381094e-05
13375,6.810510240029544e-05
13376,6.442578887799755e-05
13377,0.00010080583888338879
13378,0.00012008844350930303
13379,0.00018471022485755384
13380,7.510655268561095e-05
13381,3.947040386265144e-05
13382,0.00010163471597479656
13383,9.278058132622391e-05
13384,0.00010184086568187922
13385,0.0002835750055965036
13386,4.6712986659258604e-05
13387,3.097614899161272e-05
13388,4.120802987017669e-05
13389,3.254324838053435e-05
13390,6.107572698965669e-05
13391,5.216795398155227e-05
13392,1.180916660814546e-05
13393,6.132938142400235e-05
13394,2.0157307517365552e-05
13395,7.387572259176522e-05
13396,0.000169602339155972
13397,0.00011437943612691015
13398,6.754518835805357e-05
13399,0.00013209256576374173
13400,1.9862309272866696e-05
13401,1.1280393664492294e-05
13402,0.00010033570288214833
13403,1.8653730876394548e-05
13404,0.0001556310016894713
13405,2.788234269246459e-05
13406,0.00013474628212861717
13407,4.011353667010553e-05
13408,9.543300257064402e-05
13409,7.492601434933022e-05
13410,1.5335146599682048e-05
13411,3.143462890875526e-05
13412,3.384264709893614e-05
13413,5.999250788590871e-05
13414,6.326111179077998e-05
13415,0.00014665062190033495
13416,1.0793934961839113e-05
13417,7.951715087983757e-05
13418,2.1138745069038123e-05
13419,5.188780778553337e-05
13420,0.0001092440215870738
13421,0.00011240733874728903
13422,6.707580178044736e-05
13423,0.00020646743359975517
13424,0.000123033911222592
13425,8.123540465021506e-05
13426,6.45918698864989e-05
13427,0.00013483615475706756
13428,0.00010202216799370944
13429,6.0142861912027e-05
13430,4.5870805479353294e-05
13431,1.2622282156371512e-05
13432,0.0002674612042028457
13433,1.2702485037152655e-05
13434,6.573895370820537e-05
13435,8.940945554058999e-05
13436,1.3833674529450946e-05
13437,1.744922701618634e-05
13438,0.0001597959635546431
13439,8.876589708961546e-05
13440,0.00019048973626922816
13441,4.793969128513709e-05
13442,5.035411595599726e-05
13443,7.32730477466248e-05
13444,0.00013452142593450844
13445,4.442860517883673e-05
13446,0.0003043151809833944
13447,1.382372465741355e-05
13448,8.448338485322893e-05
13449,5.4913565691094846e-05
13450,0.00019835823331959546
13451,0.0001983977563213557
13452,1.9122551748296246e-05
13453,5.895517097087577e-05
13454,8.545875607524067e-05
13455,8.089673792710528e-05
13456,8.918075764086097e-05
13457,0.00029295141575857997
13458,2.171428241126705e-05
13459,1.019232422549976e-05
13460,8.588467608205974e-05
13461,3.6206532968208194e-05
13462,7.666993769817054e-05
13463,6.151314300950617e-05
13464,8.702222839929163e-05
13465,3.992286656284705e-05
13466,0.00012733903713524342
13467,0.00020747407688759267
13468,8.982204235508107e-06
13469,6.796479283366352e-05
13470,6.480836600530893e-05
13471,0.0005983150331303477
13472,0.00011846631241496652
13473,2.392395253991708e-05
13474,0.00016113449237309396
13475,4.30704458267428e-05
13476,0.0001772611285559833
13477,3.139114414807409e-05
13478,0.00024601491168141365
13479,3.069273952860385e-05
13480,0.00012506399070844054
13481,0.00013695957022719085
13482,0.00017657861462794244
13483,0.00016467795649077743
13484,2.769997445284389e-05
13485,4.8473739298060536e-05
13486,8.978909318102524e-05
13487,1.1112359061371535e-05
13488,9.847943874774501e-05
13489,0.00018182206258643419
13490,9.474722173763439e-05
13491,4.343843465903774e-05
13492,3.2818679756019264e-05
13493,1.4852809727017302e-05
13494,0.0002383984246989712
13495,9.792590572033077e-05
13496,5.3993277106201276e-05
13497,9.029202192323282e-05
13498,7.926732359919697e-05
13499,2.1497624402400106e-05
13500,3.891758024110459e-05
13501,0.000149603933095932
13502,3.3931581128854305e-05
13503,8.382971282117069e-05
13504,7.545611879322678e-05
13505,2.193198452005163e-05
13506,0.0002495520457159728
13507,0.000245279457885772
13508,6.566796218976378e-05
13509,0.00011266814544796944
13510,1.0156980351894163e-05
13511,8.714088471606374e-05
13512,5.418655928224325e-05
13513,0.00020810987916775048
13514,4.4407752284314483e-05
13515,1.0384134839114267e-05
13516,0.00010248741455143318
13517,2.1546289644902572e-05
13518,4.093049938092008e-05
13519,1.2499725926318206e-05
13520,5.3591174946632236e-05
13521,0.000181250594323501
13522,0.00013839993334840983
13523,5.313281872076914e-05
13524,5.356871406547725e-05
13525,0.0001097280764952302
13526,1.478293415857479e-05
13527,5.416892236098647e-05
13528,0.0002253286656923592
13529,4.18451199948322e-05
13530,5.934586806688458e-05
13531,0.00011620936857070774
13532,5.84852350584697e-05
13533,6.792729254812002e-05
13534,4.565983545035124e-05
13535,1.946485099324491e-05
13536,0.00015941451420076191
13537,0.00012882765440735966
13538,4.2449690226931125e-05
13539,6.22287334408611e-05
13540,2.334139935555868e-05
13541,0.00018348172307014465
13542,7.567850116174668e-05
13543,0.0002209085796494037
13544,9.959456656360999e-05
13545,5.007816798752174e-05
13546,7.396088039968163e-05
13547,1.7032787582138553e-05
13548,6.276265776250511e-05
13549,5.9385412896517664e-05
13550,8.245496428571641e-05
13551,0.00010242503776680678
13552,8.636596248834394e-06
13553,7.712443766649812e-05
13554,3.445068796281703e-05
13555,8.951008567237295e-06
13556,5.227717338129878e-05
13557,0.00016440986655652523
13558,3.975017898483202e-05
13559,1.7734968423610553e-05
13560,6.591103010578081e-05
13561,0.00013549841241911054
13562,5.930433326284401e-05
13563,5.808047717437148e-05
13564,0.00010140398808289319
13565,7.338504656217992e-05
13566,2.6645786419976503e-05
13567,3.875100810546428e-05
13568,0.00012127691297791898
13569,5.434935155790299e-05
13570,7.907369581516832e-05
13571,0.00015675582108087838
13572,8.419434016104788e-05
13573,1.5881207218626514e-05
13574,1.2306921234994661e-05
13575,7.765132613712922e-05
13576,0.00015210536366794258
13577,3.4599972423166037e-05
13578,0.00029926031129434705
13579,9.399863483849913e-05
13580,8.645357593195513e-05
13581,0.0001884071680251509
13582,9.020231664180756e-05
13583,1.8985369024449028e-05
13584,3.1410338124260306e-05
13585,5.002775651519187e-05
13586,5.807881825603545e-05
13587,5.127336044097319e-05
13588,0.00011401417577872053
13589,3.496544741210528e-05
13590,4.2794126784428954e-05
13591,4.7952278691809624e-05
13592,2.6666144549380988e-05
13593,3.669133729999885e-05
13594,5.1498333050403744e-05
13595,5.1730286941165105e-05
13596,9.351283370051533e-05
13597,7.836737495381385e-05
13598,8.743133548705373e-06
13599,0.00019395917479414493
13600,6.009670687490143e-05
13601,2.198687070631422e-05
13602,4.4076674384996295e-05
13603,9.379339462611824e-05
13604,2.05238629860105e-05
13605,5.259749013930559e-05
13606,0.00014513827045448124
13607,6.199426570674405e-05
13608,5.484287248691544e-05
13609,1.7998641851590946e-05
13610,9.15655618882738e-06
13611,2.970487912534736e-05
13612,5.412253813119605e-05
13613,1.3987094462208916e-05
13614,2.2450371034210548e-05
13615,3.443657260504551e-05
13616,0.00015380886907223612
13617,0.00023584181326441467
13618,5.965269519947469e-05
13619,5.651789251714945e-05
13620,1.9444047211436555e-05
13621,5.0167560402769595e-05
13622,8.547554898541421e-05
13623,7.517282210756093e-05
13624,4.830646503251046e-05
13625,7.549350266344845e-05
13626,1.1006703061866574e-05
13627,5.7671240938361734e-05
13628,6.467458297265694e-05
13629,1.610367326065898e-05
13630,3.857630508719012e-05
13631,5.657817382598296e-05
13632,2.09983281820314e-05
13633,7.344714686041698e-05
13634,0.00013346303603611887
13635,8.976594835985452e-05
13636,1.6841073374962434e-05
13637,2.9433438612613827e-05
13638,4.006489325547591e-05
13639,0.00021625046792905778
13640,6.15590251982212e-05
13641,0.00013944163220003247
13642,1.3299080819706433e-05
13643,0.00010781326272990555
13644,0.0001159566527348943
13645,0.00010779444710351527
13646,0.0001144620546256192
13647,0.00011729529069270939
13648,9.313340706285089e-05
13649,8.793578308541328e-05
13650,5.2407649491215125e-05
13651,0.00013237429084256291
13652,8.534379594493657e-05
13653,8.262746268883348e-05
13654,1.3121327356202528e-05
13655,0.00013143080286681652
13656,2.6603809601510875e-05
13657,5.899108509765938e-05
13658,8.82471795193851e-05
13659,0.00015025580069050193
13660,5.250897811492905e-05
13661,9.154460713034496e-05
13662,3.1769937777426094e-05
13663,7.779334555380046e-05
13664,0.00010893587750615552
13665,0.00028039119206368923
13666,8.303080539917573e-05
13667,0.00011032672045985237
13668,1.4213496797310654e-05
13669,0.00015831406926736236
13670,0.00019850241369567811
13671,7.997461943887174e-05
13672,0.0001157836159109138
13673,5.3290623327484354e-05
13674,7.425616786349565e-05
13675,6.848818884463981e-05
13676,0.00010126472625415772
13677,0.0001664849987719208
13678,2.2243732018978335e-05
13679,2.3182161385193467e-05
13680,2.514245170459617e-05
13681,6.94782575010322e-05
13682,4.1638169932411984e-05
13683,0.00016354497347492725
13684,8.077795064309612e-05
13685,1.4235068192647304e-05
13686,6.340452819131315e-05
13687,8.843274554237723e-05
13688,9.82833735179156e-05
13689,2.706642590055708e-05
13690,2.2461630578618497e-05
13691,0.00019241624977439642
13692,8.313900616485626e-05
13693,0.00012439812417142093
13694,8.467449515592307e-05
13695,1.4402878150576726e-05
13696,4.4133026676718146e-05
13697,3.9825812564231455e-05
13698,1.4269669918576255e-05
13699,6.898945139255375e-05
13700,1.34758402055013e-05
13701,1.299863106396515e-05
13702,1.2372673154459335e-05
13703,9.656020847614855e-05
13704,2.6105233700945973e-05
13705,1.7489302990725264e-05
13706,6.374071381287649e-05
13707,9.7646341600921e-05
13708,8.73148746904917e-05
13709,1.7420315998606384e-05
13710,4.182049087830819e-05
13711,0.00017138803377747536
13712,0.00016356032574549317
13713,7.671745697734877e-05
13714,4.652818461181596e-05
13715,0.00017791900609154254
13716,3.682962415041402e-05
13717,0.00012989313108846545
13718,8.692952542332932e-05
13719,4.48916653112974e-05
13720,0.00014609178469981998
13721,5.262961349217221e-05
13722,4.163425910519436e-05
13723,9.360649710288271e-05
13724,4.950591392116621e-05
13725,7.63418574933894e-05
13726,0.00011316966993035749
13727,0.00011201358574908227
13728,3.5789205867331475e-05
13729,0.0001609787141205743
13730,9.984771895688027e-05
13731,1.0054405720438808e-05
13732,1.7764163203537464e-05
13733,5.932524800300598e-05
13734,6.746352300979197e-05
13735,3.296379145467654e-05
13736,0.00013436640438158065
13737,5.669100573868491e-05
13738,6.388261681422591e-05
13739,0.00014136673416942358
13740,1.6801126548671164e-05
13741,1.2038266504532658e-05
13742,1.9569981304812245e-05
13743,8.946422894950956e-05
13744,0.00018182351777795702
13745,5.319300544215366e-05
13746,0.00011388224083930254
13747,6.715230119880289e-05
13748,7.00631644576788e-05
13749,2.9900311346864328e-05
13750,4.7714554966660216e-05
13751,4.9179823690792546e-05
13752,5.519973274203949e-05
13753,0.0003748162998817861
13754,9.544086788082495e-05
13755,0.0001536862982902676
13756,4.023946530651301e-05
13757,1.4520253898808733e-05
13758,0.0002468889579176903
13759,1.1544712833710946e-05
13760,8.74464531079866e-05
13761,0.0001345422788290307
13762,0.0001255549577763304
13763,3.862096127704717e-05
13764,9.606040111975744e-05
13765,4.4406409870134667e-05
13766,7.18179508112371e-05
13767,5.2117815357632935e-05
13768,2.8345497412374243e-05
13769,3.82814796466846e-05
13770,2.044820212177001e-05
13771,0.00021756095520686358
13772,6.021843000780791e-05
13773,3.378143810550682e-05
13774,6.48618588456884e-05
13775,0.00013118628703523427
13776,0.00029363465728238225
13777,1.3044345905655064e-05
13778,0.00031077925814315677
13779,5.7551376812625676e-05
13780,7.955881301313639e-05
13781,6.134851719252765e-05
13782,0.00017738282622303814
13783,7.106646080501378e-05
13784,7.86483142292127e-05
13785,0.00011670199455693364
13786,8.822972449706867e-05
13787,0.00010270805796608329
13788,8.648226503282785e-05
13789,2.7743848477257416e-05
13790,9.06107816263102e-05
13791,0.00020411339937709272
13792,8.753823931328952e-05
13793,0.00018672674195840955
13794,1.8421331333229318e-05
13795,2.679972749319859e-05
13796,0.00010017512977356091
13797,8.601292211096734e-05
13798,4.163719859207049e-05
13799,8.263500785687938e-05
13800,0.00012605023221112788
13801,3.724882481037639e-05
13802,8.348913252120838e-05
13803,0.00014139640552457422
13804,0.00011554938100744039
13805,3.44807340297848e-05
13806,4.825368523597717e-05
13807,0.00011632731184363365
13808,0.00010189551539951935
13809,0.0001925084216054529
13810,9.376103116665035e-05
13811,1.3932272850070149e-05
13812,0.00017409957945346832
13813,0.0001237059332197532
13814,8.930355397751555e-05
13815,0.00011504731810418889
13816,3.159102925565094e-05
13817,0.00015008170157670975
13818,8.220798918046057e-05
13819,0.00018031185027211905
13820,0.00010768810170702636
13821,0.00013072916772216558
13822,9.988803867599927e-06
13823,4.840071778744459e-05
13824,1.1408183127059601e-05
13825,8.586396870668977e-05
13826,0.00010769101209007204
13827,5.767605034634471e-05
13828,0.00016006686200853437
13829,3.7346238968893886e-05
13830,4.45227742602583e-05
13831,8.178954885806888e-05
13832,0.00019529038399923593
13833,0.00013229413889348507
13834,1.6833855625009164e-05
13835,9.056545968633145e-05
13836,2.3010074073681608e-05
13837,0.00013065480743534863
13838,5.180532025406137e-05
13839,0.00013346517516765743
13840,4.2248844692949206e-05
13841,3.913789623766206e-05
13842,3.9686827221885324e-05
13843,4.6134769945638254e-05
13844,5.669060192303732e-05
13845,0.00010006326192524284
13846,1.3238010069471784e-05
13847,8.476139191770926e-05
13848,0.00015773187624290586
13849,5.826573760714382e-05
13850,0.00012349884491413832
13851,9.904346370603889e-05
13852,8.972810610430315e-05
13853,6.303703412413597e-05
13854,1.3002209016121924e-05
13855,4.786568752024323e-05
13856,0.00020411987497936934
13857,0.00012874184176325798
13858,8.724439248908311e-05
13859,0.00015515161794610322
13860,6.712586036883295e-05
13861,2.5977298719226383e-05
13862,5.119702473166399e-05
13863,0.0001717743434710428
13864,5.062334821559489e-05
13865,2.2742213332094252e-05
13866,1.4174169336911291e-05
13867,2.337768455618061e-05
13868,4.253253428032622e-05
13869,0.00012438162229955196
13870,1.1386603546270635e-05
13871,9.570003021508455e-05
13872,1.9589529983932152e-05
13873,0.000128887128084898
13874,9.114612475968897e-05
13875,9.345797479909379e-06
13876,0.00014648682554252446
13877,5.776149919256568e-05
13878,4.865508890361525e-05
13879,4.9994789151242e-05
13880,1.4573982298315968e-05
13881,9.249975846614689e-06
13882,6.455745460698381e-05
13883,8.247407095041126e-05
13884,0.00010505189129617065
13885,1.8929968064185232e-05
13886,6.757632218068466e-05
13887,0.0003485791676212102
13888,3.7105179217178375e-05
13889,9.586982923792675e-05
13890,0.00016980805958155543
13891,9.201435022987425e-05
13892,5.1239094318589196e-05
13893,0.0002240110479760915
13894,7.957802154123783e-05
13895,3.562184065231122e-05
13896,3.866578481392935e-05
13897,0.00022709077165927738
13898,8.971818897407502e-05
13899,4.931468720315024e-05
13900,9.996913286158815e-05
13901,1.0035315426648594e-05
13902,3.792903953581117e-05
13903,5.3546933486359194e-05
13904,7.937946065794677e-05
13905,0.00011600831930991262
13906,7.72520070313476e-05
13907,5.2673942263936624e-05
13908,8.745817467570305e-05
13909,0.00026058824732899666
13910,5.20635730936192e-05
13911,0.00011881309910677373
13912,0.00011673877452267334
13913,0.00011512127821333706
13914,9.362777200294659e-05
13915,9.353588393423706e-05
13916,0.00011012039612978697
13917,7.31321852072142e-05
13918,8.416968194069341e-05
13919,0.0002781672519631684
13920,0.00019217896624468267
13921,8.394829637836665e-05
13922,0.00011277242447249591
13923,1.7337981262244284e-05
13924,7.639752584509552e-05
13925,4.654211807064712e-05
13926,0.00010137693607248366
13927,0.00015743634139653295
13928,7.7762124419678e-05
13929,6.416480027837679e-05
13930,0.00011535370140336454
13931,7.990015728864819e-05
13932,1.1746906238840893e-05
13933,2.9307379008969292e-05
13934,3.661765731521882e-05
13935,9.251766459783539e-05
13936,0.00012115787831135094
13937,2.840322304109577e-05
13938,0.00017724192002788186
13939,9.223124652635306e-05
13940,0.00011595076648518443
13941,9.135628715739585e-06
13942,5.499545295606367e-05
13943,8.641357999294996e-05
13944,0.0001285634789383039
13945,0.00014363153604790568
13946,0.0001767663925420493
13947,0.00014033941261004657
13948,1.1921985787921585e-05
13949,7.648707833141088e-05
13950,0.00011693696433212608
13951,3.662269591586664e-05
13952,4.577540312311612e-05
13953,1.957753011083696e-05
13954,0.000229450743063353
13955,0.0001410498225595802
13956,0.00010463270882610232
13957,7.946683035697788e-05
13958,4.35194669989869e-05
13959,3.052116517210379e-05
13960,8.957771206041798e-05
13961,0.00015484009054489434
13962,1.60538220370654e-05
13963,2.4355831556022167e-05
13964,0.0001539441291242838
13965,2.112275797117036e-05
13966,9.679727372713387e-05
13967,1.837707168306224e-05
13968,0.00012446660548448563
13969,0.00010771900997497141
13970,0.0001268559426534921
13971,6.0586015024455264e-05
13972,1.7016716810758226e-05
13973,3.8932896131882444e-05
13974,4.1773942939471453e-05
13975,8.17521577118896e-05
13976,0.00016339850844815373
13977,6.915073026902974e-05
13978,9.400976705364883e-05
13979,5.9124686231371015e-05
13980,2.5461176846874878e-05
13981,1.860635165940039e-05
13982,2.0854797185165808e-05
13983,0.00010721688158810139
13984,0.00012505891209002584
13985,7.744857430225238e-05
13986,7.961173832882196e-05
13987,5.411745951278135e-05
13988,0.00011293080024188384
13989,3.6952231312170625e-05
13990,0.0002164411125704646
13991,0.0001462856016587466
13992,0.00013460739864967763
13993,1.4252027540351264e-05
13994,4.001489287475124e-05
13995,2.1610343537759036e-05
13996,2.843704896804411e-05
13997,0.00010255521920043975
13998,1.4882278264849447e-05
13999,8.984642045106739e-05
14000,8.099651313386858e-05
14001,0.000193836705875583
14002,0.00020726893853861839
14003,7.008177635725588e-05
14004,6.285814015427604e-05
14005,5.615514237433672e-05
14006,2.6522762709646486e-05
14007,1.497928678872995e-05
14008,4.998527219868265e-05
14009,0.0001344874472124502
14010,5.735427839681506e-05
14011,6.92994799464941e-05
14012,4.707279003923759e-05
14013,0.0001311457745032385
14014,2.0704370399471372e-05
14015,1.3196812687965576e-05
14016,3.647235644166358e-05
14017,0.00010311170626664534
14018,1.3745989235758316e-05
14019,8.461502147838473e-05
14020,4.102485399926081e-05
14021,0.00010214559733867645
14022,0.0003135282313451171
14023,0.00015560508472844958
14024,1.4918564374966081e-05
14025,6.675389886368066e-05
14026,3.509885573294014e-05
14027,4.9518217565491796e-05
14028,5.0376635044813156e-05
14029,4.72069950774312e-05
14030,2.4801494873827323e-05
14031,6.543382187373936e-05
14032,6.369611219270155e-05
14033,3.3192103728652e-05
14034,3.777181700570509e-05
14035,0.0001982117973966524
14036,5.2624156523961574e-05
14037,0.000126984145026654
14038,0.00014786640531383455
14039,6.643636152148247e-05
14040,5.0604652642505243e-05
14041,5.7132212532451376e-05
14042,2.356718323426321e-05
14043,6.28565248916857e-05
14044,5.895692447666079e-05
14045,0.0001468513219151646
14046,0.00014522385026793927
14047,3.0310013244161382e-05
14048,2.445300378894899e-05
14049,2.9225593607407063e-05
14050,5.53258323634509e-05
14051,8.560104470234364e-05
14052,1.9127983250655234e-05
14053,8.874453669704963e-06
14054,2.3728080122964457e-05
14055,0.00010486121755093336
14056,0.00013193399354349822
14057,0.0001330992381554097
14058,0.00019019213505089283
14059,2.6091780455317348e-05
14060,3.4078235330525786e-05
14061,4.348915899754502e-05
14062,7.542414823547006e-05
14063,7.003415521467105e-05
14064,8.154613897204399e-05
14065,6.353048956952989e-05
14066,9.703515388537198e-05
14067,0.00011846919369418174
14068,0.00012973486445844173
14069,3.783484862651676e-05
14070,0.0001353422412648797
14071,4.2752533772727475e-05
14072,8.314234582940117e-05
14073,1.5881090803304687e-05
14074,0.00017645416664890945
14075,0.00011510093463584781
14076,2.587616108939983e-05
14077,0.00013564262189902365
14078,0.00015153034473769367
14079,0.0002528419136069715
14080,1.0806010322994553e-05
14081,9.525604400550947e-05
14082,3.5511504393070936e-05
14083,0.00012751796748489141
14084,0.00022310111671686172
14085,5.3062030929140747e-05
14086,7.589087181258947e-05
14087,1.2930462617077865e-05
14088,8.631379023427144e-05
14089,3.390576603123918e-05
14090,7.387281220871955e-05
14091,4.582037217915058e-05
14092,5.082421557744965e-05
14093,3.448953793849796e-05
14094,7.174417987698689e-05
14095,6.923077307874337e-05
14096,2.4493696400895715e-05
14097,0.0001229371118824929
14098,7.646987796761096e-05
14099,1.2779992175637744e-05
14100,4.662316496251151e-05
14101,5.683054041583091e-05
14102,5.754786980105564e-05
14103,3.961938637075946e-05
14104,0.00021680566715076566
14105,0.00014708039816468954
14106,0.00015068637731019408
14107,3.7677615182474256e-05
14108,0.0001867364626377821
14109,2.570082688180264e-05
14110,2.4560420570196584e-05
14111,3.977468441007659e-05
14112,0.00012526790669653565
14113,0.00011136362445540726
14114,1.871378844953142e-05
14115,7.276124961208552e-05
14116,1.6318104826495983e-05
14117,2.9456808988470584e-05
14118,0.00011095398804172873
14119,7.320901931961998e-05
14120,7.694970554439351e-05
14121,8.247890218626708e-05
14122,4.7648194595240057e-05
14123,9.267212590202689e-05
14124,2.220135138486512e-05
14125,0.00013104421668685973
14126,8.198768773581833e-05
14127,0.00018829615146387368
14128,5.997510743327439e-05
14129,7.02398392604664e-05
14130,0.00010175253555644304
14131,0.00010213084169663489
14132,1.3232302990218159e-05
14133,2.7532149033504538e-05
14134,5.260450052446686e-05
14135,5.280350160319358e-05
14136,6.218714406713843e-05
14137,5.581284494837746e-05
14138,4.167428778600879e-05
14139,0.00012338678061496466
14140,0.00011806128895841539
14141,4.561192326946184e-05
14142,1.605444776942022e-05
14143,6.517943984363228e-05
14144,4.229640762787312e-05
14145,2.5505738449282944e-05
14146,0.00010042442590929568
14147,4.108454231754877e-05
14148,7.743429159745574e-05
14149,4.5673637941945344e-05
14150,8.826807606965303e-05
14151,2.460724499542266e-05
14152,3.665051917778328e-05
14153,0.00025811692466959357
14154,9.647742990637198e-05
14155,0.00012784719001501799
14156,0.00017970518092624843
14157,0.00021049557835794985
14158,5.0553229812067e-05
14159,0.0001409128453815356
14160,0.00012012855586363003
14161,0.00011606562475208193
14162,2.305118687218055e-05
14163,2.7370366296963766e-05
14164,0.00020216256962157786
14165,0.00021961577294860035
14166,8.345229434780777e-05
14167,0.00010877520253416151
14168,7.61600531404838e-05
14169,2.3912391043268144e-05
14170,6.217639747774228e-05
14171,0.00027577177388593554
14172,6.910553202033043e-05
14173,2.3179321942734532e-05
14174,3.990842014900409e-05
14175,3.95208116970025e-05
14176,0.00019303137378301471
14177,3.5292621760163456e-05
14178,1.0975227269227616e-05
14179,2.1538467990467325e-05
14180,6.65213301545009e-05
14181,6.18241319898516e-05
14182,3.7625453842338175e-05
14183,0.00012501228775363415
14184,3.0691895517520607e-05
14185,1.5537767467321828e-05
14186,4.246021853759885e-05
14187,0.00011641802848316729
14188,2.694589420570992e-05
14189,1.1575921234907582e-05
14190,0.00027104176115244627
14191,3.735574136953801e-05
14192,7.233320502564311e-05
14193,0.00013804229092784226
14194,3.764190478250384e-05
14195,4.830153920920566e-05
14196,4.393002745928243e-05
14197,0.00015140092000365257
14198,6.200945063028485e-05
14199,2.1231306163826957e-05
14200,8.318532491102815e-05
14201,4.981736856279895e-05
14202,8.835158951114863e-05
14203,9.217266051564366e-05
14204,0.00014493428170681
14205,0.00012854374654125422
14206,0.00010637284867698327
14207,9.575024159858003e-05
14208,4.348097354522906e-05
14209,5.334141314961016e-05
14210,8.456836803816259e-05
14211,5.127410986460745e-05
14212,5.2440285799093544e-05
14213,6.027506969985552e-05
14214,0.0001418357715010643
14215,3.3549378713360056e-05
14216,0.00012168457033112645
14217,1.514820360171143e-05
14218,3.5573837521951646e-05
14219,6.727581785526127e-05
14220,0.000101023557363078
14221,0.0001743899192661047
14222,0.0001555851340526715
14223,8.810196595732123e-05
14224,3.119838220300153e-05
14225,4.954110409016721e-05
14226,8.138238626997918e-05
14227,7.899697811808437e-05
14228,2.3476735805161297e-05
14229,0.00016394976410083473
14230,6.350757030304521e-05
14231,8.406626875512302e-05
14232,1.797746153897606e-05
14233,0.00015189871191978455
14234,5.622342723654583e-05
14235,0.00017607424524612725
14236,5.496326048159972e-05
14237,0.00011389547580620274
14238,8.036459621507674e-05
14239,0.00019379142031539232
14240,2.2191592506715097e-05
14241,9.17526995181106e-05
14242,0.00028538540937006474
14243,3.0839728424325585e-05
14244,9.770797623787075e-05
14245,2.0871779270237312e-05
14246,2.8536294848890975e-05
14247,5.962909199297428e-05
14248,9.770285942067858e-06
14249,1.5209794582915492e-05
14250,7.815890421625227e-05
14251,3.634753738879226e-05
14252,0.00016430589312221855
14253,4.814683779841289e-05
14254,1.302393684454728e-05
14255,1.6481129932799377e-05
14256,1.8628656107466668e-05
14257,1.1794149031629786e-05
14258,1.4995272067608312e-05
14259,0.00022441823966801167
14260,1.7723032215144485e-05
14261,4.567986979964189e-05
14262,3.711308090714738e-05
14263,8.123076258925721e-05
14264,0.000190999562619254
14265,2.3728545784251764e-05
14266,3.903510150848888e-05
14267,1.4054183338885196e-05
14268,5.4459313105326146e-05
14269,1.6840222087921575e-05
14270,7.641784759471193e-05
14271,1.2200159289932344e-05
14272,3.935342829208821e-05
14273,0.00012106260692235082
14274,0.00016462983330711722
14275,0.00012652725854422897
14276,3.923865733668208e-05
14277,0.0002564688620623201
14278,9.212380973622203e-05
14279,3.06001165881753e-05
14280,0.00010153684706892818
14281,1.5960009477566928e-05
14282,9.261784725822508e-05
14283,4.34503162978217e-05
14284,5.428990698419511e-05
14285,7.675950473640114e-05
14286,1.8384671420790255e-05
14287,9.485378541285172e-05
14288,5.460207103169523e-05
14289,0.00011715775326592848
14290,6.08304217166733e-05
14291,4.300662112655118e-05
14292,4.491027721087448e-05
14293,5.3704257879871875e-05
14294,0.0005123090231791139
14295,8.089155016932636e-05
14296,1.6596291970927268e-05
14297,6.18310587015003e-05
14298,0.00010729997302405536
14299,6.065747584216297e-05
14300,0.00022843381157144904
14301,6.534351996378973e-05
14302,0.00010595917410682887
14303,7.095506589394063e-05
14304,0.00013746312470175326
14305,3.285066850367002e-05
14306,5.108481127535924e-05
14307,5.17718362971209e-05
14308,3.042555727006402e-05
14309,2.85554415313527e-05
14310,4.009742406196892e-05
14311,6.08302179898601e-05
14312,7.841314072720706e-05
14313,3.124238719465211e-05
14314,2.4714077881071717e-05
14315,0.00010472315625520423
14316,4.315033947932534e-05
14317,0.0002698833413887769
14318,0.00012262944073881954
14319,5.901198892388493e-05
14320,2.898930870287586e-05
14321,3.4637578210094944e-05
14322,2.0792329451069236e-05
14323,9.140193287748843e-05
14324,7.692316285101697e-05
14325,0.0001680658751865849
14326,2.2082138457335532e-05
14327,0.00013145111734047532
14328,7.634054782101884e-05
14329,1.9724726371350698e-05
14330,9.359238902106881e-05
14331,2.033887358265929e-05
14332,9.417298133485019e-05
14333,4.055773752043024e-05
14334,9.127735393121839e-05
14335,9.274773765355349e-05
14336,0.00019860852626152337
14337,8.471890760120004e-05
14338,0.00015731426537968218
14339,0.00015667306433897465
14340,0.00011080288095399737
14341,1.4910723621142097e-05
14342,1.2619219887710642e-05
14343,0.0001385859795846045
14344,2.8224356356076896e-05
14345,0.00016681718989275396
14346,9.103161573875695e-05
14347,3.6472498322837055e-05
14348,0.00012058117135893553
14349,0.00010125887638423592
14350,1.8317707144888118e-05
14351,0.00017018665676005185
14352,0.00011018187797162682
14353,0.000221442140173167
14354,8.296039595734328e-05
14355,5.873397458344698e-05
14356,1.09296142909443e-05
14357,8.103693835437298e-05
14358,7.452935096807778e-05
14359,0.00011309291585348547
14360,2.7878237233380787e-05
14361,6.46673288429156e-05
14362,2.706773557292763e-05
14363,3.954178828280419e-05
14364,2.2792642994318157e-05
14365,9.608731488697231e-05
14366,7.292015652637929e-05
14367,9.954805136658251e-06
14368,2.8700524126179516e-05
14369,1.4090472177485935e-05
14370,7.98692781245336e-05
14371,7.218944665510207e-05
14372,7.464317604899406e-05
14373,6.841619324404746e-05
14374,2.7680038328981027e-05
14375,6.563673377968371e-05
14376,0.00033738938509486616
14377,0.00018443352018948644
14378,0.00015988695668056607
14379,0.00015366740990430117
14380,0.0002856419305317104
14381,6.402477447409183e-05
14382,2.3573624275741167e-05
14383,0.0001212406568811275
14384,5.7961318816524e-05
14385,4.0977152821142226e-05
14386,0.00014577468391507864
14387,8.487548620905727e-05
14388,3.8817299355287105e-05
14389,5.898439121665433e-05
14390,2.7702095394488424e-05
14391,0.00018383187125436962
14392,8.824931137496606e-05
14393,9.512538235867396e-05
14394,0.00011483300477266312
14395,5.277069431031123e-05
14396,1.2421905012161005e-05
14397,1.684834569459781e-05
14398,5.959720874670893e-05
14399,0.00010600367386359721
14400,4.93511397507973e-05
14401,8.178986900020391e-05
14402,6.74209077260457e-05
14403,5.199139195610769e-05
14404,1.1933334462810308e-05
14405,8.235367204179056e-06
14406,3.979204484494403e-05
14407,0.00017570858472026885
14408,9.636295726522803e-05
14409,2.8280788683332503e-05
14410,5.324085213942453e-05
14411,1.7703747289488092e-05
14412,1.5078248907229863e-05
14413,0.00010266804019920528
14414,0.00010522764932829887
14415,1.4664249647466931e-05
14416,0.00010801044118124992
14417,0.0001382953196298331
14418,3.236332122469321e-05
14419,0.0001920826907735318
14420,7.555902993772179e-05
14421,5.977773980703205e-05
14422,8.227015496231616e-05
14423,9.630233398638666e-05
14424,4.459444971871562e-05
14425,0.00015010747301857919
14426,6.058610597392544e-05
14427,2.041451443801634e-05
14428,3.7792822695337236e-05
14429,1.8573180568637326e-05
14430,3.54420262738131e-05
14431,6.994904833845794e-05
14432,9.594943549018353e-05
14433,2.0310975742177106e-05
14434,0.0001016075984807685
14435,2.073100404231809e-05
14436,6.801363633712754e-05
14437,2.8829093935200945e-05
14438,4.335208359407261e-05
14439,7.00770178809762e-05
14440,2.1546495190705173e-05
14441,6.49508583592251e-05
14442,3.717339859576896e-05
14443,0.00012725291890092194
14444,8.076924132183194e-05
14445,0.00013135129120200872
14446,8.583209273638204e-05
14447,9.807722381083295e-05
14448,3.679478686535731e-05
14449,6.092084004194476e-05
14450,0.0001798035518731922
14451,5.795122342533432e-05
14452,3.144596848869696e-05
14453,9.208546543959528e-05
14454,1.6435433281003498e-05
14455,9.367699385620654e-05
14456,0.0001428205578122288
14457,0.0007014172151684761
14458,3.187798574799672e-05
14459,7.97772008809261e-05
14460,3.8100108213257045e-05
14461,4.323734174249694e-05
14462,1.4263167031458579e-05
14463,0.0001259308774024248
14464,8.07214601081796e-05
14465,3.69464214600157e-05
14466,2.3564649382024072e-05
14467,2.7580692403716967e-05
14468,4.641947089112364e-05
14469,2.2555050236405805e-05
14470,0.00011593666567932814
14471,0.00019859090389218181
14472,4.125633859075606e-05
14473,0.0001234699011547491
14474,3.362489951541647e-05
14475,8.598170825280249e-05
14476,0.00018066473421640694
14477,3.907838254235685e-05
14478,6.107797526055947e-05
14479,4.26896549470257e-05
14480,0.0001854716829257086
14481,6.334992940537632e-05
14482,7.48081729398109e-05
14483,2.8983828087802976e-05
14484,0.00013481454516295344
14485,0.00012035519466735423
14486,0.00016783838509581983
14487,0.00011595112300710753
14488,7.23225821275264e-05
14489,0.0001328543876297772
14490,0.00011581408034544438
14491,3.656682019936852e-05
14492,4.8403264372609556e-05
14493,1.4525114238495007e-05
14494,4.809457823284902e-05
14495,2.5864766939776018e-05
14496,0.00014481076505035162
14497,2.3478576622437686e-05
14498,7.285986794158816e-05
14499,7.022995851002634e-05
14500,0.00010884818038903177
14501,2.5083716536755674e-05
14502,0.00016629594028927386
14503,9.289957961300388e-05
14504,5.9331810916773975e-05
14505,2.2468488168669865e-05
14506,7.617042138008401e-05
14507,8.777135917625856e-06
14508,3.8535934436367825e-05
14509,0.00016251998022198677
14510,8.003080438356847e-05
14511,3.381252463441342e-05
14512,6.756973743904382e-05
14513,3.218355050194077e-05
14514,3.2303632906405255e-05
14515,7.750983058940619e-05
14516,0.00010218926763627678
14517,1.084205723600462e-05
14518,5.411187885329127e-05
14519,0.00016379274893552065
14520,1.8004124285653234e-05
14521,5.6138673244277015e-05
14522,7.461263157892972e-05
14523,5.5662305385340005e-05
14524,0.00015578010061290115
14525,1.7219979781657457e-05
14526,4.881103086518124e-05
14527,6.271932943491265e-05
14528,0.00017083363491110504
14529,7.857769378460944e-05
14530,0.0001651535276323557
14531,1.3505314200301655e-05
14532,0.00017443118849769235
14533,5.4664837080053985e-05
14534,0.00018040149006992579
14535,0.00012657244224101305
14536,0.0002019691455643624
14537,1.3984754332341254e-05
14538,4.406442167237401e-05
14539,2.4852975911926478e-05
14540,3.911474777851254e-05
14541,0.00019185809651389718
14542,5.88951152167283e-05
14543,0.0001706104667391628
14544,6.487538485089317e-05
14545,6.537478475365788e-05
14546,0.00016466178931295872
14547,0.00018266195547766984
14548,0.00014754569565411657
14549,0.00010516789188841358
14550,4.287236151867546e-05
14551,6.191364082042128e-05
14552,1.9158223949489184e-05
14553,0.0005504667060449719
14554,1.9743063603527844e-05
14555,6.202083750395104e-05
14556,9.31096074054949e-05
14557,0.00011784151865867898
14558,0.00016173269250430167
14559,7.177320367190987e-05
14560,1.4796110008319374e-05
14561,8.358080231118947e-05
14562,0.00014660321176052094
14563,3.522343831718899e-05
14564,4.980315134162083e-05
14565,1.7028913134709e-05
14566,1.8720049411058426e-05
14567,2.9256414563860744e-05
14568,3.346706216689199e-05
14569,7.791497773723677e-05
14570,1.3112147826177534e-05
14571,2.6142337446799502e-05
14572,3.338725946377963e-05
14573,3.0100709409452975e-05
14574,6.34046082268469e-05
14575,5.953918298473582e-05
14576,4.8006502765929326e-05
14577,3.942293915315531e-05
14578,5.075870285509154e-05
14579,7.03236146364361e-05
14580,7.04414487699978e-05
14581,7.705310417804867e-05
14582,0.00016253956709988415
14583,0.00018670874123927206
14584,0.00015946305938996375
14585,0.00034831278026103973
14586,1.5036908735055476e-05
14587,4.568263830151409e-05
14588,6.872895755805075e-05
14589,6.618887709919363e-05
14590,0.000189401296665892
14591,9.691874583950266e-05
14592,3.1469746318180114e-05
14593,4.1192397475242615e-05
14594,0.00060602294979617
14595,0.00020862993551418185
14596,3.157862010993995e-05
14597,3.756805745069869e-05
14598,0.00015218491898849607
14599,2.4168075469788164e-05
14600,8.605539915151894e-05
14601,2.5885885406751186e-05
14602,8.347963739652187e-05
14603,5.3034513257443905e-05
14604,3.7126643292140216e-05
14605,7.754014222882688e-05
14606,5.451062315842137e-05
14607,8.62682209117338e-05
14608,7.784004264976829e-05
14609,0.00020746156224049628
14610,4.244075535098091e-05
14611,2.6757548766909167e-05
14612,4.64755721623078e-05
14613,9.09438167582266e-05
14614,2.07173125090776e-05
14615,6.199494237080216e-05
14616,5.619175499305129e-05
14617,4.843153874389827e-05
14618,8.562704897485673e-05
14619,0.0001163399574579671
14620,9.747035801410675e-05
14621,3.352320345584303e-05
14622,5.6628552556503564e-05
14623,0.00018944629118777812
14624,4.869629628956318e-05
14625,0.00018654356244951487
14626,0.00012610435078386217
14627,5.8820405683945864e-05
14628,1.0487276085768826e-05
14629,5.6814649724401534e-05
14630,1.236409843841102e-05
14631,5.2497940487228334e-05
14632,3.455695332377218e-05
14633,5.498260725289583e-05
14634,3.2796087907627225e-05
14635,7.367764919763431e-05
14636,5.682852497557178e-05
14637,4.441696000867523e-05
14638,5.624422919936478e-05
14639,6.631705036852509e-05
14640,0.0002580030122771859
14641,0.00011580859427340329
14642,0.00020918167138006538
14643,1.542936297482811e-05
14644,3.16331279464066e-05
14645,2.0896952264592983e-05
14646,5.3799489251105115e-05
14647,6.884990580147132e-05
14648,0.00012607903045136482
14649,9.808420873014256e-05
14650,6.506076897494495e-05
14651,0.00010478077456355095
14652,1.0803698387462646e-05
14653,0.0001245100429514423
14654,5.7597000704845414e-05
14655,6.583935464732349e-05
14656,0.0001991593453567475
14657,0.00016836194845382124
14658,4.685529347625561e-05
14659,2.5715202355058864e-05
14660,0.00012082620378350839
14661,0.00012387376045808196
14662,1.5214905943139456e-05
14663,8.136164251482114e-05
14664,9.689461148809642e-05
14665,5.4485095461132005e-05
14666,0.00013562713866122067
14667,7.775054837111384e-05
14668,0.00017159883282147348
14669,7.127573189791292e-05
14670,7.177956285886467e-05
14671,4.926852125208825e-05
14672,8.593626989750192e-05
14673,0.00012344395508989692
14674,4.851810808759183e-05
14675,8.100998093141243e-05
14676,9.273193427361548e-05
14677,0.00010554076288826764
14678,0.00015125656500458717
14679,4.45791520178318e-05
14680,0.00014923798153176904
14681,1.5535595593973994e-05
14682,0.00011928024468943477
14683,6.047267379472032e-05
14684,0.0001771402603480965
14685,5.768690607510507e-05
14686,5.827762288390659e-05
14687,7.965045369928703e-05
14688,8.516544767189771e-05
14689,4.5927205064799637e-05
14690,0.0001017660106299445
14691,0.00012722198152914643
14692,2.285677328472957e-05
14693,4.877286482951604e-05
14694,2.7054598831455223e-05
14695,3.9753911551088095e-05
14696,7.238522812258452e-05
14697,3.654781903605908e-05
14698,0.0003020895237568766
14699,5.820100341225043e-05
14700,0.00011880365491379052
14701,5.364323078538291e-05
14702,3.1552503060083836e-05
14703,2.3510503524448723e-05
14704,3.980990732088685e-05
14705,8.98328835319262e-06
14706,9.924480400513858e-05
14707,6.895525439176708e-05
14708,6.778044189559296e-05
14709,2.4732045858399943e-05
14710,0.00023523232084698975
14711,5.633633190882392e-05
14712,0.0001253817172255367
14713,9.238209167961031e-05
14714,1.5057868949952535e-05
14715,9.721715468913317e-05
14716,4.614571662386879e-05
14717,0.00010064521484309807
14718,3.101010952377692e-05
14719,1.0125615517608821e-05
14720,0.0002035210927715525
14721,6.68761640554294e-05
14722,7.315158291021362e-05
14723,7.390996324829757e-05
14724,2.085426967823878e-05
14725,0.0001747170608723536
14726,0.00015073848771862686
14727,4.8663277993910015e-05
14728,0.00011157078552059829
14729,5.771311407443136e-05
14730,2.043549102381803e-05
14731,2.2773625460104086e-05
14732,0.00012029369827359915
14733,2.140620199497789e-05
14734,8.84123146533966e-05
14735,2.5868313969112933e-05
14736,9.416043030796573e-05
14737,1.160126703325659e-05
14738,8.852897735778242e-05
14739,1.3664679499925114e-05
14740,4.530437945504673e-05
14741,6.918440340086818e-05
14742,4.474019806366414e-05
14743,3.13285636366345e-05
14744,4.352468386059627e-05
14745,1.3553580174630042e-05
14746,5.031719774706289e-05
14747,9.877023694571108e-05
14748,2.3433593014487997e-05
14749,7.22957993275486e-05
14750,4.9381149437977e-05
14751,9.313160262536258e-05
14752,7.753531099297106e-05
14753,5.099577538203448e-05
14754,4.5847649744246155e-05
14755,0.00014217452553566545
14756,0.00020409036369528621
14757,3.943148476537317e-05
14758,0.00011415910557843745
14759,0.00017958885291591287
14760,8.527314639650285e-05
14761,0.00010138680227100849
14762,2.650284113769885e-05
14763,0.00010284557356499135
14764,7.509514398407191e-05
14765,0.00013692639186047018
14766,1.754413460730575e-05
14767,8.542751311324537e-05
14768,6.91949826432392e-05
14769,8.741221245145425e-05
14770,0.00013325690815690905
14771,7.522390660597011e-05
14772,0.00021580625616479665
14773,4.988541331840679e-05
14774,7.878067845012993e-05
14775,8.617673302069306e-05
14776,5.998800043016672e-05
14777,8.877780055627227e-05
14778,9.39548626774922e-05
14779,5.873499685549177e-05
14780,3.881045995512977e-05
14781,2.889343522838317e-05
14782,7.815493881935254e-05
14783,0.0001149601157521829
14784,0.00013225334987509996
14785,3.057510912185535e-05
14786,2.3748685634927824e-05
14787,5.230705937719904e-05
14788,4.866394738201052e-05
14789,0.00012676254846155643
14790,0.00017075880896300077
14791,8.20245040813461e-05
14792,1.3184865565563086e-05
14793,0.00012936702114529908
14794,1.0687552276067436e-05
14795,0.0001307169150095433
14796,0.00021991250105202198
14797,1.1850094779219944e-05
14798,9.690459410194308e-05
14799,7.496752368751913e-05
14800,5.718325337511487e-05
14801,0.00015257004997693002
14802,0.0001270185166504234
14803,2.5938810722436756e-05
14804,1.4358756743604317e-05
14805,0.00023541052360087633
14806,8.763199730310589e-06
14807,9.468813368584961e-05
14808,5.8929330407409e-05
14809,6.263749673962593e-05
14810,1.6664498616592027e-05
14811,0.00010935270256595686
14812,1.166756555903703e-05
14813,0.00010462774662300944
14814,1.9828577933367342e-05
14815,2.9907014322816394e-05
14816,0.00015647316467948258
14817,0.00012540395255200565
14818,1.9876399164786562e-05
14819,4.435125447344035e-05
14820,1.6393432815675624e-05
14821,3.128471871605143e-05
14822,0.00031163942185230553
14823,8.344599336851388e-05
14824,3.510241367621347e-05
14825,0.0001576683862367645
14826,9.861814032774419e-05
14827,7.584613922517747e-05
14828,7.221693522296846e-05
14829,0.00017330594710074365
14830,6.532466068165377e-05
14831,0.0002672902191989124
14832,6.887863855808973e-05
14833,8.991154027171433e-05
14834,8.337094186572358e-06
14835,8.265402721008286e-05
14836,9.112176485359669e-05
14837,0.00016115455946419388
14838,6.190373096615076e-05
14839,8.354330930160359e-05
14840,5.619104558718391e-05
14841,0.00010245454905088991
14842,8.339391933986917e-05
14843,4.844820068683475e-05
14844,4.168200393905863e-05
14845,6.877461419207975e-05
14846,1.672461803536862e-05
14847,1.6517991753062233e-05
14848,2.270677941851318e-05
14849,1.3031823982601054e-05
14850,1.0906238458119333e-05
14851,0.0001177410886157304
14852,0.00026235118275508285
14853,2.3764481738908216e-05
14854,4.2059647967107594e-05
14855,0.00012878775305580348
14856,0.00011989881022600457
14857,5.670388418366201e-05
14858,6.611927528865635e-05
14859,7.477802864741534e-05
14860,7.230131450342014e-05
14861,4.728607746073976e-05
14862,6.050550837244373e-06
14863,0.00015975376300048083
14864,0.00014803512021899223
14865,0.00013570190640166402
14866,0.00014748709509149194
14867,0.0001070523212547414
14868,0.00019234261708334088
14869,8.757832256378606e-05
14870,3.300502066849731e-05
14871,0.00012463949678931385
14872,4.32789274782408e-05
14873,0.00019970868015661836
14874,2.862712790374644e-05
14875,2.5851673854049295e-05
14876,0.00010103198292199522
14877,3.721682878676802e-05
14878,2.0602537915692665e-05
14879,7.418124005198479e-05
14880,0.00015216757310554385
14881,1.4594819731428288e-05
14882,0.0002525239542592317
14883,0.00010209470929112285
14884,0.00016035848238971084
14885,8.918471576180309e-05
14886,6.945083441678435e-05
14887,5.79172010475304e-05
14888,0.0002583854366093874
14889,7.35741195967421e-05
14890,8.537813846487552e-05
14891,0.0003264055703766644
14892,0.00010393607954028994
14893,0.00015441366122104228
14894,4.37857597717084e-05
14895,5.721509660361335e-05
14896,2.2295171220321208e-05
14897,5.906986189074814e-05
14898,4.116833588341251e-05
14899,6.7166311055189e-06
14900,4.386316504678689e-05
14901,5.163778041605838e-06
14902,2.5229222956113517e-05
14903,3.674864274216816e-05
14904,8.873532351572067e-05
14905,6.259790825424716e-05
14906,0.00010846713848877698
14907,1.2370534022920765e-05
14908,9.627525287214667e-05
14909,3.283545811427757e-05
14910,0.00020241316815372556
14911,5.519982005353086e-05
14912,9.245074761565775e-05
14913,0.00014706511865369976
14914,6.832522922195494e-05
14915,0.0001521119411336258
14916,0.00010785304039018229
14917,6.271497841225937e-05
14918,8.459542004857212e-05
14919,2.4479908461216837e-05
14920,4.56511988886632e-05
14921,0.0001751655072439462
14922,2.8527403628686443e-05
14923,8.068558236118406e-05
14924,2.0658946596086025e-05
14925,0.0002732417779043317
14926,9.198884072247893e-05
14927,7.613415800733492e-05
14928,3.189597191521898e-05
14929,0.00017080838733818382
14930,5.525775486603379e-05
14931,8.858898945618421e-05
14932,0.0001560466771479696
14933,4.9964677600655705e-05
14934,8.610736404079944e-05
14935,0.0001228654436999932
14936,1.7168598787975498e-05
14937,6.412596121663228e-05
14938,6.254788604564965e-05
14939,8.612991950940341e-05
14940,7.984474359545857e-05
14941,4.2827887227758765e-05
14942,0.00010157896031159908
14943,0.0001195795921375975
14944,3.3433898352086544e-05
14945,0.0001842090132413432
14946,4.6027704229345545e-05
14947,4.968131543137133e-05
14948,3.80210840376094e-05
14949,8.02305803517811e-05
14950,6.603497604373842e-05
14951,5.1462280680425465e-05
14952,0.00020067658624611795
14953,9.116479486692697e-05
14954,4.836131847696379e-05
14955,0.00013501383364200592
14956,0.00011047239968320355
14957,6.501360985566862e-06
14958,0.0001269737258553505
14959,0.00015809005708433688
14960,8.270886610262096e-05
14961,0.00025560398353263736
14962,2.658977246028371e-05
14963,0.00011019337398465723
14964,0.00017890178423840553
14965,4.5764052629237995e-05
14966,9.392065840074793e-05
14967,3.647845733212307e-05
14968,1.8595321307657287e-05
14969,6.9822854129597545e-06
14970,6.724154809489846e-05
14971,8.061400876613334e-05
14972,4.4074073230149224e-05
14973,6.329637108137831e-05
14974,7.855687726987526e-05
14975,8.199048897949979e-05
14976,7.658029062440619e-05
14977,5.7826513511827216e-05
14978,3.4789060009643435e-05
14979,3.825635212706402e-05
14980,4.302031811675988e-05
14981,6.94781047059223e-05
14982,7.32882836018689e-05
14983,4.826139775104821e-05
14984,9.685478289611638e-05
14985,9.058167779585347e-05
14986,0.00012639648048207164
14987,4.2903240682790056e-05
14988,4.6615801693405956e-05
14989,0.00010166457650484517
14990,3.374481457285583e-05
14991,9.275488264393061e-05
14992,0.0001237475371453911
14993,4.63669202872552e-05
14994,7.247323810588568e-05
14995,8.258152956841514e-05
14996,1.0526851838221774e-05
14997,9.423466690350324e-05
14998,2.646653047122527e-05
14999,1.621267438167706e-05
15000,8.969640475697815e-05
15001,0.00013014840078540146
15002,5.890547254239209e-05
15003,0.00016672890342306346
15004,7.122498209355399e-05
15005,5.3181680414127186e-05
15006,3.141583874821663e-05
15007,1.5683870515204035e-05
15008,1.9784782125498168e-05
15009,0.00014815558097325265
15010,0.00015721582167316228
15011,9.514680277789012e-05
15012,9.004081221064553e-05
15013,8.368016278836876e-05
15014,0.00015762221300974488
15015,0.0001130966265918687
15016,0.00014161388389766216
15017,6.474099063780159e-05
15018,2.0366027456475422e-05
15019,0.00013525156828109175
15020,0.00022897557937540114
15021,3.1117167964112014e-05
15022,8.592996164225042e-05
15023,1.8084612747770734e-05
15024,1.5376277588075027e-05
15025,0.00013284393935464323
15026,0.0002273904683534056
15027,2.3734004571451806e-05
15028,4.730743239633739e-05
15029,6.790721090510488e-05
15030,9.849322668742388e-05
15031,0.00013151363236829638
15032,8.138531120494008e-05
15033,2.6434796382091008e-05
15034,0.0003378258552402258
15035,0.00014231976820155978
15036,9.871490328805521e-05
15037,5.3876970923738554e-05
15038,1.617191628611181e-05
15039,7.620153337484226e-05
15040,4.986637577530928e-05
15041,0.0002797090564854443
15042,6.722479884047061e-05
15043,0.00025175430346280336
15044,4.2176317947451025e-05
15045,3.3560925658093765e-05
15046,3.342248237458989e-05
15047,4.590178286889568e-05
15048,2.725379090406932e-05
15049,0.00015415626694448292
15050,7.266608736244962e-05
15051,0.0003265161649324
15052,1.564874401083216e-05
15053,5.909775791224092e-05
15054,3.7898051232332364e-05
15055,5.702921043848619e-05
15056,1.7256154023925774e-05
15057,9.063568722922355e-05
15058,0.00011082058335887268
15059,1.660229463595897e-05
15060,6.588348333025351e-05
15061,0.00010213459609076381
15062,0.0001631890336284414
15063,0.00012787316518370062
15064,9.237224730895832e-05
15065,6.109836976975203e-05
15066,6.46111584501341e-05
15067,0.00015622374485246837
15068,0.00014729914255440235
15069,7.067597471177578e-05
15070,1.5596848243148997e-05
15071,2.1451558495755307e-05
15072,0.00012068916112184525
15073,0.00024044782912824303
15074,0.00011247792281210423
15075,2.4184239009628072e-05
15076,1.7237780411960557e-05
15077,1.7715199646772817e-05
15078,6.463508179876953e-05
15079,4.770331725012511e-05
15080,8.943886314227711e-06
15081,0.00010250788909615949
15082,0.0002244500647066161
15083,0.00011682238255161792
15084,0.00012885559408459812
15085,0.00011178458225913346
15086,6.558954919455573e-05
15087,2.3693341063335538e-05
15088,0.00010407673107692972
15089,0.00011220815940760076
15090,0.00022366290795616806
15091,3.874081448884681e-05
15092,8.88219365151599e-05
15093,0.00017053799820132554
15094,0.00011652183457044885
15095,6.772691267542541e-05
15096,3.304106212453917e-05
15097,7.31777836335823e-05
15098,4.3201180233154446e-05
15099,0.00015835736121516675
15100,0.00019761413568630815
15101,8.771678403718397e-05
15102,9.68874228419736e-05
15103,1.3994883374834899e-05
15104,6.19829588686116e-05
15105,3.4596421755850315e-05
15106,2.1533473045565188e-05
15107,1.2917109415866435e-05
15108,1.0756844858406112e-05
15109,0.000158894486958161
15110,6.736646173521876e-05
15111,0.00010094678145833313
15112,9.030592627823353e-05
15113,9.330290777143091e-05
15114,6.075595229049213e-05
15115,0.00014964677393436432
15116,5.1110539061482996e-05
15117,0.00011558872938621789
15118,0.00011496157094370574
15119,0.0001599601237103343
15120,0.0001908277190523222
15121,3.023883982677944e-05
15122,3.267565625719726e-05
15123,7.301011646632105e-05
15124,4.2902793211396784e-05
15125,2.4928573111537844e-05
15126,3.954147905460559e-05
15127,5.983512528473511e-05
15128,2.6934492780128494e-05
15129,5.619490912067704e-05
15130,5.518431862583384e-06
15131,1.907428122649435e-05
15132,0.0002882712287828326
15133,0.00015498213178943843
15134,7.024046499282122e-05
15135,6.591940473299474e-05
15136,4.756207636091858e-05
15137,0.00012117662117816508
15138,7.231214840430766e-05
15139,6.206208490766585e-05
15140,1.4189236935635563e-05
15141,5.3011357522336766e-05
15142,0.00031889084493741393
15143,0.00026655726833269
15144,1.6550911823287606e-05
15145,0.0001667352917138487
15146,6.888317147968337e-05
15147,7.917773473309353e-05
15148,0.00023846216208767146
15149,3.7685786082874984e-05
15150,0.00011528725735843182
15151,0.00010803084296640009
15152,0.00014659327280241996
15153,7.855458534322679e-06
15154,0.00015625132073182613
15155,3.5752418625634164e-05
15156,8.457007061224431e-05
15157,6.987821689108387e-05
15158,0.00019300980784464628
15159,6.128213135525584e-05
15160,6.98418662068434e-05
15161,5.7973731600213796e-05
15162,0.0002907875459641218
15163,0.00010912402649410069
15164,1.68895330716623e-05
15165,0.0002169380459235981
15166,5.434796548797749e-05
15167,6.943715561646968e-05
15168,8.054556383285671e-05
15169,1.986388633667957e-05
15170,0.00012315617641434073
15171,4.745930345961824e-05
15172,9.179848348139785e-06
15173,3.535698488121852e-05
15174,5.194310506340116e-05
15175,3.3441276173107326e-05
15176,0.00014939220272935927
15177,1.2643609807128087e-05
15178,0.00011057320807594806
15179,8.139620331348851e-05
15180,5.376170884119347e-05
15181,0.00020129408221691847
15182,8.381173392990604e-05
15183,3.5227363696321845e-05
15184,5.0788908993126824e-05
15185,9.549903916195035e-05
15186,0.00013292068615555763
15187,8.267085650004447e-05
15188,5.233175033936277e-05
15189,0.00010378620936535299
15190,3.518810262903571e-05
15191,0.00019164517289027572
15192,1.2571877959999256e-05
15193,2.6365458325017244e-05
15194,0.00012824608711525798
15195,2.4608534658909775e-05
15196,6.937859143363312e-05
15197,1.6810565284686163e-05
15198,8.528499893145636e-05
15199,0.00012822571443393826
15200,8.200914453482255e-05
15201,5.866068386239931e-05
15202,7.954263128340244e-05
15203,0.0002062326529994607
15204,7.36952424631454e-05
15205,5.471734039019793e-05
15206,4.171998443780467e-05
15207,3.224170359317213e-05
15208,4.692544098361395e-05
15209,9.151693666353822e-05
15210,3.5562490666052327e-05
15211,0.00012658732885029167
15212,0.00028806764748878777
15213,0.00010142674727831036
15214,8.995919779408723e-05
15215,0.0001797797012841329
15216,0.00010173959890380502
15217,0.00027764844708144665
15218,0.00012274691835045815
15219,1.0560567716311198e-05
15220,0.00013093778397887945
15221,2.660406426002737e-05
15222,1.762161082297098e-05
15223,5.854661139892414e-05
15224,0.00018105885828845203
15225,1.6959205822786316e-05
15226,0.00010735485557233915
15227,0.00012118297308916226
15228,0.00012371047341730446
15229,0.00015589603572152555
15230,3.511228715069592e-05
15231,0.00013761239824816585
15232,0.00011854505282826722
15233,0.00012422999134287238
15234,2.5941841158783063e-05
15235,2.2758700652047992e-05
15236,6.551432306878269e-05
15237,4.0060054743662477e-05
15238,6.262438546400517e-05
15239,2.5120918508036993e-05
15240,6.72507521812804e-05
15241,0.00019886685186065733
15242,0.00027062598383054137
15243,1.8296559574082494e-05
15244,2.590354415588081e-05
15245,4.766006168210879e-05
15246,8.094441000139341e-05
15247,1.4069942153582815e-05
15248,1.1789947166107595e-05
15249,0.00016161301755346358
15250,3.242722596041858e-05
15251,0.0001035436216625385
15252,8.595649705966935e-05
15253,1.3237741768534761e-05
15254,1.3455814041662961e-05
15255,2.09072713914793e-05
15256,1.3141138879291248e-05
15257,4.545109550235793e-05
15258,4.5372769818641245e-05
15259,4.2812025640159845e-05
15260,3.9405385905411094e-05
15261,4.30711152148433e-05
15262,1.0149679837923031e-05
15263,8.431564492639154e-05
15264,6.898102583363652e-05
15265,9.763496564119123e-06
15266,3.3398220693925396e-05
15267,5.4163789172889665e-05
15268,2.632829091453459e-05
15269,1.8130122043658048e-05
15270,0.00014403785462491214
15271,8.03148141130805e-05
15272,4.733536479761824e-05
15273,7.748338248347864e-05
15274,9.503139153821394e-05
15275,8.320498454850167e-05
15276,4.2127558117499575e-05
15277,7.838024612283334e-05
15278,0.00014519179239869118
15279,0.00010008979734266177
15280,0.00010260779527015984
15281,5.440989480121061e-05
15282,1.1979388546023984e-05
15283,0.00013674763613380492
15284,0.00011406870908103883
15285,7.999167428351939e-05
15286,1.2592398888955358e-05
15287,0.00012622278882190585
15288,8.445395360467955e-05
15289,4.802140028914437e-05
15290,8.167546184267849e-05
15291,8.10030905995518e-05
15292,0.00035857612965628505
15293,0.00022362922027241439
15294,3.213185118511319e-05
15295,2.6062558390549384e-05
15296,1.9011862605111673e-05
15297,4.0173952584154904e-05
15298,0.00011874365736730397
15299,0.00034942146157845855
15300,0.00010352958634030074
15301,3.517714503686875e-05
15302,3.409960481803864e-05
15303,5.9420672187116e-05
15304,2.2743737645214424e-05
15305,3.004643258464057e-05
15306,4.9074296839535236e-05
15307,4.368556983536109e-05
15308,0.00012516387505456805
15309,1.4525317965308204e-05
15310,0.00012691918527707458
15311,0.00023581378627568483
15312,8.980588609119877e-05
15313,1.6569110812270083e-05
15314,0.0001117405918193981
15315,4.151072062086314e-05
15316,8.790755964582786e-05
15317,1.3877020137442742e-05
15318,0.0003686970449052751
15319,5.626564234262332e-05
15320,6.247597048059106e-05
15321,4.208815880701877e-05
15322,2.6641688236850314e-05
15323,9.45512147154659e-05
15324,0.00011140726564917713
15325,1.898096888908185e-05
15326,2.168397986679338e-05
15327,8.927192538976669e-05
15328,9.027047781273723e-05
15329,0.00012041883019264787
15330,0.00011295403965050355
15331,6.767507875338197e-05
15332,0.0002118211705237627
15333,0.0001343594049103558
15334,1.0934618330793455e-05
15335,7.627872400917113e-05
15336,2.8029953682562336e-05
15337,0.00015829416224732995
15338,0.0002739455667324364
15339,3.520763493725099e-05
15340,8.948596951086074e-05
15341,2.5633104087319225e-05
15342,6.8993991590105e-05
15343,4.4697571865981445e-05
15344,6.940672756172717e-05
15345,8.805555989965796e-05
15346,4.296346742194146e-05
15347,0.00010647426097420976
15348,4.439671101863496e-05
15349,3.450748044997454e-05
15350,7.07542130840011e-05
15351,0.0001406444062013179
15352,6.633363227592781e-05
15353,8.85952467797324e-05
15354,7.893002475611866e-05
15355,0.00011181648005731404
15356,5.435404818854295e-05
15357,3.0963969038566574e-05
15358,0.0001428179966751486
15359,0.00015460269059985876
15360,4.1341343603562564e-05
15361,4.30787076766137e-05
15362,2.717010283959098e-05
15363,6.760099495295435e-05
15364,1.2541804608190432e-05
15365,4.1638679249444976e-05
15366,0.00012217648327350616
15367,1.679297383816447e-05
15368,0.00010625469440128654
15369,6.571560516022146e-05
15370,7.86132732173428e-05
15371,2.0195782781229354e-05
15372,8.876645733835176e-05
15373,8.895735663827509e-05
15374,1.5781493857502937e-05
15375,4.6859855501679704e-05
15376,1.9499490008456632e-05
15377,4.4583888666238636e-05
15378,9.295726340496913e-05
15379,8.892749610822648e-05
15380,0.00013095245230942965
15381,1.8204704247182235e-05
15382,3.190263669239357e-05
15383,0.00016801818856038153
15384,0.0001454455778002739
15385,4.856412851950154e-05
15386,1.3465496522258036e-05
15387,1.9666560547193512e-05
15388,0.00017464345728512853
15389,0.00023449868604075164
15390,5.2571216656360775e-05
15391,0.00011094948422396556
15392,5.542241342482157e-05
15393,0.00019721980788744986
15394,5.419788431026973e-05
15395,7.975896005518734e-05
15396,4.653670475818217e-05
15397,9.8551667178981e-05
15398,9.505506022833288e-05
15399,6.103230407461524e-05
15400,8.759860065765679e-05
15401,5.918623355682939e-05
15402,2.1857711544726044e-05
15403,3.8467860576929525e-05
15404,5.217517173150554e-05
15405,5.9957812482025474e-05
15406,0.00032366509549319744
15407,3.607109101722017e-05
15408,8.791782602202147e-05
15409,0.0001277256669709459
15410,8.832255844026804e-05
15411,7.482835644623265e-05
15412,5.997445259708911e-05
15413,0.00011488422023830935
15414,6.611848948523402e-05
15415,6.972809205763042e-05
15416,7.933785673230886e-05
15417,2.1372270566644147e-05
15418,6.664497050223872e-05
15419,0.00014156100223772228
15420,2.696733281482011e-05
15421,7.772687240503728e-05
15422,0.00012954973499290645
15423,0.0001637072127778083
15424,1.3876901903131511e-05
15425,0.0001472074945922941
15426,6.135569128673524e-05
15427,4.952686504111625e-05
15428,1.8937858840217814e-05
15429,5.8504727348918095e-05
15430,1.641334529267624e-05
15431,1.406412775395438e-05
15432,0.00016811203386168927
15433,2.6314140995964408e-05
15434,7.364047633018345e-05
15435,6.679815123789012e-05
15436,5.773390148533508e-05
15437,0.00010685239249141887
15438,0.00014476414071395993
15439,6.832352664787322e-05
15440,4.0684157283976674e-05
15441,0.00012547706137411296
15442,9.953369954018854e-06
15443,4.979582809028216e-05
15444,0.00010428893438074738
15445,1.2210226486786269e-05
15446,0.00010438495519338176
15447,9.02920583030209e-05
15448,7.920771895442158e-05
15449,0.00013996836787555367
15450,6.620032945647836e-05
15451,0.00024124939227476716
15452,1.8152562915929593e-05
15453,0.0002416720089968294
15454,0.0003141529450658709
15455,0.0001448538969270885
15456,2.2914558940101415e-05
15457,1.5007545698608737e-05
15458,0.00016963561938609928
15459,6.740837852703407e-05
15460,5.3296978876460344e-05
15461,1.4848568753222935e-05
15462,0.00011239916057093069
15463,0.00018767057918012142
15464,8.377044287044555e-05
15465,1.2406562746036798e-05
15466,4.9447342462372035e-05
15467,3.779721009777859e-05
15468,2.6248379072058015e-05
15469,0.00010550972365308553
15470,0.00016354322724509984
15471,6.412908260244876e-05
15472,8.044042624533176e-05
15473,5.564380990108475e-05
15474,0.00012440458522178233
15475,7.311521039810032e-05
15476,2.0710091121145524e-05
15477,0.0001610699837328866
15478,3.240798832848668e-05
15479,1.7925360225490294e-05
15480,1.5210294805001467e-05
15481,9.276447963202372e-05
15482,0.00030350094311870635
15483,4.831401747651398e-05
15484,1.1025826097466052e-05
15485,3.0242248612921685e-05
15486,2.908473470597528e-05
15487,8.628018986200914e-05
15488,6.606517126783729e-05
15489,6.522695912281051e-05
15490,5.729193435399793e-05
15491,0.00014780439960304648
15492,0.00011993855878245085
15493,7.330194057431072e-05
15494,6.755858339602128e-05
15495,0.00016063835937529802
15496,0.00013968715211376548
15497,8.304862421937287e-05
15498,1.4218550859368406e-05
15499,4.5179040171206e-05
15500,3.2813826692290604e-05
15501,6.437249248847365e-05
15502,0.00012124063505325466
15503,5.4193737014429644e-05
15504,1.8471397197572514e-05
15505,3.974061837652698e-05
15506,0.00023604242596775293
15507,2.8106009267503396e-05
15508,5.0669335905695334e-05
15509,6.792985368520021e-05
15510,9.814913209993392e-05
15511,0.00021458481205627322
15512,2.3229738872032613e-05
15513,6.971061520744115e-05
15514,2.1885589376324788e-05
15515,0.0001016761816572398
15516,0.00012744897685479373
15517,3.6206445656716824e-05
15518,6.248457066249102e-05
15519,4.659042679122649e-05
15520,0.0001014584704535082
15521,0.0002305385423824191
15522,4.28690982516855e-05
15523,2.0383926312206313e-05
15524,8.019058441277593e-05
15525,0.00010115784243680537
15526,7.676778477616608e-05
15527,6.068553921068087e-05
15528,6.966137152630836e-05
15529,3.1088209652807564e-05
15530,2.1490981453098357e-05
15531,4.0550923586124554e-05
15532,0.00020869830041192472
15533,9.633848094381392e-05
15534,3.2360938348574564e-05
15535,1.2822037206206005e-05
15536,3.0049672204768285e-05
15537,7.077078043948859e-05
15538,5.880674871150404e-05
15539,3.484753324300982e-05
15540,0.00013611139729619026
15541,6.776615919079632e-05
15542,0.00011502875713631511
15543,0.0002005423593800515
15544,0.0001118889995268546
15545,0.00015018825070001185
15546,6.683541869278997e-05
15547,0.0001211854032590054
15548,5.172917735762894e-05
15549,7.292279042303562e-05
15550,1.7584043234819546e-05
15551,1.4757488315808587e-05
15552,8.535335655324161e-05
15553,0.00011684501077979803
15554,1.0836569344974123e-05
15555,0.00014785080566070974
15556,8.109459304250777e-05
15557,8.89496150193736e-05
15558,8.013694605324417e-05
15559,2.051054070761893e-05
15560,6.408282206393778e-05
15561,0.00032883964013308287
15562,0.00011009350419044495
15563,8.600952423876151e-05
15564,2.245832365588285e-05
15565,4.6707955334568396e-05
15566,5.6954249885166064e-05
15567,3.9058912079781294e-05
15568,4.3959465983789414e-05
15569,0.0001444760273443535
15570,3.282566467532888e-05
15571,2.619591396069154e-05
15572,2.435228816466406e-05
15573,2.6501282263780013e-05
15574,8.882909241947345e-06
15575,0.000210620419238694
15576,0.0001817740558180958
15577,5.211005554883741e-05
15578,0.0001330469094682485
15579,0.00016825913917273283
15580,7.181688852142543e-05
15581,7.048719999147579e-05
15582,0.00015938738943077624
15583,1.4760209523956291e-05
15584,0.00012706778943538666
15585,0.00016440299805253744
15586,2.060220140265301e-05
15587,7.433652353938669e-05
15588,0.00010887091048061848
15589,5.430830788100138e-05
15590,0.00010173658665735275
15591,6.828881305409595e-05
15592,5.782456719316542e-05
15593,0.00013522121298592538
15594,3.8219692214624956e-05
15595,0.00016837949806358665
15596,4.232233914081007e-05
15597,4.379075107863173e-05
15598,9.088614024221897e-05
15599,3.0245584639487788e-05
15600,0.00020982603018637747
15601,2.5393246687599458e-05
15602,0.00017090026813093573
15603,0.00020442131790332496
15604,1.2473875358409714e-05
15605,8.003594120964408e-05
15606,8.780138159636408e-05
15607,2.5925848603947088e-05
15608,1.3662913261214271e-05
15609,0.00012488409993238747
15610,8.814709144644439e-05
15611,8.487302693538368e-05
15612,0.00023165816674008965
15613,0.0002224386262241751
15614,0.00015625420201104134
15615,5.150587094249204e-05
15616,6.475459667854011e-05
15617,7.782764441799372e-05
15618,4.915698809782043e-05
15619,6.727777508785948e-05
15620,5.103454168420285e-05
15621,4.9595186283113435e-05
15622,8.489683386869729e-05
15623,7.822911720722914e-05
15624,0.00014020767412148416
15625,4.2906467569991946e-05
15626,6.900339212734252e-05
15627,1.206462547997944e-05
15628,8.892389450920746e-05
15629,2.8132250008638948e-05
15630,9.971096005756408e-05
15631,0.00010071914584841579
15632,4.48781211161986e-05
15633,0.00014450878370553255
15634,9.05643537407741e-05
15635,2.1413718059193343e-05
15636,4.094497126061469e-05
15637,8.45328759169206e-05
15638,2.0851070075877942e-05
15639,0.00014027657744009048
15640,5.944605800323188e-05
15641,2.4470524294883944e-05
15642,0.0001853155845310539
15643,0.0001418357715010643
15644,0.00013989544822834432
15645,0.00010515854955883697
15646,8.877228538040072e-05
15647,8.494928624713793e-05
15648,9.853203664533794e-06
15649,0.0001290142972720787
15650,9.103365300688893e-05
15651,2.637992292875424e-05
15652,4.30895306635648e-05
15653,0.00012981175677850842
15654,2.5404751795576885e-05
15655,0.0001786737993825227
15656,7.320778968278319e-05
15657,0.0002304883673787117
15658,5.16366635565646e-05
15659,1.5032075680210255e-05
15660,0.00015361349505838007
15661,0.0002271279226988554
15662,0.00014821496733929962
15663,0.00022409844677895308
15664,0.0002229186793556437
15665,0.00014051442849449813
15666,0.00013909484550822526
15667,0.00012534885900095105
15668,0.00015772768529132009
15669,5.5767370213288814e-05
15670,1.2404258086462505e-05
15671,4.945058753946796e-05
15672,1.1253501725150272e-05
15673,7.449276745319366e-05
15674,0.00016870602848939598
15675,1.4615190593758598e-05
15676,6.182280776556581e-05
15677,0.00016259420954156667
15678,7.905473466962576e-05
15679,6.29689238849096e-05
15680,3.9175982237793505e-05
15681,7.027346146060154e-05
15682,0.0002103347796946764
15683,8.236352732637897e-05
15684,4.230329068377614e-05
15685,4.569494194583967e-05
15686,0.0001623396237846464
15687,0.00012159941252321005
15688,7.355352863669395e-05
15689,0.0001279880088986829
15690,0.0002102345897583291
15691,0.0001155247155111283
15692,8.269891259260476e-05
15693,2.892461634473875e-05
15694,0.00010208106687059626
15695,0.0001232609065482393
15696,3.194115561200306e-05
15697,1.7073849448934197e-05
15698,0.00019474673899821937
15699,0.0001459808845538646
15700,0.00015794923820067197
15701,0.00023177942784968764
15702,3.144030779367313e-05
15703,8.531649655196816e-05
15704,8.962427091319114e-05
15705,0.00016391424287576228
15706,1.8776099750539288e-05
15707,5.665270873578265e-05
15708,4.131194145884365e-05
15709,9.6012263384182e-06
15710,0.000526200863532722
15711,0.00013355992268770933
15712,3.515869684633799e-05
15713,1.5091552086232696e-05
15714,4.6153058065101504e-05
15715,8.967486792244017e-05
15716,6.285727431531996e-05
15717,6.096614743000828e-05
15718,6.764964200556278e-05
15719,1.029911345540313e-05
15720,0.0004365903732832521
15721,0.00012783502461388707
15722,4.8013396735768765e-05
15723,9.399796908837743e-06
15724,6.119925092207268e-05
15725,7.859233846829738e-06
15726,0.0001393707061652094
15727,5.295891605783254e-05
15728,1.883913137135096e-05
15729,4.057399200974032e-05
15730,0.00019056697783526033
15731,0.00013368188228923827
15732,6.594408478122205e-05
15733,4.280132634448819e-05
15734,7.759162690490484e-05
15735,0.00020600282005034387
15736,5.469417374115437e-05
15737,8.126151078613475e-05
15738,7.388197991531342e-05
15739,6.209801358636469e-05
15740,6.351212505251169e-05
15741,5.189472722122446e-05
15742,9.075002162717283e-05
15743,1.7134767404058948e-05
15744,0.00013383719488047063
15745,0.0001645914016989991
15746,8.466361032333225e-05
15747,4.344632907304913e-05
15748,6.720792589476332e-05
15749,6.666312401648611e-05
15750,1.95638021978084e-05
15751,1.7295516954618506e-05
15752,7.488367555197328e-05
15753,2.1639310944010504e-05
15754,0.00014931551413610578
15755,6.216004840098321e-05
15756,0.000164599041454494
15757,8.278471068479121e-05
15758,0.0001455278688808903
15759,8.028832962736487e-05
15760,0.0001986254210351035
15761,0.00010239587572868913
15762,0.00029048608848825097
15763,3.7572990549961105e-05
15764,0.00020207402121741325
15765,0.0002519516274333
15766,3.116047446383163e-05
15767,4.2508843762334436e-05
15768,3.124347858829424e-05
15769,5.299314216244966e-05
15770,0.00014428404392674565
15771,1.2263117241673172e-05
15772,4.958504723617807e-05
15773,2.8021320758853108e-05
15774,0.00013127092097420245
15775,9.92821587715298e-05
15776,0.0001880150375654921
15777,9.288320870837197e-05
15778,2.62608882621862e-05
15779,4.325314876041375e-05
15780,8.452532347291708e-05
15781,3.7721598346251994e-05
15782,0.00015495090337935835
15783,3.982278940384276e-05
15784,0.0001167468581115827
15785,9.846856846706942e-05
15786,2.100078563671559e-05
15787,0.00019940253696404397
15788,2.632415635162033e-05
15789,7.447986718034372e-05
15790,4.2696719901869074e-05
15791,3.221699080313556e-05
15792,0.0001232498761964962
15793,6.3275387219619e-05
15794,0.00010353562538512051
15795,0.00017885728448163718
15796,6.767096783732995e-05
15797,5.912102642469108e-05
15798,1.257642543350812e-05
15799,5.241851613391191e-05
15800,9.639165364205837e-05
15801,3.0184028219082393e-05
15802,6.417831173166633e-05
15803,8.045797585509717e-05
15804,0.0001266854233108461
15805,1.737911588861607e-05
15806,0.00030229100957512856
15807,8.83336178958416e-06
15808,0.00016497107571922243
15809,6.850367208244279e-05
15810,3.8922724343137816e-05
15811,0.00022870118846185505
15812,3.143133653793484e-05
15813,5.400512964115478e-05
15814,0.000293883727863431
15815,0.00011965203157160431
15816,1.2971333489986137e-05
15817,9.840408165473491e-05
15818,0.0001915737520903349
15819,0.00012779951794072986
15820,9.523904009256512e-05
15821,7.229665789054707e-05
15822,4.2009873141068965e-05
15823,7.131393067538738e-05
15824,0.00013546503032557666
15825,6.974276038818061e-05
15826,1.3650169421453029e-05
15827,9.024114842759445e-05
15828,0.00020859416690655053
15829,3.354892760398798e-05
15830,8.195365080609918e-05
15831,0.00012884796888101846
15832,8.36549952509813e-05
15833,1.6424386558355764e-05
15834,3.347361052874476e-05
15835,0.00020221935119479895
15836,0.00011485752474982291
15837,0.00012649745622184128
15838,3.889047002303414e-05
15839,6.923728506080806e-05
15840,1.2549727216537576e-05
15841,8.24946109787561e-05
15842,2.1918256607023068e-05
15843,8.746844105189666e-05
15844,0.0004982736427336931
15845,1.8435668607708067e-05
15846,7.050309068290517e-05
15847,1.9550579963834025e-05
15848,0.0001530313747934997
15849,1.2723112376988865e-05
15850,0.0001206240413011983
15851,0.00019601991516537964
15852,1.4653682228527032e-05
15853,7.152774196583778e-05
15854,7.480756903532892e-05
15855,1.7101128833019175e-05
15856,4.642426210921258e-05
15857,0.00011232496035518125
15858,8.266376971732825e-05
15859,0.00010378945444244891
15860,7.079800707288086e-05
15861,6.788768223486841e-05
15862,7.07944855093956e-05
15863,8.876992069417611e-05
15864,6.770815525669605e-05
15865,4.4221815187484026e-05
15866,1.598642484168522e-05
15867,2.0450170268304646e-05
15868,0.0001392946287523955
15869,2.894111821660772e-05
15870,2.0971105186617933e-05
15871,7.044686208246276e-05
15872,7.796668069204316e-05
15873,0.00016495214367751032
15874,8.655770216137171e-05
15875,3.3389165764674544e-05
15876,2.664963722054381e-05
15877,5.6701028370298445e-05
15878,0.00012238514318596572
15879,0.00016108760610222816
15880,5.387696728575975e-05
15881,5.952070205239579e-05
15882,9.708853031042963e-05
15883,0.0004910320276394486
15884,2.0026243873871863e-05
15885,4.1374703869223595e-05
15886,8.344998059328645e-05
15887,0.00011961562267970294
15888,0.00012285102275200188
15889,0.00010213186760665849
15890,0.00012537589645944536
15891,0.0002028838498517871
15892,6.166980892885476e-05
15893,4.846658339374699e-05
15894,2.1080097212688997e-05
15895,5.9452133427839726e-05
15896,9.545159991830587e-05
15897,0.00012697582133114338
15898,4.6356915845535696e-05
15899,3.121377085335553e-05
15900,1.383388735121116e-05
15901,0.0001131174576585181
15902,0.00018961416208185256
15903,3.216664481442422e-05
15904,1.4280416507972404e-05
15905,8.445563435088843e-05
15906,1.3677844435733277e-05
15907,4.261120193405077e-05
15908,0.00015376193914562464
15909,0.000246690702624619
15910,0.00015145898214541376
15911,0.00010576905333437026
15912,6.195183959789574e-05
15913,6.684857453365112e-06
15914,0.0001427006791345775
15915,9.508798029855825e-06
15916,6.978216697461903e-05
15917,0.00025180354714393616
15918,0.00020648316422011703
15919,6.691199087072164e-05
15920,0.0001009420957416296
15921,3.656653279904276e-05
15922,8.43505549710244e-05
15923,7.128853758331388e-05
15924,0.0001422049244865775
15925,0.0002030514442594722
15926,0.00014817100600339472
15927,5.3282004955690354e-05
15928,7.958340574987233e-05
15929,5.06122742081061e-05
15930,6.315383507171646e-05
15931,7.95546657172963e-05
15932,0.00010655038931872696
15933,1.3536297046812251e-05
15934,1.1623682439676486e-05
15935,4.22880330006592e-05
15936,6.887043127790093e-05
15937,2.535834937589243e-05
15938,4.60536903119646e-05
15939,0.00013424611825030297
15940,0.0002561094588600099
15941,8.633056131657213e-05
15942,0.00011555798118934035
15943,0.0001614643115317449
15944,5.489585964824073e-05
15945,6.197126640472561e-05
15946,0.0003519547753967345
15947,7.397763693006709e-05
15948,0.00011954334331676364
15949,4.558339423965663e-05
15950,5.253181006992236e-05
15951,4.715855175163597e-05
15952,3.109764293185435e-05
15953,5.103536386741325e-05
15954,2.4428663891740143e-05
15955,3.235754411434755e-05
15956,9.643330122344196e-05
15957,3.836696487269364e-05
15958,7.111225568223745e-05
15959,7.364196790149435e-05
15960,7.282273872988299e-05
15961,0.0001526143605588004
15962,0.00011320038174744695
15963,0.00014363331138156354
15964,0.00021103241306263953
15965,5.922383570577949e-05
15966,8.622159657534212e-05
15967,7.824465137673542e-05
15968,8.474975766148418e-05
15969,5.242337647359818e-05
15970,1.0699870472308248e-05
15971,0.0001949748257175088
15972,4.268715565558523e-05
15973,0.00022808893118053675
15974,1.796839205780998e-05
15975,5.6472090363968164e-05
15976,0.00018051821098197252
15977,7.023903890512884e-05
15978,7.817540608812124e-05
15979,5.520780541701242e-05
15980,9.168153337668628e-05
15981,0.00015813559002708644
15982,0.000313500058837235
15983,9.175698505714536e-05
15984,7.471392746083438e-05
15985,0.00012775840878020972
15986,0.00011306199303362519
15987,0.0002491195627953857
15988,1.4458207260759082e-05
15989,8.105082088150084e-05
15990,3.345012373756617e-05
15991,1.6411402611993253e-05
15992,2.3617638362338766e-05
15993,3.6288452974986285e-05
15994,6.569042307091877e-05
15995,3.5510056477505714e-05
15996,3.400635614525527e-05
15997,4.330740193836391e-05
15998,5.663489719154313e-05
15999,4.8926791350822896e-05
16000,3.0130011509754695e-05
16001,8.193584653781727e-05
16002,2.5152723537757993e-05
16003,5.1534283556975424e-05
16004,2.724991827562917e-05
16005,3.5093929909635335e-05
16006,1.7435388144804165e-05
16007,2.8644193662330508e-05
16008,1.232972317666281e-05
16009,9.09569498617202e-05
16010,2.8067235689377412e-05
16011,7.992985047167167e-05
16012,0.000153063127072528
16013,5.0835467845899984e-05
16014,5.411606980487704e-05
16015,1.2321006579441018e-05
16016,2.7204758225707337e-05
16017,0.00021973946422804147
16018,2.543405571486801e-05
16019,0.00011117840767838061
16020,0.000148928738781251
16021,0.00018349413585383445
16022,4.4065465772291645e-05
16023,1.3638324162457138e-05
16024,1.5790736142662354e-05
16025,8.03965813247487e-05
16026,7.784439367242157e-05
16027,8.996765245683491e-05
16028,0.00010311384539818391
16029,7.608481155330082e-06
16030,7.485255628125742e-05
16031,5.205771594773978e-05
16032,0.00018203217769041657
16033,7.48613674659282e-05
16034,6.506053523480659e-06
16035,6.004141687299125e-05
16036,7.260612164827762e-06
16037,9.57647425821051e-05
16038,0.0001890432758955285
16039,5.651647370541468e-05
16040,2.5180765078403056e-05
16041,6.232749728951603e-05
16042,6.546481017721817e-05
16043,1.623190655664075e-05
16044,0.00013965419202577323
16045,1.5242481822497211e-05
16046,1.266205345018534e-05
16047,9.915543159877416e-06
16048,7.379222370218486e-05
16049,3.1389514333568513e-05
16050,2.804596078931354e-05
16051,2.2746298782294616e-05
16052,0.00012085500929970294
16053,6.134824070613831e-05
16054,3.401140565983951e-05
16055,1.6971725926850922e-05
16056,0.00019878428429365158
16057,3.3157572033815086e-05
16058,2.5900208129314706e-05
16059,2.8421878596418537e-05
16060,6.864646275062114e-05
16061,1.5947471183608286e-05
16062,6.352805212372914e-05
16063,7.05818019923754e-05
16064,5.3608215239364654e-05
16065,1.500204234616831e-05
16066,2.5470490072621033e-05
16067,4.601838008966297e-05
16068,3.370814010850154e-05
16069,6.47575652692467e-05
16070,0.00010439890320412815
16071,8.642641660117079e-06
16072,0.00012870423961430788
16073,4.302669913158752e-05
16074,3.963220660807565e-05
16075,0.00019724780577234924
16076,0.00013833228149451315
16077,7.836441363906488e-05
16078,5.279942706692964e-05
16079,4.3030522647313774e-05
16080,0.00013359630247578025
16081,0.00011670831008814275
16082,4.9721165851224214e-05
16083,0.00016348998178727925
16084,7.708636985626072e-05
16085,0.0001325275661656633
16086,9.026617044582963e-05
16087,1.5934778275550343e-05
16088,0.0002763534430414438
16089,2.407861393294297e-05
16090,4.376643482828513e-05
16091,5.5110322136897594e-05
16092,6.24175590928644e-05
16093,1.3714926353713963e-05
16094,6.714211485814303e-05
16095,7.383414049400017e-05
16096,0.00017345880041830242
16097,9.278378274757415e-05
16098,0.0001251304493052885
16099,3.622963777161203e-05
16100,9.079305164050311e-05
16101,4.01599463657476e-05
16102,7.033719157334417e-05
16103,2.432757719361689e-05
16104,8.213394903577864e-05
16105,4.2383842810522765e-05
16106,4.5105301978765056e-05
16107,8.828109275782481e-05
16108,6.382730498444289e-05
16109,7.12761320755817e-05
16110,0.00014327900134958327
16111,3.57000099029392e-05
16112,0.0002848558942787349
16113,0.00019154096662532538
16114,5.1974024245282635e-05
16115,3.389268749742769e-05
16116,1.6517853509867564e-05
16117,2.7722111553885043e-05
16118,0.00033162906765937805
16119,0.00010835492867045105
16120,0.000100877252407372
16121,8.955743396654725e-05
16122,7.995880878297612e-06
16123,0.00018409562471788377
16124,6.050665251677856e-05
16125,5.292065907269716e-05
16126,0.00013215237413533032
16127,6.719908014929388e-06
16128,0.00014040607493370771
16129,2.3459975636797026e-05
16130,6.892489909660071e-05
16131,0.00023713760310783982
16132,0.0001107921707443893
16133,7.214063225546852e-05
16134,0.00012348374002613127
16135,1.4922911759640556e-05
16136,2.7073616365669295e-05
16137,0.00013765593757852912
16138,2.052413583442103e-05
16139,6.943089101696387e-05
16140,0.00019435751892160624
16141,6.71247107675299e-05
16142,7.021914643701166e-05
16143,1.9028826500289142e-05
16144,2.2168471332406625e-05
16145,4.585499482345767e-05
16146,1.7877653590403497e-05
16147,9.777312516234815e-05
16148,6.536719592986628e-05
16149,9.205230890074745e-05
16150,0.00012451648944988847
16151,4.4199638068675995e-05
16152,3.261522942921147e-05
16153,5.299059193930589e-05
16154,2.6954778149956837e-05
16155,5.0185961299575865e-05
16156,7.968127465574071e-05
16157,0.00011843456013593823
16158,3.9115737308748066e-05
16159,0.0002686439547687769
16160,1.6574540495639667e-05
16161,1.0252808351651765e-05
16162,8.607244126324076e-06
16163,2.375721487624105e-05
16164,4.0334216464543715e-05
16165,2.8382037271512672e-05
16166,0.00020900955132674426
16167,6.337306695058942e-05
16168,3.349077815073542e-05
16169,3.0460469133686274e-05
16170,0.0001483502855990082
16171,4.716756666311994e-05
16172,0.00011874322080984712
16173,0.00010876405576709658
16174,7.740003638900816e-05
16175,0.00021394010400399566
16176,0.00012616139429155737
16177,1.1554791853995994e-05
16178,0.00012432636867742985
16179,8.097014506347477e-05
16180,0.00019328092457726598
16181,1.1883458682859782e-05
16182,8.942544809542596e-05
16183,1.1729520338121802e-05
16184,0.0002406962012173608
16185,0.00013464991934597492
16186,8.641323074698448e-05
16187,5.940409755567089e-05
16188,0.00042025724542327225
16189,1.037925721902866e-05
16190,1.1938689567614347e-05
16191,0.0001177540616481565
16192,6.918711005710065e-05
16193,0.0001477855403209105
16194,0.00013920893252361566
16195,4.1636027162894607e-05
16196,8.548116602469236e-05
16197,3.381302303750999e-05
16198,6.116802978795022e-05
16199,1.9478926333249547e-05
16200,7.192617340479046e-05
16201,6.44644460408017e-05
16202,7.224104774650186e-05
16203,9.529793896945193e-05
16204,4.5594832045026124e-05
16205,3.383411967661232e-05
16206,0.00020139179832767695
16207,0.00012536713620647788
16208,8.08512995718047e-05
16209,9.329152817372233e-05
16210,0.00011560661369003356
16211,0.00033343787072226405
16212,9.303579281549901e-05
16213,7.516379992011935e-05
16214,3.1633200705982745e-05
16215,2.4964025215012953e-05
16216,3.9864753489382565e-05
16217,6.217315967660397e-05
16218,5.806715489597991e-05
16219,0.00014935478975530714
16220,8.628266368759796e-05
16221,1.2144655556767248e-05
16222,7.386143988696858e-05
16223,1.175386569229886e-05
16224,7.408559031318873e-05
16225,1.2136996701883618e-05
16226,0.0001993701735045761
16227,7.081739022396505e-05
16228,0.00016419179155491292
16229,3.526957152644172e-05
16230,0.00018359493697062135
16231,0.00018618184549268335
16232,9.903712634695694e-05
16233,3.504987762426026e-05
16234,4.8475529183633626e-05
16235,0.00012870022328570485
16236,0.00012986701040063053
16237,5.954026710242033e-05
16238,0.00017653469694778323
16239,4.3574098526732996e-05
16240,1.8315342458663508e-05
16241,6.3028943259269e-05
16242,2.3838922061258927e-05
16243,1.9317369151394814e-05
16244,5.8748253650264814e-05
16245,8.223237819038332e-05
16246,6.894244870636612e-05
16247,3.7074958527227864e-05
16248,6.114695861469954e-05
16249,0.00017117455718107522
16250,9.284995758207515e-05
16251,9.294942174165044e-06
16252,9.269103611586615e-05
16253,0.0001499900536146015
16254,0.00011880692181875929
16255,2.6068570150528103e-05
16256,7.450154953403398e-05
16257,0.00012354645878076553
16258,0.00015497957065235823
16259,0.00013279920676723123
16260,8.820282528176904e-05
16261,1.744057772157248e-05
16262,1.4059235581953544e-05
16263,0.00011271402763668448
16264,1.0365135494794231e-05
16265,0.00021191511768847704
16266,0.00010336792911402881
16267,0.00020486992434598505
16268,5.636421701638028e-05
16269,0.00011730974074453115
16270,5.4195988923311234e-05
16271,6.038029459887184e-05
16272,0.00023752788547426462
16273,0.00012336134386714548
16274,1.922773662954569e-05
16275,1.765421620802954e-05
16276,1.0744508472271264e-05
16277,0.00013053746079094708
16278,1.987059658858925e-05
16279,0.00036052416544407606
16280,0.0001138977095251903
16281,7.454575825249776e-05
16282,1.956719825102482e-05
16283,0.00011678411101456732
16284,6.483787728939205e-05
16285,6.397398828994483e-05
16286,7.545748667325824e-05
16287,4.830647958442569e-05
16288,4.5157667045714334e-05
16289,0.00010340497829020023
16290,0.00011586447362788022
16291,7.701989670749754e-05
16292,8.360676292795688e-05
16293,7.518346683355048e-05
16294,0.00024490701616741717
16295,2.0989482436561957e-05
16296,9.322322512161918e-06
16297,1.4349820048664697e-05
16298,7.588069274788722e-05
16299,2.914447759394534e-05
16300,9.620471973903477e-05
16301,8.087942842394114e-05
16302,7.494346937164664e-05
16303,1.699099811958149e-05
16304,6.244789983611554e-05
16305,0.00012253611930646002
16306,0.00011982957948930562
16307,2.8354614187264815e-05
16308,0.0001226033637067303
16309,4.0259514207718894e-05
16310,0.00026768603129312396
16311,0.00016434401914011687
16312,9.900137956719846e-05
16313,0.00016146671259775758
16314,0.00011364086822140962
16315,0.00012427482579369098
16316,1.2628797776415013e-05
16317,6.78553624311462e-05
16318,3.241448575863615e-05
16319,8.542949944967404e-05
16320,1.1539459592313506e-05
16321,5.3747262427350506e-05
16322,3.7596433685394004e-05
16323,9.055320333573036e-06
16324,4.7258716222131625e-05
16325,0.0002139800344593823
16326,6.994058639975265e-05
16327,0.00021959864534437656
16328,4.183318742434494e-05
16329,9.962095646187663e-05
16330,0.0001792471157386899
16331,1.9145347323501483e-05
16332,8.371518924832344e-05
16333,0.00014424801338464022
16334,4.8537724069319665e-05
16335,0.0001709341158857569
16336,3.876964910887182e-05
16337,0.00012018316192552447
16338,2.969468550872989e-05
16339,6.54894483886892e-06
16340,2.804684845614247e-05
16341,7.357093272730708e-05
16342,0.00019957493350375444
16343,8.330722630489618e-05
16344,3.9774524339009076e-05
16345,0.00022647152945864946
16346,3.637989721028134e-05
16347,7.401050243061036e-05
16348,2.907980524469167e-05
16349,3.7435289414133877e-05
16350,0.00010227873281110078
16351,7.250934140756726e-05
16352,4.6548302634619176e-05
16353,0.00012785251601599157
16354,0.00010479830962140113
16355,0.0001842912461142987
16356,6.730653694830835e-05
16357,2.979167220473755e-05
16358,0.0003483389155007899
16359,8.079914550762624e-05
16360,7.597404874104541e-06
16361,9.24460036912933e-05
16362,7.528015703428537e-05
16363,1.0349692274758127e-05
16364,1.6849244275363162e-05
16365,5.334664820111357e-05
16366,0.00010294951061950997
16367,0.00013989272702019662
16368,6.090956958360039e-05
16369,0.00014833862951491028
16370,1.927449193317443e-05
16371,3.645629476523027e-05
16372,0.00010436083539389074
16373,3.543521961546503e-05
16374,0.00010404415661469102
16375,1.129459087678697e-05
16376,0.00021021871361881495
16377,0.0001266243343707174
16378,4.9365335144102573e-05
16379,7.2466631536372e-05
16380,4.619459286914207e-05
16381,7.597298827022314e-05
16382,7.199731771834195e-05
16383,8.29427590360865e-05
16384,0.0002806205302476883
16385,0.0001119123917305842
16386,0.00026858740602619946
16387,0.00011225284106330946
16388,0.00028350893990136683
16389,1.265510218217969e-05
16390,0.00025594799080863595
16391,1.299413725064369e-05
16392,5.4275918955681846e-05
16393,0.00016374466940760612
16394,5.6940552894957364e-05
16395,6.823480362072587e-05
16396,5.4527386964764446e-05
16397,5.2457158744800836e-05
16398,0.00022649415768682957
16399,5.595893526333384e-05
16400,4.02974255848676e-05
16401,0.00015870598144829273
16402,0.0002505545853637159
16403,0.00010644941357895732
16404,0.00022711706697009504
16405,3.522168117342517e-05
16406,0.00015771351172588766
16407,7.49830505810678e-05
16408,2.1143241610843688e-05
16409,6.551206752192229e-05
16410,0.00013493424921762198
16411,2.1382809791248292e-05
16412,2.646855682542082e-05
16413,2.1619303879560903e-05
16414,8.656628779135644e-05
16415,9.968127415049821e-06
16416,0.00011772642756113783
16417,1.6417712686234154e-05
16418,0.00012334862549323589
16419,0.0001402745838277042
16420,4.891169737675227e-05
16421,1.4010634004080202e-05
16422,5.408332799561322e-05
16423,6.095616117818281e-05
16424,5.0228656618855894e-05
16425,1.941041227837559e-05
16426,0.00019069471454713494
16427,2.310721538378857e-05
16428,8.981303835753351e-06
16429,0.00023992439673747867
16430,1.2519711162894964e-05
16431,8.867680298862979e-05
16432,9.114448039326817e-05
16433,1.3388722436502576e-05
16434,7.748563075438142e-05
16435,4.357532088761218e-05
16436,3.563566497177817e-05
16437,2.4319524527527392e-05
16438,8.416848140768707e-05
16439,3.4297692764084786e-05
16440,0.00023252487881109118
16441,2.2941430870559998e-05
16442,6.512097752420232e-05
16443,6.800906703574583e-05
16444,6.678917270619422e-05
16445,8.916054503060877e-05
16446,0.00015254800382535905
16447,0.0002073995565297082
16448,3.6574121622834355e-05
16449,0.00013740405847784132
16450,0.00010138377547264099
16451,1.5704543329775333e-05
16452,1.7024380213115364e-05
16453,0.00011042285768780857
16454,0.00015397911192849278
16455,0.0006029389915056527
16456,5.878816591575742e-05
16457,6.513315020129085e-05
16458,2.8758789994753897e-05
16459,5.3448296966962516e-05
16460,1.6051324564614333e-05
16461,7.243860454764217e-05
16462,0.00018783874111250043
16463,3.7085988878970966e-05
16464,5.744163354393095e-05
16465,0.00024109185324050486
16466,1.838237039919477e-05
16467,0.00028910997207276523
16468,6.249364378163591e-05
16469,6.89582375343889e-05
16470,5.8257963246433064e-05
16471,3.994019789388403e-05
16472,0.00030222523491829634
16473,5.930618863203563e-05
16474,0.00014769556582905352
16475,7.838644523872063e-05
16476,1.5508703654631972e-05
16477,7.688069308642298e-05
16478,6.734290218446404e-05
16479,0.00011452693433966488
16480,2.1243580704322085e-05
16481,2.064464206341654e-05
16482,0.00011579303827602416
16483,8.788027480477467e-05
16484,0.00014078982349019498
16485,0.0003240796213503927
16486,0.0001057624613167718
16487,0.00016997198690660298
16488,0.00014824271784164011
16489,1.8503367755329236e-05
16490,6.115248106652871e-05
16491,8.028946467675269e-05
16492,0.0001630699262022972
16493,7.159919914556667e-05
16494,3.233154347981326e-05
16495,5.527474422706291e-05
16496,8.134064410114661e-05
16497,5.6830307585187256e-05
16498,3.390272831893526e-05
16499,2.3167343897512183e-05
16500,1.2674730896833353e-05
16501,5.8336758229415864e-05
16502,0.00012932284153066576
16503,0.00011703281779773533
16504,3.366306918906048e-05
16505,0.0002257495652884245
16506,5.775091267423704e-05
16507,9.25407002796419e-05
16508,9.156139276456088e-05
16509,0.0003839991404674947
16510,8.630440424894914e-05
16511,3.398158514755778e-05
16512,0.00010215403017355129
16513,5.9818848967552185e-05
16514,2.9457070922944695e-05
16515,0.00016106071416288614
16516,0.00018936014384962618
16517,5.2012113883392885e-05
16518,0.0001621395058464259
16519,3.691337042255327e-05
16520,4.09018321079202e-05
16521,0.00023616038379259408
16522,9.201816283166409e-05
16523,9.996240987675264e-05
16524,0.0001020138879539445
16525,2.1009866031818092e-05
16526,0.0001740092848194763
16527,0.00015813426580280066
16528,4.895542951999232e-05
16529,8.713755960343406e-05
16530,0.00015060178702697158
16531,7.697672117501497e-05
16532,2.0402916561579332e-05
16533,3.237692726543173e-05
16534,0.00011896084470208734
16535,0.00017779821064323187
16536,6.333459168672562e-05
16537,0.0003501249011605978
16538,1.951861850102432e-05
16539,9.148365643341094e-05
16540,1.4667103641841095e-05
16541,7.264054147526622e-05
16542,8.981833525467664e-05
16543,0.00012295099440962076
16544,2.972785478050355e-05
16545,6.046065391274169e-05
16546,0.00016079089255072176
16547,0.00017553892394062132
16548,6.128102540969849e-05
16549,0.00040022507891990244
16550,7.884225487941876e-05
16551,5.8875746617559344e-05
16552,0.00016546098049730062
16553,1.5290150258806534e-05
16554,0.00010093107266584411
16555,9.554432472214103e-05
16556,1.4297078450908884e-05
16557,2.799868889269419e-05
16558,3.4625329135451466e-05
16559,3.8989885069895536e-05
16560,0.0004695483949035406
16561,3.6284662201069295e-05
16562,1.4343104339786805e-05
16563,4.873633952229284e-05
16564,8.20843706605956e-05
16565,0.00017814442981034517
16566,1.0354144251323305e-05
16567,3.1691415642853826e-05
16568,1.4681514585390687e-05
16569,0.00010115897748619318
16570,0.0001540025696158409
16571,0.00013218529056757689
16572,0.00017889976152218878
16573,8.354941383004189e-05
16574,1.5289277143892832e-05
16575,6.92673129378818e-05
16576,9.442881855648011e-05
16577,0.00015884925960563123
16578,8.611898374510929e-05
16579,0.00021154044952709228
16580,2.6180725399171934e-05
16581,1.3996934285387397e-05
16582,8.953986980486661e-05
16583,3.8021840737201273e-05
16584,7.347941573243588e-05
16585,0.0001309090876020491
16586,6.868545824545436e-06
16587,7.4739073170349e-05
16588,4.597973747877404e-05
16589,7.97801767475903e-05
16590,7.854007708374411e-05
16591,6.914576806593686e-05
16592,6.310982280410826e-05
16593,0.0001461101637687534
16594,3.610436397138983e-05
16595,0.00029865934629924595
16596,6.582579953828827e-05
16597,3.9015980291878805e-05
16598,9.140853944700211e-05
16599,7.343773904722184e-05
16600,7.848600944271311e-05
16601,9.655003668740392e-05
16602,2.9794040528940968e-05
16603,6.0453166952356696e-05
16604,0.0001315173285547644
16605,1.7126681996160187e-05
16606,8.582151167502161e-06
16607,5.8053941756952554e-05
16608,0.0001420964254066348
16609,4.5021391997579485e-05
16610,7.929369166959077e-05
16611,7.498259947169572e-05
16612,0.00011997790716122836
16613,0.00027223932556807995
16614,0.00020627884077839553
16615,0.0001326865458395332
16616,1.690438875812106e-05
16617,0.00015150877879932523
16618,5.443306145025417e-05
16619,6.361921987263486e-05
16620,0.00013179826783016324
16621,4.047008042107336e-05
16622,2.2576281480723992e-05
16623,1.39907797347405e-05
16624,0.00017951190238818526
16625,8.202147000702098e-05
16626,2.091669557557907e-05
16627,4.832465128856711e-05
16628,0.00010258868132950738
16629,6.299059168668464e-05
16630,4.782956966664642e-05
16631,5.71942437090911e-05
16632,9.944471821654588e-05
16633,0.00010920991917373613
16634,2.3525575670646504e-05
16635,2.4092081730486825e-05
16636,2.032257543760352e-05
16637,3.8909791328478605e-05
16638,2.4016322640818544e-05
16639,0.00021454200032167137
16640,9.954990673577413e-06
16641,0.0003212086157873273
16642,6.371615745592862e-05
16643,6.25278044026345e-05
16644,2.79584746749606e-05
16645,8.883247937774286e-05
16646,2.6736473955679685e-05
16647,0.00012227700790390372
16648,6.875408143969253e-05
16649,8.737886673770845e-05
16650,0.00010574651241768152
16651,1.933278690557927e-05
16652,2.013959237956442e-05
16653,0.000102293721283786
16654,1.4096283848630264e-05
16655,0.00011003527470165864
16656,6.414856761693954e-05
16657,1.3937426047050394e-05
16658,3.294151247246191e-05
16659,0.00010538865171838552
16660,2.8111411666031927e-05
16661,1.2249192877789028e-05
16662,6.262290116865188e-05
16663,6.611039862036705e-05
16664,0.00014148306217975914
16665,5.3625924920197576e-05
16666,5.8726451243273914e-05
16667,4.131539390073158e-05
16668,3.926586214220151e-05
16669,7.936589827295393e-05
16670,5.766031245002523e-05
16671,6.243711686693132e-05
16672,6.71985253575258e-05
16673,0.0002179178554797545
16674,2.5730245397426188e-05
16675,4.2836982174776495e-05
16676,6.015126564307138e-05
16677,8.43937013996765e-05
16678,6.309928721748292e-05
16679,1.4568060578312725e-05
16680,3.922282485291362e-05
16681,7.654139335500076e-05
16682,3.0219165637390688e-05
16683,3.136310260742903e-05
16684,7.923330122139305e-05
16685,8.388675269088708e-06
16686,0.0001091476806323044
16687,6.262521492317319e-05
16688,3.636102337623015e-05
16689,0.0003745752037502825
16690,2.297247374372091e-05
16691,6.857533298898488e-05
16692,5.1517170504666865e-05
16693,1.2764598068315536e-05
16694,4.0137976611731574e-05
16695,0.00015004123270045966
16696,4.123485996387899e-05
16697,1.4778161130379885e-05
16698,1.6730053175706416e-05
16699,9.527464862912893e-05
16700,6.601611676160246e-05
16701,7.136235944926739e-05
16702,3.635430402937345e-05
16703,0.00017335335724055767
16704,4.097018972970545e-05
16705,5.920201510889456e-05
16706,0.00012742802209686488
16707,7.032234134385362e-05
16708,0.0001326849451288581
16709,0.0002015705977100879
16710,3.0813134799245745e-05
16711,4.758689465234056e-05
16712,4.1317951399832964e-05
16713,0.0002764317614492029
16714,1.7701720935292542e-05
16715,2.1463751181727275e-05
16716,8.625494956504554e-05
16717,0.00015275063924491405
16718,5.7403824030188844e-05
16719,4.666684981202707e-05
16720,6.726890569552779e-05
16721,0.0003279118682257831
16722,8.105722372420132e-05
16723,3.8863443478476256e-05
16724,1.667822289164178e-05
16725,2.4829361791489646e-05
16726,0.00010489014675840735
16727,0.00017076058429665864
16728,0.00010550809383857995
16729,6.310721801128238e-05
16730,7.47069589124294e-06
16731,4.1493825847283006e-05
16732,0.00011579411511775106
16733,8.717303717276081e-05
16734,1.33156336232787e-05
16735,0.00015991776308510453
16736,7.921384531073272e-05
16737,2.5287050448241644e-05
16738,0.00012295700435061008
16739,1.2602928109117784e-05
16740,0.00013912934809923172
16741,5.461798718897626e-05
16742,8.853193139657378e-05
16743,0.00014979735715314746
16744,8.230730600189418e-05
16745,7.733995153103024e-05
16746,5.8608853578334674e-05
16747,3.0639072065241635e-05
16748,4.872194767813198e-05
16749,1.991386125155259e-05
16750,0.000251427642069757
16751,1.9899176550097764e-05
16752,0.00010299927089363337
16753,0.00015869576600380242
16754,8.932389027904719e-05
16755,5.489016621140763e-05
16756,5.110694110044278e-05
16757,3.371322600287385e-05
16758,1.1882909348059911e-05
16759,7.462524808943272e-05
16760,9.38892480917275e-05
16761,8.764971425989643e-05
16762,2.8141719667473808e-05
16763,0.00011173351958859712
16764,0.00012249508290551603
16765,1.0626674338709563e-05
16766,0.00015183514915406704
16767,3.967266820836812e-05
16768,0.00014395474863704294
16769,4.699188866652548e-05
16770,6.55777839710936e-05
16771,7.888571417424828e-05
16772,0.000112210436782334
16773,5.857387441210449e-05
16774,3.336607915116474e-05
16775,4.2825922719202936e-05
16776,0.00012770958710461855
16777,0.00010057227336801589
16778,0.00015721595264039934
16779,0.00011620236182352528
16780,7.219413964776322e-05
16781,6.638017657678574e-05
16782,8.612101373728365e-05
16783,6.785555160604417e-05
16784,0.00012723245890811086
16785,6.06715475441888e-05
16786,9.224126551998779e-05
16787,7.183967682067305e-05
16788,0.00015598093159496784
16789,3.6533616366796196e-05
16790,6.8020940489077475e-06
16791,3.545473737176508e-05
16792,7.4233568739146e-05
16793,0.00012646958930417895
16794,5.667159712174907e-05
16795,4.3149768316652626e-05
16796,0.0002497047244105488
16797,3.5384477087063715e-05
16798,2.712880086619407e-05
16799,6.926625792402774e-05
16800,0.00010539453069213778
16801,1.1601840014918707e-05
16802,5.812804738525301e-05
16803,0.0003952441329602152
16804,1.1166226613568142e-05
16805,1.8491376977181062e-05
16806,0.0001293482637265697
16807,0.00010328863572794944
16808,4.289304342819378e-05
16809,0.00011741560592781752
16810,7.302046287804842e-05
16811,0.00015720016381237656
16812,0.00032299041049554944
16813,0.00010379184823250398
16814,0.00012440835416782647
16815,0.00012076861457899213
16816,0.00016385906201321632
16817,1.9392100512050092e-05
16818,0.00014680196181870997
16819,2.784249954856932e-05
16820,2.6935182177112438e-05
16821,3.55072806996759e-05
16822,6.57094205962494e-05
16823,0.00016201354446820915
16824,0.00010546389239607379
16825,0.00015675394388381392
16826,0.00020393934391904622
16827,3.550445399014279e-05
16828,7.169879972934723e-05
16829,4.559687658911571e-05
16830,7.815087155904621e-05
16831,0.00010364482295699418
16832,9.916459021042101e-06
16833,6.87271385686472e-05
16834,3.665815893327817e-05
16835,6.98267831467092e-05
16836,0.00018070772057399154
16837,5.615537520498037e-05
16838,7.624886347912252e-05
16839,7.883847138145939e-05
16840,5.044998033554293e-05
16841,5.166978735360317e-05
16842,6.823374860687181e-05
16843,0.00011132710642414168
16844,4.013550278614275e-05
16845,1.0049145203083754e-05
16846,1.9314062228659168e-05
16847,2.4783883418422192e-05
16848,7.853285933379084e-05
16849,0.000159118149895221
16850,0.00018535563140176237
16851,0.00012062582391081378
16852,6.804877193644643e-05
16853,7.128109427867457e-05
16854,3.847690823022276e-05
16855,1.3953675988886971e-05
16856,0.0001643794821575284
16857,1.7468875739723444e-05
16858,0.00011078610259573907
16859,6.015910184942186e-05
16860,0.00043697896762751043
16861,0.00016854620480444282
16862,1.2186595995444804e-05
16863,8.44247842906043e-05
16864,0.00014189942157827318
16865,6.0420032241381705e-05
16866,9.011193469632417e-05
16867,2.770318678813055e-05
16868,3.444437243160792e-05
16869,0.00015862564032431692
16870,3.176503741997294e-05
16871,5.970613710815087e-05
16872,0.00012335542123764753
16873,9.144594514509663e-05
16874,5.793083619209938e-05
16875,4.3988686229567975e-05
16876,8.176658593583852e-05
16877,6.744333222741261e-05
16878,1.1447917131590657e-05
16879,1.9748886188608594e-05
16880,0.00011388335406081751
16881,2.053497519227676e-05
16882,7.565833948319778e-05
16883,0.00010595032654237002
16884,0.00014088928583078086
16885,0.00011457967048045248
16886,3.518470111885108e-05
16887,1.7373091395711526e-05
16888,0.00011243348126299679
16889,0.00010377854050602764
16890,0.00012466023326851428
16891,4.9671616579871625e-05
16892,9.239795326720923e-05
16893,8.719381003174931e-05
16894,8.180379518307745e-05
16895,0.0001474493183195591
16896,5.13106569997035e-05
16897,9.425726602785289e-05
16898,4.5834276534151286e-05
16899,7.805315544828773e-05
16900,9.128717647399753e-05
16901,6.892783858347684e-05
16902,1.3689455954590812e-05
16903,6.023059904691763e-05
16904,2.535068051656708e-05
16905,5.266691732686013e-05
16906,0.00014395748439710587
16907,0.00011099953553639352
16908,1.6377747670048848e-05
16909,0.00017102641868405044
16910,7.437662861775607e-05
16911,4.466749669518322e-05
16912,6.461974408011883e-05
16913,3.1904870411381125e-05
16914,1.2613336366484873e-05
16915,0.00027779300580732524
16916,0.00013695572852157056
16917,0.00017653629765845835
16918,0.00013233337085694075
16919,0.00012926780618727207
16920,1.9528937627910636e-05
16921,5.7620767620392144e-05
16922,2.3857272026361898e-05
16923,3.651389852166176e-05
16924,7.028550317045301e-05
16925,4.624064240488224e-05
16926,9.479402069700882e-05
16927,4.565525887301192e-05
16928,1.6781468730187044e-05
16929,2.7872620194102637e-05
16930,1.401844565407373e-05
16931,9.067053906619549e-05
16932,7.328670471906662e-05
16933,5.6654323998373e-05
16934,5.339444032870233e-05
16935,2.8757978725479916e-05
16936,9.439150016987696e-05
16937,2.171716550947167e-05
16938,8.483318379148841e-05
16939,4.2249695979990065e-05
16940,0.00013971587759442627
16941,7.130418089218438e-05
16942,0.00010281741560902447
16943,0.00019632237672340125
16944,3.960307367378846e-05
16945,5.57202183699701e-05
16946,0.00010397940059192479
16947,3.787559035117738e-05
16948,7.443648064509034e-05
16949,8.736197196412832e-05
16950,4.597394581651315e-05
16951,1.8572158296592534e-05
16952,5.5404343584086746e-05
16953,1.856051130744163e-05
16954,0.00016317803238052875
16955,8.882488145900425e-06
16956,2.6706977223511785e-05
16957,2.6945537683786824e-05
16958,4.168055602349341e-05
16959,4.564439586829394e-05
16960,0.00014046925934962928
16961,5.081508061266504e-05
16962,3.2577954698354006e-05
16963,0.00015497923595830798
16964,4.390857429825701e-05
16965,0.00017875780758913606
16966,2.5081382773350924e-05
16967,0.0001453292788937688
16968,0.0001146145659731701
16969,0.00013986478734295815
16970,0.00018231937428936362
16971,3.0032260838197544e-05
16972,3.0448025427176617e-05
16973,0.00016635247447993606
16974,2.6837988116312772e-05
16975,7.020962948445231e-05
16976,3.807046959991567e-05
16977,9.167784446617588e-05
16978,5.4771815484855324e-05
16979,9.405521268490702e-05
16980,2.1676125470548868e-05
16981,1.589641033206135e-05
16982,0.0001251059293281287
16983,6.110221147537231e-05
16984,2.5701850972836837e-05
16985,9.721124661155045e-05
16986,7.746455958113074e-05
16987,2.319598206668161e-05
16988,3.553902934072539e-05
16989,3.59824625775218e-05
16990,2.984249840665143e-05
16991,8.786511898506433e-05
16992,0.00017892438336275518
16993,7.375964196398854e-05
16994,0.00011186843039467931
16995,4.301863009459339e-05
16996,7.142791582737118e-05
16997,9.032030357047915e-05
16998,0.00018183115753345191
16999,4.3902247853111476e-05
17000,1.1269378774159122e-05
17001,8.303214417537674e-05
17002,0.0002704653888940811
17003,0.0001839099859353155
17004,0.0002576407860033214
17005,2.986285471706651e-05
17006,6.48797577014193e-05
17007,2.27763011935167e-05
17008,9.592335118213668e-05
17009,0.00018902508600149304
17010,4.0601407818030566e-05
17011,3.163248038617894e-05
17012,3.1036532163852826e-05
17013,0.00014763683429919183
17014,4.5705633965553716e-05
17015,2.396989475528244e-05
17016,0.00024162817862816155
17017,0.00010771820961963385
17018,3.052713873330504e-05
17019,0.00017619546269997954
17020,8.660501407575794e-06
17021,8.027160220080987e-05
17022,3.542592821759172e-05
17023,0.0001861077907960862
17024,6.330717587843537e-05
17025,5.210137533140369e-05
17026,6.709215813316405e-05
17027,8.089232142083347e-05
17028,8.554371015634388e-05
17029,8.485440048389137e-05
17030,1.4299279428087175e-05
17031,7.418665336444974e-05
17032,0.00017034861957654357
17033,2.9260974770295434e-05
17034,3.815800664597191e-05
17035,0.00011744735820684582
17036,2.0205992768751457e-05
17037,7.821300823707134e-05
17038,3.711116005433723e-05
17039,0.00017758330795913935
17040,5.126873293193057e-05
17041,6.230365397641435e-05
17042,1.2168115063104779e-05
17043,0.00011300208279863
17044,5.128120392328128e-05
17045,0.00010649469186319038
17046,0.00013259942352306098
17047,2.0743042114190757e-05
17048,1.6654184946673922e-05
17049,7.611735054524615e-05
17050,0.00010986517736455426
17051,8.344816160388291e-05
17052,2.9372075005085208e-05
17053,7.459970947820693e-05
17054,2.6907689971267246e-05
17055,4.049936978844926e-05
17056,0.00011765812814701349
17057,7.600618118885905e-05
17058,6.378865509759635e-05
17059,9.972782572731376e-05
17060,0.00011110301420558244
17061,0.00014412592281587422
17062,4.064162931172177e-05
17063,0.00010905632370850071
17064,0.00015154448919929564
17065,6.268793367780745e-05
17066,1.2352247722446918e-05
17067,5.678676097886637e-05
17068,7.233559153974056e-05
17069,0.00021248414122965187
17070,7.762665336485952e-05
17071,3.8464382669189945e-05
17072,0.00015311446622945368
17073,5.2932875405531377e-05
17074,0.00023318600142374635
17075,0.0001453748845960945
17076,0.0002050256880465895
17077,2.8193411708343774e-05
17078,7.694704981986433e-05
17079,0.0001449979899916798
17080,1.7604223103262484e-05
17081,7.347943028435111e-05
17082,0.0001003753422992304
17083,0.00015156512381508946
17084,7.548472785856575e-05
17085,0.0001144600537372753
17086,3.809476038441062e-05
17087,1.5433244698215276e-05
17088,1.755321500240825e-05
17089,7.169174205046147e-05
17090,2.0253079128451645e-05
17091,4.3549582187552005e-05
17092,7.014615403022617e-05
17093,6.562996713910252e-05
17094,1.6249570762738585e-05
17095,0.0001326353958575055
17096,3.756146179512143e-05
17097,0.00019233465718571097
17098,0.00012078772124368697
17099,0.00010351337550673634
17100,0.00019734955276362598
17101,5.473591590998694e-05
17102,0.00010623522393871099
17103,7.651931809959933e-06
17104,0.00010253770597046241
17105,0.00012328890443313867
17106,0.0001967589632840827
17107,0.00027179595781490207
17108,2.8440083042369224e-05
17109,0.00011343578808009624
17110,0.00010284865857101977
17111,3.213023592252284e-05
17112,8.904531568987295e-05
17113,0.0001310823136009276
17114,8.94663535291329e-05
17115,1.9418916053837165e-05
17116,3.920046947314404e-05
17117,6.459328869823366e-05
17118,0.00015206722309812903
17119,0.0005228429799899459
17120,0.0002142773591913283
17121,0.00020227290224283934
17122,4.673884541261941e-05
17123,0.00011230525706196204
17124,1.4473189366981387e-05
17125,0.0001464292436139658
17126,6.263663817662746e-05
17127,0.0001520206278655678
17128,0.00021683509112335742
17129,0.00033668853575363755
17130,5.03586525155697e-05
17131,1.2293599866097793e-05
17132,0.00022205764253158122
17133,5.081237031845376e-05
17134,0.00014115494559518993
17135,7.813308911863714e-05
17136,0.00014564924640581012
17137,8.915042417356744e-05
17138,1.534155489935074e-05
17139,0.00013126559497322887
17140,0.00014102866407483816
17141,0.00016759827849455178
17142,3.6150791856925935e-05
17143,3.7726451409980655e-05
17144,9.027378109749407e-05
17145,2.1100624508108012e-05
17146,2.1919151549809612e-05
17147,0.00018248739070259035
17148,7.382096373476088e-05
17149,2.755961031652987e-05
17150,6.370027404045686e-05
17151,3.675606785691343e-05
17152,1.1993994121439755e-05
17153,5.2853720262646675e-05
17154,1.0789621228468604e-05
17155,8.024788985494524e-05
17156,1.7107768144342117e-05
17157,0.00010845961514860392
17158,4.370066380943172e-05
17159,2.9913755497545935e-05
17160,9.453979146201164e-05
17161,1.6788209904916584e-05
17162,4.6377004764508456e-05
17163,0.0001262869336642325
17164,6.086617213441059e-05
17165,3.332536289235577e-05
17166,0.00016832377878017724
17167,0.00016462037456221879
17168,3.600442869355902e-05
17169,5.7009201555047184e-05
17170,7.822916813893244e-05
17171,0.00013531780859921128
17172,5.676261935150251e-05
17173,0.0001175625657197088
17174,0.00030524429166689515
17175,9.267352652386762e-06
17176,4.038001497974619e-05
17177,7.933923916425556e-05
17178,1.1966925740125589e-05
17179,9.742112888488919e-05
17180,8.121871360344812e-05
17181,1.901425639516674e-05
17182,5.096283712191507e-05
17183,2.0416471670614555e-05
17184,7.57898305892013e-05
17185,7.451922283507884e-05
17186,4.381914914119989e-05
17187,0.00020722314366139472
17188,1.61546231538523e-05
17189,0.00044213724322617054
17190,2.7957827114732936e-05
17191,4.702282603830099e-05
17192,5.518380203284323e-05
17193,0.00017525089788250625
17194,5.2150113333482295e-05
17195,1.376929139951244e-05
17196,5.4809617722639814e-05
17197,4.568580334307626e-05
17198,1.696982690191362e-05
17199,7.043115328997374e-05
17200,2.9009348509134725e-05
17201,4.8984307795763016e-05
17202,9.099656017497182e-05
17203,5.708151729777455e-05
17204,3.917064896086231e-05
17205,0.00023642441374249756
17206,3.8268190110102296e-05
17207,9.808555478230119e-05
17208,4.687094406108372e-05
17209,1.667199467192404e-05
17210,1.702549707260914e-05
17211,0.0002347192057641223
17212,0.00011987685138592497
17213,9.561574552208185e-05
17214,5.069254257250577e-05
17215,2.7331967430654913e-05
17216,3.882386954501271e-05
17217,0.00014766947424504906
17218,9.394663356943056e-05
17219,3.350032420712523e-05
17220,0.00022831870592199266
17221,9.913448593579233e-05
17222,6.023164314683527e-05
17223,9.420796413905919e-05
17224,0.0001360158494208008
17225,7.025949889793992e-05
17226,0.0001938891946338117
17227,0.00041143334237858653
17228,0.00013290162314660847
17229,2.2301781427813694e-05
17230,2.3851371224736795e-05
17231,8.070579497143626e-05
17232,0.0003038757131434977
17233,0.0001163399574579671
17234,1.3370254237088375e-05
17235,4.9042813770938665e-05
17236,0.00010280017158947885
17237,0.00011798919877037406
17238,8.649379742564633e-05
17239,0.00011075437214458361
17240,1.5227940821205266e-05
17241,5.7319735788041726e-05
17242,3.794419899350032e-05
17243,0.00013870619295630604
17244,5.4397496569436044e-05
17245,2.612760363263078e-05
17246,4.2796717025339603e-05
17247,3.5997494705952704e-05
17248,0.00010823865159181878
17249,0.0003888712963089347
17250,7.02081888448447e-05
17251,7.31694235582836e-05
17252,0.00015138227900024503
17253,8.097341924440116e-05
17254,4.4237502152100205e-05
17255,4.222115967422724e-05
17256,0.0001938307104865089
17257,3.551715417415835e-05
17258,2.4155473511200398e-05
17259,6.493611726909876e-05
17260,4.832032209378667e-05
17261,0.00010460303747095168
17262,2.3123644496081397e-05
17263,0.00012544702622108161
17264,7.985252159414813e-05
17265,0.00010026003292296082
17266,9.218325430992991e-05
17267,4.631199408322573e-05
17268,0.00017453148029744625
17269,8.91839008545503e-05
17270,7.067868136800826e-05
17271,0.00011888703738804907
17272,7.4879726525978185e-06
17273,5.452081677503884e-05
17274,5.675741704180837e-05
17275,3.7704048736486584e-05
17276,0.00020122091518715024
17277,4.559782610158436e-05
17278,1.292043634748552e-05
17279,0.00015503037138842046
17280,7.988254947122186e-05
17281,1.647630961087998e-05
17282,3.137762541882694e-05
17283,0.0001532568276161328
17284,0.00012043000606354326
17285,2.1979849407216534e-05
17286,2.306402166141197e-05
17287,0.0002170057559851557
17288,7.071932486724108e-05
17289,0.00011246593203395605
17290,0.00010908799595199525
17291,9.790582407731563e-05
17292,0.00011553447984624654
17293,2.523929470044095e-05
17294,4.23414348915685e-05
17295,8.127406908897683e-05
17296,2.8636794013436884e-05
17297,0.0003296271897852421
17298,7.019217446213588e-05
17299,1.041277118929429e-05
17300,1.0903524525929242e-05
17301,0.0001072602899512276
17302,8.346408867510036e-05
17303,1.2805416190531105e-05
17304,1.5059660654515028e-05
17305,6.618882616749033e-05
17306,0.00011687933147186413
17307,9.640235657570884e-05
17308,0.00024665030650794506
17309,0.00013751201913692057
17310,0.0002054646611213684
17311,6.861219299025834e-05
17312,5.705027069780044e-05
17313,7.987384014995769e-05
17314,9.671268344391137e-05
17315,3.502708932501264e-05
17316,0.0002302222274011001
17317,8.425484702456743e-05
17318,0.0001738245482556522
17319,1.5445304597960785e-05
17320,2.347044210182503e-05
17321,0.0002141217264579609
17322,9.09616137505509e-05
17323,3.9068741898518056e-05
17324,7.63912103138864e-05
17325,5.785237590316683e-05
17326,2.5287745302193798e-05
17327,0.00027800200041383505
17328,0.00011737146269297227
17329,4.469369014259428e-05
17330,0.00015981931937858462
17331,4.5133900130167603e-05
17332,4.868888936471194e-05
17333,0.0001429552648914978
17334,3.637745248852298e-05
17335,0.00012835668167099357
17336,4.5580505684483796e-05
17337,0.00019244567374698818
17338,0.0001428402028977871
17339,2.8330117856967263e-05
17340,0.00010422744526294991
17341,0.0002171627274947241
17342,8.261206676252186e-05
17343,0.00019489528494887054
17344,2.4924596800701693e-05
17345,5.182273525861092e-05
17346,1.3937720723333769e-05
17347,6.6606437030714e-05
17348,2.291014970978722e-05
17349,0.00013792012759950012
17350,9.114699787460268e-05
17351,5.5191267165355384e-05
17352,7.345790800172836e-05
17353,0.00014440491213463247
17354,4.939147038385272e-05
17355,0.00014347619435284287
17356,0.00020696231513284147
17357,8.770794374868274e-05
17358,4.831975820707157e-05
17359,8.881994290277362e-05
17360,5.644076009048149e-05
17361,5.6473691074643284e-05
17362,1.3096789189148694e-05
17363,3.4831704397220165e-05
17364,8.777042967267334e-05
17365,8.408735448028892e-05
17366,7.110599108273163e-05
17367,0.0003067630168516189
17368,4.466815880732611e-05
17369,0.0002414262853562832
17370,0.00013334109098650515
17371,0.00012039502325933427
17372,0.0001390179677400738
17373,0.00011420791270211339
17374,9.42970800679177e-05
17375,0.00024970454978756607
17376,7.100838411133736e-05
17377,4.760800220537931e-05
17378,7.055001333355904e-05
17379,0.00018093048129230738
17380,0.00011873996845679358
17381,0.0004627396701835096
17382,1.895077366498299e-05
17383,2.5423752958886325e-05
17384,0.00025778994313441217
17385,1.5252729099302087e-05
17386,1.7102258425438777e-05
17387,3.643117815954611e-05
17388,3.0136361601762474e-05
17389,6.193123408593237e-05
17390,0.00011065839498769492
17391,2.93691464321455e-05
17392,7.488858682336286e-05
17393,0.00022458808962255716
17394,1.0409119568066671e-05
17395,9.057320130523294e-05
17396,0.00012179341865703464
17397,1.2233141205797438e-05
17398,2.7662626962410286e-05
17399,4.0784914745017886e-05
17400,1.8895185348810628e-05
17401,0.00022339209681376815
17402,5.9634228819049895e-05
17403,0.00010945777466986328
17404,7.377556175924838e-05
17405,0.00018216593889519572
17406,6.222209049155936e-05
17407,0.00030628699460066855
17408,9.652708104113117e-05
17409,7.300505239982158e-05
17410,7.692709914408624e-05
17411,2.92080167128006e-05
17412,3.940874012187123e-05
17413,4.6964014472905546e-05
17414,0.0001696527178864926
17415,6.401274004019797e-05
17416,9.858671546680853e-05
17417,8.345808601006866e-05
17418,0.0001218220277223736
17419,5.0647155148908496e-05
17420,9.162977221421897e-06
17421,0.0003172746510244906
17422,0.00024450410273857415
17423,5.122286165715195e-05
17424,3.3399497624486685e-05
17425,0.0001178220845758915
17426,4.5974564272910357e-05
17427,8.66882510308642e-06
17428,3.749003371922299e-05
17429,2.504687654436566e-05
17430,6.508124351967126e-05
17431,4.821613401873037e-05
17432,4.8215828428510576e-05
17433,0.0002685782965272665
17434,0.00017403112724423409
17435,0.00020387713448144495
17436,0.0001716501428745687
17437,3.764097345992923e-05
17438,0.0001008583785733208
17439,1.0673044016584754e-05
17440,4.1533028706908226e-05
17441,3.3256132155656815e-05
17442,3.594471127144061e-05
17443,1.999463711399585e-05
17444,3.127412128378637e-05
17445,3.6690857086796314e-05
17446,0.0001387532684020698
17447,3.55242082150653e-05
17448,0.00030085223261266947
17449,0.00011827902199001983
17450,5.39116736035794e-05
17451,0.00012098954903194681
17452,6.583261711057276e-05
17453,5.3009156545158476e-05
17454,7.924521196400747e-05
17455,7.824588101357222e-05
17456,5.6064018281176686e-05
17457,6.741397373843938e-05
17458,0.00023073333431966603
17459,7.619143616466317e-06
17460,4.280448774807155e-05
17461,7.479081978090107e-05
17462,0.0001242581638507545
17463,3.541132537066005e-05
17464,9.895549737848341e-05
17465,0.00011613471724558622
17466,0.00012173855793662369
17467,7.569597073597834e-05
17468,8.932282798923552e-05
17469,9.316756040789187e-05
17470,8.447165600955486e-05
17471,0.00036620208993554115
17472,4.1685525502543896e-05
17473,9.70221299212426e-05
17474,0.00019945329404436052
17475,3.32925483235158e-05
17476,7.462032954208553e-05
17477,0.0002090280904667452
17478,3.383047805982642e-05
17479,2.8369066058075987e-05
17480,0.00013919251796323806
17481,0.00015137628361117095
17482,6.598698382731527e-05
17483,9.253672033082694e-05
17484,6.187945837154984e-05
17485,7.084521348588169e-05
17486,1.4142267900751904e-05
17487,6.320175452856347e-05
17488,0.00015006840112619102
17489,9.247165871784091e-05
17490,2.7260697606834583e-05
17491,5.8904792240355164e-05
17492,6.16345350863412e-05
17493,2.9756451112916693e-05
17494,6.075764031265862e-05
17495,0.00011510483454912901
17496,0.00013785182090941817
17497,8.699209138285369e-05
17498,4.431697016116232e-05
17499,6.105776992626488e-05
17500,0.00017606386973056942
17501,0.00022953485313337296
17502,8.147460175678134e-05
17503,7.457703759428114e-05
17504,9.140861220657825e-05
17505,3.735605423571542e-05
17506,0.00017737768939696252
17507,5.3183146519586444e-05
17508,0.0004162832337897271
17509,0.00021606592054013163
17510,2.769158163573593e-05
17511,5.72727840335574e-05
17512,0.0001864763326011598
17513,1.588834129506722e-05
17514,3.121758345514536e-05
17515,7.138166984077543e-05
17516,1.0194151400355622e-05
17517,0.00010187279258389026
17518,1.6633424820611253e-05
17519,0.00014180270954966545
17520,3.98177799070254e-05
17521,8.87446803972125e-05
17522,1.625261938897893e-05
17523,1.4139273844193667e-05
17524,4.633405478671193e-05
17525,2.7758811484090984e-05
17526,1.5812544006621465e-05
17527,2.5291652491432615e-05
17528,3.728287265403196e-05
17529,2.5929677576641552e-05
17530,0.00021753908367827535
17531,5.2835155656794086e-05
17532,3.282124816905707e-05
17533,2.347518238821067e-05
17534,0.00011222630564589053
17535,8.79107610671781e-05
17536,5.675108695868403e-05
17537,7.864962390158325e-05
17538,0.00013584186672233045
17539,2.960057281597983e-05
17540,3.0485422030324116e-05
17541,1.6975973267108202e-05
17542,0.00018506505875848234
17543,5.414190673036501e-05
17544,6.164235674077645e-05
17545,6.656135519733652e-05
17546,6.318623491097242e-05
17547,1.929380960064009e-05
17548,0.00016182106628548354
17549,3.853159068967216e-05
17550,6.485443009296432e-05
17551,1.669962875894271e-05
17552,0.00020305650832597166
17553,0.00010381806350778788
17554,0.00014703850320074707
17555,0.00016539779608137906
17556,3.7073979910928756e-05
17557,0.00010399032908026129
17558,0.00012776310904882848
17559,9.308767039328814e-05
17560,5.430134478956461e-05
17561,0.00012759202218148857
17562,0.0007449000841006637
17563,7.168935553636402e-05
17564,0.0001267189218197018
17565,3.27994093822781e-05
17566,9.70081309787929e-05
17567,1.3403003322309814e-05
17568,3.844196180580184e-05
17569,0.00012607124517671764
17570,0.00020273163681849837
17571,0.00015491267549805343
17572,0.00012492694077081978
17573,0.00012415702803991735
17574,0.00013320833386387676
17575,1.8928225472336635e-05
17576,3.356166780577041e-05
17577,8.372155571123585e-05
17578,0.0002110455243382603
17579,4.5549859351012856e-05
17580,6.515442510135472e-05
17581,1.5860394341871142e-05
17582,8.827725105220452e-05
17583,0.00010083050437970087
17584,0.00010387414658907801
17585,0.00017195267719216645
17586,5.5813103244872764e-05
17587,4.502421506913379e-05
17588,0.00011923467536689714
17589,8.146092295646667e-05
17590,2.2541600628755987e-05
17591,0.00020001555094495416
17592,1.7404947357135825e-05
17593,2.702725396375172e-05
17594,7.3050003265962e-05
17595,0.00012194409646326676
17596,0.00010464698425494134
17597,1.9715178495971486e-05
17598,5.702804264728911e-05
17599,6.688626308459789e-05
17600,0.00012924677866976708
17601,0.00011054468632210046
17602,0.00015559725579805672
17603,5.889885505894199e-05
17604,6.118442979641259e-05
17605,0.00017057449440471828
17606,0.00011681063188007101
17607,7.238776015583426e-05
17608,0.0001408106181770563
17609,6.132939597591758e-05
17610,4.909780545858666e-05
17611,7.681775605306029e-05
17612,3.2841970096342266e-05
17613,0.00019942859944421798
17614,0.00012043373135384172
17615,5.235381831880659e-05
17616,0.00011730604455806315
17617,6.928848597453907e-05
17618,7.156134415708948e-06
17619,4.075625110999681e-05
17620,7.681880379095674e-05
17621,1.0258283509756438e-05
17622,6.168345862533897e-05
17623,0.00013100443175062537
17624,7.771312084514648e-05
17625,5.842654354637489e-05
17626,1.282838547922438e-05
17627,6.080672756070271e-05
17628,5.8673373132478446e-05
17629,0.00010497981566004455
17630,5.479788887896575e-05
17631,9.27805740502663e-05
17632,2.4269182176794857e-05
17633,0.0001503143139416352
17634,0.00010157829092349857
17635,0.0001558606600156054
17636,5.9819612943101674e-05
17637,0.00012040876026730984
17638,3.3774304029066116e-05
17639,4.271940269973129e-05
17640,8.532530773663893e-05
17641,0.00023447087733075023
17642,5.260990292299539e-05
17643,7.8686120104976e-05
17644,0.0001861510972958058
17645,4.0447284845868126e-05
17646,2.4415665393462405e-05
17647,8.628577779745683e-05
17648,8.047735900618136e-05
17649,1.4703719898534473e-05
17650,0.00018466358596924692
17651,0.00014299864415079355
17652,4.803520278073847e-05
17653,0.00011005835403921083
17654,4.642509884433821e-05
17655,6.478796422015876e-05
17656,7.810404349584132e-05
17657,6.794439104851335e-05
17658,1.6728776245145127e-05
17659,0.00018191065464634448
17660,0.00012989020615350455
17661,0.00010526042024139315
17662,5.6145290727727115e-05
17663,0.00010592817125143483
17664,0.0001979993103304878
17665,8.07254109531641e-05
17666,9.310325549449772e-05
17667,9.489904914516956e-05
17668,3.894293331541121e-05
17669,0.00016724754823371768
17670,6.604807276744395e-05
17671,8.9081353507936e-05
17672,8.519549737684429e-05
17673,4.2192441469524056e-05
17674,2.700504774111323e-05
17675,1.2826218153350055e-05
17676,0.00016070491983555257
17677,4.3586383981164545e-05
17678,4.967518907506019e-05
17679,6.79900695104152e-05
17680,1.2688213246292435e-05
17681,7.787801587255672e-05
17682,1.5638885088264942e-05
17683,8.01024361862801e-05
17684,9.87959501799196e-05
17685,8.806444384390488e-05
17686,5.2884468459524214e-05
17687,9.086001955438405e-05
17688,0.00010158859367948025
17689,2.0443201719899662e-05
17690,0.00020468130242079496
17691,0.00021959166042506695
17692,0.00010248555190628394
17693,0.00035762437619268894
17694,8.834467735141516e-05
17695,1.2422087820596062e-05
17696,0.00011772930156439543
17697,1.860222255345434e-05
17698,8.288165554404259e-05
17699,0.00010468421533005312
17700,9.187281102640554e-05
17701,5.428852091426961e-05
17702,6.477226997958496e-05
17703,0.0001144188572652638
17704,3.662299059215002e-05
17705,0.00011113648361060768
17706,9.555142241879366e-06
17707,7.01806930010207e-05
17708,0.00014631962403655052
17709,8.551317296223715e-05
17710,9.544828935759142e-05
17711,0.00015906758198980242
17712,6.221556304808473e-06
17713,0.00010803456825669855
17714,6.454329559346661e-05
17715,2.023482375079766e-05
17716,9.296208736486733e-05
17717,1.8286929844180122e-05
17718,3.063584154006094e-05
17719,1.3410784958978184e-05
17720,8.093520591501147e-05
17721,1.2040247383993119e-05
17722,4.2207153455819935e-05
17723,3.651826409623027e-05
17724,5.951849016128108e-05
17725,4.576553328661248e-05
17726,4.253025690559298e-05
17727,0.00014539076073560864
17728,9.34839918045327e-05
17729,5.049967876402661e-05
17730,0.00012765407154802233
17731,3.167354589095339e-05
17732,3.549426401150413e-05
17733,3.5345612559467554e-05
17734,0.00016089199925772846
17735,0.0001892109285108745
17736,0.00012884210445918143
17737,7.949111750349402e-05
17738,0.0001306652120547369
17739,0.0002792534651234746
17740,0.0001208831527037546
17741,5.124687959323637e-05
17742,4.664780863095075e-05
17743,3.1682197004556656e-05
17744,3.428222407819703e-05
17745,5.153274105396122e-05
17746,0.00010699138510972261
17747,1.9606712157838047e-05
17748,4.7765330236870795e-05
17749,3.9470782212447375e-05
17750,4.4223466829862446e-05
17751,2.828479409799911e-05
17752,6.17559053353034e-05
17753,9.092809341382235e-05
17754,1.1818096936622169e-05
17755,9.09947557374835e-05
17756,7.154233026085421e-05
17757,1.0882313290494494e-05
17758,1.789792804629542e-05
17759,2.2458612875198014e-05
17760,3.760599429369904e-05
17761,0.00010043961810879409
17762,0.00011205329792574048
17763,3.092606857535429e-05
17764,0.00018028210615739226
17765,0.000254376616794616
17766,0.0001262807345483452
17767,1.3735048014495987e-05
17768,7.451607962138951e-05
17769,0.00010268922051182017
17770,4.0167884435504675e-05
17771,0.0001188284222735092
17772,1.1339669072185643e-05
17773,2.8410677259671502e-05
17774,2.097376636811532e-05
17775,7.008280954323709e-05
17776,5.7496712543070316e-05
17777,3.7865713238716125e-05
17778,0.0001830034889280796
17779,2.079084879369475e-05
17780,3.226287662982941e-05
17781,4.705261380877346e-05
17782,0.0001229480403708294
17783,0.0001239647390320897
17784,0.00011027720756828785
17785,6.899199797771871e-05
17786,0.00012160967889940366
17787,2.1773859771201387e-05
17788,0.0001582495024194941
17789,0.00021590730466414243
17790,6.224775279406458e-05
17791,4.171790715190582e-05
17792,2.9972994525451213e-05
17793,4.019290645373985e-05
17794,2.3380653146887198e-05
17795,0.00012726179556921124
17796,3.781021950999275e-05
17797,3.366384044056758e-05
17798,0.00016892187704797834
17799,9.81603079708293e-06
17800,0.00012585236981976777
17801,2.0263323676772416e-05
17802,0.00018599788018036634
17803,7.93415674706921e-05
17804,3.2507807190995663e-05
17805,3.0066723411437124e-05
17806,8.745251398067921e-05
17807,6.889719952596352e-05
17808,2.4681477952981368e-05
17809,4.717523552244529e-05
17810,0.00012168472312623635
17811,6.76244599162601e-05
17812,7.568021828774363e-05
17813,5.3652845963370055e-05
17814,4.007308598374948e-05
17815,0.00011846964480355382
17816,7.805816130712628e-05
17817,2.0264109480194747e-05
17818,2.6224432076560333e-05
17819,2.4442480935249478e-05
17820,2.1555551938945428e-05
17821,6.60896475892514e-05
17822,2.0331124687800184e-05
17823,2.393832073721569e-05
17824,3.225883119739592e-05
17825,0.00011894317140104249
17826,6.690833833999932e-05
17827,0.00010038981417892501
17828,9.91374508885201e-06
17829,0.00013495012535713613
17830,1.41949503813521e-05
17831,6.62027596263215e-05
17832,1.4436902347370051e-05
17833,0.0001115540653700009
17834,5.577825504587963e-05
17835,3.7559093470918015e-05
17836,1.874032568593975e-05
17837,6.127335655037314e-05
17838,0.0001555133640067652
17839,6.148670217953622e-05
17840,4.7052930312929675e-05
17841,0.0002284352231072262
17842,8.463570338790305e-06
17843,1.9124981918139383e-05
17844,8.58272542245686e-05
17845,0.00011671277752611786
17846,8.849281584843993e-05
17847,0.00019635824719443917
17848,7.74969084886834e-05
17849,9.368791506858543e-05
17850,0.00013745301112066954
17851,0.0001443553774151951
17852,6.325299182208255e-05
17853,0.00025398092111572623
17854,0.00020014072651974857
17855,1.2877128028776497e-05
17856,0.00010115199256688356
17857,3.102708433289081e-05
17858,4.198528768029064e-05
17859,0.00017107880557887256
17860,0.00013757332635577768
17861,9.643760131439194e-05
17862,0.00011697517766151577
17863,0.00011892008478753269
17864,7.110324804671109e-05
17865,8.256066939793527e-05
17866,0.0002181818417739123
17867,0.00016258459072560072
17868,5.8002653531730175e-05
17869,0.00041171451448462903
17870,5.503428474185057e-05
17871,5.350050196284428e-05
17872,0.00014924992865417153
17873,3.075269705732353e-05
17874,0.00011807307600975037
17875,0.0001759859878802672
17876,3.6577133869286627e-05
17877,2.8593200113391504e-05
17878,0.00012296246131882071
17879,0.00033104728208854795
17880,7.911721331765875e-05
17881,6.326269067358226e-05
17882,4.972972965333611e-05
17883,5.649107333738357e-05
17884,7.828716479707509e-05
17885,2.999395292135887e-05
17886,1.0810226740431972e-05
17887,1.3138464055373333e-05
17888,0.00011779610213125125
17889,0.00010161490354221314
17890,8.875013736542314e-05
17891,0.00011704977077897638
17892,0.00010470789129612967
17893,0.00010454434232087806
17894,4.617140075424686e-05
17895,6.563875649590045e-05
17896,7.572310278192163e-05
17897,2.9390101190074347e-05
17898,0.00015529734082520008
17899,5.680294998455793e-05
17900,1.972892277990468e-05
17901,3.845062747132033e-05
17902,1.7805248717195354e-05
17903,0.0002982646692544222
17904,9.942064934875816e-06
17905,4.6742356062168255e-05
17906,7.808911323081702e-05
17907,2.2532087314175442e-05
17908,5.24504721397534e-05
17909,1.4031485079613049e-05
17910,1.7169393686344847e-05
17911,2.907321322709322e-05
17912,4.7386034566443413e-05
17913,4.885535963694565e-05
17914,0.00010777966963360086
17915,3.9880251279100776e-05
17916,9.629073610994965e-05
17917,1.855415030149743e-05
17918,8.118804544210434e-05
17919,9.158412285614759e-05
17920,0.00013125292025506496
17921,3.2682029996067286e-05
17922,0.00014901658869348466
17923,7.901333447080106e-05
17924,0.00011603058374021202
17925,6.206845137057826e-05
17926,7.609144086018205e-05
17927,0.00029052860918454826
17928,5.320755735738203e-05
17929,7.217860547825694e-05
17930,0.0004201028496026993
17931,4.749027357320301e-05
17932,0.00010413264681119472
17933,0.0003053936525247991
17934,0.00016568075807299465
17935,0.00010403528722235933
17936,7.785658090142533e-05
17937,1.5349723980762064e-05
17938,9.683441021479666e-05
17939,8.009139855857939e-05
17940,6.441649748012424e-05
17941,0.00019407903891988099
17942,2.1027935872552916e-05
17943,0.00016651749319862574
17944,4.445258673513308e-05
17945,0.00022016139701008797
17946,9.299376688431948e-05
17947,1.830562177929096e-05
17948,6.000840221531689e-05
17949,3.6068420740775764e-05
17950,0.00017531639605294913
17951,0.00015205112867988646
17952,6.300758104771376e-05
17953,9.066251368494704e-05
17954,0.00013781693996861577
17955,3.33801654051058e-05
17956,4.762880053021945e-05
17957,0.00046712002949789166
17958,0.00014925992581993341
17959,4.533895116765052e-05
17960,0.0001238830591319129
17961,8.34649836178869e-05
17962,4.7774010454304516e-05
17963,8.850789163261652e-05
17964,0.0001806854415917769
17965,9.012279042508453e-05
17966,0.00010041927453130484
17967,5.170163422008045e-05
17968,4.9757414672058076e-05
17969,1.286336646444397e-05
17970,7.320313306991011e-05
17971,0.00015290042210835963
17972,6.078672959120013e-05
17973,3.0033888833713718e-05
17974,1.0787081919261254e-05
17975,3.3424541470594704e-05
17976,8.323445399582852e-06
17977,7.18534502084367e-05
17978,6.348347233142704e-05
17979,2.3708595108473673e-05
17980,0.00011420677037676796
17981,7.26289872545749e-05
17982,6.505710916826501e-05
17983,0.00021817733068019152
17984,8.880077075446025e-05
17985,1.7246511561097577e-05
17986,4.350707968114875e-05
17987,0.00026376431924290955
17988,7.438479224219918e-05
17989,0.00016917103494051844
17990,1.771854658727534e-05
17991,4.2768831917783245e-05
17992,0.00017453456530347466
17993,1.629702455829829e-05
17994,4.8673384299036115e-05
17995,1.982592948479578e-05
17996,0.00014110634219832718
17997,0.00012499802687671036
17998,0.00017260841559618711
17999,0.00021976619609631598
18000,5.803102612844668e-05
18001,7.043840741971508e-05
18002,8.09848279459402e-05
18003,1.527708809589967e-05
18004,0.00013922374637331814
18005,6.558268069056794e-05
18006,0.0001356267457595095
18007,1.4995132005424239e-05
18008,7.187918527051806e-05
18009,9.376200614497066e-05
18010,3.674493927974254e-05
18011,8.226415229728445e-05
18012,0.00013393559493124485
18013,3.004284189955797e-05
18014,0.0002477595116943121
18015,5.533146031666547e-05
18016,0.00018515977717470378
18017,2.301246058777906e-05
18018,4.6831071813357994e-05
18019,4.251215068507008e-05
18020,4.213861393509433e-05
18021,0.00011911880574189126
18022,0.00010485177335795015
18023,0.0001026433747028932
18024,2.2624972189078107e-05
18025,0.00015834736404940486
18026,0.00017551801283843815
18027,9.708003199193627e-05
18028,2.9092392651364207e-05
18029,0.00010329838551115245
18030,0.0001583570265211165
18031,5.7090459449682385e-05
18032,9.898575081024319e-05
18033,1.0135257980437018e-05
18034,7.028348045423627e-05
18035,5.580161086982116e-05
18036,1.332413921772968e-05
18037,7.738462591078132e-05
18038,0.00012059099390171468
18039,0.00016612077888567
18040,2.8284723157412373e-05
18041,3.13894561259076e-05
18042,0.00011257629375904799
18043,0.0002119779965141788
18044,0.0001312467356910929
18045,9.558913006912917e-05
18046,0.00021226887474767864
18047,8.353518933290616e-05
18048,7.785142224747688e-05
18049,8.009045996004716e-05
18050,4.041861757286824e-05
18051,6.43928287900053e-05
18052,9.081324969884008e-05
18053,0.00010204769205302
18054,0.0001092991151381284
18055,0.00010647014278220013
18056,8.422929386142641e-05
18057,7.08926236256957e-05
18058,3.295918577350676e-05
18059,4.6483095502480865e-05
18060,0.00011493497004266828
18061,4.495092434808612e-05
18062,8.918547246139497e-05
18063,4.4085441913921386e-05
18064,8.722183702047914e-05
18065,5.897525988984853e-05
18066,0.00015626978711225092
18067,7.663690485060215e-05
18068,0.00015467367484234273
18069,0.00019941559003200382
18070,7.408612873405218e-05
18071,3.3732136216713116e-05
18072,0.0001268236228497699
18073,1.6156631318153813e-05
18074,5.714398866984993e-05
18075,0.0002032605989370495
18076,0.00019114447059109807
18077,0.00010066706454381347
18078,0.00011268671369180083
18079,6.969089736230671e-05
18080,4.85986347484868e-05
18081,3.8887425034772605e-05
18082,0.00011103133874712512
18083,6.529195525217801e-05
18084,0.0003665841941256076
18085,6.435059185605496e-05
18086,0.00017805560491979122
18087,0.00011912270565517247
18088,2.589227005955763e-05
18089,1.3668046449311078e-05
18090,0.00010958333587041125
18091,1.5214724044199102e-05
18092,5.765405876445584e-05
18093,0.00016516807954758406
18094,3.930726961698383e-05
18095,6.351773481583223e-05
18096,4.266600080882199e-05
18097,1.4422326785279438e-05
18098,9.628708357922733e-05
18099,3.616787216742523e-05
18100,3.279918382759206e-05
18101,4.304486355977133e-05
18102,1.3860974831914064e-05
18103,5.952736682957038e-05
18104,6.634625606238842e-05
18105,0.0001205691514769569
18106,8.162861195160076e-05
18107,0.00010743242455646396
18108,6.178578769322485e-05
18109,5.379538924898952e-05
18110,5.118223634781316e-05
18111,1.701219480310101e-05
18112,5.4431307944469154e-05
18113,6.313693302217871e-05
18114,7.908417319413275e-05
18115,0.00016548183339182287
18116,5.378653440857306e-05
18117,4.278353662812151e-05
18118,9.417456749361008e-05
18119,7.976131018949673e-05
18120,7.512875890824944e-05
18121,0.000299295992590487
18122,6.395654054358602e-05
18123,0.00019185544806532562
18124,2.230544669146184e-05
18125,1.6944519302342087e-05
18126,4.931830335408449e-05
18127,0.0001021628559101373
18128,3.8539248635061085e-05
18129,0.00020433502504602075
18130,0.0001706655602902174
18131,0.0001242868456756696
18132,5.815101758344099e-05
18133,0.00018897041445598006
18134,8.454894123133272e-05
18135,1.581344986334443e-05
18136,3.905382618540898e-05
18137,2.3613349185325205e-05
18138,4.537571658147499e-05
18139,5.732497083954513e-05
18140,0.0003954560961574316
18141,2.0494240743573755e-05
18142,7.309372449526563e-05
18143,2.3553919163532555e-05
18144,3.764737630262971e-05
18145,3.718681909958832e-05
18146,0.00016982696251943707
18147,9.697643690742552e-05
18148,3.830523928627372e-05
18149,8.467298903269693e-05
18150,1.0383229891886003e-05
18151,6.75642368150875e-05
18152,0.00015519351291004568
18153,4.025932139484212e-05
18154,5.9621619584504515e-05
18155,0.00010038942855317146
18156,0.00021800660761073232
18157,5.994567254674621e-05
18158,0.00011557980178622529
18159,0.00013218834646977484
18160,5.0096357881557196e-05
18161,3.940008900826797e-05
18162,1.145118130807532e-05
18163,6.815869710408151e-05
18164,8.692337723914534e-05
18165,0.00016333234088961035
18166,1.2535194400697947e-05
18167,1.711537697701715e-05
18168,1.8946779164252803e-05
18169,0.00017487832519691437
18170,6.775985093554482e-05
18171,0.00020319751638453454
18172,3.818552795564756e-05
18173,7.457648462150246e-05
18174,1.1667269063764252e-05
18175,8.151579822879285e-05
18176,8.375955803785473e-05
18177,6.087949441280216e-05
18178,8.478166273562238e-05
18179,0.0001940179499797523
18180,0.00013227338786236942
18181,7.952114538056776e-05
18182,1.9589439034461975e-05
18183,0.00011164663010276854
18184,1.2308255463722162e-05
18185,9.867982589639723e-05
18186,4.2960509745171294e-05
18187,1.7395545000908896e-05
18188,3.065736382268369e-05
18189,0.0001675137027632445
18190,8.793832967057824e-05
18191,5.8621273637982085e-05
18192,6.493867840617895e-05
18193,9.695560584077612e-05
18194,8.207940118154511e-05
18195,2.2172960598254576e-05
18196,0.00011375451140338555
18197,2.8836762794526294e-05
18198,9.133682397077791e-06
18199,1.682578476902563e-05
18200,0.0001763415348250419
18201,0.00013935966126155108
18202,6.607890827581286e-05
18203,6.130577821750194e-05
18204,9.054114343598485e-05
18205,4.3412797822384164e-05
18206,0.00025560817448422313
18207,5.990964928059839e-05
18208,3.597269824240357e-05
18209,0.00014326877135317773
18210,0.00020624016178771853
18211,3.610494241002016e-05
18212,0.0004343476612120867
18213,0.00016452762065455317
18214,2.7026406314689666e-05
18215,3.207477493560873e-05
18216,5.2640440117102116e-05
18217,4.337622522143647e-05
18218,1.8252674635732546e-05
18219,7.266159082064405e-05
18220,0.00011052090849261731
18221,0.00012824160512536764
18222,7.010356057435274e-05
18223,1.0397165169706568e-05
18224,3.245143670937978e-05
18225,7.814979471731931e-05
18226,0.00019380627782084048
18227,7.58719106670469e-05
18228,4.1860577766783535e-05
18229,2.4149750970536843e-05
18230,4.087176057510078e-05
18231,0.0001592927728779614
18232,5.92493342992384e-05
18233,0.0001302490709349513
18234,7.106747216312215e-05
18235,3.133027712465264e-05
18236,2.609654256957583e-05
18237,3.146592644043267e-05
18238,4.855020233662799e-05
18239,5.718435568269342e-05
18240,2.5331741198897362e-05
18241,6.101036706240848e-05
18242,7.658194226678461e-05
18243,1.5046369298943318e-05
18244,1.6120206055347808e-05
18245,0.00011248356895521283
18246,2.0859479263890535e-05
18247,0.00011937985254917294
18248,3.120694600511342e-05
18249,1.0555156222835649e-05
18250,8.224927296396345e-05
18251,7.122915121726692e-05
18252,0.00012388438335619867
18253,1.5084524420672096e-05
18254,6.496318383142352e-05
18255,0.00010827497317222878
18256,0.00011791364522650838
18257,5.8948258811142296e-05
18258,5.0697679398581386e-05
18259,1.2626891475520097e-05
18260,0.00015615797019563615
18261,6.881791341584176e-05
18262,0.0002740436466410756
18263,8.600091678090394e-05
18264,0.00014809417189098895
18265,0.00013518525520339608
18266,7.923629163997248e-05
18267,3.623394150054082e-05
18268,0.00023771586711518466
18269,2.8618902433663607e-05
18270,5.8066711062565446e-05
18271,9.928804502123967e-06
18272,4.542797978501767e-05
18273,0.0001272258086828515
18274,0.000130405678646639
18275,0.00013880561164114624
18276,1.783348125172779e-05
18277,2.2834441551822238e-05
18278,1.480341779824812e-05
18279,5.609621439361945e-05
18280,7.338228897424415e-05
18281,6.889917131047696e-05
18282,9.969397797249258e-05
18283,6.549784302478656e-05
18284,1.7001359083224088e-05
18285,9.058568684849888e-05
18286,4.3667329009622335e-05
18287,0.00018121543689630926
18288,0.00014949837350286543
18289,2.8644823032664135e-05
18290,0.00010746689076768234
18291,7.038981129880995e-05
18292,0.00010277428373228759
18293,9.889369539450854e-05
18294,7.766633643768728e-05
18295,8.33750527817756e-06
18296,2.0783683794434182e-05
18297,2.125873652403243e-05
18298,2.357495395699516e-05
18299,0.00011788793199229985
18300,2.7435289666755125e-05
18301,5.343593147699721e-05
18302,9.046103514265269e-05
18303,0.00011511420598253608
18304,9.283079270971939e-05
18305,3.799815021920949e-05
18306,3.448974166531116e-05
18307,8.707953384146094e-05
18308,7.627487502759323e-05
18309,1.5768964658491313e-05
18310,3.323501005070284e-05
18311,1.3486702300724573e-05
18312,3.419404674787074e-05
18313,9.646495163906366e-05
18314,8.988601621240377e-05
18315,0.0002465877332724631
18316,2.0090690668439493e-05
18317,3.473688047961332e-05
18318,4.66450146632269e-05
18319,2.414746631984599e-05
18320,3.239577199565247e-05
18321,1.4793789887335151e-05
18322,0.00013764083269052207
18323,3.930603270418942e-05
18324,0.00026221724692732096
18325,2.381984086241573e-05
18326,1.7217396816704422e-05
18327,2.2055741283111274e-05
18328,7.133387407520786e-05
18329,2.669015339051839e-05
18330,3.791041672229767e-05
18331,2.1092560928082094e-05
18332,6.955764547456056e-05
18333,0.00016963941743597388
18334,3.241537342546508e-05
18335,9.9854456493631e-05
18336,0.00010443794599268585
18337,2.5102373911067843e-05
18338,0.00011090245970990509
18339,3.760718391276896e-05
18340,0.00013156977365724742
18341,7.506737892981619e-05
18342,9.798468090593815e-05
18343,3.8471451262012124e-05
18344,7.28179220459424e-05
18345,9.698621579445899e-05
18346,9.97506231215084e-06
18347,0.00038117251824587584
18348,2.091399801429361e-05
18349,3.60840349458158e-05
18350,0.0002239097811980173
18351,0.00011175924737472087
18352,6.46869302727282e-05
18353,0.0001878508774098009
18354,4.841654299525544e-05
18355,5.398706707637757e-05
18356,4.8248140956275165e-05
18357,6.795700755901635e-05
18358,0.00017310930707026273
18359,2.9540555260609835e-05
18360,0.0002505774318706244
18361,5.557024633162655e-05
18362,9.109808161156252e-05
18363,7.081746298354119e-05
18364,9.882020094664767e-05
18365,0.00012635764142032713
18366,4.917027399642393e-05
18367,4.797351357410662e-05
18368,0.00019768421771004796
18369,0.0002572306839283556
18370,4.8193374823313206e-05
18371,8.019243250600994e-05
18372,3.4892109397333115e-05
18373,1.4932971680536866e-05
18374,1.6788293578429148e-05
18375,1.0238276445306838e-05
18376,2.1610949261230417e-05
18377,9.883385064313188e-05
18378,5.79703992116265e-05
18379,3.6550729419104755e-05
18380,0.00011537516547832638
18381,9.125725773628801e-05
18382,7.279214332811534e-05
18383,0.00016102712834253907
18384,2.0150568161625415e-05
18385,0.00023914550547488034
18386,2.6558624085737392e-05
18387,4.226101009408012e-05
18388,8.092915231827646e-05
18389,3.9588216168340296e-05
18390,7.083942909957841e-05
18391,8.459213131573051e-05
18392,9.699659131001681e-05
18393,9.206205140799284e-05
18394,3.930392995243892e-05
18395,0.0001387035590596497
18396,0.00046619202475994825
18397,5.1904935389757156e-05
18398,6.016094266669825e-05
18399,9.09344307729043e-05
18400,0.00024875899543985724
18401,5.681058610207401e-05
18402,0.0001277717819903046
18403,0.0001501243095844984
18404,0.00013243689318187535
18405,1.0219740033790004e-05
18406,0.00011654800618998706
18407,8.185949991457164e-05
18408,5.913156928727403e-05
18409,0.00011744130461011082
18410,8.865489508025348e-05
18411,0.00010498412302695215
18412,3.0325218176585622e-05
18413,1.4658645341114607e-05
18414,7.457752508344129e-05
18415,4.318173523643054e-05
18416,1.5423231161548756e-05
18417,3.9087542972993106e-05
18418,0.0001339901064056903
18419,0.00014684823690913618
18420,2.8867938453913666e-05
18421,6.25864922767505e-05
18422,0.00017756284796632826
18423,7.262568396981806e-05
18424,0.0002187789068557322
18425,5.54220168851316e-05
18426,6.397545803338289e-05
18427,5.543683801079169e-05
18428,4.787067882716656e-05
18429,2.3721280740574002e-05
18430,8.462474215775728e-05
18431,7.101588562363759e-05
18432,9.475428669247776e-05
18433,4.1269213397754356e-05
18434,0.00012109088856959715
18435,9.949607192538679e-05
18436,5.551321737584658e-05
18437,1.947437340277247e-05
18438,9.062698154593818e-06
18439,1.7017013306031004e-05
18440,1.92691404663492e-05
18441,3.408267366467044e-05
18442,5.452172626974061e-05
18443,1.3753674465988297e-05
18444,0.00016394555859733373
18445,5.260891703073867e-05
18446,3.0133423933875747e-05
18447,0.00013411641702987254
18448,5.538638652069494e-05
18449,5.16367654199712e-05
18450,8.561296272091568e-05
18451,0.00013680935080628842
18452,6.218298221938312e-05
18453,2.7528303689905442e-05
18454,8.561066351830959e-05
18455,2.6636091206455603e-05
18456,0.00014628224016632885
18457,0.0001025683232001029
18458,7.535905751865357e-05
18459,1.867004539235495e-05
18460,7.900168566266075e-05
18461,7.103202369762585e-05
18462,6.376860983436927e-05
18463,1.093697028409224e-05
18464,3.206577093806118e-05
18465,7.250052294693887e-05
18466,6.837960972916335e-05
18467,8.967117901192978e-05
18468,0.00020337759633548558
18469,0.0002507806639187038
18470,2.1507894416572526e-05
18471,6.455789844039828e-05
18472,0.00010278885019943118
18473,9.771552868187428e-05
18474,0.0001441990170860663
18475,4.668601832236163e-05
18476,5.0559516239445657e-05
18477,0.00012175294978078455
18478,3.082587136304937e-05
18479,1.9735267414944246e-05
18480,8.479802636429667e-05
18481,2.180685623898171e-05
18482,5.895169306313619e-05
18483,0.00022557799820788205
18484,7.718056440353394e-05
18485,7.20726529834792e-05
18486,5.42079760634806e-05
18487,7.463508518412709e-05
18488,2.239455352537334e-05
18489,8.551435894332826e-05
18490,3.9597922295797616e-05
18491,0.0001366674405289814
18492,0.00011742929928004742
18493,0.00012817569950129837
18494,4.3374282540753484e-05
18495,4.159305535722524e-05
18496,5.467856681207195e-05
18497,1.5868936316110194e-05
18498,0.0001658857217989862
18499,1.2076199709554203e-05
18500,2.3529521058662795e-05
18501,0.00010204868158325553
18502,2.0229859728715383e-05
18503,3.612236469052732e-05
18504,9.910597145790234e-05
18505,1.5219747183436994e-05
18506,1.2937610335939098e-05
18507,5.124357994645834e-05
18508,6.738645606674254e-05
18509,3.251552698202431e-05
18510,8.817406342132017e-05
18511,6.616561586270109e-05
18512,4.365763743408024e-05
18513,5.3421030315803364e-05
18514,0.0002764691598713398
18515,0.00010000674956245348
18516,4.0322982385987416e-05
18517,0.00011759279732359573
18518,6.175044291012455e-06
18519,8.136631367960945e-05
18520,0.0001489296555519104
18521,0.00023181366850621998
18522,6.364694854710251e-05
18523,6.015839608153328e-05
18524,6.143908831290901e-05
18525,5.154706377652474e-05
18526,8.998346856969874e-06
18527,6.194029265316203e-05
18528,1.553289075673092e-05
18529,0.00010162928811041638
18530,8.079024155449588e-06
18531,0.00017160507559310645
18532,7.7744472946506e-05
18533,0.00030394180794246495
18534,0.00011254390119574964
18535,4.444675869308412e-05
18536,4.362168692750856e-05
18537,9.332067565992475e-05
18538,8.710318070370704e-05
18539,5.0700356950983405e-05
18540,4.779294249601662e-05
18541,7.750540680717677e-05
18542,5.113154838909395e-05
18543,0.00012275384506210685
18544,8.816897752694786e-05
18545,0.00010563642717897892
18546,2.0223196770530194e-05
18547,3.5597844544099644e-05
18548,4.3883010221179575e-05
18549,0.00010943433153443038
18550,7.207997259683907e-05
18551,0.00010949734132736921
18552,5.310581036610529e-05
18553,6.956808647373691e-05
18554,0.00010971675510518253
18555,1.8783875930239446e-05
18556,2.0344503354863264e-05
18557,0.00018174207070842385
18558,1.987665018532425e-05
18559,8.10141209512949e-05
18560,7.602726691402495e-05
18561,0.0001288830244448036
18562,5.040252653998323e-05
18563,1.8276972696185112e-05
18564,0.0001098212887882255
18565,8.281477494165301e-05
18566,6.661632505711168e-05
18567,6.918671715538949e-05
18568,1.5062181773828343e-05
18569,1.534381772216875e-05
18570,3.549424582161009e-05
18571,4.1304454498458654e-05
18572,5.081187191535719e-05
18573,0.00010496792674530298
18574,6.0059908719267696e-05
18575,0.0001580847310833633
18576,1.6903197320061736e-05
18577,1.509208232164383e-05
18578,1.8879578419728205e-05
18579,2.9989514587214217e-05
18580,0.00012982945190742612
18581,2.7032096113543957e-05
18582,0.0001459475461160764
18583,2.3663569663767703e-05
18584,9.762564150150865e-05
18585,0.00011448960867710412
18586,2.47891712206183e-05
18587,5.407943535828963e-05
18588,1.3583696272689849e-05
18589,9.34456184040755e-05
18590,6.551144178956747e-05
18591,8.101125422399491e-05
18592,7.953165913932025e-05
18593,1.1000404811056796e-05
18594,4.2784169636433944e-05
18595,5.148736818227917e-05
18596,0.00011160597205162048
18597,1.167664595413953e-05
18598,0.0003534546704031527
18599,7.698347326368093e-05
18600,5.5348027672152966e-05
18601,0.00016887803212739527
18602,5.1325245294719934e-05
18603,8.153950329869986e-05
18604,6.20317441644147e-05
18605,0.00012725974374916404
18606,1.887962207547389e-05
18607,0.00012491570669226348
18608,6.461568409577012e-05
18609,5.886902363272384e-05
18610,6.510609819088131e-05
18611,7.601997640449554e-05
18612,2.511080492695328e-05
18613,0.00011040721437893808
18614,3.432892117416486e-05
18615,2.920192309829872e-05
18616,7.905833626864478e-06
18617,5.8618359616957605e-05
18618,9.687722194939852e-05
18619,8.762916695559397e-05
18620,6.315343489404768e-05
18621,9.198890620609745e-05
18622,3.3845244615804404e-05
18623,2.814211620716378e-05
18624,4.1535808122716844e-05
18625,2.0092922568437643e-05
18626,7.726797775831074e-05
18627,2.71444623649586e-05
18628,8.57931372593157e-05
18629,3.9981761801755056e-05
18630,7.784337503835559e-05
18631,1.2423257430782542e-05
18632,1.5139525203267112e-05
18633,2.394316834397614e-05
18634,0.0001150695388787426
18635,7.89009645814076e-05
18636,2.007820876315236e-05
18637,4.754958354169503e-05
18638,5.92995565966703e-05
18639,2.9435936085064895e-05
18640,4.373088449938223e-05
18641,8.789986168267205e-05
18642,1.7507525626569986e-05
18643,0.00010399640450486913
18644,2.337267142138444e-05
18645,7.41547264624387e-05
18646,0.00010492739966139197
18647,7.807982910890132e-05
18648,0.000496222055517137
18649,9.677498019300401e-05
18650,6.543070776388049e-05
18651,1.7741218471201137e-05
18652,1.7480148017057218e-05
18653,5.628903454635292e-05
18654,3.285014827270061e-05
18655,7.994013685674872e-06
18656,4.5107655751053244e-05
18657,1.7910000678966753e-05
18658,6.518105510622263e-05
18659,9.021483128890395e-05
18660,3.771964838961139e-05
18661,1.4166143046168145e-05
18662,0.0002668567467480898
18663,4.10712200391572e-05
18664,8.837950736051425e-05
18665,4.156541035627015e-05
18666,2.312065043952316e-05
18667,0.00014830910367891192
18668,7.702563016209751e-05
18669,2.3663185857003555e-05
18670,8.750751294428483e-05
18671,5.1017559599131346e-05
18672,0.00012804738071281463
18673,0.0001565537095302716
18674,1.602039446879644e-05
18675,0.0003602567012421787
18676,5.5867167247924954e-05
18677,0.0001209030524478294
18678,5.613284156424925e-05
18679,1.2327751392149366e-05
18680,6.445193139370531e-05
18681,7.778473081998527e-05
18682,0.00026441540103405714
18683,5.184680048841983e-05
18684,1.4366798495757394e-05
18685,5.786045949207619e-05
18686,7.298646232811734e-05
18687,3.3564439945621416e-05
18688,8.998891280498356e-05
18689,0.00010695466335164383
18690,2.0850275177508593e-05
18691,1.3985119949211366e-05
18692,0.00012189909466542304
18693,0.00015267687558662146
18694,7.238445687107742e-05
18695,5.0621823902474716e-05
18696,8.226172212744132e-05
18697,9.725394193083048e-05
18698,7.816037395969033e-05
18699,0.000355828320607543
18700,1.4767440006835386e-05
18701,1.3710741768591106e-05
18702,7.885882223490626e-05
18703,4.346513014752418e-05
18704,7.421011832775548e-05
18705,0.00014460182865150273
18706,4.125726263737306e-05
18707,2.3057287762640044e-05
18708,0.00013774092076346278
18709,0.00013441748160403222
18710,5.349835191736929e-05
18711,0.00018562600598670542
18712,8.55203325045295e-05
18713,2.7209189283894375e-05
18714,0.00014635801198892295
18715,7.457391620846465e-05
18716,7.04621197655797e-05
18717,0.00011056412768084556
18718,6.531042163260281e-05
18719,0.00013543317618314177
18720,5.322125070961192e-05
18721,4.559155058814213e-05
18722,0.00024829432368278503
18723,9.833802323555574e-05
18724,9.240070357918739e-05
18725,6.18339836364612e-05
18726,0.00013982231030240655
18727,0.00011948846804443747
18728,0.00020687057985924184
18729,4.853100108448416e-05
18730,2.4407687305938452e-05
18731,8.208208600990474e-05
18732,6.487553037004545e-05
18733,0.00018573339912109077
18734,2.8107066100346856e-05
18735,2.544628659961745e-05
18736,5.072526982985437e-05
18737,9.286269778385758e-05
18738,0.00011687488586176187
18739,2.260200199089013e-05
18740,4.9357240641256794e-05
18741,1.627754681976512e-05
18742,6.940304592717439e-05
18743,6.162466888781637e-05
18744,2.2489812181447633e-05
18745,2.4360913812415674e-05
18746,2.89508043351816e-05
18747,5.777175829280168e-05
18748,3.4319924452574924e-05
18749,0.00011862046812893823
18750,0.00016021219198592007
18751,0.00017131070489995182
18752,5.444693306344561e-05
18753,9.33982664719224e-05
18754,7.608497980982065e-05
18755,5.5390635679941624e-05
18756,2.1697716874768957e-05
18757,0.0001439194893464446
18758,2.6784362489706837e-05
18759,0.00011426680430304259
18760,5.611492451862432e-05
18761,7.350427767960355e-05
18762,9.365995356347412e-05
18763,3.1496889278059825e-05
18764,0.00011233526311116293
18765,0.00013994019536767155
18766,3.6727207771036774e-05
18767,9.026401130540762e-06
18768,5.355864777811803e-05
18769,3.448492134339176e-05
18770,4.900905696558766e-05
18771,9.069489169633016e-05
18772,8.87639689608477e-05
18773,9.12688992684707e-05
18774,4.192788037471473e-05
18775,0.00011673357948893681
18776,0.0001385308860335499
18777,2.257551022921689e-05
18778,9.617663454264402e-05
18779,5.9011992561863735e-05
18780,3.7799480196554214e-05
18781,6.647002010140568e-05
18782,9.996727021643892e-05
18783,5.580922879744321e-05
18784,0.0001000205593300052
18785,2.9373330107773654e-05
18786,5.358940688893199e-05
18787,2.0023217075504363e-05
18788,0.00038393837166950107
18789,7.411581464111805e-05
18790,4.2495179513935e-05
18791,4.6457589633064345e-05
18792,9.033185051521286e-05
18793,1.0907677278737538e-05
18794,6.508366641355678e-05
18795,0.0001228671462740749
18796,3.4604316169861704e-05
18797,9.09520749701187e-05
18798,1.5904337487882003e-05
18799,0.00015225556853692979
18800,5.767561378888786e-05
18801,5.1420724048512056e-05
18802,0.00012850752682425082
18803,0.00017699343152344227
18804,0.00011764102964662015
18805,6.412564835045487e-05
18806,1.1120078852400184e-05
18807,6.454579124692827e-05
18808,0.00016644017887301743
18809,0.0001795339776435867
18810,3.423095040488988e-05
18811,2.1204235963523388e-05
18812,0.00011028342123609036
18813,6.932310498086736e-05
18814,7.809360977262259e-05
18815,1.8651016944204457e-05
18816,1.8123773770639673e-05
18817,0.00019264084403403103
18818,7.649307372048497e-05
18819,3.456340346019715e-05
18820,0.00023254260304383934
18821,6.053726974641904e-05
18822,0.00019623192201834172
18823,0.00013891546404920518
18824,4.775436536874622e-05
18825,9.424264135304838e-05
18826,5.315874295774847e-05
18827,0.000136312359245494
18828,4.220080518280156e-05
18829,6.792425119783729e-05
18830,6.231883889995515e-05
18831,1.060585600498598e-05
18832,2.230683276138734e-05
18833,5.384796895668842e-05
18834,0.00015695017646066844
18835,0.0001426201342837885
18836,5.4723343055229634e-05
18837,0.0001754474506014958
18838,0.00010057642066385597
18839,1.754705408529844e-05
18840,2.388794018770568e-05
18841,0.00013531616423279047
18842,0.00015863697626627982
18843,3.5899483918910846e-05
18844,3.2994881621561944e-05
18845,6.372646021191031e-05
18846,7.60318071115762e-05
18847,7.578352960990742e-05
18848,0.00025901224580593407
18849,1.4095503502176143e-05
18850,1.222335959027987e-05
18851,1.7274231140618213e-05
18852,0.00010722457955125719
18853,9.619876800570637e-05
18854,1.546925341244787e-05
18855,7.086875848472118e-05
18856,9.537558071315289e-05
18857,1.0592585567792412e-05
18858,1.234124465554487e-05
18859,3.409153578104451e-05
18860,7.135142368497327e-05
18861,1.1957961760344915e-05
18862,3.234309406252578e-05
18863,0.00010387215297669172
18864,7.756428385619074e-05
18865,4.335019184509292e-05
18866,1.4852460481051821e-05
18867,1.9767350750043988e-05
18868,4.561479727271944e-05
18869,6.812076026108116e-05
18870,0.00010188999294769019
18871,7.26020589354448e-05
18872,5.000746750738472e-05
18873,0.00025130942231044173
18874,0.00012699433136731386
18875,8.323164365720004e-05
18876,9.667497943155468e-05
18877,0.00014608715719077736
18878,5.56480918021407e-05
18879,0.00016263758880086243
18880,5.101435090182349e-05
18881,7.747190102236345e-05
18882,7.75226071709767e-05
18883,9.576102456776425e-05
18884,0.0001012306020129472
18885,7.113358878996223e-05
18886,1.2107555448892526e-05
18887,6.931836105650291e-05
18888,9.88924948615022e-05
18889,0.00010113429743796587
18890,0.00016914407024160028
18891,5.7841687521431595e-05
18892,4.866673407377675e-05
18893,9.596448217052966e-05
18894,0.00010852333798538893
18895,2.096133539453149e-05
18896,6.926934293005615e-05
18897,1.891729698400013e-05
18898,0.000152531560161151
18899,2.6980360416928306e-05
18900,0.00021294874022714794
18901,0.00010503728117328137
18902,1.1828159586002585e-05
18903,0.00017686380306258798
18904,8.845277625368908e-05
18905,4.471967258723453e-05
18906,0.00023027995484881103
18907,0.0001446814858354628
18908,2.915921140811406e-05
18909,5.8141540648648515e-05
18910,0.00010374450357630849
18911,0.0001039505295921117
18912,0.0001575094647705555
18913,7.298693526536226e-05
18914,3.3003350836224854e-05
18915,1.7065043721231632e-05
18916,8.979039193945937e-06
18917,7.044279482215643e-05
18918,7.319159340113401e-05
18919,6.755479262210429e-05
18920,0.00011468231969047338
18921,9.8329437605571e-05
18922,3.3699376217555255e-05
18923,8.331910794368014e-05
18924,8.838144822220784e-06
18925,1.635691660339944e-05
18926,8.654950943309814e-05
18927,9.988214151235297e-05
18928,9.741294888954144e-06
18929,9.453369420953095e-05
18930,5.200250234338455e-05
18931,8.0110490671359e-05
18932,8.220003655878827e-05
18933,3.135100632789545e-05
18934,4.7658853873144835e-05
18935,0.00016584816330578178
18936,1.367877393931849e-05
18937,2.8947031751158647e-05
18938,2.6872687158174813e-05
18939,2.726991442614235e-05
18940,8.191162487491965e-05
18941,3.15552024403587e-05
18942,0.0002484286087565124
18943,2.3657501515117474e-05
18944,3.164105146424845e-05
18945,4.9257643695455045e-05
18946,0.00038517446955665946
18947,4.883168003289029e-05
18948,5.815501936012879e-05
18949,6.158046016935259e-05
18950,0.00012063485337421298
18951,6.51513400953263e-05
18952,4.0693852497497573e-05
18953,0.00023438429343514144
18954,3.80281126126647e-05
18955,3.831517824437469e-05
18956,5.4000669479137287e-05
18957,0.00020634743850678205
18958,0.00023145138402469456
18959,2.129138374584727e-05
18960,3.268877844675444e-05
18961,6.423880404327065e-05
18962,3.1249150197254494e-05
18963,3.566965460777283e-05
18964,8.076330414041877e-05
18965,0.00024024365120567381
18966,0.00011597400589380413
18967,9.961394971469417e-05
18968,3.944661148125306e-05
18969,5.7328506954945624e-05
18970,6.093699630582705e-05
18971,0.00015844282461330295
18972,1.2951466487720609e-05
18973,1.195315780933015e-05
18974,9.302345279138535e-05
18975,6.972974370000884e-05
18976,0.00018402501882519573
18977,7.61479486754979e-06
18978,0.00010195975482929498
18979,5.961929855402559e-05
18980,9.8658369097393e-05
18981,0.00020906147256027907
18982,2.5523853764752857e-05
18983,8.469899330521002e-05
18984,4.005922528449446e-05
18985,9.88780811894685e-05
18986,2.8791486329282634e-05
18987,4.669231566367671e-05
18988,6.39387799310498e-05
18989,1.7582482541911304e-05
18990,8.617473940830678e-05
18991,0.00015038944547995925
18992,1.8591686966829002e-05
18993,7.55025539547205e-05
18994,0.00016099865024443716
18995,4.4078326027374715e-05
18996,2.7582373149925843e-05
18997,6.325518188532442e-05
18998,7.651616760995239e-05
18999,0.00012723469990305603
19000,0.0001518823264632374
19001,6.712753383908421e-05
19002,0.0002765502722468227
19003,0.00010864251817110926
19004,4.932293086312711e-05
19005,6.39235440758057e-05
19006,3.752046177396551e-05
19007,4.3272280890960246e-05
19008,0.0001359161251457408
19009,9.855565440375358e-05
19010,7.5919771916233e-05
19011,0.0001052493171300739
19012,2.206458884757012e-05
19013,0.00010509206913411617
19014,5.1991635700687766e-05
19015,0.000125934457173571
19016,6.801757263019681e-05
19017,2.3739432435831986e-05
19018,6.55140247545205e-05
19019,5.101098940940574e-05
19020,4.716067633125931e-05
19021,3.782987187150866e-05
19022,0.00011896306386915967
19023,7.742844900349155e-05
19024,0.0001763819600455463
19025,3.7811310903634876e-05
19026,4.324571636971086e-05
19027,0.00011975064262514934
19028,9.485054761171341e-05
19029,0.00019786688790190965
19030,0.000125643695355393
19031,0.00012463837629184127
19032,5.644240081892349e-05
19033,7.147528231143951e-05
19034,0.00017338793259114027
19035,0.00011009325680788606
19036,1.5534795238636434e-05
19037,0.00013872832641936839
19038,8.31370271043852e-05
19039,1.7308904716628604e-05
19040,0.00013117530033923686
19041,2.0682447939179838e-05
19042,5.08725643157959e-05
19043,3.226793705835007e-05
19044,0.00020510819740593433
19045,9.89554391708225e-05
19046,5.85412562941201e-05
19047,0.00017972956993617117
19048,7.193289638962597e-05
19049,7.415642903652042e-05
19050,4.951476876158267e-05
19051,0.00011076073133153841
19052,0.0006046942435204983
19053,1.9012037228094414e-05
19054,6.761318945791572e-05
19055,0.00022073020227253437
19056,6.116980512160808e-05
19057,0.0001000382035272196
19058,0.00016319978749379516
19059,0.00012092544784536585
19060,0.00025914242723956704
19061,7.354316039709374e-05
19062,4.7172030463116243e-05
19063,9.160597255686298e-05
19064,8.966962923295796e-05
19065,3.6517343687592074e-05
19066,5.6478642363799736e-05
19067,0.00028605491388589144
19068,0.00011495599756017327
19069,3.853351518046111e-05
19070,0.00012162081839051098
19071,5.552079528570175e-05
19072,6.512297841254622e-05
19073,9.080781637749169e-06
19074,0.00033532408997416496
19075,5.445704664452933e-05
19076,5.118027183925733e-05
19077,7.13811896275729e-05
19078,7.472805737052113e-05
19079,5.954049265710637e-05
19080,0.00011095490481238812
19081,0.00010868370009120554
19082,0.00013648642925545573
19083,9.502461762167513e-05
19084,2.563849375292193e-05
19085,0.00012358323147054762
19086,0.00014373086742125452
19087,2.1058847778476775e-05
19088,3.97035400965251e-05
19089,0.00018964576884172857
19090,5.5489254009444267e-05
19091,6.728887092322111e-05
19092,0.0004932525334879756
19093,4.235905362293124e-05
19094,4.259811976226047e-05
19095,0.0002975887036882341
19096,0.00010151839524041861
19097,7.438586908392608e-05
19098,2.8991475119255483e-05
19099,7.018524775048718e-05
19100,1.8103884940501302e-05
19101,7.778632425470278e-05
19102,1.136754326580558e-05
19103,5.17741464136634e-05
19104,8.3303137216717e-05
19105,6.263832619879395e-05
19106,9.909473010338843e-05
19107,1.4322563401947264e-05
19108,3.246650885557756e-05
19109,3.7482874176930636e-05
19110,1.0567784556769766e-05
19111,0.00010799264418892562
19112,1.480806531617418e-05
19113,5.3042920626467094e-05
19114,4.4386746594682336e-05
19115,0.00010187025327468291
19116,0.00013010574912186712
19117,2.427081562927924e-05
19118,0.000292728072963655
19119,9.445098839933053e-05
19120,3.718336301972158e-05
19121,3.441264925641008e-05
19122,0.0006677936762571335
19123,7.437475869664922e-05
19124,0.00012503536709118634
19125,1.2895719919470139e-05
19126,0.00013022718485444784
19127,7.17338189133443e-05
19128,6.620129715884104e-05
19129,0.00012475464609451592
19130,0.00023836721084080637
19131,6.199940980877727e-05
19132,1.9658098608488217e-05
19133,2.156434129574336e-05
19134,0.00020442932145670056
19135,0.0002498228568583727
19136,0.00020298651361372322
19137,2.1479001588886604e-05
19138,0.00038163745193742216
19139,0.000127260951558128
19140,1.4358439329953399e-05
19141,0.00010674826626200229
19142,4.28844359703362e-05
19143,7.520979852415621e-05
19144,0.00010692846262827516
19145,0.00015457902918569744
19146,3.417110565351322e-05
19147,5.2073344704695046e-05
19148,0.0001356900465907529
19149,0.00016007752856239676
19150,2.250622128485702e-05
19151,4.876506864093244e-05
19152,9.382690768688917e-05
19153,1.4802531950408593e-05
19154,1.2774491551681422e-05
19155,8.360409992747009e-05
19156,1.4980165360611863e-05
19157,1.4778088370803744e-05
19158,1.090403657144634e-05
19159,4.83992844237946e-05
19160,7.475617894669995e-05
19161,0.00010684980952646583
19162,1.5920499208732508e-05
19163,0.0001908451085910201
19164,6.783770368201658e-05
19165,0.00010564666445134208
19166,0.00013682615826837718
19167,7.349123188760132e-05
19168,0.0001818965538404882
19169,2.410684828646481e-05
19170,2.4750828742980957e-05
19171,2.9010258003836498e-05
19172,1.279365642403718e-05
19173,7.351012027356774e-05
19174,1.879404589999467e-05
19175,4.734058165922761e-05
19176,0.00018780375830829144
19177,9.787244198378175e-05
19178,0.00022127883858047426
19179,4.535954212769866e-05
19180,0.0001280620926991105
19181,2.026120273512788e-05
19182,7.674969674553722e-05
19183,1.3344611943466589e-05
19184,0.00020792466239072382
19185,0.0001213818250107579
19186,1.284217978536617e-05
19187,9.69493412412703e-05
19188,4.7580499085597694e-05
19189,0.00019392214016988873
19190,0.00010297586413798854
19191,4.6854725951561704e-05
19192,3.563141945051029e-05
19193,6.692743045277894e-05
19194,0.00018128479132428765
19195,1.036405228660442e-05
19196,5.7660945458337665e-05
19197,4.444201840669848e-05
19198,0.00010927169932983816
19199,7.165959686972201e-05
19200,2.7169000532012433e-05
19201,1.8670221834327094e-05
19202,5.090952254249714e-05
19203,7.177585212048143e-05
19204,9.399397640663665e-06
19205,3.9854196074884385e-05
19206,0.00011704211647156626
19207,9.579875768395141e-05
19208,6.726322317263111e-05
19209,4.136802817811258e-05
19210,2.782334922812879e-05
19211,9.500033047515899e-05
19212,7.025267404969782e-05
19213,6.312090408755466e-05
19214,8.142407750710845e-05
19215,8.890064782463014e-05
19216,5.096464155940339e-05
19217,1.5155930668697692e-05
19218,7.905288657639176e-05
19219,2.129552376572974e-05
19220,0.00012839949340559542
19221,4.145778075326234e-05
19222,3.7892194086452946e-05
19223,0.00019204113050363958
19224,0.00016778576537035406
19225,5.4211574024520814e-05
19226,8.596418047090992e-05
19227,3.459956496953964e-05
19228,2.6649839128367603e-05
19229,0.00010123859829036519
19230,8.752245776122436e-05
19231,5.747553223045543e-05
19232,0.000205266842385754
19233,0.00010128418944077566
19234,3.4144235542044044e-05
19235,1.7844384274212644e-05
19236,0.00013645290164276958
19237,3.187056427123025e-05
19238,1.533231079520192e-05
19239,5.307624087436125e-05
19240,8.092180360108614e-05
19241,0.0003021770971827209
19242,4.455143789527938e-05
19243,6.723870319547132e-05
19244,0.0001221303828060627
19245,0.00016073972801677883
19246,9.80466757027898e-06
19247,0.0002007703296840191
19248,0.0001220672857016325
19249,0.0002938720863312483
19250,5.1262511988170445e-05
19251,2.4773094992269762e-05
19252,6.645342364208773e-05
19253,5.851087917108089e-05
19254,0.00016733238589949906
19255,0.00011369198909960687
19256,1.1446217285993043e-05
19257,0.0001008084072964266
19258,2.141079312423244e-05
19259,0.00016831296670716256
19260,8.393776079174131e-05
19261,1.0281103641318623e-05
19262,7.55747314542532e-05
19263,6.576126907020807e-05
19264,4.752005770569667e-05
19265,0.00013254881196189672
19266,4.2503830627538264e-05
19267,0.0001837525487644598
19268,5.851232708664611e-05
19269,0.0003248513676226139
19270,0.0002248394157504663
19271,8.048966992646456e-05
19272,0.00019281911954749376
19273,7.403739436995238e-05
19274,1.6779013094492257e-05
19275,0.00012067168427165598
19276,4.767991413245909e-05
19277,0.0001219230325659737
19278,9.694978871266358e-06
19279,2.826555646606721e-05
19280,4.494898530538194e-05
19281,0.00011001157690770924
19282,2.608174145279918e-05
19283,1.0160791134694591e-05
19284,7.923034718260169e-05
19285,5.282606798573397e-05
19286,6.885439506731927e-05
19287,0.0002045288565568626
19288,6.871412915643305e-05
19289,1.4586829820473213e-05
19290,2.8779122658306733e-05
19291,7.713166996836662e-05
19292,7.235583325382322e-05
19293,3.436009865254164e-05
19294,5.903321653022431e-05
19295,0.00012138581223553047
19296,4.656810051528737e-05
19297,0.0001265173777937889
19298,1.1005901797034312e-05
19299,7.502779772039503e-05
19300,3.929293598048389e-05
19301,4.129896478843875e-05
19302,0.00017544723232276738
19303,0.00011604249448282644
19304,6.0269398090895265e-05
19305,5.134936509421095e-05
19306,0.00010750374349299818
19307,4.2979285353794694e-05
19308,0.0002588937059044838
19309,1.4147290130495094e-05
19310,0.00019416323630139232
19311,0.0002039045502897352
19312,5.3773408581037074e-05
19313,7.17959483154118e-05
19314,0.0001094535255106166
19315,0.00012032019731123
19316,6.917472637724131e-05
19317,1.958185384864919e-05
19318,0.00019859250460285693
19319,6.0850765294162557e-05
19320,9.681865776656196e-05
19321,4.520742004388012e-05
19322,4.590593744069338e-05
19323,0.00013339801807887852
19324,1.3458330613502767e-05
19325,0.0001050490973284468
19326,5.329385749064386e-05
19327,3.024368743353989e-05
19328,7.44258431950584e-05
19329,7.957551133586094e-05
19330,0.00032789105898700655
19331,1.3243070497992449e-05
19332,3.9227445085998625e-05
19333,0.00010311036749044433
19334,0.00012517411960288882
19335,3.920847666449845e-05
19336,6.215275061549619e-05
19337,0.0001002383723971434
19338,2.310258787474595e-05
19339,2.7857613531523384e-05
19340,0.0001332215324509889
19341,8.467859152005985e-05
19342,4.540982627077028e-05
19343,9.578834578860551e-05
19344,1.598552080395166e-05
19345,7.229681796161458e-05
19346,8.285446710942779e-06
19347,0.000236476247664541
19348,4.814452040591277e-05
19349,5.5227606935659423e-05
19350,8.881220128387213e-05
19351,1.0687039321055636e-05
19352,0.00015083455946296453
19353,6.070984818506986e-05
19354,0.00014157238183543086
19355,7.260296843014657e-05
19356,5.065723235020414e-05
19357,3.499817103147507e-05
19358,6.186480459291488e-05
19359,7.108080899342895e-05
19360,1.903339580167085e-05
19361,5.316732858773321e-05
19362,2.2854950657347217e-05
19363,3.8326244975905865e-05
19364,0.00018178739992436022
19365,0.00011369399726390839
19366,7.580228702863678e-05
19367,0.00011223828187212348
19368,0.00015475950203835964
19369,6.428585038520396e-05
19370,9.200233034789562e-05
19371,6.547168595716357e-05
19372,0.00017173487867694348
19373,7.210295007098466e-05
19374,3.9211281546158716e-05
19375,8.990042260847986e-05
19376,1.0856842891371343e-05
19377,3.2111594919115305e-05
19378,0.00013399509771261364
19379,1.91528979485156e-05
19380,0.00012593739666044712
19381,0.0001809837995097041
19382,2.4195522200898267e-05
19383,0.00022801870363764465
19384,7.147259748307988e-05
19385,0.00011451893078628927
19386,0.0001680935820331797
19387,0.0001379939349135384
19388,1.577195325808134e-05
19389,5.348690683604218e-05
19390,0.00019011626136489213
19391,0.00010359617590438575
19392,2.1465726604219526e-05
19393,8.466805593343452e-05
19394,2.4821534680086188e-05
19395,4.7132874897215515e-05
19396,0.00021607158123515546
19397,0.00015137284935917705
19398,9.086218778975308e-05
19399,4.678263940149918e-05
19400,1.348360729025444e-05
19401,7.1350600592268165e-06
19402,0.00011933871428482234
19403,0.0002654563868418336
19404,4.136626375839114e-05
19405,4.971287489752285e-05
19406,0.00010550096340011805
19407,2.0609864805010147e-05
19408,1.2348820746410638e-05
19409,5.085195880383253e-05
19410,5.01501708640717e-05
19411,8.272133709397167e-05
19412,7.495904719689861e-05
19413,0.00013955833856016397
19414,5.561888974625617e-05
19415,4.260073910700157e-05
19416,0.00025626993738114834
19417,7.856512820580974e-05
19418,3.539268072927371e-05
19419,6.901807500980794e-05
19420,2.5576853659003973e-05
19421,6.186640530359e-05
19422,7.526848639827222e-05
19423,3.4441683965269476e-05
19424,8.801763033261523e-05
19425,7.368989827227779e-06
19426,2.5819694201345555e-05
19427,9.453526581637561e-05
19428,5.183435860089958e-05
19429,4.0856553823687136e-05
19430,5.521616185433231e-05
19431,0.0001338618458248675
19432,4.173001434537582e-05
19433,0.00021643436048179865
19434,0.00012256884656380862
19435,3.85574167012237e-05
19436,0.0002098711847793311
19437,1.209406036650762e-05
19438,6.482747267000377e-05
19439,4.9590831622481346e-05
19440,3.7795827665831894e-05
19441,8.980237180367112e-05
19442,1.2058488209731877e-05
19443,5.913522909395397e-05
19444,0.0001078769491869025
19445,0.00023241627786774188
19446,5.765535752288997e-05
19447,0.0002839157241396606
19448,3.091540565947071e-05
19449,0.00011158501001773402
19450,0.00011570881179068238
19451,5.195443009142764e-05
19452,9.458068234380335e-06
19453,0.00014659561566077173
19454,2.0795288946828805e-05
19455,3.124570503132418e-05
19456,0.0001540426746942103
19457,0.00010226113954558969
19458,6.32182855042629e-05
19459,5.2070769015699625e-05
19460,1.724367029964924e-05
19461,0.0001146390859503299
19462,7.245287270052359e-05
19463,3.0532042728737e-05
19464,0.00010446604574099183
19465,0.00012029007484670728
19466,0.00011221827298868448
19467,2.4327107894350775e-05
19468,0.00010307326738256961
19469,2.9945673304609954e-05
19470,7.413454295601696e-05
19471,6.961208418942988e-05
19472,3.7335732486099005e-05
19473,4.24584504798986e-05
19474,0.00013069498527329415
19475,0.00010862087947316468
19476,0.0001179488463094458
19477,5.6987686548382044e-05
19478,3.2830976124387234e-05
19479,2.9271610401337966e-05
19480,2.9812836146447808e-05
19481,0.00016862602205947042
19482,3.538684541126713e-05
19483,0.00013073055015411228
19484,8.50870565045625e-05
19485,1.469846029067412e-05
19486,8.366193651454523e-05
19487,0.00034284451976418495
19488,2.949490226455964e-05
19489,0.0005729246186092496
19490,0.0002807316486723721
19491,0.00015833777433726937
19492,4.815370630240068e-05
19493,8.592956146458164e-05
19494,6.126186053734273e-05
19495,4.68675498268567e-05
19496,0.0001287182094529271
19497,1.0632802514010109e-05
19498,5.730859629693441e-05
19499,0.00010782737808767706
19500,0.00011142683797515929
19501,5.824730760650709e-05
19502,4.0601909859105945e-05
19503,2.122617297573015e-05
19504,0.0001704667811281979
19505,3.449730866122991e-05
19506,4.9883132305694744e-05
19507,0.00020528589084278792
19508,8.548233017791063e-05
19509,1.4645787814515643e-05
19510,9.526679787086323e-05
19511,8.542615978512913e-05
19512,4.4901091314386576e-05
19513,2.48427277256269e-05
19514,3.574704533093609e-05
19515,1.5132582120713778e-05
19516,9.424006566405296e-05
19517,4.8806694394443184e-05
19518,8.388720743823797e-06
19519,8.177581912605092e-05
19520,3.859202843159437e-05
19521,1.9275878003099933e-05
19522,0.0001097804561140947
19523,0.00011604222527239472
19524,4.264311428414658e-05
19525,0.00011813397577498108
19526,0.00010614302300382406
19527,0.00010881140042329207
19528,1.496826735092327e-05
19529,0.0002930251066572964
19530,4.627591260941699e-05
19531,0.00024166653747670352
19532,7.179359090514481e-05
19533,8.424228144576773e-05
19534,7.638272109034006e-06
19535,8.158465789165348e-05
19536,3.0106999474810436e-05
19537,4.423813516041264e-05
19538,4.6456400013994426e-05
19539,5.039439565734938e-05
19540,2.5626046408433467e-05
19541,8.291947597172111e-05
19542,6.999561446718872e-05
19543,0.0001684148155618459
19544,6.645156827289611e-05
19545,0.0002148984494851902
19546,1.5702255041105673e-05
19547,6.591726560145617e-05
19548,8.906317816581577e-05
19549,0.00023271393729373813
19550,3.994863072875887e-05
19551,0.0001218668112414889
19552,1.540410448797047e-05
19553,7.101973460521549e-05
19554,1.5015260032669175e-05
19555,4.782688483828679e-05
19556,8.527353929821402e-05
19557,5.082594361738302e-05
19558,6.965533248148859e-05
19559,2.779017813736573e-05
19560,9.927229984896258e-05
19561,1.900803908938542e-05
19562,6.671548180747777e-05
19563,7.109816942829639e-05
19564,0.00011605021427385509
19565,5.179197250981815e-05
19566,5.959623376838863e-05
19567,3.201646177330986e-05
19568,7.356215064646676e-05
19569,3.9342026866506785e-05
19570,1.4726143490406685e-05
19571,0.00010402771295048296
19572,3.761107291211374e-05
19573,3.24038956023287e-05
19574,1.6606387362116948e-05
19575,2.1833251594216563e-05
19576,5.566794061451219e-05
19577,5.37287414772436e-05
19578,8.0943587818183e-05
19579,1.3740500435233116e-05
19580,7.023084617685527e-05
19581,0.00012031418737024069
19582,0.0002804483228828758
19583,5.85227353440132e-05
19584,5.173277168069035e-05
19585,6.175116141093895e-05
19586,7.064822420943528e-05
19587,3.737054794328287e-05
19588,0.00018708663992583752
19589,0.00015343388076871634
19590,1.6990943549899384e-05
19591,9.719356603454798e-05
19592,2.740242416621186e-05
19593,0.00015304144471883774
19594,1.5380348486360162e-05
19595,6.499392475234345e-05
19596,3.4475095162633806e-05
19597,0.00012383967987261713
19598,5.469231109600514e-05
19599,0.00014100341650191694
19600,0.00011468063166830689
19601,3.893399116350338e-05
19602,8.535916276741773e-05
19603,3.1734311050968245e-05
19604,5.176121339900419e-05
19605,0.0002180219889851287
19606,0.00013885402586311102
19607,8.809266000753269e-05
19608,6.814132211729884e-05
19609,9.018609125632793e-05
19610,0.00014896862558089197
19611,0.00013918508193455637
19612,4.483332304516807e-05
19613,0.00013954646419733763
19614,5.103948205942288e-05
19615,5.6394845159957185e-05
19616,9.976579167414457e-05
19617,5.883425910724327e-05
19618,5.5809563491493464e-05
19619,0.00010070716962218285
19620,9.016542753670365e-05
19621,0.00022426653595175594
19622,3.427316187298857e-05
19623,0.000112906564027071
19624,7.471234130207449e-05
19625,0.00014960997214075178
19626,3.192861913703382e-05
19627,9.955412679119036e-05
19628,7.56291119614616e-05
19629,0.00013244414003565907
19630,2.3123613573261537e-05
19631,4.3880434532184154e-05
19632,0.00010128202848136425
19633,2.4065346224233508e-05
19634,8.011189493117854e-06
19635,3.321543044876307e-05
