ID,score
0,0.007837990298867226
1,0.014999586157500744
2,0.011698475107550621
3,0.015193491242825985
4,0.025872796773910522
5,0.02394190989434719
6,0.008554893545806408
7,0.039854638278484344
8,0.008847234770655632
9,0.01046458538621664
10,0.025684446096420288
11,0.024698227643966675
12,0.009130476042628288
13,0.025816863402724266
14,0.007413927465677261
15,0.023138340562582016
16,0.008038768544793129
17,0.010463973507285118
18,0.039093680679798126
19,0.011009206995368004
20,0.011020984500646591
21,0.01384018175303936
22,0.014647248201072216
23,0.005292474292218685
24,0.03201920911669731
25,0.006181771866977215
26,0.018244054168462753
27,0.010610598139464855
28,0.009534974582493305
29,0.009337358176708221
30,0.018271787092089653
31,0.006846497766673565
32,0.01592223346233368
33,0.0086352014914155
34,0.015574013814330101
35,0.011896803043782711
36,0.014165150001645088
37,0.015643922612071037
38,0.00791674293577671
39,0.01587645523250103
40,0.0320015624165535
41,0.016027992591261864
42,0.007836843840777874
43,0.027710741385817528
44,0.038145944476127625
45,0.02236267924308777
46,0.010801813565194607
47,0.01779831573367119
48,0.01249622367322445
49,0.00601251982152462
50,0.021940521895885468
51,0.028538286685943604
52,0.01041422039270401
53,0.007248820271342993
54,0.010709713213145733
55,0.009652219712734222
56,0.02093556523323059
57,0.008867435157299042
58,0.010099714621901512
59,0.009806687943637371
60,0.01588500291109085
61,0.007176387123763561
62,0.009753430262207985
63,0.005607675760984421
64,0.017299052327871323
65,0.040745384991168976
66,0.010120853781700134
67,0.00976839940994978
68,0.01963118463754654
69,0.026540076360106468
70,0.01799944043159485
71,0.02131064236164093
72,0.010932207107543945
73,0.005922134034335613
74,0.0112701915204525
75,0.018556464463472366
76,0.017545320093631744
77,0.015764301642775536
78,0.03627046197652817
79,0.022012874484062195
80,0.02087017148733139
81,0.010612927377223969
82,0.03157971426844597
83,0.03106839209794998
84,0.009411375969648361
85,0.047720544040203094
86,0.009591998532414436
87,0.024535123258829117
88,0.019266903400421143
89,0.02011873759329319
90,0.005203318782150745
91,0.03221399709582329
92,0.0029241847805678844
93,0.01582241803407669
94,0.009887265041470528
95,0.00915154255926609
96,0.030520372092723846
97,0.012244703248143196
98,0.013468582183122635
99,0.017660444602370262
100,0.029977232217788696
101,0.014459642581641674
102,0.012736345641314983
103,0.013697689399123192
104,0.011366977356374264
105,0.012987776659429073
106,0.017192460596561432
107,0.01911930739879608
108,0.022482793778181076
109,0.01052185706794262
110,0.0110634071752429
111,0.006434195674955845
112,0.01576181873679161
113,0.012879626825451851
114,0.020244978368282318
115,0.007703898008912802
116,0.008209583349525928
117,0.021393708884716034
118,0.011668643914163113
119,0.01991305500268936
120,0.008277250453829765
121,0.018984563648700714
122,0.02146512269973755
123,0.008043967187404633
124,0.022371944040060043
125,0.01887120120227337
126,0.032868899405002594
127,0.015779398381710052
128,0.010753086768090725
129,0.005280098877847195
130,0.007071479223668575
131,0.015123615972697735
132,0.017879093065857887
133,0.011956095695495605
134,0.0051916721276938915
135,0.03497422859072685
136,0.012951178476214409
137,0.010193034075200558
138,0.007197219412773848
139,0.026292262598872185
140,0.011044174432754517
141,0.0149410180747509
142,0.02255021035671234
143,0.010360892862081528
144,0.019777514040470123
145,0.004974056035280228
146,0.018193593248724937
147,0.008412427268922329
148,0.008737197145819664
149,0.04035210981965065
150,0.016136687248945236
151,0.014772512018680573
152,0.010369351133704185
153,0.005886015947908163
154,0.007938663475215435
155,0.013554578647017479
156,0.01117667742073536
157,0.011717677116394043
158,0.013658246956765652
159,0.008790254592895508
160,0.014755604788661003
161,0.013142094016075134
162,0.01507988478988409
163,0.008009549230337143
164,0.034507304430007935
165,0.011111132800579071
166,0.013810938224196434
167,0.027652811259031296
168,0.007247799076139927
169,0.02222120761871338
170,0.009354696609079838
171,0.017143670469522476
172,0.006405480206012726
173,0.024583440274000168
174,0.028585121035575867
175,0.021370425820350647
176,0.015869837254285812
177,0.015330413356423378
178,0.004978806711733341
179,0.014181203208863735
180,0.026736941188573837
181,0.014207301661372185
182,0.010816751047968864
183,0.006480888929218054
184,0.028971798717975616
185,0.009982188232243061
186,0.00865541584789753
187,0.008912459015846252
188,0.006222645752131939
189,0.01289365254342556
190,0.02198936603963375
191,0.01229072269052267
192,0.01655445247888565
193,0.010211538523435593
194,0.022446151822805405
195,0.006859271787106991
196,0.011400691233575344
197,0.011143891140818596
198,0.013696230947971344
199,0.01920255832374096
200,0.01634289138019085
201,0.017634708434343338
202,0.008180584758520126
203,0.03482470661401749
204,0.033616386353969574
205,0.006288599222898483
206,0.00819370523095131
207,0.008484523743391037
208,0.017085867002606392
209,0.011104123666882515
210,0.028151556849479675
211,0.013931803405284882
212,0.01367393508553505
213,0.03216315805912018
214,0.0157691091299057
215,0.03156203031539917
216,0.006868734955787659
217,0.016259007155895233
218,0.008270377293229103
219,0.009472602978348732
220,0.007019858341664076
221,0.007719643414020538
222,0.0217784121632576
223,0.018198678269982338
224,0.025607619434595108
225,0.016766365617513657
226,0.053304851055145264
227,0.011348729953169823
228,0.023216266185045242
229,0.021590303629636765
230,0.030794372782111168
231,0.020324096083641052
232,0.012659404426813126
233,0.02637743577361107
234,0.013468067161738873
235,0.03704538568854332
236,0.007120599504560232
237,0.006389496382325888
238,0.015045151114463806
239,0.013647272251546383
240,0.018351247534155846
241,0.011859292164444923
242,0.012812505476176739
243,0.017911899834871292
244,0.014611780643463135
245,0.007856158539652824
246,0.02320237085223198
247,0.017239484935998917
248,0.011329930275678635
249,0.01824520155787468
250,0.009864376857876778
251,0.01289772242307663
252,0.01603928580880165
253,0.007685771211981773
254,0.007455024868249893
255,0.022875886410474777
256,0.006267722230404615
257,0.007768129929900169
258,0.026778649538755417
259,0.004398660734295845
260,0.0071111503057181835
261,0.015049467794597149
262,0.02400175854563713
263,0.02775871753692627
264,0.011552478186786175
265,0.009484263136982918
266,0.019134441390633583
267,0.006861872971057892
268,0.017259594053030014
269,0.00691633764654398
270,0.028379876166582108
271,0.03330866992473602
272,0.007983407005667686
273,0.006457081995904446
274,0.018422899767756462
275,0.020581353455781937
276,0.014304923824965954
277,0.016250338405370712
278,0.016356974840164185
279,0.013061357662081718
280,0.011516764760017395
281,0.027040813118219376
282,0.02762477658689022
283,0.007717907428741455
284,0.012334402650594711
285,0.02482810616493225
286,0.021654561161994934
287,0.010659056715667248
288,0.01767875999212265
289,0.009260844439268112
290,0.006940703839063644
291,0.029386114329099655
292,0.019898682832717896
293,0.027637433260679245
294,0.016045162454247475
295,0.013126636855304241
296,0.028748109936714172
297,0.005713779479265213
298,0.01253620907664299
299,0.012879928573966026
300,0.019236497581005096
301,0.009359803050756454
302,0.02345285937190056
303,0.017416944727301598
304,0.018972385674715042
305,0.012991830706596375
306,0.005710068624466658
307,0.012757139280438423
308,0.006665024906396866
309,0.017198093235492706
310,0.013527310453355312
311,0.022272367030382156
312,0.02183067612349987
313,0.03835843503475189
314,0.0066619678400456905
315,0.013231156393885612
316,0.009527879767119884
317,0.02169140800833702
318,0.017367633059620857
319,0.011644022539258003
320,0.013883419334888458
321,0.018322721123695374
322,0.006369456183165312
323,0.011292438954114914
324,0.031555622816085815
325,0.018112987279891968
326,0.00974492821842432
327,0.02119990810751915
328,0.022783443331718445
329,0.02360968105494976
330,0.020782116800546646
331,0.015088564716279507
332,0.013050049543380737
333,0.018877513706684113
334,0.009591039270162582
335,0.00646697822958231
336,0.007386841811239719
337,0.01434851810336113
338,0.011102216318249702
339,0.013786844909191132
340,0.00587005540728569
341,0.017290975898504257
342,0.009540041908621788
343,0.017706258222460747
344,0.0163325946778059
345,0.014641305431723595
346,0.020077060908079147
347,0.023727256804704666
348,0.018060434609651566
349,0.018573284149169922
350,0.01690419763326645
351,0.009914028458297253
352,0.008031968027353287
353,0.00954367034137249
354,0.009133268147706985
355,0.012351782992482185
356,0.02682378515601158
357,0.019707132130861282
358,0.019085019826889038
359,0.01749683916568756
360,0.006844180636107922
361,0.016936004161834717
362,0.007781080435961485
363,0.01841043122112751
364,0.018247028812766075
365,0.01438370905816555
366,0.03440757468342781
367,0.013934789225459099
368,0.01918989233672619
369,0.006421578582376242
370,0.02188507467508316
371,0.008243005722761154
372,0.007778716739267111
373,0.04096781834959984
374,0.009204198606312275
375,0.011880652979016304
376,0.00895391684025526
377,0.011790057644248009
378,0.02309592440724373
379,0.02867620252072811
380,0.01048122625797987
381,0.011106343939900398
382,0.021462153643369675
383,0.004757552407681942
384,0.047190725803375244
385,0.01884125918149948
386,0.019602226093411446
387,0.006239776965230703
388,0.01699126698076725
389,0.009871445596218109
390,0.006334527395665646
391,0.032205309718847275
392,0.008933471515774727
393,0.012259392067790031
394,0.017062168568372726
395,0.020128751173615456
396,0.0387289933860302
397,0.013888729736208916
398,0.009765034541487694
399,0.005768408998847008
400,0.0300131943076849
401,0.013159878551959991
402,0.01789691671729088
403,0.012873612344264984
404,0.01024048961699009
405,0.05158616602420807
406,0.016790470108389854
407,0.018028415739536285
408,0.0142836794257164
409,0.01732681319117546
410,0.010677458718419075
411,0.01039915718138218
412,0.022742927074432373
413,0.007381776347756386
414,0.024580925703048706
415,0.007447688840329647
416,0.006921593099832535
417,0.017305247485637665
418,0.023505132645368576
419,0.007217430975288153
420,0.01450769416987896
421,0.009224118664860725
422,0.0179392509162426
423,0.02334209345281124
424,0.011763622984290123
425,0.009974473156034946
426,0.008670935407280922
427,0.011974815279245377
428,0.01163281500339508
429,0.008013112470507622
430,0.018661078065633774
431,0.008859679102897644
432,0.017668571323156357
433,0.012354366481304169
434,0.007273430936038494
435,0.012001781724393368
436,0.010677712969481945
437,0.01230164896696806
438,0.03373498097062111
439,0.012109668925404549
440,0.012887164950370789
441,0.009293723851442337
442,0.015967171639204025
443,0.03430600464344025
444,0.009372171014547348
445,0.017531991004943848
446,0.011371488682925701
447,0.014500245451927185
448,0.029966488480567932
449,0.011791488155722618
450,0.016757406294345856
451,0.010412752628326416
452,0.014837546274065971
453,0.029284920543432236
454,0.02205887995660305
455,0.014499042183160782
456,0.010987309738993645
457,0.004979114979505539
458,0.009343951940536499
459,0.016471315175294876
460,0.008071526885032654
461,0.008513587526977062
462,0.01624913513660431
463,0.07351603358983994
464,0.016992129385471344
465,0.01573125831782818
466,0.009259233251214027
467,0.008531109429895878
468,0.014516381546854973
469,0.035529009997844696
470,0.008387993089854717
471,0.018198257312178612
472,0.012524533085525036
473,0.00414477102458477
474,0.017071843147277832
475,0.01792762242257595
476,0.01697774976491928
477,0.009132720530033112
478,0.008007720112800598
479,0.009953351691365242
480,0.014054864645004272
481,0.027469521388411522
482,0.0383153036236763
483,0.014507457613945007
484,0.013145200908184052
485,0.01199366059154272
486,0.017319275066256523
487,0.020544011145830154
488,0.009073015302419662
489,0.03212311863899231
490,0.046866148710250854
491,0.01260869950056076
492,0.030368678271770477
493,0.013644683174788952
494,0.010617710649967194
495,0.008534450083971024
496,0.01227092556655407
497,0.011720335111021996
498,0.011326499283313751
499,0.008275777101516724
500,0.013444233685731888
501,0.015606588684022427
502,0.00702021736651659
503,0.02827712520956993
504,0.025052431970834732
505,0.0087135536596179
506,0.015312614850699902
507,0.029548456892371178
508,0.01023137103766203
509,0.020453594624996185
510,0.023370470851659775
511,0.05337952822446823
512,0.004938796162605286
513,0.012348788790404797
514,0.02462320774793625
515,0.02321501076221466
516,0.006404300685971975
517,0.007595269940793514
518,0.011315383017063141
519,0.019238855689764023
520,0.005638422444462776
521,0.013869013637304306
522,0.005831269081681967
523,0.01991717517375946
524,0.01234542578458786
525,0.007739386521279812
526,0.019229944795370102
527,0.01348588801920414
528,0.0065963841043412685
529,0.004872466437518597
530,0.019201066344976425
531,0.02917536161839962
532,0.019971637055277824
533,0.016606846824288368
534,0.004548322409391403
535,0.018499251455068588
536,0.015377516858279705
537,0.00639925803989172
538,0.02138616144657135
539,0.014697814360260963
540,0.01751832664012909
541,0.012973755598068237
542,0.009309493005275726
543,0.01029958575963974
544,0.010423264466226101
545,0.010202068835496902
546,0.025488054379820824
547,0.040321048349142075
548,0.017134375870227814
549,0.024916863068938255
550,0.008278172463178635
551,0.01417629700154066
552,0.018454711884260178
553,0.01148851029574871
554,0.05498330295085907
555,0.009884204715490341
556,0.016338881105184555
557,0.01258365623652935
558,0.01705547794699669
559,0.021669283509254456
560,0.018630526959896088
561,0.014633147045969963
562,0.020939212292432785
563,0.018698593601584435
564,0.020853683352470398
565,0.015348685905337334
566,0.02183019369840622
567,0.016265546903014183
568,0.025258949026465416
569,0.007980495691299438
570,0.010020069777965546
571,0.005579435732215643
572,0.014687702059745789
573,0.0075125545263290405
574,0.020743025466799736
575,0.01864514872431755
576,0.018761761486530304
577,0.01540893130004406
578,0.025830533355474472
579,0.007257133722305298
580,0.009448431432247162
581,0.009124033153057098
582,0.005707085132598877
583,0.016035092994570732
584,0.010400151833891869
585,0.013593336567282677
586,0.015077288262546062
587,0.016734521836042404
588,0.01008530892431736
589,0.020722631365060806
590,0.012244164943695068
591,0.019146893173456192
592,0.01468314602971077
593,0.026979325339198112
594,0.019368015229701996
595,0.011385371908545494
596,0.0070339106023311615
597,0.025538425892591476
598,0.009803475812077522
599,0.020291073247790337
600,0.024762067943811417
601,0.01754559949040413
602,0.01049315370619297
603,0.01509905606508255
604,0.008104395121335983
605,0.015308069996535778
606,0.006153419613838196
607,0.013007542118430138
608,0.02675691805779934
609,0.01155377458781004
610,0.005393464118242264
611,0.02137458324432373
612,0.03181346878409386
613,0.013382106088101864
614,0.012016279622912407
615,0.024016782641410828
616,0.01857716031372547
617,0.021543540060520172
618,0.020228631794452667
619,0.013294912874698639
620,0.0085543692111969
621,0.01668189838528633
622,0.018149642273783684
623,0.020132161676883698
624,0.016991376876831055
625,0.01295760553330183
626,0.01128850132226944
627,0.009782291948795319
628,0.009064391255378723
629,0.025373853743076324
630,0.012044189497828484
631,0.018594738095998764
632,0.01762298494577408
633,0.022293444722890854
634,0.007941320538520813
635,0.020007308572530746
636,0.011085443198680878
637,0.016418159008026123
638,0.008658512495458126
639,0.04938870668411255
640,0.02042602375149727
641,0.019367938861250877
642,0.010056194849312305
643,0.00824892707169056
644,0.010676449164748192
645,0.010244456119835377
646,0.005848659202456474
647,0.02490725740790367
648,0.01269054226577282
649,0.022271424531936646
650,0.007957487367093563
651,0.012256304733455181
652,0.01757751777768135
653,0.027574729174375534
654,0.05501541495323181
655,0.013456623069941998
656,0.005666761659085751
657,0.010775471106171608
658,0.0125856539234519
659,0.004966096952557564
660,0.008713016286492348
661,0.011965627782046795
662,0.01406584121286869
663,0.021118447184562683
664,0.012888172641396523
665,0.01094764657318592
666,0.01652539148926735
667,0.013072600588202477
668,0.011889453046023846
669,0.0047288378700613976
670,0.00811767578125
671,0.011896485462784767
672,0.014975687488913536
673,0.011778507381677628
674,0.012867705896496773
675,0.02144298329949379
676,0.008781949058175087
677,0.010675109922885895
678,0.0049125743098556995
679,0.007368318270891905
680,0.014704836532473564
681,0.015071156434714794
682,0.027647774666547775
683,0.014429416507482529
684,0.017289355397224426
685,0.037094518542289734
686,0.0045215594582259655
687,0.010533777996897697
688,0.008824937045574188
689,0.004173677414655685
690,0.021579986438155174
691,0.012194551527500153
692,0.008174940943717957
693,0.006735208444297314
694,0.01347256451845169
695,0.009824633598327637
696,0.013815989717841148
697,0.017662925645709038
698,0.009021705016493797
699,0.03374387323856354
700,0.02183479629456997
701,0.011165574193000793
702,0.0148920938372612
703,0.013846613466739655
704,0.009386332705616951
705,0.01077402662485838
706,0.011633957736194134
707,0.014290018007159233
708,0.017272483557462692
709,0.010007504373788834
710,0.0163393747061491
711,0.00915602594614029
712,0.03577899560332298
713,0.022431503981351852
714,0.007071982603520155
715,0.018795110285282135
716,0.031047120690345764
717,0.024216916412115097
718,0.007246840745210648
719,0.024137547239661217
720,0.007166621275246143
721,0.016376273706555367
722,0.008817482739686966
723,0.025576969608664513
724,0.009161338210105896
725,0.010795284062623978
726,0.008283576928079128
727,0.012460882775485516
728,0.014386671595275402
729,0.018182413652539253
730,0.009783411398530006
731,0.01835666224360466
732,0.013316674157977104
733,0.01370157953351736
734,0.012400446459650993
735,0.01692197471857071
736,0.006817099638283253
737,0.019951684400439262
738,0.021895498037338257
739,0.01868971437215805
740,0.01862526498734951
741,0.01596805825829506
742,0.022682543843984604
743,0.004782697185873985
744,0.01228385977447033
745,0.016264624893665314
746,0.012165172025561333
747,0.011858995072543621
748,0.010610426776111126
749,0.018639229238033295
750,0.01072404533624649
751,0.01357838325202465
752,0.009175844490528107
753,0.01687733083963394
754,0.006596761755645275
755,0.03873869776725769
756,0.013273051008582115
757,0.009695848450064659
758,0.017984623089432716
759,0.01829170435667038
760,0.027619963511824608
761,0.011408872902393341
762,0.020953752100467682
763,0.014664205722510815
764,0.01148272305727005
765,0.008251262828707695
766,0.018827911466360092
767,0.02176216058433056
768,0.01736919768154621
769,0.029207270592451096
770,0.010359617881476879
771,0.010718858800828457
772,0.011344502680003643
773,0.020097095519304276
774,0.02934057079255581
775,0.014438344165682793
776,0.004610845353454351
777,0.015991870313882828
778,0.016531705856323242
779,0.016047466546297073
780,0.012350805103778839
781,0.010713726282119751
782,0.011204267852008343
783,0.00989485252648592
784,0.008252141065895557
785,0.008770463988184929
786,0.049575597047805786
787,0.013688827864825726
788,0.009715442545711994
789,0.008071445859968662
790,0.036853060126304626
791,0.004979555495083332
792,0.00957372598350048
793,0.014429538510739803
794,0.024384235963225365
795,0.02812349423766136
796,0.05989428609609604
797,0.007200836203992367
798,0.009172516874969006
799,0.012196272611618042
800,0.013367592357099056
801,0.026879530400037766
802,0.01621941104531288
803,0.021559815853834152
804,0.01326595526188612
805,0.028587905690073967
806,0.016305267810821533
807,0.014511319808661938
808,0.011229490861296654
809,0.011940586380660534
810,0.017583606764674187
811,0.014098618179559708
812,0.017043322324752808
813,0.010445318184792995
814,0.024920716881752014
815,0.009405579417943954
816,0.021581588312983513
817,0.02179293893277645
818,0.00769683625549078
819,0.00903775729238987
820,0.010340986773371696
821,0.05491802096366882
822,0.014065073803067207
823,0.014990268275141716
824,0.024469880387187004
825,0.012512162327766418
826,0.008170409128069878
827,0.01163076888769865
828,0.007954349741339684
829,0.022349204868078232
830,0.01573711447417736
831,0.030375218018889427
832,0.008008166216313839
833,0.021573593840003014
834,0.016509488224983215
835,0.017369449138641357
836,0.029046496376395226
837,0.02783368155360222
838,0.010050654411315918
839,0.015877991914749146
840,0.0038354783318936825
841,0.016625380143523216
842,0.007042285054922104
843,0.013892478309571743
844,0.011098645627498627
845,0.014174099080264568
846,0.020666971802711487
847,0.015595103614032269
848,0.011635318398475647
849,0.020875051617622375
850,0.01637103408575058
851,0.013132291845977306
852,0.011676285415887833
853,0.01775103621184826
854,0.019781235605478287
855,0.011270026676356792
856,0.012234489433467388
857,0.005626433528959751
858,0.02153787761926651
859,0.01170395128428936
860,0.01602337136864662
861,0.01152067631483078
862,0.009408366866409779
863,0.013935416005551815
864,0.047433383762836456
865,0.016491256654262543
866,0.014449316076934338
867,0.053434308618307114
868,0.014900237321853638
869,0.019321473315358162
870,0.022810492664575577
871,0.023422058671712875
872,0.02712327241897583
873,0.019627368077635765
874,0.01556527242064476
875,0.015150187537074089
876,0.023654013872146606
877,0.02541499398648739
878,0.005949845537543297
879,0.005574814043939114
880,0.014735008589923382
881,0.020586101338267326
882,0.01576950028538704
883,0.01657811924815178
884,0.010991621762514114
885,0.0033594295382499695
886,0.005333246197551489
887,0.006327514536678791
888,0.017034662887454033
889,0.02393246255815029
890,0.026089172810316086
891,0.004931678529828787
892,0.017709879204630852
893,0.02027856931090355
894,0.012865232303738594
895,0.016936052590608597
896,0.012927262112498283
897,0.024171985685825348
898,0.00904554221779108
899,0.007445530965924263
900,0.011023178696632385
901,0.014864001423120499
902,0.03761062026023865
903,0.03392310440540314
904,0.018139071762561798
905,0.010316357016563416
906,0.0407525859773159
907,0.01732788234949112
908,0.013503330759704113
909,0.008463431149721146
910,0.009131547063589096
911,0.011163937859237194
912,0.02489589899778366
913,0.007162991911172867
914,0.007597330026328564
915,0.006685627158731222
916,0.009435378015041351
917,0.012126236222684383
918,0.01965056173503399
919,0.011311600916087627
920,0.011728490702807903
921,0.015807095915079117
922,0.017787782475352287
923,0.012602686882019043
924,0.02157561480998993
925,0.00863619800657034
926,0.015609435737133026
927,0.011689718812704086
928,0.00967903807759285
929,0.007141232490539551
930,0.022030940279364586
931,0.012037105858325958
932,0.010442804545164108
933,0.023461055010557175
934,0.016748541966080666
935,0.014665532857179642
936,0.0139429597184062
937,0.01424197293817997
938,0.012963635846972466
939,0.028441650792956352
940,0.020866824313998222
941,0.012675173580646515
942,0.010004193522036076
943,0.017457865178585052
944,0.01789220981299877
945,0.015696341171860695
946,0.021771471947431564
947,0.017062436789274216
948,0.011483004316687584
949,0.028783243149518967
950,0.013165677897632122
951,0.007652342319488525
952,0.012626269832253456
953,0.015827812254428864
954,0.032573945820331573
955,0.021846821531653404
956,0.008190776221454144
957,0.015349553897976875
958,0.007598258554935455
959,0.00860622525215149
960,0.007170158438384533
961,0.006280805449932814
962,0.017427591606974602
963,0.015375068411231041
964,0.008152361959218979
965,0.02881057932972908
966,0.012894432991743088
967,0.018777793273329735
968,0.025818748399615288
969,0.010249439626932144
970,0.029789935797452927
971,0.036514073610305786
972,0.019322257488965988
973,0.02919793128967285
974,0.029619615525007248
975,0.014061516150832176
976,0.014541516080498695
977,0.00853060558438301
978,0.0273781418800354
979,0.01670493744313717
980,0.012015636079013348
981,0.01032404974102974
982,0.020082173869013786
983,0.017750609666109085
984,0.045515771955251694
985,0.010300153866410255
986,0.00703780259937048
987,0.009859881363809109
988,0.014021302573382854
989,0.0039338646456599236
990,0.014861069619655609
991,0.02037028595805168
992,0.028029561042785645
993,0.009394846856594086
994,0.01855386048555374
995,0.0231003500521183
996,0.019063623622059822
997,0.014001387171447277
998,0.012238429859280586
999,0.009446771815419197
1000,0.01935090869665146
1001,0.006648303009569645
1002,0.021179383620619774
1003,0.012300273403525352
1004,0.009693650528788567
1005,0.011573078110814095
1006,0.01330066379159689
1007,0.019094429910182953
1008,0.020055808126926422
1009,0.02342539280653
1010,0.004534863401204348
1011,0.012070546858012676
1012,0.012647435069084167
1013,0.009547345340251923
1014,0.027730485424399376
1015,0.043985381722450256
1016,0.010581046342849731
1017,0.034505873918533325
1018,0.013261394575238228
1019,0.013181596994400024
1020,0.017194120213389397
1021,0.013806760311126709
1022,0.011627915315330029
1023,0.015337236225605011
1024,0.0073580145835876465
1025,0.019437085837125778
1026,0.014140438288450241
1027,0.022008216008543968
1028,0.02299707941710949
1029,0.014743153005838394
1030,0.013916345313191414
1031,0.04359591007232666
1032,0.022212162613868713
1033,0.018995704129338264
1034,0.025820676237344742
1035,0.013823486864566803
1036,0.011358164250850677
1037,0.008817899040877819
1038,0.01615564525127411
1039,0.03776625916361809
1040,0.012337434105575085
1041,0.020635493099689484
1042,0.03344080597162247
1043,0.00835081934928894
1044,0.009163708426058292
1045,0.01001109927892685
1046,0.029383346438407898
1047,0.02669016644358635
1048,0.006892147473990917
1049,0.025976618751883507
1050,0.011193936690688133
1051,0.02020791918039322
1052,0.010549722239375114
1053,0.017825189977884293
1054,0.010367345064878464
1055,0.017669683322310448
1056,0.009608790278434753
1057,0.009115101769566536
1058,0.01331469789147377
1059,0.018857935443520546
1060,0.02221003733575344
1061,0.008862677961587906
1062,0.00834830105304718
1063,0.024252261966466904
1064,0.009949056431651115
1065,0.00703704496845603
1066,0.02030130848288536
1067,0.017087073996663094
1068,0.017244532704353333
1069,0.0066154152154922485
1070,0.010131553746759892
1071,0.01287067960947752
1072,0.030276011675596237
1073,0.04054762423038483
1074,0.021484559401869774
1075,0.014873422682285309
1076,0.006597045809030533
1077,0.0119022186845541
1078,0.02911711484193802
1079,0.017493780702352524
1080,0.03342541679739952
1081,0.009417271241545677
1082,0.016776513308286667
1083,0.00915384292602539
1084,0.01934838481247425
1085,0.010766650550067425
1086,0.00942152738571167
1087,0.002653145231306553
1088,0.010824710130691528
1089,0.006142451427876949
1090,0.010836642235517502
1091,0.038950711488723755
1092,0.005892756395041943
1093,0.012738645076751709
1094,0.019865138456225395
1095,0.014043524861335754
1096,0.00844764057546854
1097,0.03519173711538315
1098,0.02877657115459442
1099,0.023965975269675255
1100,0.009083632379770279
1101,0.029644474387168884
1102,0.012406714260578156
1103,0.01943371444940567
1104,0.009871028363704681
1105,0.01947534829378128
1106,0.01264779269695282
1107,0.008298227563500404
1108,0.019324613735079765
1109,0.059607140719890594
1110,0.022160260006785393
1111,0.010911817662417889
1112,0.029238522052764893
1113,0.010481394827365875
1114,0.00821850635111332
1115,0.006363845430314541
1116,0.02085021138191223
1117,0.012754443101584911
1118,0.022968163713812828
1119,0.012690386734902859
1120,0.017006102949380875
1121,0.02004661224782467
1122,0.009738288819789886
1123,0.01413850486278534
1124,0.01280723325908184
1125,0.012523464858531952
1126,0.05362500995397568
1127,0.010178040713071823
1128,0.008294929750263691
1129,0.0288257859647274
1130,0.006781827658414841
1131,0.03256847336888313
1132,0.007642867974936962
1133,0.018423154950141907
1134,0.030290286988019943
1135,0.014369177632033825
1136,0.008193732239305973
1137,0.0042429594323039055
1138,0.06114881485700607
1139,0.008972052484750748
1140,0.011216944083571434
1141,0.017565958201885223
1142,0.010570375248789787
1143,0.012383314780890942
1144,0.013481358997523785
1145,0.011602437123656273
1146,0.020379729568958282
1147,0.015098108910024166
1148,0.020805036649107933
1149,0.005566062405705452
1150,0.0077574243769049644
1151,0.0385764017701149
1152,0.011215734295547009
1153,0.01822623983025551
1154,0.01605699211359024
1155,0.004396493546664715
1156,0.02206633985042572
1157,0.01593540608882904
1158,0.013932814821600914
1159,0.012194857001304626
1160,0.05924934893846512
1161,0.02021404355764389
1162,0.009245296940207481
1163,0.009030675515532494
1164,0.008606157265603542
1165,0.013417283073067665
1166,0.015758424997329712
1167,0.03220730274915695
1168,0.002465355210006237
1169,0.031533025205135345
1170,0.01577356457710266
1171,0.013861332088708878
1172,0.020604006946086884
1173,0.03299006074666977
1174,0.014639005064964294
1175,0.0075830863788723946
1176,0.01935727894306183
1177,0.025539644062519073
1178,0.015413674525916576
1179,0.017001911997795105
1180,0.01229063980281353
1181,0.019204068928956985
1182,0.00735483830794692
1183,0.017127051949501038
1184,0.019020922482013702
1185,0.005961341317743063
1186,0.009248602204024792
1187,0.009726740419864655
1188,0.02703353762626648
1189,0.014599263668060303
1190,0.017786545678973198
1191,0.014465516433119774
1192,0.0223581250756979
1193,0.013536212965846062
1194,0.01789262518286705
1195,0.009745817631483078
1196,0.006963241845369339
1197,0.008480604737997055
1198,0.012485934421420097
1199,0.005735888611525297
1200,0.029163073748350143
1201,0.011160751804709435
1202,0.010521898977458477
1203,0.016116991639137268
1204,0.018022753298282623
1205,0.0040799821726977825
1206,0.03597833216190338
1207,0.009177600964903831
1208,0.0064270636066794395
1209,0.006639526225626469
1210,0.004785092547535896
1211,0.010215777903795242
1212,0.018426140770316124
1213,0.020019568502902985
1214,0.00976470485329628
1215,0.014381798915565014
1216,0.008523575961589813
1217,0.005491654388606548
1218,0.013834930025041103
1219,0.011614715680480003
1220,0.01394711621105671
1221,0.020622726529836655
1222,0.02979481779038906
1223,0.010854138061404228
1224,0.02377466857433319
1225,0.02618386410176754
1226,0.027494125068187714
1227,0.009010138921439648
1228,0.01370210014283657
1229,0.007905909791588783
1230,0.04681750759482384
1231,0.009226816706359386
1232,0.009605886414647102
1233,0.029531169682741165
1234,0.010016265325248241
1235,0.007757394574582577
1236,0.019839737564325333
1237,0.012873446568846703
1238,0.014392579905688763
1239,0.014305347576737404
1240,0.016182124614715576
1241,0.010323193855583668
1242,0.019083496183156967
1243,0.013061406090855598
1244,0.019320713356137276
1245,0.013064585626125336
1246,0.016425272449851036
1247,0.006259778048843145
1248,0.01560777984559536
1249,0.017863940447568893
1250,0.01362505555152893
1251,0.01328499149531126
1252,0.009290706366300583
1253,0.009956828318536282
1254,0.008423210121691227
1255,0.014553418383002281
1256,0.023593684658408165
1257,0.011228393763303757
1258,0.012502270750701427
1259,0.028629343956708908
1260,0.005359899252653122
1261,0.030401533469557762
1262,0.00767854880541563
1263,0.022085018455982208
1264,0.0057793352752923965
1265,0.010438351891934872
1266,0.00810823030769825
1267,0.013095240108668804
1268,0.004398074001073837
1269,0.011122025549411774
1270,0.01695450022816658
1271,0.01850561425089836
1272,0.015588331036269665
1273,0.009368263185024261
1274,0.006993419956415892
1275,0.010282520204782486
1276,0.004185346886515617
1277,0.017333710566163063
1278,0.010277535766363144
1279,0.01902823895215988
1280,0.013797416351735592
1281,0.013245513662695885
1282,0.003418195992708206
1283,0.009494826197624207
1284,0.008037466555833817
1285,0.009606655687093735
1286,0.012422710657119751
1287,0.026000957936048508
1288,0.023643676191568375
1289,0.011486150324344635
1290,0.01512128859758377
1291,0.019409598782658577
1292,0.03116709366440773
1293,0.019010361284017563
1294,0.020389186218380928
1295,0.005188026465475559
1296,0.012005401775240898
1297,0.012573592364788055
1298,0.017093311995267868
1299,0.025145679712295532
1300,0.025977768003940582
1301,0.004585422109812498
1302,0.026594124734401703
1303,0.004086857661604881
1304,0.014822397381067276
1305,0.007167289964854717
1306,0.019809678196907043
1307,0.0175611674785614
1308,0.011712963692843914
1309,0.019417446106672287
1310,0.0253995843231678
1311,0.011266712099313736
1312,0.028188183903694153
1313,0.019225265830755234
1314,0.013552522286772728
1315,0.014204991981387138
1316,0.01647070050239563
1317,0.004495534580200911
1318,0.016426555812358856
1319,0.009635224007070065
1320,0.007820497266948223
1321,0.018001548945903778
1322,0.012708678841590881
1323,0.01765369437634945
1324,0.014457615092396736
1325,0.011862783692777157
1326,0.02428767830133438
1327,0.015038693323731422
1328,0.021209334954619408
1329,0.012441379949450493
1330,0.011202787980437279
1331,0.014383144676685333
1332,0.003709757700562477
1333,0.007559615653008223
1334,0.01153081189841032
1335,0.01400926522910595
1336,0.016701577231287956
1337,0.020166581496596336
1338,0.009492522105574608
1339,0.0196127500385046
1340,0.02149796113371849
1341,0.04122897610068321
1342,0.02389862760901451
1343,0.016521593555808067
1344,0.01755659654736519
1345,0.01207063253968954
1346,0.01363750547170639
1347,0.02041248045861721
1348,0.008423964492976665
1349,0.004437068942934275
1350,0.017883511260151863
1351,0.008784975856542587
1352,0.008711811155080795
1353,0.011576749384403229
1354,0.019183503463864326
1355,0.02670177072286606
1356,0.016619566828012466
1357,0.003989740740507841
1358,0.028467770665884018
1359,0.01659272611141205
1360,0.025252997875213623
1361,0.018417857587337494
1362,0.003959042951464653
1363,0.011676020920276642
1364,0.00941039714962244
1365,0.0058056944981217384
1366,0.020928911864757538
1367,0.0068311383947730064
1368,0.03833327442407608
1369,0.009629575535655022
1370,0.009094132110476494
1371,0.01245037466287613
1372,0.011757051572203636
1373,0.01317831501364708
1374,0.016888383775949478
1375,0.010206487029790878
1376,0.019931113347411156
1377,0.007458326872438192
1378,0.006817737594246864
1379,0.01350780576467514
1380,0.024106180295348167
1381,0.0208653062582016
1382,0.013901052996516228
1383,0.037329938262701035
1384,0.011335894465446472
1385,0.007375785149633884
1386,0.01731840893626213
1387,0.013518090359866619
1388,0.012704695574939251
1389,0.009789509698748589
1390,0.014677482657134533
1391,0.00861751101911068
1392,0.014796539209783077
1393,0.005170698277652264
1394,0.009281037375330925
1395,0.020388096570968628
1396,0.008573856204748154
1397,0.02934439107775688
1398,0.017062194645404816
1399,0.015679875388741493
1400,0.006301830522716045
1401,0.00647445023059845
1402,0.017052046954631805
1403,0.01547536812722683
1404,0.019119780510663986
1405,0.007803633809089661
1406,0.020116867497563362
1407,0.027047157287597656
1408,0.009126654826104641
1409,0.013745717704296112
1410,0.01454662811011076
1411,0.015034708194434643
1412,0.009927753359079361
1413,0.022278090938925743
1414,0.025729050859808922
1415,0.009213314391672611
1416,0.012825827114284039
1417,0.010607811622321606
1418,0.009927994571626186
1419,0.007381324656307697
1420,0.027091756463050842
1421,0.012183018028736115
1422,0.035444118082523346
1423,0.007455245591700077
1424,0.017012016847729683
1425,0.009982077404856682
1426,0.010455666109919548
1427,0.015823325142264366
1428,0.016443289816379547
1429,0.021876869723200798
1430,0.013803748413920403
1431,0.0055002132430672646
1432,0.017403017729520798
1433,0.008160489611327648
1434,0.007043325807899237
1435,0.03668493777513504
1436,0.024686504155397415
1437,0.026559477671980858
1438,0.005369998048990965
1439,0.017438480630517006
1440,0.01108579896390438
1441,0.0142851322889328
1442,0.020257821306586266
1443,0.00960166659206152
1444,0.01803736388683319
1445,0.04417993873357773
1446,0.01191390585154295
1447,0.007463357876986265
1448,0.016834918409585953
1449,0.01767207309603691
1450,0.010235970839858055
1451,0.01379791647195816
1452,0.011124106124043465
1453,0.011963549070060253
1454,0.00815124623477459
1455,0.022298242896795273
1456,0.004179126117378473
1457,0.024178653955459595
1458,0.02652021311223507
1459,0.011775998398661613
1460,0.006130137946456671
1461,0.008428051136434078
1462,0.012600963935256004
1463,0.02574472688138485
1464,0.010563778690993786
1465,0.010751096531748772
1466,0.008428754284977913
1467,0.012873927131295204
1468,0.018774833530187607
1469,0.03442762792110443
1470,0.024821659550070763
1471,0.013646384701132774
1472,0.006467939354479313
1473,0.011924981139600277
1474,0.01739368960261345
1475,0.04465371370315552
1476,0.0165218785405159
1477,0.022964954376220703
1478,0.018172334879636765
1479,0.009297359734773636
1480,0.02053140290081501
1481,0.018465833738446236
1482,0.010270273312926292
1483,0.00812373124063015
1484,0.020130088552832603
1485,0.024223823100328445
1486,0.01719500496983528
1487,0.01876283623278141
1488,0.008438965305685997
1489,0.012067325413227081
1490,0.010137592442333698
1491,0.028432678431272507
1492,0.02671501599252224
1493,0.015713004395365715
1494,0.013781811110675335
1495,0.011300308629870415
1496,0.013847438618540764
1497,0.013628587126731873
1498,0.02284581959247589
1499,0.02207322046160698
1500,0.022681497037410736
1501,0.018636340275406837
1502,0.01614990457892418
1503,0.029180586338043213
1504,0.011667639017105103
1505,0.011922500096261501
1506,0.008466040715575218
1507,0.032429859042167664
1508,0.005947043653577566
1509,0.007078155875205994
1510,0.01613963395357132
1511,0.014444759115576744
1512,0.02091209404170513
1513,0.009889310225844383
1514,0.0159078948199749
1515,0.012083910405635834
1516,0.010324455797672272
1517,0.023217618465423584
1518,0.020080439746379852
1519,0.018911415711045265
1520,0.008924952708184719
1521,0.008409572765231133
1522,0.01809011958539486
1523,0.008846892043948174
1524,0.02250056527554989
1525,0.0072246091440320015
1526,0.02001556009054184
1527,0.014055289328098297
1528,0.020818477496504784
1529,0.01739029958844185
1530,0.01263214461505413
1531,0.009629867039620876
1532,0.018296247348189354
1533,0.0076815723441541195
1534,0.019160989671945572
1535,0.028951792046427727
1536,0.019251704216003418
1537,0.008416345342993736
1538,0.014829969964921474
1539,0.016256779432296753
1540,0.01790546253323555
1541,0.005813135765492916
1542,0.006022932007908821
1543,0.018262986093759537
1544,0.025696977972984314
1545,0.010947267524898052
1546,0.006545392330735922
1547,0.02652311883866787
1548,0.028614383190870285
1549,0.032350584864616394
1550,0.021557431668043137
1551,0.006473706569522619
1552,0.016511082649230957
1553,0.036349184811115265
1554,0.026358570903539658
1555,0.015420804731547832
1556,0.02240969054400921
1557,0.011640327051281929
1558,0.015309110283851624
1559,0.01019448321312666
1560,0.05621466785669327
1561,0.0631355494260788
1562,0.011213308200240135
1563,0.012775037437677383
1564,0.010767385363578796
1565,0.023988818749785423
1566,0.006122564896941185
1567,0.01428147405385971
1568,0.010181841440498829
1569,0.0062585510313510895
1570,0.03249940648674965
1571,0.008182930760085583
1572,0.03748980909585953
1573,0.011671381071209908
1574,0.02942827343940735
1575,0.017405781894922256
1576,0.012215683236718178
1577,0.022300004959106445
1578,0.020448584109544754
1579,0.004707710817456245
1580,0.011151004582643509
1581,0.027224143967032433
1582,0.0065581314265728
1583,0.008043723180890083
1584,0.019532732665538788
1585,0.023323601111769676
1586,0.017058957368135452
1587,0.012142348103225231
1588,0.007155907806009054
1589,0.013165049254894257
1590,0.005964186042547226
1591,0.009859379380941391
1592,0.0037469423841685057
1593,0.0032804959919303656
1594,0.009677382186055183
1595,0.024154214188456535
1596,0.008125252090394497
1597,0.011670919135212898
1598,0.018899880349636078
1599,0.012675854377448559
1600,0.011533196084201336
1601,0.007439394947141409
1602,0.008767153136432171
1603,0.04105208069086075
1604,0.009568783454596996
1605,0.012015067040920258
1606,0.011058966629207134
1607,0.013863099738955498
1608,0.01233597844839096
1609,0.016331221908330917
1610,0.03588729351758957
1611,0.0052005089819431305
1612,0.015645824372768402
1613,0.00885327160358429
1614,0.008481144905090332
1615,0.01482933759689331
1616,0.010568829253315926
1617,0.018659060820937157
1618,0.008633458986878395
1619,0.017437821254134178
1620,0.010386454872786999
1621,0.01598987728357315
1622,0.017800455912947655
1623,0.00781630165874958
1624,0.007765894290059805
1625,0.010423222556710243
1626,0.015288904309272766
1627,0.013356518000364304
1628,0.010019516572356224
1629,0.014095792546868324
1630,0.014296161010861397
1631,0.01692696288228035
1632,0.018477994948625565
1633,0.01425674557685852
1634,0.01231844536960125
1635,0.024524768814444542
1636,0.014242224395275116
1637,0.017641233280301094
1638,0.024530749768018723
1639,0.02193167433142662
1640,0.0125750582665205
1641,0.013728760182857513
1642,0.011358899995684624
1643,0.012853613123297691
1644,0.012790098786354065
1645,0.014394057914614677
1646,0.03543799743056297
1647,0.008695925585925579
1648,0.01728866808116436
1649,0.012812337838113308
1650,0.010854511521756649
1651,0.010637345723807812
1652,0.019330192357301712
1653,0.008676579222083092
1654,0.008597312495112419
1655,0.020932618528604507
1656,0.017234213650226593
1657,0.015601041726768017
1658,0.015347360633313656
1659,0.01434856466948986
1660,0.024747049435973167
1661,0.020997125655412674
1662,0.010043207556009293
1663,0.020945344120264053
1664,0.034786999225616455
1665,0.013158983550965786
1666,0.0185303445905447
1667,0.017138615250587463
1668,0.027194637805223465
1669,0.0031352974474430084
1670,0.07256442308425903
1671,0.006414721719920635
1672,0.013546058908104897
1673,0.00898743700236082
1674,0.01257334090769291
1675,0.014585250988602638
1676,0.010250719264149666
1677,0.016073666512966156
1678,0.022866234183311462
1679,0.005075179971754551
1680,0.023185035213828087
1681,0.007708913646638393
1682,0.031216418370604515
1683,0.018550507724285126
1684,0.015077721327543259
1685,0.013420010916888714
1686,0.011608695611357689
1687,0.021953746676445007
1688,0.017491493374109268
1689,0.018588151782751083
1690,0.01230341475456953
1691,0.014619950205087662
1692,0.007718476466834545
1693,0.011246739886701107
1694,0.005927294492721558
1695,0.00590199138969183
1696,0.021442949771881104
1697,0.03083483874797821
1698,0.015928959473967552
1699,0.020295925438404083
1700,0.008651500567793846
1701,0.01948351413011551
1702,0.02721112221479416
1703,0.022966763004660606
1704,0.015527132898569107
1705,0.007815099321305752
1706,0.016563741490244865
1707,0.015105019323527813
1708,0.0021746514830738306
1709,0.017580892890691757
1710,0.01194605603814125
1711,0.014934085309505463
1712,0.009626306593418121
1713,0.013540787622332573
1714,0.012810471467673779
1715,0.025918981060385704
1716,0.017882153391838074
1717,0.01055915653705597
1718,0.017383836209774017
1719,0.013999543152749538
1720,0.010991675779223442
1721,0.025725048035383224
1722,0.010987321846187115
1723,0.009004222229123116
1724,0.00622559105977416
1725,0.011803021654486656
1726,0.03827866539359093
1727,0.014311089180409908
1728,0.015399000607430935
1729,0.02238541655242443
1730,0.0180923230946064
1731,0.023071419447660446
1732,0.01416470855474472
1733,0.014537433162331581
1734,0.012904243543744087
1735,0.007531363517045975
1736,0.02133329212665558
1737,0.017136430367827415
1738,0.028107210993766785
1739,0.030042177066206932
1740,0.02439752034842968
1741,0.01923961564898491
1742,0.009439188987016678
1743,0.018621496856212616
1744,0.006431846879422665
1745,0.007294002920389175
1746,0.03779095411300659
1747,0.018786076456308365
1748,0.036747049540281296
1749,0.015147659927606583
1750,0.011111858300864697
1751,0.013939594849944115
1752,0.011126507073640823
1753,0.006908943876624107
1754,0.026787016540765762
1755,0.011616799980401993
1756,0.009418779984116554
1757,0.018244434148073196
1758,0.01435316726565361
1759,0.017826784402132034
1760,0.01895201951265335
1761,0.058660149574279785
1762,0.009822125546634197
1763,0.008378079161047935
1764,0.038160182535648346
1765,0.008423596620559692
1766,0.014675038866698742
1767,0.028089266270399094
1768,0.024804575368762016
1769,0.026462947949767113
1770,0.019490262493491173
1771,0.020573394373059273
1772,0.01988064870238304
1773,0.013877207413315773
1774,0.04110649973154068
1775,0.025879189372062683
1776,0.01152914296835661
1777,0.012711649760603905
1778,0.013637615367770195
1779,0.025376906618475914
1780,0.003754139645025134
1781,0.014720408245921135
1782,0.008507044985890388
1783,0.012431340292096138
1784,0.02447505109012127
1785,0.009292565286159515
1786,0.008218268863856792
1787,0.01858392357826233
1788,0.02129921317100525
1789,0.009894398041069508
1790,0.017037667334079742
1791,0.0107576884329319
1792,0.0067174299620091915
1793,0.011412656866014004
1794,0.027255456894636154
1795,0.016998175531625748
1796,0.022217584773898125
1797,0.006349042057991028
1798,0.022610660642385483
1799,0.01537250354886055
1800,0.06534399092197418
1801,0.005621520336717367
1802,0.021130790933966637
1803,0.013736482709646225
1804,0.020356126129627228
1805,0.019634030759334564
1806,0.008960811421275139
1807,0.015820473432540894
1808,0.010265779681503773
1809,0.013791149482131004
1810,0.018054788932204247
1811,0.015966041013598442
1812,0.05003576725721359
1813,0.007731105200946331
1814,0.009545570239424706
1815,0.01385517232120037
1816,0.01856602355837822
1817,0.00716216629371047
1818,0.00827026553452015
1819,0.022179197520017624
1820,0.023850422352552414
1821,0.016469165682792664
1822,0.00929280836135149
1823,0.008978093974292278
1824,0.01500476710498333
1825,0.012298038229346275
1826,0.015232950448989868
1827,0.04566759616136551
1828,0.018928486853837967
1829,0.006275353021919727
1830,0.033460699021816254
1831,0.017858412116765976
1832,0.04150412976741791
1833,0.010423563420772552
1834,0.013681886717677116
1835,0.029580770060420036
1836,0.006640627980232239
1837,0.008153479546308517
1838,0.02241431176662445
1839,0.015734456479549408
1840,0.026697536930441856
1841,0.01557738333940506
1842,0.022636353969573975
1843,0.01946580596268177
1844,0.03769633173942566
1845,0.012727854773402214
1846,0.05080348998308182
1847,0.00936080701649189
1848,0.028019651770591736
1849,0.009492565877735615
1850,0.03110766038298607
1851,0.011274396441876888
1852,0.01990944892168045
1853,0.027499426156282425
1854,0.012393633835017681
1855,0.017018282786011696
1856,0.023546963930130005
1857,0.008984308689832687
1858,0.021852871403098106
1859,0.021580442786216736
1860,0.01759568601846695
1861,0.005412503145635128
1862,0.021574467420578003
1863,0.02201130799949169
1864,0.022741030901670456
1865,0.00423813471570611
1866,0.026932965964078903
1867,0.014726745896041393
1868,0.010516601614654064
1869,0.00525954132899642
1870,0.022530447691679
1871,0.007221348583698273
1872,0.0137193463742733
1873,0.021943803876638412
1874,0.010988361202180386
1875,0.022098183631896973
1876,0.019714023917913437
1877,0.00590544193983078
1878,0.03550120070576668
1879,0.00885915756225586
1880,0.017567608505487442
1881,0.010859075002372265
1882,0.010497043840587139
1883,0.020169351249933243
1884,0.027489222586154938
1885,0.01487542875111103
1886,0.035447195172309875
1887,0.009345564059913158
1888,0.006457041017711163
1889,0.004400354810059071
1890,0.014809112064540386
1891,0.00481544341892004
1892,0.014590154401957989
1893,0.010238219052553177
1894,0.00808367133140564
1895,0.009190160781145096
1896,0.02966013178229332
1897,0.009270082227885723
1898,0.025813927873969078
1899,0.022158894687891006
1900,0.014717865735292435
1901,0.017211075872182846
1902,0.011491173878312111
1903,0.014783168211579323
1904,0.015356208197772503
1905,0.06974265724420547
1906,0.018692409619688988
1907,0.04109013453125954
1908,0.011776010505855083
1909,0.008618194609880447
1910,0.01943974569439888
1911,0.013608073815703392
1912,0.020764855667948723
1913,0.009171640500426292
1914,0.0068611460737884045
1915,0.009490533731877804
1916,0.02995126321911812
1917,0.01242121122777462
1918,0.026427414268255234
1919,0.015279112383723259
1920,0.03023945353925228
1921,0.01628013700246811
1922,0.026126109063625336
1923,0.020200934261083603
1924,0.01893828622996807
1925,0.012327315285801888
1926,0.016892580315470695
1927,0.01725175604224205
1928,0.029568128287792206
1929,0.01106323953717947
1930,0.009533366188406944
1931,0.016205456107854843
1932,0.045273613184690475
1933,0.009069472551345825
1934,0.008833515457808971
1935,0.010057132691144943
1936,0.005971603095531464
1937,0.011965986341238022
1938,0.011081690900027752
1939,0.011023767292499542
1940,0.01220356673002243
1941,0.012133371084928513
1942,0.013322710059583187
1943,0.005688714794814587
1944,0.015888836234807968
1945,0.009320871904492378
1946,0.014183852821588516
1947,0.03200299292802811
1948,0.021609758958220482
1949,0.016250787302851677
1950,0.03249453008174896
1951,0.01194028090685606
1952,0.01565033569931984
1953,0.020376794040203094
1954,0.006070283707231283
1955,0.004805802367627621
1956,0.01558966189622879
1957,0.016650637611746788
1958,0.026301659643650055
1959,0.016261598095297813
1960,0.008954830467700958
1961,0.010386742651462555
1962,0.010144617408514023
1963,0.02200794592499733
1964,0.01135820709168911
1965,0.005499484948813915
1966,0.0066992673091590405
1967,0.006652165204286575
1968,0.019168037921190262
1969,0.013522788882255554
1970,0.00991133600473404
1971,0.018083157017827034
1972,0.016569267958402634
1973,0.009001024067401886
1974,0.011328112334012985
1975,0.02234405279159546
1976,0.009160681627690792
1977,0.012474979273974895
1978,0.016179410740733147
1979,0.014381369575858116
1980,0.019104672595858574
1981,0.023053131997585297
1982,0.012309268116950989
1983,0.005640986375510693
1984,0.024531355127692223
1985,0.008545546792447567
1986,0.01334621012210846
1987,0.004171011503785849
1988,0.015285639092326164
1989,0.03149738907814026
1990,0.011714618653059006
1991,0.007656106259673834
1992,0.009784652851521969
1993,0.024582257494330406
1994,0.013380108401179314
1995,0.026623573154211044
1996,0.013773809187114239
1997,0.034398894757032394
1998,0.014187805354595184
1999,0.021630074828863144
2000,0.027746006846427917
2001,0.01520954817533493
2002,0.005409779958426952
2003,0.01359227579087019
2004,0.033923543989658356
2005,0.005945289507508278
2006,0.011600993573665619
2007,0.007180415093898773
2008,0.0077432128600776196
2009,0.012968423776328564
2010,0.018452180549502373
2011,0.019076988101005554
2012,0.01887522265315056
2013,0.003678997978568077
2014,0.024385612457990646
2015,0.01441266667097807
2016,0.029530486091971397
2017,0.015062926337122917
2018,0.0092514269053936
2019,0.01164243184030056
2020,0.013648882508277893
2021,0.014836366288363934
2022,0.043818917125463486
2023,0.009655971080064774
2024,0.012019517831504345
2025,0.07084674388170242
2026,0.016098711639642715
2027,0.00903476681560278
2028,0.019893622025847435
2029,0.032848238945007324
2030,0.011401197873055935
2031,0.013807952404022217
2032,0.008928878232836723
2033,0.018844690173864365
2034,0.04786287993192673
2035,0.008243711665272713
2036,0.05937426537275314
2037,0.009979787282645702
2038,0.008425315842032433
2039,0.015486607328057289
2040,0.019680339843034744
2041,0.013920384459197521
2042,0.004889792762696743
2043,0.02293616160750389
2044,0.0145073551684618
2045,0.02475471794605255
2046,0.016428207978606224
2047,0.011843925341963768
2048,0.014290118589997292
2049,0.013481967151165009
2050,0.02133931592106819
2051,0.014499462209641933
2052,0.0313807837665081
2053,0.027733629569411278
2054,0.015290385112166405
2055,0.008963210508227348
2056,0.021421192213892937
2057,0.009726488962769508
2058,0.009022156707942486
2059,0.025576293468475342
2060,0.007396443746984005
2061,0.01792686991393566
2062,0.0171968936920166
2063,0.024519428610801697
2064,0.015035326592624187
2065,0.012722307816147804
2066,0.01851664111018181
2067,0.004584533628076315
2068,0.017779557034373283
2069,0.02794651687145233
2070,0.015709009021520615
2071,0.019439658150076866
2072,0.011788984760642052
2073,0.02282170206308365
2074,0.014354734681546688
2075,0.009983515366911888
2076,0.013452391140162945
2077,0.02275172434747219
2078,0.011046088300645351
2079,0.01721889153122902
2080,0.00962277315557003
2081,0.008609408512711525
2082,0.006622041575610638
2083,0.0059316507540643215
2084,0.02152913436293602
2085,0.01888457126915455
2086,0.03524109348654747
2087,0.02073524333536625
2088,0.01760236732661724
2089,0.010132025927305222
2090,0.050973080098629
2091,0.03215473145246506
2092,0.023915283381938934
2093,0.013698011636734009
2094,0.006657210644334555
2095,0.006688283756375313
2096,0.0053393663838505745
2097,0.008079706691205502
2098,0.011055832728743553
2099,0.015336675569415092
2100,0.014176838099956512
2101,0.0042766667902469635
2102,0.0066231777891516685
2103,0.009848037734627724
2104,0.03573817014694214
2105,0.010488888248801231
2106,0.020378902554512024
2107,0.007337974384427071
2108,0.02626658044755459
2109,0.014200881123542786
2110,0.007630337029695511
2111,0.011211300268769264
2112,0.05290354788303375
2113,0.02896159514784813
2114,0.01943020522594452
2115,0.02344488352537155
2116,0.016196448355913162
2117,0.009578844532370567
2118,0.011013603769242764
2119,0.020663822069764137
2120,0.029586121439933777
2121,0.0060139000415802
2122,0.006774882785975933
2123,0.01296346914023161
2124,0.007651980966329575
2125,0.05599154531955719
2126,0.01702434942126274
2127,0.009672808460891247
2128,0.01095588132739067
2129,0.01669502630829811
2130,0.019701829180121422
2131,0.007855339907109737
2132,0.013718565925955772
2133,0.024974137544631958
2134,0.02711612544953823
2135,0.02517356537282467
2136,0.013107603415846825
2137,0.04361025616526604
2138,0.005570828448981047
2139,0.024212196469306946
2140,0.010357012040913105
2141,0.008989650756120682
2142,0.013739561662077904
2143,0.02613619528710842
2144,0.006431271322071552
2145,0.01533460896462202
2146,0.015625474974513054
2147,0.012103529646992683
2148,0.009824395179748535
2149,0.017066054046154022
2150,0.023022649809718132
2151,0.009881002828478813
2152,0.016517914831638336
2153,0.007316284812986851
2154,0.006282329559326172
2155,0.014795157127082348
2156,0.0065039112232625484
2157,0.02063971571624279
2158,0.004354290198534727
2159,0.010217173025012016
2160,0.011715593747794628
2161,0.009086977690458298
2162,0.01641187258064747
2163,0.006678526755422354
2164,0.008937201462686062
2165,0.009377171285450459
2166,0.00811384990811348
2167,0.024782340973615646
2168,0.020711619406938553
2169,0.005878189112991095
2170,0.021103426814079285
2171,0.018844887614250183
2172,0.017028864473104477
2173,0.03221796080470085
2174,0.01754879206418991
2175,0.02037087082862854
2176,0.009803703986108303
2177,0.012160649523139
2178,0.02317042648792267
2179,0.018410805612802505
2180,0.0067400140687823296
2181,0.014145450666546822
2182,0.015920262783765793
2183,0.00744464760646224
2184,0.026947617530822754
2185,0.026221444830298424
2186,0.016502687707543373
2187,0.0103838499635458
2188,0.017018070444464684
2189,0.014978650026023388
2190,0.02279936522245407
2191,0.01884256675839424
2192,0.052604712545871735
2193,0.005043629556894302
2194,0.041468746960163116
2195,0.012374400161206722
2196,0.017131995409727097
2197,0.024368947371840477
2198,0.008898911997675896
2199,0.011141899041831493
2200,0.020236078649759293
2201,0.014606895856559277
2202,0.010248370468616486
2203,0.012853838503360748
2204,0.008731450885534286
2205,0.010318678803741932
2206,0.009113036096096039
2207,0.014217283576726913
2208,0.004255868494510651
2209,0.012493383139371872
2210,0.026644868776202202
2211,0.007207778748124838
2212,0.015712609514594078
2213,0.03311557322740555
2214,0.01876603066921234
2215,0.04167196899652481
2216,0.020533394068479538
2217,0.00929391011595726
2218,0.018954521045088768
2219,0.02163022756576538
2220,0.007697693072259426
2221,0.015940381214022636
2222,0.006664718966931105
2223,0.017967041581869125
2224,0.03511033207178116
2225,0.008019300177693367
2226,0.021623706445097923
2227,0.007391250692307949
2228,0.014264961704611778
2229,0.023769792169332504
2230,0.008788645267486572
2231,0.009546859189867973
2232,0.012020079419016838
2233,0.019480617716908455
2234,0.01162617839872837
2235,0.008922861889004707
2236,0.0066224997863173485
2237,0.037810757756233215
2238,0.01071854680776596
2239,0.05525000020861626
2240,0.016333404928445816
2241,0.011613644659519196
2242,0.03618888184428215
2243,0.019820259883999825
2244,0.020775675773620605
2245,0.034969642758369446
2246,0.007963745854794979
2247,0.024715065956115723
2248,0.02017180062830448
2249,0.006432798691093922
2250,0.006145310588181019
2251,0.008241078816354275
2252,0.010358712635934353
2253,0.019351396709680557
2254,0.009549768641591072
2255,0.02850990742444992
2256,0.009547458030283451
2257,0.015258069150149822
2258,0.0293723251670599
2259,0.03496360778808594
2260,0.02045360580086708
2261,0.013160595670342445
2262,0.010234045796096325
2263,0.007596063893288374
2264,0.010142801329493523
2265,0.024379637092351913
2266,0.02737083099782467
2267,0.04790566861629486
2268,0.010865123942494392
2269,0.021327242255210876
2270,0.008592554368078709
2271,0.013178165070712566
2272,0.03398042172193527
2273,0.02905309945344925
2274,0.007463349960744381
2275,0.007758310995995998
2276,0.012677861377596855
2277,0.01794043555855751
2278,0.012412451207637787
2279,0.014276719652116299
2280,0.014235733076930046
2281,0.02010609768331051
2282,0.014016511850059032
2283,0.006786996033042669
2284,0.01578265242278576
2285,0.01306082122027874
2286,0.011364567093551159
2287,0.013333432376384735
2288,0.01927727274596691
2289,0.008366186171770096
2290,0.024366511031985283
2291,0.008775211870670319
2292,0.02697351574897766
2293,0.009459314867854118
2294,0.0057863499969244
2295,0.027450647205114365
2296,0.023226454854011536
2297,0.023830605670809746
2298,0.009373889304697514
2299,0.005718863569200039
2300,0.005508142523467541
2301,0.016704794019460678
2302,0.025305520743131638
2303,0.0077002691105008125
2304,0.010139941237866879
2305,0.02482869289815426
2306,0.005723225884139538
2307,0.031039457768201828
2308,0.010043984279036522
2309,0.009795116260647774
2310,0.030202945694327354
2311,0.014870582148432732
2312,0.02707565389573574
2313,0.02115282043814659
2314,0.017019664868712425
2315,0.026569640263915062
2316,0.021024471148848534
2317,0.006106010638177395
2318,0.014274617657065392
2319,0.007505189627408981
2320,0.007604814134538174
2321,0.011485128663480282
2322,0.012973910197615623
2323,0.015026045963168144
2324,0.005102225113660097
2325,0.02257169410586357
2326,0.008868121542036533
2327,0.01267114095389843
2328,0.017720025032758713
2329,0.032234709709882736
2330,0.010418537072837353
2331,0.014179209247231483
2332,0.014833326451480389
2333,0.0036283654626458883
2334,0.012006916105747223
2335,0.006652943789958954
2336,0.009380415081977844
2337,0.015762154012918472
2338,0.042158957570791245
2339,0.008473951369524002
2340,0.010987753048539162
2341,0.008643293753266335
2342,0.06091459095478058
2343,0.02416578307747841
2344,0.03101275861263275
2345,0.0108468197286129
2346,0.015027998015284538
2347,0.048138003796339035
2348,0.021950453519821167
2349,0.015417477115988731
2350,0.012549109756946564
2351,0.008718395605683327
2352,0.010327965021133423
2353,0.02472616545855999
2354,0.008204054087400436
2355,0.006351590156555176
2356,0.020610269159078598
2357,0.02592231146991253
2358,0.006538587622344494
2359,0.014806477352976799
2360,0.03748054429888725
2361,0.014285015873610973
2362,0.004476448055356741
2363,0.026692666113376617
2364,0.019646894186735153
2365,0.05775652453303337
2366,0.025606777518987656
2367,0.026913389563560486
2368,0.019483502954244614
2369,0.007594884838908911
2370,0.012070732191205025
2371,0.016251085326075554
2372,0.024810753762722015
2373,0.018278751522302628
2374,0.016069196164608
2375,0.008263995870947838
2376,0.006598738022148609
2377,0.008067118003964424
2378,0.011306632310152054
2379,0.018287293612957
2380,0.04937424510717392
2381,0.024027656763792038
2382,0.008767511695623398
2383,0.011268345639109612
2384,0.009494254365563393
2385,0.019578592851758003
2386,0.008820483461022377
2387,0.04883415997028351
2388,0.0147954560816288
2389,0.011843295767903328
2390,0.021647434681653976
2391,0.015129475854337215
2392,0.007805459201335907
2393,0.010515163652598858
2394,0.01744493469595909
2395,0.013050653040409088
2396,0.010235081426799297
2397,0.015094025060534477
2398,0.007962590083479881
2399,0.03243180364370346
2400,0.023064669221639633
2401,0.012371830642223358
2402,0.022361090406775475
2403,0.01951589062809944
2404,0.00865135993808508
2405,0.0062084076926112175
2406,0.03138972446322441
2407,0.007168899290263653
2408,0.014930527657270432
2409,0.03175383433699608
2410,0.049403052777051926
2411,0.016078010201454163
2412,0.02183922752737999
2413,0.009538833983242512
2414,0.018547112122178078
2415,0.012772358022630215
2416,0.011164086870849133
2417,0.010709019377827644
2418,0.015193398110568523
2419,0.00867517665028572
2420,0.00717539619654417
2421,0.013520292937755585
2422,0.020016316324472427
2423,0.017656423151493073
2424,0.02237183414399624
2425,0.009777448140084743
2426,0.008482133969664574
2427,0.031097691506147385
2428,0.015128865838050842
2429,0.013904010877013206
2430,0.007580089382827282
2431,0.012278600595891476
2432,0.013735448941588402
2433,0.019883934408426285
2434,0.019428348168730736
2435,0.006802157964557409
2436,0.02460753545165062
2437,0.015758991241455078
2438,0.02420654520392418
2439,0.01577981561422348
2440,0.008034592494368553
2441,0.018182147294282913
2442,0.006645586341619492
2443,0.025300074368715286
2444,0.012141804210841656
2445,0.01573888212442398
2446,0.027235642075538635
2447,0.005204393062740564
2448,0.023762296885252
2449,0.015511641278862953
2450,0.02398119494318962
2451,0.008634726516902447
2452,0.009047145955264568
2453,0.00720447301864624
2454,0.010159256868064404
2455,0.02541157603263855
2456,0.02210012637078762
2457,0.018661977723240852
2458,0.01857970654964447
2459,0.028020497411489487
2460,0.008313585072755814
2461,0.012046180665493011
2462,0.007922550663352013
2463,0.012015966698527336
2464,0.016835566610097885
2465,0.013371625915169716
2466,0.006763629615306854
2467,0.018333641812205315
2468,0.019431788474321365
2469,0.02049185335636139
2470,0.006489453837275505
2471,0.01738554984331131
2472,0.021899446845054626
2473,0.02383499965071678
2474,0.011509362608194351
2475,0.016986973583698273
2476,0.011728808283805847
2477,0.020790427923202515
2478,0.014295928180217743
2479,0.016739830374717712
2480,0.013592786155641079
2481,0.008938096463680267
2482,0.015241898596286774
2483,0.028081905096769333
2484,0.012836506590247154
2485,0.0038828435353934765
2486,0.012659071013331413
2487,0.0071588605642318726
2488,0.0099437041208148
2489,0.030405914410948753
2490,0.014478638768196106
2491,0.014896301552653313
2492,0.01882200874388218
2493,0.01048161368817091
2494,0.016886333003640175
2495,0.021736789494752884
2496,0.011072970926761627
2497,0.009883100166916847
2498,0.0198134183883667
2499,0.009619554504752159
2500,0.037346042692661285
2501,0.01725592464208603
2502,0.02564854547381401
2503,0.010149570181965828
2504,0.022453218698501587
2505,0.007400285452604294
2506,0.00904715433716774
2507,0.014961019158363342
2508,0.0060227601788938046
2509,0.02727041207253933
2510,0.027634114027023315
2511,0.02017642930150032
2512,0.01876581832766533
2513,0.00573932658880949
2514,0.02167285792529583
2515,0.015145539306104183
2516,0.006453413516283035
2517,0.03051067516207695
2518,0.007659345865249634
2519,0.020144714042544365
2520,0.019604045897722244
2521,0.020966997370123863
2522,0.037253111600875854
2523,0.007753334008157253
2524,0.03623511642217636
2525,0.009861312806606293
2526,0.01739928498864174
2527,0.01473037526011467
2528,0.014736052602529526
2529,0.01269096415489912
2530,0.020184487104415894
2531,0.010163134895265102
2532,0.025369983166456223
2533,0.05043971538543701
2534,0.0067228227853775024
2535,0.011328659951686859
2536,0.020914427936077118
2537,0.012214915826916695
2538,0.0333750955760479
2539,0.026334373280405998
2540,0.046848975121974945
2541,0.01622096449136734
2542,0.009906182065606117
2543,0.005585016217082739
2544,0.014587443321943283
2545,0.015229291282594204
2546,0.014243131503462791
2547,0.020428795367479324
2548,0.009694075211882591
2549,0.013213440775871277
2550,0.016255393624305725
2551,0.01920725777745247
2552,0.026019809767603874
2553,0.011511672288179398
2554,0.03245550021529198
2555,0.009862068109214306
2556,0.014804137870669365
2557,0.01005464605987072
2558,0.03576153516769409
2559,0.015553602948784828
2560,0.012787094339728355
2561,0.01548483595252037
2562,0.005715421866625547
2563,0.008456988260149956
2564,0.012320537120103836
2565,0.009979687631130219
2566,0.021232452243566513
2567,0.005285463761538267
2568,0.019181177020072937
2569,0.0159478597342968
2570,0.007748344447463751
2571,0.017913591116666794
2572,0.013037632219493389
2573,0.004654135089367628
2574,0.007134989835321903
2575,0.007229731883853674
2576,0.01868181675672531
2577,0.011096070520579815
2578,0.01979016698896885
2579,0.0152414096519351
2580,0.01497123297303915
2581,0.030215879902243614
2582,0.00880078412592411
2583,0.013168400153517723
2584,0.007968994788825512
2585,0.0069356015883386135
2586,0.01015504077076912
2587,0.009448669850826263
2588,0.013429759070277214
2589,0.025119220837950706
2590,0.036444708704948425
2591,0.014093151316046715
2592,0.01177041232585907
2593,0.017682891339063644
2594,0.009292639791965485
2595,0.006523880176246166
2596,0.01484161801636219
2597,0.01911066100001335
2598,0.012284251861274242
2599,0.01821397989988327
2600,0.013790039345622063
2601,0.030876770615577698
2602,0.013415686786174774
2603,0.017569590359926224
2604,0.02192804031074047
2605,0.00548199750483036
2606,0.014858394861221313
2607,0.023785855621099472
2608,0.005726620554924011
2609,0.014444386586546898
2610,0.006504997611045837
2611,0.012481039389967918
2612,0.006334593519568443
2613,0.017677148804068565
2614,0.006168623920530081
2615,0.032394759356975555
2616,0.014991085045039654
2617,0.01844698004424572
2618,0.018889810889959335
2619,0.019168725237250328
2620,0.02696084976196289
2621,0.00859077088534832
2622,0.003897266462445259
2623,0.018502485007047653
2624,0.009297746233642101
2625,0.021672984585165977
2626,0.004846959840506315
2627,0.01043518166989088
2628,0.012049930170178413
2629,0.07759147137403488
2630,0.009031395427882671
2631,0.02428296022117138
2632,0.008094058372080326
2633,0.025620412081480026
2634,0.006266631186008453
2635,0.018924983218312263
2636,0.008360082283616066
2637,0.01765849068760872
2638,0.01732671819627285
2639,0.01861017942428589
2640,0.012727698311209679
2641,0.008550886064767838
2642,0.019859369844198227
2643,0.013898562639951706
2644,0.0084677217528224
2645,0.010306676849722862
2646,0.014304670505225658
2647,0.05253688618540764
2648,0.03025934100151062
2649,0.03412134200334549
2650,0.010419178754091263
2651,0.014767634682357311
2652,0.018658792600035667
2653,0.014188244938850403
2654,0.01786809414625168
2655,0.01871897466480732
2656,0.024816155433654785
2657,0.018844274803996086
2658,0.02896435186266899
2659,0.008940663188695908
2660,0.010472116991877556
2661,0.0263737291097641
2662,0.00504718441516161
2663,0.022388596087694168
2664,0.015845488756895065
2665,0.014065904542803764
2666,0.01030492503196001
2667,0.014559073373675346
2668,0.028736259788274765
2669,0.02496856078505516
2670,0.01307167299091816
2671,0.02930775284767151
2672,0.007224360015243292
2673,0.00624571368098259
2674,0.012613151222467422
2675,0.004542727954685688
2676,0.017913375049829483
2677,0.04286230355501175
2678,0.027161113917827606
2679,0.012773088179528713
2680,0.014061130583286285
2681,0.014617016538977623
2682,0.00511567760258913
2683,0.0027680229395627975
2684,0.022702058777213097
2685,0.010357472114264965
2686,0.006046948488801718
2687,0.010504946112632751
2688,0.013033030554652214
2689,0.005436614155769348
2690,0.016095072031021118
2691,0.012291554361581802
2692,0.005339574068784714
2693,0.01038572657853365
2694,0.01263282261788845
2695,0.0038377749733626842
2696,0.00533544085919857
2697,0.01652628928422928
2698,0.01841629296541214
2699,0.0112850246950984
2700,0.014290081337094307
2701,0.016999468207359314
2702,0.01652008295059204
2703,0.01844283752143383
2704,0.010786338709294796
2705,0.014425184577703476
2706,0.01293752621859312
2707,0.010580125264823437
2708,0.027840424329042435
2709,0.022039994597434998
2710,0.023485466837882996
2711,0.01149693876504898
2712,0.005710285156965256
2713,0.01079169474542141
2714,0.014153687283396721
2715,0.017855873331427574
2716,0.009095053188502789
2717,0.004071090370416641
2718,0.017499981448054314
2719,0.014697831124067307
2720,0.009959751740098
2721,0.010100292973220348
2722,0.00858874712139368
2723,0.02072642184793949
2724,0.0070082079619169235
2725,0.0178428515791893
2726,0.04449641332030296
2727,0.012107009068131447
2728,0.017884818837046623
2729,0.010954703204333782
2730,0.0051035103388130665
2731,0.013547185808420181
2732,0.03319011256098747
2733,0.014269597828388214
2734,0.0016732424264773726
2735,0.00520345801487565
2736,0.010828638449311256
2737,0.00943545438349247
2738,0.013000139966607094
2739,0.015660809352993965
2740,0.011733941733837128
2741,0.01602182909846306
2742,0.01253155805170536
2743,0.02152569591999054
2744,0.012543566524982452
2745,0.010578329674899578
2746,0.010054461658000946
2747,0.01868254318833351
2748,0.016521625220775604
2749,0.01433176826685667
2750,0.006408815737813711
2751,0.020204661414027214
2752,0.00964084267616272
2753,0.016719277948141098
2754,0.007951712235808372
2755,0.0072087449952960014
2756,0.017163187265396118
2757,0.01148328185081482
2758,0.012912614271044731
2759,0.013809530064463615
2760,0.011946439743041992
2761,0.02246939204633236
2762,0.023249845951795578
2763,0.016138343140482903
2764,0.00984310545027256
2765,0.008250128477811813
2766,0.004430857952684164
2767,0.021731704473495483
2768,0.016986578702926636
2769,0.02519911341369152
2770,0.02132534608244896
2771,0.01660091243684292
2772,0.005584006197750568
2773,0.00635481346398592
2774,0.031597740948200226
2775,0.020198678597807884
2776,0.007437121123075485
2777,0.009926007129251957
2778,0.015149216167628765
2779,0.011061538010835648
2780,0.028430378064513206
2781,0.01664901152253151
2782,0.029265504330396652
2783,0.013565718196332455
2784,0.016450783237814903
2785,0.010703228414058685
2786,0.013874795287847519
2787,0.007839935831725597
2788,0.013336991891264915
2789,0.018824581056833267
2790,0.008150716312229633
2791,0.007354922592639923
2792,0.02872329205274582
2793,0.012469900771975517
2794,0.0411028228700161
2795,0.0428977869451046
2796,0.014757735654711723
2797,0.013900792226195335
2798,0.013587410561740398
2799,0.014769244939088821
2800,0.012858709320425987
2801,0.0022605773992836475
2802,0.024443719536066055
2803,0.013473371975123882
2804,0.02642926573753357
2805,0.006630228366702795
2806,0.01195551361888647
2807,0.015154900960624218
2808,0.009754478000104427
2809,0.02643820270895958
2810,0.01641603372991085
2811,0.012358317151665688
2812,0.01629989594221115
2813,0.004052754491567612
2814,0.024786971509456635
2815,0.009256402961909771
2816,0.01441819965839386
2817,0.06210945174098015
2818,0.008743729442358017
2819,0.01755581609904766
2820,0.02528378926217556
2821,0.014829403720796108
2822,0.030512696132063866
2823,0.02310088835656643
2824,0.03260413557291031
2825,0.021372094750404358
2826,0.00563995074480772
2827,0.005134028382599354
2828,0.016819722950458527
2829,0.016970034688711166
2830,0.0063405949622392654
2831,0.023271655663847923
2832,0.02293124422430992
2833,0.01723545417189598
2834,0.015107996761798859
2835,0.029476812109351158
2836,0.01528192963451147
2837,0.022737910971045494
2838,0.00637793680652976
2839,0.033697448670864105
2840,0.038469985127449036
2841,0.007310888729989529
2842,0.007094194646924734
2843,0.02781395986676216
2844,0.011967087164521217
2845,0.00948318000882864
2846,0.01935548149049282
2847,0.015392351895570755
2848,0.01655205897986889
2849,0.012963460758328438
2850,0.006492567714303732
2851,0.030947625637054443
2852,0.031627532094717026
2853,0.011190002784132957
2854,0.03621470183134079
2855,0.031125394627451897
2856,0.016371285542845726
2857,0.0030562717001885176
2858,0.0072379764169454575
2859,0.029277503490447998
2860,0.018742118030786514
2861,0.02426326647400856
2862,0.009309349581599236
2863,0.006339826621115208
2864,0.018428267911076546
2865,0.011980801820755005
2866,0.00917071383446455
2867,0.003981807269155979
2868,0.011090649291872978
2869,0.0066808899864554405
2870,0.0060239993035793304
2871,0.02581963501870632
2872,0.02403520606458187
2873,0.005652196705341339
2874,0.009420250542461872
2875,0.03197593614459038
2876,0.02258342318236828
2877,0.02128550410270691
2878,0.04060988128185272
2879,0.02230832539498806
2880,0.01141412928700447
2881,0.03511148318648338
2882,0.012868301942944527
2883,0.017646456137299538
2884,0.010997539386153221
2885,0.00863729976117611
2886,0.014401055872440338
2887,0.01199259888380766
2888,0.007733057253062725
2889,0.01659158244729042
2890,0.011371010914444923
2891,0.014490878209471703
2892,0.03233952075242996
2893,0.012336257845163345
2894,0.006200328469276428
2895,0.0215923972427845
2896,0.022981656715273857
2897,0.029129773378372192
2898,0.009434464387595654
2899,0.030128544196486473
2900,0.02059570513665676
2901,0.01868831366300583
2902,0.010116788558661938
2903,0.014496777206659317
2904,0.011826232075691223
2905,0.008915556594729424
2906,0.028499728068709373
2907,0.015219584107398987
2908,0.02770286053419113
2909,0.007638266310095787
2910,0.007486648857593536
2911,0.009639195166528225
2912,0.01817413419485092
2913,0.0180010125041008
2914,0.022141776978969574
2915,0.008155522868037224
2916,0.009497626684606075
2917,0.022642802447080612
2918,0.016273390501737595
2919,0.02416345849633217
2920,0.007848968729376793
2921,0.030829131603240967
2922,0.005152175668627024
2923,0.06135976314544678
2924,0.014752572402358055
2925,0.0077496487647295
2926,0.012763875536620617
2927,0.015432721003890038
2928,0.015433689579367638
2929,0.007981859147548676
2930,0.02284039556980133
2931,0.021193696185946465
2932,0.005578693002462387
2933,0.013008048757910728
2934,0.013161897659301758
2935,0.0106048583984375
2936,0.017330419272184372
2937,0.008609717711806297
2938,0.014539657160639763
2939,0.022795744240283966
2940,0.010825595818459988
2941,0.01458817720413208
2942,0.013042360544204712
2943,0.007131572812795639
2944,0.00480315275490284
2945,0.023864388465881348
2946,0.008971059694886208
2947,0.014002159237861633
2948,0.012056986801326275
2949,0.010712387971580029
2950,0.01600876823067665
2951,0.013303257524967194
2952,0.014666438102722168
2953,0.009255423210561275
2954,0.007180613931268454
2955,0.012828911654651165
2956,0.012976624071598053
2957,0.007840778678655624
2958,0.00885119941085577
2959,0.025606339797377586
2960,0.013807091861963272
2961,0.008680926635861397
2962,0.012322522699832916
2963,0.016961708664894104
2964,0.02344246581196785
2965,0.005701935850083828
2966,0.01703770086169243
2967,0.027672335505485535
2968,0.021899251267313957
2969,0.01825067028403282
2970,0.008438250049948692
2971,0.018886039033532143
2972,0.004759762901812792
2973,0.026304518803954124
2974,0.003459342522546649
2975,0.00855017639696598
2976,0.021558839827775955
2977,0.013261724263429642
2978,0.011947530321776867
2979,0.007699914276599884
2980,0.009275473654270172
2981,0.03268081694841385
2982,0.01044580340385437
2983,0.009394637309014797
2984,0.029267221689224243
2985,0.012074529193341732
2986,0.01848556101322174
2987,0.010844426229596138
2988,0.020699655637145042
2989,0.013202260248363018
2990,0.014443887397646904
2991,0.006422271486371756
2992,0.011038944125175476
2993,0.008329680189490318
2994,0.010488699190318584
2995,0.011667716316878796
2996,0.01799628883600235
2997,0.025119945406913757
2998,0.012953746132552624
2999,0.015564932487905025
3000,0.02620701491832733
3001,0.0064229294657707214
3002,0.006059741135686636
3003,0.02375461719930172
3004,0.03257657214999199
3005,0.0109607744961977
3006,0.03651228919625282
3007,0.008666770532727242
3008,0.031776733696460724
3009,0.0076186396181583405
3010,0.009519672021269798
3011,0.016047893092036247
3012,0.022723419591784477
3013,0.015593921765685081
3014,0.009922783821821213
3015,0.016367992386221886
3016,0.010634854435920715
3017,0.008504515513777733
3018,0.008313006721436977
3019,0.028636902570724487
3020,0.024183668196201324
3021,0.010823777876794338
3022,0.015368419699370861
3023,0.013446209952235222
3024,0.023967508226633072
3025,0.016378633677959442
3026,0.026053007692098618
3027,0.010100249201059341
3028,0.017268914729356766
3029,0.00845581479370594
3030,0.014678179286420345
3031,0.013116351328790188
3032,0.017372623085975647
3033,0.006400951649993658
3034,0.008919928222894669
3035,0.012483819387853146
3036,0.026869717985391617
3037,0.023521780967712402
3038,0.021183377131819725
3039,0.015243835747241974
3040,0.018175635486841202
3041,0.008241557516157627
3042,0.012613116763532162
3043,0.01433216966688633
3044,0.017158158123493195
3045,0.02621115744113922
3046,0.0055119795724749565
3047,0.0032771870028227568
3048,0.01915139891207218
3049,0.006555880419909954
3050,0.014351258985698223
3051,0.01147958543151617
3052,0.004984188359230757
3053,0.012582126073539257
3054,0.010671116411685944
3055,0.007124788127839565
3056,0.010435203090310097
3057,0.01866321451961994
3058,0.05088215321302414
3059,0.006002088543027639
3060,0.01584761217236519
3061,0.004799125716090202
3062,0.0077293976210057735
3063,0.01191004179418087
3064,0.018755987286567688
3065,0.013283531181514263
3066,0.017793554812669754
3067,0.012903079390525818
3068,0.02318846806883812
3069,0.013682886958122253
3070,0.03464510664343834
3071,0.013212256133556366
3072,0.025413349270820618
3073,0.008726938627660275
3074,0.00973461102694273
3075,0.01153273694217205
3076,0.015356836840510368
3077,0.012060283683240414
3078,0.021189827471971512
3079,0.004514323081821203
3080,0.012534539215266705
3081,0.01476762630045414
3082,0.013114812783896923
3083,0.01272883266210556
3084,0.02580682560801506
3085,0.05050855129957199
3086,0.012408274225890636
3087,0.012456248514354229
3088,0.0077397823333740234
3089,0.01995866186916828
3090,0.006353794597089291
3091,0.01020611822605133
3092,0.0173657089471817
3093,0.008995788171887398
3094,0.025448530912399292
3095,0.02681860700249672
3096,0.009776541031897068
3097,0.009503045119345188
3098,0.007645407225936651
3099,0.0035141329281032085
3100,0.03159713372588158
3101,0.014394938945770264
3102,0.021617110818624496
3103,0.017193224281072617
3104,0.00639057531952858
3105,0.04508820176124573
3106,0.01987198181450367
3107,0.011778748594224453
3108,0.013411427848041058
3109,0.011597177013754845
3110,0.007222401909530163
3111,0.02029448002576828
3112,0.006935283541679382
3113,0.01399326603859663
3114,0.013463642448186874
3115,0.011312117800116539
3116,0.03472870588302612
3117,0.02129828929901123
3118,0.01654926687479019
3119,0.012178212404251099
3120,0.031423211097717285
3121,0.01153967808932066
3122,0.013836205005645752
3123,0.01241332571953535
3124,0.019175004214048386
3125,0.018467258661985397
3126,0.041789762675762177
3127,0.012864142656326294
3128,0.01058205496519804
3129,0.00918640848249197
3130,0.013915526680648327
3131,0.017960797995328903
3132,0.011637955904006958
3133,0.011448673903942108
3134,0.007302208803594112
3135,0.022895321249961853
3136,0.029992740601301193
3137,0.011051340959966183
3138,0.026299815624952316
3139,0.009672636166214943
3140,0.005977819673717022
3141,0.011486310511827469
3142,0.02202511392533779
3143,0.016363251954317093
3144,0.037884678691625595
3145,0.02032039873301983
3146,0.005680225323885679
3147,0.017836181446909904
3148,0.008120927959680557
3149,0.00906444527208805
3150,0.014220057986676693
3151,0.006792807020246983
3152,0.015810556709766388
3153,0.012914322316646576
3154,0.017832888290286064
3155,0.0077306954190135
3156,0.015198375098407269
3157,0.016770513728260994
3158,0.004077262710779905
3159,0.01240520179271698
3160,0.00997007917612791
3161,0.007101363968104124
3162,0.007978079840540886
3163,0.017102081328630447
3164,0.009562468156218529
3165,0.02711213193833828
3166,0.021358028054237366
3167,0.01497074868530035
3168,0.010911027900874615
3169,0.01864899881184101
3170,0.012009302154183388
3171,0.007130109705030918
3172,0.00883976835757494
3173,0.01757485792040825
3174,0.013744979165494442
3175,0.010657931677997112
3176,0.004571856930851936
3177,0.02596655860543251
3178,0.02594529651105404
3179,0.012167813256382942
3180,0.0063527366146445274
3181,0.04425854980945587
3182,0.051403872668743134
3183,0.006738889962434769
3184,0.006091947667300701
3185,0.003348329570144415
3186,0.00895548053085804
3187,0.01827324740588665
3188,0.01490882970392704
3189,0.010272322222590446
3190,0.022198667749762535
3191,0.007815703749656677
3192,0.02235790155827999
3193,0.006182029843330383
3194,0.024185730144381523
3195,0.009610457345843315
3196,0.008119537495076656
3197,0.02677757665514946
3198,0.04268784448504448
3199,0.043081000447273254
3200,0.0064557623118162155
3201,0.01156430970877409
3202,0.015482808463275433
3203,0.007275333162397146
3204,0.015117727220058441
3205,0.01416756771504879
3206,0.011067874729633331
3207,0.013264818117022514
3208,0.01638728193938732
3209,0.013665979728102684
3210,0.03129418566823006
3211,0.008328506723046303
3212,0.007640141062438488
3213,0.006536842789500952
3214,0.011555011384189129
3215,0.012490223161876202
3216,0.007689835038036108
3217,0.02077573351562023
3218,0.028501158580183983
3219,0.02321082353591919
3220,0.011450901627540588
3221,0.06525354087352753
3222,0.009087703190743923
3223,0.012507004663348198
3224,0.022565273568034172
3225,0.008620543405413628
3226,0.014801524579524994
3227,0.022292425855994225
3228,0.018913231790065765
3229,0.010595493018627167
3230,0.0030442732386291027
3231,0.017597319558262825
3232,0.011074289679527283
3233,0.00899360328912735
3234,0.014166824519634247
3235,0.028591498732566833
3236,0.014396846294403076
3237,0.011883189901709557
3238,0.010397146455943584
3239,0.006882186979055405
3240,0.011540885083377361
3241,0.008979937992990017
3242,0.025087913498282433
3243,0.012647169642150402
3244,0.014918295666575432
3245,0.011183317750692368
3246,0.005889269523322582
3247,0.010829029604792595
3248,0.005924535449594259
3249,0.00991334579885006
3250,0.01584566757082939
3251,0.02175828441977501
3252,0.0409434512257576
3253,0.017137691378593445
3254,0.021308032795786858
3255,0.017451131716370583
3256,0.02024959772825241
3257,0.036534182727336884
3258,0.006066763773560524
3259,0.025758076459169388
3260,0.027575474232435226
3261,0.01308786403387785
3262,0.010799737647175789
3263,0.006319958250969648
3264,0.027889562770724297
3265,0.0095288697630167
3266,0.00750325620174408
3267,0.023302461951971054
3268,0.013231232762336731
3269,0.018396086990833282
3270,0.007346637547016144
3271,0.02760828286409378
3272,0.028839178383350372
3273,0.007237941026687622
3274,0.006703478749841452
3275,0.01764003559947014
3276,0.015584923326969147
3277,0.027264203876256943
3278,0.016702646389603615
3279,0.012298434972763062
3280,0.010928116738796234
3281,0.007827982306480408
3282,0.009173857048153877
3283,0.009855322539806366
3284,0.0070411949418485165
3285,0.026813890784978867
3286,0.018066134303808212
3287,0.020337820053100586
3288,0.0226577278226614
3289,0.012736184522509575
3290,0.012254993431270123
3291,0.018448209390044212
3292,0.011769358068704605
3293,0.011363876983523369
3294,0.01627153903245926
3295,0.024373745545744896
3296,0.017582379281520844
3297,0.04066268354654312
3298,0.01492501050233841
3299,0.02664366364479065
3300,0.01837008446455002
3301,0.01426447182893753
3302,0.01640472561120987
3303,0.010897400788962841
3304,0.028070658445358276
3305,0.01837833970785141
3306,0.02844458818435669
3307,0.0036848809104412794
3308,0.006091386079788208
3309,0.021129492670297623
3310,0.0074556740000844
3311,0.028553057461977005
3312,0.011278698220849037
3313,0.028063181787729263
3314,0.019476450979709625
3315,0.016543816775083542
3316,0.023992903530597687
3317,0.029856666922569275
3318,0.023247454315423965
3319,0.00953385978937149
3320,0.015286331996321678
3321,0.020960813388228416
3322,0.009756631217896938
3323,0.02552783116698265
3324,0.0056870197877287865
3325,0.008746139705181122
3326,0.008831033483147621
3327,0.031036466360092163
3328,0.01498845499008894
3329,0.017216209322214127
3330,0.008594534359872341
3331,0.006314575206488371
3332,0.013224828988313675
3333,0.014569878578186035
3334,0.012502970173954964
3335,0.015248633921146393
3336,0.011749888770282269
3337,0.028154294937849045
3338,0.015263315290212631
3339,0.012925933115184307
3340,0.019284319132566452
3341,0.012660248205065727
3342,0.005856384988874197
3343,0.008046958595514297
3344,0.012264581397175789
3345,0.010000374168157578
3346,0.004725676029920578
3347,0.008077476173639297
3348,0.012863094918429852
3349,0.010751655325293541
3350,0.043061621487140656
3351,0.01756022684276104
3352,0.009076623246073723
3353,0.032056860625743866
3354,0.016251280903816223
3355,0.012041948735713959
3356,0.01108049601316452
3357,0.016707710921764374
3358,0.016820184886455536
3359,0.010975494980812073
3360,0.013080756179988384
3361,0.039626460522413254
3362,0.021000202745199203
3363,0.013528011739253998
3364,0.019814904779195786
3365,0.013566849753260612
3366,0.010213658213615417
3367,0.03439505398273468
3368,0.005931439809501171
3369,0.023801548406481743
3370,0.020953115075826645
3371,0.005105895921587944
3372,0.01603718101978302
3373,0.03605475276708603
3374,0.012887968681752682
3375,0.021944811567664146
3376,0.007618315052241087
3377,0.019599933177232742
3378,0.015215477906167507
3379,0.009685955010354519
3380,0.03559970110654831
3381,0.014467788860201836
3382,0.017011115327477455
3383,0.009892746806144714
3384,0.017681322991847992
3385,0.025914562866091728
3386,0.009241698309779167
3387,0.007423709612339735
3388,0.009239709004759789
3389,0.02583458088338375
3390,0.003526566084474325
3391,0.017185857519507408
3392,0.014753295108675957
3393,0.009741464629769325
3394,0.009703276678919792
3395,0.037154749035835266
3396,0.027790753170847893
3397,0.01757926307618618
3398,0.00875827856361866
3399,0.005973816849291325
3400,0.01526007428765297
3401,0.009981252253055573
3402,0.01738755777478218
3403,0.02419109269976616
3404,0.01561757829040289
3405,0.019345497712492943
3406,0.009082040749490261
3407,0.012708917260169983
3408,0.027121413499116898
3409,0.008931117132306099
3410,0.008008556440472603
3411,0.008380098268389702
3412,0.004840369336307049
3413,0.016801774501800537
3414,0.01946788653731346
3415,0.009940862655639648
3416,0.02457607351243496
3417,0.011502958834171295
3418,0.017191976308822632
3419,0.043445341289043427
3420,0.03864295780658722
3421,0.010614795610308647
3422,0.025457918643951416
3423,0.018262386322021484
3424,0.0232472475618124
3425,0.026208199560642242
3426,0.008759656921029091
3427,0.024656418710947037
3428,0.02241743728518486
3429,0.009479321539402008
3430,0.03629817068576813
3431,0.02577555738389492
3432,0.012422485277056694
3433,0.026017507538199425
3434,0.05044953525066376
3435,0.012085906229913235
3436,0.023260951042175293
3437,0.007380983792245388
3438,0.014696876518428326
3439,0.010173369199037552
3440,0.008307158015668392
3441,0.008192703127861023
3442,0.022954169660806656
3443,0.016947347670793533
3444,0.012549619190394878
3445,0.011885727755725384
3446,0.016838550567626953
3447,0.017847543582320213
3448,0.04635980725288391
3449,0.014262962155044079
3450,0.01834716461598873
3451,0.024128949269652367
3452,0.005725272931158543
3453,0.015555670484900475
3454,0.014262120239436626
3455,0.007776826154440641
3456,0.01943274401128292
3457,0.019717218354344368
3458,0.011953644454479218
3459,0.0054307496175169945
3460,0.005696653388440609
3461,0.018891239538788795
3462,0.01831105165183544
3463,0.01750491000711918
3464,0.014911023899912834
3465,0.016689207404851913
3466,0.013669274747371674
3467,0.009150657802820206
3468,0.011714937165379524
3469,0.020043347030878067
3470,0.016035808250308037
3471,0.005760861560702324
3472,0.013950664550065994
3473,0.01384752243757248
3474,0.021241173148155212
3475,0.005008338484913111
3476,0.02037951909005642
3477,0.016329828649759293
3478,0.006532601080834866
3479,0.008609901182353497
3480,0.018593907356262207
3481,0.010442232713103294
3482,0.016334470361471176
3483,0.013224410824477673
3484,0.01819218508899212
3485,0.011119691655039787
3486,0.013418138027191162
3487,0.011909290216863155
3488,0.017710914835333824
3489,0.018962020054459572
3490,0.03335243836045265
3491,0.007025241851806641
3492,0.02497856132686138
3493,0.01662949100136757
3494,0.01584869995713234
3495,0.03729663044214249
3496,0.042814671993255615
3497,0.01700153760612011
3498,0.017583396285772324
3499,0.01554194837808609
3500,0.01090576034039259
3501,0.022560786455869675
3502,0.05735483020544052
3503,0.009327173233032227
3504,0.017525551840662956
3505,0.01363418623805046
3506,0.01571078412234783
3507,0.009857390075922012
3508,0.022951211780309677
3509,0.010647389106452465
3510,0.01986631564795971
3511,0.022495131939649582
3512,0.008226504549384117
3513,0.011437492445111275
3514,0.007752274163067341
3515,0.029765469953417778
3516,0.010544650256633759
3517,0.005987896583974361
3518,0.012980381958186626
3519,0.008075141347944736
3520,0.01330698560923338
3521,0.012046754360198975
3522,0.011756333522498608
3523,0.025410354137420654
3524,0.027981054037809372
3525,0.029397349804639816
3526,0.029113709926605225
3527,0.016016941517591476
3528,0.0065454840660095215
3529,0.013941826298832893
3530,0.006037385668605566
3531,0.013735368847846985
3532,0.009351413697004318
3533,0.011823169887065887
3534,0.01691066101193428
3535,0.008651435375213623
3536,0.007476880215108395
3537,0.020265033468604088
3538,0.018313219770789146
3539,0.02936922013759613
3540,0.014411715790629387
3541,0.009742846712470055
3542,0.04065693914890289
3543,0.01078750193119049
3544,0.01708323508501053
3545,0.011692756786942482
3546,0.025442544370889664
3547,0.029141342267394066
3548,0.011450725607573986
3549,0.029970869421958923
3550,0.05162419006228447
3551,0.015685278922319412
3552,0.017612792551517487
3553,0.014690208248794079
3554,0.041047949343919754
3555,0.006090582814067602
3556,0.011684238910675049
3557,0.024285441264510155
3558,0.02423037588596344
3559,0.022614091634750366
3560,0.015147428959608078
3561,0.0063297017477452755
3562,0.014595961198210716
3563,0.015924252569675446
3564,0.008023053407669067
3565,0.01664602942764759
3566,0.011848113499581814
3567,0.014291769824922085
3568,0.006491224747151136
3569,0.009462827816605568
3570,0.02982734702527523
3571,0.01838761568069458
3572,0.03145885467529297
3573,0.022048618644475937
3574,0.011767635121941566
3575,0.02437475323677063
3576,0.012587077915668488
3577,0.017078910022974014
3578,0.005074759479612112
3579,0.02206646464765072
3580,0.008917583152651787
3581,0.026474839076399803
3582,0.005076466128230095
3583,0.016119031235575676
3584,0.05829046294093132
3585,0.009985050186514854
3586,0.02164877951145172
3587,0.008468179032206535
3588,0.018094666302204132
3589,0.005934189073741436
3590,0.007578452117741108
3591,0.020019406452775
3592,0.010810348205268383
3593,0.012045013718307018
3594,0.02384028397500515
3595,0.022729268297553062
3596,0.031850263476371765
3597,0.035174302756786346
3598,0.00681198388338089
3599,0.014478135854005814
3600,0.007272864691913128
3601,0.0058480603620409966
3602,0.0180545412003994
3603,0.008595498278737068
3604,0.0151951489970088
3605,0.009558724239468575
3606,0.008516822941601276
3607,0.01734473556280136
3608,0.05755237489938736
3609,0.027884988114237785
3610,0.007517396472394466
3611,0.004083657171577215
3612,0.015119227580726147
3613,0.01716175116598606
3614,0.01877894625067711
3615,0.005271474830806255
3616,0.008963443338871002
3617,0.014460238628089428
3618,0.00957548525184393
3619,0.02331344038248062
3620,0.020190982148051262
3621,0.025998812168836594
3622,0.01901363581418991
3623,0.012197637930512428
3624,0.014154106378555298
3625,0.024127811193466187
3626,0.021252751350402832
3627,0.01211822684854269
3628,0.014222696423530579
3629,0.022101152688264847
3630,0.020378200337290764
3631,0.03756478428840637
3632,0.010314635001122952
3633,0.008737107738852501
3634,0.014758270233869553
3635,0.02406008169054985
3636,0.019979260861873627
3637,0.022811954841017723
3638,0.01419774442911148
3639,0.006813983432948589
3640,0.004425015300512314
3641,0.022781651467084885
3642,0.016315888613462448
3643,0.006769008003175259
3644,0.009411236271262169
3645,0.003560808952897787
3646,0.008680103346705437
3647,0.016980517655611038
3648,0.011162513867020607
3649,0.03129497170448303
3650,0.018170207738876343
3651,0.007563329301774502
3652,0.025464963167905807
3653,0.017436398193240166
3654,0.043606311082839966
3655,0.033030614256858826
3656,0.006747676990926266
3657,0.025516387075185776
3658,0.022854521870613098
3659,0.009869154542684555
3660,0.03348488733172417
3661,0.006902332417666912
3662,0.011539380997419357
3663,0.01837325654923916
3664,0.008433835580945015
3665,0.018008537590503693
3666,0.013518325984477997
3667,0.019407980144023895
3668,0.019240055233240128
3669,0.014297920279204845
3670,0.015205699019134045
3671,0.00824145320802927
3672,0.015319920144975185
3673,0.028362736105918884
3674,0.015955526381731033
3675,0.01379653625190258
3676,0.017997894436120987
3677,0.01560373604297638
3678,0.007078154012560844
3679,0.009879520162940025
3680,0.02083105407655239
3681,0.013952260836958885
3682,0.01979321986436844
3683,0.021509163081645966
3684,0.008144339546561241
3685,0.016303231939673424
3686,0.0099197281524539
3687,0.004785647615790367
3688,0.015274396166205406
3689,0.010813046246767044
3690,0.015176399610936642
3691,0.014253074303269386
3692,0.024757321923971176
3693,0.013220034539699554
3694,0.00681918254122138
3695,0.010493881069123745
3696,0.010002683848142624
3697,0.03300847113132477
3698,0.004532409831881523
3699,0.023062072694301605
3700,0.023121114820241928
3701,0.00983800645917654
3702,0.011629423126578331
3703,0.04406822845339775
3704,0.006783539429306984
3705,0.013808909803628922
3706,0.008527329191565514
3707,0.03537960723042488
3708,0.014630304649472237
3709,0.016888335347175598
3710,0.011559424921870232
3711,0.013133919797837734
3712,0.00541088730096817
3713,0.009700994938611984
3714,0.008340010419487953
3715,0.017717009410262108
3716,0.011929243803024292
3717,0.01843675971031189
3718,0.021077707409858704
3719,0.018090639263391495
3720,0.0333687886595726
3721,0.020352045074105263
3722,0.015652857720851898
3723,0.011494074016809464
3724,0.012903869152069092
3725,0.0060684941709041595
3726,0.013732167892158031
3727,0.016144637018442154
3728,0.008805663324892521
3729,0.006023533642292023
3730,0.01939602755010128
3731,0.020174849778413773
3732,0.011487635783851147
3733,0.013942671939730644
3734,0.0556311160326004
3735,0.01691545359790325
3736,0.02546277455985546
3737,0.01108468882739544
3738,0.009397323243319988
3739,0.024846887215971947
3740,0.03131692111492157
3741,0.02273711934685707
3742,0.020839771255850792
3743,0.004408408887684345
3744,0.016742384061217308
3745,0.019269343465566635
3746,0.0200091190636158
3747,0.0073248217813670635
3748,0.009516902267932892
3749,0.010375967249274254
3750,0.02546124905347824
3751,0.030397307127714157
3752,0.025144828483462334
3753,0.016591589897871017
3754,0.022768234834074974
3755,0.023074351251125336
3756,0.007377859205007553
3757,0.013877393677830696
3758,0.0255946796387434
3759,0.014618093147873878
3760,0.024670463055372238
3761,0.014704130589962006
3762,0.005156305618584156
3763,0.03248677775263786
3764,0.00853224378079176
3765,0.03297442942857742
3766,0.03243565186858177
3767,0.017958899959921837
3768,0.012796223163604736
3769,0.009963548742234707
3770,0.0177326500415802
3771,0.03320302441716194
3772,0.011641860008239746
3773,0.02327197603881359
3774,0.018863745033740997
3775,0.009904403239488602
3776,0.0234946608543396
3777,0.015818782150745392
3778,0.021208085119724274
3779,0.012429848313331604
3780,0.026117857545614243
3781,0.004553106613457203
3782,0.00860651396214962
3783,0.031112659722566605
3784,0.011004070751369
3785,0.016871031373739243
3786,0.018815994262695312
3787,0.005631763022392988
3788,0.007492419332265854
3789,0.014129954390227795
3790,0.010399248450994492
3791,0.045008864253759384
3792,0.012039593420922756
3793,0.010376243852078915
3794,0.017149068415164948
3795,0.009811938740313053
3796,0.015039581805467606
3797,0.02325655147433281
3798,0.02020142786204815
3799,0.02147662453353405
3800,0.022013448178768158
3801,0.009434843435883522
3802,0.0065470291301608086
3803,0.04202679917216301
3804,0.010422468185424805
3805,0.009211860597133636
3806,0.008182995021343231
3807,0.01169302873313427
3808,0.009719138965010643
3809,0.031230341643095016
3810,0.008260887116193771
3811,0.015871983021497726
3812,0.008696425706148148
3813,0.027194160968065262
3814,0.01177543681114912
3815,0.011372869834303856
3816,0.012054761871695518
3817,0.010470172390341759
3818,0.028045058250427246
3819,0.013909908942878246
3820,0.012065907940268517
3821,0.00842625554651022
3822,0.010814569890499115
3823,0.026010826230049133
3824,0.01746365986764431
3825,0.0040250192396342754
3826,0.011200862005352974
3827,0.016941506415605545
3828,0.019366919994354248
3829,0.009244702756404877
3830,0.010880472138524055
3831,0.014724361710250378
3832,0.02865905687212944
3833,0.03392758592963219
3834,0.014617912471294403
3835,0.010937700048089027
3836,0.011224538087844849
3837,0.019101565703749657
3838,0.008015653118491173
3839,0.016780411824584007
3840,0.012348855845630169
3841,0.007265063002705574
3842,0.00847211480140686
3843,0.028935758396983147
3844,0.03722840175032616
3845,0.0147491954267025
3846,0.027347102761268616
3847,0.01660243794322014
3848,0.0062841079197824
3849,0.004060598090291023
3850,0.008159290999174118
3851,0.008118079975247383
3852,0.010996941477060318
3853,0.027790559455752373
3854,0.030214494094252586
3855,0.009298676624894142
3856,0.007955091074109077
3857,0.02753332071006298
3858,0.005911338608711958
3859,0.020812496542930603
3860,0.012680555693805218
3861,0.006933621130883694
3862,0.013698389753699303
3863,0.018288489431142807
3864,0.016528842970728874
3865,0.02042493224143982
3866,0.016997037455439568
3867,0.03337744250893593
3868,0.027681833133101463
3869,0.01632874086499214
3870,0.015018893405795097
3871,0.017588883638381958
3872,0.0066357506439089775
3873,0.016560453921556473
3874,0.005084549076855183
3875,0.03037330135703087
3876,0.02310110256075859
3877,0.009529424831271172
3878,0.007411806844174862
3879,0.014335627667605877
3880,0.012035125866532326
3881,0.011719241738319397
3882,0.0059996433556079865
3883,0.011824611574411392
3884,0.00805184431374073
3885,0.021561479195952415
3886,0.010102888569235802
3887,0.008508479222655296
3888,0.004902370274066925
3889,0.009600581601262093
3890,0.006756245158612728
3891,0.017361624166369438
3892,0.02223196253180504
3893,0.012062052264809608
3894,0.02146957442164421
3895,0.008281365036964417
3896,0.01500754989683628
3897,0.020130213350057602
3898,0.031952060759067535
3899,0.023234978318214417
3900,0.007916489616036415
3901,0.041307128965854645
3902,0.005587907508015633
3903,0.020683621987700462
3904,0.0195480789989233
3905,0.006006441544741392
3906,0.040561243891716
3907,0.025736182928085327
3908,0.029157428070902824
3909,0.00801126565784216
3910,0.0171417947858572
3911,0.016356509178876877
3912,0.025297416374087334
3913,0.02747870795428753
3914,0.011111540719866753
3915,0.014629596844315529
3916,0.022256910800933838
3917,0.02432972751557827
3918,0.012547402642667294
3919,0.02347867749631405
3920,0.009300468489527702
3921,0.012998947873711586
3922,0.0222952738404274
3923,0.024261068552732468
3924,0.009160341694951057
3925,0.014664060436189175
3926,0.0036181879695504904
3927,0.013830444775521755
3928,0.008847920224070549
3929,0.04522924870252609
3930,0.010421412996947765
3931,0.01634969748556614
3932,0.010457302443683147
3933,0.017267435789108276
3934,0.01066068559885025
3935,0.041557248681783676
3936,0.01811501570045948
3937,0.019125012680888176
3938,0.01930403523147106
3939,0.02474764548242092
3940,0.016982775181531906
3941,0.014300420880317688
3942,0.007135206367820501
3943,0.013847342692315578
3944,0.014033111743628979
3945,0.021297898143529892
3946,0.027709342539310455
3947,0.012843253090977669
3948,0.00842323899269104
3949,0.014203297905623913
3950,0.02091141603887081
3951,0.005558827891945839
3952,0.01835351437330246
3953,0.006663165520876646
3954,0.01725303940474987
3955,0.022868474945425987
3956,0.01162484847009182
3957,0.009139064699411392
3958,0.018348490819334984
3959,0.014681799337267876
3960,0.0121745765209198
3961,0.01835043914616108
3962,0.007731886114925146
3963,0.02270294725894928
3964,0.011658355593681335
3965,0.0057518924586474895
3966,0.03126141056418419
3967,0.03832180052995682
3968,0.02766449749469757
3969,0.019265417009592056
3970,0.024799808859825134
3971,0.008718284778296947
3972,0.01886732690036297
3973,0.009478282183408737
3974,0.006479606032371521
3975,0.02017020806670189
3976,0.009648027829825878
3977,0.008034491911530495
3978,0.012865501455962658
3979,0.04158829525113106
3980,0.014336079359054565
3981,0.012876673601567745
3982,0.008946976624429226
3983,0.015996810048818588
3984,0.0075232721865177155
3985,0.031625133007764816
3986,0.021345293149352074
3987,0.039858754724264145
3988,0.012361109256744385
3989,0.01008039340376854
3990,0.015495648607611656
3991,0.012047959491610527
3992,0.011155873537063599
3993,0.005817232187837362
3994,0.005398443900048733
3995,0.021309923380613327
3996,0.024849362671375275
3997,0.009043500758707523
3998,0.021434854716062546
3999,0.023674404248595238
4000,0.025198614224791527
4001,0.019854653626680374
4002,0.018941525369882584
4003,0.01983075588941574
4004,0.01471690833568573
4005,0.018654294312000275
4006,0.02712048590183258
4007,0.006737112067639828
4008,0.005293888505548239
4009,0.018654868006706238
4010,0.008089346811175346
4011,0.01563367433845997
4012,0.013418897986412048
4013,0.017659008502960205
4014,0.04188885539770126
4015,0.013089018873870373
4016,0.023798495531082153
4017,0.025732850655913353
4018,0.016227729618549347
4019,0.01024707779288292
4020,0.020739715546369553
4021,0.010965229943394661
4022,0.01931118778884411
4023,0.014995257370173931
4024,0.01134392898529768
4025,0.03971613198518753
4026,0.015512499026954174
4027,0.041022878140211105
4028,0.02908848598599434
4029,0.01936940848827362
4030,0.013485736213624477
4031,0.01797787845134735
4032,0.015425133518874645
4033,0.0064263716340065
4034,0.027459919452667236
4035,0.009892527014017105
4036,0.008207342587411404
4037,0.013575698249042034
4038,0.02211616560816765
4039,0.006580948363989592
4040,0.015529660508036613
4041,0.018481820821762085
4042,0.011130494996905327
4043,0.022072196006774902
4044,0.04929521679878235
4045,0.003562865313142538
4046,0.006924410816282034
4047,0.014795969240367413
4048,0.008758538402616978
4049,0.007833322510123253
4050,0.015219721011817455
4051,0.01361825130879879
4052,0.0235095527023077
4053,0.005009491927921772
4054,0.009730981662869453
4055,0.010876765474677086
4056,0.011654190719127655
4057,0.011411627754569054
4058,0.007314044050872326
4059,0.016921423375606537
4060,0.006508552934974432
4061,0.06475428491830826
4062,0.014505274593830109
4063,0.008258219808340073
4064,0.009579291567206383
4065,0.034822188317775726
4066,0.005589003674685955
4067,0.017064446583390236
4068,0.012529470026493073
4069,0.03611791878938675
4070,0.03295823186635971
4071,0.010724197141826153
4072,0.018417324870824814
4073,0.00815119594335556
4074,0.011844171211123466
4075,0.092491015791893
4076,0.007798270788043737
4077,0.0065371631644666195
4078,0.01608331874012947
4079,0.026599695906043053
4080,0.008815865963697433
4081,0.005228586494922638
4082,0.009485062211751938
4083,0.016297955065965652
4084,0.006118304096162319
4085,0.007167932577431202
4086,0.010280612856149673
4087,0.06383258104324341
4088,0.016109947115182877
4089,0.028383096680045128
4090,0.008363405242562294
4091,0.016101881861686707
4092,0.008339939638972282
4093,0.0133696673437953
4094,0.019348107278347015
4095,0.01713825762271881
4096,0.016099639236927032
4097,0.007013730704784393
4098,0.00844343937933445
4099,0.007892683148384094
4100,0.010133723728358746
4101,0.006667918525636196
4102,0.009584004990756512
4103,0.005539075471460819
4104,0.0054374923929572105
4105,0.01530744880437851
4106,0.016848798841238022
4107,0.010941877961158752
4108,0.008698862046003342
4109,0.017563536763191223
4110,0.005201282911002636
4111,0.015856381505727768
4112,0.0119585320353508
4113,0.002534314524382353
4114,0.020610300824046135
4115,0.020949801430106163
4116,0.006836566608399153
4117,0.030349764972925186
4118,0.02055152878165245
4119,0.01783338002860546
4120,0.010868574492633343
4121,0.026335224509239197
4122,0.007698534056544304
4123,0.01358790323138237
4124,0.013063567690551281
4125,0.007047832012176514
4126,0.01523248665034771
4127,0.02064620517194271
4128,0.022769782692193985
4129,0.05089495703577995
4130,0.02402435801923275
4131,0.008805043995380402
4132,0.0322590172290802
4133,0.01046084240078926
4134,0.006371935363858938
4135,0.009758676402270794
4136,0.012195068411529064
4137,0.029527833685278893
4138,0.0271187424659729
4139,0.021771516650915146
4140,0.00860074907541275
4141,0.01630130410194397
4142,0.011805739253759384
4143,0.013775828294456005
4144,0.023013776168227196
4145,0.01071968674659729
4146,0.025878198444843292
4147,0.025511950254440308
4148,0.016526374965906143
4149,0.027356242761015892
4150,0.01886848732829094
4151,0.06085706874728203
4152,0.021253665909171104
4153,0.008454212918877602
4154,0.009235013276338577
4155,0.019828354939818382
4156,0.006670704111456871
4157,0.018193496391177177
4158,0.011250754818320274
4159,0.010076469741761684
4160,0.020377375185489655
4161,0.017636951059103012
4162,0.022406768053770065
4163,0.02166232280433178
4164,0.02167188934981823
4165,0.012892807833850384
4166,0.014477711170911789
4167,0.033894024789333344
4168,0.02102881297469139
4169,0.009918278083205223
4170,0.018377553671598434
4171,0.028326120227575302
4172,0.013946480117738247
4173,0.024590453132987022
4174,0.02749641053378582
4175,0.017781388014554977
4176,0.021965235471725464
4177,0.005961507558822632
4178,0.014585278928279877
4179,0.023167334496974945
4180,0.02110420912504196
4181,0.010512709617614746
4182,0.017817212268710136
4183,0.02236504852771759
4184,0.014567356556653976
4185,0.017658526077866554
4186,0.0107899010181427
4187,0.01852484419941902
4188,0.014596732333302498
4189,0.008887534961104393
4190,0.030134757980704308
4191,0.006413329392671585
4192,0.006241244729608297
4193,0.016780182719230652
4194,0.020771551877260208
4195,0.009797737933695316
4196,0.016929037868976593
4197,0.018055398017168045
4198,0.005145291797816753
4199,0.006170378532260656
4200,0.02216394804418087
4201,0.009423747658729553
4202,0.03231070935726166
4203,0.021931542083621025
4204,0.03312327712774277
4205,0.011541510932147503
4206,0.004994972143322229
4207,0.012129761278629303
4208,0.018084991723299026
4209,0.034428343176841736
4210,0.0088312067091465
4211,0.014299964532256126
4212,0.009057997725903988
4213,0.022489141672849655
4214,0.006494443863630295
4215,0.006965930573642254
4216,0.0211031436920166
4217,0.01174964290112257
4218,0.023076599463820457
4219,0.01742301881313324
4220,0.010151872411370277
4221,0.019747592508792877
4222,0.02095988392829895
4223,0.01273574959486723
4224,0.008487972430884838
4225,0.018689213320612907
4226,0.0028040145989507437
4227,0.017564838752150536
4228,0.006149664521217346
4229,0.007246074732393026
4230,0.001512045506387949
4231,0.007055079098790884
4232,0.01332436129450798
4233,0.011564700864255428
4234,0.02365061640739441
4235,0.010570704936981201
4236,0.033878304064273834
4237,0.020322348922491074
4238,0.007594021037220955
4239,0.025833820924162865
4240,0.00430345069617033
4241,0.02323911152780056
4242,0.0054334793239831924
4243,0.013343749567866325
4244,0.0058390176855027676
4245,0.011720482259988785
4246,0.011368143372237682
4247,0.026091357693076134
4248,0.01806209236383438
4249,0.007943382486701012
4250,0.013109367340803146
4251,0.017573093995451927
4252,0.0242067351937294
4253,0.018176015466451645
4254,0.009249540977180004
4255,0.009465987794101238
4256,0.023061808198690414
4257,0.008936120197176933
4258,0.03480474650859833
4259,0.03154398500919342
4260,0.011055204086005688
4261,0.030812617391347885
4262,0.010123910382390022
4263,0.018269753083586693
4264,0.020540252327919006
4265,0.00943911261856556
4266,0.01604761928319931
4267,0.007285195402801037
4268,0.00783836841583252
4269,0.006870420183986425
4270,0.013201753608882427
4271,0.01461054664105177
4272,0.05888320505619049
4273,0.01013699546456337
4274,0.010319458320736885
4275,0.042843323200941086
4276,0.015510122291743755
4277,0.014814697206020355
4278,0.010322149842977524
4279,0.017953872680664062
4280,0.008674964308738708
4281,0.0055176978930830956
4282,0.011673330329358578
4283,0.017100468277931213
4284,0.01426656823605299
4285,0.004488006699830294
4286,0.01367582380771637
4287,0.029574457556009293
4288,0.012999624013900757
4289,0.024510040879249573
4290,0.02301538549363613
4291,0.055699340999126434
4292,0.01737910509109497
4293,0.031018048524856567
4294,0.012104077264666557
4295,0.014455633237957954
4296,0.012484358623623848
4297,0.019402537494897842
4298,0.012657794170081615
4299,0.009505397640168667
4300,0.010698631405830383
4301,0.004934452474117279
4302,0.011054033413529396
4303,0.007005470804870129
4304,0.014985159039497375
4305,0.008184229955077171
4306,0.008285741321742535
4307,0.01923966407775879
4308,0.020461775362491608
4309,0.006578387226909399
4310,0.02113921009004116
4311,0.00997831579297781
4312,0.010759714990854263
4313,0.011919627897441387
4314,0.005148058291524649
4315,0.0100457314401865
4316,0.013522732071578503
4317,0.008887292817234993
4318,0.0036701373755931854
4319,0.019712870940566063
4320,0.031178554520010948
4321,0.024736780673265457
4322,0.012934389524161816
4323,0.018141208216547966
4324,0.03707263618707657
4325,0.007723723538219929
4326,0.021056070923805237
4327,0.01536889560520649
4328,0.0200351495295763
4329,0.013966498896479607
4330,0.011706793680787086
4331,0.019111530855298042
4332,0.008146874606609344
4333,0.023987432941794395
4334,0.006023554131388664
4335,0.014973141252994537
4336,0.01990954764187336
4337,0.023610588163137436
4338,0.021003540605306625
4339,0.009208573959767818
4340,0.00920116901397705
4341,0.04068413004279137
4342,0.009740641340613365
4343,0.014528872445225716
4344,0.004248115699738264
4345,0.006802649702876806
4346,0.019264554604887962
4347,0.015422103926539421
4348,0.029959430918097496
4349,0.012966454029083252
4350,0.019004642963409424
4351,0.014244327321648598
4352,0.007727723568677902
4353,0.020300650969147682
4354,0.016204534098505974
4355,0.009428171440958977
4356,0.01020517386496067
4357,0.013109258376061916
4358,0.019443005323410034
4359,0.009163924492895603
4360,0.007833429612219334
4361,0.011921721510589123
4362,0.021964576095342636
4363,0.010341666638851166
4364,0.018428687006235123
4365,0.020291931927204132
4366,0.009974190965294838
4367,0.027253851294517517
4368,0.02043856307864189
4369,0.022399630397558212
4370,0.010615013539791107
4371,0.015776468440890312
4372,0.008092612028121948
4373,0.03290320932865143
4374,0.01128092035651207
4375,0.017533209174871445
4376,0.017154715955257416
4377,0.012153079733252525
4378,0.006562202237546444
4379,0.01055045798420906
4380,0.024921175092458725
4381,0.03015349805355072
4382,0.0222679004073143
4383,0.01828886568546295
4384,0.014521226286888123
4385,0.009618612937629223
4386,0.006296507082879543
4387,0.016396403312683105
4388,0.011153152212500572
4389,0.014738520607352257
4390,0.0253489650785923
4391,0.007464505732059479
4392,0.015826236456632614
4393,0.017616858705878258
4394,0.0072846245020627975
4395,0.007816909812390804
4396,0.021349361166357994
4397,0.01887250691652298
4398,0.049737270921468735
4399,0.02007780596613884
4400,0.010770365595817566
4401,0.012402954511344433
4402,0.011389307677745819
4403,0.008127763867378235
4404,0.012163115665316582
4405,0.022529765963554382
4406,0.01568789593875408
4407,0.011730308644473553
4408,0.015261748805642128
4409,0.013700335286557674
4410,0.010707095265388489
4411,0.01429096981883049
4412,0.018663816154003143
4413,0.00828746147453785
4414,0.006719830445945263
4415,0.006398425903171301
4416,0.009896492585539818
4417,0.01142524927854538
4418,0.010665543377399445
4419,0.010825254023075104
4420,0.014506921172142029
4421,0.014664065092802048
4422,0.018852952867746353
4423,0.015161922201514244
4424,0.014343533664941788
4425,0.03210102766752243
4426,0.012561200186610222
4427,0.007160985376685858
4428,0.00730549544095993
4429,0.027852540835738182
4430,0.020356688648462296
4431,0.01573880761861801
4432,0.02072923630475998
4433,0.00830511562526226
4434,0.026157168671488762
4435,0.022385267540812492
4436,0.018530450761318207
4437,0.006597002502530813
4438,0.019924363121390343
4439,0.005428388714790344
4440,0.011501869186758995
4441,0.018380867317318916
4442,0.016732746735215187
4443,0.03268986567854881
4444,0.004691859241575003
4445,0.03458508849143982
4446,0.015898440033197403
4447,0.027975846081972122
4448,0.012173065915703773
4449,0.009285027161240578
4450,0.01563550904393196
4451,0.016218163073062897
4452,0.009267216548323631
4453,0.007556728087365627
4454,0.02507392130792141
4455,0.017956990748643875
4456,0.008345488458871841
4457,0.020327409729361534
4458,0.008530911058187485
4459,0.008384530432522297
4460,0.012448284775018692
4461,0.022737381979823112
4462,0.04320047050714493
4463,0.007974586449563503
4464,0.021398654207587242
4465,0.014330444857478142
4466,0.02173059806227684
4467,0.013722880743443966
4468,0.011413946747779846
4469,0.01667701080441475
4470,0.009895345196127892
4471,0.01528695784509182
4472,0.04507848620414734
4473,0.007032494526356459
4474,0.028452906757593155
4475,0.013409278355538845
4476,0.00859363004565239
4477,0.020913198590278625
4478,0.013176935724914074
4479,0.01063614897429943
4480,0.006445687264204025
4481,0.01898028701543808
4482,0.008618341758847237
4483,0.010378026403486729
4484,0.01741504669189453
4485,0.00784822553396225
4486,0.006607578601688147
4487,0.015234684571623802
4488,0.014704808592796326
4489,0.014819763600826263
4490,0.011459160596132278
4491,0.00912571232765913
4492,0.005304447375237942
4493,0.02157774195075035
4494,0.03709249943494797
4495,0.02917408011853695
4496,0.02285756729543209
4497,0.009570102207362652
4498,0.013887329027056694
4499,0.011126047931611538
4500,0.00549919530749321
4501,0.022623777389526367
4502,0.005624136887490749
4503,0.015949437394738197
4504,0.007901079952716827
4505,0.01585761271417141
4506,0.01585371419787407
4507,0.009737864136695862
4508,0.008940091356635094
4509,0.034308336675167084
4510,0.013759156689047813
4511,0.017231371253728867
4512,0.00744914636015892
4513,0.01587749272584915
4514,0.010189871303737164
4515,0.020149391144514084
4516,0.018868330866098404
4517,0.010708740912377834
4518,0.0351330041885376
4519,0.005602742545306683
4520,0.0253776665776968
4521,0.017874067649245262
4522,0.010632473044097424
4523,0.016481829807162285
4524,0.00768730603158474
4525,0.011608432978391647
4526,0.030327264219522476
4527,0.020358746871352196
4528,0.019505970180034637
4529,0.015028516761958599
4530,0.027556290850043297
4531,0.02516932412981987
4532,0.016484184190630913
4533,0.009055416099727154
4534,0.015391706489026546
4535,0.013800224289298058
4536,0.010875272564589977
4537,0.015132041648030281
4538,0.022541243582963943
4539,0.019573204219341278
4540,0.009942257776856422
4541,0.027746275067329407
4542,0.026075977832078934
4543,0.01269419863820076
4544,0.011322489939630032
4545,0.012485533021390438
4546,0.018922992050647736
4547,0.005782382097095251
4548,0.020483870059251785
4549,0.015135209076106548
4550,0.015958763659000397
4551,0.010260196402668953
4552,0.006796268280595541
4553,0.01877049170434475
4554,0.03717171400785446
4555,0.012054240331053734
4556,0.015111327171325684
4557,0.00828723143786192
4558,0.014308812096714973
4559,0.007819770835340023
4560,0.014981670305132866
4561,0.004355840850621462
4562,0.004575570113956928
4563,0.009949922561645508
4564,0.026314910501241684
4565,0.011006830260157585
4566,0.026004761457443237
4567,0.0141960633918643
4568,0.010858027264475822
4569,0.014044299721717834
4570,0.009305372834205627
4571,0.02352161705493927
4572,0.009034580551087856
4573,0.01178694050759077
4574,0.009130967780947685
4575,0.022096237167716026
4576,0.023517727851867676
4577,0.011851891875267029
4578,0.021904703229665756
4579,0.013612869195640087
4580,0.006886046379804611
4581,0.013622867874801159
4582,0.010049821808934212
4583,0.014490924775600433
4584,0.016242429614067078
4585,0.026972372084856033
4586,0.011646109633147717
4587,0.01909000426530838
4588,0.016532208770513535
4589,0.01853090152144432
4590,0.006190554704517126
4591,0.006359865423291922
4592,0.01867595687508583
4593,0.03242042660713196
4594,0.024671759456396103
4595,0.024118300527334213
4596,0.010394526645541191
4597,0.012779638171195984
4598,0.008428778499364853
4599,0.01071765273809433
4600,0.012283951044082642
4601,0.03728348761796951
4602,0.017891312018036842
4603,0.00857407134026289
4604,0.029349401593208313
4605,0.03333659470081329
4606,0.005733753554522991
4607,0.006191940512508154
4608,0.00516038853675127
4609,0.0461064837872982
4610,0.004708160646259785
4611,0.029802218079566956
4612,0.0244758278131485
4613,0.008999627083539963
4614,0.014217240735888481
4615,0.00890468992292881
4616,0.023227911442518234
4617,0.017658056691288948
4618,0.010167931206524372
4619,0.012602567672729492
4620,0.007938643917441368
4621,0.0063635013066232204
4622,0.013058200478553772
4623,0.01954670622944832
4624,0.011616244912147522
4625,0.012570405378937721
4626,0.017503466457128525
4627,0.009835714474320412
4628,0.008929586037993431
4629,0.02798645757138729
4630,0.032660700380802155
4631,0.013664736412465572
4632,0.01794208213686943
4633,0.008619437925517559
4634,0.021424010396003723
4635,0.008131423965096474
4636,0.013876747339963913
4637,0.023901863023638725
4638,0.01644686609506607
4639,0.004644174128770828
4640,0.021664394065737724
4641,0.018631890416145325
4642,0.017947250977158546
4643,0.008245120756328106
4644,0.0223134346306324
4645,0.01754169911146164
4646,0.012439864687621593
4647,0.02885204553604126
4648,0.008567319251596928
4649,0.007785533554852009
4650,0.014208212494850159
4651,0.021576082333922386
4652,0.01361243799328804
4653,0.011768225580453873
4654,0.05059347674250603
4655,0.012103075161576271
4656,0.0030199415050446987
4657,0.009295865893363953
4658,0.014983553439378738
4659,0.01679699681699276
4660,0.008642757311463356
4661,0.023220887407660484
4662,0.03167443722486496
4663,0.013259077444672585
4664,0.006027135066688061
4665,0.022365204989910126
4666,0.021275801584124565
4667,0.02218572422862053
4668,0.016224771738052368
4669,0.017566611990332603
4670,0.027079567313194275
4671,0.012026341632008553
4672,0.02883157692849636
4673,0.015041325241327286
4674,0.006870333105325699
4675,0.011157967150211334
4676,0.013072606176137924
4677,0.007464609108865261
4678,0.045709215104579926
4679,0.014505788683891296
4680,0.014480105601251125
4681,0.008587779477238655
4682,0.010415448807179928
4683,0.017387114465236664
4684,0.053483229130506516
4685,0.014014055952429771
4686,0.017785293981432915
4687,0.03873012214899063
4688,0.012908672913908958
4689,0.009966019541025162
4690,0.02981901913881302
4691,0.012487981468439102
4692,0.014335595071315765
4693,0.0072942813858389854
4694,0.007810334675014019
4695,0.012605773285031319
4696,0.02480323612689972
4697,0.009806497022509575
4698,0.013862736523151398
4699,0.02995087020099163
4700,0.012513227760791779
4701,0.009048178791999817
4702,0.027592286467552185
4703,0.009161284193396568
4704,0.017246080562472343
4705,0.011304333806037903
4706,0.01491275243461132
4707,0.02907724492251873
4708,0.008283482864499092
4709,0.02619081363081932
4710,0.033514343202114105
4711,0.012177316471934319
4712,0.01159299910068512
4713,0.015498485416173935
4714,0.012487008236348629
4715,0.00504545820876956
4716,0.028180215507745743
4717,0.015934837982058525
4718,0.021433677524328232
4719,0.0065816654823720455
4720,0.014123725704848766
4721,0.021513422951102257
4722,0.015013451687991619
4723,0.023335427045822144
4724,0.01498988177627325
4725,0.01214725710451603
4726,0.017959237098693848
4727,0.013276609592139721
4728,0.013208495453000069
4729,0.01719994843006134
4730,0.012450125068426132
4731,0.008216258138418198
4732,0.020768923684954643
4733,0.0049400352872908115
4734,0.018909819424152374
4735,0.006814911030232906
4736,0.031094586476683617
4737,0.007458421867340803
4738,0.010065661743283272
4739,0.007906678132712841
4740,0.027303634211421013
4741,0.013382025063037872
4742,0.010154664516448975
4743,0.0064246766269207
4744,0.01970546878874302
4745,0.012111898511648178
4746,0.016245810315012932
4747,0.025235697627067566
4748,0.02377310022711754
4749,0.006818593479692936
4750,0.009140312671661377
4751,0.018369341269135475
4752,0.02199983224272728
4753,0.015728821977972984
4754,0.011628016829490662
4755,0.013473532162606716
4756,0.017829040065407753
4757,0.00922373216599226
4758,0.010289786383509636
4759,0.012861333787441254
4760,0.022448619827628136
4761,0.01009457092732191
4762,0.009995698928833008
4763,0.03226036578416824
4764,0.011558368802070618
4765,0.01750420220196247
4766,0.010954026132822037
4767,0.007192694582045078
4768,0.047758858650922775
4769,0.01542646810412407
4770,0.00787246972322464
4771,0.01355643942952156
4772,0.02763032540678978
4773,0.007565973326563835
4774,0.010981704108417034
4775,0.021539298817515373
4776,0.009443252347409725
4777,0.011464177630841732
4778,0.027193693444132805
4779,0.014719804748892784
4780,0.03488067537546158
4781,0.021108996123075485
4782,0.01386142335832119
4783,0.03838399797677994
4784,0.018952790647745132
4785,0.019386013969779015
4786,0.008599250577390194
4787,0.016942664980888367
4788,0.015257976949214935
4789,0.017539888620376587
4790,0.007879048585891724
4791,0.02070392295718193
4792,0.009138701483607292
4793,0.025614097714424133
4794,0.007556418888270855
4795,0.015145881101489067
4796,0.010009804740548134
4797,0.007487894967198372
4798,0.0189763642847538
4799,0.018725980073213577
4800,0.040223944932222366
4801,0.02310311794281006
4802,0.004138217307627201
4803,0.02263779751956463
4804,0.009036654606461525
4805,0.020136790350079536
4806,0.022357841953635216
4807,0.03730355203151703
4808,0.017787601798772812
4809,0.013076390139758587
4810,0.033117517828941345
4811,0.01162695325911045
4812,0.049448948353528976
4813,0.021947577595710754
4814,0.024809470400214195
4815,0.01602633111178875
4816,0.017247451469302177
4817,0.01697603240609169
4818,0.010177858173847198
4819,0.009543843567371368
4820,0.014337833039462566
4821,0.01780041866004467
4822,0.012083565816283226
4823,0.010144513100385666
4824,0.014018110930919647
4825,0.014250638894736767
4826,0.007832822389900684
4827,0.0030544984620064497
4828,0.019956165924668312
4829,0.023891901597380638
4830,0.004736009985208511
4831,0.012027507647871971
4832,0.006638754159212112
4833,0.020779378712177277
4834,0.006856666877865791
4835,0.011667408049106598
4836,0.024196501821279526
4837,0.0160518828779459
4838,0.020647911354899406
4839,0.023291897028684616
4840,0.01707085222005844
4841,0.01876651868224144
4842,0.006947658024728298
4843,0.015780096873641014
4844,0.011627922765910625
4845,0.007344282232224941
4846,0.006319986656308174
4847,0.009130576625466347
4848,0.01589839905500412
4849,0.013320138677954674
4850,0.017810432240366936
4851,0.010030358098447323
4852,0.01819789782166481
4853,0.011149242520332336
4854,0.012127770110964775
4855,0.01680596172809601
4856,0.0077759581618011
4857,0.011120135895907879
4858,0.024102289229631424
4859,0.03579648956656456
4860,0.007665905635803938
4861,0.024395879358053207
4862,0.014370533637702465
4863,0.038763999938964844
4864,0.020643001422286034
4865,0.005677327048033476
4866,0.024130593985319138
4867,0.03171520307660103
4868,0.010557016357779503
4869,0.008307384327054024
4870,0.037861667573451996
4871,0.02136780135333538
4872,0.029936186969280243
4873,0.007868856191635132
4874,0.00909827183932066
4875,0.011657608672976494
4876,0.03162761777639389
4877,0.023589208722114563
4878,0.00957447662949562
4879,0.016060233116149902
4880,0.013547896407544613
4881,0.02281367778778076
4882,0.00907586794346571
4883,0.0057565621100366116
4884,0.00543565209954977
4885,0.012020712718367577
4886,0.034589577466249466
4887,0.02123602293431759
4888,0.018509726971387863
4889,0.007800314109772444
4890,0.0314304493367672
4891,0.012744600884616375
4892,0.020116981118917465
4893,0.023646658286452293
4894,0.011877196840941906
4895,0.036336854100227356
4896,0.0191324595361948
4897,0.011727174744009972
4898,0.0123909255489707
4899,0.01556473784148693
4900,0.013659853488206863
4901,0.008031748235225677
4902,0.05382296442985535
4903,0.025038588792085648
4904,0.005548743065446615
4905,0.008965807966887951
4906,0.023589711636304855
4907,0.02022174932062626
4908,0.015388630330562592
4909,0.015160156413912773
4910,0.02492174319922924
4911,0.011631464585661888
4912,0.015843220055103302
4913,0.005807412322610617
4914,0.03912278637290001
4915,0.013813863508403301
4916,0.012137058191001415
4917,0.013818989507853985
4918,0.02092670649290085
4919,0.019797712564468384
4920,0.014437868259847164
4921,0.013048569671809673
4922,0.013110553845763206
4923,0.02249014936387539
4924,0.00848216749727726
4925,0.01541547104716301
4926,0.01593901216983795
4927,0.016305426135659218
4928,0.012362075969576836
4929,0.017255961894989014
4930,0.012670676223933697
4931,0.01705590821802616
4932,0.022740714251995087
4933,0.03230937942862511
4934,0.015889493748545647
4935,0.02712942287325859
4936,0.008834178559482098
4937,0.012994466349482536
4938,0.01789471134543419
4939,0.017454104498028755
4940,0.010611942037940025
4941,0.00787945557385683
4942,0.008798258379101753
4943,0.01691000908613205
4944,0.022758230566978455
4945,0.029434777796268463
4946,0.03376486152410507
4947,0.009152209386229515
4948,0.021502122282981873
4949,0.014347541145980358
4950,0.012376687489449978
4951,0.010979913175106049
4952,0.016127005219459534
4953,0.009912621229887009
4954,0.02086062729358673
4955,0.012740401551127434
4956,0.010142236948013306
4957,0.022216273471713066
4958,0.03791870176792145
4959,0.02103893831372261
4960,0.01012234203517437
4961,0.01904027909040451
4962,0.024519070982933044
4963,0.009538508951663971
4964,0.013011692091822624
4965,0.009737404063344002
4966,0.026903610676527023
4967,0.00846107304096222
4968,0.013698657974600792
4969,0.012918919324874878
4970,0.0056275371462106705
4971,0.009748648852109909
4972,0.013676776550710201
4973,0.015781259164214134
4974,0.02910679578781128
4975,0.019206542521715164
4976,0.04071572422981262
4977,0.021477963775396347
4978,0.0389101579785347
4979,0.012598424218595028
4980,0.005047834478318691
4981,0.01350681483745575
4982,0.012730325572192669
4983,0.018887590616941452
4984,0.019965754821896553
4985,0.012509142979979515
4986,0.009780964814126492
4987,0.06577709317207336
4988,0.009808416478335857
4989,0.005964335985481739
4990,0.020735105499625206
4991,0.03439560532569885
4992,0.015335803851485252
4993,0.005039392039179802
4994,0.014211002737283707
4995,0.019649028778076172
4996,0.008717953227460384
4997,0.011927789077162743
4998,0.011444306001067162
4999,0.016313757747411728
5000,0.026325978338718414
5001,0.018247056752443314
5002,0.013039296492934227
5003,0.00903240218758583
5004,0.022448187693953514
5005,0.010584707371890545
5006,0.014828920364379883
5007,0.01531473733484745
5008,0.024258455261588097
5009,0.017056617885828018
5010,0.022017862647771835
5011,0.01833197847008705
5012,0.008541579358279705
5013,0.012077732011675835
5014,0.017084229737520218
5015,0.02183440886437893
5016,0.026526611298322678
5017,0.00960378535091877
5018,0.009530819021165371
5019,0.012263345532119274
5020,0.014552935026586056
5021,0.008087905123829842
5022,0.021846488118171692
5023,0.009316311217844486
5024,0.027010207995772362
5025,0.01802873983979225
5026,0.008692142553627491
5027,0.024975832551717758
5028,0.01734207198023796
5029,0.014973102137446404
5030,0.02496320568025112
5031,0.03270112723112106
5032,0.024728715419769287
5033,0.011277271434664726
5034,0.021841108798980713
5035,0.024695176631212234
5036,0.011921118944883347
5037,0.009525766596198082
5038,0.012759750708937645
5039,0.019982999190688133
5040,0.006441648583859205
5041,0.00870437454432249
5042,0.008746800944209099
5043,0.013130943290889263
5044,0.006760531570762396
5045,0.04677088186144829
5046,0.013038938865065575
5047,0.006542759016156197
5048,0.014127366244792938
5049,0.020577121526002884
5050,0.009998491033911705
5051,0.013884089887142181
5052,0.014312544837594032
5053,0.03156290203332901
5054,0.013776885345578194
5055,0.015670308843255043
5056,0.006288101430982351
5057,0.01386280357837677
5058,0.005734235979616642
5059,0.04397355765104294
5060,0.00950184091925621
5061,0.01268797181546688
5062,0.01736488565802574
5063,0.009245548397302628
5064,0.01068492978811264
5065,0.010408744215965271
5066,0.011577935889363289
5067,0.03546735271811485
5068,0.013913262635469437
5069,0.016088582575321198
5070,0.023910503834486008
5071,0.02380230277776718
5072,0.021735813468694687
5073,0.0060990964993834496
5074,0.00444439984858036
5075,0.015766488388180733
5076,0.008337865583598614
5077,0.011728795245289803
5078,0.011490079574286938
5079,0.017252957448363304
5080,0.03525909036397934
5081,0.007897740229964256
5082,0.02292679250240326
5083,0.005802137311547995
5084,0.019295480102300644
5085,0.004166632890701294
5086,0.014248913154006004
5087,0.009624036028981209
5088,0.0073451148346066475
5089,0.028886308893561363
5090,0.0050134058110415936
5091,0.016292156651616096
5092,0.013205019757151604
5093,0.016424480825662613
5094,0.02306409180164337
5095,0.009339007548987865
5096,0.009172249585390091
5097,0.00934920646250248
5098,0.014644620940089226
5099,0.014168893918395042
5100,0.007088682614266872
5101,0.019468223676085472
5102,0.015110092237591743
5103,0.01402638852596283
5104,0.017044369131326675
5105,0.01824325881898403
5106,0.007787004113197327
5107,0.012799369171261787
5108,0.025378411635756493
5109,0.023937849327921867
5110,0.014841847121715546
5111,0.013711720705032349
5112,0.012075506150722504
5113,0.009887924417853355
5114,0.01948651298880577
5115,0.02320024184882641
5116,0.021350614726543427
5117,0.010948017239570618
5118,0.014702124521136284
5119,0.004285143222659826
5120,0.036160439252853394
5121,0.010860666632652283
5122,0.02753414213657379
5123,0.012517858296632767
5124,0.007765073329210281
5125,0.006557503715157509
5126,0.012590944766998291
5127,0.016102343797683716
5128,0.014880816452205181
5129,0.012674035504460335
5130,0.011711019091308117
5131,0.015614189207553864
5132,0.01744222454726696
5133,0.019627554342150688
5134,0.013902547769248486
5135,0.011283520609140396
5136,0.0085619380697608
5137,0.010860614478588104
5138,0.023995906114578247
5139,0.015561278909444809
5140,0.021373331546783447
5141,0.018370240926742554
5142,0.02937140315771103
5143,0.010551872663199902
5144,0.030459318310022354
5145,0.017823295667767525
5146,0.013783331029117107
5147,0.015688501298427582
5148,0.014284685254096985
5149,0.018978510051965714
5150,0.012480209581553936
5151,0.00793567206710577
5152,0.02056717872619629
5153,0.005375513341277838
5154,0.03564668446779251
5155,0.011066141538321972
5156,0.00810895673930645
5157,0.03702685236930847
5158,0.037668924778699875
5159,0.02205715700984001
5160,0.022851569578051567
5161,0.014341948553919792
5162,0.025999367237091064
5163,0.011135414242744446
5164,0.021710854023694992
5165,0.008248361758887768
5166,0.008473082445561886
5167,0.01047580223530531
5168,0.010501708835363388
5169,0.005724909715354443
5170,0.01331469975411892
5171,0.016491718590259552
5172,0.007437465712428093
5173,0.013036157004535198
5174,0.010955926030874252
5175,0.011220100335776806
5176,0.004995584487915039
5177,0.009990295395255089
5178,0.012757673859596252
5179,0.02758045867085457
5180,0.015117047354578972
5181,0.02718917652964592
5182,0.019127417355775833
5183,0.022138243541121483
5184,0.01086169108748436
5185,0.01870843954384327
5186,0.008661306463181973
5187,0.023258086293935776
5188,0.021421227604150772
5189,0.019801363348960876
5190,0.003670252626761794
5191,0.005166357383131981
5192,0.014453965239226818
5193,0.007466222159564495
5194,0.048967666923999786
5195,0.012682035565376282
5196,0.013840712606906891
5197,0.012691311538219452
5198,0.007889440283179283
5199,0.029840027913451195
5200,0.016324583441019058
5201,0.04033001884818077
5202,0.010388940572738647
5203,0.021545659750699997
5204,0.009436113759875298
5205,0.02115168794989586
5206,0.01320698857307434
5207,0.011296896263957024
5208,0.021743550896644592
5209,0.003951194696128368
5210,0.010302654467523098
5211,0.031528446823358536
5212,0.010439733043313026
5213,0.01916653662919998
5214,0.016011759638786316
5215,0.04096579551696777
5216,0.02135333977639675
5217,0.02034600079059601
5218,0.01242345105856657
5219,0.011431863531470299
5220,0.020882390439510345
5221,0.013044994324445724
5222,0.016224995255470276
5223,0.024680159986019135
5224,0.010828180238604546
5225,0.010166365653276443
5226,0.01972716674208641
5227,0.009824752807617188
5228,0.014909842982888222
5229,0.010582558810710907
5230,0.010565506294369698
5231,0.02847250923514366
5232,0.01207185722887516
5233,0.03643237054347992
5234,0.01491444744169712
5235,0.018539808690547943
5236,0.01813642494380474
5237,0.016869395971298218
5238,0.012994244694709778
5239,0.013496573083102703
5240,0.012624695897102356
5241,0.015121115371584892
5242,0.015908271074295044
5243,0.010721346363425255
5244,0.02425149641931057
5245,0.013187620788812637
5246,0.013082055374979973
5247,0.008633248507976532
5248,0.009973153471946716
5249,0.015811828896403313
5250,0.026957891881465912
5251,0.025622960180044174
5252,0.03374920412898064
5253,0.005664427764713764
5254,0.012584956362843513
5255,0.014432101510465145
5256,0.012917331419885159
5257,0.005451274570077658
5258,0.006016600411385298
5259,0.027580365538597107
5260,0.0193229541182518
5261,0.020550651475787163
5262,0.012124558910727501
5263,0.021241847425699234
5264,0.006512701511383057
5265,0.020629826933145523
5266,0.015003278851509094
5267,0.016482260078191757
5268,0.010166548192501068
5269,0.011001594364643097
5270,0.010701294057071209
5271,0.008327011950314045
5272,0.02822631224989891
5273,0.013033004477620125
5274,0.006960590835660696
5275,0.008559475652873516
5276,0.01536828838288784
5277,0.01571197248995304
5278,0.01861528679728508
5279,0.03315230458974838
5280,0.022400036454200745
5281,0.01697455905377865
5282,0.00516834482550621
5283,0.019310634583234787
5284,0.017896538600325584
5285,0.03873378038406372
5286,0.013466993346810341
5287,0.01697802171111107
5288,0.0068967146798968315
5289,0.010564780794084072
5290,0.04179921746253967
5291,0.007759756408631802
5292,0.005089182406663895
5293,0.004929722752422094
5294,0.00854879803955555
5295,0.02571367472410202
5296,0.010624399408698082
5297,0.020186588168144226
5298,0.01966216415166855
5299,0.03867147117853165
5300,0.012757684104144573
5301,0.008740643970668316
5302,0.008357925340533257
5303,0.055302396416664124
5304,0.020773280411958694
5305,0.012415023520588875
5306,0.017972029745578766
5307,0.04068627953529358
5308,0.022394083440303802
5309,0.022030144929885864
5310,0.014044191688299179
5311,0.007260817103087902
5312,0.008315593004226685
5313,0.023951243609189987
5314,0.013064119033515453
5315,0.010400757193565369
5316,0.007685164920985699
5317,0.02713455818593502
5318,0.023693008348345757
5319,0.01225801557302475
5320,0.01055886223912239
5321,0.008716119453310966
5322,0.01130400225520134
5323,0.021006900817155838
5324,0.009673411026597023
5325,0.0057923998683691025
5326,0.011833854019641876
5327,0.015755876898765564
5328,0.018005719408392906
5329,0.012646585702896118
5330,0.009217493236064911
5331,0.00460367975756526
5332,0.03267703950405121
5333,0.0057349237613379955
5334,0.006911107804626226
5335,0.003624857170507312
5336,0.00996692106127739
5337,0.019267123192548752
5338,0.01579979807138443
5339,0.0034044678322970867
5340,0.013968823477625847
5341,0.015996789559721947
5342,0.005833237897604704
5343,0.018074586987495422
5344,0.021887019276618958
5345,0.020406624302268028
5346,0.039863236248493195
5347,0.011707209050655365
5348,0.027169950306415558
5349,0.0115700364112854
5350,0.01265367679297924
5351,0.0424463227391243
5352,0.007644628174602985
5353,0.019469426944851875
5354,0.009376361966133118
5355,0.06138734519481659
5356,0.011968567967414856
5357,0.01497128140181303
5358,0.012823689728975296
5359,0.010447866283357143
5360,0.0034926149528473616
5361,0.014099272899329662
5362,0.04097679257392883
5363,0.010858653113245964
5364,0.01135571114718914
5365,0.02396267279982567
5366,0.025929054245352745
5367,0.03539195656776428
5368,0.00525527773424983
5369,0.02246141992509365
5370,0.008965135551989079
5371,0.009010585024952888
5372,0.011645913124084473
5373,0.013085792772471905
5374,0.027217168360948563
5375,0.009792184457182884
5376,0.029285801574587822
5377,0.01844245195388794
5378,0.023580288514494896
5379,0.009196233004331589
5380,0.019972069188952446
5381,0.024607479572296143
5382,0.013959112577140331
5383,0.021257072687149048
5384,0.013927917927503586
5385,0.017460685223340988
5386,0.01599271222949028
5387,0.013576362282037735
5388,0.009998868219554424
5389,0.02638119086623192
5390,0.01942216232419014
5391,0.017728842794895172
5392,0.030026506632566452
5393,0.014409209601581097
5394,0.007616247981786728
5395,0.01871977373957634
5396,0.02308104746043682
5397,0.008421236649155617
5398,0.009035730734467506
5399,0.018225695937871933
5400,0.02627841755747795
5401,0.03537696599960327
5402,0.010258346796035767
5403,0.021928559988737106
5404,0.008918209932744503
5405,0.05491402745246887
5406,0.0144479526206851
5407,0.01822960190474987
5408,0.014124125242233276
5409,0.01192367635667324
5410,0.004390089772641659
5411,0.03468451648950577
5412,0.007553183939307928
5413,0.009236544370651245
5414,0.008673506788909435
5415,0.011294098570942879
5416,0.024239283055067062
5417,0.011028851382434368
5418,0.005673536099493504
5419,0.02467179112136364
5420,0.01605609431862831
5421,0.020322145894169807
5422,0.02674505114555359
5423,0.008183281868696213
5424,0.018855614587664604
5425,0.014471076428890228
5426,0.00822020135819912
5427,0.0201149620115757
5428,0.02213546633720398
5429,0.01858626864850521
5430,0.027901872992515564
5431,0.01522020809352398
5432,0.01746710017323494
5433,0.01862441375851631
5434,0.08134079724550247
5435,0.013527187518775463
5436,0.01302869152277708
5437,0.021373502910137177
5438,0.007033421657979488
5439,0.010673309676349163
5440,0.024126386269927025
5441,0.01065824180841446
5442,0.01569635607302189
5443,0.016442690044641495
5444,0.013284699991345406
5445,0.009037403389811516
5446,0.00609148945659399
5447,0.017019791528582573
5448,0.009134153835475445
5449,0.014654887840151787
5450,0.012267962098121643
5451,0.03200380131602287
5452,0.012670456431806087
5453,0.015626631677150726
5454,0.02123701199889183
5455,0.014543294906616211
5456,0.02780134044587612
5457,0.012117399834096432
5458,0.013753584586083889
5459,0.009953802451491356
5460,0.013091008178889751
5461,0.008453289978206158
5462,0.020166859030723572
5463,0.006872965954244137
5464,0.017350133508443832
5465,0.008619098924100399
5466,0.03751638904213905
5467,0.009370501153171062
5468,0.029944082722067833
5469,0.01621738076210022
5470,0.009304246865212917
5471,0.03348087891936302
5472,0.014394606463611126
5473,0.032527290284633636
5474,0.005886172875761986
5475,0.022481650114059448
5476,0.03220479190349579
5477,0.02014073356986046
5478,0.01220160536468029
5479,0.01302536390721798
5480,0.01884692907333374
5481,0.018399832770228386
5482,0.019317472353577614
5483,0.02299564704298973
5484,0.008489366620779037
5485,0.0314277820289135
5486,0.011878067627549171
5487,0.014569640159606934
5488,0.023005198687314987
5489,0.007511481177061796
5490,0.01777484081685543
5491,0.017408469691872597
5492,0.012016615830361843
5493,0.019551724195480347
5494,0.022694354876875877
5495,0.010238932445645332
5496,0.035205043852329254
5497,0.013002781197428703
5498,0.013704485259950161
5499,0.027503959834575653
5500,0.008098005317151546
5501,0.018600836396217346
5502,0.016869179904460907
5503,0.01803768239915371
5504,0.007818784564733505
5505,0.019596515223383904
5506,0.0221971794962883
5507,0.020316891372203827
5508,0.0374889075756073
5509,0.021647050976753235
5510,0.011147229000926018
5511,0.0216128658503294
5512,0.01116614043712616
5513,0.03502289205789566
5514,0.014194629155099392
5515,0.029523415490984917
5516,0.01718013547360897
5517,0.01773221418261528
5518,0.017023906111717224
5519,0.007952922023832798
5520,0.01403225027024746
5521,0.011254450306296349
5522,0.01951412297785282
5523,0.010082002729177475
5524,0.03509579598903656
5525,0.01414547860622406
5526,0.006529688369482756
5527,0.004350306466221809
5528,0.020001184195280075
5529,0.027431581169366837
5530,0.033312711864709854
5531,0.010017596185207367
5532,0.01147428434342146
5533,0.018484391272068024
5534,0.023322835564613342
5535,0.023092787712812424
5536,0.014424691908061504
5537,0.003026337129995227
5538,0.022525444626808167
5539,0.013682253658771515
5540,0.02052314765751362
5541,0.007986840792000294
5542,0.012240773066878319
5543,0.023141998797655106
5544,0.03547189012169838
5545,0.01614462025463581
5546,0.0228077732026577
5547,0.012740686535835266
5548,0.018331211060285568
5549,0.014202103018760681
5550,0.013311736285686493
5551,0.014524983242154121
5552,0.007591919507831335
5553,0.01479297410696745
5554,0.03624190390110016
5555,0.016697896644473076
5556,0.023161910474300385
5557,0.014651081524789333
5558,0.00823778286576271
5559,0.01488890778273344
5560,0.010365139693021774
5561,0.021267790347337723
5562,0.012768995016813278
5563,0.008655483834445477
5564,0.01108026783913374
5565,0.010524017736315727
5566,0.004338287748396397
5567,0.017721017822623253
5568,0.020296849310398102
5569,0.012801176868379116
5570,0.019456883892416954
5571,0.005987495183944702
5572,0.009630560874938965
5573,0.017064319923520088
5574,0.01189841516315937
5575,0.01131411176174879
5576,0.01256328821182251
5577,0.019558308646082878
5578,0.010431766510009766
5579,0.03627389669418335
5580,0.018777480348944664
5581,0.0075732991099357605
5582,0.034443870186805725
5583,0.015429649502038956
5584,0.015143422409892082
5585,0.019777793437242508
5586,0.023884832859039307
5587,0.024718433618545532
5588,0.025970350950956345
5589,0.013473860919475555
5590,0.00754174729809165
5591,0.009320969693362713
5592,0.012156039476394653
5593,0.008288344368338585
5594,0.01843694970011711
5595,0.015440411865711212
5596,0.014340505003929138
5597,0.026651505380868912
5598,0.021468326449394226
5599,0.017846152186393738
5600,0.006053173448890448
5601,0.024504369124770164
5602,0.025761311873793602
5603,0.011194008402526379
5604,0.00843966007232666
5605,0.02027926966547966
5606,0.021230285987257957
5607,0.013092035427689552
5608,0.030765976756811142
5609,0.02239384315907955
5610,0.025668656453490257
5611,0.024887394160032272
5612,0.02006813883781433
5613,0.02018113061785698
5614,0.01082044281065464
5615,0.019892651587724686
5616,0.019717521965503693
5617,0.013000808656215668
5618,0.006623416673392057
5619,0.010975072160363197
5620,0.00962404441088438
5621,0.009438595734536648
5622,0.01807730458676815
5623,0.0203785989433527
5624,0.018076900392770767
5625,0.005630046129226685
5626,0.015849236398935318
5627,0.015177622437477112
5628,0.011506791226565838
5629,0.020271068438887596
5630,0.013321924023330212
5631,0.020501278340816498
5632,0.00932217761874199
5633,0.023922784253954887
5634,0.02615869604051113
5635,0.008717011660337448
5636,0.021938560530543327
5637,0.00912479031831026
5638,0.02251245640218258
5639,0.025969255715608597
5640,0.009830803610384464
5641,0.0045420099049806595
5642,0.029447238892316818
5643,0.008361676707863808
5644,0.010420712642371655
5645,0.01766885630786419
5646,0.0036963883321732283
5647,0.019260577857494354
5648,0.004827221855521202
5649,0.013983259908854961
5650,0.013956859707832336
5651,0.021631687879562378
5652,0.01890147477388382
5653,0.010397360660135746
5654,0.02241898700594902
5655,0.006464614998549223
5656,0.015658564865589142
5657,0.03579509258270264
5658,0.017450880259275436
5659,0.012095367535948753
5660,0.013674452900886536
5661,0.00884220376610756
5662,0.017003927379846573
5663,0.0135120814666152
5664,0.010326486080884933
5665,0.012758923694491386
5666,0.014834700152277946
5667,0.03517262637615204
5668,0.026074957102537155
5669,0.01000057440251112
5670,0.012117570266127586
5671,0.015285983681678772
5672,0.01929531618952751
5673,0.018583446741104126
5674,0.008194448426365852
5675,0.007735222578048706
5676,0.02670886367559433
5677,0.011188916862010956
5678,0.018962785601615906
5679,0.02565149962902069
5680,0.021189486607909203
5681,0.009403137490153313
5682,0.011542849242687225
5683,0.04023975878953934
5684,0.017760396003723145
5685,0.014267852529883385
5686,0.017210671678185463
5687,0.015571033582091331
5688,0.036019161343574524
5689,0.021417682990431786
5690,0.00999859906733036
5691,0.012283636257052422
5692,0.01704619824886322
5693,0.06738235056400299
5694,0.015711264684796333
5695,0.008125841617584229
5696,0.0077198585495352745
5697,0.009694866836071014
5698,0.02472967468202114
5699,0.0073593175038695335
5700,0.012893236242234707
5701,0.025568878278136253
5702,0.02975766733288765
5703,0.017049327492713928
5704,0.020327482372522354
5705,0.019885264337062836
5706,0.034693002700805664
5707,0.013497132807970047
5708,0.01750023663043976
5709,0.07749421894550323
5710,0.0210579764097929
5711,0.03056333214044571
5712,0.016199536621570587
5713,0.017292071133852005
5714,0.011738181114196777
5715,0.011775314807891846
5716,0.005074786953628063
5717,0.027040017768740654
5718,0.01162903755903244
5719,0.019843610003590584
5720,0.009839244186878204
5721,0.009432142600417137
5722,0.009323523379862309
5723,0.021278060972690582
5724,0.0077643245458602905
5725,0.013490349054336548
5726,0.006880438886582851
5727,0.009660798124969006
5728,0.011466827243566513
5729,0.014541841112077236
5730,0.022983785718679428
5731,0.015990231186151505
5732,0.006334900390356779
5733,0.02575642615556717
5734,0.022984251379966736
5735,0.02375340461730957
5736,0.02665509656071663
5737,0.006401329766958952
5738,0.013541816733777523
5739,0.02812034636735916
5740,0.022223830223083496
5741,0.003901217831298709
5742,0.03507622331380844
5743,0.009481314569711685
5744,0.017127782106399536
5745,0.016629373654723167
5746,0.021857066079974174
5747,0.02520613744854927
5748,0.0096414964646101
5749,0.010895813815295696
5750,0.019899774342775345
5751,0.01876426860690117
5752,0.014923140406608582
5753,0.008883314207196236
5754,0.01967500150203705
5755,0.014107875525951385
5756,0.0070894453674554825
5757,0.037897989153862
5758,0.018532168120145798
5759,0.01997355930507183
5760,0.01165548712015152
5761,0.016685009002685547
5762,0.013846028596162796
5763,0.017435111105442047
5764,0.017301898449659348
5765,0.007527625188231468
5766,0.03018859587609768
5767,0.01229032687842846
5768,0.02028956264257431
5769,0.005014936905354261
5770,0.02636219561100006
5771,0.01165763195604086
5772,0.008726230822503567
5773,0.016281520947813988
5774,0.007600065320730209
5775,0.03144753724336624
5776,0.02073819749057293
5777,0.01853812485933304
5778,0.008048402145504951
5779,0.02467946708202362
5780,0.010678413324058056
5781,0.0241534523665905
5782,0.009419893845915794
5783,0.02826622687280178
5784,0.015317719429731369
5785,0.026856373995542526
5786,0.025337349623441696
5787,0.009816011413931847
5788,0.009730393067002296
5789,0.01777058094739914
5790,0.02096816524863243
5791,0.012127067893743515
5792,0.007863165810704231
5793,0.009579159319400787
5794,0.010039711371064186
5795,0.013634584844112396
5796,0.018617304041981697
5797,0.014309491030871868
5798,0.01787763647735119
5799,0.010474273934960365
5800,0.011049758642911911
5801,0.016796015202999115
5802,0.02210323140025139
5803,0.005878409370779991
5804,0.01850297674536705
5805,0.010797257535159588
5806,0.025294940918684006
5807,0.01001115795224905
5808,0.005172992590814829
5809,0.028426572680473328
5810,0.0288371779024601
5811,0.022900793701410294
5812,0.01936892233788967
5813,0.009998741559684277
5814,0.026187192648649216
5815,0.012235662899911404
5816,0.02712564542889595
5817,0.02203066274523735
5818,0.01696677692234516
5819,0.014744171872735023
5820,0.01920216903090477
5821,0.025130536407232285
5822,0.0053017898462712765
5823,0.01423342153429985
5824,0.01951032504439354
5825,0.00960675347596407
5826,0.0271125640720129
5827,0.006946421228349209
5828,0.013348747044801712
5829,0.009498229250311852
5830,0.0071752252988517284
5831,0.010316201485693455
5832,0.008428315632045269
5833,0.00795278325676918
5834,0.014506213366985321
5835,0.031105685979127884
5836,0.012947333976626396
5837,0.01761188730597496
5838,0.03533012792468071
5839,0.009112725965678692
5840,0.01851869374513626
5841,0.017622753977775574
5842,0.01028911117464304
5843,0.008610250428318977
5844,0.017343003302812576
5845,0.01272234320640564
5846,0.011576931923627853
5847,0.044635966420173645
5848,0.015648793429136276
5849,0.019454723224043846
5850,0.008411649614572525
5851,0.022095341235399246
5852,0.003907385282218456
5853,0.01614689640700817
5854,0.0067231724970042706
5855,0.016415990889072418
5856,0.005011844448745251
5857,0.005444620735943317
5858,0.007267221808433533
5859,0.008621133863925934
5860,0.011808855459094048
5861,0.01918969675898552
5862,0.012186366133391857
5863,0.02175789885222912
5864,0.0154613321647048
5865,0.0300910584628582
5866,0.01536374818533659
5867,0.013573167845606804
5868,0.006581779569387436
5869,0.026980241760611534
5870,0.01718907617032528
5871,0.015854209661483765
5872,0.005038175731897354
5873,0.01946088671684265
5874,0.012226030230522156
5875,0.008397242054343224
5876,0.010885115712881088
5877,0.01156664453446865
5878,0.007701126392930746
5879,0.01428929716348648
5880,0.007805183529853821
5881,0.017728090286254883
5882,0.009015983901917934
5883,0.005667295306921005
5884,0.015281179919838905
5885,0.016730669885873795
5886,0.02367706410586834
5887,0.01905868574976921
5888,0.010799589566886425
5889,0.013251688331365585
5890,0.008916066028177738
5891,0.054159462451934814
5892,0.02686503157019615
5893,0.01145055703818798
5894,0.01316908374428749
5895,0.016363292932510376
5896,0.011525489389896393
5897,0.02546265348792076
5898,0.01933630369603634
5899,0.01726296916604042
5900,0.010855170898139477
5901,0.00843712780624628
5902,0.009351885877549648
5903,0.014536331407725811
5904,0.011597576551139355
5905,0.013854640536010265
5906,0.01875937543809414
5907,0.017044994980096817
5908,0.007631732150912285
5909,0.02658403292298317
5910,0.025225644931197166
5911,0.03264491260051727
5912,0.023691123351454735
5913,0.006765361875295639
5914,0.010990134440362453
5915,0.011625032871961594
5916,0.013482442125678062
5917,0.01910070888698101
5918,0.017347220331430435
5919,0.027110636234283447
5920,0.021341320127248764
5921,0.017774313688278198
5922,0.019361816346645355
5923,0.013425312004983425
5924,0.009790239855647087
5925,0.010856102220714092
5926,0.007432475686073303
5927,0.02376193180680275
5928,0.006090374197810888
5929,0.011557035148143768
5930,0.02084488235414028
5931,0.013660527765750885
5932,0.018697064369916916
5933,0.007527715526521206
5934,0.017370883375406265
5935,0.047256141901016235
5936,0.018812544643878937
5937,0.005269024055451155
5938,0.02189425751566887
5939,0.021388772875070572
5940,0.006630077958106995
5941,0.010945159010589123
5942,0.017406925559043884
5943,0.006545086391270161
5944,0.030338924378156662
5945,0.006864968221634626
5946,0.004669359885156155
5947,0.011873601004481316
5948,0.006784708239138126
5949,0.004753110930323601
5950,0.0070963576436042786
5951,0.01389994751662016
5952,0.012529298663139343
5953,0.018413200974464417
5954,0.014832488261163235
5955,0.011154983192682266
5956,0.04398762434720993
5957,0.030224010348320007
5958,0.01664992794394493
5959,0.027785833925008774
5960,0.014520719647407532
5961,0.015273727476596832
5962,0.0065773725509643555
5963,0.017273277044296265
5964,0.01392362080514431
5965,0.010290578939020634
5966,0.017414795234799385
5967,0.017414789646863937
5968,0.01257537491619587
5969,0.022141367197036743
5970,0.00997974444180727
5971,0.014047151431441307
5972,0.012563235126435757
5973,0.026380028575658798
5974,0.02093643695116043
5975,0.010880696587264538
5976,0.02291872166097164
5977,0.028767069801688194
5978,0.016652321442961693
5979,0.022600825875997543
5980,0.010865464806556702
5981,0.008009529672563076
5982,0.01440318115055561
5983,0.02107173204421997
5984,0.005438130348920822
5985,0.010931180790066719
5986,0.012048843316733837
5987,0.012032954022288322
5988,0.010587036609649658
5989,0.014118021354079247
5990,0.018214555457234383
5991,0.01817081868648529
5992,0.017054609954357147
5993,0.010189038701355457
5994,0.015003519132733345
5995,0.01642024889588356
5996,0.012209254316985607
5997,0.013793686404824257
5998,0.00801851972937584
5999,0.008148814551532269
6000,0.0233762226998806
6001,0.018966037780046463
6002,0.022180121392011642
6003,0.008437886834144592
6004,0.020238760858774185
6005,0.025851747021079063
6006,0.009625805541872978
6007,0.010807832702994347
6008,0.01132095418870449
6009,0.02310265228152275
6010,0.008943374268710613
6011,0.014935014769434929
6012,0.02220004051923752
6013,0.011648106388747692
6014,0.0810956209897995
6015,0.015259884297847748
6016,0.004313500598073006
6017,0.021880704909563065
6018,0.011984261684119701
6019,0.021969465538859367
6020,0.019657641649246216
6021,0.023005930706858635
6022,0.034111928194761276
6023,0.025609059259295464
6024,0.019402220845222473
6025,0.006431275513023138
6026,0.012342972680926323
6027,0.014123625122010708
6028,0.027906596660614014
6029,0.011892656795680523
6030,0.019749518483877182
6031,0.012351900339126587
6032,0.020280029624700546
6033,0.02690613642334938
6034,0.007711981888860464
6035,0.007679052650928497
6036,0.01597384735941887
6037,0.020897984504699707
6038,0.01612038165330887
6039,0.03454500064253807
6040,0.007039399351924658
6041,0.008145729079842567
6042,0.005411610007286072
6043,0.010152094066143036
6044,0.014931466430425644
6045,0.007609802298247814
6046,0.010886333882808685
6047,0.03741524741053581
6048,0.015378120355308056
6049,0.010535749606788158
6050,0.010607018135488033
6051,0.012045295909047127
6052,0.0069495877251029015
6053,0.018499918282032013
6054,0.03458334133028984
6055,0.018910573795437813
6056,0.018066754564642906
6057,0.019480256363749504
6058,0.009994636289775372
6059,0.009529960341751575
6060,0.00827137939631939
6061,0.0174869354814291
6062,0.008807223290205002
6063,0.009042927995324135
6064,0.021583309397101402
6065,0.01302067469805479
6066,0.008394367061555386
6067,0.019298382103443146
6068,0.007353109307587147
6069,0.010035529732704163
6070,0.009449749253690243
6071,0.020637035369873047
6072,0.01229442935436964
6073,0.01987539976835251
6074,0.029884260147809982
6075,0.011143243871629238
6076,0.017265204340219498
6077,0.02911311388015747
6078,0.008824959397315979
6079,0.017674816772341728
6080,0.04082272946834564
6081,0.010325278155505657
6082,0.00832323171198368
6083,0.019156381487846375
6084,0.005410804413259029
6085,0.015376236289739609
6086,0.005747188813984394
6087,0.005969269201159477
6088,0.015510410070419312
6089,0.008698463439941406
6090,0.006279510445892811
6091,0.018028244376182556
6092,0.014487117528915405
6093,0.02166488766670227
6094,0.01253349706530571
6095,0.008537793532013893
6096,0.008175307884812355
6097,0.02391616627573967
6098,0.008730906993150711
6099,0.019294975325465202
6100,0.0073015522211790085
6101,0.012829484418034554
6102,0.022567808628082275
6103,0.0064916289411485195
6104,0.008540010079741478
6105,0.013875144533813
6106,0.02893158420920372
6107,0.023816294968128204
6108,0.010246632620692253
6109,0.01326643954962492
6110,0.020589586347341537
6111,0.019733330234885216
6112,0.015596987679600716
6113,0.0041189840994775295
6114,0.01784672401845455
6115,0.014118137769401073
6116,0.012800030410289764
6117,0.009558155201375484
6118,0.017722509801387787
6119,0.005534328054636717
6120,0.027196139097213745
6121,0.008886564522981644
6122,0.004846022464334965
6123,0.024598069489002228
6124,0.019810015335679054
6125,0.015557235106825829
6126,0.009807907044887543
6127,0.026640338823199272
6128,0.012394826859235764
6129,0.007496886886656284
6130,0.0088172797113657
6131,0.011585610918700695
6132,0.022905385121703148
6133,0.01429082453250885
6134,0.010119985789060593
6135,0.012729695066809654
6136,0.007320798002183437
6137,0.019739419221878052
6138,0.01827157847583294
6139,0.011258328333497047
6140,0.030630171298980713
6141,0.01179051399230957
6142,0.02341650426387787
6143,0.020931273698806763
6144,0.023003187030553818
6145,0.03977052867412567
6146,0.00654857512563467
6147,0.008133883588016033
6148,0.036579679697752
6149,0.013441899791359901
6150,0.02130281925201416
6151,0.00949824322015047
6152,0.005560476332902908
6153,0.009656505659222603
6154,0.02792174741625786
6155,0.015278457663953304
6156,0.010295037180185318
6157,0.028345640748739243
6158,0.06219210475683212
6159,0.014559529721736908
6160,0.013451831415295601
6161,0.01633681170642376
6162,0.008862145245075226
6163,0.01025724783539772
6164,0.012353728525340557
6165,0.015944793820381165
6166,0.014991333708167076
6167,0.012846458703279495
6168,0.007847853004932404
6169,0.018706064671278
6170,0.0203569233417511
6171,0.015392820350825787
6172,0.03221714124083519
6173,0.01351751945912838
6174,0.020586330443620682
6175,0.00953773595392704
6176,0.00555390864610672
6177,0.013271461240947247
6178,0.018685773015022278
6179,0.012619676999747753
6180,0.025563087314367294
6181,0.01624937355518341
6182,0.012827384285628796
6183,0.03454204648733139
6184,0.007312635891139507
6185,0.005559585057199001
6186,0.016782093793153763
6187,0.017811892554163933
6188,0.021738601848483086
6189,0.025919398292899132
6190,0.010007352568209171
6191,0.0434267595410347
6192,0.018922191113233566
6193,0.030265843495726585
6194,0.014827722683548927
6195,0.016336649656295776
6196,0.019343294203281403
6197,0.010692703537642956
6198,0.026468336582183838
6199,0.01675427332520485
6200,0.017125437036156654
6201,0.0074701253324747086
6202,0.01450178399682045
6203,0.016716182231903076
6204,0.018042810261249542
6205,0.011534708552062511
6206,0.014636836014688015
6207,0.015321936458349228
6208,0.015908261761069298
6209,0.016329921782016754
6210,0.04983744025230408
6211,0.011978178285062313
6212,0.01048148050904274
6213,0.019563524052500725
6214,0.02107108384370804
6215,0.049017857760190964
6216,0.008846327662467957
6217,0.03342060744762421
6218,0.009762994945049286
6219,0.006185972597450018
6220,0.010391628369688988
6221,0.018352162092924118
6222,0.039853621274232864
6223,0.01016278751194477
6224,0.009224441833794117
6225,0.016930971294641495
6226,0.009862152859568596
6227,0.02794092893600464
6228,0.011644922196865082
6229,0.015140200033783913
6230,0.04827919602394104
6231,0.003749225288629532
6232,0.023582344874739647
6233,0.011280919425189495
6234,0.008794641122221947
6235,0.01426598709076643
6236,0.009329413995146751
6237,0.012903489172458649
6238,0.0370284840464592
6239,0.04827073961496353
6240,0.03973005339503288
6241,0.012750588357448578
6242,0.017248138785362244
6243,0.0268815066665411
6244,0.019015934318304062
6245,0.0108667416498065
6246,0.02001132443547249
6247,0.005405471660196781
6248,0.018316075205802917
6249,0.010766878724098206
6250,0.014247867278754711
6251,0.012231114320456982
6252,0.014432264491915703
6253,0.01823917031288147
6254,0.011850161477923393
6255,0.010669494047760963
6256,0.011613231152296066
6257,0.007390113081783056
6258,0.018811285495758057
6259,0.01737462356686592
6260,0.013497037813067436
6261,0.03767403960227966
6262,0.021654969081282616
6263,0.006993320770561695
6264,0.013842664659023285
6265,0.017952706664800644
6266,0.021322987973690033
6267,0.01136779971420765
6268,0.00875121634453535
6269,0.02440289407968521
6270,0.019979318603873253
6271,0.009042881429195404
6272,0.01793786883354187
6273,0.04208844527602196
6274,0.00885174609720707
6275,0.010582491755485535
6276,0.011173492297530174
6277,0.012813223525881767
6278,0.0190094243735075
6279,0.007582760415971279
6280,0.016628040000796318
6281,0.009894885122776031
6282,0.016396597027778625
6283,0.016803178936243057
6284,0.015077391639351845
6285,0.005260981619358063
6286,0.00917157530784607
6287,0.02049950882792473
6288,0.03880935534834862
6289,0.016679253429174423
6290,0.0033623590134084225
6291,0.01268509216606617
6292,0.016387630254030228
6293,0.017494112253189087
6294,0.010535645298659801
6295,0.019123028963804245
6296,0.013667739927768707
6297,0.009787533432245255
6298,0.006086483132094145
6299,0.006050543859601021
6300,0.010362653061747551
6301,0.009851925075054169
6302,0.018256787210702896
6303,0.0076728807762265205
6304,0.009851678274571896
6305,0.009104689583182335
6306,0.01666574738919735
6307,0.011539561673998833
6308,0.015467233955860138
6309,0.015440775081515312
6310,0.018285706639289856
6311,0.01899716630578041
6312,0.009824837557971478
6313,0.010514961555600166
6314,0.014282997697591782
6315,0.011283974163234234
6316,0.028358912095427513
6317,0.030193354934453964
6318,0.022612502798438072
6319,0.016764316707849503
6320,0.020852839574217796
6321,0.020631732419133186
6322,0.009667029604315758
6323,0.02923300489783287
6324,0.012679046019911766
6325,0.011901743710041046
6326,0.0162137970328331
6327,0.020100202411413193
6328,0.015038421377539635
6329,0.023817865177989006
6330,0.028902623802423477
6331,0.012318450957536697
6332,0.009586093947291374
6333,0.017834855243563652
6334,0.010036873631179333
6335,0.010708635672926903
6336,0.034138426184654236
6337,0.007492502685636282
6338,0.021656129509210587
6339,0.019606485962867737
6340,0.015076528303325176
6341,0.005694965831935406
6342,0.03954305499792099
6343,0.05075692757964134
6344,0.006961080711334944
6345,0.034201592206954956
6346,0.017588689923286438
6347,0.011965565383434296
6348,0.00861753337085247
6349,0.03483264520764351
6350,0.018854554742574692
6351,0.026057299226522446
6352,0.03323671966791153
6353,0.01718101277947426
6354,0.021678782999515533
6355,0.014249054715037346
6356,0.020011447370052338
6357,0.01284585427492857
6358,0.06852118670940399
6359,0.0456576943397522
6360,0.013344114646315575
6361,0.02929871343076229
6362,0.015901051461696625
6363,0.014803191646933556
6364,0.012728608213365078
6365,0.024980632588267326
6366,0.016368579119443893
6367,0.01793978363275528
6368,0.012694681994616985
6369,0.0061381361447274685
6370,0.00916374009102583
6371,0.0199931301176548
6372,0.012193179689347744
6373,0.02779136598110199
6374,0.013290494680404663
6375,0.015129211358726025
6376,0.015393014065921307
6377,0.00981784239411354
6378,0.005110172554850578
6379,0.03418198227882385
6380,0.012551374733448029
6381,0.04169262573122978
6382,0.03380003198981285
6383,0.01876056008040905
6384,0.009790653362870216
6385,0.005794592201709747
6386,0.00646474352106452
6387,0.006487860344350338
6388,0.02680816315114498
6389,0.014184221625328064
6390,0.0240692850202322
6391,0.012981618754565716
6392,0.013134967535734177
6393,0.005226697772741318
6394,0.024147605523467064
6395,0.010409118607640266
6396,0.025591745972633362
6397,0.011659658513963223
6398,0.0396282859146595
6399,0.005909116473048925
6400,0.013554061762988567
6401,0.008269574493169785
6402,0.016155196353793144
6403,0.00877975020557642
6404,0.007654380053281784
6405,0.022871311753988266
6406,0.016353391110897064
6407,0.012075486592948437
6408,0.019785232841968536
6409,0.019156409427523613
6410,0.00434129498898983
6411,0.01266281958669424
6412,0.013573974370956421
6413,0.01769624650478363
6414,0.022767718881368637
6415,0.012344416230916977
6416,0.0339779369533062
6417,0.024011388421058655
6418,0.014415363781154156
6419,0.011837809346616268
6420,0.012086237780749798
6421,0.024072792381048203
6422,0.01861204206943512
6423,0.01206961926072836
6424,0.008131039328873158
6425,0.020566390827298164
6426,0.016119997948408127
6427,0.011900561861693859
6428,0.005938268266618252
6429,0.007562464103102684
6430,0.015143653377890587
6431,0.016470979899168015
6432,0.005635946057736874
6433,0.01215012650936842
6434,0.03595604747533798
6435,0.017577379941940308
6436,0.011131150647997856
6437,0.003158826380968094
6438,0.011949462816119194
6439,0.005728050600737333
6440,0.009148018434643745
6441,0.024042507633566856
6442,0.03385767340660095
6443,0.013629312627017498
6444,0.010389208793640137
6445,0.014952369034290314
6446,0.005495598539710045
6447,0.010996751487255096
6448,0.023872947320342064
6449,0.015574347227811813
6450,0.009675262495875359
6451,0.011708850041031837
6452,0.021825170144438744
6453,0.012590816244482994
6454,0.009140312671661377
6455,0.01810694858431816
6456,0.0047250352799892426
6457,0.01151932030916214
6458,0.05062423646450043
6459,0.008431310765445232
6460,0.02912728115916252
6461,0.009579300880432129
6462,0.01307783555239439
6463,0.010677887126803398
6464,0.01823585107922554
6465,0.009924078360199928
6466,0.015715554356575012
6467,0.013162067160010338
6468,0.012006552889943123
6469,0.008866393938660622
6470,0.020527957007288933
6471,0.015499587170779705
6472,0.013376183807849884
6473,0.013551421463489532
6474,0.009265425615012646
6475,0.015404438599944115
6476,0.008138470351696014
6477,0.007305902428925037
6478,0.024742722511291504
6479,0.00886799581348896
6480,0.02812112495303154
6481,0.011744129471480846
6482,0.013708132319152355
6483,0.00706887012347579
6484,0.01514914445579052
6485,0.024303272366523743
6486,0.01188646163791418
6487,0.0054980251006782055
6488,0.009168246760964394
6489,0.0148006621748209
6490,0.042341217398643494
6491,0.014237603172659874
6492,0.01577269658446312
6493,0.010766166262328625
6494,0.004658986814320087
6495,0.01665954664349556
6496,0.014060999266803265
6497,0.01286217849701643
6498,0.006563413422554731
6499,0.02095666341483593
6500,0.00922275148332119
6501,0.0070076026022434235
6502,0.028784995898604393
6503,0.021898578852415085
6504,0.014927057549357414
6505,0.012915197759866714
6506,0.014075367711484432
6507,0.015394994989037514
6508,0.015360599383711815
6509,0.03617691248655319
6510,0.007256751414388418
6511,0.11014800518751144
6512,0.014556854963302612
6513,0.00406521325930953
6514,0.01474512554705143
6515,0.015728602185845375
6516,0.011156509630382061
6517,0.014318409375846386
6518,0.011626793071627617
6519,0.03048698604106903
6520,0.019301459193229675
6521,0.02329982817173004
6522,0.01184198446571827
6523,0.014498822391033173
6524,0.01754634454846382
6525,0.01696491800248623
6526,0.029320184141397476
6527,0.01620989851653576
6528,0.011395806446671486
6529,0.025282714515924454
6530,0.0299566388130188
6531,0.028687167912721634
6532,0.046023353934288025
6533,0.007273823022842407
6534,0.01287415623664856
6535,0.007037229835987091
6536,0.03845202550292015
6537,0.015727680176496506
6538,0.023601483553647995
6539,0.014460578560829163
6540,0.01074419729411602
6541,0.009594584815204144
6542,0.007803061977028847
6543,0.02985498309135437
6544,0.02042311057448387
6545,0.016030078753829002
6546,0.020441049709916115
6547,0.008385315537452698
6548,0.01977190002799034
6549,0.0063958242535591125
6550,0.0059547885321080685
6551,0.011233875527977943
6552,0.01962187886238098
6553,0.017470818012952805
6554,0.0076185232028365135
6555,0.01997452601790428
6556,0.01809888705611229
6557,0.008133232593536377
6558,0.010814022272825241
6559,0.009973382577300072
6560,0.009444685652852058
6561,0.014225575141608715
6562,0.009054209105670452
6563,0.023349402472376823
6564,0.01540699414908886
6565,0.020696330815553665
6566,0.045581381767988205
6567,0.0324164554476738
6568,0.0053907958790659904
6569,0.02289186231791973
6570,0.006053141318261623
6571,0.011150206439197063
6572,0.003636883106082678
6573,0.010598644614219666
6574,0.00638154661282897
6575,0.019399022683501244
6576,0.016542289406061172
6577,0.018093068152666092
6578,0.014882969669997692
6579,0.01730121113359928
6580,0.021166887134313583
6581,0.005451815202832222
6582,0.005009971559047699
6583,0.007446682080626488
6584,0.01749718189239502
6585,0.009115371853113174
6586,0.016108330339193344
6587,0.041729848831892014
6588,0.01012333296239376
6589,0.008563452400267124
6590,0.015944378450512886
6591,0.024403110146522522
6592,0.012383255176246166
6593,0.026616603136062622
6594,0.022212855517864227
6595,0.005947907920926809
6596,0.005848085042089224
6597,0.01957898773252964
6598,0.029789283871650696
6599,0.018930599093437195
6600,0.01369128655642271
6601,0.005388031713664532
6602,0.03784778341650963
6603,0.01066104881465435
6604,0.030383750796318054
6605,0.016730230301618576
6606,0.008882435038685799
6607,0.015621624886989594
6608,0.007772535085678101
6609,0.02510784938931465
6610,0.02383619174361229
6611,0.0072549208998680115
6612,0.004867080133408308
6613,0.008584361523389816
6614,0.010240739211440086
6615,0.02316228859126568
6616,0.02138819359242916
6617,0.01068173535168171
6618,0.014180747792124748
6619,0.008704674430191517
6620,0.018167713657021523
6621,0.026624556630849838
6622,0.012199683114886284
6623,0.01092447154223919
6624,0.04045715928077698
6625,0.020227598026394844
6626,0.00808448251336813
6627,0.01458122581243515
6628,0.008066427893936634
6629,0.03764974698424339
6630,0.019496802240610123
6631,0.011498907580971718
6632,0.0098648089915514
6633,0.014409924857318401
6634,0.012224182486534119
6635,0.01534770056605339
6636,0.006601446308195591
6637,0.02604667842388153
6638,0.007067471742630005
6639,0.017019622027873993
6640,0.022525262087583542
6641,0.003905022516846657
6642,0.03316487744450569
6643,0.014884057454764843
6644,0.01860649883747101
6645,0.008268450386822224
6646,0.018463000655174255
6647,0.008409038186073303
6648,0.014602100476622581
6649,0.007282773964107037
6650,0.011653500609099865
6651,0.034865837544202805
6652,0.01280713640153408
6653,0.010670505464076996
6654,0.028295084834098816
6655,0.004545208066701889
6656,0.006014443933963776
6657,0.010246618650853634
6658,0.009407668374478817
6659,0.0052365511655807495
6660,0.011341403238475323
6661,0.014414752833545208
6662,0.008203046396374702
6663,0.01164137851446867
6664,0.008664592169225216
6665,0.037232957780361176
6666,0.02734956704080105
6667,0.0046447995118796825
6668,0.017014868557453156
6669,0.01681310310959816
6670,0.013404661789536476
6671,0.006399261765182018
6672,0.01802399568259716
6673,0.02076083980500698
6674,0.03005589358508587
6675,0.01276339590549469
6676,0.024376114830374718
6677,0.0347181037068367
6678,0.018682627007365227
6679,0.015824060887098312
6680,0.03241413086652756
6681,0.028914332389831543
6682,0.006968531757593155
6683,0.017402170225977898
6684,0.012274293228983879
6685,0.01094305794686079
6686,0.0058266459964215755
6687,0.03877958655357361
6688,0.010309090837836266
6689,0.009244883432984352
6690,0.015111166052520275
6691,0.014918258413672447
6692,0.006159508600831032
6693,0.024724027141928673
6694,0.012649103067815304
6695,0.011976681649684906
6696,0.009602788835763931
6697,0.005509096663445234
6698,0.01108483038842678
6699,0.020541228353977203
6700,0.009867875836789608
6701,0.009313494898378849
6702,0.015925470739603043
6703,0.02336810901761055
6704,0.008110727183520794
6705,0.007763416972011328
6706,0.01264940109103918
6707,0.007961530238389969
6708,0.026343971490859985
6709,0.034657157957553864
6710,0.008572638966143131
6711,0.012074637226760387
6712,0.011289045214653015
6713,0.011529441922903061
6714,0.016142740845680237
6715,0.013873669318854809
6716,0.008699454367160797
6717,0.024563152343034744
6718,0.008168446831405163
6719,0.014143457636237144
6720,0.007937654852867126
6721,0.01282593421638012
6722,0.0067757852375507355
6723,0.04292582720518112
6724,0.025206901133060455
6725,0.02595386654138565
6726,0.011680695228278637
6727,0.021211940795183182
6728,0.02776048704981804
6729,0.016622643917798996
6730,0.01517291646450758
6731,0.016317147761583328
6732,0.004491976462304592
6733,0.01939363218843937
6734,0.01971575990319252
6735,0.007530124392360449
6736,0.005359943490475416
6737,0.020401176065206528
6738,0.011487171053886414
6739,0.004171909764409065
6740,0.010974166914820671
6741,0.007655727677047253
6742,0.006858273409307003
6743,0.01713911071419716
6744,0.009390262886881828
6745,0.011575560085475445
6746,0.01837393082678318
6747,0.009402688592672348
6748,0.045818131417036057
6749,0.023901252076029778
6750,0.020139720290899277
6751,0.008511187508702278
6752,0.010398657992482185
6753,0.015123007819056511
6754,0.00838845781981945
6755,0.011873461306095123
6756,0.02038654126226902
6757,0.019626330584287643
6758,0.009512456133961678
6759,0.016348812729120255
6760,0.014009570702910423
6761,0.01496001984924078
6762,0.010459540411829948
6763,0.013060005381703377
6764,0.028209013864398003
6765,0.012806303799152374
6766,0.007258727215230465
6767,0.008595740422606468
6768,0.005042610224336386
6769,0.01161714643239975
6770,0.027631059288978577
6771,0.0043947733938694
6772,0.011876019649207592
6773,0.031612709164619446
6774,0.00786085706204176
6775,0.018317826092243195
6776,0.01364286057651043
6777,0.00916473288089037
6778,0.01575234904885292
6779,0.006355933379381895
6780,0.009201422333717346
6781,0.00809030793607235
6782,0.019143134355545044
6783,0.016241809353232384
6784,0.041851550340652466
6785,0.016657911241054535
6786,0.01639796793460846
6787,0.015917710959911346
6788,0.01819548010826111
6789,0.03404581919312477
6790,0.00911632552742958
6791,0.020131947472691536
6792,0.008934559300541878
6793,0.01653466746211052
6794,0.02575058862566948
6795,0.010561845265328884
6796,0.011708823963999748
6797,0.018665798008441925
6798,0.010970404371619225
6799,0.007712896913290024
6800,0.02547583356499672
6801,0.0058196550235152245
6802,0.019452204927802086
6803,0.01212364062666893
6804,0.005836834665387869
6805,0.009001918137073517
6806,0.00951309222728014
6807,0.012280180118978024
6808,0.013402380049228668
6809,0.014463549479842186
6810,0.014261020347476006
6811,0.030275210738182068
6812,0.010486084967851639
6813,0.03365686535835266
6814,0.008141140453517437
6815,0.0077579692006111145
6816,0.025656219571828842
6817,0.021184131503105164
6818,0.028313130140304565
6819,0.010988770984113216
6820,0.03710533678531647
6821,0.021507397294044495
6822,0.006753980647772551
6823,0.025997480377554893
6824,0.015036430209875107
6825,0.01248117070645094
6826,0.01663440279662609
6827,0.014545205980539322
6828,0.014041977003216743
6829,0.009175579063594341
6830,0.006480615586042404
6831,0.02213217131793499
6832,0.07147598266601562
6833,0.017307862639427185
6834,0.019258195534348488
6835,0.021090593189001083
6836,0.03293371573090553
6837,0.009632138535380363
6838,0.022136449813842773
6839,0.014326514676213264
6840,0.018597904592752457
6841,0.01178385317325592
6842,0.010321516543626785
6843,0.021871542558073997
6844,0.011524243280291557
6845,0.008797768503427505
6846,0.016597513109445572
6847,0.019032664597034454
6848,0.014106630347669125
6849,0.010517703369259834
6850,0.016132395714521408
6851,0.007585278712213039
6852,0.01802711933851242
6853,0.02547895535826683
6854,0.012511707842350006
6855,0.0049886698834598064
6856,0.03492139279842377
6857,0.010852036997675896
6858,0.01852249540388584
6859,0.01226616557687521
6860,0.015304995700716972
6861,0.0103496378287673
6862,0.030442437157034874
6863,0.007819746620953083
6864,0.008389209397137165
6865,0.013645628467202187
6866,0.02059784159064293
6867,0.006760895252227783
6868,0.016440395265817642
6869,0.01362425647675991
6870,0.023062631487846375
6871,0.033628012984991074
6872,0.007006448693573475
6873,0.013620881363749504
6874,0.01242226641625166
6875,0.03327011689543724
6876,0.008536613546311855
6877,0.00748063251376152
6878,0.02543046697974205
6879,0.01498383842408657
6880,0.014538693241775036
6881,0.005365709774196148
6882,0.012174993753433228
6883,0.012386645190417767
6884,0.03795613721013069
6885,0.03526846691966057
6886,0.014129403978586197
6887,0.009641740471124649
6888,0.04360165819525719
6889,0.024891331791877747
6890,0.010398087091743946
6891,0.005737124010920525
6892,0.011467613279819489
6893,0.014417367987334728
6894,0.024637019261717796
6895,0.006666815839707851
6896,0.013739126734435558
6897,0.011919492855668068
6898,0.010073518380522728
6899,0.02261163294315338
6900,0.01284850388765335
6901,0.02274278551340103
6902,0.007503725588321686
6903,0.016466811299324036
6904,0.009307045489549637
6905,0.009895085357129574
6906,0.007854748517274857
6907,0.01667717657983303
6908,0.012122716754674911
6909,0.010206839069724083
6910,0.022723183035850525
6911,0.0068421936593949795
6912,0.01788369193673134
6913,0.010339508764445782
6914,0.018230758607387543
6915,0.019165899604558945
6916,0.01327306404709816
6917,0.014701921492815018
6918,0.010045863687992096
6919,0.013500859960913658
6920,0.014034658670425415
6921,0.005661231465637684
6922,0.019694797694683075
6923,0.04160641133785248
6924,0.01049111783504486
6925,0.023982180282473564
6926,0.022477269172668457
6927,0.02036280184984207
6928,0.009796204045414925
6929,0.012955019250512123
6930,0.008884980343282223
6931,0.009111563675105572
6932,0.017210960388183594
6933,0.010568879544734955
6934,0.012569054961204529
6935,0.018202776089310646
6936,0.010044246912002563
6937,0.019225895404815674
6938,0.015189975500106812
6939,0.009432689286768436
6940,0.02261429652571678
6941,0.024471402168273926
6942,0.008636525832116604
6943,0.015007871203124523
6944,0.026498762890696526
6945,0.010284869000315666
6946,0.014007422141730785
6947,0.005632328800857067
6948,0.010874232277274132
6949,0.01652539148926735
6950,0.02524821273982525
6951,0.02449733018875122
6952,0.02029222808778286
6953,0.02002820372581482
6954,0.007200467400252819
6955,0.038600556552410126
6956,0.008233455941081047
6957,0.019312983378767967
6958,0.016032135114073753
6959,0.04345988854765892
6960,0.007282547652721405
6961,0.030474815517663956
6962,0.005310479551553726
6963,0.009190774522721767
6964,0.006915590725839138
6965,0.02364089898765087
6966,0.018972089514136314
6967,0.014689373783767223
6968,0.026355218142271042
6969,0.009280554950237274
6970,0.005543374456465244
6971,0.05555655062198639
6972,0.008651867508888245
6973,0.021630560979247093
6974,0.012062045745551586
6975,0.021538635715842247
6976,0.021124761551618576
6977,0.023082662373781204
6978,0.010246522724628448
6979,0.023290788754820824
6980,0.01684291660785675
6981,0.01368270069360733
6982,0.03463337570428848
6983,0.009654896333813667
6984,0.04473230242729187
6985,0.040629319846630096
6986,0.011409840546548367
6987,0.01909058541059494
6988,0.014323095791041851
6989,0.012654844671487808
6990,0.00962583627551794
6991,0.012663019821047783
6992,0.005304902791976929
6993,0.014558849856257439
6994,0.006674041505903006
6995,0.02653527818620205
6996,0.020124610513448715
6997,0.041986461728811264
6998,0.015112100169062614
6999,0.011823495849967003
7000,0.019525447860360146
7001,0.01722581684589386
7002,0.012257727794349194
7003,0.016857225447893143
7004,0.009577691555023193
7005,0.014356818050146103
7006,0.012760761193931103
7007,0.02853379026055336
7008,0.009463217109441757
7009,0.007949254475533962
7010,0.01234898716211319
7011,0.007918024435639381
7012,0.024099592119455338
7013,0.013130150735378265
7014,0.012634466402232647
7015,0.011331547051668167
7016,0.00422305054962635
7017,0.007097315974533558
7018,0.012496214359998703
7019,0.022255804389715195
7020,0.011930431239306927
7021,0.015837689861655235
7022,0.0254802443087101
7023,0.012624291703104973
7024,0.006759992800652981
7025,0.013149116188287735
7026,0.017619064077734947
7027,0.030367344617843628
7028,0.01557326503098011
7029,0.017320502549409866
7030,0.011164158582687378
7031,0.011228092014789581
7032,0.0038438006304204464
7033,0.011285009793937206
7034,0.014253954403102398
7035,0.019963201135396957
7036,0.009591607376933098
7037,0.007799345999956131
7038,0.006579057779163122
7039,0.012332744896411896
7040,0.013962971977889538
7041,0.01337064616382122
7042,0.015841921791434288
7043,0.005978744011372328
7044,0.003368822857737541
7045,0.012829157523810863
7046,0.006180569063872099
7047,0.01660837046802044
7048,0.017657015472650528
7049,0.011668293736875057
7050,0.03152471035718918
7051,0.011746670119464397
7052,0.02071072719991207
7053,0.006067005451768637
7054,0.027752792462706566
7055,0.021331388503313065
7056,0.010291911661624908
7057,0.009966223500669003
7058,0.013599319383502007
7059,0.021466746926307678
7060,0.019184688106179237
7061,0.015203073620796204
7062,0.008623427711427212
7063,0.017934074625372887
7064,0.006796372123062611
7065,0.02068917267024517
7066,0.014208163134753704
7067,0.016737807542085648
7068,0.011043794453144073
7069,0.014035118743777275
7070,0.01796061173081398
7071,0.013637321069836617
7072,0.022656064480543137
7073,0.04916318506002426
7074,0.01677561365067959
7075,0.014250414445996284
7076,0.02363985776901245
7077,0.011020965874195099
7078,0.022447727620601654
7079,0.01959368586540222
7080,0.01843530498445034
7081,0.03582201898097992
7082,0.010675894096493721
7083,0.01771601103246212
7084,0.01022897008806467
7085,0.026565296575427055
7086,0.00962880253791809
7087,0.013617321848869324
7088,0.006549585610628128
7089,0.025404714047908783
7090,0.00723279919475317
7091,0.024998217821121216
7092,0.005085593089461327
7093,0.02278059348464012
7094,0.011782966554164886
7095,0.019480880349874496
7096,0.007163834758102894
7097,0.008318077772855759
7098,0.006746365688741207
7099,0.015025755390524864
7100,0.018933840095996857
7101,0.017628919333219528
7102,0.018219197168946266
7103,0.026434827595949173
7104,0.011083724908530712
7105,0.007253304123878479
7106,0.006476202514022589
7107,0.01295815221965313
7108,0.021304767578840256
7109,0.006189265754073858
7110,0.025620296597480774
7111,0.020768074318766594
7112,0.012138227932155132
7113,0.01947317272424698
7114,0.016108006238937378
7115,0.02628430351614952
7116,0.01038770005106926
7117,0.010602953843772411
7118,0.028543084859848022
7119,0.008953340351581573
7120,0.018227532505989075
7121,0.012731848284602165
7122,0.013367856852710247
7123,0.017386168241500854
7124,0.009808152914047241
7125,0.014839695766568184
7126,0.007451461162418127
7127,0.01765882782638073
7128,0.02483929693698883
7129,0.03986595571041107
7130,0.024498697370290756
7131,0.011706302873790264
7132,0.007396557368338108
7133,0.007552252616733313
7134,0.005677876994013786
7135,0.00925170537084341
7136,0.0091470405459404
7137,0.015832923352718353
7138,0.00744291115552187
7139,0.021053439006209373
7140,0.01434338465332985
7141,0.0178576298058033
7142,0.01384197361767292
7143,0.011004120111465454
7144,0.015010520815849304
7145,0.012798121199011803
7146,0.021189576014876366
7147,0.004226545803248882
7148,0.024501312524080276
7149,0.01963542029261589
7150,0.023609917610883713
7151,0.020200198516249657
7152,0.013066058978438377
7153,0.013786694034934044
7154,0.01065768301486969
7155,0.01763114146888256
7156,0.014935009181499481
7157,0.01704266667366028
7158,0.025164533406496048
7159,0.014562911354005337
7160,0.009983065538108349
7161,0.01893503963947296
7162,0.04149013012647629
7163,0.01565965823829174
7164,0.007372892461717129
7165,0.011045839637517929
7166,0.01606730744242668
7167,0.013356706127524376
7168,0.006526347249746323
7169,0.016731005162000656
7170,0.011773688718676567
7171,0.007535195909440517
7172,0.019505243748426437
7173,0.01762750744819641
7174,0.0131940096616745
7175,0.013046937994658947
7176,0.015840787440538406
7177,0.021601153537631035
7178,0.013592172414064407
7179,0.011561265215277672
7180,0.02237948775291443
7181,0.020150765776634216
7182,0.009685039520263672
7183,0.020532019436359406
7184,0.008138087578117847
7185,0.008935204707086086
7186,0.014892583712935448
7187,0.011925766244530678
7188,0.01716138795018196
7189,0.009332988411188126
7190,0.011171373538672924
7191,0.013662128709256649
7192,0.030063031241297722
7193,0.007104198914021254
7194,0.031197046861052513
7195,0.012159518897533417
7196,0.018400883302092552
7197,0.010564985685050488
7198,0.015483373776078224
7199,0.008989403955638409
7200,0.011922141537070274
7201,0.00923416018486023
7202,0.01943146251142025
7203,0.01893925480544567
7204,0.022113043814897537
7205,0.013974664732813835
7206,0.018620982766151428
7207,0.021003466099500656
7208,0.01175369881093502
7209,0.00504834670573473
7210,0.015923265367746353
7211,0.013181677088141441
7212,0.018262799829244614
7213,0.007950657047331333
7214,0.013773435726761818
7215,0.04790831357240677
7216,0.02491057477891445
7217,0.009364774450659752
7218,0.020318878814578056
7219,0.012957636266946793
7220,0.002808317542076111
7221,0.02982988953590393
7222,0.018913166597485542
7223,0.019226141273975372
7224,0.03330162540078163
7225,0.0048502543941140175
7226,0.013528963550925255
7227,0.01469446625560522
7228,0.01174703799188137
7229,0.01981915347278118
7230,0.009679403156042099
7231,0.012070792727172375
7232,0.010114839300513268
7233,0.012185269966721535
7234,0.013743571937084198
7235,0.02366592548787594
7236,0.010499237105250359
7237,0.009886212646961212
7238,0.012248575687408447
7239,0.011605525389313698
7240,0.019684109836816788
7241,0.0067617869935929775
7242,0.015955835580825806
7243,0.02555476687848568
7244,0.032425522804260254
7245,0.04734766483306885
7246,0.016782304272055626
7247,0.026931671425700188
7248,0.008569893427193165
7249,0.0192220788449049
7250,0.037110522389411926
7251,0.034725308418273926
7252,0.02601979486644268
7253,0.005986558273434639
7254,0.022537417709827423
7255,0.006410894449800253
7256,0.018146149814128876
7257,0.013899601064622402
7258,0.011117870919406414
7259,0.02537659928202629
7260,0.01171252690255642
7261,0.00844048336148262
7262,0.010538860224187374
7263,0.012531742453575134
7264,0.005542784929275513
7265,0.017026260495185852
7266,0.010119935497641563
7267,0.005475179757922888
7268,0.007112588733434677
7269,0.005685386713594198
7270,0.006437327247112989
7271,0.010085674934089184
7272,0.026541661471128464
7273,0.023495718836784363
7274,0.01835581660270691
7275,0.005983698181807995
7276,0.008173811249434948
7277,0.024678340181708336
7278,0.028135597705841064
7279,0.006725672632455826
7280,0.01335541158914566
7281,0.0294770710170269
7282,0.027501260861754417
7283,0.09414937347173691
7284,0.019839052110910416
7285,0.012805785052478313
7286,0.003420459572225809
7287,0.014652108773589134
7288,0.009932841174304485
7289,0.016193818300962448
7290,0.007318203337490559
7291,0.012504714541137218
7292,0.014639555476605892
7293,0.026163581758737564
7294,0.04055919870734215
7295,0.005361898802220821
7296,0.017649896442890167
7297,0.011604386381804943
7298,0.03141643851995468
7299,0.014675352722406387
7300,0.01117512583732605
7301,0.01637447439134121
7302,0.0126351248472929
7303,0.015097822062671185
7304,0.0047857752069830894
7305,0.014684288762509823
7306,0.010060763917863369
7307,0.00962044671177864
7308,0.007490609772503376
7309,0.021021150052547455
7310,0.02342715859413147
7311,0.009284713305532932
7312,0.02088695392012596
7313,0.014291157945990562
7314,0.011625426821410656
7315,0.021911701187491417
7316,0.015652772039175034
7317,0.018353937193751335
7318,0.0064390129409730434
7319,0.05918320268392563
7320,0.013169853016734123
7321,0.025528162717819214
7322,0.05420803651213646
7323,0.02161424234509468
7324,0.013803503476083279
7325,0.006939380895346403
7326,0.007031561806797981
7327,0.02991006337106228
7328,0.060644518584012985
7329,0.00821765512228012
7330,0.03131912648677826
7331,0.016893992200493813
7332,0.015007550828158855
7333,0.0069563426077365875
7334,0.008181184530258179
7335,0.021809201687574387
7336,0.010255027562379837
7337,0.0072110197506845
7338,0.014687064103782177
7339,0.010653289034962654
7340,0.012225039303302765
7341,0.026383787393569946
7342,0.010621270164847374
7343,0.035700391978025436
7344,0.00879437755793333
7345,0.006060845218598843
7346,0.037832111120224
7347,0.011388583108782768
7348,0.005293618887662888
7349,0.042416416108608246
7350,0.00944166723638773
7351,0.008275557309389114
7352,0.007520859129726887
7353,0.013659616932272911
7354,0.014025933109223843
7355,0.006791138090193272
7356,0.008704084903001785
7357,0.005030409898608923
7358,0.009766915813088417
7359,0.007798728533089161
7360,0.01980980858206749
7361,0.003994070924818516
7362,0.010548312216997147
7363,0.022939493879675865
7364,0.026564162224531174
7365,0.014652902260422707
7366,0.008761487901210785
7367,0.016298944130539894
7368,0.02267349883913994
7369,0.038926199078559875
7370,0.006784880068153143
7371,0.015913542360067368
7372,0.029376819729804993
7373,0.015881836414337158
7374,0.010780951008200645
7375,0.007521588355302811
7376,0.004572711419314146
7377,0.011095790192484856
7378,0.009326981380581856
7379,0.007484804838895798
7380,0.0068570710718631744
7381,0.018095606938004494
7382,0.008861690759658813
7383,0.025223881006240845
7384,0.01683073304593563
7385,0.0162277203053236
7386,0.013118801638484001
7387,0.04956648871302605
7388,0.0142678152769804
7389,0.02877645753324032
7390,0.017024774104356766
7391,0.03428943082690239
7392,0.02141382545232773
7393,0.010403631255030632
7394,0.021058497950434685
7395,0.012068793177604675
7396,0.026067528873682022
7397,0.012783296406269073
7398,0.048222288489341736
7399,0.022973045706748962
7400,0.010296824388206005
7401,0.01085641235113144
7402,0.0236493032425642
7403,0.005115424748510122
7404,0.014909456484019756
7405,0.01464659534394741
7406,0.010076424106955528
7407,0.007180673070251942
7408,0.004020538181066513
7409,0.010682623833417892
7410,0.016759952530264854
7411,0.019689328968524933
7412,0.005215378478169441
7413,0.02426454797387123
7414,0.015448573976755142
7415,0.025130923837423325
7416,0.012968345545232296
7417,0.013283167034387589
7418,0.004348654765635729
7419,0.028387319296598434
7420,0.019952546805143356
7421,0.01127217710018158
7422,0.009187255054712296
7423,0.016195125877857208
7424,0.013039376586675644
7425,0.007530787028372288
7426,0.03232918679714203
7427,0.008135486394166946
7428,0.010480396449565887
7429,0.013466713950037956
7430,0.01287185400724411
7431,0.018311787396669388
7432,0.014965563081204891
7433,0.007871195673942566
7434,0.032009370625019073
7435,0.027419043704867363
7436,0.00573369488120079
7437,0.019445501267910004
7438,0.00876282062381506
7439,0.0062169237062335014
7440,0.02152697555720806
7441,0.010764487087726593
7442,0.007837945595383644
7443,0.013565669767558575
7444,0.029030214995145798
7445,0.0238372590392828
7446,0.03753458708524704
7447,0.013532176613807678
7448,0.02001022733747959
7449,0.012166997417807579
7450,0.02412177436053753
7451,0.020548077300190926
7452,0.025448452681303024
7453,0.01256023533642292
7454,0.005973981227725744
7455,0.017129376530647278
7456,0.018912535160779953
7457,0.01302653830498457
7458,0.009486707858741283
7459,0.015276169404387474
7460,0.01450611837208271
7461,0.006475350819528103
7462,0.009881211444735527
7463,0.026254862546920776
7464,0.01667797937989235
7465,0.009561171755194664
7466,0.02071995660662651
7467,0.007583040744066238
7468,0.010145479813218117
7469,0.03884245082736015
7470,0.012336760759353638
7471,0.011695198714733124
7472,0.015871504321694374
7473,0.02712801657617092
7474,0.02433685213327408
7475,0.030454574152827263
7476,0.010595351457595825
7477,0.01915196143090725
7478,0.011949082836508751
7479,0.016071034595370293
7480,0.008997028693556786
7481,0.017353404313325882
7482,0.01355048082768917
7483,0.007569217123091221
7484,0.017896858975291252
7485,0.016632363200187683
7486,0.007500487379729748
7487,0.016711357980966568
7488,0.015338856726884842
7489,0.016418207436800003
7490,0.00625219102948904
7491,0.016306884586811066
7492,0.013362305238842964
7493,0.022760804742574692
7494,0.019839776679873466
7495,0.008149848319590092
7496,0.01231526117771864
7497,0.015569871291518211
7498,0.013477357104420662
7499,0.026807360351085663
7500,0.026160165667533875
7501,0.026595339179039
7502,0.011961564421653748
7503,0.010311868041753769
7504,0.017554406076669693
7505,0.043427370488643646
7506,0.00965617224574089
7507,0.007491942495107651
7508,0.008454443886876106
7509,0.015594994649291039
7510,0.039940886199474335
7511,0.019247479736804962
7512,0.008314876817166805
7513,0.012000640854239464
7514,0.015693694353103638
7515,0.007206055335700512
7516,0.01644153706729412
7517,0.015082396566867828
7518,0.010373231023550034
7519,0.02451162599027157
7520,0.0110452426597476
7521,0.010968908667564392
7522,0.011362548917531967
7523,0.02221202664077282
7524,0.01194532960653305
7525,0.02040598914027214
7526,0.010854816064238548
7527,0.009766293689608574
7528,0.03424619883298874
7529,0.007043699733912945
7530,0.028148997575044632
7531,0.006756721064448357
7532,0.02323574386537075
7533,0.008423985913395882
7534,0.006989656947553158
7535,0.03513588011264801
7536,0.015237454324960709
7537,0.010393042117357254
7538,0.06169981509447098
7539,0.012417884543538094
7540,0.01729104481637478
7541,0.00972043164074421
7542,0.009888460859656334
7543,0.021801969036459923
7544,0.025047171860933304
7545,0.016033701598644257
7546,0.014401870779693127
7547,0.022286921739578247
7548,0.011129949241876602
7549,0.014170283451676369
7550,0.007329772692173719
7551,0.01738908141851425
7552,0.008651502430438995
7553,0.011639997363090515
7554,0.006704523228108883
7555,0.022066619247198105
7556,0.00680378545075655
7557,0.02152162417769432
7558,0.01547272503376007
7559,0.006229562219232321
7560,0.014206076972186565
7561,0.01237582042813301
7562,0.023221559822559357
7563,0.010242326185107231
7564,0.014296787790954113
7565,0.004742855671793222
7566,0.017929386347532272
7567,0.016120046377182007
7568,0.03395634517073631
7569,0.009545962326228619
7570,0.03682633489370346
7571,0.011624826118350029
7572,0.013983383774757385
7573,0.015660908073186874
7574,0.013740567490458488
7575,0.005637544207274914
7576,0.01023443229496479
7577,0.012549570761620998
7578,0.009312445297837257
7579,0.028661519289016724
7580,0.014335418120026588
7581,0.015503550879657269
7582,0.013131560757756233
7583,0.014991514384746552
7584,0.014344792813062668
7585,0.007990015670657158
7586,0.011446773074567318
7587,0.03693092614412308
7588,0.008809749037027359
7589,0.019805926829576492
7590,0.012991730123758316
7591,0.0366605669260025
7592,0.007674078457057476
7593,0.017351416870951653
7594,0.00856776162981987
7595,0.01390419714152813
7596,0.00959506444633007
7597,0.015037677250802517
7598,0.0320182666182518
7599,0.0278804749250412
7600,0.017347261309623718
7601,0.010959811508655548
7602,0.011750033125281334
7603,0.0275577362626791
7604,0.02329922839999199
7605,0.030723318457603455
7606,0.007688652724027634
7607,0.008294576779007912
7608,0.03635292500257492
7609,0.021542619913816452
7610,0.021720221266150475
7611,0.017156079411506653
7612,0.015732405707240105
7613,0.011618413031101227
7614,0.006822637282311916
7615,0.02159366011619568
7616,0.019119124859571457
7617,0.009326240047812462
7618,0.010478371754288673
7619,0.02175792120397091
7620,0.009365043602883816
7621,0.026160329580307007
7622,0.009270451962947845
7623,0.01785159483551979
7624,0.00818710308521986
7625,0.009628137573599815
7626,0.019700750708580017
7627,0.015579148195683956
7628,0.007645904086530209
7629,0.009594500064849854
7630,0.011853007599711418
7631,0.020269038155674934
7632,0.011791917495429516
7633,0.013473300263285637
7634,0.017717137932777405
7635,0.03393491357564926
7636,0.02989942394196987
7637,0.014116129837930202
7638,0.019010281190276146
7639,0.02311437949538231
7640,0.00820618774741888
7641,0.06973525881767273
7642,0.03342818841338158
7643,0.020698897540569305
7644,0.00899006798863411
7645,0.013072475790977478
7646,0.013144157826900482
7647,0.011887441389262676
7648,0.014261998236179352
7649,0.01316889189183712
7650,0.02982759103178978
7651,0.017285315319895744
7652,0.02387610636651516
7653,0.011072917841374874
7654,0.023647217079997063
7655,0.009112889878451824
7656,0.01875685714185238
7657,0.016423523426055908
7658,0.011094262823462486
7659,0.009659495204687119
7660,0.015826717019081116
7661,0.022545084357261658
7662,0.020151864737272263
7663,0.011255741119384766
7664,0.012107662856578827
7665,0.024381335824728012
7666,0.0074060107581317425
7667,0.01234487071633339
7668,0.02082390896975994
7669,0.014310495927929878
7670,0.009402398020029068
7671,0.0138354217633605
7672,0.008678260259330273
7673,0.007464197464287281
7674,0.015351521782577038
7675,0.006862516514956951
7676,0.029679760336875916
7677,0.023407820612192154
7678,0.012009788304567337
7679,0.018688110634684563
7680,0.009356474503874779
7681,0.006288123782724142
7682,0.0396711491048336
7683,0.008511255495250225
7684,0.03982163593173027
7685,0.01447220891714096
7686,0.022231966257095337
7687,0.021607300266623497
7688,0.007869171909987926
7689,0.013537533581256866
7690,0.01862144097685814
7691,0.01823771372437477
7692,0.020589835941791534
7693,0.009432211518287659
7694,0.00490963738411665
7695,0.015157317742705345
7696,0.010481203906238079
7697,0.02054302766919136
7698,0.02188119664788246
7699,0.011674998328089714
7700,0.023078735917806625
7701,0.018104394897818565
7702,0.0035181499551981688
7703,0.014721211045980453
7704,0.025286849588155746
7705,0.013571891002357006
7706,0.009975593537092209
7707,0.023366881534457207
7708,0.009308678098022938
7709,0.022108351811766624
7710,0.01409232523292303
7711,0.020190104842185974
7712,0.016944661736488342
7713,0.00672919861972332
7714,0.030705973505973816
7715,0.022478071972727776
7716,0.021875029429793358
7717,0.050792254507541656
7718,0.008040685206651688
7719,0.009979434311389923
7720,0.014289061538875103
7721,0.015622409991919994
7722,0.028145842254161835
7723,0.03058563731610775
7724,0.011605474166572094
7725,0.007703863084316254
7726,0.05632047355175018
7727,0.039333999156951904
7728,0.016240041702985764
7729,0.0401945635676384
7730,0.01483219861984253
7731,0.009196048602461815
7732,0.01792587712407112
7733,0.01128417532891035
7734,0.04074625298380852
7735,0.019037926569581032
7736,0.004803773947060108
7737,0.018509089946746826
7738,0.008641678839921951
7739,0.01625503972172737
7740,0.019751762971282005
7741,0.02243547886610031
7742,0.03439020738005638
7743,0.017787471413612366
7744,0.016731243580579758
7745,0.0075630187056958675
7746,0.025467438623309135
7747,0.023813921958208084
7748,0.010188544169068336
7749,0.0044118547812104225
7750,0.009068108163774014
7751,0.009165337309241295
7752,0.008262871764600277
7753,0.04269343614578247
7754,0.016814708709716797
7755,0.01963936537504196
7756,0.009919718839228153
7757,0.030909579247236252
7758,0.005934811197221279
7759,0.016286365687847137
7760,0.0075209918431937695
7761,0.019406810402870178
7762,0.019674014300107956
7763,0.014187137596309185
7764,0.010899744927883148
7765,0.010616875253617764
7766,0.01588999293744564
7767,0.05987195298075676
7768,0.01711072400212288
7769,0.014698530547320843
7770,0.013446556404232979
7771,0.015731612220406532
7772,0.013339012861251831
7773,0.020556095987558365
7774,0.03416445478796959
7775,0.03401145339012146
7776,0.01008349098265171
7777,0.007844495587050915
7778,0.032608356326818466
7779,0.020830808207392693
7780,0.02315620705485344
7781,0.016230115666985512
7782,0.014240833930671215
7783,0.016132256016135216
7784,0.024639025330543518
7785,0.028073739260435104
7786,0.011494990438222885
7787,0.005042452365159988
7788,0.01686386577785015
7789,0.027995137497782707
7790,0.019471628591418266
7791,0.016920503228902817
7792,0.01048494316637516
7793,0.007420820649713278
7794,0.026321446523070335
7795,0.024959906935691833
7796,0.008455781266093254
7797,0.006042185239493847
7798,0.03551280498504639
7799,0.010573162697255611
7800,0.027104537934064865
7801,0.008401722647249699
7802,0.010283353738486767
7803,0.008579057641327381
7804,0.01251168828457594
7805,0.006342182867228985
7806,0.030482051894068718
7807,0.012750701978802681
7808,0.015115461312234402
7809,0.04678833484649658
7810,0.0181337408721447
7811,0.00858637597411871
7812,0.01519415806978941
7813,0.016354314982891083
7814,0.024593252688646317
7815,0.0512348935008049
7816,0.008585602045059204
7817,0.01801912486553192
7818,0.011172397062182426
7819,0.006668278016149998
7820,0.013253137469291687
7821,0.014302916824817657
7822,0.010106926783919334
7823,0.008801015093922615
7824,0.0218735933303833
7825,0.02339792065322399
7826,0.00889587588608265
7827,0.0157734677195549
7828,0.047163695096969604
7829,0.00936809554696083
7830,0.02033108100295067
7831,0.016563743352890015
7832,0.028765400871634483
7833,0.00894073024392128
7834,0.006896790117025375
7835,0.007143826689571142
7836,0.016436025500297546
7837,0.015291964635252953
7838,0.023549672216176987
7839,0.01847279630601406
7840,0.012273809872567654
7841,0.0053717633709311485
7842,0.03208054229617119
7843,0.02228958159685135
7844,0.03031262755393982
7845,0.023525401949882507
7846,0.03402825817465782
7847,0.014367029070854187
7848,0.010642701759934425
7849,0.009928189218044281
7850,0.011652745306491852
7851,0.008223057724535465
7852,0.007951970212161541
7853,0.010105914436280727
7854,0.01115986704826355
7855,0.011266836896538734
7856,0.019968224689364433
7857,0.04777107387781143
7858,0.014644086360931396
7859,0.004617790691554546
7860,0.012092504650354385
7861,0.012335345149040222
7862,0.012330695986747742
7863,0.04420087859034538
7864,0.006197789683938026
7865,0.015707222744822502
7866,0.007999686524271965
7867,0.014020662754774094
7868,0.027382846921682358
7869,0.012824339792132378
7870,0.01590881682932377
7871,0.011268360540270805
7872,0.007213754579424858
7873,0.010036948136985302
7874,0.00544013362377882
7875,0.007031786255538464
7876,0.01812387816607952
7877,0.015038247220218182
7878,0.020028097555041313
7879,0.009492514654994011
7880,0.025564126670360565
7881,0.015679188072681427
7882,0.005836715456098318
7883,0.026304764673113823
7884,0.022913262248039246
7885,0.014615180902183056
7886,0.019806524738669395
7887,0.00911643635481596
7888,0.0151266660541296
7889,0.010280734859406948
7890,0.044524382799863815
7891,0.011034352704882622
7892,0.014019886963069439
7893,0.014353230595588684
7894,0.012172363698482513
7895,0.0196098480373621
7896,0.011853491887450218
7897,0.012855122797191143
7898,0.01626863330602646
7899,0.012810533866286278
7900,0.011088354513049126
7901,0.0073989806696772575
7902,0.010031389072537422
7903,0.021962931379675865
7904,0.00534992478787899
7905,0.008340854197740555
7906,0.004299105145037174
7907,0.005217741709202528
7908,0.05290597677230835
7909,0.027347449213266373
7910,0.01787935197353363
7911,0.022100064903497696
7912,0.0042304592207074165
7913,0.019475821405649185
7914,0.014882056042551994
7915,0.012692747637629509
7916,0.00352818937972188
7917,0.024791549891233444
7918,0.016648149117827415
7919,0.03570955991744995
7920,0.02662959322333336
7921,0.016792040318250656
7922,0.007729752920567989
7923,0.02135583385825157
7924,0.008922457695007324
7925,0.04058505594730377
7926,0.018512530252337456
7927,0.02139473706483841
7928,0.014645385555922985
7929,0.024498537182807922
7930,0.020649386569857597
7931,0.027094503864645958
7932,0.01665974035859108
7933,0.06090950965881348
7934,0.007058779709041119
7935,0.010944230481982231
7936,0.009577343240380287
7937,0.02182128094136715
7938,0.023239728063344955
7939,0.01778244413435459
7940,0.0782446414232254
7941,0.008962979540228844
7942,0.0035313237458467484
7943,0.00991765595972538
7944,0.02048879861831665
7945,0.015802383422851562
7946,0.011059429496526718
7947,0.04424602910876274
7948,0.00584930507466197
7949,0.012796910479664803
7950,0.03604477643966675
7951,0.011352241039276123
7952,0.010562470182776451
7953,0.0050475201569497585
7954,0.004027307964861393
7955,0.022536352276802063
7956,0.02097730152308941
7957,0.018418829888105392
7958,0.0036081713624298573
7959,0.04586183279752731
7960,0.013974294066429138
7961,0.012742082588374615
7962,0.014237558469176292
7963,0.02332504838705063
7964,0.01201077550649643
7965,0.018887318670749664
7966,0.010797068476676941
7967,0.011675860732793808
7968,0.010316231288015842
7969,0.02681104838848114
7970,0.02145121991634369
7971,0.010313853621482849
7972,0.02704608254134655
7973,0.01202460192143917
7974,0.01287059485912323
7975,0.004259038716554642
7976,0.014375731348991394
7977,0.0070670247077941895
7978,0.01301366463303566
7979,0.008356316015124321
7980,0.008974403142929077
7981,0.015688693150877953
7982,0.013870909810066223
7983,0.0062434375286102295
7984,0.01991792395710945
7985,0.002826377283781767
7986,0.014396688900887966
7987,0.03462671488523483
7988,0.009341776371002197
7989,0.028809621930122375
7990,0.016820603981614113
7991,0.007120800670236349
7992,0.004746029153466225
7993,0.021984778344631195
7994,0.021061725914478302
7995,0.01980651170015335
7996,0.016574842855334282
7997,0.008616933599114418
7998,0.007896462455391884
7999,0.026380395516753197
8000,0.014240875840187073
8001,0.012027054093778133
8002,0.02411043457686901
8003,0.011735878884792328
8004,0.009655827656388283
8005,0.007013007998466492
8006,0.024279356002807617
8007,0.026747828349471092
8008,0.005745863076299429
8009,0.04591408371925354
8010,0.01997823268175125
8011,0.009829413145780563
8012,0.019192643463611603
8013,0.010138006880879402
8014,0.017166346311569214
8015,0.008798117749392986
8016,0.013090362772345543
8017,0.008088838309049606
8018,0.026669006794691086
8019,0.028564004227519035
8020,0.016665473580360413
8021,0.007003097794950008
8022,0.007409266661852598
8023,0.005569217726588249
8024,0.04662852734327316
8025,0.006967475172132254
8026,0.01570432260632515
8027,0.008814429864287376
8028,0.009960617870092392
8029,0.012404119595885277
8030,0.041301265358924866
8031,0.010970890522003174
8032,0.017983390018343925
8033,0.010468661785125732
8034,0.02137550339102745
8035,0.010081516578793526
8036,0.007901500910520554
8037,0.014843454584479332
8038,0.015170234255492687
8039,0.013642318546772003
8040,0.01276337169110775
8041,0.020733211189508438
8042,0.02882450446486473
8043,0.007613646797835827
8044,0.01142796128988266
8045,0.02870657853782177
8046,0.04238956794142723
8047,0.010656965896487236
8048,0.014003962278366089
8049,0.005782865919172764
8050,0.008011387661099434
8051,0.01966901496052742
8052,0.00964629277586937
8053,0.007152184844017029
8054,0.022217726334929466
8055,0.029058333486318588
8056,0.021314142271876335
8057,0.010743094608187675
8058,0.02274925261735916
8059,0.010404789820313454
8060,0.003496597521007061
8061,0.07402239739894867
8062,0.005204529035836458
8063,0.0022183882538229227
8064,0.031421780586242676
8065,0.015410440973937511
8066,0.01301601342856884
8067,0.014128193259239197
8068,0.014133523218333721
8069,0.02090725302696228
8070,0.00595584511756897
8071,0.02225504443049431
8072,0.004795158747583628
8073,0.024023381993174553
8074,0.018366005271673203
8075,0.019747819751501083
8076,0.03750868886709213
8077,0.016021758317947388
8078,0.013152603060007095
8079,0.009390550665557384
8080,0.014999362640082836
8081,0.014336762949824333
8082,0.018692178651690483
8083,0.027363887056708336
8084,0.029780026525259018
8085,0.013154751621186733
8086,0.031669147312641144
8087,0.00756361847743392
8088,0.013386456295847893
8089,0.016604965552687645
8090,0.04210681840777397
8091,0.02471395954489708
8092,0.012303285300731659
8093,0.00730610266327858
8094,0.021705521270632744
8095,0.012813637033104897
8096,0.026677032932639122
8097,0.009745603427290916
8098,0.02424614131450653
8099,0.019655179232358932
8100,0.014831796288490295
8101,0.008263204246759415
8102,0.0058994232676923275
8103,0.024468718096613884
8104,0.008869362995028496
8105,0.012261413037776947
8106,0.010078562423586845
8107,0.023213978856801987
8108,0.011040902696549892
8109,0.007811941206455231
8110,0.05256250500679016
8111,0.009832372888922691
8112,0.01550767570734024
8113,0.01579407975077629
8114,0.005502346903085709
8115,0.015054114162921906
8116,0.016330718994140625
8117,0.010362766683101654
8118,0.010040681809186935
8119,0.0038467361591756344
8120,0.03526269271969795
8121,0.008182616904377937
8122,0.006759206764400005
8123,0.025897394865751266
8124,0.022728726267814636
8125,0.022780582308769226
8126,0.01933508738875389
8127,0.050978586077690125
8128,0.022161591798067093
8129,0.022337596863508224
8130,0.01954575441777706
8131,0.026683978736400604
8132,0.007939482107758522
8133,0.021241817623376846
8134,0.01638283021748066
8135,0.02147706411778927
8136,0.018404727801680565
8137,0.012362453155219555
8138,0.003477648366242647
8139,0.030669771134853363
8140,0.03273000195622444
8141,0.003971899393945932
8142,0.026823844760656357
8143,0.01662738248705864
8144,0.004743214230984449
8145,0.01759371906518936
8146,0.007053053006529808
8147,0.009009777568280697
8148,0.014347774907946587
8149,0.006915687583386898
8150,0.004716783761978149
8151,0.06498318910598755
8152,0.025890376418828964
8153,0.021073244512081146
8154,0.008103553205728531
8155,0.012429794296622276
8156,0.012423530220985413
8157,0.012491523288190365
8158,0.008175571449100971
8159,0.0036950022913515568
8160,0.0195166002959013
8161,0.019952720031142235
8162,0.012813925743103027
8163,0.034643854945898056
8164,0.01143911387771368
8165,0.021916061639785767
8166,0.03410137817263603
8167,0.013966068625450134
8168,0.031135782599449158
8169,0.025207269936800003
8170,0.015481499955058098
8171,0.0194028839468956
8172,0.021086029708385468
8173,0.0078806821256876
8174,0.009604590013623238
8175,0.023382678627967834
8176,0.010871859267354012
8177,0.0026835761964321136
8178,0.026308968663215637
8179,0.008673615753650665
8180,0.02076476626098156
8181,0.017030958086252213
8182,0.00808798149228096
8183,0.01597682200372219
8184,0.01543858926743269
8185,0.024566521868109703
8186,0.015561341308057308
8187,0.02866451069712639
8188,0.00547745730727911
8189,0.011997167021036148
8190,0.013897358439862728
8191,0.01439017802476883
8192,0.0252360962331295
8193,0.017613645642995834
8194,0.012243240140378475
8195,0.010193396359682083
8196,0.006698134355247021
8197,0.023420503363013268
8198,0.008519377559423447
8199,0.01002567633986473
8200,0.01534202229231596
8201,0.007024736609309912
8202,0.013817353174090385
8203,0.024388005957007408
8204,0.026408780366182327
8205,0.008406351320445538
8206,0.022480107843875885
8207,0.011424625292420387
8208,0.010395538061857224
8209,0.0079601826146245
8210,0.03259215131402016
8211,0.018916910514235497
8212,0.009572390466928482
8213,0.021729636937379837
8214,0.019613809883594513
8215,0.021078601479530334
8216,0.005457235034555197
8217,0.013115117326378822
8218,0.006205543875694275
8219,0.026326915249228477
8220,0.01248159073293209
8221,0.01825554296374321
8222,0.017296133562922478
8223,0.027547001838684082
8224,0.014869073405861855
8225,0.0071243843995034695
8226,0.014520971104502678
8227,0.007326386868953705
8228,0.021458450704813004
8229,0.013249545358121395
8230,0.009863218292593956
8231,0.007123153656721115
8232,0.0067390999756753445
8233,0.012785556726157665
8234,0.014463989995419979
8235,0.015877656638622284
8236,0.0033106729388237
8237,0.0038598550017923117
8238,0.007803620304912329
8239,0.00886407308280468
8240,0.006827882491052151
8241,0.02084672451019287
8242,0.01175485085695982
8243,0.01342087797820568
8244,0.016786590218544006
8245,0.00804535299539566
8246,0.019671788439154625
8247,0.0075888438150286674
8248,0.019208531826734543
8249,0.008289147168397903
8250,0.028906291350722313
8251,0.007944241166114807
8252,0.00731402775272727
8253,0.02807655557990074
8254,0.009662628173828125
8255,0.00959787517786026
8256,0.008274711668491364
8257,0.01695128343999386
8258,0.01889878883957863
8259,0.012398459017276764
8260,0.014695212244987488
8261,0.006973849143832922
8262,0.020275242626667023
8263,0.012014498934149742
8264,0.013805869035422802
8265,0.01568027213215828
8266,0.013945721089839935
8267,0.012922435998916626
8268,0.023439105600118637
8269,0.008258205838501453
8270,0.00983139406889677
8271,0.01392506342381239
8272,0.008273512125015259
8273,0.02586318366229534
8274,0.014646248891949654
8275,0.023878758773207664
8276,0.02148863673210144
8277,0.007948148995637894
8278,0.022469520568847656
8279,0.013552023097872734
8280,0.01711580902338028
8281,0.021349754184484482
8282,0.0301399864256382
8283,0.0034923560451716185
8284,0.02308676764369011
8285,0.004735985305160284
8286,0.009460041299462318
8287,0.005000805016607046
8288,0.03988781198859215
8289,0.00927390530705452
8290,0.014542736113071442
8291,0.03376087546348572
8292,0.012823205441236496
8293,0.014024055562913418
8294,0.03729400783777237
8295,0.04201691597700119
8296,0.013483035378158092
8297,0.010614975355565548
8298,0.008146065287292004
8299,0.0059705148451030254
8300,0.02561374381184578
8301,0.01865595206618309
8302,0.020158842206001282
8303,0.018948858603835106
8304,0.015220343135297298
8305,0.03745929151773453
8306,0.006506380625069141
8307,0.013256199657917023
8308,0.01788361743092537
8309,0.028355523943901062
8310,0.022915130481123924
8311,0.010169459506869316
8312,0.017520718276500702
8313,0.030133292078971863
8314,0.032699331641197205
8315,0.014242476783692837
8316,0.012522193603217602
8317,0.017021268606185913
8318,0.020269280299544334
8319,0.043533843010663986
8320,0.01783260703086853
8321,0.022627856582403183
8322,0.004481678828597069
8323,0.005771826021373272
8324,0.007658626884222031
8325,0.012686101719737053
8326,0.0043927151709795
8327,0.025050118565559387
8328,0.02714477851986885
8329,0.0228668674826622
8330,0.01504215132445097
8331,0.016023438423871994
8332,0.017305240035057068
8333,0.016464587301015854
8334,0.025029655545949936
8335,0.036766454577445984
8336,0.01813327893614769
8337,0.01943262480199337
8338,0.01861521601676941
8339,0.02029471844434738
8340,0.015520202927291393
8341,0.00927676260471344
8342,0.018080808222293854
8343,0.029506534337997437
8344,0.018831010907888412
8345,0.010500570759177208
8346,0.037552569061517715
8347,0.006457512732595205
8348,0.017427189275622368
8349,0.020427033305168152
8350,0.01313684694468975
8351,0.009531484916806221
8352,0.021088670939207077
8353,0.012301366776227951
8354,0.009446044452488422
8355,0.01956925354897976
8356,0.013632162474095821
8357,0.021058250218629837
8358,0.01661522127687931
8359,0.008564691990613937
8360,0.013058151118457317
8361,0.010501869022846222
8362,0.010733705013990402
8363,0.00514462124556303
8364,0.02187979780137539
8365,0.0134543776512146
8366,0.007090018130838871
8367,0.017492081969976425
8368,0.014780844561755657
8369,0.03339690715074539
8370,0.010648291558027267
8371,0.005759771913290024
8372,0.0034314882941544056
8373,0.00429542874917388
8374,0.013696393929421902
8375,0.03669504448771477
8376,0.005015070550143719
8377,0.013388579711318016
8378,0.004153357353061438
8379,0.013093136250972748
8380,0.00786513276398182
8381,0.008882449939846992
8382,0.03126700967550278
8383,0.03545363247394562
8384,0.009461648762226105
8385,0.0048984563909471035
8386,0.020115751773118973
8387,0.017643524333834648
8388,0.021235225722193718
8389,0.022695481777191162
8390,0.008843645453453064
8391,0.035126812756061554
8392,0.011391786858439445
8393,0.03305140882730484
8394,0.023617302998900414
8395,0.00933915562927723
8396,0.020266897976398468
8397,0.023526467382907867
8398,0.020766085013747215
8399,0.019526105374097824
8400,0.011304214596748352
8401,0.013819709420204163
8402,0.006511046551167965
8403,0.01836705021560192
8404,0.008767514489591122
8405,0.015704363584518433
8406,0.020186912268400192
8407,0.01977289840579033
8408,0.012377535924315453
8409,0.0048414794728159904
8410,0.029864009469747543
8411,0.018862811848521233
8412,0.035702142864465714
8413,0.0277186781167984
8414,0.019959095865488052
8415,0.03613608703017235
8416,0.017738912254571915
8417,0.021214157342910767
8418,0.013287916779518127
8419,0.026044931262731552
8420,0.007428471930325031
8421,0.01492931880056858
8422,0.0064287735149264336
8423,0.030755024403333664
8424,0.02017926797270775
8425,0.010732795111835003
8426,0.030569806694984436
8427,0.007116769906133413
8428,0.01700006052851677
8429,0.011309407651424408
8430,0.020724494010210037
8431,0.021415822207927704
8432,0.02398603782057762
8433,0.02507495880126953
8434,0.011647788807749748
8435,0.008125534281134605
8436,0.011655624955892563
8437,0.010183610953390598
8438,0.005952832754701376
8439,0.013599328696727753
8440,0.0197935551404953
8441,0.007031676825135946
8442,0.020639076828956604
8443,0.01200442761182785
8444,0.008353391662240028
8445,0.019096937030553818
8446,0.022591760382056236
8447,0.007414733525365591
8448,0.008165321312844753
8449,0.0063919685781002045
8450,0.019005537033081055
8451,0.017477180808782578
8452,0.026737362146377563
8453,0.006990469992160797
8454,0.013551682233810425
8455,0.007432932965457439
8456,0.016440395265817642
8457,0.01904335618019104
8458,0.007616167888045311
8459,0.010493437759578228
8460,0.008587006479501724
8461,0.00754537945613265
8462,0.015154301188886166
8463,0.005793690215796232
8464,0.021864911541342735
8465,0.017139790579676628
8466,0.012644201517105103
8467,0.0115174800157547
8468,0.015214048326015472
8469,0.007603763602674007
8470,0.006722058169543743
8471,0.005592264235019684
8472,0.013624206185340881
8473,0.01594625972211361
8474,0.01011555828154087
8475,0.01117646973580122
8476,0.016153793781995773
8477,0.019015531986951828
8478,0.005746360868215561
8479,0.013717889785766602
8480,0.009185290895402431
8481,0.0204436257481575
8482,0.016349922865629196
8483,0.025758853182196617
8484,0.011750887148082256
8485,0.01553605031222105
8486,0.006144117563962936
8487,0.014643683098256588
8488,0.014989374205470085
8489,0.021536339074373245
8490,0.006675249896943569
8491,0.013942144811153412
8492,0.01798081398010254
8493,0.016406476497650146
8494,0.013877126388251781
8495,0.01610194891691208
8496,0.004992417525500059
8497,0.017404235899448395
8498,0.011315148323774338
8499,0.028844228014349937
8500,0.056687068194150925
8501,0.00833847001194954
8502,0.011038354597985744
8503,0.009484760463237762
8504,0.036714423447847366
8505,0.019307345151901245
8506,0.005137347616255283
8507,0.01441208552569151
8508,0.020016824826598167
8509,0.007790367119014263
8510,0.01923063024878502
8511,0.006829348858445883
8512,0.02379872463643551
8513,0.015446110628545284
8514,0.007867388427257538
8515,0.005657332018017769
8516,0.009365973062813282
8517,0.01539415679872036
8518,0.014866502955555916
8519,0.013412046246230602
8520,0.012890893034636974
8521,0.023981792852282524
8522,0.010317577049136162
8523,0.029002239927649498
8524,0.009273992851376534
8525,0.018189555034041405
8526,0.008939681574702263
8527,0.007104324176907539
8528,0.02397909387946129
8529,0.01954938843846321
8530,0.01422911137342453
8531,0.007375798188149929
8532,0.019209381192922592
8533,0.011564334854483604
8534,0.00862437579780817
8535,0.018717098981142044
8536,0.016004472970962524
8537,0.004896296188235283
8538,0.007147521711885929
8539,0.013470224104821682
8540,0.009721454232931137
8541,0.020364155992865562
8542,0.014368954114615917
8543,0.008087879978120327
8544,0.006447853520512581
8545,0.011844925582408905
8546,0.005414843559265137
8547,0.008499007672071457
8548,0.007470380049198866
8549,0.006103683263063431
8550,0.021542470902204514
8551,0.024271285161376
8552,0.018594514578580856
8553,0.014718012884259224
8554,0.04341241717338562
8555,0.06783511489629745
8556,0.01057723443955183
8557,0.016242075711488724
8558,0.004670185502618551
8559,0.01448208000510931
8560,0.01617535948753357
8561,0.010836581699550152
8562,0.005870911292731762
8563,0.006011271849274635
8564,0.021352902054786682
8565,0.008598560467362404
8566,0.028805574402213097
8567,0.022054200991988182
8568,0.02870028279721737
8569,0.006023692898452282
8570,0.020482419058680534
8571,0.011654270812869072
8572,0.020684683695435524
8573,0.013485881499946117
8574,0.032317545264959335
8575,0.011566205881536007
8576,0.01118697039783001
8577,0.021672597154974937
8578,0.010697677731513977
8579,0.012002798728644848
8580,0.005128075368702412
8581,0.028762906789779663
8582,0.02546640858054161
8583,0.03193940967321396
8584,0.02336440235376358
8585,0.03458833694458008
8586,0.013407586142420769
8587,0.0074958279728889465
8588,0.014232752844691277
8589,0.01957770437002182
8590,0.0032986532896757126
8591,0.014138038270175457
8592,0.018708063289523125
8593,0.013742603361606598
8594,0.015416446141898632
8595,0.011677602306008339
8596,0.005232427269220352
8597,0.012255726382136345
8598,0.018960539251565933
8599,0.013155716471374035
8600,0.010726682841777802
8601,0.005358654074370861
8602,0.013698697090148926
8603,0.006564644630998373
8604,0.010917282663285732
8605,0.014648452401161194
8606,0.01593727432191372
8607,0.00842101126909256
8608,0.014681938104331493
8609,0.02987300418317318
8610,0.014160248450934887
8611,0.009294060990214348
8612,0.06144203245639801
8613,0.012777945958077908
8614,0.016628311946988106
8615,0.016487572342157364
8616,0.013992039486765862
8617,0.014533470384776592
8618,0.012839685194194317
8619,0.03918140381574631
8620,0.01912951096892357
8621,0.04060336947441101
8622,0.008628281764686108
8623,0.0433044359087944
8624,0.01881510578095913
8625,0.016134120523929596
8626,0.007288770284503698
8627,0.01800486072897911
8628,0.01843075454235077
8629,0.011094081215560436
8630,0.016714727506041527
8631,0.015752088278532028
8632,0.01480909250676632
8633,0.03877941891551018
8634,0.0100490627810359
8635,0.013301718048751354
8636,0.013180303387343884
8637,0.011224033311009407
8638,0.01400613784790039
8639,0.005045087076723576
8640,0.020429903641343117
8641,0.010645444504916668
8642,0.009487639181315899
8643,0.017484799027442932
8644,0.02275482565164566
8645,0.01034941803663969
8646,0.023291176185011864
8647,0.015843547880649567
8648,0.027389688417315483
8649,0.009327848441898823
8650,0.011282678693532944
8651,0.04869093745946884
8652,0.011335715651512146
8653,0.015667609870433807
8654,0.01406751200556755
8655,0.007612114772200584
8656,0.010820752009749413
8657,0.026199249550700188
8658,0.009756175801157951
8659,0.020014287903904915
8660,0.02316894195973873
8661,0.038128044456243515
8662,0.009152539074420929
8663,0.022719427943229675
8664,0.022991260513663292
8665,0.00966015737503767
8666,0.00940884929150343
8667,0.022234823554754257
8668,0.02522125653922558
8669,0.011835642158985138
8670,0.014922603964805603
8671,0.005669669713824987
8672,0.013573141768574715
8673,0.006304018199443817
8674,0.020584359765052795
8675,0.01581258326768875
8676,0.0059563834220170975
8677,0.01678769290447235
8678,0.037010304629802704
8679,0.026668615639209747
8680,0.010891271755099297
8681,0.026220306754112244
8682,0.015950346365571022
8683,0.012412099167704582
8684,0.026361551135778427
8685,0.023056430742144585
8686,0.009820415638387203
8687,0.006227877922356129
8688,0.04097052663564682
8689,0.026394203305244446
8690,0.006330585107207298
8691,0.008152773603796959
8692,0.03354377672076225
8693,0.024688979610800743
8694,0.023514624685049057
8695,0.009384113363921642
8696,0.0127786323428154
8697,0.008772811852395535
8698,0.027997519820928574
8699,0.010815809480845928
8700,0.015186920762062073
8701,0.013197598978877068
8702,0.10710456222295761
8703,0.024221446365118027
8704,0.013640346936881542
8705,0.028376294299960136
8706,0.010347727686166763
8707,0.00948314368724823
8708,0.003716428764164448
8709,0.004597745835781097
8710,0.01491313986480236
8711,0.02202596329152584
8712,0.009054940193891525
8713,0.004591727629303932
8714,0.007324292324483395
8715,0.010791940614581108
8716,0.021354440599679947
8717,0.006967572029680014
8718,0.014388205483555794
8719,0.008088815025985241
8720,0.0235842764377594
8721,0.005456948187202215
8722,0.016608677804470062
8723,0.019709959626197815
8724,0.025036079809069633
8725,0.013860191218554974
8726,0.014083623886108398
8727,0.037589870393276215
8728,0.016022248193621635
8729,0.0327945277094841
8730,0.023143386468291283
8731,0.02473561279475689
8732,0.012770633213222027
8733,0.017749737948179245
8734,0.02580314874649048
8735,0.013136586174368858
8736,0.024822045117616653
8737,0.015604308806359768
8738,0.0155702605843544
8739,0.012626847252249718
8740,0.006271171383559704
8741,0.014300710521638393
8742,0.007725468836724758
8743,0.008907594718039036
8744,0.04609221965074539
8745,0.030843563377857208
8746,0.026454797014594078
8747,0.02904186211526394
8748,0.021476855501532555
8749,0.01114149671047926
8750,0.013806574046611786
8751,0.013391688466072083
8752,0.00532336812466383
8753,0.012617534026503563
8754,0.013124733231961727
8755,0.008265159092843533
8756,0.005357128567993641
8757,0.01529471855610609
8758,0.012578729540109634
8759,0.018726926296949387
8760,0.01819765940308571
8761,0.01327761821448803
8762,0.01475483737885952
8763,0.026033952832221985
8764,0.01166100800037384
8765,0.008123431354761124
8766,0.024530481547117233
8767,0.0073159984312951565
8768,0.006722281686961651
8769,0.00715816393494606
8770,0.009298497810959816
8771,0.008231177926063538
8772,0.014135472476482391
8773,0.013975011184811592
8774,0.026908336207270622
8775,0.012311350554227829
8776,0.018437325954437256
8777,0.01556614600121975
8778,0.019878096878528595
8779,0.015422888100147247
8780,0.025098538026213646
8781,0.013847212307155132
8782,0.005390264093875885
8783,0.011825463734567165
8784,0.013683956116437912
8785,0.012928656302392483
8786,0.011584101244807243
8787,0.009791519492864609
8788,0.008547792211174965
8789,0.03880608081817627
8790,0.011311128735542297
8791,0.005341037642210722
8792,0.007520657032728195
8793,0.029046645388007164
8794,0.006443462334573269
8795,0.055804356932640076
8796,0.011815208941698074
8797,0.01704389974474907
8798,0.04164329171180725
8799,0.012584332376718521
8800,0.04922354221343994
8801,0.01692122593522072
8802,0.013144141063094139
8803,0.020923282951116562
8804,0.015899773687124252
8805,0.009204799309372902
8806,0.011250632815063
8807,0.014629337005317211
8808,0.012815579771995544
8809,0.015969952568411827
8810,0.010505352169275284
8811,0.032522059977054596
8812,0.017239412292838097
8813,0.006111862137913704
8814,0.02295573428273201
8815,0.008731908164918423
8816,0.011288943700492382
8817,0.024613987654447556
8818,0.02927294746041298
8819,0.01681707426905632
8820,0.03830374777317047
8821,0.018380334600806236
8822,0.015756499022245407
8823,0.010636657476425171
8824,0.010657223872840405
8825,0.029107635840773582
8826,0.008728154003620148
8827,0.017124708741903305
8828,0.03832025080919266
8829,0.012307589873671532
8830,0.013778304681181908
8831,0.024545948952436447
8832,0.023317499086260796
8833,0.01686197519302368
8834,0.026152541860938072
8835,0.0127167459577322
8836,0.01800272986292839
8837,0.015841137617826462
8838,0.0103217251598835
8839,0.007680312730371952
8840,0.009740072302520275
8841,0.015903836116194725
8842,0.016672194004058838
8843,0.03143361210823059
8844,0.012035022489726543
8845,0.013643885962665081
8846,0.027204539626836777
8847,0.010610101744532585
8848,0.0067914980463683605
8849,0.01445278525352478
8850,0.005094703286886215
8851,0.010371753945946693
8852,0.03668972849845886
8853,0.035977091640233994
8854,0.012728085741400719
8855,0.04168079048395157
8856,0.009733807295560837
8857,0.03518648073077202
8858,0.018980490043759346
8859,0.01590438187122345
8860,0.046700917184352875
8861,0.01089384313672781
8862,0.018343787640333176
8863,0.009460628032684326
8864,0.005068392492830753
8865,0.012458744458854198
8866,0.019184261560440063
8867,0.00457538478076458
8868,0.007401696406304836
8869,0.00788724236190319
8870,0.016764622181653976
8871,0.008524241857230663
8872,0.009453637525439262
8873,0.01885857805609703
8874,0.03654036298394203
8875,0.03181001543998718
8876,0.00826680101454258
8877,0.022023886442184448
8878,0.006952447351068258
8879,0.028047194704413414
8880,0.01582828164100647
8881,0.01755187287926674
8882,0.007073685526847839
8883,0.017174167558550835
8884,0.005805156193673611
8885,0.02113226056098938
8886,0.014511656016111374
8887,0.015014789998531342
8888,0.01491178572177887
8889,0.034527312964200974
8890,0.012338552623987198
8891,0.013374624773859978
8892,0.02308747172355652
8893,0.026624783873558044
8894,0.018243858590722084
8895,0.009204920381307602
8896,0.004627562593668699
8897,0.013005455955862999
8898,0.029239311814308167
8899,0.009761997498571873
8900,0.013233925215899944
8901,0.017081227153539658
8902,0.011956419795751572
8903,0.010051172226667404
8904,0.009218022227287292
8905,0.007216073106974363
8906,0.006297718733549118
8907,0.014915749430656433
8908,0.005460594780743122
8909,0.01444137841463089
8910,0.03913753852248192
8911,0.02233225665986538
8912,0.006146923638880253
8913,0.011159216985106468
8914,0.011444440111517906
8915,0.023713206872344017
8916,0.012740815989673138
8917,0.019972020760178566
8918,0.025488046929240227
8919,0.01688987761735916
8920,0.011514656245708466
8921,0.024081993848085403
8922,0.012749439105391502
8923,0.01740552857518196
8924,0.01586897112429142
8925,0.038073740899562836
8926,0.020168010145425797
8927,0.03655707836151123
8928,0.016442283987998962
8929,0.016332831233739853
8930,0.012240847572684288
8931,0.016291087493300438
8932,0.01788649521768093
8933,0.017597166821360588
8934,0.017059672623872757
8935,0.010988064110279083
8936,0.009423021227121353
8937,0.005537285469472408
8938,0.016052234917879105
8939,0.011812342330813408
8940,0.021716414019465446
8941,0.017281129956245422
8942,0.011209005489945412
8943,0.005293193273246288
8944,0.017229218035936356
8945,0.0132218636572361
8946,0.007207605987787247
8947,0.006311058532446623
8948,0.013358156196773052
8949,0.015630589798092842
8950,0.008790422230958939
8951,0.009951606392860413
8952,0.01299293339252472
8953,0.025196891278028488
8954,0.0186502356082201
8955,0.005895191337913275
8956,0.013033656403422356
8957,0.01208562683314085
8958,0.008915374055504799
8959,0.013277786783874035
8960,0.012760709039866924
8961,0.009941959753632545
8962,0.030811218544840813
8963,0.009953927248716354
8964,0.029078727588057518
8965,0.010497490875422955
8966,0.015432795509696007
8967,0.0063342987559735775
8968,0.015629490837454796
8969,0.03323104605078697
8970,0.0219913050532341
8971,0.025156376883387566
8972,0.04395610839128494
8973,0.010871091857552528
8974,0.013791283592581749
8975,0.006759545765817165
8976,0.009040367789566517
8977,0.011613970622420311
8978,0.009641362354159355
8979,0.009563550353050232
8980,0.028694190084934235
8981,0.007992614060640335
8982,0.009947212412953377
8983,0.005512532778084278
8984,0.0071207331493496895
8985,0.009171999990940094
8986,0.009965919889509678
8987,0.02583889663219452
8988,0.016863849014043808
8989,0.011960111558437347
8990,0.01226210966706276
8991,0.026098301634192467
8992,0.024110563099384308
8993,0.006292707286775112
8994,0.01886328123509884
8995,0.013050323352217674
8996,0.01238478533923626
8997,0.012389833107590675
8998,0.008866450749337673
8999,0.011035313829779625
9000,0.012689359486103058
9001,0.008254471234977245
9002,0.01105751097202301
9003,0.009118686430156231
9004,0.011314238421618938
9005,0.022524427622556686
9006,0.02024591714143753
9007,0.008784417062997818
9008,0.008287297561764717
9009,0.022414138540625572
9010,0.014779249206185341
9011,0.011347716674208641
9012,0.012372449040412903
9013,0.009541729465126991
9014,0.011596809141337872
9015,0.025670988485217094
9016,0.007229731418192387
9017,0.011941607110202312
9018,0.01337151788175106
9019,0.02174345962703228
9020,0.009346837177872658
9021,0.00779404491186142
9022,0.013628942891955376
9023,0.01630331389605999
9024,0.025240851566195488
9025,0.01816660724580288
9026,0.009512069635093212
9027,0.011957637034356594
9028,0.021632827818393707
9029,0.012758893892168999
9030,0.011146354489028454
9031,0.018636208027601242
9032,0.009538155980408192
9033,0.00996025837957859
9034,0.013588018715381622
9035,0.014126698486506939
9036,0.008757522329688072
9037,0.011103486642241478
9038,0.0229901485145092
9039,0.011220820248126984
9040,0.018961787223815918
9041,0.005825439002364874
9042,0.01303351204842329
9043,0.008724857121706009
9044,0.015037409029901028
9045,0.014469007961452007
9046,0.007431782782077789
9047,0.025468667969107628
9048,0.010670538060367107
9049,0.01563095673918724
9050,0.014212328009307384
9051,0.00510245468467474
9052,0.013296904042363167
9053,0.016623910516500473
9054,0.010802162811160088
9055,0.01078950148075819
9056,0.025033392012119293
9057,0.01760750077664852
9058,0.01313839852809906
9059,0.012323273345828056
9060,0.024691160768270493
9061,0.005037316121160984
9062,0.005297949071973562
9063,0.02003660798072815
9064,0.01251213252544403
9065,0.016388071700930595
9066,0.011450713500380516
9067,0.013358148746192455
9068,0.020976971834897995
9069,0.03030058741569519
9070,0.0305008701980114
9071,0.0242607519030571
9072,0.008993103168904781
9073,0.018183261156082153
9074,0.033565644174814224
9075,0.010546485893428326
9076,0.007059834897518158
9077,0.005946708843111992
9078,0.020555589348077774
9079,0.017085954546928406
9080,0.02652573212981224
9081,0.007092009298503399
9082,0.021847423166036606
9083,0.013912936672568321
9084,0.011720404028892517
9085,0.0174663495272398
9086,0.006766129285097122
9087,0.005568021442741156
9088,0.008813790045678616
9089,0.008969816379249096
9090,0.008385004475712776
9091,0.0412713997066021
9092,0.014594691805541515
9093,0.011547503992915154
9094,0.007959081791341305
9095,0.01255891378968954
9096,0.01862679049372673
9097,0.01832566410303116
9098,0.0069688474759459496
9099,0.014408094808459282
9100,0.008930916897952557
9101,0.04033071547746658
9102,0.008458677679300308
9103,0.012912038713693619
9104,0.010580068454146385
9105,0.005334790796041489
9106,0.02726595476269722
9107,0.006528329104185104
9108,0.02343389019370079
9109,0.020835941657423973
9110,0.006532603409141302
9111,0.0119848120957613
9112,0.011166008189320564
9113,0.03482162579894066
9114,0.013820360414683819
9115,0.03477238491177559
9116,0.012454390525817871
9117,0.012345381081104279
9118,0.01034579612314701
9119,0.008082087151706219
9120,0.02272055670619011
9121,0.005296435207128525
9122,0.009508802555501461
9123,0.03394392877817154
9124,0.0146046606823802
9125,0.01780230924487114
9126,0.010706853121519089
9127,0.022367170080542564
9128,0.02246846817433834
9129,0.014511749148368835
9130,0.00993830244988203
9131,0.005807205568999052
9132,0.01810780167579651
9133,0.007544025778770447
9134,0.03548196330666542
9135,0.019261464476585388
9136,0.0107693737372756
9137,0.022124771028757095
9138,0.011994889006018639
9139,0.014084432274103165
9140,0.008445361629128456
9141,0.00429604621604085
9142,0.017167655751109123
9143,0.012591652572154999
9144,0.028163982555270195
9145,0.01591411605477333
9146,0.01277351938188076
9147,0.006746613886207342
9148,0.012185994535684586
9149,0.013186328113079071
9150,0.01081341877579689
9151,0.007996851578354836
9152,0.008669664151966572
9153,0.010808631777763367
9154,0.020509976893663406
9155,0.027241036295890808
9156,0.013215056620538235
9157,0.03153974562883377
9158,0.020921610295772552
9159,0.018234923481941223
9160,0.025268923491239548
9161,0.019396275281906128
9162,0.022287636995315552
9163,0.023625724017620087
9164,0.02349763736128807
9165,0.02618608996272087
9166,0.009420100599527359
9167,0.017808202654123306
9168,0.006188518833369017
9169,0.015881169587373734
9170,0.008079731836915016
9171,0.0102126095443964
9172,0.026251792907714844
9173,0.01310499757528305
9174,0.014582611620426178
9175,0.00987571757286787
9176,0.014024578034877777
9177,0.015489572659134865
9178,0.027261242270469666
9179,0.01715794950723648
9180,0.014990760944783688
9181,0.012522540055215359
9182,0.02408353053033352
9183,0.006592008285224438
9184,0.026808371767401695
9185,0.007391295395791531
9186,0.023790372535586357
9187,0.027211200445890427
9188,0.008230776526033878
9189,0.018552759662270546
9190,0.030563807114958763
9191,0.02953716367483139
9192,0.004618764389306307
9193,0.010988624766469002
9194,0.01758299395442009
9195,0.011376174166798592
9196,0.008024647831916809
9197,0.008570629172027111
9198,0.00835970789194107
9199,0.015345007181167603
9200,0.02161559835076332
9201,0.0081724738702178
9202,0.011913812719285488
9203,0.018227625638246536
9204,0.015213748440146446
9205,0.008105400949716568
9206,0.012490686029195786
9207,0.007535251788794994
9208,0.015034048818051815
9209,0.010692483745515347
9210,0.00829459261149168
9211,0.07630951702594757
9212,0.014385516755282879
9213,0.011627554893493652
9214,0.011113261803984642
9215,0.008614063262939453
9216,0.015275801531970501
9217,0.022564178332686424
9218,0.01808367483317852
9219,0.01365581713616848
9220,0.006243827752768993
9221,0.011723837815225124
9222,0.02359885536134243
9223,0.008519330993294716
9224,0.011034874245524406
9225,0.008755529299378395
9226,0.005827087443321943
9227,0.006065878551453352
9228,0.00937989167869091
9229,0.0332065150141716
9230,0.03784940391778946
9231,0.00531387235969305
9232,0.011914688162505627
9233,0.011313185095787048
9234,0.022130604833364487
9235,0.01439221203327179
9236,0.006720677018165588
9237,0.018967164680361748
9238,0.014497358351945877
9239,0.016594422981142998
9240,0.012674620375037193
9241,0.00753547390922904
9242,0.010005326941609383
9243,0.00568785285577178
9244,0.01789049431681633
9245,0.012578470632433891
9246,0.0075845420360565186
9247,0.006750524044036865
9248,0.02124553732573986
9249,0.010310654528439045
9250,0.010339046828448772
9251,0.0036158952862024307
9252,0.00970254186540842
9253,0.024868175387382507
9254,0.011766246519982815
9255,0.015103725716471672
9256,0.02476581558585167
9257,0.019058015197515488
9258,0.0089960852637887
9259,0.015164732933044434
9260,0.006608681287616491
9261,0.021299224346876144
9262,0.015632759779691696
9263,0.01994241029024124
9264,0.008494555950164795
9265,0.004457938484847546
9266,0.007208270486444235
9267,0.011840147897601128
9268,0.02004985883831978
9269,0.015319250524044037
9270,0.0054513453505933285
9271,0.014033610001206398
9272,0.02390822395682335
9273,0.014156787656247616
9274,0.009645242244005203
9275,0.016457457095384598
9276,0.03324150666594505
9277,0.02449963614344597
9278,0.008350443094968796
9279,0.008691147901117802
9280,0.01572895608842373
9281,0.014053511433303356
9282,0.01571393571794033
9283,0.03543458506464958
9284,0.017164846882224083
9285,0.01874125748872757
9286,0.014118704944849014
9287,0.005807879380881786
9288,0.02209327183663845
9289,0.025685157626867294
9290,0.0034666089341044426
9291,0.017706062644720078
9292,0.013893554918467999
9293,0.017192292958498
9294,0.004493949003517628
9295,0.008550676517188549
9296,0.011569727212190628
9297,0.010161763057112694
9298,0.019447073340415955
9299,0.012911483645439148
9300,0.020492034032940865
9301,0.021957162767648697
9302,0.02190154418349266
9303,0.005943111144006252
9304,0.022718239575624466
9305,0.016764076426625252
9306,0.00562596321105957
9307,0.004924938548356295
9308,0.01278876792639494
9309,0.007327090948820114
9310,0.014584943652153015
9311,0.006562679074704647
9312,0.009698022156953812
9313,0.011926385574042797
9314,0.015054246410727501
9315,0.008085985668003559
9316,0.006860474124550819
9317,0.008598798885941505
9318,0.008554461412131786
9319,0.027577731758356094
9320,0.022467266768217087
9321,0.031748153269290924
9322,0.0096756462007761
9323,0.020145734772086143
9324,0.007351429667323828
9325,0.005671619437634945
9326,0.015253951773047447
9327,0.01643301360309124
9328,0.01734873652458191
9329,0.019394494593143463
9330,0.005265051033347845
9331,0.008267826400697231
9332,0.024213489145040512
9333,0.011075986549258232
9334,0.010452529415488243
9335,0.00525164557620883
9336,0.01838005892932415
9337,0.023506902158260345
9338,0.008974584750831127
9339,0.013221612200140953
9340,0.005637231282889843
9341,0.019289091229438782
9342,0.014589088037610054
9343,0.006443854421377182
9344,0.018529418855905533
9345,0.011484186165034771
9346,0.012476145289838314
9347,0.01414893101900816
9348,0.012226808816194534
9349,0.014615923166275024
9350,0.01780417561531067
9351,0.013994603417813778
9352,0.005159498192369938
9353,0.008967244997620583
9354,0.009556405246257782
9355,0.019259873777627945
9356,0.009564059786498547
9357,0.020334042608737946
9358,0.008168919011950493
9359,0.012675574980676174
9360,0.024642175063490868
9361,0.002570237498730421
9362,0.050444453954696655
9363,0.009905962273478508
9364,0.009565653279423714
9365,0.02960677444934845
9366,0.016951246187090874
9367,0.00932726077735424
9368,0.018649861216545105
9369,0.011262675747275352
9370,0.020663592964410782
9371,0.030061593279242516
9372,0.007527881767600775
9373,0.005853316746652126
9374,0.01200961135327816
9375,0.01173892430961132
9376,0.026726875454187393
9377,0.023714613169431686
9378,0.007611672859638929
9379,0.008508475497364998
9380,0.02431853674352169
9381,0.008210447616875172
9382,0.0076952362433075905
9383,0.01596527174115181
9384,0.008023004978895187
9385,0.011663949117064476
9386,0.008992906659841537
9387,0.006180504336953163
9388,0.020436083897948265
9389,0.021877799183130264
9390,0.018112394958734512
9391,0.015834584832191467
9392,0.00875226128846407
9393,0.030767880380153656
9394,0.019279368221759796
9395,0.07743190973997116
9396,0.01251459401100874
9397,0.008716663345694542
9398,0.012731051072478294
9399,0.012528258375823498
9400,0.012603752315044403
9401,0.007152854464948177
9402,0.010562969371676445
9403,0.010476013645529747
9404,0.022034943103790283
9405,0.0183275006711483
9406,0.007840054109692574
9407,0.023089662194252014
9408,0.02202862873673439
9409,0.006053420715034008
9410,0.008563063107430935
9411,0.026345498859882355
9412,0.008741308003664017
9413,0.014324186369776726
9414,0.024052754044532776
9415,0.05631699413061142
9416,0.00475497730076313
9417,0.008200818672776222
9418,0.007323377765715122
9419,0.009498069062829018
9420,0.017754588276147842
9421,0.009548822417855263
9422,0.01461917906999588
9423,0.009968040511012077
9424,0.017269311472773552
9425,0.01521012932062149
9426,0.015178218483924866
9427,0.00833079032599926
9428,0.02071215957403183
9429,0.047400783747434616
9430,0.016676155850291252
9431,0.014023086056113243
9432,0.024914462119340897
9433,0.015351809561252594
9434,0.014853231608867645
9435,0.012125298380851746
9436,0.009972135536372662
9437,0.01827574521303177
9438,0.007410501129925251
9439,0.02036820352077484
9440,0.007572637405246496
9441,0.011010325513780117
9442,0.015566391870379448
9443,0.007766814436763525
9444,0.006628847680985928
9445,0.023831745609641075
9446,0.007424667477607727
9447,0.00815457385033369
9448,0.02362426184117794
9449,0.014105826616287231
9450,0.031051641330122948
9451,0.013352012261748314
9452,0.10035481303930283
9453,0.033641405403614044
9454,0.006497697439044714
9455,0.016469823196530342
9456,0.030045218765735626
9457,0.02013532631099224
9458,0.009369421750307083
9459,0.013828682713210583
9460,0.011428534984588623
9461,0.005943765863776207
9462,0.015517919324338436
9463,0.0076263523660600185
9464,0.008817663416266441
9465,0.008975734002888203
9466,0.014337979257106781
9467,0.01280488632619381
9468,0.03540341556072235
9469,0.009030579589307308
9470,0.013958080671727657
9471,0.013515881262719631
9472,0.02469084970653057
9473,0.012558750808238983
9474,0.025327429175376892
9475,0.02714097872376442
9476,0.01744425669312477
9477,0.014383627101778984
9478,0.012406337074935436
9479,0.04024265706539154
9480,0.013821735978126526
9481,0.013934142887592316
9482,0.028405120596289635
9483,0.018431395292282104
9484,0.015179736539721489
9485,0.01494599413126707
9486,0.016068194061517715
9487,0.008441353216767311
9488,0.014415825717151165
9489,0.017872389405965805
9490,0.011566913686692715
9491,0.01573103293776512
9492,0.007641234900802374
9493,0.01416577398777008
9494,0.011597976088523865
9495,0.006571063306182623
9496,0.02293267473578453
9497,0.011636760085821152
9498,0.015838511288166046
9499,0.026709243655204773
9500,0.008185073733329773
9501,0.02236969769001007
9502,0.009869730100035667
9503,0.02136290818452835
9504,0.02285725623369217
9505,0.010201389901340008
9506,0.022067129611968994
9507,0.01051090657711029
9508,0.016045797616243362
9509,0.024302421137690544
9510,0.007073788903653622
9511,0.030008813366293907
9512,0.03803480789065361
9513,0.018857959657907486
9514,0.0174601711332798
9515,0.018533846363425255
9516,0.029608754441142082
9517,0.01390860229730606
9518,0.040727224200963974
9519,0.017241306602954865
9520,0.01002118643373251
9521,0.01548554003238678
9522,0.01882055215537548
9523,0.037583477795124054
9524,0.02580164186656475
9525,0.007655325811356306
9526,0.008127106353640556
9527,0.00829128548502922
9528,0.020679756999015808
9529,0.02905264124274254
9530,0.005442461930215359
9531,0.021895496174693108
9532,0.014408459886908531
9533,0.010787919163703918
9534,0.015044599771499634
9535,0.013637530617415905
9536,0.03125300258398056
9537,0.007585079874843359
9538,0.008474502712488174
9539,0.019731828942894936
9540,0.01549590565264225
9541,0.02481696754693985
9542,0.011997784487903118
9543,0.012859615497291088
9544,0.00858009047806263
9545,0.009281165897846222
9546,0.00783332996070385
9547,0.013394584879279137
9548,0.009911122731864452
9549,0.011537494137883186
9550,0.005020207725465298
9551,0.020248565822839737
9552,0.012297126464545727
9553,0.01043914258480072
9554,0.009057854302227497
9555,0.0242488831281662
9556,0.012757629156112671
9557,0.01573682203888893
9558,0.01555434986948967
9559,0.029132647439837456
9560,0.014501466415822506
9561,0.03381238505244255
9562,0.01715482957661152
9563,0.02480999194085598
9564,0.04717322438955307
9565,0.013436606153845787
9566,0.010909151285886765
9567,0.00947226770222187
9568,0.009293723851442337
9569,0.006478637456893921
9570,0.00557259377092123
9571,0.019518285989761353
9572,0.014683968387544155
9573,0.008524870499968529
9574,0.013142913579940796
9575,0.0061329989694058895
9576,0.028989484533667564
9577,0.016165543347597122
9578,0.013738064095377922
9579,0.05080139636993408
9580,0.010603947564959526
9581,0.019139865413308144
9582,0.009347259998321533
9583,0.02098405361175537
9584,0.008745248429477215
9585,0.004797426518052816
9586,0.027977168560028076
9587,0.016214163973927498
9588,0.00911930575966835
9589,0.02700197324156761
9590,0.015819404274225235
9591,0.015682736411690712
9592,0.018156077712774277
9593,0.008280236274003983
9594,0.006570945959538221
9595,0.01754189282655716
9596,0.011868132278323174
9597,0.009050024673342705
9598,0.017205368727445602
9599,0.007016064133495092
9600,0.0312829464673996
9601,0.007807097397744656
9602,0.01372876949608326
9603,0.025821691378951073
9604,0.006339028477668762
9605,0.008459051139652729
9606,0.007497231476008892
9607,0.1146792471408844
9608,0.02326623722910881
9609,0.01681254431605339
9610,0.021622885018587112
9611,0.020204542204737663
9612,0.0433494970202446
9613,0.011054392904043198
9614,0.01913304440677166
9615,0.01294696144759655
9616,0.009711031801998615
9617,0.010879643261432648
9618,0.013087410479784012
9619,0.03628089651465416
9620,0.014668251387774944
9621,0.052807241678237915
9622,0.021979188546538353
9623,0.03182974457740784
9624,0.009311786852777004
9625,0.010905074886977673
9626,0.007929597049951553
9627,0.020649634301662445
9628,0.009545756503939629
9629,0.007380223833024502
9630,0.016145724803209305
9631,0.0048962365835905075
9632,0.01456516981124878
9633,0.022086335346102715
9634,0.010179251432418823
9635,0.008306795731186867
9636,0.016171356663107872
9637,0.01657070219516754
9638,0.0182486604899168
9639,0.021713167428970337
9640,0.016202658414840698
9641,0.013188268058001995
9642,0.018929367884993553
9643,0.024082452058792114
9644,0.006957544945180416
9645,0.01384089794009924
9646,0.027568157762289047
9647,0.020473260432481766
9648,0.009702015668153763
9649,0.027511265128850937
9650,0.00742558017373085
9651,0.009259562008082867
9652,0.04327875003218651
9653,0.027824176475405693
9654,0.010185550898313522
9655,0.016904473304748535
9656,0.012532535940408707
9657,0.0155211566016078
9658,0.02695474773645401
9659,0.016068696975708008
9660,0.014871945604681969
9661,0.01070488803088665
9662,0.008377499878406525
9663,0.013973724097013474
9664,0.021331697702407837
9665,0.017934363335371017
9666,0.009109864011406898
9667,0.02056984417140484
9668,0.014140221290290356
9669,0.020612169057130814
9670,0.013794668018817902
9671,0.006546234246343374
9672,0.0066657718271017075
9673,0.020195286720991135
9674,0.019615229219198227
9675,0.008428359404206276
9676,0.006838945206254721
9677,0.027204101905226707
9678,0.0052805496379733086
9679,0.02735614776611328
9680,0.015696153044700623
9681,0.025782328099012375
9682,0.018780311569571495
9683,0.01301257312297821
9684,0.022568199783563614
9685,0.010396838188171387
9686,0.011107206344604492
9687,0.007940791547298431
9688,0.021756015717983246
9689,0.016410335898399353
9690,0.018367674201726913
9691,0.015278754755854607
9692,0.03282433748245239
9693,0.012156258337199688
9694,0.02577880583703518
9695,0.010206792503595352
9696,0.009884863160550594
9697,0.03415185213088989
9698,0.009145739488303661
9699,0.005820293910801411
9700,0.012466279789805412
9701,0.030401255935430527
9702,0.01624421589076519
9703,0.019205112010240555
9704,0.01377943716943264
9705,0.020380981266498566
9706,0.01252993568778038
9707,0.010463444516062737
9708,0.011838889680802822
9709,0.014099358581006527
9710,0.015422875992953777
9711,0.014095189981162548
9712,0.024616383016109467
9713,0.010442676953971386
9714,0.010526569560170174
9715,0.005405648611485958
9716,0.005849806591868401
9717,0.03874845802783966
9718,0.00977329071611166
9719,0.006616849452257156
9720,0.009850870817899704
9721,0.009978633373975754
9722,0.010130094364285469
9723,0.009001445956528187
9724,0.019648879766464233
9725,0.007684545125812292
9726,0.01933423802256584
9727,0.036304835230112076
9728,0.009532583877444267
9729,0.02051808498799801
9730,0.02308529242873192
9731,0.02765190228819847
9732,0.02180202305316925
9733,0.02281324192881584
9734,0.031703706830739975
9735,0.011478163301944733
9736,0.01785045489668846
9737,0.006422765552997589
9738,0.015490668825805187
9739,0.024066515266895294
9740,0.011374078691005707
9741,0.039381369948387146
9742,0.005176879465579987
9743,0.055702485144138336
9744,0.01096193864941597
9745,0.010820414870977402
9746,0.014245252124965191
9747,0.026084192097187042
9748,0.01001762505620718
9749,0.024461396038532257
9750,0.024410109966993332
9751,0.019885411486029625
9752,0.02055293694138527
9753,0.015240619890391827
9754,0.018332678824663162
9755,0.012321922928094864
9756,0.010579234920442104
9757,0.03241248428821564
9758,0.01189228892326355
9759,0.01698913797736168
9760,0.009439903311431408
9761,0.02993156760931015
9762,0.006078165024518967
9763,0.007096347864717245
9764,0.01271352730691433
9765,0.02055494859814644
9766,0.006219006609171629
9767,0.014682764187455177
9768,0.014944188296794891
9769,0.005685783922672272
9770,0.011104579083621502
9771,0.04297557473182678
9772,0.01164680253714323
9773,0.005829603876918554
9774,0.02903882972896099
9775,0.013705460354685783
9776,0.02420360967516899
9777,0.011220822110772133
9778,0.011013822630047798
9779,0.017483286559581757
9780,0.022795330733060837
9781,0.03664702922105789
9782,0.012102644890546799
9783,0.024724703282117844
9784,0.0057233828119933605
9785,0.00960384588688612
9786,0.013586856424808502
9787,0.008651039563119411
9788,0.020469017326831818
9789,0.011518034152686596
9790,0.01930581033229828
9791,0.016953660175204277
9792,0.03477618843317032
9793,0.012620470486581326
9794,0.025161344558000565
9795,0.030774075537919998
9796,0.015341503545641899
9797,0.023340076208114624
9798,0.018331371247768402
9799,0.024117834866046906
9800,0.006582561880350113
9801,0.007235714700073004
9802,0.005719277076423168
9803,0.005568052642047405
9804,0.007093869149684906
9805,0.01794007420539856
9806,0.012472933158278465
9807,0.018054384738206863
9808,0.01783253252506256
9809,0.005987389013171196
9810,0.028244037181138992
9811,0.011552314274013042
9812,0.009992766194045544
9813,0.031220262870192528
9814,0.009604338556528091
9815,0.015042970888316631
9816,0.013248411938548088
9817,0.016236629337072372
9818,0.006994710303843021
9819,0.012159842066466808
9820,0.013939030468463898
9821,0.015522646717727184
9822,0.01684730313718319
9823,0.025452567264437675
9824,0.004543098621070385
9825,0.010942074470221996
9826,0.008413284085690975
9827,0.009684628807008266
9828,0.010591045022010803
9829,0.021629974246025085
9830,0.008929263800382614
9831,0.041264794766902924
9832,0.007196803577244282
9833,0.013783725909888744
9834,0.02706402912735939
9835,0.012785395607352257
9836,0.006360598839819431
9837,0.018742479383945465
9838,0.019824501127004623
9839,0.01868033967912197
9840,0.011518689803779125
9841,0.009737301617860794
9842,0.010598893277347088
9843,0.03152958303689957
9844,0.024518048390746117
9845,0.047821834683418274
9846,0.015219174325466156
9847,0.025254225358366966
9848,0.011495739221572876
9849,0.02632303535938263
9850,0.007087572943419218
9851,0.008356168866157532
9852,0.015421192161738873
9853,0.007018431555479765
9854,0.009344715625047684
9855,0.014584451913833618
9856,0.01691669039428234
9857,0.024523606523871422
9858,0.020372647792100906
9859,0.0066020432859659195
9860,0.006252221763134003
9861,0.01932692527770996
9862,0.011095769703388214
9863,0.010930301621556282
9864,0.01175585389137268
9865,0.01688804104924202
9866,0.01435270719230175
9867,0.010278257541358471
9868,0.012389710173010826
9869,0.01781800016760826
9870,0.011423538438975811
9871,0.014733325690031052
9872,0.014137166552245617
9873,0.0074021234177052975
9874,0.015481381677091122
9875,0.018719635903835297
9876,0.0041640219278633595
9877,0.023564118891954422
9878,0.01697009801864624
9879,0.012958372943103313
9880,0.013880552724003792
9881,0.02147146686911583
9882,0.006087074056267738
9883,0.010548903606832027
9884,0.011418139562010765
9885,0.0034802742302417755
9886,0.0218515582382679
9887,0.012856888584792614
9888,0.014177071861922741
9889,0.011629700660705566
9890,0.018712250515818596
9891,0.009337475523352623
9892,0.018066078424453735
9893,0.013732504099607468
9894,0.006304755341261625
9895,0.00899878703057766
9896,0.004979006014764309
9897,0.007161169312894344
9898,0.015955524519085884
9899,0.010681210085749626
9900,0.009366311132907867
9901,0.011036607436835766
9902,0.027002893388271332
9903,0.018572494387626648
9904,0.017885100096464157
9905,0.011732742190361023
9906,0.004325665067881346
9907,0.02488597109913826
9908,0.0072620022110641
9909,0.03972029685974121
9910,0.03330158814787865
9911,0.005381876137107611
9912,0.0053366003558039665
9913,0.012992830947041512
9914,0.025986716151237488
9915,0.016466207802295685
9916,0.010503179393708706
9917,0.013851648196578026
9918,0.028053615242242813
9919,0.013630781322717667
9920,0.012866413220763206
9921,0.017366549000144005
9922,0.10114854574203491
9923,0.012689604423940182
9924,0.010133616626262665
9925,0.007520262151956558
9926,0.019561830908060074
9927,0.028864538297057152
9928,0.02407415583729744
9929,0.008374369703233242
9930,0.017630036920309067
9931,0.023410214111208916
9932,0.02500336244702339
9933,0.009149356745183468
9934,0.019677501171827316
9935,0.0166233591735363
9936,0.009959915652871132
9937,0.010756969451904297
9938,0.018923722207546234
9939,0.006581977009773254
9940,0.01347564160823822
9941,0.005666310898959637
9942,0.0243352260440588
9943,0.03182942420244217
9944,0.014153987169265747
9945,0.013195296749472618
9946,0.01238879095762968
9947,0.021239660680294037
9948,0.011590550653636456
9949,0.010432622395455837
9950,0.021071474999189377
9951,0.05764872953295708
9952,0.02180149219930172
9953,0.03919486701488495
9954,0.013282038271427155
9955,0.019593259319663048
9956,0.009188428521156311
9957,0.014966016635298729
9958,0.026804244145751
9959,0.012870613485574722
9960,0.02178249880671501
9961,0.01923934370279312
9962,0.012427869252860546
9963,0.009549866430461407
9964,0.008009180426597595
9965,0.022315513342618942
9966,0.008626643568277359
9967,0.01590469293296337
9968,0.010268638841807842
9969,0.009568490087985992
9970,0.011402270756661892
9971,0.011446548625826836
9972,0.01381407305598259
9973,0.011314007453620434
9974,0.01705607771873474
9975,0.013601603917777538
9976,0.014452466741204262
9977,0.02716885320842266
9978,0.005151509307324886
9979,0.027216872200369835
9980,0.016356585547327995
9981,0.004158336669206619
9982,0.014552382752299309
9983,0.005973124410957098
9984,0.014763563871383667
9985,0.01779097318649292
9986,0.013194939121603966
9987,0.03796987980604172
9988,0.009005791507661343
9989,0.029334446415305138
9990,0.02890254184603691
9991,0.006675983779132366
9992,0.011607611551880836
9993,0.013365413062274456
9994,0.003122679889202118
9995,0.010358263738453388
9996,0.005922520533204079
9997,0.011317471973598003
9998,0.0089028999209404
9999,0.015499348752200603
10000,0.00895322673022747
10001,0.012389985844492912
10002,0.020634841173887253
10003,0.02160453423857689
10004,0.014025046490132809
10005,0.008025791496038437
10006,0.01957007125020027
10007,0.02110026590526104
10008,0.01488427259027958
10009,0.017679061740636826
10010,0.014962486922740936
10011,0.013833500444889069
10012,0.013564694672822952
10013,0.012760992161929607
10014,0.016120828688144684
10015,0.016297128051519394
10016,0.010625912807881832
10017,0.03275103494524956
10018,0.012947248294949532
10019,0.014807547442615032
10020,0.019956354051828384
10021,0.008766323328018188
10022,0.007128206547349691
10023,0.008621602319180965
10024,0.013638472184538841
10025,0.015086020343005657
10026,0.007664907723665237
10027,0.0049707042053341866
10028,0.008962627500295639
10029,0.010375390760600567
10030,0.016313258558511734
10031,0.013022489845752716
10032,0.008269494399428368
10033,0.01609618216753006
10034,0.027243366464972496
10035,0.021658867597579956
10036,0.03827163577079773
10037,0.006574360188096762
10038,0.020201219245791435
10039,0.007609148975461721
10040,0.02263612300157547
10041,0.018816329538822174
10042,0.01271609216928482
10043,0.01399675291031599
10044,0.007876941934227943
10045,0.006577009335160255
10046,0.01158061157912016
10047,0.028720473870635033
10048,0.015657205134630203
10049,0.01080884039402008
10050,0.021011104807257652
10051,0.018609803169965744
10052,0.016101103276014328
10053,0.007625705562531948
10054,0.017319176346063614
10055,0.025409309193491936
10056,0.00936208851635456
10057,0.007462465204298496
10058,0.024867359548807144
10059,0.07858352363109589
10060,0.013237702660262585
10061,0.04045252501964569
10062,0.024534931406378746
10063,0.008083644323050976
10064,0.010887308046221733
10065,0.032423235476017
10066,0.0053124441765248775
10067,0.007580117788165808
10068,0.010055833496153355
10069,0.02208409085869789
10070,0.00810957234352827
10071,0.008057042956352234
10072,0.007188892923295498
10073,0.01626676693558693
10074,0.006741783581674099
10075,0.008243593387305737
10076,0.01761797070503235
10077,0.029707541689276695
10078,0.017651785165071487
10079,0.006133035756647587
10080,0.008123498409986496
10081,0.019206298515200615
10082,0.007066330872476101
10083,0.025608409196138382
10084,0.009770423173904419
10085,0.02055130898952484
10086,0.010712092742323875
10087,0.006715849041938782
10088,0.022099561989307404
10089,0.018209781497716904
10090,0.01199379749596119
10091,0.009776132181286812
10092,0.009712610393762589
10093,0.014368448406457901
10094,0.01904325932264328
10095,0.01539131160825491
10096,0.019412469118833542
10097,0.01401663850992918
10098,0.016326192766427994
10099,0.015963666141033173
10100,0.020749477669596672
10101,0.007403475698083639
10102,0.028227075934410095
10103,0.008062520064413548
10104,0.043550293892621994
10105,0.01949293166399002
10106,0.0320034995675087
10107,0.009892999194562435
10108,0.008035052567720413
10109,0.023924296721816063
10110,0.020611386746168137
10111,0.0071156807243824005
10112,0.012802636250853539
10113,0.03404901921749115
10114,0.008172702044248581
10115,0.02128695510327816
10116,0.017183084040880203
10117,0.014145123772323132
10118,0.01687008887529373
10119,0.0031429436057806015
10120,0.01330172922462225
10121,0.04065423458814621
10122,0.038590673357248306
10123,0.016504833474755287
10124,0.01379780750721693
10125,0.007619048468768597
10126,0.020404791459441185
10127,0.0073380665853619576
10128,0.01246604509651661
10129,0.012492895126342773
10130,0.016073180362582207
10131,0.012849058955907822
10132,0.009633388370275497
10133,0.011859679594635963
10134,0.008696528151631355
10135,0.01945369690656662
10136,0.0066963499411940575
10137,0.007527623325586319
10138,0.009094524197280407
10139,0.014014585874974728
10140,0.018127474933862686
10141,0.007651051506400108
10142,0.003732529003173113
10143,0.011511675082147121
10144,0.0246380977332592
10145,0.014669917523860931
10146,0.009265746921300888
10147,0.03344222158193588
10148,0.002860480919480324
10149,0.026004433631896973
10150,0.025229129940271378
10151,0.01355875562876463
10152,0.009044856764376163
10153,0.021379997953772545
10154,0.006878874264657497
10155,0.02027418278157711
10156,0.010474340990185738
10157,0.007377767935395241
10158,0.009061088785529137
10159,0.01073002815246582
10160,0.015044762752950191
10161,0.022957276552915573
10162,0.009369198232889175
10163,0.027615634724497795
10164,0.01547953486442566
10165,0.009390540421009064
10166,0.01294157188385725
10167,0.010670645162463188
10168,0.02493515983223915
10169,0.014947283081710339
10170,0.02379520609974861
10171,0.015135504305362701
10172,0.0061341263353824615
10173,0.027436617761850357
10174,0.016563639044761658
10175,0.024372488260269165
10176,0.010064158588647842
10177,0.012763647362589836
10178,0.01714545488357544
10179,0.01500408910214901
10180,0.025839058682322502
10181,0.015134081244468689
10182,0.009627675637602806
10183,0.009188298135995865
10184,0.013352682814002037
10185,0.014391149394214153
10186,0.010283360257744789
10187,0.02074679359793663
10188,0.0285470113158226
10189,0.04417936131358147
10190,0.011297432705760002
10191,0.015174425207078457
10192,0.008922511711716652
10193,0.018741341307759285
10194,0.008718511089682579
10195,0.009854726493358612
10196,0.03443791717290878
10197,0.01622907444834709
10198,0.012799490243196487
10199,0.006182529032230377
10200,0.004981298930943012
10201,0.026153918355703354
10202,0.028100013732910156
10203,0.013396653346717358
10204,0.021660327911376953
10205,0.023512914776802063
10206,0.007827496156096458
10207,0.008002426475286484
10208,0.00868907105177641
10209,0.021939394995570183
10210,0.013490798883140087
10211,0.01743924245238304
10212,0.012288499623537064
10213,0.009484213776886463
10214,0.022866498678922653
10215,0.02200327441096306
10216,0.02553747221827507
10217,0.010020551271736622
10218,0.012012714520096779
10219,0.037078388035297394
10220,0.008451806381344795
10221,0.014152179472148418
10222,0.020270951092243195
10223,0.021155070513486862
10224,0.022873196750879288
10225,0.01120754610747099
10226,0.01789174973964691
10227,0.027496226131916046
10228,0.005588270723819733
10229,0.0283995158970356
10230,0.019203271716833115
10231,0.007806154899299145
10232,0.02752772346138954
10233,0.008991751819849014
10234,0.01688995026051998
10235,0.012337271124124527
10236,0.019232645630836487
10237,0.014368715696036816
10238,0.022589758038520813
10239,0.006403454579412937
10240,0.007192923687398434
10241,0.00604115379974246
10242,0.018668416887521744
10243,0.017806943506002426
10244,0.007128664758056402
10245,0.010383699089288712
10246,0.011469341814517975
10247,0.038746170699596405
10248,0.007946118712425232
10249,0.005128628108650446
10250,0.013804880902171135
10251,0.02205182984471321
10252,0.0055936602875590324
10253,0.014768419787287712
10254,0.012544488534331322
10255,0.01727890595793724
10256,0.016816116869449615
10257,0.007509883493185043
10258,0.009288767352700233
10259,0.005755686666816473
10260,0.029408089816570282
10261,0.020866407081484795
10262,0.005454832222312689
10263,0.026561390608549118
10264,0.013266636058688164
10265,0.06929242610931396
10266,0.010232044383883476
10267,0.010332213714718819
10268,0.026001494377851486
10269,0.012318259105086327
10270,0.006809762679040432
10271,0.029783960431814194
10272,0.018366647884249687
10273,0.02678757905960083
10274,0.027896985411643982
10275,0.021403536200523376
10276,0.03179236128926277
10277,0.005001102574169636
10278,0.025957774370908737
10279,0.06659184396266937
10280,0.02777247503399849
10281,0.013199657201766968
10282,0.022774748504161835
10283,0.008980952203273773
10284,0.009719615802168846
10285,0.012708871625363827
10286,0.014104648493230343
10287,0.012001322582364082
10288,0.007218997925519943
10289,0.007749724201858044
10290,0.02530147135257721
10291,0.007692459970712662
10292,0.01032477617263794
10293,0.008859509602189064
10294,0.03657155856490135
10295,0.010739724151790142
10296,0.016252880915999413
10297,0.019680205732584
10298,0.018995199352502823
10299,0.010783868841826916
10300,0.016768572852015495
10301,0.01750221662223339
10302,0.013268085196614265
10303,0.0183156356215477
10304,0.0028853747062385082
10305,0.012690147385001183
10306,0.020905015990138054
10307,0.015933945775032043
10308,0.004431103356182575
10309,0.008450723253190517
10310,0.013000017032027245
10311,0.020998697727918625
10312,0.007696974091231823
10313,0.011012731119990349
10314,0.012879705987870693
10315,0.012418635189533234
10316,0.006919627543538809
10317,0.01719634048640728
10318,0.005220465362071991
10319,0.013871694914996624
10320,0.007369552738964558
10321,0.006996330805122852
10322,0.00799645483493805
10323,0.023512642830610275
10324,0.03319529816508293
10325,0.013422260992228985
10326,0.01346837729215622
10327,0.009294480085372925
10328,0.005031452048569918
10329,0.009606467559933662
10330,0.020997097715735435
10331,0.009082252159714699
10332,0.01763117127120495
10333,0.026468366384506226
10334,0.009965376928448677
10335,0.03507005795836449
10336,0.012314144521951675
10337,0.005492751952260733
10338,0.020311418920755386
10339,0.020755015313625336
10340,0.021232496947050095
10341,0.009883584454655647
10342,0.017751872539520264
10343,0.03709281235933304
10344,0.009054298512637615
10345,0.015007197856903076
10346,0.017237048596143723
10347,0.017689412459731102
10348,0.011521715670824051
10349,0.016792722046375275
10350,0.02035669982433319
10351,0.02223826013505459
10352,0.006582926027476788
10353,0.015533733181655407
10354,0.019839972257614136
10355,0.02009289711713791
10356,0.014814481139183044
10357,0.013062048703432083
10358,0.025055881589651108
10359,0.022262101992964745
10360,0.009150762110948563
10361,0.010817977599799633
10362,0.01854768954217434
10363,0.007585296407341957
10364,0.023482631891965866
10365,0.022277360782027245
10366,0.01335046999156475
10367,0.016740066930651665
10368,0.039505477994680405
10369,0.008495311252772808
10370,0.006193255539983511
10371,0.02178901433944702
10372,0.014018071815371513
10373,0.015484041534364223
10374,0.011168772354722023
10375,0.02815921977162361
10376,0.008181686513125896
10377,0.006986851803958416
10378,0.01644192822277546
10379,0.016951434314250946
10380,0.013348640874028206
10381,0.013339283876121044
10382,0.005724946968257427
10383,0.015835540369153023
10384,0.017709875479340553
10385,0.038055066019296646
10386,0.0118707325309515
10387,0.013749182224273682
10388,0.025261713191866875
10389,0.008889487944543362
10390,0.019266849383711815
10391,0.018735680729150772
10392,0.01363260205835104
10393,0.009291423484683037
10394,0.005753280594944954
10395,0.013711563311517239
10396,0.009825690649449825
10397,0.01678645983338356
10398,0.026428550481796265
10399,0.01537734642624855
10400,0.007094898726791143
10401,0.019989922642707825
10402,0.02507983148097992
10403,0.015052626840770245
10404,0.03200770169496536
10405,0.013616892509162426
10406,0.014806432649493217
10407,0.019644659012556076
10408,0.023469148203730583
10409,0.019203446805477142
10410,0.027498632669448853
10411,0.015766514465212822
10412,0.008198324590921402
10413,0.006124263629317284
10414,0.009273940697312355
10415,0.00637067062780261
10416,0.00785081833600998
10417,0.010189209133386612
10418,0.009668740443885326
10419,0.032779060304164886
10420,0.017761675640940666
10421,0.01134788803756237
10422,0.01853729784488678
10423,0.01465773768723011
10424,0.008249161764979362
10425,0.01602131873369217
10426,0.007556944619864225
10427,0.010631510987877846
10428,0.017700036987662315
10429,0.010697664692997932
10430,0.011622968129813671
10431,0.008626755326986313
10432,0.014883054420351982
10433,0.03770790994167328
10434,0.02868334949016571
10435,0.025000866502523422
10436,0.045239292085170746
10437,0.025285691022872925
10438,0.02782553993165493
10439,0.010699620470404625
10440,0.007555525284260511
10441,0.014910725876688957
10442,0.005440547596663237
10443,0.029282964766025543
10444,0.013446490280330181
10445,0.009738700464367867
10446,0.011033761315047741
10447,0.00484481081366539
10448,0.006064850836992264
10449,0.02561241015791893
10450,0.006815166678279638
10451,0.01178015023469925
10452,0.012994038872420788
10453,0.025715123862028122
10454,0.005823334213346243
10455,0.0121055468916893
10456,0.020602058619260788
10457,0.023382116109132767
10458,0.015581819228827953
10459,0.007417335174977779
10460,0.008077884092926979
10461,0.016335710883140564
10462,0.014782935380935669
10463,0.01682923547923565
10464,0.01060802023857832
10465,0.005892211105674505
10466,0.011852126568555832
10467,0.0068230051547288895
10468,0.012542584910988808
10469,0.019018400460481644
10470,0.00881000142544508
10471,0.017202209681272507
10472,0.013090929016470909
10473,0.007645065896213055
10474,0.0162663497030735
10475,0.007779610343277454
10476,0.013654796406626701
10477,0.02526949904859066
10478,0.01429373025894165
10479,0.023487411439418793
10480,0.005112665705382824
10481,0.012164069339632988
10482,0.018096715211868286
10483,0.015785468742251396
10484,0.011336657218635082
10485,0.015707947313785553
10486,0.004364000633358955
10487,0.014773858711123466
10488,0.019139431416988373
10489,0.005113739520311356
10490,0.017644427716732025
10491,0.014254341833293438
10492,0.010101157240569592
10493,0.013083561323583126
10494,0.006979383062571287
10495,0.006452493369579315
10496,0.02423804998397827
10497,0.016337189823389053
10498,0.005697810556739569
10499,0.008412624709308147
10500,0.02224809303879738
10501,0.018283583223819733
10502,0.01762283220887184
10503,0.022526904940605164
10504,0.02554161660373211
10505,0.017485596239566803
10506,0.006916401442140341
10507,0.003810751950368285
10508,0.02504301629960537
10509,0.016566794365644455
10510,0.022640859708189964
10511,0.02815237268805504
10512,0.02805010974407196
10513,0.01198487263172865
10514,0.009952765889465809
10515,0.005675806663930416
10516,0.017699148505926132
10517,0.020492108538746834
10518,0.02865472435951233
10519,0.009624882601201534
10520,0.017843788489699364
10521,0.005330350250005722
10522,0.014067737385630608
10523,0.01886754110455513
10524,0.01588837057352066
10525,0.007531912997364998
10526,0.006485652178525925
10527,0.01736028492450714
10528,0.010992221534252167
10529,0.04505590721964836
10530,0.018323881551623344
10531,0.013152516447007656
10532,0.009673799388110638
10533,0.01028549112379551
10534,0.012574929744005203
10535,0.010860942304134369
10536,0.017733603715896606
10537,0.014444063417613506
10538,0.014083134941756725
10539,0.02474103681743145
10540,0.02823648415505886
10541,0.01770005188882351
10542,0.015552839264273643
10543,0.012694360688328743
10544,0.03373270854353905
10545,0.014485679566860199
10546,0.015381449833512306
10547,0.010727795772254467
10548,0.008515376597642899
10549,0.01702946238219738
10550,0.016716623678803444
10551,0.0040250662714242935
10552,0.006812978535890579
10553,0.023654622957110405
10554,0.011635995469987392
10555,0.006979172583669424
10556,0.011020599864423275
10557,0.047233641147613525
10558,0.016711797565221786
10559,0.017257768660783768
10560,0.0493302159011364
10561,0.007692976854741573
10562,0.007084178738296032
10563,0.010600775480270386
10564,0.014493387192487717
10565,0.010113643482327461
10566,0.004446004517376423
10567,0.031002875417470932
10568,0.006443440448492765
10569,0.010252628475427628
10570,0.011195458471775055
10571,0.03641059249639511
10572,0.011147751472890377
10573,0.01861962303519249
10574,0.01580844819545746
10575,0.010926658287644386
10576,0.03036312758922577
10577,0.0159609392285347
10578,0.009102472104132175
10579,0.01642926037311554
10580,0.008875984698534012
10581,0.019173571839928627
10582,0.005173259414732456
10583,0.012084528803825378
10584,0.00632571941241622
10585,0.01082578580826521
10586,0.03339993953704834
10587,0.03523210436105728
10588,0.015571769326925278
10589,0.012594074010848999
10590,0.016478722915053368
10591,0.03054143488407135
10592,0.020230140537023544
10593,0.013686669990420341
10594,0.013606194406747818
10595,0.01136857084929943
10596,0.021693071350455284
10597,0.029529957100749016
10598,0.015902386978268623
10599,0.019081320613622665
10600,0.010183952748775482
10601,0.023751189932227135
10602,0.016058245673775673
10603,0.021487727761268616
10604,0.011429127305746078
10605,0.012424957007169724
10606,0.046807169914245605
10607,0.013142558746039867
10608,0.014582760632038116
10609,0.008165388368070126
10610,0.005707097705453634
10611,0.027185238897800446
10612,0.019680319353938103
10613,0.009630407206714153
10614,0.01771814003586769
10615,0.012389431707561016
10616,0.005899461917579174
10617,0.014916656538844109
10618,0.01742658019065857
10619,0.009314991533756256
10620,0.0045209722593426704
10621,0.009285831823945045
10622,0.026681717485189438
10623,0.014722131192684174
10624,0.026010876521468163
10625,0.017441248521208763
10626,0.03339923545718193
10627,0.0075383721850812435
10628,0.002090791705995798
10629,0.012641197070479393
10630,0.021112827584147453
10631,0.044633474200963974
10632,0.015711911022663116
10633,0.014723218977451324
10634,0.028515752404928207
10635,0.011078800074756145
10636,0.040758274495601654
10637,0.014310238882899284
10638,0.02214019000530243
10639,0.030067570507526398
10640,0.008012460544705391
10641,0.02063189260661602
10642,0.0401211641728878
10643,0.024388331919908524
10644,0.02378559112548828
10645,0.009152799844741821
10646,0.013274701312184334
10647,0.012804411351680756
10648,0.011642752215266228
10649,0.009984085336327553
10650,0.01481318473815918
10651,0.007778803817927837
10652,0.02324998937547207
10653,0.008429811336100101
10654,0.016429688781499863
10655,0.00974317267537117
10656,0.009119396097958088
10657,0.008004645816981792
10658,0.00670050410553813
10659,0.013187619857490063
10660,0.016327304765582085
10661,0.028844784945249557
10662,0.019094636663794518
10663,0.008856752887368202
10664,0.011446046642959118
10665,0.027544384822249413
10666,0.02460525929927826
10667,0.017294734716415405
10668,0.016058403998613358
10669,0.018997922539711
10670,0.012645762413740158
10671,0.013450413942337036
10672,0.014460667036473751
10673,0.00774664431810379
10674,0.01270036306232214
10675,0.007793435361236334
10676,0.01254301704466343
10677,0.008887096308171749
10678,0.018438730388879776
10679,0.022669993340969086
10680,0.014580111019313335
10681,0.008866669610142708
10682,0.016761109232902527
10683,0.062067024409770966
10684,0.041517775505781174
10685,0.005800073500722647
10686,0.012997182086110115
10687,0.009381468407809734
10688,0.013057789765298367
10689,0.013827490620315075
10690,0.01143696065992117
10691,0.006323371082544327
10692,0.034018777310848236
10693,0.02466585487127304
10694,0.011682659387588501
10695,0.008622344583272934
10696,0.007730269338935614
10697,0.017711590975522995
10698,0.007637429516762495
10699,0.022944103926420212
10700,0.0063171847723424435
10701,0.011296041309833527
10702,0.012472781352698803
10703,0.018521612510085106
10704,0.005833488889038563
10705,0.026492763310670853
10706,0.0066153849475085735
10707,0.024833202362060547
10708,0.00949585996568203
10709,0.02457238733768463
10710,0.02849644050002098
10711,0.02638707309961319
10712,0.011083580553531647
10713,0.01129176001995802
10714,0.0113248061388731
10715,0.01058757584542036
10716,0.01508291345089674
10717,0.005337162874639034
10718,0.010679635219275951
10719,0.038086261600255966
10720,0.021674245595932007
10721,0.02626974508166313
10722,0.020683683454990387
10723,0.015909068286418915
10724,0.010940656065940857
10725,0.007895495742559433
10726,0.012294379994273186
10727,0.017999771982431412
10728,0.00983366183936596
10729,0.011895152740180492
10730,0.006874242797493935
10731,0.009028960019350052
10732,0.01789025031030178
10733,0.046993326395750046
10734,0.03206400200724602
10735,0.033613502979278564
10736,0.011495716869831085
10737,0.026256462559103966
10738,0.0069835553877055645
10739,0.010661998763680458
10740,0.01733015477657318
10741,0.011427124962210655
10742,0.03164953738451004
10743,0.008005077950656414
10744,0.00837534200400114
10745,0.009314093738794327
10746,0.014729919843375683
10747,0.013365324586629868
10748,0.013096190989017487
10749,0.017022859305143356
10750,0.024137703701853752
10751,0.016008125618100166
10752,0.04024001210927963
10753,0.03193899616599083
10754,0.009750574827194214
10755,0.003939005546271801
10756,0.017147449776530266
10757,0.011329799890518188
10758,0.03673467040061951
10759,0.008262709714472294
10760,0.00886620208621025
10761,0.010348532348871231
10762,0.01970927231013775
10763,0.02226157858967781
10764,0.0069872005842626095
10765,0.027718065306544304
10766,0.025434961542487144
10767,0.008272807113826275
10768,0.02691180631518364
10769,0.007729684934020042
10770,0.013122407719492912
10771,0.009621677920222282
10772,0.008506913669407368
10773,0.010417806915938854
10774,0.017527416348457336
10775,0.04794973134994507
10776,0.017191268503665924
10777,0.018980033695697784
10778,0.008085349574685097
10779,0.016021037474274635
10780,0.006890509277582169
10781,0.013135841116309166
10782,0.004555421881377697
10783,0.017684511840343475
10784,0.016181882470846176
10785,0.01308062206953764
10786,0.016404349356889725
10787,0.007417629472911358
10788,0.022846726700663567
10789,0.016023650765419006
10790,0.02820749580860138
10791,0.005122742149978876
10792,0.004871675278991461
10793,0.011325566098093987
10794,0.016511306166648865
10795,0.011433795094490051
10796,0.008830036036670208
10797,0.025614365935325623
10798,0.010811634361743927
10799,0.011398633942008018
10800,0.006533946841955185
10801,0.024450715631246567
10802,0.020103808492422104
10803,0.024013128131628036
10804,0.009115194901823997
10805,0.01560237817466259
10806,0.018347308039665222
10807,0.012892397120594978
10808,0.013259844854474068
10809,0.00650743767619133
10810,0.041633397340774536
10811,0.010453259572386742
10812,0.028607970103621483
10813,0.015582410618662834
10814,0.026096981018781662
10815,0.01877220906317234
10816,0.011939778923988342
10817,0.016838422045111656
10818,0.011729707941412926
10819,0.016270097345113754
10820,0.02591339312493801
10821,0.011352602392435074
10822,0.011867053806781769
10823,0.010743155144155025
10824,0.02255723625421524
10825,0.022965483367443085
10826,0.0065733883529901505
10827,0.013801070861518383
10828,0.011183466762304306
10829,0.017204463481903076
10830,0.019560564309358597
10831,0.02633003145456314
10832,0.04923129826784134
10833,0.012492033652961254
10834,0.025121241807937622
10835,0.010044789873063564
10836,0.015746213495731354
10837,0.008199392817914486
10838,0.014723023399710655
10839,0.012683253735303879
10840,0.008331216871738434
10841,0.021653104573488235
10842,0.009499616920948029
10843,0.0094220619648695
10844,0.010894912295043468
10845,0.00869439821690321
10846,0.019537460058927536
10847,0.011404518038034439
10848,0.030571933835744858
10849,0.016351968050003052
10850,0.015409283339977264
10851,0.008517974056303501
10852,0.006065846886485815
10853,0.013002557680010796
10854,0.005310063250362873
10855,0.025629110634326935
10856,0.0080293919891119
10857,0.03898220509290695
10858,0.018269281834363937
10859,0.008428450673818588
10860,0.007238507270812988
10861,0.010893273167312145
10862,0.018397102132439613
10863,0.01507258415222168
10864,0.015869464725255966
10865,0.017356853932142258
10866,0.007775649428367615
10867,0.005676492117345333
10868,0.012613825500011444
10869,0.01805795356631279
10870,0.010712246410548687
10871,0.013346828520298004
10872,0.01464492455124855
10873,0.015050634741783142
10874,0.015713129192590714
10875,0.012280372902750969
10876,0.014653211459517479
10877,0.03727877140045166
10878,0.02144644223153591
10879,0.007787718437612057
10880,0.016346201300621033
10881,0.008837836794555187
10882,0.018598217517137527
10883,0.035336822271347046
10884,0.02941828779876232
10885,0.009474968537688255
10886,0.006677987053990364
10887,0.012045485898852348
10888,0.019834527745842934
10889,0.013441158458590508
10890,0.023108912631869316
10891,0.00688247662037611
10892,0.009866053238511086
10893,0.023781105875968933
10894,0.016294630244374275
10895,0.009789684787392616
10896,0.019573582336306572
10897,0.015475666150450706
10898,0.00980830006301403
10899,0.007749836426228285
10900,0.011976837180554867
10901,0.01885026879608631
10902,0.019682584330439568
10903,0.006903818808495998
10904,0.01017910148948431
10905,0.029573306441307068
10906,0.008922165259718895
10907,0.021566642448306084
10908,0.006048460956662893
10909,0.01259678415954113
10910,0.016054607927799225
10911,0.006956341676414013
10912,0.047158561646938324
10913,0.013576406054198742
10914,0.011257335543632507
10915,0.03045271895825863
10916,0.02123202383518219
10917,0.032832071185112
10918,0.015140670351684093
10919,0.019795550033450127
10920,0.021383311599493027
10921,0.04711055010557175
10922,0.02120305225253105
10923,0.018484104424715042
10924,0.00620690081268549
10925,0.01211164053529501
10926,0.024392202496528625
10927,0.03342948853969574
10928,0.02624041959643364
10929,0.013091795146465302
10930,0.03375886380672455
10931,0.03445110842585564
10932,0.010957268998026848
10933,0.041253894567489624
10934,0.01177656278014183
10935,0.019337061792612076
10936,0.005197430960834026
10937,0.010054722428321838
10938,0.013072839006781578
10939,0.009444315917789936
10940,0.014056285843253136
10941,0.01467421930283308
10942,0.02326485887169838
10943,0.011064648628234863
10944,0.06520355492830276
10945,0.03212384134531021
10946,0.013750022277235985
10947,0.013390018604695797
10948,0.022018764168024063
10949,0.0076319510117173195
10950,0.024655774235725403
10951,0.008135480806231499
10952,0.013709633611142635
10953,0.01791011355817318
10954,0.010170640423893929
10955,0.01068932469934225
10956,0.019359249621629715
10957,0.017450090497732162
10958,0.02156873047351837
10959,0.009347813203930855
10960,0.017695367336273193
10961,0.01236986368894577
10962,0.009627142921090126
10963,0.01446168776601553
10964,0.01995369791984558
10965,0.018459178507328033
10966,0.017334671691060066
10967,0.011019251309335232
10968,0.005808680318295956
10969,0.025673408061265945
10970,0.007875459268689156
10971,0.02214469015598297
10972,0.01271609403192997
10973,0.009801900014281273
10974,0.007541709579527378
10975,0.015140121802687645
10976,0.01427333615720272
10977,0.042915042489767075
10978,0.009411858394742012
10979,0.0109565369784832
10980,0.005600867327302694
10981,0.01664259284734726
10982,0.018127895891666412
10983,0.005048464983701706
10984,0.010712246410548687
10985,0.009794769808650017
10986,0.012227214872837067
10987,0.016971616074442863
10988,0.009615110233426094
10989,0.013817645609378815
10990,0.005681674927473068
10991,0.015340616926550865
10992,0.01087743416428566
10993,0.016408471390604973
10994,0.01302277110517025
10995,0.005651921033859253
10996,0.012555612251162529
10997,0.018120460212230682
10998,0.01640903577208519
10999,0.01796475425362587
11000,0.009025609120726585
11001,0.03435064107179642
11002,0.029073651880025864
11003,0.010287569835782051
11004,0.012413447722792625
11005,0.02907702699303627
11006,0.01899428479373455
11007,0.014208267442882061
11008,0.008211270906031132
11009,0.01661534607410431
11010,0.006345716770738363
11011,0.01683465763926506
11012,0.007021085824817419
11013,0.013638680800795555
11014,0.015386238694190979
11015,0.01638387143611908
11016,0.014375302009284496
11017,0.01365902554243803
11018,0.025856127962470055
11019,0.015439113602042198
11020,0.03291210159659386
11021,0.008456426672637463
11022,0.007004979997873306
11023,0.011879421770572662
11024,0.02200871706008911
11025,0.013697998598217964
11026,0.027521660551428795
11027,0.020451620221138
11028,0.03637637943029404
11029,0.008671768009662628
11030,0.01822405681014061
11031,0.024793293327093124
11032,0.008937608450651169
11033,0.011078597977757454
11034,0.012565789744257927
11035,0.020114509388804436
11036,0.009443912655115128
11037,0.007802458014339209
11038,0.016286399215459824
11039,0.015032947063446045
11040,0.007731154561042786
11041,0.04091162979602814
11042,0.023601030930876732
11043,0.014674398116767406
11044,0.009322792291641235
11045,0.02717219665646553
11046,0.01594853587448597
11047,0.021822964772582054
11048,0.016114380210638046
11049,0.03435741364955902
11050,0.01517157070338726
11051,0.018251687288284302
11052,0.03761553019285202
11053,0.011609179899096489
11054,0.016181323677301407
11055,0.007989326491951942
11056,0.020702635869383812
11057,0.010479167103767395
11058,0.014835193753242493
11059,0.012809423729777336
11060,0.021316315978765488
11061,0.009435998275876045
11062,0.016247086226940155
11063,0.017786864191293716
11064,0.013230770826339722
11065,0.019792845472693443
11066,0.005266173742711544
11067,0.031913746148347855
11068,0.01903083361685276
11069,0.03217083215713501
11070,0.01389774214476347
11071,0.012798560783267021
11072,0.013141041621565819
11073,0.013206597417593002
11074,0.020567551255226135
11075,0.016139965504407883
11076,0.007520235609263182
11077,0.005652952007949352
11078,0.022806886583566666
11079,0.00960378348827362
11080,0.03629251569509506
11081,0.0190560445189476
11082,0.01146695390343666
11083,0.021827243268489838
11084,0.01730547659099102
11085,0.029361119493842125
11086,0.00394218135625124
11087,0.024924110621213913
11088,0.008764172904193401
11089,0.009588389657437801
11090,0.012521951459348202
11091,0.020062588155269623
11092,0.007838726043701172
11093,0.0041551836766302586
11094,0.015416312031447887
11095,0.014557342045009136
11096,0.005640312097966671
11097,0.009333423338830471
11098,0.008309001103043556
11099,0.0411861352622509
11100,0.029928982257843018
11101,0.010017323307693005
11102,0.0491042360663414
11103,0.0049656350165605545
11104,0.03870338946580887
11105,0.009675290435552597
11106,0.01465344987809658
11107,0.017056182026863098
11108,0.010048307478427887
11109,0.016403570771217346
11110,0.020406199619174004
11111,0.014474427327513695
11112,0.007123209536075592
11113,0.009504505433142185
11114,0.017358766868710518
11115,0.011131616309285164
11116,0.00957623589783907
11117,0.016263103112578392
11118,0.019405566155910492
11119,0.04001826047897339
11120,0.01647610031068325
11121,0.01110156625509262
11122,0.01159780751913786
11123,0.024599669501185417
11124,0.012864012271165848
11125,0.027757789939641953
11126,0.018667839467525482
11127,0.010066041722893715
11128,0.007155491970479488
11129,0.009338616393506527
11130,0.017476685345172882
11131,0.010084681212902069
11132,0.01318893488496542
11133,0.009742580354213715
11134,0.009726021438837051
11135,0.01019374281167984
11136,0.038681384176015854
11137,0.013791156932711601
11138,0.0084273312240839
11139,0.020841656252741814
11140,0.00986587442457676
11141,0.014451313763856888
11142,0.023409156128764153
11143,0.009870894253253937
11144,0.012668720446527004
11145,0.00273512932471931
11146,0.021722540259361267
11147,0.01781642436981201
11148,0.02318873628973961
11149,0.00972868874669075
11150,0.02052863873541355
11151,0.03211243078112602
11152,0.03603966161608696
11153,0.01568998023867607
11154,0.022306105121970177
11155,0.014288818463683128
11156,0.02331807278096676
11157,0.030113250017166138
11158,0.013958234339952469
11159,0.029108650982379913
11160,0.008789429441094398
11161,0.026460547000169754
11162,0.014898715540766716
11163,0.017315050587058067
11164,0.016349291428923607
11165,0.017701072618365288
11166,0.01609487645328045
11167,0.01351303793489933
11168,0.010909232310950756
11169,0.012255934998393059
11170,0.008484924212098122
11171,0.02202320098876953
11172,0.011786272749304771
11173,0.024936743080615997
11174,0.03280280530452728
11175,0.018907645717263222
11176,0.004565364681184292
11177,0.008364478126168251
11178,0.013604148291051388
11179,0.02521287463605404
11180,0.013803320936858654
11181,0.014622091315686703
11182,0.007378732319921255
11183,0.01821742206811905
11184,0.01979992538690567
11185,0.015747208148241043
11186,0.00931520201265812
11187,0.011480028741061687
11188,0.011848077178001404
11189,0.007097660563886166
11190,0.005705944262444973
11191,0.013155214488506317
11192,0.07112319767475128
11193,0.00419808691367507
11194,0.009651451371610165
11195,0.00896352156996727
11196,0.014060976915061474
11197,0.019977955147624016
11198,0.0115871112793684
11199,0.016310038045048714
11200,0.008345826528966427
11201,0.01157309114933014
11202,0.008598780259490013
11203,0.00784359686076641
11204,0.006099825259298086
11205,0.019774055108428
11206,0.038388486951589584
11207,0.010638865642249584
11208,0.014194177463650703
11209,0.009308177046477795
11210,0.014383907429873943
11211,0.011192160658538342
11212,0.010952721349895
11213,0.01157057099044323
11214,0.00865144468843937
11215,0.014208830893039703
11216,0.00830669142305851
11217,0.00937649980187416
11218,0.004891734570264816
11219,0.010937169194221497
11220,0.05052546411752701
11221,0.018085604533553123
11222,0.011290375143289566
11223,0.028048917651176453
11224,0.012949272990226746
11225,0.020690808072686195
11226,0.017682744190096855
11227,0.030114751309156418
11228,0.0478934720158577
11229,0.009974323213100433
11230,0.007229102309793234
11231,0.01832382194697857
11232,0.013147404417395592
11233,0.009688920341432095
11234,0.012622566893696785
11235,0.013010903261601925
11236,0.019705284386873245
11237,0.010691883973777294
11238,0.0223553329706192
11239,0.010524507611989975
11240,0.008122178725898266
11241,0.014914050698280334
11242,0.014068442396819592
11243,0.010157591663300991
11244,0.025398654863238335
11245,0.019953010603785515
11246,0.019222093746066093
11247,0.005413082428276539
11248,0.006620900239795446
11249,0.006976433098316193
11250,0.009951258078217506
11251,0.009074750356376171
11252,0.004921339452266693
11253,0.017361726611852646
11254,0.010631350800395012
11255,0.015775274485349655
11256,0.01425026636570692
11257,0.012771550565958023
11258,0.034178487956523895
11259,0.015746470540761948
11260,0.008942078799009323
11261,0.009375795722007751
11262,0.005982585251331329
11263,0.023923015221953392
11264,0.0178986769169569
11265,0.006949653383344412
11266,0.014889417216181755
11267,0.012060008943080902
11268,0.01956230029463768
11269,0.004915930330753326
11270,0.01177302934229374
11271,0.014722908847033978
11272,0.025342389941215515
11273,0.012768363580107689
11274,0.008478770963847637
11275,0.031187620013952255
11276,0.010530936531722546
11277,0.028218500316143036
11278,0.012570735067129135
11279,0.012380873784422874
11280,0.021550796926021576
11281,0.010994731448590755
11282,0.004405118525028229
11283,0.022383755072951317
11284,0.00875647272914648
11285,0.027043092995882034
11286,0.019638633355498314
11287,0.013705337420105934
11288,0.019939957186579704
11289,0.00968227069824934
11290,0.0046488153748214245
11291,0.005235831253230572
11292,0.01117030344903469
11293,0.020431911572813988
11294,0.013515162281692028
11295,0.008175111375749111
11296,0.006478867493569851
11297,0.009218367747962475
11298,0.010922182351350784
11299,0.009162292815744877
11300,0.017838232219219208
11301,0.005250435322523117
11302,0.009022381156682968
11303,0.021958112716674805
11304,0.01861506700515747
11305,0.011340546421706676
11306,0.00821250956505537
11307,0.008973747491836548
11308,0.030724188312888145
11309,0.007999110966920853
11310,0.01728132739663124
11311,0.004882489796727896
11312,0.04808817431330681
11313,0.022179661318659782
11314,0.021395668387413025
11315,0.043999653309583664
11316,0.010495280846953392
11317,0.011133859865367413
11318,0.014167497865855694
11319,0.019677065312862396
11320,0.014549615792930126
11321,0.020111404359340668
11322,0.013294501230120659
11323,0.01625153422355652
11324,0.020798228681087494
11325,0.03490752726793289
11326,0.015777630731463432
11327,0.012757530435919762
11328,0.01799861714243889
11329,0.022043336182832718
11330,0.004002658184617758
11331,0.011306172236800194
11332,0.013437045738101006
11333,0.026176046580076218
11334,0.011947458609938622
11335,0.010652485303580761
11336,0.017875192686915398
11337,0.020537840202450752
11338,0.022766929119825363
11339,0.009104087017476559
11340,0.004400830715894699
11341,0.012656763195991516
11342,0.01854642480611801
11343,0.011420363560318947
11344,0.01237194798886776
11345,0.008473703637719154
11346,0.019567731767892838
11347,0.010670363903045654
11348,0.02031223475933075
11349,0.008554422296583652
11350,0.008025964722037315
11351,0.012440303340554237
11352,0.014186015352606773
11353,0.06095613166689873
11354,0.014918431639671326
11355,0.007986494340002537
11356,0.00924763735383749
11357,0.02217201516032219
11358,0.014208110980689526
11359,0.0081302085891366
11360,0.013144813477993011
11361,0.025037627667188644
11362,0.014514485374093056
11363,0.01428049337118864
11364,0.0052164169028401375
11365,0.00624258816242218
11366,0.023916095495224
11367,0.007182316388934851
11368,0.024067308753728867
11369,0.01811358332633972
11370,0.008407026529312134
11371,0.01635076478123665
11372,0.035255592316389084
11373,0.020057838410139084
11374,0.019242338836193085
11375,0.005715463310480118
11376,0.013112500309944153
11377,0.013219043612480164
11378,0.018062107264995575
11379,0.014834737405180931
11380,0.005803699605166912
11381,0.012843957170844078
11382,0.01284510176628828
11383,0.01405688188970089
11384,0.026877593249082565
11385,0.030234050005674362
11386,0.010658396407961845
11387,0.024193212389945984
11388,0.046932511031627655
11389,0.017766989767551422
11390,0.008198399096727371
11391,0.02529788762331009
11392,0.012508097104728222
11393,0.012305371463298798
11394,0.008692862465977669
11395,0.017272405326366425
11396,0.02195007912814617
11397,0.00737451296299696
11398,0.011184829287230968
11399,0.013885307125747204
11400,0.014650795608758926
11401,0.018782008439302444
11402,0.011633294634521008
11403,0.01080375723540783
11404,0.020039081573486328
11405,0.017347585409879684
11406,0.0502316951751709
11407,0.004925218410789967
11408,0.00542443385347724
11409,0.014212947338819504
11410,0.0637621060013771
11411,0.022322043776512146
11412,0.04738939553499222
11413,0.008237160742282867
11414,0.01881091296672821
11415,0.013045862317085266
11416,0.0073410323821008205
11417,0.026689736172556877
11418,0.06911559402942657
11419,0.04623287543654442
11420,0.023352256044745445
11421,0.012212849222123623
11422,0.009705660864710808
11423,0.029475515708327293
11424,0.01351376436650753
11425,0.026422027498483658
11426,0.01650990918278694
11427,0.022435417398810387
11428,0.02605840377509594
11429,0.0069542876444756985
11430,0.01544640026986599
11431,0.015889156609773636
11432,0.031101223081350327
11433,0.015089902095496655
11434,0.010567854158580303
11435,0.019224833697080612
11436,0.008313055150210857
11437,0.012345056049525738
11438,0.020228393375873566
11439,0.015494948253035545
11440,0.014262301847338676
11441,0.003966201096773148
11442,0.02269735187292099
11443,0.013830109499394894
11444,0.01169831957668066
11445,0.006461620330810547
11446,0.022725706920027733
11447,0.010187903419137001
11448,0.014577051624655724
11449,0.011174764484167099
11450,0.009148992598056793
11451,0.009719343855977058
11452,0.025954654440283775
11453,0.006160371005535126
11454,0.006224948912858963
11455,0.023481858894228935
11456,0.011878760531544685
11457,0.012350553646683693
11458,0.009273292496800423
11459,0.01619144342839718
11460,0.005188539624214172
11461,0.007881677709519863
11462,0.017907483503222466
11463,0.0062033794820308685
11464,0.01129613071680069
11465,0.0038630403578281403
11466,0.021572386845946312
11467,0.010104318149387836
11468,0.012373507022857666
11469,0.006806579884141684
11470,0.009393757209181786
11471,0.017329879105091095
11472,0.003777091857045889
11473,0.013746712356805801
11474,0.009075414389371872
11475,0.014329182915389538
11476,0.028690656647086143
11477,0.018394123762845993
11478,0.01089930348098278
11479,0.014016417786478996
11480,0.005511217750608921
11481,0.0061600725166499615
11482,0.011717929504811764
11483,0.013408781960606575
11484,0.023660074919462204
11485,0.00867223646491766
11486,0.025229357182979584
11487,0.008328484371304512
11488,0.016759568825364113
11489,0.007459686603397131
11490,0.018365291878581047
11491,0.011936048977077007
11492,0.015038816258311272
11493,0.0073683299124240875
11494,0.02771010249853134
11495,0.03363838791847229
11496,0.05637232959270477
11497,0.015065615996718407
11498,0.051208533346652985
11499,0.02288895845413208
11500,0.008172182366251945
11501,0.009637611918151379
11502,0.008082435466349125
11503,0.04532896727323532
11504,0.015348486602306366
11505,0.023086657747626305
11506,0.0132594034075737
11507,0.018848998472094536
11508,0.017092004418373108
11509,0.01749654859304428
11510,0.007281764876097441
11511,0.06446792930364609
11512,0.03219746798276901
11513,0.010368023067712784
11514,0.023089781403541565
11515,0.022831527516245842
11516,0.02505466155707836
11517,0.011215406470000744
11518,0.01368316076695919
11519,0.014736748300492764
11520,0.013014612719416618
11521,0.01624402217566967
11522,0.020683590322732925
11523,0.014004243537783623
11524,0.007415832486003637
11525,0.020148076117038727
11526,0.013216912746429443
11527,0.02647152543067932
11528,0.011588918045163155
11529,0.018548935651779175
11530,0.019044628366827965
11531,0.009587524458765984
11532,0.004814837593585253
11533,0.01454557292163372
11534,0.017145490273833275
11535,0.016230426728725433
11536,0.009730653837323189
11537,0.019064508378505707
11538,0.014996062032878399
11539,0.004795716609805822
11540,0.01675611175596714
11541,0.021738294512033463
11542,0.018156608566641808
11543,0.019481506198644638
11544,0.01961834542453289
11545,0.01678638905286789
11546,0.018477847799658775
11547,0.0277114175260067
11548,0.016375087201595306
11549,0.018109261989593506
11550,0.018125563859939575
11551,0.005796881392598152
11552,0.025305867195129395
11553,0.009126036427915096
11554,0.031847115606069565
11555,0.011351617984473705
11556,0.014076374471187592
11557,0.017506025731563568
11558,0.011550328694283962
11559,0.009432687424123287
11560,0.026624470949172974
11561,0.007542775943875313
11562,0.013267742469906807
11563,0.004914954770356417
11564,0.016028622165322304
11565,0.011093160137534142
11566,0.03241603076457977
11567,0.012296207249164581
11568,0.01033281534910202
11569,0.008838813751935959
11570,0.010494651272892952
11571,0.03352239727973938
11572,0.011377690359950066
11573,0.015498991124331951
11574,0.018970049917697906
11575,0.014230389147996902
11576,0.007100594229996204
11577,0.012226097285747528
11578,0.01186020951718092
11579,0.01226083468645811
11580,0.019206132739782333
11581,0.010479491204023361
11582,0.027152743190526962
11583,0.01151274424046278
11584,0.02251189760863781
11585,0.008322182111442089
11586,0.009815326891839504
11587,0.00965249165892601
11588,0.009097883477807045
11589,0.00448895338922739
11590,0.007031270768493414
11591,0.014464903622865677
11592,0.026195421814918518
11593,0.028336932882666588
11594,0.009438380599021912
11595,0.0237863939255476
11596,0.02213817648589611
11597,0.02662038803100586
11598,0.019663725048303604
11599,0.02936418354511261
11600,0.03955256938934326
11601,0.02006789669394493
11602,0.02194858156144619
11603,0.02829020284116268
11604,0.013905711472034454
11605,0.017508096992969513
11606,0.023847725242376328
11607,0.007645989768207073
11608,0.026218822225928307
11609,0.013999775052070618
11610,0.012454177252948284
11611,0.007287606596946716
11612,0.016047753393650055
11613,0.003323181066662073
11614,0.014290577732026577
11615,0.00813228264451027
11616,0.010254701599478722
11617,0.011534522287547588
11618,0.012393169105052948
11619,0.0220013614743948
11620,0.009959721937775612
11621,0.006390807684510946
11622,0.06643249094486237
11623,0.019001178443431854
11624,0.013273376040160656
11625,0.03104792907834053
11626,0.02123563550412655
11627,0.011375293135643005
11628,0.018219370394945145
11629,0.011323211714625359
11630,0.013044009916484356
11631,0.007880168035626411
11632,0.017433933913707733
11633,0.015111044049263
11634,0.023870525881648064
11635,0.01805589348077774
11636,0.016999151557683945
11637,0.011516246944665909
11638,0.0024440709967166185
11639,0.008492952212691307
11640,0.004921172745525837
11641,0.0205453559756279
11642,0.01568462885916233
11643,0.014448920264840126
11644,0.015605514869093895
11645,0.012165579944849014
11646,0.024456925690174103
11647,0.007726425305008888
11648,0.007930978201329708
11649,0.02160201035439968
11650,0.011053311638534069
11651,0.015267929062247276
11652,0.016794737428426743
11653,0.024644728749990463
11654,0.01580546796321869
11655,0.03613636642694473
11656,0.018343942239880562
11657,0.01644389145076275
11658,0.017449386417865753
11659,0.017299246042966843
11660,0.010718430392444134
11661,0.025025909766554832
11662,0.00704920431599021
11663,0.0155032305046916
11664,0.010554495267570019
11665,0.00571717694401741
11666,0.011734130792319775
11667,0.016520295292139053
11668,0.007824968546628952
11669,0.008112522773444653
11670,0.01997235044836998
11671,0.008748108521103859
11672,0.009895220398902893
11673,0.015191703103482723
11674,0.009557249955832958
11675,0.020291123539209366
11676,0.014543487690389156
11677,0.006468647159636021
11678,0.0246674083173275
11679,0.022846892476081848
11680,0.029704127460718155
11681,0.019189245998859406
11682,0.017568353563547134
11683,0.021007847040891647
11684,0.01929420605301857
11685,0.017041688784956932
11686,0.009989979676902294
11687,0.013414748013019562
11688,0.01312126126140356
11689,0.008603135123848915
11690,0.014066330157220364
11691,0.02757367305457592
11692,0.010380948893725872
11693,0.014232611283659935
11694,0.029273957014083862
11695,0.016382895410060883
11696,0.02109200321137905
11697,0.008846416138112545
11698,0.006748531013727188
11699,0.010102944448590279
11700,0.023106765002012253
11701,0.01362684927880764
11702,0.0173664353787899
11703,0.018458141013979912
11704,0.02908855676651001
11705,0.012691150419414043
11706,0.013599112629890442
11707,0.03758574649691582
11708,0.01598711870610714
11709,0.05090232938528061
11710,0.011510148644447327
11711,0.02339141070842743
11712,0.012239588424563408
11713,0.031728681176900864
11714,0.030351456254720688
11715,0.008429346606135368
11716,0.00922863557934761
11717,0.029184773564338684
11718,0.011205385439097881
11719,0.012728109955787659
11720,0.00834708847105503
11721,0.011044822633266449
11722,0.010311893187463284
11723,0.009440772235393524
11724,0.02438719943165779
11725,0.03050384484231472
11726,0.029072366654872894
11727,0.009156906977295876
11728,0.01983606442809105
11729,0.0133878905326128
11730,0.011782338842749596
11731,0.015549927949905396
11732,0.022573959082365036
11733,0.020604273304343224
11734,0.012384885922074318
11735,0.011498851701617241
11736,0.009121958166360855
11737,0.024430107325315475
11738,0.02012147381901741
11739,0.02409469150006771
11740,0.01613771915435791
11741,0.004775330424308777
11742,0.007290872745215893
11743,0.02513311430811882
11744,0.015927551314234734
11745,0.013942300342023373
11746,0.006154417525976896
11747,0.023036470636725426
11748,0.0028878215234726667
11749,0.016379404813051224
11750,0.022941023111343384
11751,0.013243562541902065
11752,0.021327782422304153
11753,0.012040220201015472
11754,0.018968522548675537
11755,0.010414782911539078
11756,0.004708687774837017
11757,0.0277410801500082
11758,0.005987533833831549
11759,0.014045353047549725
11760,0.016175951808691025
11761,0.0058334991335868835
11762,0.01410621963441372
11763,0.004299925174564123
11764,0.023011162877082825
11765,0.015713760629296303
11766,0.019270144402980804
11767,0.018750056624412537
11768,0.015230810269713402
11769,0.010936274193227291
11770,0.01606898382306099
11771,0.019322611391544342
11772,0.012337969616055489
11773,0.018332116305828094
11774,0.01742660626769066
11775,0.034000951796770096
11776,0.022966479882597923
11777,0.017833735793828964
11778,0.007998041808605194
11779,0.01133466325700283
11780,0.00919019803404808
11781,0.016252022236585617
11782,0.0367659330368042
11783,0.010297656990587711
11784,0.013743462972342968
11785,0.010857874527573586
11786,0.017005039379000664
11787,0.013453863561153412
11788,0.026226958259940147
11789,0.025017045438289642
11790,0.01460576057434082
11791,0.01863544061779976
11792,0.01728895679116249
11793,0.010753525421023369
11794,0.021540125831961632
11795,0.013864044100046158
11796,0.007616839837282896
11797,0.015336873941123486
11798,0.019937453791499138
11799,0.01423298567533493
11800,0.01768135465681553
11801,0.012181131169199944
11802,0.005335745867341757
11803,0.008739432319998741
11804,0.03103272244334221
11805,0.0054064542055130005
11806,0.03922095522284508
11807,0.023624621331691742
11808,0.032994240522384644
11809,0.024089466780424118
11810,0.017543073743581772
11811,0.02845284342765808
11812,0.013459794223308563
11813,0.011555644683539867
11814,0.007045380771160126
11815,0.005743722431361675
11816,0.010662312619388103
11817,0.015371901914477348
11818,0.020410222932696342
11819,0.01991366222500801
11820,0.026239171624183655
11821,0.006100349128246307
11822,0.007080732844769955
11823,0.0063787661492824554
11824,0.012682009488344193
11825,0.026040775701403618
11826,0.005186817608773708
11827,0.017912860959768295
11828,0.020241085439920425
11829,0.016886886209249496
11830,0.007905593141913414
11831,0.005766973830759525
11832,0.008124668151140213
11833,0.01283604558557272
11834,0.009091600775718689
11835,0.013765866868197918
11836,0.0112505704164505
11837,0.016516808420419693
11838,0.022822614759206772
11839,0.007653615903109312
11840,0.016631487756967545
11841,0.014382499270141125
11842,0.014484234154224396
11843,0.017558414489030838
11844,0.015101640485227108
11845,0.013183845207095146
11846,0.008009180426597595
11847,0.012023299932479858
11848,0.01003456860780716
11849,0.018883470445871353
11850,0.02524849772453308
11851,0.010017383843660355
11852,0.008635666221380234
11853,0.010712969116866589
11854,0.005396516527980566
11855,0.007110371254384518
11856,0.020373905077576637
11857,0.013344315811991692
11858,0.021633338183164597
11859,0.018647044897079468
11860,0.006206628866493702
11861,0.0072001926600933075
11862,0.0213402658700943
11863,0.0261838361620903
11864,0.012621096335351467
11865,0.015006110072135925
11866,0.02127104625105858
11867,0.014387302100658417
11868,0.008085591718554497
11869,0.015354679897427559
11870,0.019450940191745758
11871,0.014501703903079033
11872,0.013978751376271248
11873,0.027684073895215988
11874,0.012404438108205795
11875,0.011181368492543697
11876,0.009332891553640366
11877,0.010261605493724346
11878,0.015511485747992992
11879,0.010110100731253624
11880,0.006653185468167067
11881,0.016441021114587784
11882,0.018886510282754898
11883,0.01664244569838047
11884,0.05251988396048546
11885,0.036590203642845154
11886,0.008377575315535069
11887,0.014918258413672447
11888,0.033021580427885056
11889,0.011229540221393108
11890,0.023069022223353386
11891,0.029021944850683212
11892,0.007717109750956297
11893,0.02082551084458828
11894,0.008042849600315094
11895,0.02161828987300396
11896,0.012813123874366283
11897,0.013363301753997803
11898,0.013727596029639244
11899,0.015600422397255898
11900,0.013038202188909054
11901,0.01543695479631424
11902,0.03973565250635147
11903,0.02998560480773449
11904,0.014309833757579327
11905,0.019589951261878014
11906,0.010348157957196236
11907,0.0206341203302145
11908,0.038381051272153854
11909,0.02830537222325802
11910,0.008589822798967361
11911,0.017723768949508667
11912,0.0199219211935997
11913,0.009842423722147942
11914,0.0068757496774196625
11915,0.008148389868438244
11916,0.027920205146074295
11917,0.006102627143263817
11918,0.009174259379506111
11919,0.020800506696105003
11920,0.01663680374622345
11921,0.02752886340022087
11922,0.006182664539664984
11923,0.02830953523516655
11924,0.013144589960575104
11925,0.014341051690280437
11926,0.01721053570508957
11927,0.026192616671323776
11928,0.004762715194374323
11929,0.013950927183032036
11930,0.019629355520009995
11931,0.01392052136361599
11932,0.016474880278110504
11933,0.005311831831932068
11934,0.02358725480735302
11935,0.0129733607172966
11936,0.010419206693768501
11937,0.008726891130208969
11938,0.012001479975879192
11939,0.012330214492976665
11940,0.011823236010968685
11941,0.012963718734681606
11942,0.02906842529773712
11943,0.01192664634436369
11944,0.013580407947301865
11945,0.003243739251047373
11946,0.045049816370010376
11947,0.007594709284603596
11948,0.023079540580511093
11949,0.010079476982355118
11950,0.017447302117943764
11951,0.036877360194921494
11952,0.00843438133597374
11953,0.012079349718987942
11954,0.02696467563509941
11955,0.011434371583163738
11956,0.006043749861419201
11957,0.023503869771957397
11958,0.01090558897703886
11959,0.010185286402702332
11960,0.016869395971298218
11961,0.013397915288805962
11962,0.017964791506528854
11963,0.02343635819852352
11964,0.0080453772097826
11965,0.01434557419270277
11966,0.016333451494574547
11967,0.018247460946440697
11968,0.015887580811977386
11969,0.015253055840730667
11970,0.005602732300758362
11971,0.008461637422442436
11972,0.016167283058166504
11973,0.02401358261704445
11974,0.023062726482748985
11975,0.007163407281041145
11976,0.07173633575439453
11977,0.013930330984294415
11978,0.00973745808005333
11979,0.02218925580382347
11980,0.010877316817641258
11981,0.004825418349355459
11982,0.01733342558145523
11983,0.010690572671592236
11984,0.010624511167407036
11985,0.01080319844186306
11986,0.009595194831490517
11987,0.013066230341792107
11988,0.005095615983009338
11989,0.015780987218022346
11990,0.02153768204152584
11991,0.012487350963056087
11992,0.007850473746657372
11993,0.011333073489367962
11994,0.01844191923737526
11995,0.0393252894282341
11996,0.02501426450908184
11997,0.004268070217221975
11998,0.03322593867778778
11999,0.020050499588251114
12000,0.004468127153813839
12001,0.01586940512061119
12002,0.011120246723294258
12003,0.02055034041404724
12004,0.01631838083267212
12005,0.016897937282919884
12006,0.01677989773452282
12007,0.013714833185076714
12008,0.007258200086653233
12009,0.012478528544306755
12010,0.017973847687244415
12011,0.01059340126812458
12012,0.011230334639549255
12013,0.016961853951215744
12014,0.030027292668819427
12015,0.01309509202837944
12016,0.010493959300220013
12017,0.003943025600165129
12018,0.009172331541776657
12019,0.02680726908147335
12020,0.01446215994656086
12021,0.011100481264293194
12022,0.007844681851565838
12023,0.0016590477898716927
12024,0.011680712923407555
12025,0.010513998568058014
12026,0.012121470645070076
12027,0.017518043518066406
12028,0.01611316204071045
12029,0.027189798653125763
12030,0.01532437652349472
12031,0.019717521965503693
12032,0.04943554103374481
12033,0.01010514609515667
12034,0.01984543167054653
12035,0.02075410820543766
12036,0.011364961974322796
12037,0.014758504927158356
12038,0.01312205009162426
12039,0.009639298543334007
12040,0.007967466488480568
12041,0.06597217172384262
12042,0.01222447119653225
12043,0.015076066367328167
12044,0.005519045051187277
12045,0.009373091161251068
12046,0.024221530184149742
12047,0.005380111746490002
12048,0.018975701183080673
12049,0.019452696666121483
12050,0.004676392301917076
12051,0.011172773316502571
12052,0.036321282386779785
12053,0.004932890180498362
12054,0.029522379860281944
12055,0.012665845453739166
12056,0.008927397429943085
12057,0.02381308190524578
12058,0.01262019481509924
12059,0.02348743937909603
12060,0.0063546388410031796
12061,0.007397217210382223
12062,0.010065573267638683
12063,0.011142542585730553
12064,0.008584718219935894
12065,0.016864269971847534
12066,0.025329243391752243
12067,0.008852751925587654
12068,0.016284942626953125
12069,0.03387685865163803
12070,0.009531120769679546
12071,0.012502968311309814
12072,0.011547217145562172
12073,0.014454945921897888
12074,0.013228173367679119
12075,0.01782693900167942
12076,0.021173326298594475
12077,0.00983302854001522
12078,0.02347007393836975
12079,0.014310392551124096
12080,0.021506838500499725
12081,0.019052142277359962
12082,0.009068179875612259
12083,0.008978558704257011
12084,0.017474574968218803
12085,0.011987101286649704
12086,0.009864620864391327
12087,0.009985029697418213
12088,0.020079893991351128
12089,0.0064706020057201385
12090,0.004479407798498869
12091,0.02615007385611534
12092,0.009031051769852638
12093,0.005059374030679464
12094,0.018094241619110107
12095,0.009798446670174599
12096,0.009671791456639767
12097,0.004380467347800732
12098,0.04794957861304283
12099,0.008518761955201626
12100,0.01097935251891613
12101,0.01775830052793026
12102,0.019441448152065277
12103,0.03079170547425747
12104,0.03729207068681717
12105,0.030661966651678085
12106,0.03897557407617569
12107,0.019026514142751694
12108,0.02731974981725216
12109,0.04198584705591202
12110,0.01345815323293209
12111,0.014908647164702415
12112,0.01642783358693123
12113,0.016343751922249794
12114,0.019983286038041115
12115,0.011385932564735413
12116,0.012306644581258297
12117,0.039692625403404236
12118,0.01303168199956417
12119,0.011907696723937988
12120,0.009312850423157215
12121,0.017982011660933495
12122,0.008676838129758835
12123,0.006487023085355759
12124,0.0119942557066679
12125,0.007530047558248043
12126,0.008027352392673492
12127,0.009971627034246922
12128,0.01325254887342453
12129,0.022695418447256088
12130,0.01296726893633604
12131,0.012950661592185497
12132,0.020001372322440147
12133,0.015791509300470352
12134,0.048949506133794785
12135,0.02711021900177002
12136,0.010416876524686813
12137,0.012689451687037945
12138,0.02093091607093811
12139,0.0073247626423835754
12140,0.02280496433377266
12141,0.010414328426122665
12142,0.0094846086576581
12143,0.013383083045482635
12144,0.013722589239478111
12145,0.01057417318224907
12146,0.01444343663752079
12147,0.009653019718825817
12148,0.01574201136827469
12149,0.017390409484505653
12150,0.016294993460178375
12151,0.014387618750333786
12152,0.013496428728103638
12153,0.023748284205794334
12154,0.02231578156352043
12155,0.023028794676065445
12156,0.02452555112540722
12157,0.00873066671192646
12158,0.010326426476240158
12159,0.011638708412647247
12160,0.016050612553954124
12161,0.022404348477721214
12162,0.03299977257847786
12163,0.011732245795428753
12164,0.017517680302262306
12165,0.011298779398202896
12166,0.010886764153838158
12167,0.02865663915872574
12168,0.026111215353012085
12169,0.015456008724868298
12170,0.018554911017417908
12171,0.01849595084786415
12172,0.02626432105898857
12173,0.021598612889647484
12174,0.01270317193120718
12175,0.022969547659158707
12176,0.036214035004377365
12177,0.015556765720248222
12178,0.007128777913749218
12179,0.013310834765434265
12180,0.009157398715615273
12181,0.019493337720632553
12182,0.013579661026597023
12183,0.021192913874983788
12184,0.018098626285791397
12185,0.008273023180663586
12186,0.01250937208533287
12187,0.011473084799945354
12188,0.011630367487668991
12189,0.02012219838798046
12190,0.010334967635571957
12191,0.006981611251831055
12192,0.0067704059183597565
12193,0.009168140590190887
12194,0.005626424681395292
12195,0.02964845299720764
12196,0.0388382226228714
12197,0.011183156631886959
12198,0.02346489392220974
12199,0.013865980319678783
12200,0.007930929772555828
12201,0.011447377502918243
12202,0.016481300815939903
12203,0.027129188179969788
12204,0.07744570076465607
12205,0.01920803263783455
12206,0.014024320058524609
12207,0.01482737809419632
12208,0.005157238803803921
12209,0.014866538345813751
12210,0.006324357353150845
12211,0.010250437073409557
12212,0.004433485679328442
12213,0.011687168851494789
12214,0.020600397139787674
12215,0.02015203796327114
12216,0.00952138565480709
12217,0.0066856201738119125
12218,0.024230223149061203
12219,0.01820484921336174
12220,0.016372419893741608
12221,0.019342884421348572
12222,0.026815911754965782
12223,0.01654820702970028
12224,0.011164365336298943
12225,0.04358115792274475
12226,0.016774367541074753
12227,0.009065691381692886
12228,0.010164422914385796
12229,0.006362359970808029
12230,0.010749063454568386
12231,0.02220853418111801
12232,0.010866500437259674
12233,0.012529853731393814
12234,0.00985186081379652
12235,0.01626765727996826
12236,0.01120865996927023
12237,0.014613360166549683
12238,0.011283883824944496
12239,0.02093498222529888
12240,0.012914713472127914
12241,0.01927933841943741
12242,0.025760963559150696
12243,0.018976017832756042
12244,0.01406481396406889
12245,0.00991370715200901
12246,0.005609968211501837
12247,0.03332733362913132
12248,0.029318779706954956
12249,0.00700652739033103
12250,0.014635364525020123
12251,0.007213020231574774
12252,0.011984407901763916
12253,0.01996256783604622
12254,0.01512426882982254
12255,0.013237732462584972
12256,0.023446878418326378
12257,0.013678908348083496
12258,0.015829171985387802
12259,0.026234975084662437
12260,0.011245811358094215
12261,0.02822866663336754
12262,0.008150356821715832
12263,0.01257296185940504
12264,0.004168514162302017
12265,0.017829831689596176
12266,0.018556755036115646
12267,0.010330262593925
12268,0.008000609464943409
12269,0.07891185581684113
12270,0.01567815989255905
12271,0.008121802471578121
12272,0.03670274838805199
12273,0.017634227871894836
12274,0.014913803897798061
12275,0.006559501402080059
12276,0.017632734030485153
12277,0.0056524029932916164
12278,0.028748512268066406
12279,0.006794231943786144
12280,0.008275153115391731
12281,0.03159390389919281
12282,0.007803641259670258
12283,0.00931264366954565
12284,0.004881137982010841
12285,0.09649648517370224
12286,0.014511640183627605
12287,0.034428101032972336
12288,0.013332763686776161
12289,0.025724470615386963
12290,0.011033507063984871
12291,0.008758755400776863
12292,0.026517435908317566
12293,0.01759948395192623
12294,0.018937692046165466
12295,0.007172638550400734
12296,0.023375418037176132
12297,0.03103656694293022
12298,0.054937541484832764
12299,0.02051403373479843
12300,0.009103002026677132
12301,0.014539211988449097
12302,0.01987815834581852
12303,0.011329635977745056
12304,0.01758084073662758
12305,0.017244840040802956
12306,0.027015775442123413
12307,0.004364189691841602
12308,0.008822149597108364
12309,0.015075053088366985
12310,0.02592325024306774
12311,0.0539875328540802
12312,0.004727787338197231
12313,0.02404695749282837
12314,0.024165894836187363
12315,0.02158978581428528
12316,0.02110038697719574
12317,0.010807647369801998
12318,0.027621962130069733
12319,0.007421783171594143
12320,0.014929641038179398
12321,0.012493178248405457
12322,0.021142862737178802
12323,0.038418494164943695
12324,0.015362069010734558
12325,0.04332245513796806
12326,0.03685734048485756
12327,0.03579312562942505
12328,0.0253819040954113
12329,0.014294169843196869
12330,0.021305382251739502
12331,0.013588612899184227
12332,0.04181580990552902
12333,0.02559158019721508
12334,0.009694753214716911
12335,0.0175494197756052
12336,0.010242588818073273
12337,0.01984136551618576
12338,0.021075651049613953
12339,0.021116461604833603
12340,0.013344449922442436
12341,0.054036639630794525
12342,0.022385796532034874
12343,0.006159312091767788
12344,0.013337500393390656
12345,0.0087843406945467
12346,0.00974511168897152
12347,0.04136840999126434
12348,0.018688125535845757
12349,0.01848382130265236
12350,0.014268922619521618
12351,0.014585396274924278
12352,0.009156390093266964
12353,0.019822459667921066
12354,0.02209208905696869
12355,0.004733662586659193
12356,0.007921356707811356
12357,0.015154964290559292
12358,0.028747661039233208
12359,0.007409853860735893
12360,0.006470728665590286
12361,0.010610079392790794
12362,0.016227511689066887
12363,0.015330925583839417
12364,0.010426819324493408
12365,0.025023838505148888
12366,0.012061911635100842
12367,0.008032942190766335
12368,0.010295113548636436
12369,0.015350421890616417
12370,0.018890485167503357
12371,0.020430751144886017
12372,0.018119771033525467
12373,0.005762090440839529
12374,0.01922561600804329
12375,0.007535034790635109
12376,0.008943989872932434
12377,0.024237310513854027
12378,0.008688989095389843
12379,0.015542624518275261
12380,0.01201515644788742
12381,0.03983386978507042
12382,0.02197505347430706
12383,0.008424676023423672
12384,0.006134962197393179
12385,0.024052653461694717
12386,0.011770691722631454
12387,0.021428555250167847
12388,0.01167038269340992
12389,0.010214289650321007
12390,0.007162499241530895
12391,0.014707973226904869
12392,0.023898212239146233
12393,0.015946656465530396
12394,0.012797053903341293
12395,0.009542901068925858
12396,0.022602951154112816
12397,0.019379450008273125
12398,0.023291071876883507
12399,0.015216529369354248
12400,0.010836564004421234
12401,0.013602550141513348
12402,0.011928223073482513
12403,0.03247952461242676
12404,0.010746946558356285
12405,0.012487737461924553
12406,0.019886475056409836
12407,0.01277969405055046
12408,0.014097487553954124
12409,0.011878857389092445
12410,0.012895460240542889
12411,0.019780848175287247
12412,0.004552709870040417
12413,0.018637407571077347
12414,0.013241972774267197
12415,0.02884974144399166
12416,0.02212660014629364
12417,0.012819968163967133
12418,0.014800410717725754
12419,0.021829543635249138
12420,0.05668411776423454
12421,0.008226814679801464
12422,0.020143689587712288
12423,0.009151021018624306
12424,0.025441695004701614
12425,0.0171845480799675
12426,0.012136004865169525
12427,0.010040981695055962
12428,0.011603234335780144
12429,0.020432263612747192
12430,0.004279087297618389
12431,0.007687457837164402
12432,0.03242216259241104
12433,0.007020800374448299
12434,0.012485808692872524
12435,0.01511718612164259
12436,0.011564846150577068
12437,0.008651616983115673
12438,0.01719963178038597
12439,0.02718239091336727
12440,0.03888053819537163
12441,0.011990333907306194
12442,0.0061255223117768764
12443,0.016126608476042747
12444,0.02086903713643551
12445,0.007908232510089874
12446,0.02871951460838318
12447,0.010676759295165539
12448,0.01026909425854683
12449,0.012322607450187206
12450,0.01081354171037674
12451,0.0113292895257473
12452,0.012989737093448639
12453,0.005260149948298931
12454,0.009025955572724342
12455,0.01023896224796772
12456,0.016226038336753845
12457,0.01400096993893385
12458,0.006869605742394924
12459,0.017188023775815964
12460,0.012591950595378876
12461,0.009979772381484509
12462,0.033084504306316376
12463,0.009784250520169735
12464,0.00792726967483759
12465,0.013982944190502167
12466,0.011312487535178661
12467,0.02527463249862194
12468,0.008054051548242569
12469,0.015122465789318085
12470,0.012591084465384483
12471,0.017237979918718338
12472,0.013358737342059612
12473,0.008865955285727978
12474,0.023128513246774673
12475,0.010817693546414375
12476,0.011873062700033188
12477,0.020231064409017563
12478,0.023877479135990143
12479,0.019328523427248
12480,0.01946849189698696
12481,0.01753702200949192
12482,0.019886422902345657
12483,0.007220452185720205
12484,0.0065641580149531364
12485,0.017037440091371536
12486,0.019514795392751694
12487,0.00840684212744236
12488,0.021031182259321213
12489,0.032044075429439545
12490,0.014523694291710854
12491,0.019845936447381973
12492,0.010769637301564217
12493,0.022370748221874237
12494,0.008247453719377518
12495,0.019555455073714256
12496,0.009206108748912811
12497,0.006533611565828323
12498,0.01163654774427414
12499,0.007495678495615721
12500,0.02264723740518093
12501,0.012667216360569
12502,0.013677611947059631
12503,0.012416867539286613
12504,0.008298482745885849
12505,0.01015869528055191
12506,0.011058423668146133
12507,0.02517932653427124
12508,0.024389661848545074
12509,0.030430495738983154
12510,0.041358962655067444
12511,0.007959755137562752
12512,0.014678221195936203
12513,0.019307445734739304
12514,0.00975806824862957
12515,0.01471264474093914
12516,0.01182048674672842
12517,0.007346737198531628
12518,0.029886826872825623
12519,0.013034652918577194
12520,0.0035520028322935104
12521,0.017315220087766647
12522,0.014021975919604301
12523,0.0058920434676110744
12524,0.005741419270634651
12525,0.00886632315814495
12526,0.010610373690724373
12527,0.00937212910503149
12528,0.006077822297811508
12529,0.009389604441821575
12530,0.019166987389326096
12531,0.004443109966814518
12532,0.007241751067340374
12533,0.013328850269317627
12534,0.01771794632077217
12535,0.014820536598563194
12536,0.009719032794237137
12537,0.029990587383508682
12538,0.007709006778895855
12539,0.008160854689776897
12540,0.01107084657996893
12541,0.008872207254171371
12542,0.012432741932570934
12543,0.022493578493595123
12544,0.032582953572273254
12545,0.010598145425319672
12546,0.008599742315709591
12547,0.008596020750701427
12548,0.010569337755441666
12549,0.009582812897861004
12550,0.012871714308857918
12551,0.008946791291236877
12552,0.026270829141139984
12553,0.007878769189119339
12554,0.011885063722729683
12555,0.016856499016284943
12556,0.01009035762399435
12557,0.00954916886985302
12558,0.008893092162907124
12559,0.060259513556957245
12560,0.00955201219767332
12561,0.009361866861581802
12562,0.010509575717151165
12563,0.014690028503537178
12564,0.024306174367666245
12565,0.02552131935954094
12566,0.00865890271961689
12567,0.01672552153468132
12568,0.012626039795577526
12569,0.026302065700292587
12570,0.016682615503668785
12571,0.016117986291646957
12572,0.039589252322912216
12573,0.004834464751183987
12574,0.056822460144758224
12575,0.03417786955833435
12576,0.019024839624762535
12577,0.010617446154356003
12578,0.010109069757163525
12579,0.005138545297086239
12580,0.015647543594241142
12581,0.02143479883670807
12582,0.018101034685969353
12583,0.021489009261131287
12584,0.01402596291154623
12585,0.028613319620490074
12586,0.01372121274471283
12587,0.013618996366858482
12588,0.01702307164669037
12589,0.017743907868862152
12590,0.015433693304657936
12591,0.016830263659358025
12592,0.021512556821107864
12593,0.027310777455568314
12594,0.007820607163012028
12595,0.018152080476284027
12596,0.01137693040072918
12597,0.014405331574380398
12598,0.022216320037841797
12599,0.017480015754699707
12600,0.014639806002378464
12601,0.012738402001559734
12602,0.01026091631501913
12603,0.009791066870093346
12604,0.010352223180234432
12605,0.021600063890218735
12606,0.016345500946044922
12607,0.02674134075641632
12608,0.02688184380531311
12609,0.02992583066225052
12610,0.010774577967822552
12611,0.012736938893795013
12612,0.02334623411297798
12613,0.01844657026231289
12614,0.026213552802801132
12615,0.014884283766150475
12616,0.010268455371260643
12617,0.019568942487239838
12618,0.023759154602885246
12619,0.01711312308907509
12620,0.006006867624819279
12621,0.031092530116438866
12622,0.014566577039659023
12623,0.011656306684017181
12624,0.00587578397244215
12625,0.017537817358970642
12626,0.020573917776346207
12627,0.030435826629400253
12628,0.004480679985135794
12629,0.02779301628470421
12630,0.015066001564264297
12631,0.039396967738866806
12632,0.013563215732574463
12633,0.013593524694442749
12634,0.026416553184390068
12635,0.01028422825038433
12636,0.020470228046178818
12637,0.008725566789507866
12638,0.013907893560826778
12639,0.038337018340826035
12640,0.005219602026045322
12641,0.03841004893183708
12642,0.006938278675079346
12643,0.028829291462898254
12644,0.009417658671736717
12645,0.01269245520234108
12646,0.007333412300795317
12647,0.028959020972251892
12648,0.0045790476724505424
12649,0.015953637659549713
12650,0.022047987207770348
12651,0.013491597026586533
12652,0.021634822711348534
12653,0.007165655493736267
12654,0.007775737904012203
12655,0.012097587808966637
12656,0.011158074252307415
12657,0.01867162063717842
12658,0.013843854889273643
12659,0.016726979985833168
12660,0.016859769821166992
12661,0.010364354588091373
12662,0.00926537811756134
12663,0.008206895552575588
12664,0.015338892117142677
12665,0.01570086181163788
12666,0.016558727249503136
12667,0.00991714745759964
12668,0.016906609758734703
12669,0.006345429923385382
12670,0.0026250863447785378
12671,0.0096682608127594
12672,0.009360934607684612
12673,0.0056417821906507015
12674,0.024799920618534088
12675,0.017276644706726074
12676,0.021416446194052696
12677,0.006184406578540802
12678,0.01641814038157463
12679,0.003431600285694003
12680,0.018147055059671402
12681,0.027513742446899414
12682,0.03989139199256897
12683,0.007593936286866665
12684,0.006372231058776379
12685,0.0427490696310997
12686,0.008469504304230213
12687,0.008814485743641853
12688,0.02674800716340542
12689,0.013262609951198101
12690,0.011370895430445671
12691,0.012102159671485424
12692,0.01603756472468376
12693,0.019444746896624565
12694,0.0122474804520607
12695,0.03467481955885887
12696,0.018459724262356758
12697,0.016179710626602173
12698,0.020399997010827065
12699,0.0037053199484944344
12700,0.007079776376485825
12701,0.013690508902072906
12702,0.004967247135937214
12703,0.006744732614606619
12704,0.01431139837950468
12705,0.010406218469142914
12706,0.007129902020096779
12707,0.00795698817819357
12708,0.011438078247010708
12709,0.013594435527920723
12710,0.015310603193938732
12711,0.012504934333264828
12712,0.008308909833431244
12713,0.006563481874763966
12714,0.006212243810296059
12715,0.021629637107253075
12716,0.006781227886676788
12717,0.00926333386451006
12718,0.010601148009300232
12719,0.009353655390441418
12720,0.019225679337978363
12721,0.02299259975552559
12722,0.009287839755415916
12723,0.008383937180042267
12724,0.007867441512644291
12725,0.007324337959289551
12726,0.014801053330302238
12727,0.008473883382976055
12728,0.02102963626384735
12729,0.007882032543420792
12730,0.014372995123267174
12731,0.01633954420685768
12732,0.034362565726041794
12733,0.012724864296615124
12734,0.018925879150629044
12735,0.012286482378840446
12736,0.03254520520567894
12737,0.019084319472312927
12738,0.018592391163110733
12739,0.015530601143836975
12740,0.022267363965511322
12741,0.013046471402049065
12742,0.008320841938257217
12743,0.014875213615596294
12744,0.06344129890203476
12745,0.007792547345161438
12746,0.03232383355498314
12747,0.028194669634103775
12748,0.0068124160170555115
12749,0.018774250522255898
12750,0.01906329020857811
12751,0.006862554233521223
12752,0.015342696569859982
12753,0.01994851604104042
12754,0.007277490105479956
12755,0.01999063417315483
12756,0.014415977522730827
12757,0.007641212083399296
12758,0.025648217648267746
12759,0.018634691834449768
12760,0.021178942173719406
12761,0.030077461153268814
12762,0.033749014139175415
12763,0.006732100620865822
12764,0.007018360774964094
12765,0.03216373175382614
12766,0.008950257673859596
12767,0.015636909753084183
12768,0.010337261483073235
12769,0.011426149867475033
12770,0.0262172631919384
12771,0.024817368015646935
12772,0.007463203743100166
12773,0.020354021340608597
12774,0.007037832401692867
12775,0.008989894762635231
12776,0.012248238548636436
12777,0.01652989163994789
12778,0.023216774687170982
12779,0.03672308847308159
12780,0.016225740313529968
12781,0.030811205506324768
12782,0.006798143498599529
12783,0.029385890811681747
12784,0.00862367358058691
12785,0.014949972741305828
12786,0.019466131925582886
12787,0.02471078187227249
12788,0.0143971499055624
12789,0.019311202690005302
12790,0.00845488253980875
12791,0.009329771623015404
12792,0.012821684591472149
12793,0.01920860819518566
12794,0.042920321226119995
12795,0.008166120387613773
12796,0.015717551112174988
12797,0.010660761967301369
12798,0.014106249436736107
12799,0.030830133706331253
12800,0.0064867474138736725
12801,0.03335510194301605
12802,0.012249267660081387
12803,0.015145126730203629
12804,0.017290880903601646
12805,0.02619709074497223
12806,0.016495011746883392
12807,0.011802606284618378
12808,0.008031019009649754
12809,0.006736041512340307
12810,0.010087084025144577
12811,0.019498467445373535
12812,0.024415619671344757
12813,0.010684490203857422
12814,0.02773505263030529
12815,0.007312361150979996
12816,0.01096191443502903
12817,0.029926663264632225
12818,0.005540274083614349
12819,0.019651614129543304
12820,0.013720373623073101
12821,0.00919352937489748
12822,0.01307307742536068
12823,0.0031561958603560925
12824,0.01728891395032406
12825,0.020438699051737785
12826,0.009662805125117302
12827,0.010697731748223305
12828,0.03001548908650875
12829,0.01567840576171875
12830,0.016262462362647057
12831,0.017313355579972267
12832,0.008880184963345528
12833,0.013919800519943237
12834,0.008330564014613628
12835,0.012789676897227764
12836,0.00918797217309475
12837,0.03316353261470795
12838,0.03477900102734566
12839,0.022338993847370148
12840,0.016254711896181107
12841,0.011469826102256775
12842,0.016621287912130356
12843,0.011527422815561295
12844,0.01608012244105339
12845,0.021280962973833084
12846,0.019113508984446526
12847,0.013648485764861107
12848,0.02232273481786251
12849,0.007795353885740042
12850,0.00676348339766264
12851,0.014706536196172237
12852,0.0173325315117836
12853,0.016655242070555687
12854,0.01438941340893507
12855,0.03631994128227234
12856,0.013993194326758385
12857,0.019955551251769066
12858,0.011876305565237999
12859,0.011606572195887566
12860,0.028679467737674713
12861,0.010348742827773094
12862,0.01573106087744236
12863,0.01647285558283329
12864,0.009488070383667946
12865,0.0113157844170928
12866,0.019373547285795212
12867,0.01708879880607128
12868,0.058330949395895004
12869,0.014988536946475506
12870,0.0175357423722744
12871,0.007359012961387634
12872,0.008438477292656898
12873,0.007989346981048584
12874,0.04632975906133652
12875,0.004620606079697609
12876,0.008828077465295792
12877,0.014328423887491226
12878,0.0395948588848114
12879,0.020257171243429184
12880,0.008841197937726974
12881,0.028404584154486656
12882,0.009839905425906181
12883,0.004563822411000729
12884,0.02596999704837799
12885,0.01249286811798811
12886,0.01108790747821331
12887,0.031476207077503204
12888,0.013854173943400383
12889,0.011699533089995384
12890,0.005131039768457413
12891,0.015308151952922344
12892,0.008281636983156204
12893,0.024743884801864624
12894,0.008800843730568886
12895,0.011973818764090538
12896,0.012694105505943298
12897,0.011451978236436844
12898,0.011359259486198425
12899,0.00712533388286829
12900,0.03622716665267944
12901,0.007694578729569912
12902,0.023412911221385002
12903,0.01674436777830124
12904,0.018242517486214638
12905,0.008339760825037956
12906,0.013875234872102737
12907,0.017620954662561417
12908,0.0173770971596241
12909,0.01174013502895832
12910,0.006034656427800655
12911,0.013898033648729324
12912,0.018229681998491287
12913,0.01093160267919302
12914,0.03756517916917801
12915,0.008257776498794556
12916,0.013331212103366852
12917,0.01912447065114975
12918,0.01434952300041914
12919,0.012732005678117275
12920,0.02091110125184059
12921,0.034586675465106964
12922,0.01876225695014
12923,0.008993519470095634
12924,0.012063037604093552
12925,0.03463328629732132
12926,0.016871144995093346
12927,0.013197921216487885
12928,0.019786830991506577
12929,0.022255999967455864
12930,0.026670483872294426
12931,0.033682629466056824
12932,0.01069131400436163
12933,0.015295417979359627
12934,0.008160382509231567
12935,0.01786060631275177
12936,0.0119212307035923
12937,0.004724331200122833
12938,0.004474082961678505
12939,0.01588742434978485
12940,0.013694919645786285
12941,0.013020000420510769
12942,0.010757744312286377
12943,0.008494722656905651
12944,0.005152031779289246
12945,0.013287506066262722
12946,0.04448465257883072
12947,0.009147599339485168
12948,0.033625777810811996
12949,0.010343324393033981
12950,0.0077278707176446915
12951,0.01105431281030178
12952,0.020404454320669174
12953,0.013297108933329582
12954,0.010843925178050995
12955,0.015384472906589508
12956,0.036156732589006424
12957,0.011472618207335472
12958,0.021170642226934433
12959,0.006216784939169884
12960,0.02874051406979561
12961,0.020843787118792534
12962,0.009083392098546028
12963,0.009089701808989048
12964,0.010416671633720398
12965,0.009664779528975487
12966,0.02210182510316372
12967,0.028214922174811363
12968,0.013829618692398071
12969,0.010582230985164642
12970,0.012605401687324047
12971,0.021724699065089226
12972,0.01871800608932972
12973,0.014222001656889915
12974,0.010883575305342674
12975,0.01335694920271635
12976,0.01563260331749916
12977,0.018498409539461136
12978,0.013583766296505928
12979,0.015931913629174232
12980,0.005474410951137543
12981,0.007091274484992027
12982,0.013754723593592644
12983,0.02030504308640957
12984,0.01661907508969307
12985,0.022481760010123253
12986,0.029173854738473892
12987,0.01732870191335678
12988,0.013082863762974739
12989,0.01721135899424553
12990,0.03093714825809002
12991,0.0158948116004467
12992,0.011320596560835838
12993,0.002679546130821109
12994,0.014080770313739777
12995,0.009960342198610306
12996,0.02337069623172283
12997,0.012450049631297588
12998,0.01826920546591282
12999,0.016700364649295807
13000,0.009641962125897408
13001,0.006814564578235149
13002,0.019238976761698723
13003,0.01062254048883915
13004,0.021883001551032066
13005,0.006947088520973921
13006,0.020957041531801224
13007,0.01131514087319374
13008,0.020183447748422623
13009,0.02199600636959076
13010,0.01880020461976528
13011,0.06331449747085571
13012,0.023417366668581963
13013,0.005168621893972158
13014,0.019177675247192383
13015,0.021638398990035057
13016,0.010982200503349304
13017,0.006235565524548292
13018,0.00702784163877368
13019,0.015219630673527718
13020,0.020179225131869316
13021,0.03345486521720886
13022,0.023363906890153885
13023,0.011706444434821606
13024,0.009049702435731888
13025,0.013321300968527794
13026,0.008930472657084465
13027,0.01796230673789978
13028,0.014191554859280586
13029,0.008685678243637085
13030,0.014650162309408188
13031,0.012993594631552696
13032,0.01989472284913063
13033,0.018962565809488297
13034,0.012947486713528633
13035,0.014515876770019531
13036,0.020195607095956802
13037,0.02281966060400009
13038,0.00867779552936554
13039,0.010493913665413857
13040,0.011849972419440746
13041,0.009616503491997719
13042,0.019182447344064713
13043,0.013946158811450005
13044,0.0054704914800822735
13045,0.01973690837621689
13046,0.01480151992291212
13047,0.012383652850985527
13048,0.01055347453802824
13049,0.010424204170703888
13050,0.0053084841929376125
13051,0.004403256811201572
13052,0.025370802730321884
13053,0.00426169577986002
13054,0.017487099394202232
13055,0.02186564728617668
13056,0.03136982396245003
13057,0.02133691869676113
13058,0.003957001026719809
13059,0.008778652176260948
13060,0.019367678090929985
13061,0.024914732202887535
13062,0.009393340907990932
13063,0.005548359360545874
13064,0.03419481962919235
13065,0.03453022241592407
13066,0.010945998132228851
13067,0.038628287613391876
13068,0.016142241656780243
13069,0.013098835945129395
13070,0.02760513499379158
13071,0.022638699039816856
13072,0.01045795064419508
13073,0.0812687873840332
13074,0.01878509111702442
13075,0.031995080411434174
13076,0.00995853915810585
13077,0.008330004289746284
13078,0.014859958551824093
13079,0.03947616368532181
13080,0.01880006492137909
13081,0.007519735023379326
13082,0.021958600729703903
13083,0.005737421568483114
13084,0.01198907196521759
13085,0.00599118834361434
13086,0.0284798052161932
13087,0.010148018598556519
13088,0.014430477283895016
13089,0.015207378193736076
13090,0.01131531409919262
13091,0.007928961887955666
13092,0.02003956213593483
13093,0.015987712889909744
13094,0.037489648908376694
13095,0.009766358882188797
13096,0.014044433832168579
13097,0.013708943501114845
13098,0.017183197662234306
13099,0.01423864345997572
13100,0.02932901680469513
13101,0.040534570813179016
13102,0.01841207593679428
13103,0.01735297404229641
13104,0.014877150766551495
13105,0.010322729125618935
13106,0.01668018288910389
13107,0.00730817299336195
13108,0.02769140899181366
13109,0.018396686762571335
13110,0.010651495307683945
13111,0.024779241532087326
13112,0.010259727016091347
13113,0.014440178871154785
13114,0.011854365468025208
13115,0.015957731753587723
13116,0.009878469631075859
13117,0.023760829120874405
13118,0.011240525171160698
13119,0.021450739353895187
13120,0.006394262425601482
13121,0.016000963747501373
13122,0.02127688191831112
13123,0.011049247346818447
13124,0.014805777929723263
13125,0.022301113232970238
13126,0.015909425914287567
13127,0.014414489269256592
13128,0.016407862305641174
13129,0.018185794353485107
13130,0.026102235540747643
13131,0.01111320685595274
13132,0.005958926863968372
13133,0.004322784021496773
13134,0.004514534026384354
13135,0.02447873167693615
13136,0.02372707426548004
13137,0.01099112257361412
13138,0.017269890755414963
13139,0.028985165059566498
13140,0.03466062247753143
13141,0.02140851318836212
13142,0.014002665877342224
13143,0.013682369142770767
13144,0.011354818940162659
13145,0.01999499276280403
13146,0.012851621024310589
13147,0.017996439710259438
13148,0.026326877996325493
13149,0.03304377198219299
13150,0.016881462186574936
13151,0.009989847429096699
13152,0.00936678797006607
13153,0.011262106709182262
13154,0.015129506587982178
13155,0.021791692823171616
13156,0.008895166218280792
13157,0.01893031597137451
13158,0.022067947313189507
13159,0.027190353721380234
13160,0.011353808455169201
13161,0.010544958524405956
13162,0.018609270453453064
13163,0.014209561049938202
13164,0.018249470740556717
13165,0.008054534904658794
13166,0.008055363781750202
13167,0.006607118062674999
13168,0.007263438310474157
13169,0.006741905119270086
13170,0.014031565748155117
13171,0.024602338671684265
13172,0.008516546338796616
13173,0.01624137908220291
13174,0.010840083472430706
13175,0.034382276237010956
13176,0.018277611583471298
13177,0.04438447207212448
13178,0.009595540352165699
13179,0.011661953292787075
13180,0.035770319402217865
13181,0.0253665279597044
13182,0.013133867643773556
13183,0.022864704951643944
13184,0.01425173133611679
13185,0.011988414451479912
13186,0.009814677760004997
13187,0.017466213554143906
13188,0.010743921622633934
13189,0.04741105064749718
13190,0.016481734812259674
13191,0.006929798051714897
13192,0.016836736351251602
13193,0.017209576442837715
13194,0.014731640927493572
13195,0.04591528698801994
13196,0.01845325529575348
13197,0.01646818034350872
13198,0.02458718977868557
13199,0.06911787390708923
13200,0.023517604917287827
13201,0.010586393997073174
13202,0.003495724406093359
13203,0.0068919169716537
13204,0.01217455230653286
13205,0.01814064383506775
13206,0.019528619945049286
13207,0.009680796414613724
13208,0.023595746606588364
13209,0.015287309885025024
13210,0.015508542768657207
13211,0.015913642942905426
13212,0.014955509454011917
13213,0.07419741898775101
13214,0.008613844402134418
13215,0.013123996555805206
13216,0.011818235740065575
13217,0.009376030415296555
13218,0.018385939300060272
13219,0.013095598667860031
13220,0.012748055160045624
13221,0.011674984358251095
13222,0.011775905266404152
13223,0.051303111016750336
13224,0.023854650557041168
13225,0.010535317473113537
13226,0.009882337413728237
13227,0.017902042716741562
13228,0.02206198126077652
13229,0.016528578475117683
13230,0.01602720096707344
13231,0.02709345519542694
13232,0.016384126618504524
13233,0.02883979305624962
13234,0.010615335777401924
13235,0.008466996252536774
13236,0.026333943009376526
13237,0.01872599869966507
13238,0.019955426454544067
13239,0.011839479207992554
13240,0.0055763572454452515
13241,0.0075762211345136166
13242,0.016797713935375214
13243,0.014085786417126656
13244,0.01589908078312874
13245,0.029353922232985497
13246,0.01641365885734558
13247,0.010613316670060158
13248,0.010028665885329247
13249,0.005473162978887558
13250,0.02021246775984764
13251,0.013540543615818024
13252,0.009400282986462116
13253,0.01143792923539877
13254,0.01370479166507721
13255,0.010400139726698399
13256,0.016933290287852287
13257,0.013883511535823345
13258,0.0112014040350914
13259,0.015993934124708176
13260,0.03635095804929733
13261,0.04097243398427963
13262,0.019889887422323227
13263,0.0056799789890646935
13264,0.01664130762219429
13265,0.014964139088988304
13266,0.00536586856469512
13267,0.009288839064538479
13268,0.0211221631616354
13269,0.013179713860154152
13270,0.021815769374370575
13271,0.022827623412013054
13272,0.014686129987239838
13273,0.01026181410998106
13274,0.007709297351539135
13275,0.013492917641997337
13276,0.038823001086711884
13277,0.008203070610761642
13278,0.0097841527312994
13279,0.018030613660812378
13280,0.024204134941101074
13281,0.014606299810111523
13282,0.02072039246559143
13283,0.02225388213992119
13284,0.01713191345334053
13285,0.033417314291000366
13286,0.008564583025872707
13287,0.008622316643595695
13288,0.023548265919089317
13289,0.010546622797846794
13290,0.014593005180358887
13291,0.0397537536919117
13292,0.009599301032721996
13293,0.023381521925330162
13294,0.01579512283205986
13295,0.011955308727920055
13296,0.03384289890527725
13297,0.035205572843551636
13298,0.013585148379206657
13299,0.02640579640865326
13300,0.013239160180091858
13301,0.019165892153978348
13302,0.009576442651450634
13303,0.01011292077600956
13304,0.016761763021349907
13305,0.015321707352995872
13306,0.008112506940960884
13307,0.00928567349910736
13308,0.01764480583369732
13309,0.02924622967839241
13310,0.009936468675732613
13311,0.014697691425681114
13312,0.021675627678632736
13313,0.0322723463177681
13314,0.00985274650156498
13315,0.01580435037612915
13316,0.016863282769918442
13317,0.014988644048571587
13318,0.01060218270868063
13319,0.007198905106633902
13320,0.004533558618277311
13321,0.043281190097332
13322,0.03164233639836311
13323,0.029737621545791626
13324,0.00872822105884552
13325,0.02547842264175415
13326,0.010227966122329235
13327,0.01325445156544447
13328,0.02314302697777748
13329,0.01009078323841095
13330,0.01333083026111126
13331,0.007676746696233749
13332,0.02106880210340023
13333,0.008283501490950584
13334,0.003990292549133301
13335,0.022259768098592758
13336,0.014903220348060131
13337,0.007506287656724453
13338,0.010663578286767006
13339,0.01705561950802803
13340,0.02247493341565132
13341,0.005250255577266216
13342,0.015317430719733238
13343,0.031230203807353973
13344,0.0422118715941906
13345,0.023618008941411972
13346,0.021071255207061768
13347,0.006866692565381527
13348,0.011066565290093422
13349,0.016503173857927322
13350,0.011986767873167992
13351,0.01554934587329626
13352,0.0327385812997818
13353,0.026358790695667267
13354,0.005150194279849529
13355,0.0060574146918952465
13356,0.008022604510188103
13357,0.01131381094455719
13358,0.01592358946800232
13359,0.022801576182246208
13360,0.009183994494378567
13361,0.05696224421262741
13362,0.02301616594195366
13363,0.01547582633793354
13364,0.01064998097717762
13365,0.029427144676446915
13366,0.022704489529132843
13367,0.012966429814696312
13368,0.014468608424067497
13369,0.00635204603895545
13370,0.02485199272632599
13371,0.024562940001487732
13372,0.015080595389008522
13373,0.026047106832265854
13374,0.018702296540141106
13375,0.015030636452138424
13376,0.011324048042297363
13377,0.01375916413962841
13378,0.009490028023719788
13379,0.008324619382619858
13380,0.010514305904507637
13381,0.012441664934158325
13382,0.004373216535896063
13383,0.020229127258062363
13384,0.024621393531560898
13385,0.013614101335406303
13386,0.011572937481105328
13387,0.024593135342001915
13388,0.00437754625454545
13389,0.010797740891575813
13390,0.020097922533750534
13391,0.04840291664004326
13392,0.00470584724098444
13393,0.01997571811079979
13394,0.009525666944682598
13395,0.007912391796708107
13396,0.03888671100139618
13397,0.03913241624832153
13398,0.012997906655073166
13399,0.02458316646516323
13400,0.009399762377142906
13401,0.010564425960183144
13402,0.025923144072294235
13403,0.005131914746016264
13404,0.026302244514226913
13405,0.016415966674685478
13406,0.016552254557609558
13407,0.01462322287261486
13408,0.005790689494460821
13409,0.0152668422088027
13410,0.009800143539905548
13411,0.007588504813611507
13412,0.014887556433677673
13413,0.013855564408004284
13414,0.030978387221693993
13415,0.017575686797499657
13416,0.005435011815279722
13417,0.017591148614883423
13418,0.008498265407979488
13419,0.013285554945468903
13420,0.010594908148050308
13421,0.014407053589820862
13422,0.019338449463248253
13423,0.023378580808639526
13424,0.00485033867880702
13425,0.010266939178109169
13426,0.014603523537516594
13427,0.021216269582509995
13428,0.05128282308578491
13429,0.013710121624171734
13430,0.015222008340060711
13431,0.015065290033817291
13432,0.02165990322828293
13433,0.007037946954369545
13434,0.015719151124358177
13435,0.011993803083896637
13436,0.02530146948993206
13437,0.02977074310183525
13438,0.0314415842294693
13439,0.02525893971323967
13440,0.014258487150073051
13441,0.013292348012328148
13442,0.011044375598430634
13443,0.010172470472753048
13444,0.004523980896919966
13445,0.020700503140687943
13446,0.021132027730345726
13447,0.0032425285317003727
13448,0.0053918673656880856
13449,0.015149211511015892
13450,0.022080153226852417
13451,0.013883925043046474
13452,0.015588469803333282
13453,0.014458286575973034
13454,0.016167957335710526
13455,0.01802726648747921
13456,0.01423885952681303
13457,0.014313289895653725
13458,0.014587720856070518
13459,0.012079037725925446
13460,0.018635397776961327
13461,0.014981478452682495
13462,0.015472186729311943
13463,0.008435512892901897
13464,0.013243293389678001
13465,0.0123831108212471
13466,0.007414090447127819
13467,0.045994341373443604
13468,0.008911414071917534
13469,0.012285348027944565
13470,0.007157075218856335
13471,0.01865558698773384
13472,0.01749510131776333
13473,0.011617405340075493
13474,0.0319981575012207
13475,0.015234379097819328
13476,0.011961555108428001
13477,0.010199728421866894
13478,0.04428678750991821
13479,0.011904586106538773
13480,0.01926310732960701
13481,0.008702571503818035
13482,0.018223600462079048
13483,0.01418260671198368
13484,0.011976859532296658
13485,0.007202024571597576
13486,0.014894509688019753
13487,0.006860734894871712
13488,0.012171685695648193
13489,0.0188203863799572
13490,0.010245256125926971
13491,0.00635273102670908
13492,0.00480511924251914
13493,0.013074233196675777
13494,0.023891210556030273
13495,0.022153547033667564
13496,0.01675427332520485
13497,0.01999051123857498
13498,0.019560758024454117
13499,0.027928320690989494
13500,0.024137787520885468
13501,0.010304953902959824
13502,0.0034584403038024902
13503,0.010218538343906403
13504,0.019951004534959793
13505,0.02123219333589077
13506,0.01575608365237713
13507,0.04822026938199997
13508,0.015162582509219646
13509,0.022066403180360794
13510,0.013954667374491692
13511,0.010918647050857544
13512,0.008582547307014465
13513,0.01955134980380535
13514,0.008390847593545914
13515,0.007057403214275837
13516,0.020583558827638626
13517,0.008116918615996838
13518,0.010193013586103916
13519,0.015206086449325085
13520,0.017572030425071716
13521,0.04314005374908447
13522,0.0244657751172781
13523,0.02280818670988083
13524,0.020374784246087074
13525,0.01763543114066124
13526,0.010877563618123531
13527,0.015316846780478954
13528,0.02611628547310829
13529,0.007626078091561794
13530,0.006642855703830719
13531,0.020940780639648438
13532,0.009639883413910866
13533,0.004815476946532726
13534,0.01418446283787489
13535,0.049248188734054565
13536,0.03308503329753876
13537,0.022214479744434357
13538,0.010947458446025848
13539,0.010403791442513466
13540,0.012328604236245155
13541,0.007832840085029602
13542,0.012823142111301422
13543,0.03851936385035515
13544,0.01836712285876274
13545,0.009260628372430801
13546,0.011966021731495857
13547,0.012328612618148327
13548,0.0296487957239151
13549,0.014889633283019066
13550,0.009848129004240036
13551,0.05176814645528793
13552,0.005189354531466961
13553,0.0095982626080513
13554,0.006118752062320709
13555,0.009697029367089272
13556,0.004654652439057827
13557,0.03800182044506073
13558,0.0058935536071658134
13559,0.008266940712928772
13560,0.015031155198812485
13561,0.010112741962075233
13562,0.018759407103061676
13563,0.013393566012382507
13564,0.00867881253361702
13565,0.024573534727096558
13566,0.013835547491908073
13567,0.007006263360381126
13568,0.04004978761076927
13569,0.018655827268958092
13570,0.01643102616071701
13571,0.01719800941646099
13572,0.01645987667143345
13573,0.009876327589154243
13574,0.009474199265241623
13575,0.031215496361255646
13576,0.015446200966835022
13577,0.010826720856130123
13578,0.02133972942829132
13579,0.01764095388352871
13580,0.01848723739385605
13581,0.01766260899603367
13582,0.007654878776520491
13583,0.009317761287093163
13584,0.016989242285490036
13585,0.012652797624468803
13586,0.01966339349746704
13587,0.021012118086218834
13588,0.03733817860484123
13589,0.011367656290531158
13590,0.0048129018396139145
13591,0.021612390875816345
13592,0.006856575608253479
13593,0.01701267436146736
13594,0.008328002877533436
13595,0.008546413853764534
13596,0.0644133985042572
13597,0.01358689647167921
13598,0.004334254190325737
13599,0.03150510787963867
13600,0.011668413877487183
13601,0.017204362899065018
13602,0.00394997326657176
13603,0.00720096193253994
13604,0.00818183645606041
13605,0.00993361510336399
13606,0.042113058269023895
13607,0.029296597465872765
13608,0.005972074344754219
13609,0.013013187795877457
13610,0.018297458067536354
13611,0.019588962197303772
13612,0.004419590812176466
13613,0.008105599321424961
13614,0.008207006379961967
13615,0.019491126760840416
13616,0.012484200298786163
13617,0.016882263123989105
13618,0.015170253813266754
13619,0.007487541064620018
13620,0.008933588862419128
13621,0.02286170981824398
13622,0.010238580405712128
13623,0.025335317477583885
13624,0.017627157270908356
13625,0.007953960448503494
13626,0.008061643689870834
13627,0.021603509783744812
13628,0.006168532185256481
13629,0.013314198702573776
13630,0.007945946417748928
13631,0.03973079472780228
13632,0.02134944498538971
13633,0.018397098407149315
13634,0.024599939584732056
13635,0.03304220736026764
13636,0.01692930981516838
13637,0.01573224738240242
13638,0.0043134624138474464
13639,0.016063015908002853
13640,0.00905538909137249
13641,0.016962170600891113
13642,0.006466741673648357
13643,0.02591441385447979
13644,0.021679555997252464
13645,0.009084416553378105
13646,0.017148129642009735
13647,0.012806552462279797
13648,0.010935324244201183
13649,0.019538573920726776
13650,0.009925445541739464
13651,0.014743799343705177
13652,0.008832545951008797
13653,0.011735271662473679
13654,0.017798220738768578
13655,0.012604376301169395
13656,0.005578429903835058
13657,0.021741515025496483
13658,0.01540589239448309
13659,0.018234465271234512
13660,0.008715345524251461
13661,0.019849538803100586
13662,0.00690465560182929
13663,0.014528363943099976
13664,0.014646696858108044
13665,0.018848871812224388
13666,0.006970086134970188
13667,0.022110968828201294
13668,0.00648479862138629
13669,0.03323034197092056
13670,0.03422904759645462
13671,0.05336917191743851
13672,0.042809631675481796
13673,0.01733972690999508
13674,0.0128044243901968
13675,0.023770641535520554
13676,0.014480925165116787
13677,0.01654689759016037
13678,0.011359776370227337
13679,0.007904189638793468
13680,0.024745728820562363
13681,0.018593885004520416
13682,0.015949247404932976
13683,0.010548025369644165
13684,0.01649285852909088
13685,0.004249405115842819
13686,0.010314244776964188
13687,0.007750855293124914
13688,0.013286691159009933
13689,0.018887855112552643
13690,0.00993120577186346
13691,0.008770767599344254
13692,0.012224915437400341
13693,0.017862658947706223
13694,0.02165684662759304
13695,0.00997732114046812
13696,0.01275730412453413
13697,0.018421320244669914
13698,0.005343680735677481
13699,0.009253589436411858
13700,0.00876721553504467
13701,0.006125151179730892
13702,0.013231996446847916
13703,0.0200667642056942
13704,0.00896533951163292
13705,0.005069817882031202
13706,0.016734419390559196
13707,0.0168355330824852
13708,0.008391819894313812
13709,0.014048127457499504
13710,0.022398080676794052
13711,0.01795293390750885
13712,0.014789756387472153
13713,0.020130565389990807
13714,0.013306912034749985
13715,0.021805141121149063
13716,0.010297881439328194
13717,0.03554995357990265
13718,0.004790233448147774
13719,0.006821032613515854
13720,0.010372252203524113
13721,0.01509277056902647
13722,0.009450020268559456
13723,0.030283575877547264
13724,0.01843482442200184
13725,0.013348895125091076
13726,0.0061811781488358974
13727,0.01559707522392273
13728,0.015372984111309052
13729,0.011238837614655495
13730,0.01419108361005783
13731,0.01122159045189619
13732,0.010952155105769634
13733,0.011488868854939938
13734,0.010652035474777222
13735,0.011469997465610504
13736,0.008843665942549706
13737,0.010723806917667389
13738,0.017439505085349083
13739,0.02080661803483963
13740,0.009654875844717026
13741,0.013605913147330284
13742,0.011384710669517517
13743,0.044667478650808334
13744,0.026825599372386932
13745,0.015023041516542435
13746,0.0103345587849617
13747,0.006746461149305105
13748,0.03301180526614189
13749,0.011522382497787476
13750,0.013893975876271725
13751,0.0122085465118289
13752,0.009320656768977642
13753,0.019369954243302345
13754,0.015167000703513622
13755,0.025499340146780014
13756,0.019614923745393753
13757,0.012736307457089424
13758,0.011530272662639618
13759,0.006515096873044968
13760,0.019596755504608154
13761,0.03204525634646416
13762,0.018079634755849838
13763,0.0054130698554217815
13764,0.040295884013175964
13765,0.017305508255958557
13766,0.01082239206880331
13767,0.017086531966924667
13768,0.008451009169220924
13769,0.02482100948691368
13770,0.015247544273734093
13771,0.037571996450424194
13772,0.028683718293905258
13773,0.014270386658608913
13774,0.016565822064876556
13775,0.040703412145376205
13776,0.030187971889972687
13777,0.004083774983882904
13778,0.030535634607076645
13779,0.010335206985473633
13780,0.025492072105407715
13781,0.011757254600524902
13782,0.027232935652136803
13783,0.013334577903151512
13784,0.0581330768764019
13785,0.013697698712348938
13786,0.010230505838990211
13787,0.019350625574588776
13788,0.03776295483112335
13789,0.006497933529317379
13790,0.025023996829986572
13791,0.0195760540664196
13792,0.023457443341612816
13793,0.008383750915527344
13794,0.01519658975303173
13795,0.01199335977435112
13796,0.010908632539212704
13797,0.012323669157922268
13798,0.007017306983470917
13799,0.012531619518995285
13800,0.01632951758801937
13801,0.005606005899608135
13802,0.04164174944162369
13803,0.010505950078368187
13804,0.008930079638957977
13805,0.015263214707374573
13806,0.007903109304606915
13807,0.014436498284339905
13808,0.029981091618537903
13809,0.010960660874843597
13810,0.022850975394248962
13811,0.012682451866567135
13812,0.03864891454577446
13813,0.023750757798552513
13814,0.012423977255821228
13815,0.008668893948197365
13816,0.012421108782291412
13817,0.02234916388988495
13818,0.022411268204450607
13819,0.037517718970775604
13820,0.010934601537883282
13821,0.025819018483161926
13822,0.009461446665227413
13823,0.02412082813680172
13824,0.007058459334075451
13825,0.013862534426152706
13826,0.030940115451812744
13827,0.01022975705564022
13828,0.017900459468364716
13829,0.015723731368780136
13830,0.014024225994944572
13831,0.017070254310965538
13832,0.023072954267263412
13833,0.028504367917776108
13834,0.008745377883315086
13835,0.013471823185682297
13836,0.00954922940582037
13837,0.014073322527110577
13838,0.016596924513578415
13839,0.02142300084233284
13840,0.00921885296702385
13841,0.006441173609346151
13842,0.0138798076659441
13843,0.005498248618096113
13844,0.005381440278142691
13845,0.009479163214564323
13846,0.010822033509612083
13847,0.02000013366341591
13848,0.007805472239851952
13849,0.018735889345407486
13850,0.01724899373948574
13851,0.022238031029701233
13852,0.012163970619440079
13853,0.009193828329443932
13854,0.009344437159597874
13855,0.01722063682973385
13856,0.013716472312808037
13857,0.018800517544150352
13858,0.0076477425172924995
13859,0.02046801522374153
13860,0.019047807902097702
13861,0.012233294546604156
13862,0.0066267563961446285
13863,0.042296361178159714
13864,0.010937480255961418
13865,0.015799622982740402
13866,0.0058891382068395615
13867,0.04544321820139885
13868,0.04649529978632927
13869,0.02239801734685898
13870,0.009123696014285088
13871,0.00571972643956542
13872,0.008522480726242065
13873,0.03214171156287193
13874,0.02115199714899063
13875,0.0159321166574955
13876,0.0488756000995636
13877,0.011898823082447052
13878,0.01904062181711197
13879,0.015230837278068066
13880,0.008195864036679268
13881,0.008330615237355232
13882,0.017542017623782158
13883,0.017813032492995262
13884,0.012336743995547295
13885,0.007906301878392696
13886,0.02204481139779091
13887,0.013671217486262321
13888,0.009845348075032234
13889,0.03444250673055649
13890,0.031386032700538635
13891,0.006716317497193813
13892,0.006423524580895901
13893,0.0075440071523189545
13894,0.026407679542899132
13895,0.013486742973327637
13896,0.013364411890506744
13897,0.01258317194879055
13898,0.01892087608575821
13899,0.009504825808107853
13900,0.021403439342975616
13901,0.0059692710638046265
13902,0.012964918278157711
13903,0.014601320028305054
13904,0.01605592668056488
13905,0.015411823987960815
13906,0.024169154465198517
13907,0.013917103409767151
13908,0.017665807157754898
13909,0.022357497364282608
13910,0.01343315839767456
13911,0.011345595121383667
13912,0.020137209445238113
13913,0.01161933969706297
13914,0.008250053972005844
13915,0.025428831577301025
13916,0.01162640005350113
13917,0.026626352220773697
13918,0.035295117646455765
13919,0.014782036654651165
13920,0.014455238357186317
13921,0.004152064211666584
13922,0.047668762505054474
13923,0.018593398854136467
13924,0.013131169602274895
13925,0.007978674955666065
13926,0.02176724374294281
13927,0.02468547783792019
13928,0.009017585776746273
13929,0.013393379747867584
13930,0.018872402608394623
13931,0.00995846837759018
13932,0.005961286835372448
13933,0.02333209477365017
13934,0.00795576348900795
13935,0.008755505084991455
13936,0.028775762766599655
13937,0.027057945728302002
13938,0.041312482208013535
13939,0.015299716964364052
13940,0.010143613442778587
13941,0.013958735391497612
13942,0.009052975103259087
13943,0.01518926303833723
13944,0.012830302119255066
13945,0.01944764517247677
13946,0.01929694227874279
13947,0.012009057216346264
13948,0.006158166565001011
13949,0.007726970594376326
13950,0.015683790668845177
13951,0.01637515053153038
13952,0.005797752644866705
13953,0.007747679948806763
13954,0.02818916365504265
13955,0.022046511992812157
13956,0.022754758596420288
13957,0.006793182343244553
13958,0.016215108335018158
13959,0.018436893820762634
13960,0.021918393671512604
13961,0.007603904232382774
13962,0.01010920200496912
13963,0.015036497265100479
13964,0.01781306229531765
13965,0.01853073015809059
13966,0.009087271057069302
13967,0.002752850530669093
13968,0.013066815212368965
13969,0.01224789023399353
13970,0.0151016004383564
13971,0.005708751734346151
13972,0.01265620719641447
13973,0.008808840066194534
13974,0.01370125263929367
13975,0.0153327202424407
13976,0.031151197850704193
13977,0.02151145599782467
13978,0.01059100590646267
13979,0.016751732677221298
13980,0.010556410066783428
13981,0.019317522644996643
13982,0.006822196766734123
13983,0.03222403675317764
13984,0.014801613055169582
13985,0.02306486666202545
13986,0.01935259997844696
13987,0.003943253308534622
13988,0.015435568988323212
13989,0.01859704777598381
13990,0.017093637958168983
13991,0.019833672791719437
13992,0.017122557386755943
13993,0.014529822394251823
13994,0.008979122154414654
13995,0.0051779067143797874
13996,0.02381978929042816
13997,0.006825012620538473
13998,0.009424814954400063
13999,0.02942102961242199
14000,0.015406301245093346
14001,0.011729906313121319
14002,0.007931726053357124
14003,0.02005811035633087
14004,0.005652154795825481
14005,0.009663136675953865
14006,0.01275287102907896
14007,0.012166771106421947
14008,0.010146530345082283
14009,0.025576170533895493
14010,0.008204814046621323
14011,0.01834329217672348
14012,0.008371854200959206
14013,0.009070645086467266
14014,0.00758560374379158
14015,0.011079540476202965
14016,0.006212882697582245
14017,0.00788970198482275
14018,0.015309587121009827
14019,0.013850412331521511
14020,0.02022901363670826
14021,0.010670328512787819
14022,0.04025441035628319
14023,0.009267665445804596
14024,0.00807163491845131
14025,0.008885274641215801
14026,0.004185395315289497
14027,0.01406027004122734
14028,0.01732625626027584
14029,0.01732509955763817
14030,0.0069216713309288025
14031,0.009892675094306469
14032,0.01711319200694561
14033,0.006859285291284323
14034,0.010875584557652473
14035,0.028358064591884613
14036,0.008739898912608624
14037,0.01603792980313301
14038,0.044406335800886154
14039,0.00746327405795455
14040,0.020328974351286888
14041,0.011739430949091911
14042,0.005134943872690201
14043,0.011097967624664307
14044,0.008943403139710426
14045,0.007503526285290718
14046,0.018273580819368362
14047,0.012703309766948223
14048,0.006908229552209377
14049,0.006074083503335714
14050,0.016430813819169998
14051,0.031322918832302094
14052,0.009004982188344002
14053,0.0024468922056257725
14054,0.023413553833961487
14055,0.029233425855636597
14056,0.02288287878036499
14057,0.015958841890096664
14058,0.0048305569216609
14059,0.019309131428599358
14060,0.004118435550481081
14061,0.01087720226496458
14062,0.007791164331138134
14063,0.025812581181526184
14064,0.006241198629140854
14065,0.03253834694623947
14066,0.02827594056725502
14067,0.013808855786919594
14068,0.010239888913929462
14069,0.015146764926612377
14070,0.009844774380326271
14071,0.011744214221835136
14072,0.0068595814518630505
14073,0.005724119953811169
14074,0.012439379468560219
14075,0.010376902297139168
14076,0.007032763212919235
14077,0.025185737758874893
14078,0.012893196195363998
14079,0.049221619963645935
14080,0.01410386711359024
14081,0.039733897894620895
14082,0.008945812471210957
14083,0.029167816042900085
14084,0.022404659539461136
14085,0.006961913779377937
14086,0.00613663624972105
14087,0.0138759296387434
14088,0.03614399582147598
14089,0.009347284212708473
14090,0.02270016074180603
14091,0.00976699497550726
14092,0.01939089223742485
14093,0.009330477565526962
14094,0.004274596925824881
14095,0.02439572662115097
14096,0.019370954483747482
14097,0.02837272547185421
14098,0.01940622553229332
14099,0.022415965795516968
14100,0.007048308849334717
14101,0.01857605203986168
14102,0.010918214917182922
14103,0.01190035417675972
14104,0.019511118531227112
14105,0.01613444834947586
14106,0.013625063002109528
14107,0.013798380270600319
14108,0.017828956246376038
14109,0.012268319725990295
14110,0.016876302659511566
14111,0.013015326112508774
14112,0.011763136833906174
14113,0.010950129479169846
14114,0.007721674628555775
14115,0.009005716070532799
14116,0.012463793158531189
14117,0.009121419861912727
14118,0.024074306711554527
14119,0.09668727964162827
14120,0.00973059143871069
14121,0.019167769700288773
14122,0.020182255655527115
14123,0.015656914561986923
14124,0.0071351672522723675
14125,0.02457490563392639
14126,0.012707236222922802
14127,0.014854174107313156
14128,0.009012862108647823
14129,0.02224729023873806
14130,0.019575340673327446
14131,0.0341586098074913
14132,0.014019321650266647
14133,0.020221589133143425
14134,0.0054755425080657005
14135,0.022819753736257553
14136,0.008838639594614506
14137,0.006020962726324797
14138,0.006595691666007042
14139,0.028739482164382935
14140,0.021524138748645782
14141,0.022416796535253525
14142,0.010480309836566448
14143,0.032770805060863495
14144,0.0165349580347538
14145,0.011369402520358562
14146,0.009249106049537659
14147,0.019337117671966553
14148,0.010404851287603378
14149,0.01349510159343481
14150,0.008283748291432858
14151,0.008404741063714027
14152,0.02839156612753868
14153,0.018827421590685844
14154,0.012972639873623848
14155,0.016571683809161186
14156,0.0207100510597229
14157,0.021957773715257645
14158,0.009504147805273533
14159,0.020262472331523895
14160,0.009349146857857704
14161,0.023080289363861084
14162,0.012801903299987316
14163,0.006773792207241058
14164,0.007221589796245098
14165,0.020484689623117447
14166,0.00983518548309803
14167,0.02949042245745659
14168,0.012064668349921703
14169,0.013600165955722332
14170,0.008986911736428738
14171,0.015491860918700695
14172,0.014917774125933647
14173,0.024774644523859024
14174,0.015344768762588501
14175,0.009063547477126122
14176,0.01625703275203705
14177,0.004628519527614117
14178,0.02135351672768593
14179,0.007411231752485037
14180,0.01669744960963726
14181,0.028180405497550964
14182,0.010881508700549603
14183,0.016297917813062668
14184,0.004772691056132317
14185,0.006522628478705883
14186,0.022176481783390045
14187,0.014521820470690727
14188,0.014701610431075096
14189,0.006922445259988308
14190,0.03169969841837883
14191,0.006346213631331921
14192,0.015253043733537197
14193,0.013490203768014908
14194,0.010442274622619152
14195,0.00806607399135828
14196,0.00715270359069109
14197,0.011384738609194756
14198,0.012391028925776482
14199,0.008777042850852013
14200,0.004727352876216173
14201,0.012762832455337048
14202,0.008268016390502453
14203,0.00985923781991005
14204,0.030330931767821312
14205,0.02354302816092968
14206,0.016714714467525482
14207,0.010490791872143745
14208,0.00927192997187376
14209,0.019773725420236588
14210,0.014505593106150627
14211,0.012300322763621807
14212,0.027366643771529198
14213,0.02081901952624321
14214,0.01550578884780407
14215,0.028196677565574646
14216,0.02795976959168911
14217,0.01185082271695137
14218,0.01506396196782589
14219,0.01940210536122322
14220,0.021019360050559044
14221,0.012175478041172028
14222,0.022719796746969223
14223,0.05202718824148178
14224,0.009929876774549484
14225,0.012304267846047878
14226,0.009457417763769627
14227,0.013077205047011375
14228,0.009576031006872654
14229,0.00875142402946949
14230,0.020074468106031418
14231,0.009510952979326248
14232,0.012491226196289062
14233,0.017751822248101234
14234,0.014385166577994823
14235,0.015211268328130245
14236,0.020538778975605965
14237,0.029690630733966827
14238,0.0297456756234169
14239,0.014839768409729004
14240,0.01802593097090721
14241,0.014627845957875252
14242,0.016535893082618713
14243,0.01978364773094654
14244,0.02092556282877922
14245,0.012861552648246288
14246,0.012014178559184074
14247,0.028421372175216675
14248,0.008523879572749138
14249,0.004670225083827972
14250,0.01149451918900013
14251,0.01144142635166645
14252,0.03104538843035698
14253,0.013908617198467255
14254,0.012999659404158592
14255,0.010679533705115318
14256,0.007916633039712906
14257,0.013447493314743042
14258,0.014627533964812756
14259,0.029589032754302025
14260,0.007022124715149403
14261,0.005877496208995581
14262,0.006143228616565466
14263,0.01155561488121748
14264,0.02324352040886879
14265,0.013028502464294434
14266,0.016326388344168663
14267,0.007721597328782082
14268,0.014268129132688046
14269,0.015079464763402939
14270,0.010829923674464226
14271,0.01650160178542137
14272,0.019103799015283585
14273,0.019581055268645287
14274,0.012140944600105286
14275,0.0607936792075634
14276,0.014908898621797562
14277,0.031135842204093933
14278,0.008291917853057384
14279,0.018412930890917778
14280,0.05167330428957939
14281,0.005554194562137127
14282,0.010608898475766182
14283,0.015121451579034328
14284,0.01660202443599701
14285,0.026555340737104416
14286,0.01578041911125183
14287,0.006393231451511383
14288,0.008189558982849121
14289,0.05059690400958061
14290,0.006284425035119057
14291,0.008349794894456863
14292,0.009258359670639038
14293,0.012202393263578415
14294,0.014832763932645321
14295,0.014087597839534283
14296,0.011870458722114563
14297,0.01157466508448124
14298,0.008752036839723587
14299,0.014042757451534271
14300,0.016291892156004906
14301,0.025361347943544388
14302,0.013021586462855339
14303,0.013831360265612602
14304,0.016896497458219528
14305,0.01961842179298401
14306,0.01405297126621008
14307,0.01005195826292038
14308,0.02088799886405468
14309,0.01859886199235916
14310,0.019276779145002365
14311,0.016487982124090195
14312,0.014268353581428528
14313,0.013148779980838299
14314,0.012967340648174286
14315,0.011071848683059216
14316,0.021964073181152344
14317,0.020862987264990807
14318,0.019328046590089798
14319,0.008813097141683102
14320,0.011016041040420532
14321,0.017288675531744957
14322,0.009386862628161907
14323,0.012203045189380646
14324,0.01841050200164318
14325,0.020798776298761368
14326,0.00994910579174757
14327,0.017879925668239594
14328,0.011941324919462204
14329,0.010129788890480995
14330,0.02531147375702858
14331,0.013955372385680676
14332,0.044242143630981445
14333,0.018962806090712547
14334,0.020879078656435013
14335,0.017647815868258476
14336,0.012094481848180294
14337,0.029478609561920166
14338,0.0356319323182106
14339,0.026179641485214233
14340,0.012704948894679546
14341,0.0069887577556073666
14342,0.004465441685169935
14343,0.028241556137800217
14344,0.025664037093520164
14345,0.016149334609508514
14346,0.007374025881290436
14347,0.01197767537087202
14348,0.024526219815015793
14349,0.007377798669040203
14350,0.010788671672344208
14351,0.03459890931844711
14352,0.01577754318714142
14353,0.03481380268931389
14354,0.014836030080914497
14355,0.01559482328593731
14356,0.013755148276686668
14357,0.01952642947435379
14358,0.017492562532424927
14359,0.008873908780515194
14360,0.014832336455583572
14361,0.015701688826084137
14362,0.008572157472372055
14363,0.015628350898623466
14364,0.00988660380244255
14365,0.018692728132009506
14366,0.02352670393884182
14367,0.017680779099464417
14368,0.009904413484036922
14369,0.02642631158232689
14370,0.030927181243896484
14371,0.012074565514922142
14372,0.014175474643707275
14373,0.018151504918932915
14374,0.022861843928694725
14375,0.01517617516219616
14376,0.029428571462631226
14377,0.04073566943407059
14378,0.025557249784469604
14379,0.0303102545440197
14380,0.038194622844457626
14381,0.01193478237837553
14382,0.02249126136302948
14383,0.0193977989256382
14384,0.014227676205337048
14385,0.011468327604234219
14386,0.01644292287528515
14387,0.01694088988006115
14388,0.010430969297885895
14389,0.01662776619195938
14390,0.011811289004981518
14391,0.015988707542419434
14392,0.006996996235102415
14393,0.019993573427200317
14394,0.018185168504714966
14395,0.00903517659753561
14396,0.008348355069756508
14397,0.021193139255046844
14398,0.02347613498568535
14399,0.015740064904093742
14400,0.02047959715127945
14401,0.018188651651144028
14402,0.012054549530148506
14403,0.021774422377347946
14404,0.016638416796922684
14405,0.0082817068323493
14406,0.012559331022202969
14407,0.017803849652409554
14408,0.012181113474071026
14409,0.005642451345920563
14410,0.022789401933550835
14411,0.011662844568490982
14412,0.011244034394621849
14413,0.02332763932645321
14414,0.011617708951234818
14415,0.005135740153491497
14416,0.012331085279583931
14417,0.016578463837504387
14418,0.008273143321275711
14419,0.021560542285442352
14420,0.02531561255455017
14421,0.01061894278973341
14422,0.009071996435523033
14423,0.013227338902652264
14424,0.01233392022550106
14425,0.026729097589850426
14426,0.013771459460258484
14427,0.006271549966186285
14428,0.010823450982570648
14429,0.008011112920939922
14430,0.01568376086652279
14431,0.023371197283267975
14432,0.021720122545957565
14433,0.013351023197174072
14434,0.028452783823013306
14435,0.01589077338576317
14436,0.012852467596530914
14437,0.025600891560316086
14438,0.005278732627630234
14439,0.008377119898796082
14440,0.021224981173872948
14441,0.011609556153416634
14442,0.013589075766503811
14443,0.010226724669337273
14444,0.014587126672267914
14445,0.015829889103770256
14446,0.005229636561125517
14447,0.009237232618033886
14448,0.00615101819857955
14449,0.01334242895245552
14450,0.021246647462248802
14451,0.01878207176923752
14452,0.02488725446164608
14453,0.026849329471588135
14454,0.016278129070997238
14455,0.020830826833844185
14456,0.009866233915090561
14457,0.0203184075653553
14458,0.01781240478157997
14459,0.021544432267546654
14460,0.010447090491652489
14461,0.011735470965504646
14462,0.008494398556649685
14463,0.027551468461751938
14464,0.01763978973031044
14465,0.04025306925177574
14466,0.02278805896639824
14467,0.021945951506495476
14468,0.006979736499488354
14469,0.003749267663806677
14470,0.006480066105723381
14471,0.032083675265312195
14472,0.00682814372703433
14473,0.010443432256579399
14474,0.019462697207927704
14475,0.023223018273711205
14476,0.023143604397773743
14477,0.0128276776522398
14478,0.009760448709130287
14479,0.029294801875948906
14480,0.06560009717941284
14481,0.023030897602438927
14482,0.012063327245414257
14483,0.009305289015173912
14484,0.005470153875648975
14485,0.014323361217975616
14486,0.017453905194997787
14487,0.008904024958610535
14488,0.03148927912116051
14489,0.01378154382109642
14490,0.0145088080316782
14491,0.02635546587407589
14492,0.013357795774936676
14493,0.009356766939163208
14494,0.008249310776591301
14495,0.01696978509426117
14496,0.026264270767569542
14497,0.008813459426164627
14498,0.01733977720141411
14499,0.023158863186836243
14500,0.02030370756983757
14501,0.01247328519821167
14502,0.01880059391260147
14503,0.04333438724279404
14504,0.011777577921748161
14505,0.016341224312782288
14506,0.010757489129900932
14507,0.012006789445877075
14508,0.03659661114215851
14509,0.0145223094150424
14510,0.015150237828493118
14511,0.013676567003130913
14512,0.0049139950424432755
14513,0.017189916223287582
14514,0.021877005696296692
14515,0.020462743937969208
14516,0.016879726201295853
14517,0.01476352196186781
14518,0.012060089036822319
14519,0.017982080578804016
14520,0.010119046084582806
14521,0.017355743795633316
14522,0.02243165485560894
14523,0.025911245495080948
14524,0.019278477877378464
14525,0.011163192801177502
14526,0.013041945174336433
14527,0.004546739626675844
14528,0.013264214619994164
14529,0.016710812225937843
14530,0.01403653621673584
14531,0.004997430369257927
14532,0.013616634532809258
14533,0.010593879036605358
14534,0.03620227798819542
14535,0.027790546417236328
14536,0.010333197191357613
14537,0.01119124423712492
14538,0.00879636500030756
14539,0.016279716044664383
14540,0.0035305290948599577
14541,0.03271203115582466
14542,0.019165489822626114
14543,0.012491723522543907
14544,0.011911931447684765
14545,0.012949659489095211
14546,0.017321482300758362
14547,0.016760578379034996
14548,0.01246565394103527
14549,0.015948930755257607
14550,0.0067229806445539
14551,0.017414873465895653
14552,0.012290260754525661
14553,0.023945394903421402
14554,0.00906657800078392
14555,0.011185182258486748
14556,0.028403600677847862
14557,0.008543133735656738
14558,0.010667061433196068
14559,0.020936420187354088
14560,0.012926129624247551
14561,0.01135297492146492
14562,0.022617708891630173
14563,0.00784136913716793
14564,0.017612434923648834
14565,0.007191992364823818
14566,0.014131799340248108
14567,0.00972034689038992
14568,0.015257547609508038
14569,0.005625117104500532
14570,0.013995891436934471
14571,0.015529404394328594
14572,0.007846019230782986
14573,0.0104237524792552
14574,0.01470562256872654
14575,0.012192069552838802
14576,0.023405691608786583
14577,0.017924262210726738
14578,0.019504068419337273
14579,0.01327058207243681
14580,0.02075842395424843
14581,0.0074664633721113205
14582,0.02923460863530636
14583,0.011353328824043274
14584,0.009290380403399467
14585,0.0057113803923130035
14586,0.009447934105992317
14587,0.010049148462712765
14588,0.012776381336152554
14589,0.011371536180377007
14590,0.019369352608919144
14591,0.011582868173718452
14592,0.018963392823934555
14593,0.009618877433240414
14594,0.044018398970365524
14595,0.010938117280602455
14596,0.010245908983051777
14597,0.007742166053503752
14598,0.011883189901709557
14599,0.007365872617810965
14600,0.008854447863996029
14601,0.019658353179693222
14602,0.021164026111364365
14603,0.01009317860007286
14604,0.008259530179202557
14605,0.0063730403780937195
14606,0.0118248350918293
14607,0.004319794476032257
14608,0.023934949189424515
14609,0.034418974071741104
14610,0.006303883157670498
14611,0.02361181005835533
14612,0.012757199816405773
14613,0.008038684725761414
14614,0.015871968120336533
14615,0.008101445622742176
14616,0.019754931330680847
14617,0.006269320845603943
14618,0.012681804597377777
14619,0.0072493776679039
14620,0.04421360045671463
14621,0.017748534679412842
14622,0.011331364512443542
14623,0.025733640417456627
14624,0.019257275387644768
14625,0.022726774215698242
14626,0.020923038944602013
14627,0.009750790894031525
14628,0.019508827477693558
14629,0.007005895487964153
14630,0.012609313242137432
14631,0.007191323675215244
14632,0.025847380980849266
14633,0.018723459914326668
14634,0.006128949113190174
14635,0.011253096163272858
14636,0.0169508196413517
14637,0.008158344775438309
14638,0.01411867793649435
14639,0.015518082305788994
14640,0.045815981924533844
14641,0.016016211360692978
14642,0.007746229879558086
14643,0.005137481726706028
14644,0.007192614488303661
14645,0.010747778229415417
14646,0.028955921530723572
14647,0.011175893247127533
14648,0.013721304014325142
14649,0.015156536363065243
14650,0.030407801270484924
14651,0.02799590490758419
14652,0.01401103287935257
14653,0.014799466356635094
14654,0.013216765597462654
14655,0.009857028722763062
14656,0.019105028361082077
14657,0.013369673863053322
14658,0.014817660674452782
14659,0.0156724713742733
14660,0.010129905305802822
14661,0.014445958659052849
14662,0.007643935736268759
14663,0.01059036236256361
14664,0.050028376281261444
14665,0.024046769365668297
14666,0.07737891376018524
14667,0.019373983144760132
14668,0.023483742028474808
14669,0.0034165147226303816
14670,0.012581435963511467
14671,0.004779716022312641
14672,0.012315402738749981
14673,0.01137523166835308
14674,0.00938184279948473
14675,0.019149869680404663
14676,0.025510147213935852
14677,0.018252989277243614
14678,0.026209324598312378
14679,0.008176620118319988
14680,0.026560034602880478
14681,0.011836647987365723
14682,0.011463257484138012
14683,0.00926259346306324
14684,0.027852367609739304
14685,0.018501946702599525
14686,0.006312861107289791
14687,0.00985310785472393
14688,0.035272132605314255
14689,0.014335252344608307
14690,0.014558104798197746
14691,0.011132737621665001
14692,0.03517623245716095
14693,0.026853542774915695
14694,0.009565885178744793
14695,0.009794163517653942
14696,0.017759311944246292
14697,0.007608911953866482
14698,0.02351226471364498
14699,0.021876484155654907
14700,0.012135203927755356
14701,0.008272398263216019
14702,0.015054484829306602
14703,0.006726743187755346
14704,0.013248622417449951
14705,0.012064946815371513
14706,0.014924295246601105
14707,0.009713668376207352
14708,0.005816597491502762
14709,0.010808620601892471
14710,0.03153497353196144
14711,0.00912147294729948
14712,0.015742946416139603
14713,0.005105357151478529
14714,0.004666535183787346
14715,0.015248475596308708
14716,0.010140294209122658
14717,0.02174350433051586
14718,0.009877356700599194
14719,0.009552705101668835
14720,0.01120864786207676
14721,0.00893203541636467
14722,0.03251313790678978
14723,0.014727136120200157
14724,0.023247141391038895
14725,0.03049832209944725
14726,0.020247777923941612
14727,0.006711321882903576
14728,0.01665341667830944
14729,0.014474993571639061
14730,0.018105801194906235
14731,0.008605710230767727
14732,0.025685157626867294
14733,0.023811673745512962
14734,0.013204514048993587
14735,0.013814585283398628
14736,0.022074392065405846
14737,0.009040328674018383
14738,0.014414891600608826
14739,0.013975271955132484
14740,0.006865516304969788
14741,0.011153392493724823
14742,0.017814651131629944
14743,0.0069375475868582726
14744,0.010798417031764984
14745,0.002616236452013254
14746,0.00982915423810482
14747,0.009829326532781124
14748,0.013912832364439964
14749,0.015313690528273582
14750,0.025894975289702415
14751,0.004748753271996975
14752,0.046494074165821075
14753,0.0044932435266673565
14754,0.006020804867148399
14755,0.038821738213300705
14756,0.0292426198720932
14757,0.008422723971307278
14758,0.011836118996143341
14759,0.01537032425403595
14760,0.014747146517038345
14761,0.010294448584318161
14762,0.00935752596706152
14763,0.03816952928900719
14764,0.023863133043050766
14765,0.017010364681482315
14766,0.011472035199403763
14767,0.01619090512394905
14768,0.017655445262789726
14769,0.017170172184705734
14770,0.023865237832069397
14771,0.04296940192580223
14772,0.030337419360876083
14773,0.01205531321465969
14774,0.01566692441701889
14775,0.023931488394737244
14776,0.013821342960000038
14777,0.005737194325774908
14778,0.026774486526846886
14779,0.011083933524787426
14780,0.022877302020788193
14781,0.011798704974353313
14782,0.008842460811138153
14783,0.020977966487407684
14784,0.019735287874937057
14785,0.008100136183202267
14786,0.015260864049196243
14787,0.01742103323340416
14788,0.009257553145289421
14789,0.025066262111067772
14790,0.03014090657234192
14791,0.007011845707893372
14792,0.0038241776637732983
14793,0.022366991266608238
14794,0.009054096415638924
14795,0.012549283914268017
14796,0.013560587540268898
14797,0.013018804602324963
14798,0.022972237318754196
14799,0.0195937380194664
14800,0.0052283769473433495
14801,0.010584797710180283
14802,0.041088737547397614
14803,0.008403224870562553
14804,0.009440287947654724
14805,0.01536094956099987
14806,0.007520401384681463
14807,0.023901965469121933
14808,0.013246474787592888
14809,0.03984203562140465
14810,0.017467794939875603
14811,0.024056125432252884
14812,0.024744968861341476
14813,0.026282448321580887
14814,0.012493981048464775
14815,0.013220369815826416
14816,0.022568656131625175
14817,0.014805560931563377
14818,0.01623835414648056
14819,0.023892199620604515
14820,0.010743506252765656
14821,0.005972984246909618
14822,0.029801078140735626
14823,0.023277733474969864
14824,0.023403357714414597
14825,0.05848696827888489
14826,0.022315379232168198
14827,0.01661686599254608
14828,0.01760375313460827
14829,0.014379523694515228
14830,0.011454608291387558
14831,0.012260524556040764
14832,0.008109920658171177
14833,0.04019241780042648
14834,0.010174259543418884
14835,0.010875102132558823
14836,0.026065334677696228
14837,0.014821788296103477
14838,0.005826424341648817
14839,0.017073649913072586
14840,0.015083691105246544
14841,0.008361110463738441
14842,0.020311076194047928
14843,0.005604421719908714
14844,0.008746320381760597
14845,0.012746971100568771
14846,0.026938632130622864
14847,0.005739501677453518
14848,0.010887224227190018
14849,0.013193490915000439
14850,0.004288683645427227
14851,0.01444608997553587
14852,0.01640976592898369
14853,0.015009882859885693
14854,0.037633415311574936
14855,0.014519697055220604
14856,0.006743337493389845
14857,0.006017356179654598
14858,0.0157620832324028
14859,0.018412163481116295
14860,0.031561970710754395
14861,0.010051056742668152
14862,0.016784800216555595
14863,0.020576559007167816
14864,0.013010649010539055
14865,0.02102496102452278
14866,0.007224216125905514
14867,0.03455207496881485
14868,0.029160674661397934
14869,0.018970616161823273
14870,0.014666987583041191
14871,0.03133825585246086
14872,0.005039547570049763
14873,0.03156466782093048
14874,0.025366058573126793
14875,0.015412304550409317
14876,0.025831222534179688
14877,0.012820908799767494
14878,0.0074226646684110165
14879,0.04041486978530884
14880,0.019515806809067726
14881,0.01420156192034483
14882,0.02581997774541378
14883,0.015689808875322342
14884,0.009623617865145206
14885,0.02623787149786949
14886,0.024901991710066795
14887,0.014225798659026623
14888,0.016456861048936844
14889,0.005051588639616966
14890,0.02637898549437523
14891,0.009631342254579067
14892,0.01218220591545105
14893,0.016741767525672913
14894,0.019273042678833008
14895,0.014722741208970547
14896,0.009199650958180428
14897,0.008902685716748238
14898,0.010447933338582516
14899,0.00478123826906085
14900,0.008549202233552933
14901,0.0040962472558021545
14902,0.03693133220076561
14903,0.02025335468351841
14904,0.006699248682707548
14905,0.01405685767531395
14906,0.01911007985472679
14907,0.00400883425027132
14908,0.01179942861199379
14909,0.01277056336402893
14910,0.0254267118871212
14911,0.014871492981910706
14912,0.04064270853996277
14913,0.022294964641332626
14914,0.00432556914165616
14915,0.01958160102367401
14916,0.02438446134328842
14917,0.01033485122025013
14918,0.023165415972471237
14919,0.009211922995746136
14920,0.022362057119607925
14921,0.023974522948265076
14922,0.008141390047967434
14923,0.07615739107131958
14924,0.00687132915481925
14925,0.012316863983869553
14926,0.013699771836400032
14927,0.005075582303106785
14928,0.009051000699400902
14929,0.01837095245718956
14930,0.017027948051691055
14931,0.017043370753526688
14932,0.0185123048722744
14933,0.008777010254561901
14934,0.00740073760971427
14935,0.021113445982336998
14936,0.020033232867717743
14937,0.019211603328585625
14938,0.015977369621396065
14939,0.025021713227033615
14940,0.007533592637628317
14941,0.006816928740590811
14942,0.013037202879786491
14943,0.0350416898727417
14944,0.015638206154108047
14945,0.018952500075101852
14946,0.008835556916892529
14947,0.019874045625329018
14948,0.010264338925480843
14949,0.008901519700884819
14950,0.028022652491927147
14951,0.007032784633338451
14952,0.019290417432785034
14953,0.013728713616728783
14954,0.005797439720481634
14955,0.01858145371079445
14956,0.011553345248103142
14957,0.007899482734501362
14958,0.009349780157208443
14959,0.04625895619392395
14960,0.009337051771581173
14961,0.019980845972895622
14962,0.007295218296349049
14963,0.022641070187091827
14964,0.029906362295150757
14965,0.005421559326350689
14966,0.010401332750916481
14967,0.010589401237666607
14968,0.009088806807994843
14969,0.007142567541450262
14970,0.007472319528460503
14971,0.009253093972802162
14972,0.009853735566139221
14973,0.0071361009031534195
14974,0.011456137523055077
14975,0.006314780563116074
14976,0.009854696691036224
14977,0.02791479602456093
14978,0.014840349555015564
14979,0.013045398518443108
14980,0.03251397982239723
14981,0.007765956223011017
14982,0.0076929195784032345
14983,0.0076195476576685905
14984,0.015427473932504654
14985,0.007320926990360022
14986,0.011509868316352367
14987,0.02552763745188713
14988,0.014960418455302715
14989,0.010365542024374008
14990,0.023558586835861206
14991,0.006512860767543316
14992,0.009235765784978867
14993,0.025932546705007553
14994,0.04271538183093071
14995,0.04787422716617584
14996,0.007964691147208214
14997,0.008897988125681877
14998,0.00837849359959364
14999,0.018903575837612152
15000,0.01985100656747818
15001,0.02084924839437008
15002,0.014025196433067322
15003,0.05396173149347305
15004,0.014375351369380951
15005,0.007186211179941893
15006,0.01558184064924717
15007,0.014795570634305477
15008,0.023738009855151176
15009,0.02009422890841961
15010,0.006733718328177929
15011,0.03531113266944885
15012,0.02365627884864807
15013,0.024403661489486694
15014,0.021515797823667526
15015,0.026796605437994003
15016,0.04882025718688965
15017,0.00858931615948677
15018,0.011525619775056839
15019,0.026022106409072876
15020,0.015816593542695045
15021,0.008591514080762863
15022,0.02231122925877571
15023,0.009508363902568817
15024,0.006732195615768433
15025,0.01149931363761425
15026,0.025109518319368362
15027,0.028253277763724327
15028,0.016736503690481186
15029,0.01976725459098816
15030,0.014024137519299984
15031,0.020244814455509186
15032,0.015436295419931412
15033,0.008356606587767601
15034,0.019760817289352417
15035,0.004681079648435116
15036,0.03447306901216507
15037,0.010662078857421875
15038,0.013325045816600323
15039,0.02564384415745735
15040,0.009551884606480598
15041,0.006244353950023651
15042,0.021130334585905075
15043,0.013531400822103024
15044,0.01716739311814308
15045,0.021866396069526672
15046,0.020151466131210327
15047,0.04229941591620445
15048,0.015708453953266144
15049,0.015108717605471611
15050,0.028145622462034225
15051,0.05160513520240784
15052,0.00595614779740572
15053,0.04082182049751282
15054,0.01030992902815342
15055,0.009912877343595028
15056,0.01157911866903305
15057,0.010767858475446701
15058,0.017725247889757156
15059,0.008962191641330719
15060,0.010518419556319714
15061,0.014193875715136528
15062,0.029097598046064377
15063,0.04193853959441185
15064,0.008468992076814175
15065,0.016976844519376755
15066,0.013402454555034637
15067,0.03604104742407799
15068,0.020368624478578568
15069,0.019482385367155075
15070,0.009010273963212967
15071,0.012909820303320885
15072,0.011855436488986015
15073,0.03876885771751404
15074,0.019304243847727776
15075,0.0058371517807245255
15076,0.009867539629340172
15077,0.021984294056892395
15078,0.024036316201090813
15079,0.011080808006227016
15080,0.003714274149388075
15081,0.01715235225856304
15082,0.016167178750038147
15083,0.013465380296111107
15084,0.025684406980872154
15085,0.029616709798574448
15086,0.008866822347044945
15087,0.023016003891825676
15088,0.01770881377160549
15089,0.008355172351002693
15090,0.010293367318809032
15091,0.00785280391573906
15092,0.013348138891160488
15093,0.02365349978208542
15094,0.021420849487185478
15095,0.015235723927617073
15096,0.008538461290299892
15097,0.019285397604107857
15098,0.014139041304588318
15099,0.036792218685150146
15100,0.012108225375413895
15101,0.01952175423502922
15102,0.020585132762789726
15103,0.009754344820976257
15104,0.011428475379943848
15105,0.007114686071872711
15106,0.02505505084991455
15107,0.010788421146571636
15108,0.02308979257941246
15109,0.04205001890659332
15110,0.0225212424993515
15111,0.029027512297034264
15112,0.011328624561429024
15113,0.013352173380553722
15114,0.00991365872323513
15115,0.04015939682722092
15116,0.010467263869941235
15117,0.017776474356651306
15118,0.011789219453930855
15119,0.04053406044840813
15120,0.00903522688895464
15121,0.013952605426311493
15122,0.011672955006361008
15123,0.011334641836583614
15124,0.008762432262301445
15125,0.008188975974917412
15126,0.007041353732347488
15127,0.007623583078384399
15128,0.026138825342059135
15129,0.03205689787864685
15130,0.00893188826739788
15131,0.022090455517172813
15132,0.022753369063138962
15133,0.012034713290631771
15134,0.026023413985967636
15135,0.017894303426146507
15136,0.016619566828012466
15137,0.015926389023661613
15138,0.01215451955795288
15139,0.012064531445503235
15140,0.013026043772697449
15141,0.0056958007626235485
15142,0.02523672580718994
15143,0.017445389181375504
15144,0.014013344421982765
15145,0.012002392672002316
15146,0.04471413791179657
15147,0.011493703350424767
15148,0.0339064784348011
15149,0.01591787487268448
15150,0.009103252552449703
15151,0.011523334309458733
15152,0.035758551210165024
15153,0.004718257114291191
15154,0.00896088033914566
15155,0.008680937811732292
15156,0.015859324485063553
15157,0.005516619421541691
15158,0.01847592368721962
15159,0.01999989151954651
15160,0.008919820189476013
15161,0.011080521158874035
15162,0.029744725674390793
15163,0.020333074033260345
15164,0.011206096038222313
15165,0.01862029731273651
15166,0.011655869893729687
15167,0.014145426452159882
15168,0.011981113813817501
15169,0.016202911734580994
15170,0.02135833166539669
15171,0.015685398131608963
15172,0.012474799528717995
15173,0.008874449878931046
15174,0.02604227513074875
15175,0.020058391615748405
15176,0.017162468284368515
15177,0.010551891289651394
15178,0.01304875873029232
15179,0.011047568172216415
15180,0.011357806622982025
15181,0.00672714039683342
15182,0.03367391973733902
15183,0.00863069947808981
15184,0.008438045158982277
15185,0.009752655401825905
15186,0.01792222261428833
15187,0.0174646507948637
15188,0.009970221668481827
15189,0.024260148406028748
15190,0.012637283653020859
15191,0.04242485761642456
15192,0.008507895283401012
15193,0.025105725973844528
15194,0.028155436739325523
15195,0.02518371306359768
15196,0.01881510391831398
15197,0.023788874968886375
15198,0.013368616811931133
15199,0.01543677132576704
15200,0.01564895361661911
15201,0.011339924298226833
15202,0.01625567302107811
15203,0.011547466740012169
15204,0.01769423484802246
15205,0.020310048013925552
15206,0.004713601898401976
15207,0.018245968967676163
15208,0.006927551236003637
15209,0.015300008468329906
15210,0.023498063907027245
15211,0.0135808689519763
15212,0.01899735815823078
15213,0.008902700617909431
15214,0.014168068766593933
15215,0.04039781913161278
15216,0.027201037853956223
15217,0.023056145757436752
15218,0.018786797299981117
15219,0.0030874363146722317
15220,0.024904947727918625
15221,0.024487700313329697
15222,0.01325584203004837
15223,0.022054243832826614
15224,0.01648864522576332
15225,0.00556960329413414
15226,0.03156554698944092
15227,0.014275743626058102
15228,0.016080282628536224
15229,0.01479300856590271
15230,0.017382903024554253
15231,0.009243309497833252
15232,0.03916601464152336
15233,0.03071293793618679
15234,0.026117024943232536
15235,0.020874693989753723
15236,0.01200894545763731
15237,0.07534097135066986
15238,0.005657123401761055
15239,0.012117862701416016
15240,0.025132974609732628
15241,0.015066339634358883
15242,0.003962285816669464
15243,0.010666990652680397
15244,0.011080225929617882
15245,0.008486075326800346
15246,0.0048253219574689865
15247,0.009989489801228046
15248,0.011270733550190926
15249,0.015074145048856735
15250,0.019743334501981735
15251,0.01477157324552536
15252,0.024678856134414673
15253,0.012128826230764389
15254,0.007268312852829695
15255,0.010087264701724052
15256,0.010815702378749847
15257,0.004845987539738417
15258,0.01127362810075283
15259,0.007604596205055714
15260,0.012909363023936749
15261,0.012355620972812176
15262,0.005375667475163937
15263,0.009054788388311863
15264,0.028019443154335022
15265,0.007226216606795788
15266,0.00799317006021738
15267,0.01044326089322567
15268,0.004796420224010944
15269,0.01826295629143715
15270,0.011156494729220867
15271,0.012109197676181793
15272,0.011974766850471497
15273,0.019232796505093575
15274,0.028962429612874985
15275,0.022030925378203392
15276,0.01760442927479744
15277,0.016077417880296707
15278,0.016855258494615555
15279,0.021060612052679062
15280,0.019668038934469223
15281,0.01838730461895466
15282,0.012786626815795898
15283,0.008938129991292953
15284,0.007889836095273495
15285,0.014322805218398571
15286,0.005925267934799194
15287,0.019473891705274582
15288,0.02236173115670681
15289,0.007193798199295998
15290,0.012024447321891785
15291,0.007086222525686026
15292,0.014174522832036018
15293,0.016825895756483078
15294,0.012624209746718407
15295,0.02492971532046795
15296,0.011138766072690487
15297,0.012066876515746117
15298,0.022332023829221725
15299,0.0394267737865448
15300,0.010957214049994946
15301,0.012969078496098518
15302,0.0134590370580554
15303,0.011719398200511932
15304,0.009687102399766445
15305,0.01810203120112419
15306,0.008914712816476822
15307,0.01972786709666252
15308,0.016598409041762352
15309,0.009693610481917858
15310,0.02209555171430111
15311,0.022910794243216515
15312,0.03439125418663025
15313,0.003907147329300642
15314,0.014949275180697441
15315,0.012477269396185875
15316,0.008219752460718155
15317,0.011761097237467766
15318,0.020365756005048752
15319,0.009131111204624176
15320,0.009100200608372688
15321,0.024394743144512177
15322,0.004508591257035732
15323,0.010467725805938244
15324,0.029134735465049744
15325,0.006676934659481049
15326,0.008188119158148766
15327,0.014014887623488903
15328,0.021460486575961113
15329,0.01708122529089451
15330,0.010719973593950272
15331,0.0316438265144825
15332,0.044481873512268066
15333,0.010622046887874603
15334,0.002836356870830059
15335,0.005217189900577068
15336,0.005160994362086058
15337,0.019882995635271072
15338,0.021329771727323532
15339,0.007587822154164314
15340,0.01107802614569664
15341,0.01141296699643135
15342,0.02705240063369274
15343,0.014807060360908508
15344,0.009024593979120255
15345,0.011128723621368408
15346,0.026471968740224838
15347,0.007632439490407705
15348,0.02046225033700466
15349,0.029104968532919884
15350,0.005896418821066618
15351,0.01832028292119503
15352,0.012054409831762314
15353,0.016966838389635086
15354,0.009367458522319794
15355,0.026544973254203796
15356,0.024719033390283585
15357,0.012400282546877861
15358,0.014857441186904907
15359,0.03339654952287674
15360,0.0160367488861084
15361,0.020318500697612762
15362,0.016409289091825485
15363,0.006824396550655365
15364,0.005400193389505148
15365,0.011955445632338524
15366,0.024358779191970825
15367,0.005978780798614025
15368,0.012688464485108852
15369,0.018773682415485382
15370,0.016365204006433487
15371,0.012373375706374645
15372,0.014560881070792675
15373,0.026981500908732414
15374,0.010258068330585957
15375,0.007781689055263996
15376,0.019195174798369408
15377,0.01688368432223797
15378,0.017505761235952377
15379,0.014548222534358501
15380,0.008517156355082989
15381,0.04132368788123131
15382,0.009715532884001732
15383,0.010624688118696213
15384,0.009104941040277481
15385,0.013050137087702751
15386,0.04575575515627861
15387,0.011591422371566296
15388,0.03354088217020035
15389,0.012503212317824364
15390,0.008084852248430252
15391,0.01670651137828827
15392,0.009305648505687714
15393,0.032147765159606934
15394,0.009272112511098385
15395,0.011325359344482422
15396,0.008986489847302437
15397,0.013593139126896858
15398,0.027746206149458885
15399,0.009017168544232845
15400,0.016747700050473213
15401,0.0065340520814061165
15402,0.009689897298812866
15403,0.015124335885047913
15404,0.026579437777400017
15405,0.005455679260194302
15406,0.01611786149442196
15407,0.01205537747591734
15408,0.015642335638403893
15409,0.01234863605350256
15410,0.04020733758807182
15411,0.011765416711568832
15412,0.011830511502921581
15413,0.029702117666602135
15414,0.007956341840326786
15415,0.00738738477230072
15416,0.008978741243481636
15417,0.007638460025191307
15418,0.016654953360557556
15419,0.019860539585351944
15420,0.015115047805011272
15421,0.019628919661045074
15422,0.027466818690299988
15423,0.013429428450763226
15424,0.0131690613925457
15425,0.032452262938022614
15426,0.015012077987194061
15427,0.023548752069473267
15428,0.004404760897159576
15429,0.016292070969939232
15430,0.010383057408034801
15431,0.010640598833560944
15432,0.01720510423183441
15433,0.011035571806132793
15434,0.009874079376459122
15435,0.007355990819633007
15436,0.01339981984347105
15437,0.0067701442167162895
15438,0.009675441309809685
15439,0.01944323256611824
15440,0.01331270020455122
15441,0.02085817977786064
15442,0.015703076496720314
15443,0.011405948549509048
15444,0.01685425452888012
15445,0.0067853135988116264
15446,0.0407818965613842
15447,0.028623564168810844
15448,0.018724579364061356
15449,0.007309140171855688
15450,0.023577675223350525
15451,0.026892948895692825
15452,0.021280448883771896
15453,0.016506047919392586
15454,0.034560926258563995
15455,0.010041994974017143
15456,0.021735740825533867
15457,0.015113609842956066
15458,0.010380547493696213
15459,0.015647679567337036
15460,0.014426103793084621
15461,0.010674136690795422
15462,0.019263971596956253
15463,0.020563501864671707
15464,0.012975777499377728
15465,0.02145436964929104
15466,0.007494498044252396
15467,0.024524491280317307
15468,0.008390188217163086
15469,0.014242926612496376
15470,0.02866767719388008
15471,0.010404128581285477
15472,0.026734638959169388
15473,0.013780398294329643
15474,0.013524891808629036
15475,0.020121946930885315
15476,0.01167178712785244
15477,0.012905513867735863
15478,0.011646549217402935
15479,0.010341052897274494
15480,0.019107168540358543
15481,0.016208859160542488
15482,0.014775576069951057
15483,0.018176507204771042
15484,0.0034336349926888943
15485,0.008252114988863468
15486,0.014740671031177044
15487,0.011773345991969109
15488,0.01954391598701477
15489,0.03304152935743332
15490,0.019166238605976105
15491,0.011054245755076408
15492,0.014173540286719799
15493,0.02233247272670269
15494,0.021230459213256836
15495,0.03086990863084793
15496,0.011070219799876213
15497,0.012232914566993713
15498,0.011563539505004883
15499,0.018168576061725616
15500,0.010714094154536724
15501,0.02078227326273918
15502,0.013502998277544975
15503,0.007711151614785194
15504,0.011265715584158897
15505,0.01060154102742672
15506,0.045521460473537445
15507,0.007478134240955114
15508,0.01506875455379486
15509,0.012057366780936718
15510,0.01109359972178936
15511,0.013771499507129192
15512,0.006041431333869696
15513,0.006644841283559799
15514,0.014125287532806396
15515,0.08030924201011658
15516,0.010899944230914116
15517,0.008329425938427448
15518,0.03325437009334564
15519,0.009098776616156101
15520,0.014750389382243156
15521,0.018263014033436775
15522,0.009665368124842644
15523,0.0178841482847929
15524,0.02139575406908989
15525,0.016079159453511238
15526,0.011865593492984772
15527,0.020413430407643318
15528,0.011293157935142517
15529,0.00989736057817936
15530,0.00907517597079277
15531,0.01686599850654602
15532,0.02883058413863182
15533,0.015479776076972485
15534,0.00501901563256979
15535,0.011792722158133984
15536,0.010965408757328987
15537,0.01185251958668232
15538,0.014606359414756298
15539,0.008557937107980251
15540,0.020625246688723564
15541,0.021235695108771324
15542,0.054158374667167664
15543,0.01085854135453701
15544,0.00903475284576416
15545,0.01928100734949112
15546,0.014667436480522156
15547,0.015588364563882351
15548,0.021467646583914757
15549,0.01963924989104271
15550,0.01514001376926899
15551,0.014668338000774384
15552,0.01686784252524376
15553,0.01444227248430252
15554,0.01396940927952528
15555,0.01837776042521
15556,0.003787277964875102
15557,0.006415275856852531
15558,0.01939542219042778
15559,0.011577120050787926
15560,0.020390445366501808
15561,0.019807666540145874
15562,0.01972334459424019
15563,0.019666103646159172
15564,0.011847875081002712
15565,0.012529934756457806
15566,0.015397517941892147
15567,0.01991170272231102
15568,0.012782338075339794
15569,0.01491363625973463
15570,0.009503909386694431
15571,0.01582704484462738
15572,0.019819242879748344
15573,0.01008891873061657
15574,0.012279972434043884
15575,0.02750071883201599
15576,0.01230140682309866
15577,0.020077092573046684
15578,0.015385687351226807
15579,0.03238685801625252
15580,0.009085768833756447
15581,0.006057895254343748
15582,0.0097764041274786
15583,0.009837374091148376
15584,0.01694072037935257
15585,0.01382268127053976
15586,0.009092332795262337
15587,0.018844930455088615
15588,0.01984870433807373
15589,0.018112055957317352
15590,0.013716462068259716
15591,0.015764860436320305
15592,0.02310333214700222
15593,0.011019556783139706
15594,0.012417135760188103
15595,0.034187160432338715
15596,0.014620436355471611
15597,0.005050125531852245
15598,0.03117235004901886
15599,0.018449967727065086
15600,0.018151238560676575
15601,0.01009088009595871
15602,0.025818979367613792
15603,0.024608664214611053
15604,0.014356473460793495
15605,0.011685442179441452
15606,0.017546530812978745
15607,0.007685502525418997
15608,0.007580994628369808
15609,0.022635698318481445
15610,0.01596708595752716
15611,0.016152864322066307
15612,0.023598283529281616
15613,0.032147884368896484
15614,0.01786598563194275
15615,0.016099605709314346
15616,0.009191643446683884
15617,0.01164555735886097
15618,0.00973573513329029
15619,0.006177419330924749
15620,0.009044094942510128
15621,0.021432114765048027
15622,0.018061095848679543
15623,0.05056784674525261
15624,0.016840241849422455
15625,0.016327783465385437
15626,0.007264852058142424
15627,0.010264230892062187
15628,0.02458062395453453
15629,0.013771099969744682
15630,0.024732552468776703
15631,0.02466668002307415
15632,0.02291180193424225
15633,0.010118193924427032
15634,0.009341894648969173
15635,0.006696040742099285
15636,0.009898832999169827
15637,0.02042573317885399
15638,0.018464524298906326
15639,0.0349452868103981
15640,0.016334781423211098
15641,0.01041454914957285
15642,0.026204656809568405
15643,0.020591333508491516
15644,0.0349159836769104
15645,0.007987726479768753
15646,0.010239331983029842
15647,0.009929360821843147
15648,0.009497204795479774
15649,0.020648036152124405
15650,0.030605798587203026
15651,0.020517561584711075
15652,0.00937268789857626
15653,0.012773461639881134
15654,0.006310862489044666
15655,0.022797267884016037
15656,0.01189980935305357
15657,0.036203112453222275
15658,0.01695098541676998
15659,0.008310846984386444
15660,0.008606321178376675
15661,0.009636280126869678
15662,0.012344056740403175
15663,0.05711018294095993
15664,0.0374075248837471
15665,0.010502845048904419
15666,0.01491283904761076
15667,0.010346473194658756
15668,0.06084020435810089
15669,0.012337680906057358
15670,0.006615164689719677
15671,0.00602049520239234
15672,0.011788254603743553
15673,0.010662826709449291
15674,0.010638831183314323
15675,0.025804853066802025
15676,0.004585395101457834
15677,0.02783040702342987
15678,0.012975458055734634
15679,0.009011313319206238
15680,0.018463674932718277
15681,0.008606686256825924
15682,0.020136021077632904
15683,0.004749202635139227
15684,0.010209383442997932
15685,0.012736412696540356
15686,0.021694323047995567
15687,0.018887927755713463
15688,0.013789049349725246
15689,0.007020422723144293
15690,0.046549759805202484
15691,0.016666872426867485
15692,0.015766412019729614
15693,0.04199017584323883
15694,0.013535773381590843
15695,0.034755393862724304
15696,0.024378329515457153
15697,0.006949571892619133
15698,0.0274109598249197
15699,0.02501925453543663
15700,0.023624910041689873
15701,0.030794799327850342
15702,0.008557891473174095
15703,0.010989509522914886
15704,0.013294755481183529
15705,0.01467324048280716
15706,0.008416857570409775
15707,0.014618484303355217
15708,0.006241850554943085
15709,0.019449029117822647
15710,0.009873241186141968
15711,0.013957235030829906
15712,0.00955343246459961
15713,0.012136576697230339
15714,0.008059494197368622
15715,0.010848748497664928
15716,0.009533790871500969
15717,0.0050489651039242744
15718,0.01316224317997694
15719,0.036849141120910645
15720,0.016229482367634773
15721,0.008318433538079262
15722,0.0073057725094258785
15723,0.0069252727553248405
15724,0.017286282032728195
15725,0.006045911461114883
15726,0.008472240529954433
15727,0.011373329907655716
15728,0.031222691759467125
15729,0.004684889689087868
15730,0.013955727219581604
15731,0.02176050841808319
15732,0.002735213376581669
15733,0.011412082239985466
15734,0.010458949021995068
15735,0.02541404962539673
15736,0.012445802800357342
15737,0.011267004534602165
15738,0.02333107218146324
15739,0.013406200334429741
15740,0.018489722162485123
15741,0.0075836703181266785
15742,0.015400401316583157
15743,0.00531401252374053
15744,0.02818675898015499
15745,0.019604839384555817
15746,0.01670002192258835
15747,0.01029491052031517
15748,0.00956480111926794
15749,0.009717008098959923
15750,0.005285876803100109
15751,0.019662922248244286
15752,0.004935745149850845
15753,0.013361274264752865
15754,0.01569271832704544
15755,0.018208451569080353
15756,0.03669348359107971
15757,0.014360282570123672
15758,0.033115141093730927
15759,0.015356320887804031
15760,0.013213232159614563
15761,0.018674317747354507
15762,0.029016492888331413
15763,0.024320049211382866
15764,0.023776277899742126
15765,0.03580586612224579
15766,0.01099943183362484
15767,0.0070989131927490234
15768,0.00449426518753171
15769,0.009730935096740723
15770,0.049936145544052124
15771,0.012072097510099411
15772,0.01061979215592146
15773,0.01261880062520504
15774,0.03097255527973175
15775,0.015196515247225761
15776,0.01800590008497238
15777,0.009153952822089195
15778,0.0158412866294384
15779,0.010921567678451538
15780,0.012190215289592743
15781,0.013400129042565823
15782,0.022944942116737366
15783,0.011340906843543053
15784,0.039051659405231476
15785,0.04465227574110031
15786,0.022219419479370117
15787,0.017359208315610886
15788,0.015577860176563263
15789,0.01966317556798458
15790,0.009644211269915104
15791,0.011708679609000683
15792,0.024430956691503525
15793,0.01001988910138607
15794,0.03489922732114792
15795,0.032156191766262054
15796,0.023821469396352768
15797,0.019411752000451088
15798,0.009977578185498714
15799,0.0315830335021019
15800,0.004373114090412855
15801,0.01027364656329155
15802,0.011280390433967113
15803,0.01801319792866707
15804,0.012122251093387604
15805,0.007104105316102505
15806,0.0197699423879385
15807,0.005218464881181717
15808,0.019835561513900757
15809,0.015271380543708801
15810,0.01010525319725275
15811,0.05631890147924423
15812,0.02964954450726509
15813,0.029290160164237022
15814,0.024602901190519333
15815,0.017949283123016357
15816,0.0055786604061722755
15817,0.020461976528167725
15818,0.029056500643491745
15819,0.041311584413051605
15820,0.0270047839730978
15821,0.01881234720349312
15822,0.0071479761973023415
15823,0.024930182844400406
15824,0.039108291268348694
15825,0.019771166145801544
15826,0.0048257820308208466
15827,0.018000926822423935
15828,0.014054886996746063
15829,0.02462082728743553
15830,0.00567250233143568
15831,0.02211260423064232
15832,0.010727442800998688
15833,0.010900205001235008
15834,0.011199730448424816
15835,0.03119163028895855
15836,0.03134594112634659
15837,0.024225842207670212
15838,0.00861118733882904
15839,0.01596490666270256
15840,0.005553908180445433
15841,0.04727098345756531
15842,0.005979937966912985
15843,0.017103133723139763
15844,0.008240138180553913
15845,0.008075689896941185
15846,0.023570269346237183
15847,0.007185825612396002
15848,0.02972669154405594
15849,0.013950656168162823
15850,0.024277230724692345
15851,0.029941938817501068
15852,0.007758512161672115
15853,0.01624687761068344
15854,0.024003302678465843
15855,0.009604128077626228
15856,0.01323505025357008
15857,0.02227209135890007
15858,0.028123296797275543
15859,0.013822759501636028
15860,0.044044386595487595
15861,0.013080723583698273
15862,0.011760910972952843
15863,0.014620835892856121
15864,0.00909382663667202
15865,0.028165003284811974
15866,0.011240309104323387
15867,0.020517226308584213
15868,0.015057968907058239
15869,0.013202994130551815
15870,0.0069443462416529655
15871,0.019985631108283997
15872,0.009305211715400219
15873,0.014493325725197792
15874,0.0076666539534926414
15875,0.014865587465465069
15876,0.010300195775926113
15877,0.02036507986485958
15878,0.027640214189887047
15879,0.020255710929632187
15880,0.01021273247897625
15881,0.019454671069979668
15882,0.012366585433483124
15883,0.02564181201159954
15884,0.015864208340644836
15885,0.006869328673928976
15886,0.008890235796570778
15887,0.018865009769797325
15888,0.014356072060763836
15889,0.024483151733875275
15890,0.010475773364305496
15891,0.044065266847610474
15892,0.01431153155863285
15893,0.007603571750223637
15894,0.006543226074427366
15895,0.011173039674758911
15896,0.01908719539642334
15897,0.012147195637226105
15898,0.01123733352869749
15899,0.005483047105371952
15900,0.010352032259106636
15901,0.021258875727653503
15902,0.035357870161533356
15903,0.005551730748265982
15904,0.017448972910642624
15905,0.017486467957496643
15906,0.014918563887476921
15907,0.03530734032392502
15908,0.024905815720558167
15909,0.018856454640626907
15910,0.02013791725039482
15911,0.010212825611233711
15912,0.01041854452341795
15913,0.005247799213975668
15914,0.028826292604207993
15915,0.009105198085308075
15916,0.016154982149600983
15917,0.04082517325878143
15918,0.014763548970222473
15919,0.004482168238610029
15920,0.02304539829492569
15921,0.00567373912781477
15922,0.008873345330357552
15923,0.017170870676636696
15924,0.01945166476070881
15925,0.017360009253025055
15926,0.014920786023139954
15927,0.01213042251765728
15928,0.018377359956502914
15929,0.019233515486121178
15930,0.005502303130924702
15931,0.02828996255993843
15932,0.02584637515246868
15933,0.021492715924978256
15934,0.0040413131937384605
15935,0.020720908418297768
15936,0.0070760175585746765
15937,0.01957598887383938
15938,0.01150756236165762
15939,0.028933733701705933
15940,0.014880573377013206
15941,0.0053388383239507675
15942,0.015199221670627594
15943,0.010458528995513916
15944,0.00806493405252695
15945,0.01377019565552473
15946,0.015599941834807396
15947,0.03578982874751091
15948,0.020478714257478714
15949,0.008922628127038479
15950,0.011352581903338432
15951,0.010415991768240929
15952,0.017547260969877243
15953,0.008003130555152893
15954,0.011051910929381847
15955,0.0252559594810009
15956,0.019216805696487427
15957,0.00922322180122137
15958,0.02382293902337551
15959,0.020910978317260742
15960,0.0074882409535348415
15961,0.01637866161763668
15962,0.01802043989300728
15963,0.023928796872496605
15964,0.014310906641185284
15965,0.016259271651506424
15966,0.01074891071766615
15967,0.00898638553917408
15968,0.012959778308868408
15969,0.011466385796666145
15970,0.007871185429394245
15971,0.014552618376910686
15972,0.010124976746737957
15973,0.02574196085333824
15974,0.00905662402510643
15975,0.011061826720833778
15976,0.023113619536161423
15977,0.03620271384716034
15978,0.015899494290351868
15979,0.00676204077899456
15980,0.011823972687125206
15981,0.01624152995646
15982,0.03593759983778
15983,0.012566566467285156
15984,0.008983004838228226
15985,0.02133093774318695
15986,0.01901516132056713
15987,0.0333111435174942
15988,0.01145220547914505
15989,0.013541231863200665
15990,0.006383154541254044
15991,0.020398639142513275
15992,0.013082943856716156
15993,0.014089198783040047
15994,0.008609775453805923
15995,0.026422133669257164
15996,0.02862130105495453
15997,0.013572365045547485
15998,0.006076378747820854
15999,0.010420816950500011
16000,0.012802059762179852
16001,0.0075393738225102425
16002,0.020594550296664238
16003,0.018940864130854607
16004,0.012485479936003685
16005,0.013903571292757988
16006,0.009235356003046036
16007,0.02253926917910576
16008,0.007313240319490433
16009,0.020246393978595734
16010,0.0063340310007333755
16011,0.012383827939629555
16012,0.011048717424273491
16013,0.014092214405536652
16014,0.008612824603915215
16015,0.00901184231042862
16016,0.02720428630709648
16017,0.017244912683963776
16018,0.012393005192279816
16019,0.029781199991703033
16020,0.009439278393983841
16021,0.03337819501757622
16022,0.009897883981466293
16023,0.003801703220233321
16024,0.00602006446570158
16025,0.009150147438049316
16026,0.03141142055392265
16027,0.015128618106245995
16028,0.007325468584895134
16029,0.011213069781661034
16030,0.01606662943959236
16031,0.007653728127479553
16032,0.01869448646903038
16033,0.014661016874015331
16034,0.006980493199080229
16035,0.012999579310417175
16036,0.008363875560462475
16037,0.008241376839578152
16038,0.028167035430669785
16039,0.013191072270274162
16040,0.01669933833181858
16041,0.021141957491636276
16042,0.022846421226859093
16043,0.009909371845424175
16044,0.01175855752080679
16045,0.010633411817252636
16046,0.005719629116356373
16047,0.008758248761296272
16048,0.015571476891636848
16049,0.011130481958389282
16050,0.005833757575601339
16051,0.03600587695837021
16052,0.013631591573357582
16053,0.01212039589881897
16054,0.009422250092029572
16055,0.010709142312407494
16056,0.026832854375243187
16057,0.007524886634200811
16058,0.004561549983918667
16059,0.0194715466350317
16060,0.008939159102737904
16061,0.013253925368189812
16062,0.013159207999706268
16063,0.012918917462229729
16064,0.017602596431970596
16065,0.008557061664760113
16066,0.02906564623117447
16067,0.013189481571316719
16068,0.007641134317964315
16069,0.011283455416560173
16070,0.006926564034074545
16071,0.010328360833227634
16072,0.0339655876159668
16073,0.00956630613654852
16074,0.016753777861595154
16075,0.012669699266552925
16076,0.01764419674873352
16077,0.020480958744883537
16078,0.018377596512436867
16079,0.007923888973891735
16080,0.034969761967659
16081,0.013655904680490494
16082,0.012227728962898254
16083,0.010783394798636436
16084,0.008366920053958893
16085,0.016285784542560577
16086,0.011959938332438469
16087,0.006549603771418333
16088,0.011832915246486664
16089,0.003869174048304558
16090,0.03539038449525833
16091,0.009961958974599838
16092,0.012743744999170303
16093,0.010535277426242828
16094,0.020667431876063347
16095,0.023066457360982895
16096,0.02789497934281826
16097,0.010784457437694073
16098,0.02980652078986168
16099,0.01707540825009346
16100,0.013349322602152824
16101,0.009507899172604084
16102,0.024998856708407402
16103,0.03460919111967087
16104,0.015419832430779934
16105,0.02178947627544403
16106,0.011388401500880718
16107,0.008475156500935555
16108,0.02290823683142662
16109,0.012753685936331749
16110,0.014618419110774994
16111,0.010935960337519646
16112,0.02847285196185112
16113,0.015120787546038628
16114,0.014636076986789703
16115,0.020458057522773743
16116,0.012828603386878967
16117,0.012815937399864197
16118,0.03149569779634476
16119,0.018496066331863403
16120,0.015610231086611748
16121,0.011624852195382118
16122,0.00927021261304617
16123,0.011294150725007057
16124,0.026954002678394318
16125,0.015468122437596321
16126,0.02373407781124115
16127,0.006447667255997658
16128,0.07304024696350098
16129,0.0038435969036072493
16130,0.014512613415718079
16131,0.018621856346726418
16132,0.00911738071590662
16133,0.05611078068614006
16134,0.026554595679044724
16135,0.006803723983466625
16136,0.00552715640515089
16137,0.01802986115217209
16138,0.008584074676036835
16139,0.01933203637599945
16140,0.02488740347325802
16141,0.017673635855317116
16142,0.010212259367108345
16143,0.00730036199092865
16144,0.010945702902972698
16145,0.01346377283334732
16146,0.008139819838106632
16147,0.012258501723408699
16148,0.06531853973865509
16149,0.010148881003260612
16150,0.020548079162836075
16151,0.028643157333135605
16152,0.036662980914115906
16153,0.020639728754758835
16154,0.015413238666951656
16155,0.011552553623914719
16156,0.04339758679270744
16157,0.013406066223978996
16158,0.013733716681599617
16159,0.04323751851916313
16160,0.006760790478438139
16161,0.008490795269608498
16162,0.01165842916816473
16163,0.007596634328365326
16164,0.013986026868224144
16165,0.009058624505996704
16166,0.020840104669332504
16167,0.0069489493034780025
16168,0.015352671965956688
16169,0.008813353255391121
16170,0.018759336322546005
16171,0.024935711175203323
16172,0.00965954177081585
16173,0.015051002614200115
16174,0.02864101529121399
16175,0.012925056740641594
16176,0.012363534420728683
16177,0.009520980529487133
16178,0.013209059834480286
16179,0.019617881625890732
16180,0.023684129118919373
16181,0.013223900459706783
16182,0.025653943419456482
16183,0.0033531971275806427
16184,0.03687744587659836
16185,0.0153101971372962
16186,0.03176725655794144
16187,0.018253585323691368
16188,0.0276800449937582
16189,0.011193695478141308
16190,0.021721363067626953
16191,0.01037643477320671
16192,0.03428364545106888
16193,0.014528247527778149
16194,0.03751608356833458
16195,0.009076147340238094
16196,0.007587268482893705
16197,0.017117220908403397
16198,0.015988200902938843
16199,0.011396089568734169
16200,0.010016732849180698
16201,0.03691264986991882
16202,0.01240906398743391
16203,0.03510732203722
16204,0.017186209559440613
16205,0.012633878737688065
16206,0.019239848479628563
16207,0.03599863499403
16208,0.018333762884140015
16209,0.072063148021698
16210,0.01717313937842846
16211,0.021567296236753464
16212,0.017918791621923447
16213,0.03298236429691315
16214,0.010507079772651196
16215,0.019482694566249847
16216,0.027739714831113815
16217,0.01219986006617546
16218,0.018803298473358154
16219,0.01463141106069088
16220,0.017354708164930344
16221,0.017635192722082138
16222,0.02371525764465332
16223,0.004225561395287514
16224,0.00866754911839962
16225,0.006237066350877285
16226,0.015260460786521435
16227,0.011653373017907143
16228,0.008868373930454254
16229,0.003362143412232399
16230,0.022290294989943504
16231,0.02977786585688591
16232,0.02552330121397972
16233,0.023974915966391563
16234,0.009524647146463394
16235,0.023584555834531784
16236,0.022963598370552063
16237,0.012598911300301552
16238,0.027283763512969017
16239,0.007554169278591871
16240,0.009147105738520622
16241,0.01159801334142685
16242,0.014628589153289795
16243,0.015890900045633316
16244,0.016418589279055595
16245,0.02560020610690117
16246,0.021118422970175743
16247,0.013256016187369823
16248,0.02067425660789013
16249,0.011006457731127739
16250,0.006146907806396484
16251,0.01589183136820793
16252,0.013997609727084637
16253,0.010709282010793686
16254,0.01754095032811165
16255,0.027762560173869133
16256,0.006550643593072891
16257,0.010609634220600128
16258,0.0393337607383728
16259,0.00888155959546566
16260,0.035002514719963074
16261,0.022485703229904175
16262,0.007329131476581097
16263,0.01553862914443016
16264,0.0037326235324144363
16265,0.01784786954522133
16266,0.02997731789946556
16267,0.012603681534528732
16268,0.01594572328031063
16269,0.01235452201217413
16270,0.04478828236460686
16271,0.016080638393759727
16272,0.013670412823557854
16273,0.026970285922288895
16274,0.016081571578979492
16275,0.013632034882903099
16276,0.00909375585615635
16277,0.0470571294426918
16278,0.017300920560956
16279,0.012678064405918121
16280,0.012352310121059418
16281,0.02285553142428398
16282,0.006328507326543331
16283,0.012005197815597057
16284,0.01776064932346344
16285,0.027551274746656418
16286,0.04602206498384476
16287,0.02851046435534954
16288,0.0060310326516628265
16289,0.02979450486600399
16290,0.02259131334722042
16291,0.022398680448532104
16292,0.010153647512197495
16293,0.011247756890952587
16294,0.023480160161852837
16295,0.014574656262993813
16296,0.016960039734840393
16297,0.006579452194273472
16298,0.005955622997134924
16299,0.00417421106249094
16300,0.02036929875612259
16301,0.012647120282053947
16302,0.007291288115084171
16303,0.010770706459879875
16304,0.02223377674818039
16305,0.020192814990878105
16306,0.01567097008228302
16307,0.021233614534139633
16308,0.011627822183072567
16309,0.014703428372740746
16310,0.011351605877280235
16311,0.009929187595844269
16312,0.016968851909041405
16313,0.020328029990196228
16314,0.01786009967327118
16315,0.025715669617056847
16316,0.02869110368192196
16317,0.011278144083917141
16318,0.00713947182521224
16319,0.008165528997778893
16320,0.006046995520591736
16321,0.011061340570449829
16322,0.008736962452530861
16323,0.012070849537849426
16324,0.024492111057043076
16325,0.023532656952738762
16326,0.01815139316022396
16327,0.01816404238343239
16328,0.006925464607775211
16329,0.020969917997717857
16330,0.01043370645493269
16331,0.022011956200003624
16332,0.029572397470474243
16333,0.011147565208375454
16334,0.005567244719713926
16335,0.02162569761276245
16336,0.008875368162989616
16337,0.007761219050735235
16338,0.030913373455405235
16339,0.008176184259355068
16340,0.016001028940081596
16341,0.02159769833087921
16342,0.02476920187473297
16343,0.027089526876807213
16344,0.019521547481417656
16345,0.0181557759642601
16346,0.009613808244466782
16347,0.007589808665215969
16348,0.021876230835914612
16349,0.006492822431027889
16350,0.01225952710956335
16351,0.01692575216293335
16352,0.013083411380648613
16353,0.006973608862608671
16354,0.016544096171855927
16355,0.012768718414008617
16356,0.015589374117553234
16357,0.01998046785593033
16358,0.030970823019742966
16359,0.021825376898050308
16360,0.004899058490991592
16361,0.026213139295578003
16362,0.020067526027560234
16363,0.01113594975322485
16364,0.020842459052801132
16365,0.004896918777376413
16366,0.01272617094218731
16367,0.009604139253497124
16368,0.01063100527971983
16369,0.013215718790888786
16370,0.004305676557123661
16371,0.007603541947901249
16372,0.014302730560302734
16373,0.02329203300178051
16374,0.014071869663894176
16375,0.005687876604497433
16376,0.041885703802108765
16377,0.020064637064933777
16378,0.010371039621531963
16379,0.014400595799088478
16380,0.02188042178750038
16381,0.009056135080754757
16382,0.022124554961919785
16383,0.013004704378545284
16384,0.017453249543905258
16385,0.019997499883174896
16386,0.019079983234405518
16387,0.0125206857919693
16388,0.02814660593867302
16389,0.00889984518289566
16390,0.032878465950489044
16391,0.006296776235103607
16392,0.016740363091230392
16393,0.01927674561738968
16394,0.011971830390393734
16395,0.006159127689898014
16396,0.009083370678126812
16397,0.012704527005553246
16398,0.013946494087576866
16399,0.006131756119430065
16400,0.012809204868972301
16401,0.016388749703764915
16402,0.014474219642579556
16403,0.014037033542990685
16404,0.020877491682767868
16405,0.01181880384683609
16406,0.013247872702777386
16407,0.04085928201675415
16408,0.007374938577413559
16409,0.01314861886203289
16410,0.03530791774392128
16411,0.010026682168245316
16412,0.013794085942208767
16413,0.0070313699543476105
16414,0.014410844072699547
16415,0.007970187813043594
16416,0.029483605176210403
16417,0.010211711749434471
16418,0.02483864687383175
16419,0.011496822349727154
16420,0.0073041487485170364
16421,0.013356555253267288
16422,0.0148880984634161
16423,0.015809066593647003
16424,0.018165893852710724
16425,0.015370967797935009
16426,0.023847728967666626
16427,0.00971945933997631
16428,0.008840600028634071
16429,0.03015093319118023
16430,0.009892363101243973
16431,0.008243318647146225
16432,0.008250965736806393
16433,0.008554572239518166
16434,0.03035246953368187
16435,0.027203794568777084
16436,0.008489801548421383
16437,0.005905268248170614
16438,0.023408029228448868
16439,0.008688017725944519
16440,0.01929246261715889
16441,0.014012090861797333
16442,0.021523579955101013
16443,0.009753919206559658
16444,0.007123633287847042
16445,0.010982310399413109
16446,0.059179481118917465
16447,0.015427637845277786
16448,0.021964222192764282
16449,0.007648213766515255
16450,0.013896405696868896
16451,0.007505554240196943
16452,0.007214169017970562
16453,0.03170564025640488
16454,0.02525371126830578
16455,0.03221741318702698
16456,0.010893948376178741
16457,0.019295502454042435
16458,0.00623239716514945
16459,0.019637633115053177
16460,0.015743492171168327
16461,0.011971442960202694
16462,0.021674618124961853
16463,0.013205429539084435
16464,0.042841434478759766
16465,0.029093971475958824
16466,0.0053862701170146465
16467,0.011131788603961468
16468,0.012739653699100018
16469,0.008614693768322468
16470,0.015706006437540054
16471,0.010193484835326672
16472,0.025397643446922302
16473,0.01773640513420105
16474,0.035229891538619995
16475,0.01287524402141571
16476,0.006170240696519613
16477,0.006962108891457319
16478,0.022196494042873383
16479,0.023471176624298096
16480,0.009462996385991573
16481,0.022141113877296448
16482,0.011474679224193096
16483,0.02491701766848564
16484,0.014322102069854736
16485,0.02354416809976101
16486,0.02070692367851734
16487,0.013919813558459282
16488,0.03723878413438797
16489,0.013628341257572174
16490,0.0173366479575634
16491,0.010563105344772339
16492,0.02742326818406582
16493,0.029002947732806206
16494,0.01314842700958252
16495,0.012523576617240906
16496,0.01517061423510313
16497,0.04947367310523987
16498,0.009965889155864716
16499,0.0331563875079155
16500,0.006517800968140364
16501,0.01121610403060913
16502,0.020335791632533073
16503,0.01288117840886116
16504,0.010873695835471153
16505,0.033788278698921204
16506,0.026671141386032104
16507,0.007532953750342131
16508,0.02735918015241623
16509,0.015199902467429638
16510,0.014249558560550213
16511,0.018148893490433693
16512,0.019710754975676537
16513,0.013354100286960602
16514,0.034761302173137665
16515,0.009172618389129639
16516,0.006035369820892811
16517,0.007649020757526159
16518,0.014403358101844788
16519,0.007565801497548819
16520,0.011408580467104912
16521,0.015249138697981834
16522,0.027900949120521545
16523,0.05039176344871521
16524,0.014135297387838364
16525,0.012153208255767822
16526,0.014507241547107697
16527,0.022934002801775932
16528,0.007430716417729855
16529,0.016068613156676292
16530,0.02137049101293087
16531,0.020516417920589447
16532,0.00986811425536871
16533,0.010613573715090752
16534,0.011901676654815674
16535,0.029827481135725975
16536,0.011089136824011803
16537,0.017134729772806168
16538,0.030018340796232224
16539,0.011893059127032757
16540,0.009673848748207092
16541,0.031536176800727844
16542,0.03335445374250412
16543,0.027990376576781273
16544,0.016315214335918427
16545,0.018318459391593933
16546,0.02357812039554119
16547,0.01789582148194313
16548,0.014818544499576092
16549,0.019749213010072708
16550,0.029835451394319534
16551,0.006576511077582836
16552,0.032058414071798325
16553,0.008205583319067955
16554,0.00448929239064455
16555,0.02203867956995964
16556,0.011937524192035198
16557,0.013790562748908997
16558,0.014314028434455395
16559,0.01769685000181198
16560,0.024115905165672302
16561,0.009095992892980576
16562,0.008116687647998333
16563,0.029681546613574028
16564,0.013926122337579727
16565,0.015822798013687134
16566,0.008380923420190811
16567,0.00796469859778881
16568,0.007672958076000214
16569,0.030703555792570114
16570,0.032617636024951935
16571,0.020361054688692093
16572,0.01095079816877842
16573,0.031890153884887695
16574,0.006816161796450615
16575,0.013781292364001274
16576,0.015251090750098228
16577,0.029425425454974174
16578,0.011582646518945694
16579,0.028089355677366257
16580,0.011907930485904217
16581,0.009138165973126888
16582,0.03703819215297699
16583,0.008254637010395527
16584,0.0219210647046566
16585,0.010669647715985775
16586,0.013413956388831139
16587,0.019288815557956696
16588,0.007058869581669569
16589,0.024679534137248993
16590,0.018021268770098686
16591,0.010532824322581291
16592,0.006248407065868378
16593,0.007946918718516827
16594,0.012928604148328304
16595,0.034843653440475464
16596,0.014075053855776787
16597,0.009496455080807209
16598,0.04743603989481926
16599,0.02600342035293579
16600,0.011010279878973961
16601,0.034085843712091446
16602,0.009278565645217896
16603,0.009486211463809013
16604,0.016985459253191948
16605,0.005853771697729826
16606,0.010409960523247719
16607,0.04854118451476097
16608,0.014947837218642235
16609,0.013658645562827587
16610,0.01352565549314022
16611,0.0180504210293293
16612,0.01695571094751358
16613,0.030817344784736633
16614,0.006254766136407852
16615,0.019605237990617752
16616,0.011487221345305443
16617,0.021137233823537827
16618,0.0072366027161479
16619,0.021095668897032738
16620,0.015368891879916191
16621,0.007906503975391388
16622,0.012936549261212349
16623,0.00847585778683424
16624,0.0195811428129673
16625,0.028468510136008263
16626,0.017538150772452354
16627,0.017985297366976738
16628,0.015831995755434036
16629,0.028818920254707336
16630,0.021513964980840683
16631,0.024002429097890854
16632,0.026529252529144287
16633,0.013858227990567684
16634,0.008706956170499325
16635,0.011769302189350128
16636,0.005436962004750967
16637,0.0056212651543319225
16638,0.013762357644736767
16639,0.015019307844340801
16640,0.005509938579052687
16641,0.020164307206869125
16642,0.007106178905814886
16643,0.006785622797906399
16644,0.02185983583331108
16645,0.016034886240959167
16646,0.02677772007882595
16647,0.01894054189324379
16648,0.016506928950548172
16649,0.008169114589691162
16650,0.013861572369933128
16651,0.010707984678447247
16652,0.01109093427658081
16653,0.018421288579702377
16654,0.010371952317655087
16655,0.020191704854369164
16656,0.03075382485985756
16657,0.013509877026081085
16658,0.012708122842013836
16659,0.018125513568520546
16660,0.013649704866111279
16661,0.0052848095074296
16662,0.008179730735719204
16663,0.01006617583334446
16664,0.02549341879785061
16665,0.00593395484611392
16666,0.019007321447134018
16667,0.018866801634430885
16668,0.005877742078155279
16669,0.01657836139202118
16670,0.01420511119067669
16671,0.008334465324878693
16672,0.018825722858309746
16673,0.022752514109015465
16674,0.01754368655383587
16675,0.019327206537127495
16676,0.018704483285546303
16677,0.013937513343989849
16678,0.014261052012443542
16679,0.0054538617841899395
16680,0.045550137758255005
16681,0.01858912594616413
16682,0.016725366935133934
16683,0.005008075386285782
16684,0.01393281202763319
16685,0.016141999512910843
16686,0.008951947093009949
16687,0.01844976656138897
16688,0.029796868562698364
16689,0.016333799809217453
16690,0.01208102609962225
16691,0.012794166803359985
16692,0.0023749605752527714
16693,0.007925174199044704
16694,0.010529695078730583
16695,0.031229784712195396
16696,0.01735573820769787
16697,0.012970390729606152
16698,0.008162303827702999
16699,0.01612193137407303
16700,0.013360051438212395
16701,0.007125109434127808
16702,0.024339785799384117
16703,0.015273882076144218
16704,0.016238853335380554
16705,0.017675073817372322
16706,0.01976405456662178
16707,0.026368623599410057
16708,0.014535082504153252
16709,0.026647042483091354
16710,0.009400936774909496
16711,0.021020062267780304
16712,0.009998801164329052
16713,0.02713099680840969
16714,0.013444950804114342
16715,0.043560247868299484
16716,0.010395130142569542
16717,0.0267865639179945
16718,0.012159653007984161
16719,0.012176824733614922
16720,0.025497576221823692
16721,0.02722502313554287
16722,0.011703415773808956
16723,0.020131370052695274
16724,0.018865933641791344
16725,0.008752654306590557
16726,0.01508714072406292
16727,0.02702157013118267
16728,0.029679056257009506
16729,0.023688873276114464
16730,0.007352270185947418
16731,0.006541436072438955
16732,0.016894562169909477
16733,0.009764639660716057
16734,0.015473654493689537
16735,0.025067344307899475
16736,0.015748992562294006
16737,0.010283708572387695
16738,0.01801719330251217
16739,0.006155723240226507
16740,0.009908253327012062
16741,0.024235300719738007
16742,0.007387738209217787
16743,0.044877856969833374
16744,0.011807828210294247
16745,0.018005482852458954
16746,0.006791752763092518
16747,0.008009443059563637
16748,0.03557329997420311
16749,0.01238521933555603
16750,0.02588975429534912
16751,0.016083598136901855
16752,0.014205574057996273
16753,0.015468448400497437
16754,0.03819310665130615
16755,0.03072618693113327
16756,0.013087126426398754
16757,0.010150540620088577
16758,0.004360698163509369
16759,0.01886994019150734
16760,0.00873575173318386
16761,0.008780065923929214
16762,0.023217065259814262
16763,0.01993897743523121
16764,0.004721665754914284
16765,0.021456148475408554
16766,0.010986186563968658
16767,0.018120242282748222
16768,0.025149360299110413
16769,0.006392362993210554
16770,0.0063582127913832664
16771,0.015799064189195633
16772,0.006802152376621962
16773,0.01179376058280468
16774,0.0176799725741148
16775,0.007278255186975002
16776,0.03127637505531311
16777,0.015538605861365795
16778,0.020714541897177696
16779,0.018369024619460106
16780,0.01676798239350319
16781,0.011428359895944595
16782,0.006533283274620771
16783,0.024129709228873253
16784,0.010545614175498486
16785,0.01808563992381096
16786,0.004459621384739876
16787,0.007455881219357252
16788,0.037756819278001785
16789,0.022088225930929184
16790,0.00645960820838809
16791,0.013356337323784828
16792,0.012064650654792786
16793,0.04467356204986572
16794,0.017343148589134216
16795,0.017078034579753876
16796,0.040795065462589264
16797,0.013404659926891327
16798,0.008365022018551826
16799,0.021551474928855896
16800,0.023869387805461884
16801,0.006780106574296951
16802,0.01758768782019615
16803,0.02038005366921425
16804,0.020847175270318985
16805,0.009944090619683266
16806,0.014005083590745926
16807,0.012134723365306854
16808,0.020019708201289177
16809,0.010738672688603401
16810,0.0059699611738324165
16811,0.03789251670241356
16812,0.022772889584302902
16813,0.012686258181929588
16814,0.015150323510169983
16815,0.03444613143801689
16816,0.03662092611193657
16817,0.01930745132267475
16818,0.018236957490444183
16819,0.015143640339374542
16820,0.007051227614283562
16821,0.008189648389816284
16822,0.010835476219654083
16823,0.011269698850810528
16824,0.015947144478559494
16825,0.02722439169883728
16826,0.022087588906288147
16827,0.013186521828174591
16828,0.008924423716962337
16829,0.006691542454063892
16830,0.022555571049451828
16831,0.018862983211874962
16832,0.006386065389961004
16833,0.007654563989490271
16834,0.017038989812135696
16835,0.005744479596614838
16836,0.017246335744857788
16837,0.040834490209817886
16838,0.03130745142698288
16839,0.011514520272612572
16840,0.01338480319827795
16841,0.0174479391425848
16842,0.00575629249215126
16843,0.018032081425189972
16844,0.01656215637922287
16845,0.003956304397433996
16846,0.01553624402731657
16847,0.020288679748773575
16848,0.018747244030237198
16849,0.02512618713080883
16850,0.015610424801707268
16851,0.01967955008149147
16852,0.018049735575914383
16853,0.06400913000106812
16854,0.009810476563870907
16855,0.010416341945528984
16856,0.02309029921889305
16857,0.013787645846605301
16858,0.007942939177155495
16859,0.005281718447804451
16860,0.012967860326170921
16861,0.02257906273007393
16862,0.007396706845611334
16863,0.019204068928956985
16864,0.018890380859375
16865,0.010453730821609497
16866,0.04423471912741661
16867,0.011951543390750885
16868,0.014426862820982933
16869,0.034360554069280624
16870,0.009148405864834785
16871,0.011758542619645596
16872,0.013605011627078056
16873,0.006333658471703529
16874,0.01313646137714386
16875,0.007117878179997206
16876,0.020248495042324066
16877,0.014747528359293938
16878,0.005860629957169294
16879,0.005962719675153494
16880,0.014442916959524155
16881,0.005379104986786842
16882,0.014258630573749542
16883,0.021071814000606537
16884,0.016986697912216187
16885,0.018301432952284813
16886,0.02400568127632141
16887,0.004043504595756531
16888,0.011931072920560837
16889,0.009435678832232952
16890,0.01280142180621624
16891,0.00666397949680686
16892,0.015588417649269104
16893,0.014386060647666454
16894,0.04042590409517288
16895,0.0183305311948061
16896,0.013638056814670563
16897,0.01388181746006012
16898,0.010450075380504131
16899,0.00949536170810461
16900,0.014412971213459969
16901,0.020797552540898323
16902,0.017120959237217903
16903,0.004508381709456444
16904,0.012680768966674805
16905,0.007416396401822567
16906,0.010857699438929558
16907,0.017166558653116226
16908,0.005057335831224918
16909,0.028217192739248276
16910,0.025242118164896965
16911,0.006987621076405048
16912,0.013919549994170666
16913,0.0131148099899292
16914,0.009472416713833809
16915,0.0335400253534317
16916,0.03179924190044403
16917,0.030845284461975098
16918,0.013906608335673809
16919,0.006611481308937073
16920,0.01039549894630909
16921,0.039763472974300385
16922,0.013025100342929363
16923,0.011584418825805187
16924,0.014660006389021873
16925,0.01928858458995819
16926,0.017335042357444763
16927,0.017813045531511307
16928,0.011253563687205315
16929,0.011509612202644348
16930,0.009436197578907013
16931,0.01690642721951008
16932,0.021773463115096092
16933,0.012474551796913147
16934,0.007426438387483358
16935,0.011167655698955059
16936,0.02645454928278923
16937,0.023306768387556076
16938,0.012980560772120953
16939,0.014047078788280487
16940,0.038691502064466476
16941,0.017934277653694153
16942,0.008691148832440376
16943,0.020449774339795113
16944,0.016099244356155396
16945,0.005477297585457563
16946,0.01796400547027588
16947,0.011951601132750511
16948,0.014957702718675137
16949,0.011562265455722809
16950,0.016479389742016792
16951,0.012285126373171806
16952,0.016891982406377792
16953,0.017602136358618736
16954,0.01958294026553631
16955,0.0035884492099285126
16956,0.006648519076406956
16957,0.02135906182229519
16958,0.025865277275443077
16959,0.010412427596747875
16960,0.009338011965155602
16961,0.020816214382648468
16962,0.01801718771457672
16963,0.013362538069486618
16964,0.005270486231893301
16965,0.006238098256289959
16966,0.007857954129576683
16967,0.009257972240447998
16968,0.021285485476255417
16969,0.017387546598911285
16970,0.023844335228204727
16971,0.013838003389537334
16972,0.009543664753437042
16973,0.019567318260669708
16974,0.018554605543613434
16975,0.006358716636896133
16976,0.021054968237876892
16977,0.009162243455648422
16978,0.027802107855677605
16979,0.015258840285241604
16980,0.009407679550349712
16981,0.005424741189926863
16982,0.015040280297398567
16983,0.013192802667617798
16984,0.02516706846654415
16985,0.021805955097079277
16986,0.012674545869231224
16987,0.009573450312018394
16988,0.01677348092198372
16989,0.014055674895644188
16990,0.01481421198695898
16991,0.007468968629837036
16992,0.049341872334480286
16993,0.029415078461170197
16994,0.017332367599010468
16995,0.007641924079507589
16996,0.026922710239887238
16997,0.01221157144755125
16998,0.017103686928749084
16999,0.014401353895664215
17000,0.03353453427553177
17001,0.02579701505601406
17002,0.0256996750831604
17003,0.020896082744002342
17004,0.030475761741399765
17005,0.004782862029969692
17006,0.014223976992070675
17007,0.008083026856184006
17008,0.016169678419828415
17009,0.026087984442710876
17010,0.007473384961485863
17011,0.006169406697154045
17012,0.02326008304953575
17013,0.013883410952985287
17014,0.012266077101230621
17015,0.012326469644904137
17016,0.027514135465025902
17017,0.030777566134929657
17018,0.00772861298173666
17019,0.01928476244211197
17020,0.005854777060449123
17021,0.010668670758605003
17022,0.00612829253077507
17023,0.02786092460155487
17024,0.00872555561363697
17025,0.02455209754407406
17026,0.007640765514224768
17027,0.01593758724629879
17028,0.01513330452144146
17029,0.014407742768526077
17030,0.01755484566092491
17031,0.027890829369425774
17032,0.025211429223418236
17033,0.010480339638888836
17034,0.010164381004869938
17035,0.027728553861379623
17036,0.009828749112784863
17037,0.011247350834310055
17038,0.01737413927912712
17039,0.016712559387087822
17040,0.021153360605239868
17041,0.011584054678678513
17042,0.008531542494893074
17043,0.020830554887652397
17044,0.011134522967040539
17045,0.024072930216789246
17046,0.01791965775191784
17047,0.00456303870305419
17048,0.010856195352971554
17049,0.017974207177758217
17050,0.015118805691599846
17051,0.015523645095527172
17052,0.014893531799316406
17053,0.006280581466853619
17054,0.00917879119515419
17055,0.004144791979342699
17056,0.06900282204151154
17057,0.026405125856399536
17058,0.010693646967411041
17059,0.03551376238465309
17060,0.015989890322089195
17061,0.020922228693962097
17062,0.010981987230479717
17063,0.015477748587727547
17064,0.030968686565756798
17065,0.01424090564250946
17066,0.004057765007019043
17067,0.009029735811054707
17068,0.02971707098186016
17069,0.02205921709537506
17070,0.011379783973097801
17071,0.010063438676297665
17072,0.012328598648309708
17073,0.021907124668359756
17074,0.026994239538908005
17075,0.01071649044752121
17076,0.0230901800096035
17077,0.014031520113348961
17078,0.031161505728960037
17079,0.02122352086007595
17080,0.025381270796060562
17081,0.01650410145521164
17082,0.017349064350128174
17083,0.010264959186315536
17084,0.018258556723594666
17085,0.024593953043222427
17086,0.01951335370540619
17087,0.01004287600517273
17088,0.01608048751950264
17089,0.010374431498348713
17090,0.025923913344740868
17091,0.02065933682024479
17092,0.022515349090099335
17093,0.012474043294787407
17094,0.018369285389780998
17095,0.029953401535749435
17096,0.009964695200324059
17097,0.007997949607670307
17098,0.02265734225511551
17099,0.014673035591840744
17100,0.04162504896521568
17101,0.019227243959903717
17102,0.036524590104818344
17103,0.008175654336810112
17104,0.021604914218187332
17105,0.010316438041627407
17106,0.026281720027327538
17107,0.018540531396865845
17108,0.03406541794538498
17109,0.01214924082159996
17110,0.021183662116527557
17111,0.011421311646699905
17112,0.009186698123812675
17113,0.021830683574080467
17114,0.010803887620568275
17115,0.008202048018574715
17116,0.01136692799627781
17117,0.019105155020952225
17118,0.012514135800302029
17119,0.012912897393107414
17120,0.07904249429702759
17121,0.030212506651878357
17122,0.010269174352288246
17123,0.020053088665008545
17124,0.03748723119497299
17125,0.03779244422912598
17126,0.016931459307670593
17127,0.02458682656288147
17128,0.011757398024201393
17129,0.022518089041113853
17130,0.005392765160650015
17131,0.002775998320430517
17132,0.02145260199904442
17133,0.014197228476405144
17134,0.01245056465268135
17135,0.007589032407850027
17136,0.02189754508435726
17137,0.009050867520272732
17138,0.015817098319530487
17139,0.01991949789226055
17140,0.02884516678750515
17141,0.012627343647181988
17142,0.01272854395210743
17143,0.021675538271665573
17144,0.00846000574529171
17145,0.026331443339586258
17146,0.007185149937868118
17147,0.021247774362564087
17148,0.008754273876547813
17149,0.011635675095021725
17150,0.012301928363740444
17151,0.013862816616892815
17152,0.021831121295690536
17153,0.018850214779376984
17154,0.025224661454558372
17155,0.02977457456290722
17156,0.006135071627795696
17157,0.03633900359272957
17158,0.01697355881333351
17159,0.011891968548297882
17160,0.007527090143412352
17161,0.009290340356528759
17162,0.008921331726014614
17163,0.0155604537576437
17164,0.011132126674056053
17165,0.007449339143931866
17166,0.023002415895462036
17167,0.015177215449512005
17168,0.011681042611598969
17169,0.009153654798865318
17170,0.01882258802652359
17171,0.017241358757019043
17172,0.02499971352517605
17173,0.017542701214551926
17174,0.021171629428863525
17175,0.006047271192073822
17176,0.0068543097004294395
17177,0.01007294561713934
17178,0.019385987892746925
17179,0.01689792238175869
17180,0.010390885174274445
17181,0.0184280164539814
17182,0.013190816156566143
17183,0.010441616177558899
17184,0.03389458358287811
17185,0.02769695781171322
17186,0.007538217585533857
17187,0.019600382074713707
17188,0.005987207405269146
17189,0.01987311616539955
17190,0.015127982012927532
17191,0.01184898428618908
17192,0.004777542315423489
17193,0.01006331667304039
17194,0.03161085024476051
17195,0.006129138171672821
17196,0.011799531988799572
17197,0.008768422529101372
17198,0.006538244895637035
17199,0.02256583236157894
17200,0.04444233328104019
17201,0.021655147895216942
17202,0.008617376908659935
17203,0.006266073789447546
17204,0.02029612474143505
17205,0.018943950533866882
17206,0.015245693735778332
17207,0.012010770849883556
17208,0.03892264515161514
17209,0.01575458236038685
17210,0.0057497285306453705
17211,0.02344118058681488
17212,0.018929749727249146
17213,0.011143099516630173
17214,0.02432311698794365
17215,0.010888028889894485
17216,0.014800007455050945
17217,0.04744165390729904
17218,0.015746746212244034
17219,0.010236811824142933
17220,0.023119553923606873
17221,0.02244894951581955
17222,0.01767786592245102
17223,0.016240455210208893
17224,0.022866949439048767
17225,0.015623828396201134
17226,0.018759408965706825
17227,0.025980180129408836
17228,0.018925141543149948
17229,0.009838457219302654
17230,0.011225387454032898
17231,0.006126110907644033
17232,0.04045141115784645
17233,0.034452732652425766
17234,0.020970439538359642
17235,0.01238980796188116
17236,0.01548301987349987
17237,0.009172424674034119
17238,0.0337444543838501
17239,0.009797673672437668
17240,0.011062873527407646
17241,0.020503345876932144
17242,0.012536449357867241
17243,0.009064329788088799
17244,0.026686113327741623
17245,0.01674654893577099
17246,0.005881508346647024
17247,0.03242936357855797
17248,0.03386621177196503
17249,0.03159346804022789
17250,0.008534390479326248
17251,0.006564189679920673
17252,0.02016356773674488
17253,0.013784652575850487
17254,0.034415777772665024
17255,0.01161141972988844
17256,0.029379820451140404
17257,0.010157115757465363
17258,0.010606112889945507
17259,0.008426016196608543
17260,0.011330639943480492
17261,0.028972577303647995
17262,0.011581193655729294
17263,0.008972059935331345
17264,0.00820760428905487
17265,0.040050290524959564
17266,0.013244299218058586
17267,0.005378102418035269
17268,0.01961805857717991
17269,0.009871608577668667
17270,0.017614522948861122
17271,0.01760035939514637
17272,0.003507693763822317
17273,0.007632366381585598
17274,0.01060153916478157
17275,0.013573892414569855
17276,0.017574794590473175
17277,0.008450090885162354
17278,0.006691875867545605
17279,0.023575518280267715
17280,0.014451855793595314
17281,0.007822869345545769
17282,0.01565701514482498
17283,0.008159239776432514
17284,0.07417412102222443
17285,0.006892669480293989
17286,0.008336902596056461
17287,0.03640739619731903
17288,0.009643123485147953
17289,0.013841908425092697
17290,0.016085023060441017
17291,0.007885774597525597
17292,0.021666144952178
17293,0.018018510192632675
17294,0.012948060408234596
17295,0.02388296276330948
17296,0.006835622247308493
17297,0.013768171891570091
17298,0.015970740467309952
17299,0.01387924887239933
17300,0.01246141828596592
17301,0.015590531751513481
17302,0.012236237525939941
17303,0.006891008000820875
17304,0.010662618093192577
17305,0.007859804667532444
17306,0.008772442117333412
17307,0.020474234595894814
17308,0.052932243794202805
17309,0.01052960753440857
17310,0.02663484774529934
17311,0.03257368505001068
17312,0.0059500946663320065
17313,0.013982719741761684
17314,0.012608597055077553
17315,0.01227139588445425
17316,0.030661223456263542
17317,0.022494148463010788
17318,0.01835375279188156
17319,0.017719509080052376
17320,0.011583266779780388
17321,0.037128180265426636
17322,0.022438954561948776
17323,0.009133140556514263
17324,0.008533405140042305
17325,0.008636017329990864
17326,0.008619740605354309
17327,0.038373857736587524
17328,0.020553696900606155
17329,0.0038309521041810513
17330,0.0177824255079031
17331,0.0065846829675138
17332,0.009827209636569023
17333,0.017383214086294174
17334,0.01391960121691227
17335,0.017429420724511147
17336,0.010769873857498169
17337,0.020566701889038086
17338,0.016954094171524048
17339,0.014971213415265083
17340,0.02236754447221756
17341,0.015351071022450924
17342,0.012753894552588463
17343,0.016829850152134895
17344,0.015349886380136013
17345,0.019250020384788513
17346,0.007082861848175526
17347,0.014276502653956413
17348,0.0064881229773163795
17349,0.023140422999858856
17350,0.012199785560369492
17351,0.010393140837550163
17352,0.012994758784770966
17353,0.012489303946495056
17354,0.008767491206526756
17355,0.025330565869808197
17356,0.01597442850470543
17357,0.026475703343749046
17358,0.02378290891647339
17359,0.013528292998671532
17360,0.007187822367995977
17361,0.006613102741539478
17362,0.019935820251703262
17363,0.021202370524406433
17364,0.011824384331703186
17365,0.016299117356538773
17366,0.01216889452189207
17367,0.024476170539855957
17368,0.011561987921595573
17369,0.030264541506767273
17370,0.01684407889842987
17371,0.019699586555361748
17372,0.01866038516163826
17373,0.009902842342853546
17374,0.015924900770187378
17375,0.008487040176987648
17376,0.013529601506888866
17377,0.016809049993753433
17378,0.031225621700286865
17379,0.05937807261943817
17380,0.03665516525506973
17381,0.016993124037981033
17382,0.025169357657432556
17383,0.005757891573011875
17384,0.019786395132541656
17385,0.013674597255885601
17386,0.010489828884601593
17387,0.01172641571611166
17388,0.020737646147608757
17389,0.036598291248083115
17390,0.017958616837859154
17391,0.008459393866360188
17392,0.014786861836910248
17393,0.029438931494951248
17394,0.006468074396252632
17395,0.013242758810520172
17396,0.01693899929523468
17397,0.009500710293650627
17398,0.027973709627985954
17399,0.02103898674249649
17400,0.010346677154302597
17401,0.023666895925998688
17402,0.01316069345921278
17403,0.02633606642484665
17404,0.01948775351047516
17405,0.00860633421689272
17406,0.006845276802778244
17407,0.0184395220130682
17408,0.01228799857199192
17409,0.015020139515399933
17410,0.021814649924635887
17411,0.00950857624411583
17412,0.016040798276662827
17413,0.007978234440088272
17414,0.022597119212150574
17415,0.008893612772226334
17416,0.013574949465692043
17417,0.009490100666880608
17418,0.017901409417390823
17419,0.02587788924574852
17420,0.0061390153132379055
17421,0.018357418477535248
17422,0.018955742940306664
17423,0.006612020544707775
17424,0.008666782639920712
17425,0.009514423087239265
17426,0.009197340346872807
17427,0.005735668353736401
17428,0.006443837191909552
17429,0.00725989555940032
17430,0.011254633776843548
17431,0.009784378111362457
17432,0.008769585750997066
17433,0.03477669879794121
17434,0.018315615132451057
17435,0.023879310116171837
17436,0.013524644076824188
17437,0.0260067880153656
17438,0.030891336500644684
17439,0.009579170495271683
17440,0.009554763324558735
17441,0.0145620908588171
17442,0.009723558090627193
17443,0.006347475107759237
17444,0.009378474205732346
17445,0.012824609875679016
17446,0.01757138967514038
17447,0.013407601043581963
17448,0.01657889410853386
17449,0.032210011035203934
17450,0.0332740843296051
17451,0.014292806386947632
17452,0.014678995124995708
17453,0.018941020593047142
17454,0.007117236964404583
17455,0.021802514791488647
17456,0.014569036662578583
17457,0.028634732589125633
17458,0.005646008998155594
17459,0.005808464717119932
17460,0.011612455360591412
17461,0.016657782718539238
17462,0.012443218380212784
17463,0.019479192793369293
17464,0.018497828394174576
17465,0.03252561390399933
17466,0.019070513546466827
17467,0.008659499697387218
17468,0.018156617879867554
17469,0.013689129613339901
17470,0.015621277503669262
17471,0.023378610610961914
17472,0.014522748067975044
17473,0.02243547886610031
17474,0.012373778037726879
17475,0.022357657551765442
17476,0.02001558616757393
17477,0.04981048032641411
17478,0.004341788124293089
17479,0.012551562860608101
17480,0.03589910268783569
17481,0.0213742908090353
17482,0.016730166971683502
17483,0.010369817726314068
17484,0.013647139072418213
17485,0.016468754038214684
17486,0.011297043412923813
17487,0.030393993481993675
17488,0.029512202367186546
17489,0.014408506453037262
17490,0.009121300652623177
17491,0.009036926552653313
17492,0.014590717852115631
17493,0.03349155932664871
17494,0.014032143168151379
17495,0.016331469640135765
17496,0.010437331162393093
17497,0.01803434267640114
17498,0.03965628519654274
17499,0.00635372381657362
17500,0.02335451915860176
17501,0.011023016646504402
17502,0.010943090543150902
17503,0.0063860355876386166
17504,0.018281733617186546
17505,0.01787152886390686
17506,0.030095692723989487
17507,0.016738316044211388
17508,0.026676293462514877
17509,0.028431765735149384
17510,0.008429430425167084
17511,0.008656017482280731
17512,0.01776563934981823
17513,0.0354241281747818
17514,0.00969156064093113
17515,0.02190837636590004
17516,0.012386522255837917
17517,0.012303195893764496
17518,0.013085151091217995
17519,0.019309040158987045
17520,0.00938669964671135
17521,0.00966675579547882
17522,0.006678213365375996
17523,0.006974087096750736
17524,0.008776359260082245
17525,0.020440777763724327
17526,0.012725740671157837
17527,0.007992898114025593
17528,0.015086621046066284
17529,0.010189792141318321
17530,0.01763458177447319
17531,0.007776094134896994
17532,0.022675808519124985
17533,0.008562486618757248
17534,0.030907785519957542
17535,0.021758317947387695
17536,0.007320113014429808
17537,0.015739792957901955
17538,0.03843727707862854
17539,0.012796511873602867
17540,0.020991623401641846
17541,0.010057693347334862
17542,0.020884159952402115
17543,0.012150106951594353
17544,0.023301199078559875
17545,0.012628257274627686
17546,0.0063826777040958405
17547,0.008271086029708385
17548,0.02236991934478283
17549,0.014104066416621208
17550,0.03255071863532066
17551,0.009853623807430267
17552,0.02871445193886757
17553,0.04782065004110336
17554,0.01927115209400654
17555,0.010643272660672665
17556,0.012652150355279446
17557,0.015192478895187378
17558,0.02160860225558281
17559,0.010412923991680145
17560,0.006511497311294079
17561,0.012199598364531994
17562,0.03324761241674423
17563,0.023617826402187347
17564,0.028027256950736046
17565,0.016530539840459824
17566,0.028511900454759598
17567,0.0168746504932642
17568,0.00960424542427063
17569,0.0101222088560462
17570,0.039520371705293655
17571,0.02178003638982773
17572,0.018653761595487595
17573,0.016065901145339012
17574,0.021630173549056053
17575,0.009343127720057964
17576,0.02376660704612732
17577,0.015732139348983765
17578,0.025717303156852722
17579,0.03267952427268028
17580,0.02415390871465206
17581,0.007397996261715889
17582,0.010895660147070885
17583,0.01166115514934063
17584,0.015604152344167233
17585,0.016468800604343414
17586,0.012011885643005371
17587,0.014193135313689709
17588,0.011168083176016808
17589,0.015874236822128296
17590,0.016230320557951927
17591,0.027800455689430237
17592,0.01946403458714485
17593,0.01830866187810898
17594,0.010843448340892792
17595,0.011791895143687725
17596,0.01603063941001892
17597,0.01287856139242649
17598,0.0058101266622543335
17599,0.006578702013939619
17600,0.013572623953223228
17601,0.02790107950568199
17602,0.016410719603300095
17603,0.010588186793029308
17604,0.01374109648168087
17605,0.012230213731527328
17606,0.02879423461854458
17607,0.010567228309810162
17608,0.02435988187789917
17609,0.014151565730571747
17610,0.02096889726817608
17611,0.015080174431204796
17612,0.023313697427511215
17613,0.013623476028442383
17614,0.013418606482446194
17615,0.01838836818933487
17616,0.019017621874809265
17617,0.010888422839343548
17618,0.01654195599257946
17619,0.01978408917784691
17620,0.014662506990134716
17621,0.011036187410354614
17622,0.030478812754154205
17623,0.02447226643562317
17624,0.008247243240475655
17625,0.016692306846380234
17626,0.006172393914312124
17627,0.01203247718513012
17628,0.0066079627722501755
17629,0.006613241508603096
17630,0.014405705034732819
17631,0.006382281892001629
17632,0.009132719598710537
17633,0.019075915217399597
17634,0.010339584201574326
17635,0.009753044694662094
17636,0.016378380358219147
17637,0.020754769444465637
17638,0.006068676244467497
17639,0.0179083701223135
17640,0.0111731868237257
17641,0.06873825192451477
17642,0.008713333867490292
17643,0.01608576439321041
17644,0.01937459409236908
17645,0.015772327780723572
17646,0.011733157560229301
17647,0.007059287279844284
17648,0.01873878948390484
17649,0.005164876580238342
17650,0.032154105603694916
17651,0.024862226098775864
17652,0.011306880973279476
17653,0.010391849093139172
17654,0.012308239005506039
17655,0.019732985645532608
17656,0.017867092043161392
17657,0.011284565553069115
17658,0.008823930285871029
17659,0.030889807268977165
17660,0.017633138224482536
17661,0.013795793056488037
17662,0.006088264286518097
17663,0.012431821785867214
17664,0.03011457622051239
17665,0.008295925334095955
17666,0.008667541667819023
17667,0.010032979771494865
17668,0.030956942588090897
17669,0.023680305108428
17670,0.01443114411085844
17671,0.018103353679180145
17672,0.014992905780673027
17673,0.00988607108592987
17674,0.017943240702152252
17675,0.00490631815046072
17676,0.00812593474984169
17677,0.01223578117787838
17678,0.031240306794643402
17679,0.0076668839901685715
17680,0.005630417726933956
17681,0.014637909829616547
17682,0.004724541213363409
17683,0.015357539057731628
17684,0.019249191507697105
17685,0.034349679946899414
17686,0.023026511073112488
17687,0.01281748153269291
17688,0.014671027660369873
17689,0.009157786145806313
17690,0.011895237490534782
17691,0.010060817003250122
17692,0.013846166431903839
17693,0.022836005315184593
17694,0.026350459083914757
17695,0.009257759898900986
17696,0.01304543949663639
17697,0.004341726191341877
17698,0.029347708448767662
17699,0.04193102940917015
17700,0.0142033901065588
17701,0.00559739675372839
17702,0.00976892001926899
17703,0.007534542586654425
17704,0.015819137915968895
17705,0.010924625210464
17706,0.005086779594421387
17707,0.007128897123038769
17708,0.009239565581083298
17709,0.018125418573617935
17710,0.013012722134590149
17711,0.015625959262251854
17712,0.005320889409631491
17713,0.007899741642177105
17714,0.03752988949418068
17715,0.009279686957597733
17716,0.011855344288051128
17717,0.022919243201613426
17718,0.02291138470172882
17719,0.008311813697218895
17720,0.009645690210163593
17721,0.00801062397658825
17722,0.005449793301522732
17723,0.01497743558138609
17724,0.004705247934907675
17725,0.007384171709418297
17726,0.012570267543196678
17727,0.040769487619400024
17728,0.0402732789516449
17729,0.03270689398050308
17730,0.02687416970729828
17731,0.010262629948556423
17732,0.008316989988088608
17733,0.0048354677855968475
17734,0.017205845564603806
17735,0.02664712816476822
17736,0.013193009421229362
17737,0.01178545318543911
17738,0.012935775332152843
17739,0.022858936339616776
17740,0.008728383108973503
17741,0.0087567288428545
17742,0.02559572272002697
17743,0.014163453131914139
17744,0.015133747830986977
17745,0.016872351989150047
17746,0.01062581967562437
17747,0.020174916833639145
17748,0.02033412829041481
17749,0.01854730397462845
17750,0.024713924154639244
17751,0.012569703161716461
17752,0.02174953930079937
17753,0.013460401445627213
17754,0.00813538208603859
17755,0.007955258712172508
17756,0.01198515947908163
17757,0.010446183383464813
17758,0.01883404143154621
17759,0.014236580580472946
17760,0.009654234163463116
17761,0.01695188134908676
17762,0.024624628946185112
17763,0.007802370935678482
17764,0.01468105148524046
17765,0.051475852727890015
17766,0.01883064955472946
17767,0.013803771696984768
17768,0.023124568164348602
17769,0.011416144669055939
17770,0.010176703333854675
17771,0.012502025812864304
17772,0.0081088338047266
17773,0.005380870774388313
17774,0.011145558208227158
17775,0.02057565189898014
17776,0.02755144238471985
17777,0.02096874639391899
17778,0.010048175230622292
17779,0.0233570896089077
17780,0.014796028845012188
17781,0.02043972536921501
17782,0.023788420483469963
17783,0.01831536740064621
17784,0.0358208566904068
17785,0.012174023315310478
17786,0.026657521724700928
17787,0.005722561851143837
17788,0.02084163948893547
17789,0.01115342415869236
17790,0.011222894303500652
17791,0.014594433829188347
17792,0.007054283283650875
17793,0.014137467369437218
17794,0.009806593880057335
17795,0.023905664682388306
17796,0.015242761000990868
17797,0.012689903378486633
17798,0.013964354991912842
17799,0.008363375440239906
17800,0.030673479661345482
17801,0.023793062195181847
17802,0.006198485381901264
17803,0.01878170669078827
17804,0.004773352295160294
17805,0.015564817003905773
17806,0.012026820331811905
17807,0.011092154309153557
17808,0.019314289093017578
17809,0.014787591993808746
17810,0.012125356122851372
17811,0.044457100331783295
17812,0.019608480855822563
17813,0.012309658341109753
17814,0.011535055004060268
17815,0.015573963522911072
17816,0.027539711445569992
17817,0.0055129132233560085
17818,0.009925144724547863
17819,0.010319143533706665
17820,0.025470297783613205
17821,0.03122790902853012
17822,0.008537955582141876
17823,0.015159109607338905
17824,0.00486821960657835
17825,0.02070787362754345
17826,0.014756062999367714
17827,0.021761229261755943
17828,0.005641773343086243
17829,0.018386315554380417
17830,0.004442559089511633
17831,0.014447974041104317
17832,0.022448038682341576
17833,0.027100464329123497
17834,0.01920163258910179
17835,0.010637137107551098
17836,0.012747267261147499
17837,0.014956710860133171
17838,0.01786874607205391
17839,0.01826499029994011
17840,0.021459411829710007
17841,0.03229793161153793
17842,0.012584875337779522
17843,0.015827951952815056
17844,0.019576584920287132
17845,0.005614967085421085
17846,0.020960738882422447
17847,0.015143444761633873
17848,0.017534498125314713
17849,0.005910748150199652
17850,0.012650599703192711
17851,0.015367530286312103
17852,0.0355362668633461
17853,0.021640028804540634
17854,0.024839386343955994
17855,0.014891861006617546
17856,0.022144757211208344
17857,0.005659947171807289
17858,0.008180467411875725
17859,0.011025700718164444
17860,0.015514487400650978
17861,0.009086251258850098
17862,0.011201898567378521
17863,0.018904630094766617
17864,0.020805373787879944
17865,0.030095068737864494
17866,0.013911454007029533
17867,0.017195409163832664
17868,0.02382138930261135
17869,0.04707139730453491
17870,0.009722711518406868
17871,0.01363255362957716
17872,0.016921116039156914
17873,0.020396646112203598
17874,0.012604264542460442
17875,0.013475116342306137
17876,0.008129395544528961
17877,0.012446200475096703
17878,0.015300683677196503
17879,0.050704728811979294
17880,0.016618220135569572
17881,0.021840794011950493
17882,0.009900927543640137
17883,0.018980804830789566
17884,0.019523072987794876
17885,0.012764737010002136
17886,0.007393810898065567
17887,0.006775469519197941
17888,0.027774371206760406
17889,0.024189624935388565
17890,0.019203003495931625
17891,0.011959228664636612
17892,0.030708275735378265
17893,0.020335068926215172
17894,0.008710594847798347
17895,0.008312410674989223
17896,0.013915453106164932
17897,0.007876552641391754
17898,0.008143112063407898
17899,0.019148340448737144
17900,0.010396302677690983
17901,0.014618917368352413
17902,0.03311654180288315
17903,0.020898938179016113
17904,0.007452129852026701
17905,0.015214106068015099
17906,0.009852603077888489
17907,0.022113796323537827
17908,0.006814052816480398
17909,0.0049215201288461685
17910,0.006686083506792784
17911,0.012689625844359398
17912,0.01554165780544281
17913,0.015281220898032188
17914,0.02954527735710144
17915,0.009472332894802094
17916,0.0183276254683733
17917,0.016399435698986053
17918,0.029151614755392075
17919,0.023581838235259056
17920,0.026059016585350037
17921,0.021689072251319885
17922,0.025738125666975975
17923,0.007302341517060995
17924,0.013050696812570095
17925,0.01232865359634161
17926,0.011970880441367626
17927,0.03075832687318325
17928,0.006342717912048101
17929,0.009626895189285278
17930,0.0425240620970726
17931,0.032093968242406845
17932,0.028448577970266342
17933,0.017647482454776764
17934,0.02208397351205349
17935,0.020676136016845703
17936,0.009398652240633965
17937,0.005515522323548794
17938,0.017678771167993546
17939,0.016135891899466515
17940,0.013100763782858849
17941,0.024983756244182587
17942,0.01647629216313362
17943,0.017974121496081352
17944,0.016042640432715416
17945,0.014495085924863815
17946,0.01847970113158226
17947,0.024133725091814995
17948,0.009105229750275612
17949,0.007579755038022995
17950,0.010742386803030968
17951,0.01148754358291626
17952,0.01560971699655056
17953,0.011002342216670513
17954,0.03593197464942932
17955,0.01151326671242714
17956,0.009105166420340538
17957,0.009334604255855083
17958,0.008325881324708462
17959,0.007387987338006496
17960,0.014789762906730175
17961,0.010867904871702194
17962,0.026060737669467926
17963,0.008038969710469246
17964,0.030865050852298737
17965,0.023057669401168823
17966,0.014312796294689178
17967,0.020190585404634476
17968,0.026335254311561584
17969,0.006313235964626074
17970,0.02916494756937027
17971,0.013610392808914185
17972,0.013534091413021088
17973,0.015702612698078156
17974,0.005363363306969404
17975,0.006677465047687292
17976,0.008159272372722626
17977,0.03982207179069519
17978,0.023777738213539124
17979,0.005335940979421139
17980,0.022698944434523582
17981,0.01085864007472992
17982,0.00895629357546568
17983,0.01216875296086073
17984,0.010661418549716473
17985,0.014561845920979977
17986,0.004673353396356106
17987,0.025658749043941498
17988,0.009920943528413773
17989,0.006614831741899252
17990,0.00542094511911273
17991,0.022519227117300034
17992,0.009611743502318859
17993,0.01635197550058365
17994,0.014822042547166348
17995,0.014203181490302086
17996,0.012719446793198586
17997,0.019379671663045883
17998,0.03285769373178482
17999,0.021984979510307312
18000,0.008478364907205105
18001,0.02343231439590454
18002,0.020755773410201073
18003,0.008194180205464363
18004,0.017003193497657776
18005,0.019939471036195755
18006,0.027311399579048157
18007,0.004020546097308397
18008,0.008244263008236885
18009,0.018779758363962173
18010,0.01892070472240448
18011,0.01398792676627636
18012,0.011460525915026665
18013,0.014941290020942688
18014,0.021491896361112595
18015,0.013655317947268486
18016,0.012766720727086067
18017,0.012208634987473488
18018,0.00938456505537033
18019,0.01226048544049263
18020,0.016000498086214066
18021,0.016080299392342567
18022,0.017086952924728394
18023,0.030141836032271385
18024,0.006491631269454956
18025,0.01564031094312668
18026,0.014428436756134033
18027,0.019740451127290726
18028,0.009197419509291649
18029,0.02182498574256897
18030,0.02472817897796631
18031,0.0337352529168129
18032,0.021688012406229973
18033,0.012049304321408272
18034,0.008619669824838638
18035,0.025860954076051712
18036,0.012941403314471245
18037,0.016607370227575302
18038,0.029034068807959557
18039,0.01616719923913479
18040,0.006365044973790646
18041,0.015272470191121101
18042,0.007743249647319317
18043,0.012999780476093292
18044,0.028377026319503784
18045,0.014933798462152481
18046,0.006749724503606558
18047,0.008883488364517689
18048,0.013100567273795605
18049,0.00668592331930995
18050,0.04288901388645172
18051,0.009324174374341965
18052,0.012418486177921295
18053,0.03974059224128723
18054,0.03484536334872246
18055,0.009680068120360374
18056,0.05613606423139572
18057,0.018763888627290726
18058,0.017142407596111298
18059,0.01990952529013157
18060,0.017596475780010223
18061,0.020395154133439064
18062,0.01654253713786602
18063,0.012640796601772308
18064,0.019126657396554947
18065,0.012891856953501701
18066,0.027409091591835022
18067,0.012343604117631912
18068,0.036093831062316895
18069,0.01944972202181816
18070,0.008708201348781586
18071,0.006789460778236389
18072,0.009525171481072903
18073,0.004939415957778692
18074,0.008667541667819023
18075,0.012609709054231644
18076,0.022713620215654373
18077,0.0054287053644657135
18078,0.02565268985927105
18079,0.010530038736760616
18080,0.013085057958960533
18081,0.0047654276713728905
18082,0.01864364556968212
18083,0.009740028530359268
18084,0.017899299040436745
18085,0.024394329637289047
18086,0.02110123261809349
18087,0.019804490730166435
18088,0.008561619557440281
18089,0.014023978263139725
18090,0.04560001939535141
18091,0.0061453054659068584
18092,0.0250772163271904
18093,0.017938880249857903
18094,0.0073416708037257195
18095,0.006131674628704786
18096,0.011775201186537743
18097,0.0073448047041893005
18098,0.007359265349805355
18099,0.030504880473017693
18100,0.008813545107841492
18101,0.018840953707695007
18102,0.006261346861720085
18103,0.014591462910175323
18104,0.007848362438380718
18105,0.03520319610834122
18106,0.010774417780339718
18107,0.015895426273345947
18108,0.008512815460562706
18109,0.014182677492499352
18110,0.009647099301218987
18111,0.005420080851763487
18112,0.024154838174581528
18113,0.01437118649482727
18114,0.010754173621535301
18115,0.014219353906810284
18116,0.007073880638927221
18117,0.013027466833591461
18118,0.009145181626081467
18119,0.027943924069404602
18120,0.015373851172626019
18121,0.022525645792484283
18122,0.03135951980948448
18123,0.018081218004226685
18124,0.020517973229289055
18125,0.006586422678083181
18126,0.011442652903497219
18127,0.009034151211380959
18128,0.011144067160785198
18129,0.028600212186574936
18130,0.043282315135002136
18131,0.010506982915103436
18132,0.009201369248330593
18133,0.015343518927693367
18134,0.023657044395804405
18135,0.02887507528066635
18136,0.007397980894893408
18137,0.014830153435468674
18138,0.021819328889250755
18139,0.009714111685752869
18140,0.017762117087841034
18141,0.004859118722379208
18142,0.014571445994079113
18143,0.008021355606615543
18144,0.008319070562720299
18145,0.010486754588782787
18146,0.01587882824242115
18147,0.022306732833385468
18148,0.00744327437132597
18149,0.011047020554542542
18150,0.009513234719634056
18151,0.012198993936181068
18152,0.013144617900252342
18153,0.032805200666189194
18154,0.01037394069135189
18155,0.013402119278907776
18156,0.01649719476699829
18157,0.010518766939640045
18158,0.024488097056746483
18159,0.012836060486733913
18160,0.028839949518442154
18161,0.011192552745342255
18162,0.011658642441034317
18163,0.01711094379425049
18164,0.01653696410357952
18165,0.01558026485145092
18166,0.010909125208854675
18167,0.003789949929341674
18168,0.029920466244220734
18169,0.016118615865707397
18170,0.009157776832580566
18171,0.01930658519268036
18172,0.011814508587121964
18173,0.00902233924716711
18174,0.008739471435546875
18175,0.009537508711218834
18176,0.012797242030501366
18177,0.014311771839857101
18178,0.01291516050696373
18179,0.012285890989005566
18180,0.05107384920120239
18181,0.008853407576680183
18182,0.02293999493122101
18183,0.032724473625421524
18184,0.015369296073913574
18185,0.01946333423256874
18186,0.00841314997524023
18187,0.018690574914216995
18188,0.010979583486914635
18189,0.04126572608947754
18190,0.012839162722229958
18191,0.009356433525681496
18192,0.0216392632573843
18193,0.025356441736221313
18194,0.018819265067577362
18195,0.010953236371278763
18196,0.022014781832695007
18197,0.0071829138323664665
18198,0.004802328534424305
18199,0.006738249212503433
18200,0.023475229740142822
18201,0.03366831690073013
18202,0.011145239695906639
18203,0.013495620340108871
18204,0.005609176121652126
18205,0.011333579197525978
18206,0.026964252814650536
18207,0.013156523928046227
18208,0.03970857709646225
18209,0.00982306245714426
18210,0.016528360545635223
18211,0.006558438763022423
18212,0.02256052941083908
18213,0.029967110604047775
18214,0.01828143373131752
18215,0.012579034082591534
18216,0.007394432555884123
18217,0.008625349961221218
18218,0.005605882965028286
18219,0.00928230956196785
18220,0.01613437384366989
18221,0.01097978837788105
18222,0.011340364813804626
18223,0.0068675498478114605
18224,0.01320868730545044
18225,0.010831726714968681
18226,0.022531671449542046
18227,0.017244121059775352
18228,0.02210393361747265
18229,0.006200549192726612
18230,0.005447687115520239
18231,0.01653262972831726
18232,0.014552168548107147
18233,0.03168385475873947
18234,0.020809315145015717
18235,0.02142978273332119
18236,0.012698548845946789
18237,0.034608181565999985
18238,0.010300204157829285
18239,0.018916305154561996
18240,0.012117933481931686
18241,0.009428484365344048
18242,0.017252329736948013
18243,0.008413730189204216
18244,0.008376077748835087
18245,0.011667079292237759
18246,0.021684881299734116
18247,0.019719982519745827
18248,0.018961839377880096
18249,0.008018707856535912
18250,0.02684067189693451
18251,0.011071260087192059
18252,0.048378001898527145
18253,0.00705620227381587
18254,0.008374019525945187
18255,0.010214786976575851
18256,0.02181118354201317
18257,0.019578568637371063
18258,0.005459180101752281
18259,0.004857803229242563
18260,0.007795601151883602
18261,0.019094154238700867
18262,0.01839316450059414
18263,0.03288581222295761
18264,0.02723752334713936
18265,0.032835882157087326
18266,0.014782342128455639
18267,0.012308879755437374
18268,0.03129279613494873
18269,0.01771819218993187
18270,0.01132703572511673
18271,0.005917597562074661
18272,0.011865179054439068
18273,0.01867017149925232
18274,0.012442095205187798
18275,0.0071871317923069
18276,0.008371515199542046
18277,0.014220690354704857
18278,0.009198198094964027
18279,0.04203338176012039
18280,0.012105070054531097
18281,0.011155389249324799
18282,0.01528339833021164
18283,0.024410665035247803
18284,0.01540881022810936
18285,0.028836464509367943
18286,0.01616368070244789
18287,0.024393659085035324
18288,0.017266590148210526
18289,0.006975711788982153
18290,0.02397143468260765
18291,0.009452677331864834
18292,0.027982471510767937
18293,0.03159467130899429
18294,0.01378382183611393
18295,0.009536192752420902
18296,0.004324200563132763
18297,0.018255840986967087
18298,0.004730142652988434
18299,0.0160292349755764
18300,0.024735521525144577
18301,0.022026633843779564
18302,0.03451625257730484
18303,0.039204180240631104
18304,0.010876959189772606
18305,0.005746608600020409
18306,0.00611013313755393
18307,0.0217879768460989
18308,0.014608783647418022
18309,0.00942907016724348
18310,0.015070067718625069
18311,0.010857909917831421
18312,0.034361112862825394
18313,0.023546691983938217
18314,0.016774442046880722
18315,0.03702489659190178
18316,0.017433449625968933
18317,0.012339770793914795
18318,0.011687707155942917
18319,0.014377187937498093
18320,0.011883812956511974
18321,0.009479522705078125
18322,0.01956341788172722
18323,0.012414325028657913
18324,0.0116866584867239
18325,0.022902067750692368
18326,0.005611473228782415
18327,0.011229800991714
18328,0.011033671908080578
18329,0.009113465435802937
18330,0.01820509135723114
18331,0.0224919393658638
18332,0.03133893758058548
18333,0.014705458655953407
18334,0.004969059489667416
18335,0.023173104971647263
18336,0.03395573049783707
18337,0.008774513378739357
18338,0.025242820382118225
18339,0.01456398330628872
18340,0.04083313047885895
18341,0.022866785526275635
18342,0.02611169032752514
18343,0.032856978476047516
18344,0.014372105710208416
18345,0.012375537306070328
18346,0.006166450679302216
18347,0.019434524700045586
18348,0.021057218313217163
18349,0.011139363050460815
18350,0.023341167718172073
18351,0.026195257902145386
18352,0.018704824149608612
18353,0.02417805604636669
18354,0.0053728497587144375
18355,0.013424493372440338
18356,0.005721505265682936
18357,0.010570680722594261
18358,0.009201722219586372
18359,0.010419387370347977
18360,0.0290142260491848
18361,0.012663881294429302
18362,0.018888184800744057
18363,0.02306775562465191
18364,0.023270118981599808
18365,0.004909357987344265
18366,0.011346399784088135
18367,0.012469859793782234
18368,0.036474987864494324
18369,0.026269562542438507
18370,0.012018868699669838
18371,0.01619534194469452
18372,0.025632187724113464
18373,0.017224960029125214
18374,0.03970248997211456
18375,0.007678294088691473
18376,0.016943514347076416
18377,0.008878280408680439
18378,0.01620418205857277
18379,0.019213028252124786
18380,0.018112218007445335
18381,0.0153457997366786
18382,0.012473439797759056
18383,0.014736002311110497
18384,0.011325804516673088
18385,0.02091691456735134
18386,0.013221532106399536
18387,0.013588279485702515
18388,0.011702558025717735
18389,0.023434020578861237
18390,0.020460549741983414
18391,0.020450998097658157
18392,0.024265429005026817
18393,0.02355995588004589
18394,0.01617249846458435
18395,0.006836217828094959
18396,0.014949719421565533
18397,0.02546773850917816
18398,0.015385827049612999
18399,0.00825401209294796
18400,0.030317222699522972
18401,0.00814530998468399
18402,0.02214273437857628
18403,0.03106014057993889
18404,0.02705034241080284
18405,0.0036432556807994843
18406,0.04559020325541496
18407,0.023124292492866516
18408,0.05136222764849663
18409,0.007346713449805975
18410,0.009080581367015839
18411,0.02020435780286789
18412,0.01894276589155197
18413,0.011177001520991325
18414,0.023307617753744125
18415,0.01692698523402214
18416,0.009531388059258461
18417,0.014970763586461544
18418,0.009718737564980984
18419,0.009981723502278328
18420,0.009522322565317154
18421,0.007828092202544212
18422,0.017704449594020844
18423,0.039454828947782516
18424,0.02819250524044037
18425,0.013008130714297295
18426,0.029274186119437218
18427,0.011809922754764557
18428,0.023077234625816345
18429,0.017528079450130463
18430,0.047639407217502594
18431,0.008187646046280861
18432,0.023893337696790695
18433,0.01065162755548954
18434,0.024932866916060448
18435,0.007788693066686392
18436,0.019159501418471336
18437,0.014868265949189663
18438,0.010365830734372139
18439,0.014627806842327118
18440,0.019538400694727898
18441,0.012368272058665752
18442,0.014320982620120049
18443,0.0076554082334041595
18444,0.025223568081855774
18445,0.013816272839903831
18446,0.01722034625709057
18447,0.019983328878879547
18448,0.018146930262446404
18449,0.02443123608827591
18450,0.021742776036262512
18451,0.015778789296746254
18452,0.02932790294289589
18453,0.00787058100104332
18454,0.01569230481982231
18455,0.01815013214945793
18456,0.01144525408744812
18457,0.00767850037664175
18458,0.022141968831419945
18459,0.011076564900577068
18460,0.008112533017992973
18461,0.02147749625146389
18462,0.019163846969604492
18463,0.0199272558093071
18464,0.010563747957348824
18465,0.010040019638836384
18466,0.01600487157702446
18467,0.0715782642364502
18468,0.012550348415970802
18469,0.019958151504397392
18470,0.007011711597442627
18471,0.011869157664477825
18472,0.017729584127664566
18473,0.012307929806411266
18474,0.016521429643034935
18475,0.006528445985168219
18476,0.011908779852092266
18477,0.03125258535146713
18478,0.005823263432830572
18479,0.011472566984593868
18480,0.02544509433209896
18481,0.005164565984159708
18482,0.012395724654197693
18483,0.013351059518754482
18484,0.006715696305036545
18485,0.016955986618995667
18486,0.01522475853562355
18487,0.015588516369462013
18488,0.015095847658813
18489,0.04855992645025253
18490,0.01038930844515562
18491,0.01617005467414856
18492,0.01208851020783186
18493,0.008527301251888275
18494,0.005829756613820791
18495,0.009152638725936413
18496,0.01440593134611845
18497,0.01142885535955429
18498,0.09595420211553574
18499,0.008799168281257153
18500,0.008375892415642738
18501,0.014869553968310356
18502,0.01675843819975853
18503,0.007486979942768812
18504,0.017569243907928467
18505,0.009135575033724308
18506,0.018123500049114227
18507,0.005849767476320267
18508,0.014346973970532417
18509,0.012773238122463226
18510,0.00887999776750803
18511,0.011357652954757214
18512,0.008072048425674438
18513,0.008619716390967369
18514,0.03431525081396103
18515,0.01792648248374462
18516,0.016902819275856018
18517,0.022360339760780334
18518,0.01617518439888954
18519,0.007120398338884115
18520,0.027623100206255913
18521,0.010798804461956024
18522,0.011796022765338421
18523,0.01017216220498085
18524,0.00907065998762846
18525,0.02786070853471756
18526,0.006615632679313421
18527,0.006014683749526739
18528,0.022022943943738937
18529,0.006276369094848633
18530,0.005765070673078299
18531,0.01577432081103325
18532,0.009830991737544537
18533,0.01972902938723564
18534,0.007850977592170238
18535,0.015589244663715363
18536,0.019576651975512505
18537,0.014537112787365913
18538,0.017278384417295456
18539,0.007920831441879272
18540,0.014318017289042473
18541,0.016106167808175087
18542,0.010077454149723053
18543,0.03189944848418236
18544,0.007282145321369171
18545,0.03230590373277664
18546,0.012219722382724285
18547,0.010419515892863274
18548,0.009540489874780178
18549,0.01668465882539749
18550,0.018355123698711395
18551,0.02017327770590782
18552,0.007165134884417057
18553,0.008672922849655151
18554,0.011213956400752068
18555,0.013194921426475048
18556,0.006880458444356918
18557,0.020582035183906555
18558,0.009912298060953617
18559,0.01688249036669731
18560,0.027962829917669296
18561,0.03861308842897415
18562,0.02540985867381096
18563,0.02101748250424862
18564,0.02981358766555786
18565,0.018203750252723694
18566,0.014308474026620388
18567,0.030428726226091385
18568,0.0029408233240246773
18569,0.0073184482753276825
18570,0.006675665732473135
18571,0.014704493805766106
18572,0.007653083652257919
18573,0.023088162764906883
18574,0.02573881670832634
18575,0.02147958241403103
18576,0.009887701831758022
18577,0.006573637016117573
18578,0.009696371853351593
18579,0.008686366491019726
18580,0.04355650767683983
18581,0.007140496280044317
18582,0.02484266459941864
18583,0.006720764096826315
18584,0.0235311146825552
18585,0.014519911259412766
18586,0.011213881894946098
18587,0.02849160134792328
18588,0.009771289303898811
18589,0.025478389114141464
18590,0.006447657942771912
18591,0.013796631246805191
18592,0.022399168461561203
18593,0.009140159003436565
18594,0.014482526108622551
18595,0.013034619390964508
18596,0.00849496852606535
18597,0.004579467233270407
18598,0.02171873115003109
18599,0.014548740349709988
18600,0.010290650650858879
18601,0.015856118872761726
18602,0.013142718002200127
18603,0.008635570295155048
18604,0.01283862255513668
18605,0.02661930024623871
18606,0.006826851516962051
18607,0.016482889652252197
18608,0.015503006987273693
18609,0.03539334610104561
18610,0.0138972457498312
18611,0.03413086757063866
18612,0.005266754887998104
18613,0.00635374104604125
18614,0.009329140186309814
18615,0.01983107067644596
18616,0.005533224903047085
18617,0.03305812180042267
18618,0.023351063951849937
18619,0.009380044415593147
18620,0.010670769959688187
18621,0.014338251203298569
18622,0.011421098373830318
18623,0.011525986716151237
18624,0.014933979138731956
18625,0.007855360396206379
18626,0.009272582828998566
18627,0.017007341608405113
18628,0.019764211028814316
18629,0.008591953665018082
18630,0.012388043105602264
18631,0.006381109356880188
18632,0.004495369270443916
18633,0.0072197504341602325
18634,0.028031211346387863
18635,0.013214712962508202
18636,0.018654441460967064
18637,0.03563391789793968
18638,0.005259412340819836
18639,0.015098391100764275
18640,0.009823886677622795
18641,0.031222909688949585
18642,0.013495485298335552
18643,0.024121901020407677
18644,0.014753442257642746
18645,0.01044809352606535
18646,0.014189131557941437
18647,0.01331820897758007
18648,0.022011324763298035
18649,0.025219585746526718
18650,0.019187089055776596
18651,0.014816472306847572
18652,0.008688411675393581
18653,0.01737588457763195
18654,0.0446879081428051
18655,0.01224469393491745
18656,0.019077852368354797
18657,0.009848207235336304
18658,0.018019473180174828
18659,0.020591014996170998
18660,0.007578985299915075
18661,0.02004826068878174
18662,0.027441641315817833
18663,0.014579485170543194
18664,0.029003258794546127
18665,0.030347254127264023
18666,0.007959067821502686
18667,0.013395823538303375
18668,0.014571930281817913
18669,0.0076865870505571365
18670,0.008899863809347153
18671,0.012204374186694622
18672,0.04042632877826691
18673,0.01735525205731392
18674,0.010933546349406242
18675,0.021767616271972656
18676,0.020059287548065186
18677,0.053882986307144165
18678,0.008889819495379925
18679,0.004731026943773031
18680,0.029426855966448784
18681,0.011079883202910423
18682,0.02063383348286152
18683,0.010231483727693558
18684,0.007168639451265335
18685,0.021800443530082703
18686,0.01394365169107914
18687,0.00584412133321166
18688,0.01004221010953188
18689,0.00892286840826273
18690,0.004066075198352337
18691,0.012234112247824669
18692,0.020228777080774307
18693,0.01318823080509901
18694,0.012647065334022045
18695,0.011652693152427673
18696,0.015325270593166351
18697,0.01228034496307373
18698,0.005903488025069237
18699,0.05158010125160217
18700,0.009817502461373806
18701,0.00962907262146473
18702,0.01401631347835064
18703,0.027030183002352715
18704,0.021634703502058983
18705,0.02407471090555191
18706,0.013141481205821037
18707,0.01860654726624489
18708,0.009948345832526684
18709,0.010947859846055508
18710,0.01202942244708538
18711,0.023479273542761803
18712,0.014520173892378807
18713,0.039540909230709076
18714,0.014241982251405716
18715,0.010554581880569458
18716,0.006890181452035904
18717,0.01596793346107006
18718,0.009536239318549633
18719,0.008451423607766628
18720,0.012458214536309242
18721,0.009103985503315926
18722,0.024158304557204247
18723,0.018167592585086823
18724,0.028308600187301636
18725,0.010565604083240032
18726,0.006667564623057842
18727,0.019728921353816986
18728,0.015884200111031532
18729,0.019382629543542862
18730,0.01860956847667694
18731,0.01877719536423683
18732,0.03090912662446499
18733,0.02341383323073387
18734,0.010352281853556633
18735,0.013894662261009216
18736,0.018009992316365242
18737,0.009682806208729744
18738,0.015164000913500786
18739,0.013453635387122631
18740,0.003976253792643547
18741,0.018328718841075897
18742,0.015019817277789116
18743,0.016881722956895828
18744,0.005122001748532057
18745,0.010286996141076088
18746,0.009494924917817116
18747,0.008657808415591717
18748,0.014346949756145477
18749,0.008903848938643932
18750,0.025950849056243896
18751,0.018983935937285423
18752,0.009257202968001366
18753,0.015080435201525688
18754,0.014410687610507011
18755,0.011922590434551239
18756,0.012085932306945324
18757,0.013148093596100807
18758,0.019164815545082092
18759,0.005651297979056835
18760,0.008604709059000015
18761,0.015599746257066727
18762,0.024289023131132126
18763,0.011232513003051281
18764,0.016278984025120735
18765,0.01724933460354805
18766,0.020502546802163124
18767,0.01208861730992794
18768,0.017079627141356468
18769,0.014683905057609081
18770,0.012901727110147476
18771,0.021765952929854393
18772,0.024635454639792442
18773,0.03764234855771065
18774,0.011384444311261177
18775,0.038028158247470856
18776,0.01313506718724966
18777,0.011317428201436996
18778,0.008001006208360195
18779,0.028127223253250122
18780,0.00636662170290947
18781,0.012918053194880486
18782,0.007174252532422543
18783,0.02455649897456169
18784,0.020938541740179062
18785,0.016856029629707336
18786,0.018580136820673943
18787,0.03081953153014183
18788,0.014887500554323196
18789,0.032719776034355164
18790,0.010000836104154587
18791,0.0026973066851496696
18792,0.007504218723624945
18793,0.005274338182061911
18794,0.016458071768283844
18795,0.01325764786452055
18796,0.014926426112651825
18797,0.07453375309705734
18798,0.0036558001302182674
18799,0.017746038734912872
18800,0.011304840445518494
18801,0.007654491811990738
18802,0.008380688726902008
18803,0.032137900590896606
18804,0.01521929632872343
18805,0.027917949482798576
18806,0.010204699821770191
18807,0.024237867444753647
18808,0.01582701876759529
18809,0.012355022132396698
18810,0.008380466140806675
18811,0.02937537059187889
18812,0.018277553841471672
18813,0.01390756294131279
18814,0.02631780132651329
18815,0.023744020611047745
18816,0.008854853920638561
18817,0.01964099332690239
18818,0.01362750492990017
18819,0.005422499030828476
18820,0.021453827619552612
18821,0.01923617348074913
18822,0.018439045175909996
18823,0.019477088004350662
18824,0.007134416606277227
18825,0.026852650567889214
18826,0.01988568902015686
18827,0.030672436580061913
18828,0.020070470869541168
18829,0.014550194144248962
18830,0.016842341050505638
18831,0.023907382041215897
18832,0.010594318620860577
18833,0.0068430653773248196
18834,0.006018955260515213
18835,0.019572142511606216
18836,0.01832757145166397
18837,0.07224230468273163
18838,0.008565859869122505
18839,0.0149880051612854
18840,0.022001609206199646
18841,0.014317229390144348
18842,0.029573559761047363
18843,0.006872526369988918
18844,0.017294542863965034
18845,0.012639790773391724
18846,0.0065488433465361595
18847,0.018578065559267998
18848,0.016627971082925797
18849,0.007594753056764603
18850,0.006669859867542982
18851,0.012206207029521465
18852,0.014724193140864372
18853,0.03750940412282944
18854,0.007682179566472769
18855,0.023490380495786667
18856,0.009473836049437523
18857,0.010367145761847496
18858,0.010413850657641888
18859,0.009397782385349274
18860,0.011893978342413902
18861,0.009297410026192665
18862,0.021711034700274467
18863,0.022974684834480286
18864,0.019725684076547623
18865,0.013057872653007507
18866,0.01726149022579193
18867,0.0170198455452919
18868,0.014895136468112469
18869,0.01635238341987133
18870,0.024255990982055664
18871,0.011420952156186104
18872,0.01893916353583336
18873,0.011028213426470757
18874,0.022832605987787247
18875,0.00826236978173256
18876,0.01683869957923889
18877,0.0184231735765934
18878,0.01683731935918331
18879,0.0263921357691288
18880,0.010805564932525158
18881,0.011337670497596264
18882,0.009143998846411705
18883,0.011923810467123985
18884,0.02035418152809143
18885,0.007208229508250952
18886,0.004298467189073563
18887,0.018069682642817497
18888,0.007099976297467947
18889,0.034186169505119324
18890,0.02164742723107338
18891,0.024838730692863464
18892,0.02248329296708107
18893,0.019910788163542747
18894,0.012835947796702385
18895,0.013490691781044006
18896,0.010693484917283058
18897,0.012934810481965542
18898,0.022802457213401794
18899,0.013562031090259552
18900,0.0330161452293396
18901,0.015127992257475853
18902,0.005303436890244484
18903,0.007389049045741558
18904,0.014540256932377815
18905,0.013522565364837646
18906,0.007631723769009113
18907,0.029610082507133484
18908,0.007494858466088772
18909,0.018639441579580307
18910,0.01636441797018051
18911,0.02395585924386978
18912,0.014707894995808601
18913,0.007206208538264036
18914,0.033115267753601074
18915,0.008945337496697903
18916,0.005950401537120342
18917,0.006084680091589689
18918,0.009699052199721336
18919,0.01240181177854538
18920,0.04227980226278305
18921,0.04664791747927666
18922,0.014744073152542114
18923,0.012439882382750511
18924,0.01278335228562355
18925,0.005728268064558506
18926,0.013450863771140575
18927,0.023311655968427658
18928,0.0035311568062752485
18929,0.018238458782434464
18930,0.020586589351296425
18931,0.03716820478439331
18932,0.024771442636847496
18933,0.014370966702699661
18934,0.006387425120919943
18935,0.021410390734672546
18936,0.015322516672313213
18937,0.013077422976493835
18938,0.006471363361924887
18939,0.008179852738976479
18940,0.009973473846912384
18941,0.04097107797861099
18942,0.029197966679930687
18943,0.008930377662181854
18944,0.012343592941761017
18945,0.02315177582204342
18946,0.016482355073094368
18947,0.024501141160726547
18948,0.015082232654094696
18949,0.00834642257541418
18950,0.023244446143507957
18951,0.012750832363963127
18952,0.012855461798608303
18953,0.03355436027050018
18954,0.015084763988852501
18955,0.010228058323264122
18956,0.010611530393362045
18957,0.04397819936275482
18958,0.01672240160405636
18959,0.027998458594083786
18960,0.011183338239789009
18961,0.021844511851668358
18962,0.013709540478885174
18963,0.0072761038318276405
18964,0.008656354621052742
18965,0.014439605176448822
18966,0.01535083632916212
18967,0.021475933492183685
18968,0.00895578134804964
18969,0.012244503013789654
18970,0.01447514072060585
18971,0.02800540253520012
18972,0.012012338265776634
18973,0.0031823418103158474
18974,0.00700738001614809
18975,0.009766079485416412
18976,0.01773006282746792
18977,0.00796523317694664
18978,0.019062479957938194
18979,0.027479728683829308
18980,0.01615392416715622
18981,0.009552057832479477
18982,0.00525091215968132
18983,0.023062190040946007
18984,0.007351547479629517
18985,0.008639400824904442
18986,0.008930256590247154
18987,0.009379285387694836
18988,0.008109339512884617
18989,0.0061832815408706665
18990,0.01923886314034462
18991,0.025916311889886856
18992,0.013205533847212791
18993,0.006392877548933029
18994,0.02856040559709072
18995,0.010086873546242714
18996,0.007291133515536785
18997,0.021152939647436142
18998,0.014366738498210907
18999,0.021767592057585716
19000,0.03548135608434677
19001,0.042241066694259644
19002,0.014596289023756981
19003,0.02742689847946167
19004,0.008622562512755394
19005,0.02283257059752941
19006,0.006945266854017973
19007,0.020233068615198135
19008,0.011765142902731895
19009,0.01590326800942421
19010,0.0311247780919075
19011,0.016365891322493553
19012,0.010200359858572483
19013,0.022873595356941223
19014,0.023569460958242416
19015,0.011821633204817772
19016,0.009428716264665127
19017,0.006647062487900257
19018,0.02254061959683895
19019,0.00672087213024497
19020,0.020862212404608727
19021,0.017970453947782516
19022,0.013960430398583412
19023,0.014685152098536491
19024,0.024008411914110184
19025,0.012166200205683708
19026,0.013755543157458305
19027,0.015252861194312572
19028,0.021741922944784164
19029,0.00982881523668766
19030,0.019676368683576584
19031,0.015890134498476982
19032,0.01712176203727722
19033,0.04091006889939308
19034,0.020854314789175987
19035,0.026484079658985138
19036,0.012901468202471733
19037,0.038847509771585464
19038,0.014527849853038788
19039,0.009415920823812485
19040,0.01359252817928791
19041,0.010314960032701492
19042,0.018958881497383118
19043,0.008277913555502892
19044,0.012992046773433685
19045,0.023405518382787704
19046,0.01388130895793438
19047,0.03554894030094147
19048,0.006755910813808441
19049,0.042572252452373505
19050,0.010293269529938698
19051,0.015187705866992474
19052,0.017015580087900162
19053,0.005345228128135204
19054,0.0197138674557209
19055,0.01334323175251484
19056,0.006849684752523899
19057,0.01397639699280262
19058,0.023029064759612083
19059,0.015072244219481945
19060,0.02863505482673645
19061,0.030034644529223442
19062,0.013657061383128166
19063,0.025373637676239014
19064,0.017025817185640335
19065,0.01241216715425253
19066,0.043307073414325714
19067,0.015572844073176384
19068,0.029241908341646194
19069,0.016070036217570305
19070,0.020779529586434364
19071,0.009363966062664986
19072,0.01999678835272789
19073,0.007938940078020096
19074,0.020380161702632904
19075,0.0058720409870147705
19076,0.01082119531929493
19077,0.01761729270219803
19078,0.023771896958351135
19079,0.01638512685894966
19080,0.031133627519011497
19081,0.03175133466720581
19082,0.03573423996567726
19083,0.009375004097819328
19084,0.012709444388747215
19085,0.015754755586385727
19086,0.01655861735343933
19087,0.01497429795563221
19088,0.017864827066659927
19089,0.024989053606987
19090,0.022016694769263268
19091,0.01226039882749319
19092,0.013343336060643196
19093,0.009639245457947254
19094,0.018461018800735474
19095,0.022259607911109924
19096,0.03342524170875549
19097,0.012120294384658337
19098,0.016137024387717247
19099,0.023167170584201813
19100,0.011631797067821026
19101,0.013434584252536297
19102,0.010413375683128834
19103,0.007657630369067192
19104,0.01873132586479187
19105,0.020270956680178642
19106,0.023202404379844666
19107,0.01427473034709692
19108,0.006363601889461279
19109,0.008252181112766266
19110,0.005317795090377331
19111,0.01589655503630638
19112,0.01101483590900898
19113,0.010491060093045235
19114,0.018223989754915237
19115,0.014540332369506359
19116,0.06362636387348175
19117,0.023419663310050964
19118,0.022554829716682434
19119,0.021278416737914085
19120,0.00786532647907734
19121,0.01658470928668976
19122,0.020082304254174232
19123,0.006880521774291992
19124,0.043926239013671875
19125,0.009356837719678879
19126,0.015317662619054317
19127,0.016898710280656815
19128,0.005861394107341766
19129,0.009731283411383629
19130,0.014023525640368462
19131,0.006900699343532324
19132,0.0128207728266716
19133,0.008203785866498947
19134,0.013985173776745796
19135,0.018845591694116592
19136,0.03478812798857689
19137,0.01305604912340641
19138,0.017018433660268784
19139,0.011598790995776653
19140,0.00598500482738018
19141,0.018919792026281357
19142,0.005625623278319836
19143,0.011493593454360962
19144,0.016272539272904396
19145,0.01909705065190792
19146,0.0034999512135982513
19147,0.007242235355079174
19148,0.03212330862879753
19149,0.01679953932762146
19150,0.007943934760987759
19151,0.014780513010919094
19152,0.018505610525608063
19153,0.008285208605229855
19154,0.007041271775960922
19155,0.014110981486737728
19156,0.020223012194037437
19157,0.00864318199455738
19158,0.010731570422649384
19159,0.019560758024454117
19160,0.008358299732208252
19161,0.011188107542693615
19162,0.010313375853002071
19163,0.013097047805786133
19164,0.006937611848115921
19165,0.011186043731868267
19166,0.016435183584690094
19167,0.0069526610895991325
19168,0.017198819667100906
19169,0.010534388944506645
19170,0.012193082831799984
19171,0.033769212663173676
19172,0.004112378694117069
19173,0.027383610606193542
19174,0.010520405136048794
19175,0.009621549397706985
19176,0.022457044571638107
19177,0.015407368540763855
19178,0.022134795784950256
19179,0.008230040781199932
19180,0.03381666541099548
19181,0.010657273232936859
19182,0.021835651248693466
19183,0.01535799540579319
19184,0.010522168129682541
19185,0.008000534027814865
19186,0.007122499402612448
19187,0.005291677080094814
19188,0.011952231638133526
19189,0.024589654058218002
19190,0.007011061068624258
19191,0.00789344310760498
19192,0.012141799554228783
19193,0.010474528186023235
19194,0.01658162847161293
19195,0.006840475834906101
19196,0.009006918407976627
19197,0.0038912321906536818
19198,0.017073553055524826
19199,0.02334674820303917
19200,0.01536683551967144
19201,0.006303105503320694
19202,0.005101833492517471
19203,0.009093880653381348
19204,0.01202356070280075
19205,0.00949079915881157
19206,0.025589674711227417
19207,0.015236325562000275
19208,0.008876407518982887
19209,0.014062255620956421
19210,0.007028441876173019
19211,0.010533246211707592
19212,0.02949364483356476
19213,0.014183580875396729
19214,0.014189207926392555
19215,0.027007540687918663
19216,0.01747327297925949
19217,0.015397435054183006
19218,0.010695691220462322
19219,0.013857772573828697
19220,0.025004755705595016
19221,0.0069385794922709465
19222,0.016091447323560715
19223,0.01828651875257492
19224,0.04361463710665703
19225,0.012598393484950066
19226,0.019172921776771545
19227,0.06293399631977081
19228,0.01014662254601717
19229,0.01913331262767315
19230,0.0252634696662426
19231,0.014020567759871483
19232,0.044823288917541504
19233,0.009704772382974625
19234,0.007388138212263584
19235,0.005276483483612537
19236,0.022627737373113632
19237,0.004112083464860916
19238,0.008684752508997917
19239,0.009573543444275856
19240,0.020230188965797424
19241,0.012761125341057777
19242,0.013222379609942436
19243,0.012465119361877441
19244,0.015231210738420486
19245,0.010734332725405693
19246,0.007796275429427624
19247,0.02272869646549225
19248,0.024368710815906525
19249,0.032930634915828705
19250,0.009824816137552261
19251,0.014297904446721077
19252,0.018496094271540642
19253,0.009939279407262802
19254,0.01028776727616787
19255,0.01554182730615139
19256,0.012232917360961437
19257,0.03670202195644379
19258,0.017666002735495567
19259,0.026474304497241974
19260,0.016084318980574608
19261,0.004319220781326294
19262,0.015401455573737621
19263,0.01793771982192993
19264,0.02170250378549099
19265,0.02295060269534588
19266,0.007390197366476059
19267,0.02905302867293358
19268,0.02102033421397209
19269,0.01086008083075285
19270,0.014378003776073456
19271,0.011641926132142544
19272,0.01553516648709774
19273,0.014667516574263573
19274,0.007280913647264242
19275,0.047159403562545776
19276,0.01104176789522171
19277,0.01851619780063629
19278,0.005675632506608963
19279,0.004699407145380974
19280,0.019020911306142807
19281,0.010377209633588791
19282,0.0072098542004823685
19283,0.014703549444675446
19284,0.019664091989398003
19285,0.01622016727924347
19286,0.010557480156421661
19287,0.010795628651976585
19288,0.010129241272807121
19289,0.004570228513330221
19290,0.014821866527199745
19291,0.012729009613394737
19292,0.008757099509239197
19293,0.020220858976244926
19294,0.013422634452581406
19295,0.017617875710129738
19296,0.00406726635992527
19297,0.012447710148990154
19298,0.01127502229064703
19299,0.0157027430832386
19300,0.0065683117136359215
19301,0.016272006556391716
19302,0.014986217021942139
19303,0.015911255031824112
19304,0.010358178056776524
19305,0.007681899704039097
19306,0.00932309590280056
19307,0.00988759845495224
19308,0.015575770288705826
19309,0.018173638731241226
19310,0.021993320435285568
19311,0.023156464099884033
19312,0.013573872856795788
19313,0.013935028575360775
19314,0.017733801156282425
19315,0.03680288791656494
19316,0.01178356446325779
19317,0.015471328049898148
19318,0.019826574251055717
19319,0.01579279452562332
19320,0.032578930258750916
19321,0.012246757745742798
19322,0.017650984227657318
19323,0.012556578032672405
19324,0.0036031415220350027
19325,0.005483846180140972
19326,0.01091039925813675
19327,0.012329312041401863
19328,0.02985902689397335
19329,0.04026295244693756
19330,0.039996132254600525
19331,0.015355738811194897
19332,0.025614142417907715
19333,0.012757277116179466
19334,0.009819520637392998
19335,0.006155773997306824
19336,0.021609153598546982
19337,0.01716628484427929
19338,0.0313577800989151
19339,0.00805424340069294
19340,0.025970369577407837
19341,0.028241058811545372
19342,0.015175665728747845
19343,0.016103243455290794
19344,0.01348390243947506
19345,0.023391693830490112
19346,0.004999627824872732
19347,0.021079566329717636
19348,0.01636475697159767
19349,0.009815411642193794
19350,0.01064616721123457
19351,0.01043016742914915
19352,0.006069757975637913
19353,0.009935639798641205
19354,0.023007512092590332
19355,0.005056831054389477
19356,0.009754231199622154
19357,0.011029711924493313
19358,0.008113350719213486
19359,0.014687578193843365
19360,0.022890081629157066
19361,0.008715707808732986
19362,0.004708162974566221
19363,0.0223695021122694
19364,0.01702911965548992
19365,0.013331897556781769
19366,0.010985679924488068
19367,0.029737625271081924
19368,0.017012402415275574
19369,0.015028341673314571
19370,0.032233960926532745
19371,0.011251854710280895
19372,0.016470346599817276
19373,0.049399927258491516
19374,0.011895738542079926
19375,0.008889328688383102
19376,0.004115789197385311
19377,0.010988782159984112
19378,0.011101978830993176
19379,0.009390462189912796
19380,0.009686503559350967
19381,0.02013765648007393
19382,0.005372643005102873
19383,0.027074826881289482
19384,0.02199379727244377
19385,0.013295376673340797
19386,0.02763674221932888
19387,0.011886021122336388
19388,0.046851903200149536
19389,0.007646837271749973
19390,0.015656229108572006
19391,0.012612136080861092
19392,0.0064519839361310005
19393,0.009689537808299065
19394,0.019273145124316216
19395,0.017321569845080376
19396,0.014897862449288368
19397,0.027502521872520447
19398,0.008423653431236744
19399,0.018599439412355423
19400,0.024342305958271027
19401,0.00889234896749258
19402,0.018311722204089165
19403,0.022175323218107224
19404,0.008930804207921028
19405,0.008729927241802216
19406,0.012214455753564835
19407,0.012563194148242474
19408,0.011027111671864986
19409,0.02429383248090744
19410,0.016199251636862755
19411,0.04265217110514641
19412,0.036801159381866455
19413,0.014774146489799023
19414,0.028753522783517838
19415,0.008860545232892036
19416,0.036347292363643646
19417,0.02201317809522152
19418,0.005998995155096054
19419,0.03176086023449898
19420,0.015696045011281967
19421,0.0117966178804636
19422,0.03926602751016617
19423,0.01860278844833374
19424,0.025376852601766586
19425,0.017739640548825264
19426,0.02171551249921322
19427,0.01024149265140295
19428,0.011452044360339642
19429,0.010986520908772945
19430,0.021128453314304352
19431,0.01805201917886734
19432,0.009777242317795753
19433,0.01767706125974655
19434,0.0065477462485432625
19435,0.006684700958430767
19436,0.020899664610624313
19437,0.010128853842616081
19438,0.011719075962901115
19439,0.007654808461666107
19440,0.004960143938660622
19441,0.03839629143476486
19442,0.009227102622389793
19443,0.018463490530848503
19444,0.01855001598596573
19445,0.012527285143733025
19446,0.027657611295580864
19447,0.018932277336716652
19448,0.022911548614501953
19449,0.010360067710280418
19450,0.007321524433791637
19451,0.009178715758025646
19452,0.003695426508784294
19453,0.04571238160133362
19454,0.019782405346632004
19455,0.012533756904304028
19456,0.00809420458972454
19457,0.03369225934147835
19458,0.008558031171560287
19459,0.01696179062128067
19460,0.011727645993232727
19461,0.0710909366607666
19462,0.02394956164062023
19463,0.013653179630637169
19464,0.03386077657341957
19465,0.009515135549008846
19466,0.023309972137212753
19467,0.02748297154903412
19468,0.01573178358376026
19469,0.011141834780573845
19470,0.01425586175173521
19471,0.028637181967496872
19472,0.018981873989105225
19473,0.007829945534467697
19474,0.010726332664489746
19475,0.021074829623103142
19476,0.023150399327278137
19477,0.010024274699389935
19478,0.005832773633301258
19479,0.01200941763818264
19480,0.008215393871068954
19481,0.028787782415747643
19482,0.008138242177665234
19483,0.021611522883176804
19484,0.009923550300300121
19485,0.008693995885550976
19486,0.020661476999521255
19487,0.020375611260533333
19488,0.009994296357035637
19489,0.03044699691236019
19490,0.01389167457818985
19491,0.023460034281015396
19492,0.0036008208990097046
19493,0.014021530747413635
19494,0.010945050977170467
19495,0.01317623257637024
19496,0.012813049368560314
19497,0.008516121655702591
19498,0.017486564815044403
19499,0.012255681678652763
19500,0.0248677060008049
19501,0.016812069341540337
19502,0.00829614233225584
19503,0.009268976747989655
19504,0.024041470140218735
19505,0.012015359476208687
19506,0.016028469428420067
19507,0.017685426399111748
19508,0.019555680453777313
19509,0.013158380053937435
19510,0.011055367067456245
19511,0.018369585275650024
19512,0.00832602009177208
19513,0.008575270883738995
19514,0.02085414156317711
19515,0.011095735244452953
19516,0.01936189830303192
19517,0.021135114133358
19518,0.010100113227963448
19519,0.0286148302257061
19520,0.004952593706548214
19521,0.016665995121002197
19522,0.01768367551267147
19523,0.021718895062804222
19524,0.009190816432237625
19525,0.025418203324079514
19526,0.012480344623327255
19527,0.021259866654872894
19528,0.00493166409432888
19529,0.013512961566448212
19530,0.008868012577295303
19531,0.00859755463898182
19532,0.010807787999510765
19533,0.010157185606658459
19534,0.010153530165553093
19535,0.01490459218621254
19536,0.006973248906433582
19537,0.014866484329104424
19538,0.00764662679284811
19539,0.011217143386602402
19540,0.009173326194286346
19541,0.011522497050464153
19542,0.023208698257803917
19543,0.016368430107831955
19544,0.011500994674861431
19545,0.018412388861179352
19546,0.006063034292310476
19547,0.010419070720672607
19548,0.015512208454310894
19549,0.03371329978108406
19550,0.009118642657995224
19551,0.009640025906264782
19552,0.01640351675450802
19553,0.016879653558135033
19554,0.02368560992181301
19555,0.013102775439620018
19556,0.013724702410399914
19557,0.004539909772574902
19558,0.018523629754781723
19559,0.009844711050391197
19560,0.01441306434571743
19561,0.006129655055701733
19562,0.011479107663035393
19563,0.006506007164716721
19564,0.012127120047807693
19565,0.008925958536565304
19566,0.018979458138346672
19567,0.012546045705676079
19568,0.023441432043910027
19569,0.007163418456912041
19570,0.013262612745165825
19571,0.02572336047887802
19572,0.01643081195652485
19573,0.0219081100076437
19574,0.008571263402700424
19575,0.013981485739350319
19576,0.007366500794887543
19577,0.006269744597375393
19578,0.043612461537122726
19579,0.0033173616975545883
19580,0.012519540265202522
19581,0.036302924156188965
19582,0.03915662690997124
19583,0.010306784883141518
19584,0.01907677948474884
19585,0.011030110530555248
19586,0.01177886500954628
19587,0.009123340249061584
19588,0.022530164569616318
19589,0.012956450693309307
19590,0.011772718280553818
19591,0.015326826833188534
19592,0.007429211866110563
19593,0.028468025848269463
19594,0.010308358818292618
19595,0.010782900266349316
19596,0.0066192238591611385
19597,0.025099199265241623
19598,0.012031704187393188
19599,0.016239162534475327
19600,0.005963212810456753
19601,0.008530795574188232
19602,0.01099589467048645
19603,0.013510207645595074
19604,0.014220230281352997
19605,0.01951967179775238
19606,0.024430543184280396
19607,0.013707797974348068
19608,0.01618264615535736
19609,0.049250438809394836
19610,0.09010426700115204
19611,0.010177994146943092
19612,0.015991244465112686
19613,0.023145360872149467
19614,0.008016076870262623
19615,0.005966998636722565
19616,0.023134782910346985
19617,0.010815056040883064
19618,0.007762057241052389
19619,0.016868334263563156
19620,0.018467821180820465
19621,0.01644398644566536
19622,0.01475061010569334
19623,0.01403769850730896
19624,0.02712956629693508
19625,0.01400928758084774
19626,0.006920721381902695
19627,0.01864614523947239
19628,0.01678619161248207
19629,0.0279238224029541
19630,0.0195901021361351
19631,0.015755441039800644
19632,0.03812403231859207
19633,0.01408732682466507
19634,0.0018950108205899596
19635,0.02191999927163124
