ID,score
0,0.029712244868278503
1,0.07821255177259445
2,0.12946724891662598
3,0.20192353427410126
4,0.09288319945335388
5,0.07629901170730591
6,0.07851587235927582
7,0.21939337253570557
8,0.0853695198893547
9,0.05302659422159195
10,0.13470488786697388
11,0.13561666011810303
12,0.040390439331531525
13,0.13732674717903137
14,0.04691646620631218
15,0.10276857018470764
16,0.11110927909612656
17,0.07338258624076843
18,0.15349900722503662
19,0.05926916003227234
20,0.04131114482879639
21,0.06069505214691162
22,0.14351886510849
23,0.03858784958720207
24,0.12426068633794785
25,0.038039859384298325
26,0.08714946359395981
27,0.07261040806770325
28,0.10853749513626099
29,0.04399387165904045
30,0.05641576647758484
31,0.034779153764247894
32,0.0915113016963005
33,0.06873184442520142
34,0.07303964346647263
35,0.06931038200855255
36,0.05793079361319542
37,0.0650307685136795
38,0.06295062601566315
39,0.08590032905340195
40,0.08438768237829208
41,0.09544450044631958
42,0.028566529974341393
43,0.19462434947490692
44,0.1515984982252121
45,0.13855956494808197
46,0.06297653913497925
47,0.08678492158651352
48,0.04690387472510338
49,0.04029161483049393
50,0.11391566693782806
51,0.11805348098278046
52,0.07251261174678802
53,0.030713481828570366
54,0.04730316996574402
55,0.06007262319326401
56,0.0994962677359581
57,0.108271524310112
58,0.08136117458343506
59,0.05965501070022583
60,0.06224574148654938
61,0.041325248777866364
62,0.0478309690952301
63,0.07134373486042023
64,0.10192418098449707
65,0.11642518639564514
66,0.048585616052150726
67,0.048267047852277756
68,0.09927883744239807
69,0.18481898307800293
70,0.07608502358198166
71,0.10578351467847824
72,0.10148268193006516
73,0.022522686049342155
74,0.040305908769369125
75,0.10342054069042206
76,0.08518632501363754
77,0.1112254410982132
78,0.14992819726467133
79,0.07195186614990234
80,0.09201958030462265
81,0.08771412819623947
82,0.22994160652160645
83,0.10859279334545135
84,0.059807293117046356
85,0.20170395076274872
86,0.07092197239398956
87,0.09538160264492035
88,0.12257277965545654
89,0.07690813392400742
90,0.03584928438067436
91,0.1879066675901413
92,0.024001916870474815
93,0.07613462209701538
94,0.03549465537071228
95,0.08674421161413193
96,0.11504247039556503
97,0.06936562061309814
98,0.06328823417425156
99,0.13031338155269623
100,0.15054678916931152
101,0.14059792459011078
102,0.058221086859703064
103,0.0745319128036499
104,0.07140135765075684
105,0.06222379952669144
106,0.07346776127815247
107,0.07998417317867279
108,0.12662740051746368
109,0.04460243508219719
110,0.04116006940603256
111,0.034451261162757874
112,0.07857099175453186
113,0.04103466123342514
114,0.10419841855764389
115,0.04786863178014755
116,0.04409351944923401
117,0.11038148403167725
118,0.07119335234165192
119,0.0978718101978302
120,0.05743442103266716
121,0.13757681846618652
122,0.11784178018569946
123,0.030528448522090912
124,0.11202310770750046
125,0.1276141256093979
126,0.20602743327617645
127,0.06209222599864006
128,0.04861218482255936
129,0.03751295059919357
130,0.06560058891773224
131,0.08620359748601913
132,0.087487131357193
133,0.05502922087907791
134,0.03652695566415787
135,0.11844664812088013
136,0.16081266105175018
137,0.0617910735309124
138,0.03641054034233093
139,0.11184042692184448
140,0.14560085535049438
141,0.06843298673629761
142,0.1072385311126709
143,0.07910041511058807
144,0.07329024374485016
145,0.02746456488966942
146,0.08974482864141464
147,0.04466738551855087
148,0.040231309831142426
149,0.14085477590560913
150,0.06292795389890671
151,0.08098477125167847
152,0.05490018054842949
153,0.058871667832136154
154,0.055040787905454636
155,0.04179359972476959
156,0.03933374583721161
157,0.04458336532115936
158,0.053573183715343475
159,0.05572269484400749
160,0.06643705070018768
161,0.06104561686515808
162,0.08084796369075775
163,0.029856577515602112
164,0.1642599254846573
165,0.09167177975177765
166,0.09915246814489365
167,0.12004724144935608
168,0.041300296783447266
169,0.10356777906417847
170,0.03188612312078476
171,0.061400555074214935
172,0.05092325061559677
173,0.13189466297626495
174,0.12703606486320496
175,0.13747012615203857
176,0.08328893780708313
177,0.06676488369703293
178,0.020525498315691948
179,0.0693020448088646
180,0.10556664317846298
181,0.10663503408432007
182,0.05026160925626755
183,0.04980035871267319
184,0.2070867419242859
185,0.0622803196310997
186,0.06053248792886734
187,0.06509612500667572
188,0.04678353667259216
189,0.042495593428611755
190,0.18445560336112976
191,0.08803768455982208
192,0.10576921701431274
193,0.06106468290090561
194,0.14540022611618042
195,0.06788167357444763
196,0.05679655075073242
197,0.04786510765552521
198,0.0805305615067482
199,0.12088608741760254
200,0.13868296146392822
201,0.09458252042531967
202,0.0509527325630188
203,0.2779006361961365
204,0.10430120676755905
205,0.04677528142929077
206,0.04798975586891174
207,0.06231677532196045
208,0.07742613554000854
209,0.04584100842475891
210,0.20928511023521423
211,0.09707397222518921
212,0.11004136502742767
213,0.11041751503944397
214,0.08106261491775513
215,0.10270905494689941
216,0.04841988533735275
217,0.0434042364358902
218,0.05217539519071579
219,0.05160060152411461
220,0.04481111094355583
221,0.054124098271131516
222,0.07373111695051193
223,0.24074921011924744
224,0.1689664125442505
225,0.06575766205787659
226,0.13063815236091614
227,0.07065187394618988
228,0.11576425284147263
229,0.11649982631206512
230,0.15082721412181854
231,0.07340241968631744
232,0.17055432498455048
233,0.15619789063930511
234,0.05946510285139084
235,0.09396656602621078
236,0.03137689456343651
237,0.07131315767765045
238,0.10970538854598999
239,0.08016034215688705
240,0.051459889858961105
241,0.09448885917663574
242,0.05787573382258415
243,0.07062232494354248
244,0.2112167328596115
245,0.04579439386725426
246,0.1088247150182724
247,0.10883357375860214
248,0.057506173849105835
249,0.061472803354263306
250,0.07670558989048004
251,0.0788983553647995
252,0.07882621884346008
253,0.05239061638712883
254,0.04043718799948692
255,0.10359565913677216
256,0.05362573266029358
257,0.047602515667676926
258,0.1348973661661148
259,0.03768334165215492
260,0.03276900202035904
261,0.06393831223249435
262,0.12272446602582932
263,0.15159614384174347
264,0.06884893774986267
265,0.04382724687457085
266,0.12257431447505951
267,0.07648523151874542
268,0.079847052693367
269,0.034610893577337265
270,0.09330751746892929
271,0.1217389702796936
272,0.05474023148417473
273,0.029943091794848442
274,0.08150367438793182
275,0.0703217014670372
276,0.08983369171619415
277,0.104945108294487
278,0.11542241275310516
279,0.08529548346996307
280,0.06798361241817474
281,0.1350117176771164
282,0.08430193364620209
283,0.033187784254550934
284,0.05066794157028198
285,0.0825023353099823
286,0.10973973572254181
287,0.045369021594524384
288,0.09661209583282471
289,0.05875697731971741
290,0.03812333196401596
291,0.12699106335639954
292,0.15939661860466003
293,0.10825282335281372
294,0.08688901364803314
295,0.11648815870285034
296,0.1701469123363495
297,0.07561685889959335
298,0.09146519750356674
299,0.05078171193599701
300,0.14785060286521912
301,0.05377773195505142
302,0.11666029691696167
303,0.1373404860496521
304,0.0660921111702919
305,0.08515986055135727
306,0.045024048537015915
307,0.07179325073957443
308,0.03937680646777153
309,0.09379784762859344
310,0.049935951828956604
311,0.12244325131177902
312,0.14584165811538696
313,0.07020837068557739
314,0.05626057833433151
315,0.052627962082624435
316,0.10959982126951218
317,0.1157243475317955
318,0.08395002782344818
319,0.08767803013324738
320,0.0741080790758133
321,0.13832199573516846
322,0.04210619628429413
323,0.061449434608221054
324,0.16302721202373505
325,0.17937541007995605
326,0.056572407484054565
327,0.09762661904096603
328,0.12319192290306091
329,0.06596958637237549
330,0.09931286424398422
331,0.06815548986196518
332,0.07286706566810608
333,0.08004797995090485
334,0.04397640749812126
335,0.0284709595143795
336,0.03637564927339554
337,0.07845358550548553
338,0.05867018550634384
339,0.07599911838769913
340,0.03542967885732651
341,0.13293813169002533
342,0.04978341609239578
343,0.16120415925979614
344,0.07388344407081604
345,0.08134394884109497
346,0.09741513431072235
347,0.06759965419769287
348,0.07450338453054428
349,0.11096267402172089
350,0.06671600788831711
351,0.05759492516517639
352,0.05245295912027359
353,0.06081772595643997
354,0.053939610719680786
355,0.06858883798122406
356,0.08951699733734131
357,0.10604465007781982
358,0.07606571912765503
359,0.048335038125514984
360,0.02921920083463192
361,0.04736801236867905
362,0.0662788450717926
363,0.12548519670963287
364,0.10207834094762802
365,0.09154389798641205
366,0.12751281261444092
367,0.08192265033721924
368,0.07866474241018295
369,0.03839650750160217
370,0.08972318470478058
371,0.050457119941711426
372,0.03489409014582634
373,0.13931825757026672
374,0.08993547409772873
375,0.05698319524526596
376,0.06169375032186508
377,0.054088663309812546
378,0.1186366006731987
379,0.09078998863697052
380,0.04629625380039215
381,0.046616923063993454
382,0.10083272308111191
383,0.049257807433605194
384,0.1989971101284027
385,0.10711385309696198
386,0.06514723598957062
387,0.024498602375388145
388,0.11678817123174667
389,0.07359467446804047
390,0.05804352089762688
391,0.11244630813598633
392,0.04572535678744316
393,0.06982745975255966
394,0.08630895614624023
395,0.0918198674917221
396,0.13883227109909058
397,0.08114634454250336
398,0.037373125553131104
399,0.04482879489660263
400,0.09363321959972382
401,0.10278467833995819
402,0.09410425275564194
403,0.1356177181005478
404,0.1142827570438385
405,0.11963849514722824
406,0.1423780769109726
407,0.1006704792380333
408,0.05862995237112045
409,0.10110150277614594
410,0.06957964599132538
411,0.047593854367733
412,0.0851348266005516
413,0.027335843071341515
414,0.11182096600532532
415,0.04202995449304581
416,0.029706960543990135
417,0.07216807454824448
418,0.10810341686010361
419,0.04062218219041824
420,0.09544739127159119
421,0.035808250308036804
422,0.09607037156820297
423,0.1175597608089447
424,0.058164916932582855
425,0.0697208121418953
426,0.033749040216207504
427,0.08366894721984863
428,0.10195785760879517
429,0.05589766427874565
430,0.05835220217704773
431,0.04687274247407913
432,0.10620492696762085
433,0.06010528653860092
434,0.045961882919073105
435,0.09833323955535889
436,0.045807771384716034
437,0.054381322115659714
438,0.11589042842388153
439,0.04003962129354477
440,0.06009325012564659
441,0.06123247742652893
442,0.10680194944143295
443,0.11654794216156006
444,0.050505053251981735
445,0.08770760893821716
446,0.05880042165517807
447,0.08837005496025085
448,0.20210373401641846
449,0.06016530841588974
450,0.10445988178253174
451,0.04978043958544731
452,0.06653355062007904
453,0.14637070894241333
454,0.14935652911663055
455,0.0825846791267395
456,0.053478606045246124
457,0.044499363750219345
458,0.09758667647838593
459,0.07212093472480774
460,0.047151993960142136
461,0.05196204036474228
462,0.15302921831607819
463,0.10812254250049591
464,0.08153589814901352
465,0.07067307084798813
466,0.032534509897232056
467,0.038986388593912125
468,0.03784395381808281
469,0.14017856121063232
470,0.053428590297698975
471,0.13835208117961884
472,0.049016550183296204
473,0.02864997088909149
474,0.07530776411294937
475,0.11233146488666534
476,0.09361724555492401
477,0.033054620027542114
478,0.053482405841350555
479,0.0677827000617981
480,0.14442043006420135
481,0.0807785838842392
482,0.10068382322788239
483,0.06940925866365433
484,0.08771206438541412
485,0.07427078485488892
486,0.09543731808662415
487,0.09081000089645386
488,0.04089972376823425
489,0.12689070403575897
490,0.16573701798915863
491,0.06510426849126816
492,0.13478505611419678
493,0.1057066023349762
494,0.04247787594795227
495,0.042531006038188934
496,0.041858043521642685
497,0.06491290032863617
498,0.06330560147762299
499,0.049778640270233154
500,0.08517041057348251
501,0.11170457303524017
502,0.05495637282729149
503,0.140444815158844
504,0.07310919463634491
505,0.047646455466747284
506,0.05697312206029892
507,0.13111355900764465
508,0.05002319812774658
509,0.0787755697965622
510,0.11043748259544373
511,0.22387391328811646
512,0.01758543960750103
513,0.05919308960437775
514,0.102425716817379
515,0.13558876514434814
516,0.029876887798309326
517,0.04840002581477165
518,0.07186802476644516
519,0.09161823987960815
520,0.03294003754854202
521,0.1173093169927597
522,0.026335589587688446
523,0.1279781311750412
524,0.05747618526220322
525,0.042210739105939865
526,0.12233826518058777
527,0.06619033217430115
528,0.029631515964865685
529,0.021412551403045654
530,0.11243348568677902
531,0.20352093875408173
532,0.11895199865102768
533,0.07452474534511566
534,0.04092281311750412
535,0.09670116007328033
536,0.10279029607772827
537,0.03869163617491722
538,0.16761291027069092
539,0.24743568897247314
540,0.09658243507146835
541,0.09004978835582733
542,0.03819640725851059
543,0.058679841458797455
544,0.0604286789894104
545,0.08374129235744476
546,0.10526465624570847
547,0.13607263565063477
548,0.08241260051727295
549,0.09342261403799057
550,0.03983307257294655
551,0.04621630534529686
552,0.09690608829259872
553,0.08040156215429306
554,0.15170465409755707
555,0.051262181252241135
556,0.13265863060951233
557,0.02873704954981804
558,0.11916142702102661
559,0.0561249665915966
560,0.08961977064609528
561,0.08007296919822693
562,0.06876915693283081
563,0.08407863229513168
564,0.11474846303462982
565,0.07791905105113983
566,0.08947941660881042
567,0.12753735482692719
568,0.13241633772850037
569,0.04247881472110748
570,0.04497798532247543
571,0.028740838170051575
572,0.07457266747951508
573,0.048551350831985474
574,0.11306741088628769
575,0.1385979950428009
576,0.12244522571563721
577,0.1061038225889206
578,0.09787867963314056
579,0.10855235159397125
580,0.04425754398107529
581,0.07054858654737473
582,0.026030022650957108
583,0.0758950263261795
584,0.18532738089561462
585,0.05790606141090393
586,0.04757142812013626
587,0.04555217921733856
588,0.06305363029241562
589,0.07248683273792267
590,0.07488063722848892
591,0.11226485669612885
592,0.06393186002969742
593,0.10409790277481079
594,0.09198302030563354
595,0.04876156896352768
596,0.030520901083946228
597,0.10520680993795395
598,0.06993851065635681
599,0.05629020184278488
600,0.11401190608739853
601,0.09503539651632309
602,0.08907419443130493
603,0.09760482609272003
604,0.042638372629880905
605,0.08966028690338135
606,0.0550006739795208
607,0.064289391040802
608,0.09517151117324829
609,0.042373236268758774
610,0.0247880257666111
611,0.14217112958431244
612,0.1648733913898468
613,0.1196732372045517
614,0.05375172942876816
615,0.14615628123283386
616,0.03944946825504303
617,0.16587479412555695
618,0.09627193212509155
619,0.11764754354953766
620,0.06323220580816269
621,0.11194811761379242
622,0.07928314805030823
623,0.09498577564954758
624,0.06477850675582886
625,0.07813854515552521
626,0.07053577154874802
627,0.055962782353162766
628,0.05221788212656975
629,0.09147746860980988
630,0.08577442169189453
631,0.15114742517471313
632,0.13105468451976776
633,0.07825542986392975
634,0.04558449238538742
635,0.09819751977920532
636,0.04970259591937065
637,0.10318623483181
638,0.08227276802062988
639,0.26311713457107544
640,0.1287054717540741
641,0.11316639184951782
642,0.09962131828069687
643,0.047280244529247284
644,0.08164665102958679
645,0.05285583436489105
646,0.05534280091524124
647,0.08895924687385559
648,0.0710807591676712
649,0.1635269671678543
650,0.07202265411615372
651,0.04343793913722038
652,0.11145959794521332
653,0.12106560170650482
654,0.1980694979429245
655,0.06934858858585358
656,0.035124704241752625
657,0.09440626949071884
658,0.0983617901802063
659,0.016079988330602646
660,0.04142021760344505
661,0.05412263795733452
662,0.12190904468297958
663,0.10113818943500519
664,0.05236031860113144
665,0.08243178576231003
666,0.0836048349738121
667,0.07435876131057739
668,0.10783995687961578
669,0.04400867968797684
670,0.05926384776830673
671,0.10020717233419418
672,0.07528176158666611
673,0.14620575308799744
674,0.08407597243785858
675,0.1369388997554779
676,0.05620875954627991
677,0.03204268217086792
678,0.03273623436689377
679,0.06359005719423294
680,0.09462451934814453
681,0.2581802308559418
682,0.12923523783683777
683,0.060362301766872406
684,0.09508757293224335
685,0.1403847336769104
686,0.025553565472364426
687,0.05838879942893982
688,0.04100508242845535
689,0.016824671998620033
690,0.117137610912323
691,0.08182433247566223
692,0.05824253708124161
693,0.04504834860563278
694,0.1007189154624939
695,0.04429774731397629
696,0.06805618107318878
697,0.0947609543800354
698,0.06081944704055786
699,0.12655046582221985
700,0.13179366290569305
701,0.0694289430975914
702,0.08136335015296936
703,0.07764701545238495
704,0.03903668001294136
705,0.16704878211021423
706,0.13882875442504883
707,0.06513752043247223
708,0.09103884547948837
709,0.04899361729621887
710,0.09229682385921478
711,0.04144620522856712
712,0.14093247056007385
713,0.09304618835449219
714,0.04850431904196739
715,0.10612761229276657
716,0.1165628656744957
717,0.1229385957121849
718,0.03152087330818176
719,0.1278231143951416
720,0.049505721777677536
721,0.0853627547621727
722,0.05070037767291069
723,0.11759181320667267
724,0.07504384219646454
725,0.06857545673847198
726,0.04636983573436737
727,0.05842865630984306
728,0.06591594964265823
729,0.09740100800991058
730,0.04572725296020508
731,0.06452023983001709
732,0.06225799769163132
733,0.042477305978536606
734,0.08288062363862991
735,0.07764382660388947
736,0.05744469165802002
737,0.09373205155134201
738,0.0809297263622284
739,0.14206461608409882
740,0.08759703487157822
741,0.07673579454421997
742,0.1642310619354248
743,0.041248247027397156
744,0.09684932231903076
745,0.12608718872070312
746,0.12662282586097717
747,0.06498531997203827
748,0.05777086317539215
749,0.12630650401115417
750,0.05146511644124985
751,0.05239064618945122
752,0.05328516289591789
753,0.06629796326160431
754,0.03467937186360359
755,0.13614940643310547
756,0.06313180178403854
757,0.04444148391485214
758,0.15295785665512085
759,0.08760418742895126
760,0.15651443600654602
761,0.052009567618370056
762,0.11039499938488007
763,0.09255008399486542
764,0.03829590231180191
765,0.03253568708896637
766,0.09345459938049316
767,0.10114648193120956
768,0.06721287965774536
769,0.09239508211612701
770,0.06502354145050049
771,0.04848192632198334
772,0.07875748723745346
773,0.11037950217723846
774,0.12666049599647522
775,0.07639583200216293
776,0.02333999052643776
777,0.08803524076938629
778,0.08491870760917664
779,0.08950440585613251
780,0.05182425677776337
781,0.058047693222761154
782,0.07414045929908752
783,0.03944150730967522
784,0.03419237583875656
785,0.06142351031303406
786,0.15666525065898895
787,0.05789455026388168
788,0.06731726229190826
789,0.05565259978175163
790,0.19502800703048706
791,0.025035526603460312
792,0.056909963488578796
793,0.0752481147646904
794,0.0934695228934288
795,0.1408044993877411
796,0.19940213859081268
797,0.045045118778944016
798,0.042989470064640045
799,0.06856866925954819
800,0.06874290108680725
801,0.20268699526786804
802,0.10185889899730682
803,0.18641118705272675
804,0.07545780390501022
805,0.17175434529781342
806,0.0888289213180542
807,0.06229714676737785
808,0.11836159229278564
809,0.04066333919763565
810,0.06318120658397675
811,0.09946238249540329
812,0.08220884203910828
813,0.07089395821094513
814,0.12860417366027832
815,0.06263348460197449
816,0.12339268624782562
817,0.08592670410871506
818,0.04213818907737732
819,0.03554148226976395
820,0.072613924741745
821,0.1842399686574936
822,0.1052291989326477
823,0.106983982026577
824,0.10947172343730927
825,0.06832358241081238
826,0.0699593722820282
827,0.06550836563110352
828,0.05855604261159897
829,0.18556928634643555
830,0.04630310833454132
831,0.20909085869789124
832,0.05270951986312866
833,0.1262553334236145
834,0.0703345388174057
835,0.0855058878660202
836,0.1889907568693161
837,0.11521296948194504
838,0.06260818988084793
839,0.10550770163536072
840,0.018649786710739136
841,0.08943235874176025
842,0.044327132403850555
843,0.07597534358501434
844,0.09839162230491638
845,0.04703044891357422
846,0.12897489964962006
847,0.07274694740772247
848,0.1453518271446228
849,0.09317626059055328
850,0.16531309485435486
851,0.07943202555179596
852,0.09801219403743744
853,0.06915314495563507
854,0.12789778411388397
855,0.05447785183787346
856,0.0652104914188385
857,0.03218955546617508
858,0.1604512333869934
859,0.051332034170627594
860,0.09199994802474976
861,0.07662563771009445
862,0.04698588699102402
863,0.06345757097005844
864,0.10847477614879608
865,0.06694117188453674
866,0.05778537318110466
867,0.31435608863830566
868,0.1025078147649765
869,0.07524202764034271
870,0.10545602440834045
871,0.08269554376602173
872,0.14696377515792847
873,0.07921333611011505
874,0.050014302134513855
875,0.06693783402442932
876,0.08858001232147217
877,0.09500103443861008
878,0.0444936566054821
879,0.038400255143642426
880,0.08267465233802795
881,0.07985285669565201
882,0.08204221725463867
883,0.0779295265674591
884,0.06831276416778564
885,0.025303399190306664
886,0.05054647848010063
887,0.04262023791670799
888,0.11814752221107483
889,0.09416796267032623
890,0.13254858553409576
891,0.036713890731334686
892,0.1274150311946869
893,0.067679762840271
894,0.05237729474902153
895,0.17969517409801483
896,0.07042278349399567
897,0.11826896667480469
898,0.055454984307289124
899,0.05946364998817444
900,0.038441695272922516
901,0.06789248436689377
902,0.23630964756011963
903,0.09910999238491058
904,0.06271307170391083
905,0.08535391092300415
906,0.1688174456357956
907,0.0838916003704071
908,0.05096791312098503
909,0.04388163238763809
910,0.05331456661224365
911,0.03768100589513779
912,0.1458616554737091
913,0.04344077408313751
914,0.04989981651306152
915,0.032911516726017
916,0.03627246618270874
917,0.05933365225791931
918,0.13329413533210754
919,0.03346240147948265
920,0.08400412648916245
921,0.04950357601046562
922,0.08692288398742676
923,0.08142735064029694
924,0.09297619760036469
925,0.06535197794437408
926,0.06955008208751678
927,0.05469799041748047
928,0.05489012598991394
929,0.03089066408574581
930,0.1948218047618866
931,0.07890788465738297
932,0.08309978246688843
933,0.1412906050682068
934,0.07748737931251526
935,0.06663481891155243
936,0.11314345896244049
937,0.06834258139133453
938,0.07281117886304855
939,0.11302830278873444
940,0.15213656425476074
941,0.08437880128622055
942,0.06517307460308075
943,0.10000190138816833
944,0.14758449792861938
945,0.07554025202989578
946,0.11898666620254517
947,0.11390376091003418
948,0.05360934138298035
949,0.14427582919597626
950,0.11076688766479492
951,0.04589458554983139
952,0.04543250426650047
953,0.07932806015014648
954,0.1376580446958542
955,0.117050401866436
956,0.031744398176670074
957,0.06954558193683624
958,0.05166242644190788
959,0.05121036618947983
960,0.11829312890768051
961,0.045296650379896164
962,0.05955471098423004
963,0.056450389325618744
964,0.05381382629275322
965,0.06862497329711914
966,0.06692973524332047
967,0.11153993010520935
968,0.07667142152786255
969,0.050417255610227585
970,0.2152940332889557
971,0.15485844016075134
972,0.15961244702339172
973,0.10980400443077087
974,0.15018931031227112
975,0.06018075346946716
976,0.11736329644918442
977,0.05466718226671219
978,0.09384050965309143
979,0.08712106943130493
980,0.04592427611351013
981,0.05728501081466675
982,0.08248621970415115
983,0.10512122511863708
984,0.23431313037872314
985,0.03830326721072197
986,0.02923481911420822
987,0.06168472766876221
988,0.09659610688686371
989,0.041646819561719894
990,0.07813867926597595
991,0.08458209037780762
992,0.13015270233154297
993,0.059728145599365234
994,0.13915908336639404
995,0.11753338575363159
996,0.07478274405002594
997,0.0858611986041069
998,0.06203387305140495
999,0.1254294067621231
1000,0.13840444386005402
1001,0.04826418682932854
1002,0.111456498503685
1003,0.061971865594387054
1004,0.044080451130867004
1005,0.03573472052812576
1006,0.05907195806503296
1007,0.06586110591888428
1008,0.06984543800354004
1009,0.1578923463821411
1010,0.01391313225030899
1011,0.04481836408376694
1012,0.04500506445765495
1013,0.11221611499786377
1014,0.1412067860364914
1015,0.3060082197189331
1016,0.06350257992744446
1017,0.1296953409910202
1018,0.05930650234222412
1019,0.08606891334056854
1020,0.06630739569664001
1021,0.06227327138185501
1022,0.05670046806335449
1023,0.09564753621816635
1024,0.01953081414103508
1025,0.07823726534843445
1026,0.06328010559082031
1027,0.1646079421043396
1028,0.10268737375736237
1029,0.05637630447745323
1030,0.0683281198143959
1031,0.15494847297668457
1032,0.13645267486572266
1033,0.09728623926639557
1034,0.13800010085105896
1035,0.08602293580770493
1036,0.10363795608282089
1037,0.053487978875637054
1038,0.08574695885181427
1039,0.11215250194072723
1040,0.04964127391576767
1041,0.09953232854604721
1042,0.1673462688922882
1043,0.05825435370206833
1044,0.11364224553108215
1045,0.07196271419525146
1046,0.10758239030838013
1047,0.15835492312908173
1048,0.0345861054956913
1049,0.06402043998241425
1050,0.08619232475757599
1051,0.07940955460071564
1052,0.0557195246219635
1053,0.08222252130508423
1054,0.052061766386032104
1055,0.0900379940867424
1056,0.04440087080001831
1057,0.05574383586645126
1058,0.08640609681606293
1059,0.11793829500675201
1060,0.08413215726613998
1061,0.07312580198049545
1062,0.05771404504776001
1063,0.06696688383817673
1064,0.04865606129169464
1065,0.03936333209276199
1066,0.08725164830684662
1067,0.10476702451705933
1068,0.06279247254133224
1069,0.030970264226198196
1070,0.07386082410812378
1071,0.08622720092535019
1072,0.16149955987930298
1073,0.08500498533248901
1074,0.12841883301734924
1075,0.08210507035255432
1076,0.04079366847872734
1077,0.061125971376895905
1078,0.07636319845914841
1079,0.10051444172859192
1080,0.12301813811063766
1081,0.04220891743898392
1082,0.060850437730550766
1083,0.05345742031931877
1084,0.09079371392726898
1085,0.07525181025266647
1086,0.04562659561634064
1087,0.012549512088298798
1088,0.052570413798093796
1089,0.05783820152282715
1090,0.04876689240336418
1091,0.13583867251873016
1092,0.02775786817073822
1093,0.07775384187698364
1094,0.1079893410205841
1095,0.10714041441679001
1096,0.04434172064065933
1097,0.1498579978942871
1098,0.106454037129879
1099,0.130146786570549
1100,0.06881563365459442
1101,0.22140833735466003
1102,0.07074879854917526
1103,0.09148257225751877
1104,0.07117574661970139
1105,0.09343709796667099
1106,0.07281795144081116
1107,0.06928999722003937
1108,0.12078707665205002
1109,0.15457937121391296
1110,0.10859405249357224
1111,0.05230098217725754
1112,0.09860871732234955
1113,0.07033413648605347
1114,0.038272202014923096
1115,0.05762714892625809
1116,0.11412479728460312
1117,0.05656891316175461
1118,0.1542069911956787
1119,0.09780895709991455
1120,0.06112682819366455
1121,0.10679394006729126
1122,0.04099523276090622
1123,0.07482537627220154
1124,0.05062514543533325
1125,0.0651201605796814
1126,0.19287598133087158
1127,0.041328635066747665
1128,0.06140019744634628
1129,0.14104554057121277
1130,0.050108738243579865
1131,0.11150866001844406
1132,0.030674751847982407
1133,0.12375196069478989
1134,0.13262364268302917
1135,0.06297358125448227
1136,0.04849229007959366
1137,0.02565038576722145
1138,0.19079254567623138
1139,0.06320923566818237
1140,0.06982553005218506
1141,0.07626407593488693
1142,0.0750056728720665
1143,0.06666114926338196
1144,0.11210634559392929
1145,0.1555144488811493
1146,0.09980594366788864
1147,0.04837414622306824
1148,0.09765267372131348
1149,0.03183642774820328
1150,0.05867378041148186
1151,0.10725432634353638
1152,0.05205606669187546
1153,0.06591944396495819
1154,0.12583404779434204
1155,0.035458557307720184
1156,0.14987441897392273
1157,0.0750294178724289
1158,0.043350450694561005
1159,0.05555678531527519
1160,0.1949504017829895
1161,0.11122439801692963
1162,0.054434649646282196
1163,0.05178022384643555
1164,0.035643868148326874
1165,0.0678367167711258
1166,0.08536579459905624
1167,0.13211068511009216
1168,0.03193419426679611
1169,0.1203995794057846
1170,0.07372070848941803
1171,0.06517869234085083
1172,0.0872458964586258
1173,0.09511222690343857
1174,0.061016254127025604
1175,0.043206922709941864
1176,0.12809552252292633
1177,0.13145491480827332
1178,0.10612979531288147
1179,0.18179184198379517
1180,0.13231870532035828
1181,0.07497140020132065
1182,0.04728412628173828
1183,0.1228041872382164
1184,0.07271616160869598
1185,0.03457941859960556
1186,0.06423601508140564
1187,0.03913181647658348
1188,0.1481822282075882
1189,0.10363179445266724
1190,0.1071888655424118
1191,0.08086952567100525
1192,0.07821248471736908
1193,0.11564946174621582
1194,0.12378768622875214
1195,0.033093392848968506
1196,0.06853591650724411
1197,0.052238672971725464
1198,0.061910271644592285
1199,0.039119139313697815
1200,0.1999061107635498
1201,0.06635769456624985
1202,0.07790522277355194
1203,0.13200923800468445
1204,0.05152948945760727
1205,0.02212616801261902
1206,0.22568297386169434
1207,0.07095783203840256
1208,0.03693895414471626
1209,0.045666128396987915
1210,0.03469130024313927
1211,0.13178406655788422
1212,0.11029990017414093
1213,0.07366558164358139
1214,0.10326068103313446
1215,0.07017683237791061
1216,0.03356645256280899
1217,0.06341762840747833
1218,0.04743482917547226
1219,0.062191374599933624
1220,0.07860507071018219
1221,0.10591393709182739
1222,0.1619017869234085
1223,0.10037549585103989
1224,0.12375116348266602
1225,0.08704635500907898
1226,0.1145956739783287
1227,0.05093569681048393
1228,0.09737487137317657
1229,0.06250600516796112
1230,0.1892291009426117
1231,0.059780001640319824
1232,0.04686923325061798
1233,0.17436441779136658
1234,0.03781704604625702
1235,0.06912204623222351
1236,0.05368063971400261
1237,0.10711824893951416
1238,0.14572963118553162
1239,0.15586590766906738
1240,0.19537989795207977
1241,0.06124235317111015
1242,0.1402304470539093
1243,0.10736670345067978
1244,0.06170083209872246
1245,0.06728459894657135
1246,0.06057289242744446
1247,0.055026911199092865
1248,0.05976589024066925
1249,0.10957096517086029
1250,0.0539742037653923
1251,0.07248100638389587
1252,0.05017551779747009
1253,0.07442429661750793
1254,0.0644187331199646
1255,0.05480027198791504
1256,0.12443119287490845
1257,0.06465324759483337
1258,0.04945638030767441
1259,0.129614919424057
1260,0.0499400794506073
1261,0.14876680076122284
1262,0.042826905846595764
1263,0.14720937609672546
1264,0.02915886789560318
1265,0.03800240904092789
1266,0.029745405539870262
1267,0.09000905603170395
1268,0.031855225563049316
1269,0.0604264959692955
1270,0.11127536743879318
1271,0.08063023537397385
1272,0.0678296685218811
1273,0.08785566687583923
1274,0.03932429105043411
1275,0.08279616385698318
1276,0.035651352256536484
1277,0.09705851972103119
1278,0.033354759216308594
1279,0.1333961933851242
1280,0.06259889900684357
1281,0.0758761316537857
1282,0.01597278192639351
1283,0.04381502419710159
1284,0.034407928586006165
1285,0.05364447832107544
1286,0.08141831308603287
1287,0.10451909154653549
1288,0.1117880567908287
1289,0.049916427582502365
1290,0.07186076045036316
1291,0.09659167379140854
1292,0.1473166048526764
1293,0.08826766908168793
1294,0.0956634134054184
1295,0.02858303114771843
1296,0.10664749145507812
1297,0.06320387125015259
1298,0.1108962893486023
1299,0.13284379243850708
1300,0.08289175480604172
1301,0.03282131999731064
1302,0.13814646005630493
1303,0.02468513511121273
1304,0.09676909446716309
1305,0.03790617734193802
1306,0.11447526514530182
1307,0.1384386122226715
1308,0.04264005273580551
1309,0.17196422815322876
1310,0.0807681530714035
1311,0.11625061929225922
1312,0.13143859803676605
1313,0.08409367501735687
1314,0.08150207996368408
1315,0.0804678201675415
1316,0.05105990171432495
1317,0.027821552008390427
1318,0.1015796884894371
1319,0.05366496369242668
1320,0.04741799831390381
1321,0.09653924405574799
1322,0.07138057798147202
1323,0.07350562512874603
1324,0.08104673027992249
1325,0.06622413545846939
1326,0.11342477798461914
1327,0.08184990286827087
1328,0.15279880166053772
1329,0.05564240738749504
1330,0.06446598470211029
1331,0.06205321103334427
1332,0.022140469402074814
1333,0.07550908625125885
1334,0.11952029168605804
1335,0.08107372373342514
1336,0.07555598020553589
1337,0.15385082364082336
1338,0.05166126415133476
1339,0.08624331653118134
1340,0.14315402507781982
1341,0.17144560813903809
1342,0.168374165892601
1343,0.21913817524909973
1344,0.0702243372797966
1345,0.05805898457765579
1346,0.06245938688516617
1347,0.07539945840835571
1348,0.08485277742147446
1349,0.025718798860907555
1350,0.08992916345596313
1351,0.03642374277114868
1352,0.156179279088974
1353,0.08587819337844849
1354,0.1822555512189865
1355,0.08693191409111023
1356,0.10939842462539673
1357,0.020308809354901314
1358,0.09675292670726776
1359,0.06511381268501282
1360,0.15004341304302216
1361,0.0648529976606369
1362,0.01916482113301754
1363,0.047271378338336945
1364,0.05967819318175316
1365,0.04375460743904114
1366,0.13463382422924042
1367,0.0560186430811882
1368,0.17284858226776123
1369,0.03747512400150299
1370,0.07221116125583649
1371,0.06135571002960205
1372,0.1043684333562851
1373,0.06407809257507324
1374,0.11432185024023056
1375,0.07040618360042572
1376,0.18848654627799988
1377,0.05558664724230766
1378,0.02963690273463726
1379,0.05002642795443535
1380,0.15104573965072632
1381,0.1265256255865097
1382,0.08575920760631561
1383,0.07267347723245621
1384,0.09304492175579071
1385,0.05097302049398422
1386,0.11913315951824188
1387,0.09861481189727783
1388,0.06619429588317871
1389,0.05130194127559662
1390,0.05206022784113884
1391,0.10187175124883652
1392,0.12507152557373047
1393,0.050110917538404465
1394,0.045272331684827805
1395,0.13022568821907043
1396,0.04796057567000389
1397,0.14506873488426208
1398,0.08083097636699677
1399,0.12258967757225037
1400,0.02283657155930996
1401,0.05125077813863754
1402,0.11888953298330307
1403,0.07215486466884613
1404,0.08073389530181885
1405,0.04757317900657654
1406,0.1285725086927414
1407,0.15974505245685577
1408,0.05583294853568077
1409,0.08996382355690002
1410,0.06433817744255066
1411,0.08651904761791229
1412,0.03977061063051224
1413,0.13095268607139587
1414,0.09849727153778076
1415,0.0512499064207077
1416,0.05238223075866699
1417,0.09449762105941772
1418,0.07401993125677109
1419,0.033669427037239075
1420,0.19208931922912598
1421,0.06693979352712631
1422,0.14022940397262573
1423,0.05501294136047363
1424,0.06415204703807831
1425,0.092851921916008
1426,0.07147573679685593
1427,0.05014873296022415
1428,0.08029031753540039
1429,0.10508259385824203
1430,0.08654286712408066
1431,0.03243297338485718
1432,0.06479424238204956
1433,0.05551533028483391
1434,0.041358038783073425
1435,0.10988601297140121
1436,0.13351383805274963
1437,0.13494303822517395
1438,0.023816660046577454
1439,0.10147540271282196
1440,0.0413004569709301
1441,0.10376022756099701
1442,0.09957291185855865
1443,0.03575462847948074
1444,0.09729882329702377
1445,0.09835290908813477
1446,0.1415369212627411
1447,0.029341500252485275
1448,0.07757748663425446
1449,0.1069193109869957
1450,0.07331375032663345
1451,0.07843832671642303
1452,0.09872296452522278
1453,0.04577597230672836
1454,0.05901077389717102
1455,0.10169202089309692
1456,0.03740017116069794
1457,0.1346806287765503
1458,0.15165631473064423
1459,0.055728375911712646
1460,0.03261386603116989
1461,0.06495354324579239
1462,0.05613444373011589
1463,0.10819898545742035
1464,0.06726425141096115
1465,0.060597699135541916
1466,0.061755742877721786
1467,0.06359326839447021
1468,0.09677314013242722
1469,0.11731813848018646
1470,0.0879371166229248
1471,0.059573061764240265
1472,0.04864586517214775
1473,0.051903437823057175
1474,0.07166728377342224
1475,0.11230094730854034
1476,0.08077467978000641
1477,0.13263067603111267
1478,0.10765999555587769
1479,0.0694657489657402
1480,0.097982257604599
1481,0.054688647389411926
1482,0.054761894047260284
1483,0.042018622159957886
1484,0.12862321734428406
1485,0.052258145064115524
1486,0.08796294033527374
1487,0.0857643187046051
1488,0.04325192794203758
1489,0.06778838485479355
1490,0.0392906628549099
1491,0.10932444036006927
1492,0.07296624779701233
1493,0.08036114275455475
1494,0.039537351578474045
1495,0.07250699400901794
1496,0.09661579132080078
1497,0.05598058924078941
1498,0.1505083441734314
1499,0.11290647834539413
1500,0.12584498524665833
1501,0.12433654069900513
1502,0.08849184960126877
1503,0.08372043818235397
1504,0.04836268350481987
1505,0.058704834431409836
1506,0.11302471160888672
1507,0.19458720088005066
1508,0.03800129145383835
1509,0.03809930384159088
1510,0.11444388329982758
1511,0.07973785698413849
1512,0.06911587715148926
1513,0.06953127682209015
1514,0.11294287443161011
1515,0.03870828077197075
1516,0.11481484025716782
1517,0.10344873368740082
1518,0.09123015403747559
1519,0.06571601331233978
1520,0.032361894845962524
1521,0.08676552772521973
1522,0.07173098623752594
1523,0.07017232477664948
1524,0.09757622331380844
1525,0.08322655409574509
1526,0.11652051657438278
1527,0.07301293313503265
1528,0.12123095989227295
1529,0.07152895629405975
1530,0.04669683426618576
1531,0.045910149812698364
1532,0.08373363316059113
1533,0.06159641966223717
1534,0.08709464967250824
1535,0.12584887444972992
1536,0.1813759058713913
1537,0.05201698839664459
1538,0.07772983610630035
1539,0.07681457698345184
1540,0.054783135652542114
1541,0.03888746351003647
1542,0.03794321045279503
1543,0.18970727920532227
1544,0.11157183349132538
1545,0.042612701654434204
1546,0.037345170974731445
1547,0.09901708364486694
1548,0.14571812748908997
1549,0.1625451296567917
1550,0.09076765179634094
1551,0.055082231760025024
1552,0.08941608667373657
1553,0.09427019953727722
1554,0.12187546491622925
1555,0.08347122371196747
1556,0.12015627324581146
1557,0.09056877344846725
1558,0.04461520537734032
1559,0.04069721698760986
1560,0.19994807243347168
1561,0.1376873105764389
1562,0.049865901470184326
1563,0.10642771422863007
1564,0.06271828711032867
1565,0.1069951057434082
1566,0.027207136154174805
1567,0.05952092632651329
1568,0.05943412706255913
1569,0.0365573987364769
1570,0.14794757962226868
1571,0.04421910271048546
1572,0.10667409747838974
1573,0.048251520842313766
1574,0.08837830275297165
1575,0.06999969482421875
1576,0.06826223433017731
1577,0.11602719128131866
1578,0.09600090235471725
1579,0.05308566614985466
1580,0.032174818217754364
1581,0.20860324800014496
1582,0.03425459563732147
1583,0.05145590007305145
1584,0.13010583817958832
1585,0.10647120326757431
1586,0.11624202132225037
1587,0.09004949033260345
1588,0.04508472979068756
1589,0.08327905833721161
1590,0.025164373219013214
1591,0.04020213708281517
1592,0.01666354015469551
1593,0.018455851823091507
1594,0.040524404495954514
1595,0.12840065360069275
1596,0.18170933425426483
1597,0.05361692234873772
1598,0.0750921443104744
1599,0.05901966616511345
1600,0.07099088281393051
1601,0.0463070273399353
1602,0.10397319495677948
1603,0.22888146340847015
1604,0.049460142850875854
1605,0.07795222848653793
1606,0.09858818352222443
1607,0.03569111227989197
1608,0.056745272129774094
1609,0.08351731300354004
1610,0.17358484864234924
1611,0.04917295277118683
1612,0.05695604532957077
1613,0.04357968270778656
1614,0.06134495884180069
1615,0.09859537333250046
1616,0.0739072784781456
1617,0.09653377532958984
1618,0.07343707978725433
1619,0.1423996537923813
1620,0.046932995319366455
1621,0.08138277381658554
1622,0.10930953919887543
1623,0.03951767086982727
1624,0.04552561044692993
1625,0.06567946076393127
1626,0.13567620515823364
1627,0.06792428344488144
1628,0.04542424529790878
1629,0.08293855935335159
1630,0.05251582711935043
1631,0.10077494382858276
1632,0.16580939292907715
1633,0.07009940594434738
1634,0.05864208936691284
1635,0.09217976033687592
1636,0.10233470052480698
1637,0.1290912628173828
1638,0.17848774790763855
1639,0.08028799295425415
1640,0.05892419070005417
1641,0.07697394490242004
1642,0.0936378464102745
1643,0.0502622090280056
1644,0.058986030519008636
1645,0.06280426681041718
1646,0.18343067169189453
1647,0.052481960505247116
1648,0.136480450630188
1649,0.05667439103126526
1650,0.06884901225566864
1651,0.04418196529150009
1652,0.058709949254989624
1653,0.037920448929071426
1654,0.055200375616550446
1655,0.1437980979681015
1656,0.06268202513456345
1657,0.07558020949363708
1658,0.16208630800247192
1659,0.046571820974349976
1660,0.1271546185016632
1661,0.09301586449146271
1662,0.04414660483598709
1663,0.15418574213981628
1664,0.11948394030332565
1665,0.07541170716285706
1666,0.09771846234798431
1667,0.08708133548498154
1668,0.14126639068126678
1669,0.012266199104487896
1670,0.21678102016448975
1671,0.02604277990758419
1672,0.07036684453487396
1673,0.049333732575178146
1674,0.045501939952373505
1675,0.07884707301855087
1676,0.04648784548044205
1677,0.147111177444458
1678,0.21986398100852966
1679,0.04697420448064804
1680,0.11575212329626083
1681,0.030698399990797043
1682,0.13385401666164398
1683,0.12095636129379272
1684,0.07779072225093842
1685,0.048138853162527084
1686,0.08697354793548584
1687,0.08596591651439667
1688,0.07452370971441269
1689,0.06744202226400375
1690,0.04541053622961044
1691,0.09160599112510681
1692,0.04412894695997238
1693,0.07065746933221817
1694,0.026480194181203842
1695,0.030990589410066605
1696,0.1329084038734436
1697,0.12033384293317795
1698,0.0795658677816391
1699,0.14887404441833496
1700,0.07059459388256073
1701,0.09282590448856354
1702,0.14626115560531616
1703,0.10278916358947754
1704,0.11210628598928452
1705,0.06392709910869598
1706,0.05539451166987419
1707,0.08103524893522263
1708,0.01299612782895565
1709,0.0911276638507843
1710,0.08815067261457443
1711,0.06501947343349457
1712,0.11613430082798004
1713,0.05160916969180107
1714,0.06422718614339828
1715,0.08031845092773438
1716,0.0605015866458416
1717,0.07533755898475647
1718,0.09741906821727753
1719,0.08038833737373352
1720,0.0617697611451149
1721,0.13029465079307556
1722,0.0400921106338501
1723,0.09773844480514526
1724,0.05679751932621002
1725,0.06179535388946533
1726,0.09434773772954941
1727,0.07101370394229889
1728,0.05776607617735863
1729,0.09795838594436646
1730,0.07304851710796356
1731,0.10383395850658417
1732,0.13060611486434937
1733,0.07304006069898605
1734,0.09024803340435028
1735,0.09733035415410995
1736,0.23975567519664764
1737,0.09022726863622665
1738,0.07050247490406036
1739,0.11321143805980682
1740,0.11586332321166992
1741,0.09890611469745636
1742,0.08125243335962296
1743,0.11692787706851959
1744,0.059282176196575165
1745,0.03925079107284546
1746,0.10012271255254745
1747,0.10638377070426941
1748,0.141383096575737
1749,0.07515164464712143
1750,0.11018297076225281
1751,0.055256813764572144
1752,0.05197882652282715
1753,0.03328856825828552
1754,0.2397475242614746
1755,0.06567183136940002
1756,0.0672839879989624
1757,0.1397419571876526
1758,0.08022137731313705
1759,0.1874098777770996
1760,0.1318780928850174
1761,0.18817999958992004
1762,0.0817464292049408
1763,0.041726142168045044
1764,0.18801084160804749
1765,0.03469041734933853
1766,0.12545020878314972
1767,0.1845262497663498
1768,0.1614537090063095
1769,0.11823596060276031
1770,0.08672156184911728
1771,0.16356295347213745
1772,0.08834779262542725
1773,0.07366149127483368
1774,0.2299266904592514
1775,0.0803530141711235
1776,0.048269979655742645
1777,0.1042407751083374
1778,0.11484289169311523
1779,0.10071240365505219
1780,0.025078197941184044
1781,0.06649991124868393
1782,0.03285188227891922
1783,0.11245018243789673
1784,0.11869931221008301
1785,0.04071418195962906
1786,0.15035203099250793
1787,0.13835152983665466
1788,0.06988843530416489
1789,0.1411663144826889
1790,0.1411149799823761
1791,0.0267336405813694
1792,0.03615691885352135
1793,0.07550819963216782
1794,0.15790224075317383
1795,0.07979308813810349
1796,0.08079501986503601
1797,0.05630325525999069
1798,0.11161535978317261
1799,0.07816378772258759
1800,0.21086770296096802
1801,0.02672540955245495
1802,0.12805889546871185
1803,0.07683279365301132
1804,0.06592604517936707
1805,0.09050856530666351
1806,0.040982261300086975
1807,0.05776151642203331
1808,0.05160754173994064
1809,0.060185059905052185
1810,0.11208143085241318
1811,0.15848283469676971
1812,0.18786001205444336
1813,0.07256849855184555
1814,0.06708218902349472
1815,0.082769013941288
1816,0.07167921960353851
1817,0.057829439640045166
1818,0.031098108738660812
1819,0.12389490008354187
1820,0.1133226603269577
1821,0.090141162276268
1822,0.06338760256767273
1823,0.05104471743106842
1824,0.09891341626644135
1825,0.08581878989934921
1826,0.08638878911733627
1827,0.15417340397834778
1828,0.08594776690006256
1829,0.032083988189697266
1830,0.10725357383489609
1831,0.08892234414815903
1832,0.14092153310775757
1833,0.04869562387466431
1834,0.0648890882730484
1835,0.07283057272434235
1836,0.031377337872982025
1837,0.038586169481277466
1838,0.10785292088985443
1839,0.069008469581604
1840,0.11918928474187851
1841,0.0794261246919632
1842,0.06961983442306519
1843,0.049736104905605316
1844,0.09452015161514282
1845,0.0847463607788086
1846,0.12416749447584152
1847,0.06060944125056267
1848,0.10175612568855286
1849,0.04373202845454216
1850,0.13204094767570496
1851,0.042157452553510666
1852,0.11482366919517517
1853,0.11037658154964447
1854,0.08891328424215317
1855,0.059484586119651794
1856,0.1442563235759735
1857,0.07520781457424164
1858,0.13685846328735352
1859,0.14075681567192078
1860,0.08017152547836304
1861,0.024111926555633545
1862,0.1361517310142517
1863,0.14216068387031555
1864,0.0679236501455307
1865,0.019979767501354218
1866,0.1396501064300537
1867,0.0624600313603878
1868,0.053967028856277466
1869,0.04209856316447258
1870,0.10059462487697601
1871,0.03209523484110832
1872,0.12465574592351913
1873,0.12344910949468613
1874,0.05590612813830376
1875,0.07745298743247986
1876,0.17629289627075195
1877,0.026650307700037956
1878,0.20945009589195251
1879,0.03393987938761711
1880,0.13916407525539398
1881,0.03341394290328026
1882,0.12747961282730103
1883,0.07443207502365112
1884,0.09251505136489868
1885,0.20446500182151794
1886,0.16757254302501678
1887,0.05395743250846863
1888,0.029209759086370468
1889,0.03182035684585571
1890,0.05603165552020073
1891,0.033976130187511444
1892,0.13234952092170715
1893,0.06422203034162521
1894,0.0583176426589489
1895,0.034083545207977295
1896,0.12606669962406158
1897,0.05234602093696594
1898,0.16372887790203094
1899,0.17437605559825897
1900,0.06747456640005112
1901,0.08673439919948578
1902,0.0902169793844223
1903,0.09186401963233948
1904,0.06603832542896271
1905,0.26857560873031616
1906,0.06909185647964478
1907,0.23167479038238525
1908,0.08421709388494492
1909,0.14526228606700897
1910,0.12382163852453232
1911,0.08929002285003662
1912,0.11166848987340927
1913,0.05202595517039299
1914,0.05241530388593674
1915,0.053349293768405914
1916,0.10452570766210556
1917,0.056802354753017426
1918,0.1990295946598053
1919,0.0901302918791771
1920,0.11792992055416107
1921,0.047615714371204376
1922,0.16028854250907898
1923,0.10857280343770981
1924,0.10528351366519928
1925,0.053518205881118774
1926,0.08014736324548721
1927,0.07758627831935883
1928,0.12305302917957306
1929,0.06256212294101715
1930,0.06123986095190048
1931,0.0581294521689415
1932,0.23799988627433777
1933,0.036611855030059814
1934,0.0657523050904274
1935,0.0426676981151104
1936,0.039692651480436325
1937,0.04982375726103783
1938,0.04291129857301712
1939,0.0412122868001461
1940,0.04492051154375076
1941,0.07978521287441254
1942,0.04613889381289482
1943,0.04405316710472107
1944,0.08081531524658203
1945,0.18442153930664062
1946,0.09054048359394073
1947,0.13794803619384766
1948,0.13009721040725708
1949,0.1030052900314331
1950,0.11037056148052216
1951,0.10160666704177856
1952,0.061816126108169556
1953,0.09295189380645752
1954,0.03211023658514023
1955,0.0380382314324379
1956,0.09147410839796066
1957,0.08740868419408798
1958,0.19047453999519348
1959,0.06415127962827682
1960,0.04874056577682495
1961,0.058271437883377075
1962,0.04785047098994255
1963,0.101300448179245
1964,0.05281738564372063
1965,0.03579023480415344
1966,0.0634009912610054
1967,0.026813488453626633
1968,0.09664596617221832
1969,0.0453251414000988
1970,0.05184365436434746
1971,0.06905551999807358
1972,0.07703166455030441
1973,0.07088722288608551
1974,0.05877714604139328
1975,0.08735688775777817
1976,0.04891771078109741
1977,0.07672304660081863
1978,0.07089827954769135
1979,0.07513383030891418
1980,0.08651932328939438
1981,0.1422431915998459
1982,0.05375882238149643
1983,0.046306610107421875
1984,0.12607161700725555
1985,0.07381831109523773
1986,0.10539358109235764
1987,0.04118642210960388
1988,0.0788465216755867
1989,0.10430113971233368
1990,0.09228125214576721
1991,0.03652818128466606
1992,0.05159677192568779
1993,0.06335954368114471
1994,0.07368788123130798
1995,0.09049450606107712
1996,0.08224314451217651
1997,0.17029914259910583
1998,0.07587844133377075
1999,0.14898020029067993
2000,0.11696349829435349
2001,0.07824715226888657
2002,0.031961195170879364
2003,0.054665058851242065
2004,0.22370664775371552
2005,0.03151221573352814
2006,0.10983704030513763
2007,0.04614592343568802
2008,0.11696644127368927
2009,0.07950145751237869
2010,0.10836738348007202
2011,0.09660085290670395
2012,0.12234311550855637
2013,0.04310568422079086
2014,0.11115676164627075
2015,0.06716378033161163
2016,0.1320970505475998
2017,0.07945181429386139
2018,0.03872692584991455
2019,0.05688619613647461
2020,0.06388409435749054
2021,0.053737055510282516
2022,0.1820569485425949
2023,0.04242047667503357
2024,0.17204365134239197
2025,0.18292152881622314
2026,0.05603444203734398
2027,0.0966639369726181
2028,0.11264732480049133
2029,0.15899696946144104
2030,0.07273709774017334
2031,0.07104858011007309
2032,0.06509935110807419
2033,0.10486672818660736
2034,0.13980929553508759
2035,0.03666017949581146
2036,0.1945900022983551
2037,0.10686926543712616
2038,0.028159450739622116
2039,0.08212901651859283
2040,0.08261246979236603
2041,0.06244643032550812
2042,0.043080538511276245
2043,0.10802070796489716
2044,0.10553741455078125
2045,0.0915764570236206
2046,0.048782430589199066
2047,0.05326174199581146
2048,0.041789691895246506
2049,0.06505483388900757
2050,0.2342769354581833
2051,0.1054178923368454
2052,0.120968759059906
2053,0.09299761056900024
2054,0.09732753038406372
2055,0.07822543382644653
2056,0.09466733783483505
2057,0.04835846275091171
2058,0.03298337385058403
2059,0.13878296315670013
2060,0.05293090268969536
2061,0.0496358796954155
2062,0.09061609208583832
2063,0.18292586505413055
2064,0.07902701944112778
2065,0.052503135055303574
2066,0.11415418237447739
2067,0.037265241146087646
2068,0.13181859254837036
2069,0.13217663764953613
2070,0.06350504606962204
2071,0.07279307395219803
2072,0.07607242465019226
2073,0.11184936761856079
2074,0.06104035675525665
2075,0.06890179216861725
2076,0.1036815270781517
2077,0.07587557286024094
2078,0.04116886481642723
2079,0.16249972581863403
2080,0.05561275780200958
2081,0.06545481085777283
2082,0.03502658009529114
2083,0.04302709549665451
2084,0.12906795740127563
2085,0.1347489058971405
2086,0.13347187638282776
2087,0.1532326191663742
2088,0.08029036968946457
2089,0.05248674005270004
2090,0.11728587001562119
2091,0.12023800611495972
2092,0.07371345907449722
2093,0.05823749303817749
2094,0.04610983654856682
2095,0.053930871188640594
2096,0.03253105282783508
2097,0.05135589838027954
2098,0.06151605769991875
2099,0.05407083034515381
2100,0.07107502222061157
2101,0.02274894341826439
2102,0.03669888526201248
2103,0.04675760865211487
2104,0.20201365649700165
2105,0.05114876478910446
2106,0.13069576025009155
2107,0.046887245029211044
2108,0.12848685681819916
2109,0.057340335100889206
2110,0.055473171174526215
2111,0.09630128741264343
2112,0.21358263492584229
2113,0.12213118374347687
2114,0.10166200250387192
2115,0.09866621345281601
2116,0.09492617100477219
2117,0.05224015563726425
2118,0.05351606011390686
2119,0.10247557610273361
2120,0.12243600934743881
2121,0.047200754284858704
2122,0.02780780754983425
2123,0.07060198485851288
2124,0.0594540536403656
2125,0.15691357851028442
2126,0.08902227878570557
2127,0.06014321371912956
2128,0.04813719913363457
2129,0.044879570603370667
2130,0.04836885631084442
2131,0.04454043507575989
2132,0.045793723315000534
2133,0.11575792729854584
2134,0.10439062118530273
2135,0.09831919521093369
2136,0.054733868688344955
2137,0.1418018490076065
2138,0.03219364583492279
2139,0.1355261355638504
2140,0.059946946799755096
2141,0.05131106823682785
2142,0.07632973045110703
2143,0.10552331060171127
2144,0.04624490439891815
2145,0.10779432952404022
2146,0.10838302969932556
2147,0.05217568576335907
2148,0.04197962209582329
2149,0.12818753719329834
2150,0.1251850128173828
2151,0.04856310039758682
2152,0.07023957371711731
2153,0.05425136536359787
2154,0.03293267637491226
2155,0.06955984234809875
2156,0.03354208543896675
2157,0.09279404580593109
2158,0.027596112340688705
2159,0.04966244101524353
2160,0.04012162610888481
2161,0.06113545224070549
2162,0.08476635068655014
2163,0.028242945671081543
2164,0.056634992361068726
2165,0.04447486251592636
2166,0.06762082874774933
2167,0.08090221136808395
2168,0.08823969215154648
2169,0.05052363499999046
2170,0.11486923694610596
2171,0.06775020062923431
2172,0.06374315917491913
2173,0.1743510216474533
2174,0.08136788755655289
2175,0.18285784125328064
2176,0.05736624822020531
2177,0.05753356218338013
2178,0.09956397861242294
2179,0.07215075939893723
2180,0.029400860890746117
2181,0.10048293322324753
2182,0.08003026247024536
2183,0.06836321204900742
2184,0.0754803791642189
2185,0.155571848154068
2186,0.07452255487442017
2187,0.060273341834545135
2188,0.10831975936889648
2189,0.11983182281255722
2190,0.11407753080129623
2191,0.07550737261772156
2192,0.17114725708961487
2193,0.04494067281484604
2194,0.1607600301504135
2195,0.08602999150753021
2196,0.07521452009677887
2197,0.13484454154968262
2198,0.06186728924512863
2199,0.03872102126479149
2200,0.08000041544437408
2201,0.10058724880218506
2202,0.05006498843431473
2203,0.06994584202766418
2204,0.044902365654706955
2205,0.042067717760801315
2206,0.05674678832292557
2207,0.07359384000301361
2208,0.027797719463706017
2209,0.054090648889541626
2210,0.2187136858701706
2211,0.03941754996776581
2212,0.093501977622509
2213,0.1118188127875328
2214,0.07681135833263397
2215,0.10576479136943817
2216,0.15745840966701508
2217,0.03305630385875702
2218,0.09813242405653
2219,0.06691275537014008
2220,0.041746463626623154
2221,0.08419030159711838
2222,0.04847387224435806
2223,0.07196693867444992
2224,0.13260456919670105
2225,0.0369192473590374
2226,0.051867567002773285
2227,0.03838646411895752
2228,0.07973767071962357
2229,0.07675272971391678
2230,0.05033978819847107
2231,0.04830985516309738
2232,0.14310799539089203
2233,0.15665020048618317
2234,0.13660085201263428
2235,0.03855056315660477
2236,0.028812073171138763
2237,0.17145344614982605
2238,0.06651786714792252
2239,0.19672319293022156
2240,0.10086667537689209
2241,0.06135468930006027
2242,0.13064798712730408
2243,0.13336198031902313
2244,0.1089666485786438
2245,0.1668051928281784
2246,0.04693254083395004
2247,0.15166082978248596
2248,0.16617536544799805
2249,0.042277246713638306
2250,0.04981176555156708
2251,0.0765305608510971
2252,0.03478826954960823
2253,0.1386178582906723
2254,0.05735015496611595
2255,0.1619267761707306
2256,0.06360435485839844
2257,0.05668052285909653
2258,0.1653815507888794
2259,0.20482981204986572
2260,0.09580688178539276
2261,0.06678514927625656
2262,0.062159620225429535
2263,0.05395660921931267
2264,0.0527389757335186
2265,0.09630688279867172
2266,0.09048683941364288
2267,0.17043673992156982
2268,0.073035329580307
2269,0.1432502567768097
2270,0.052559223026037216
2271,0.05444827303290367
2272,0.09719234704971313
2273,0.09728023409843445
2274,0.028154775500297546
2275,0.05831471085548401
2276,0.10862397402524948
2277,0.06975629925727844
2278,0.07403138279914856
2279,0.059281766414642334
2280,0.06219913065433502
2281,0.1283600777387619
2282,0.10058516263961792
2283,0.04960043728351593
2284,0.07194049656391144
2285,0.09346747398376465
2286,0.07064836472272873
2287,0.07378911226987839
2288,0.07860390841960907
2289,0.04667654633522034
2290,0.0790812224149704
2291,0.048959881067276
2292,0.12392427772283554
2293,0.059958528727293015
2294,0.05525404214859009
2295,0.10292144864797592
2296,0.19464603066444397
2297,0.07630795985460281
2298,0.04198545962572098
2299,0.026328042149543762
2300,0.020378557965159416
2301,0.064856618642807
2302,0.10065179318189621
2303,0.050791185349226
2304,0.1130673885345459
2305,0.10136498510837555
2306,0.02971710078418255
2307,0.06496380269527435
2308,0.039092011749744415
2309,0.12165769934654236
2310,0.15293309092521667
2311,0.08247899264097214
2312,0.12306760251522064
2313,0.12551215291023254
2314,0.08652293682098389
2315,0.1235194206237793
2316,0.07804092764854431
2317,0.04349912703037262
2318,0.131096750497818
2319,0.07449764013290405
2320,0.050961874425411224
2321,0.03979431092739105
2322,0.09663238376379013
2323,0.06192079186439514
2324,0.03853761777281761
2325,0.08402790129184723
2326,0.07456162571907043
2327,0.15708297491073608
2328,0.1031518429517746
2329,0.1001625806093216
2330,0.040701139718294144
2331,0.05702250450849533
2332,0.0614057295024395
2333,0.014779357239603996
2334,0.08588328212499619
2335,0.028002232313156128
2336,0.09233085811138153
2337,0.13805846869945526
2338,0.14018499851226807
2339,0.0771355852484703
2340,0.06318789720535278
2341,0.03436807543039322
2342,0.17637953162193298
2343,0.15098533034324646
2344,0.10544911026954651
2345,0.11001144349575043
2346,0.07332500070333481
2347,0.16856901347637177
2348,0.08249737322330475
2349,0.04467379301786423
2350,0.08118540048599243
2351,0.059892624616622925
2352,0.06346176564693451
2353,0.1121518611907959
2354,0.052439432591199875
2355,0.0581778958439827
2356,0.09719672054052353
2357,0.10510081052780151
2358,0.0313495434820652
2359,0.06915588676929474
2360,0.1573573350906372
2361,0.11938787996768951
2362,0.023552602156996727
2363,0.1538187712430954
2364,0.07790970802307129
2365,0.16282927989959717
2366,0.15421652793884277
2367,0.13711920380592346
2368,0.07402494549751282
2369,0.07486119866371155
2370,0.1356118619441986
2371,0.07571898400783539
2372,0.12450343370437622
2373,0.12215869128704071
2374,0.05705634504556656
2375,0.03263428434729576
2376,0.0762997418642044
2377,0.07753007858991623
2378,0.05810464918613434
2379,0.08664103597402573
2380,0.1942635476589203
2381,0.1417495608329773
2382,0.05509750545024872
2383,0.06326130032539368
2384,0.08603404462337494
2385,0.10346221178770065
2386,0.05040467903017998
2387,0.15270306169986725
2388,0.09785132110118866
2389,0.057994358241558075
2390,0.10409262776374817
2391,0.11033409833908081
2392,0.048873722553253174
2393,0.10449355840682983
2394,0.09479006379842758
2395,0.05851513147354126
2396,0.04941750690340996
2397,0.07216893136501312
2398,0.04280292987823486
2399,0.13639047741889954
2400,0.13718107342720032
2401,0.05116061493754387
2402,0.11031218618154526
2403,0.10846497863531113
2404,0.07056738436222076
2405,0.04569794982671738
2406,0.14124201238155365
2407,0.058458875864744186
2408,0.06201106309890747
2409,0.11949972808361053
2410,0.15081772208213806
2411,0.07570644468069077
2412,0.09743033349514008
2413,0.05466374009847641
2414,0.0960521399974823
2415,0.19426000118255615
2416,0.060215532779693604
2417,0.08188481628894806
2418,0.10632447898387909
2419,0.04126691445708275
2420,0.054406315088272095
2421,0.1300567388534546
2422,0.10847252607345581
2423,0.09449633210897446
2424,0.10424669831991196
2425,0.07039976119995117
2426,0.0518975555896759
2427,0.1729692667722702
2428,0.10269962251186371
2429,0.06028789281845093
2430,0.04143115505576134
2431,0.06510096788406372
2432,0.04198446869850159
2433,0.07648707181215286
2434,0.0951550304889679
2435,0.04220208525657654
2436,0.12700772285461426
2437,0.07999123632907867
2438,0.07955165207386017
2439,0.059833966195583344
2440,0.034971412271261215
2441,0.10321667045354843
2442,0.0415915809571743
2443,0.08396071195602417
2444,0.1328851878643036
2445,0.10499821603298187
2446,0.12018191069364548
2447,0.03645327687263489
2448,0.11495833843946457
2449,0.10482804477214813
2450,0.12810185551643372
2451,0.061535291373729706
2452,0.07050132751464844
2453,0.02981303445994854
2454,0.08538665622472763
2455,0.1372126340866089
2456,0.13055941462516785
2457,0.11518683284521103
2458,0.09649068117141724
2459,0.10488500446081161
2460,0.0522422194480896
2461,0.06456689536571503
2462,0.03710312396287918
2463,0.07632839679718018
2464,0.08413144201040268
2465,0.08551859855651855
2466,0.06662987917661667
2467,0.0795627236366272
2468,0.10436892509460449
2469,0.08340071141719818
2470,0.040912531316280365
2471,0.1118917465209961
2472,0.11715924739837646
2473,0.10811103880405426
2474,0.05738837644457817
2475,0.10218238085508347
2476,0.05102263391017914
2477,0.07311557978391647
2478,0.06945943087339401
2479,0.07771485298871994
2480,0.09237128496170044
2481,0.04471459612250328
2482,0.06744713336229324
2483,0.1050855740904808
2484,0.10352149605751038
2485,0.03331896290183067
2486,0.11192645132541656
2487,0.043393492698669434
2488,0.08155285567045212
2489,0.09876711666584015
2490,0.09341993182897568
2491,0.09849854558706284
2492,0.0740773007273674
2493,0.06775254011154175
2494,0.09863391518592834
2495,0.07703302800655365
2496,0.08226046711206436
2497,0.04705585166811943
2498,0.1723494976758957
2499,0.04771588370203972
2500,0.12365633249282837
2501,0.09327559173107147
2502,0.15502890944480896
2503,0.042600929737091064
2504,0.10629625618457794
2505,0.08372366428375244
2506,0.051767878234386444
2507,0.0708775743842125
2508,0.035521090030670166
2509,0.14792293310165405
2510,0.1560603231191635
2511,0.11984845995903015
2512,0.10911580175161362
2513,0.032211676239967346
2514,0.10836446285247803
2515,0.10585247725248337
2516,0.02903943508863449
2517,0.13987481594085693
2518,0.044552695006132126
2519,0.09078045189380646
2520,0.09282481670379639
2521,0.09574173390865326
2522,0.17994818091392517
2523,0.12997889518737793
2524,0.15331315994262695
2525,0.042736779898405075
2526,0.05127207562327385
2527,0.07075384259223938
2528,0.1309211254119873
2529,0.045961230993270874
2530,0.13028597831726074
2531,0.05335119366645813
2532,0.11964832246303558
2533,0.2524280548095703
2534,0.05657494068145752
2535,0.06654252111911774
2536,0.18332213163375854
2537,0.11969195306301117
2538,0.16741451621055603
2539,0.10082744807004929
2540,0.14902947843074799
2541,0.09053675830364227
2542,0.06857698410749435
2543,0.03836820274591446
2544,0.0600104033946991
2545,0.0681317001581192
2546,0.10231395810842514
2547,0.07997999340295792
2548,0.04211127758026123
2549,0.05755354091525078
2550,0.09435302019119263
2551,0.1134839579463005
2552,0.1742478311061859
2553,0.08103754371404648
2554,0.22983574867248535
2555,0.05983711779117584
2556,0.06962737441062927
2557,0.09223119914531708
2558,0.13371321558952332
2559,0.07487732172012329
2560,0.05545205995440483
2561,0.10418035835027695
2562,0.04459064453840256
2563,0.04811752960085869
2564,0.058710724115371704
2565,0.0704137533903122
2566,0.06592214107513428
2567,0.03281904757022858
2568,0.08402033895254135
2569,0.08766394853591919
2570,0.052243851125240326
2571,0.07381586730480194
2572,0.04441412538290024
2573,0.03026593290269375
2574,0.04000089317560196
2575,0.03484444320201874
2576,0.1646367907524109
2577,0.06212572380900383
2578,0.09273792803287506
2579,0.13760951161384583
2580,0.05855560302734375
2581,0.14492562413215637
2582,0.04078707471489906
2583,0.08118700236082077
2584,0.09792732447385788
2585,0.05019451305270195
2586,0.11372631788253784
2587,0.04406169056892395
2588,0.05387580394744873
2589,0.15757670998573303
2590,0.1716998815536499
2591,0.083756223320961
2592,0.05353638529777527
2593,0.0637693703174591
2594,0.04902459308505058
2595,0.033011019229888916
2596,0.06831161677837372
2597,0.069739930331707
2598,0.054793354123830795
2599,0.08468380570411682
2600,0.037313636392354965
2601,0.11570166051387787
2602,0.08770247548818588
2603,0.11917315423488617
2604,0.12637832760810852
2605,0.026518728584051132
2606,0.12472393363714218
2607,0.13827106356620789
2608,0.03597760573029518
2609,0.05333951115608215
2610,0.08184954524040222
2611,0.06155984848737717
2612,0.04723913595080376
2613,0.1183360144495964
2614,0.025512095540761948
2615,0.14506950974464417
2616,0.06738295406103134
2617,0.07233911007642746
2618,0.07204215973615646
2619,0.1191488653421402
2620,0.0938037559390068
2621,0.06455933302640915
2622,0.0491049587726593
2623,0.08989621698856354
2624,0.025377701967954636
2625,0.10763177275657654
2626,0.023447921499609947
2627,0.04377337545156479
2628,0.1309022307395935
2629,0.23860977590084076
2630,0.06255398690700531
2631,0.0969289243221283
2632,0.04341733455657959
2633,0.14703314006328583
2634,0.0639091357588768
2635,0.07760833203792572
2636,0.05856605991721153
2637,0.08275368809700012
2638,0.17025810480117798
2639,0.11956004798412323
2640,0.06808821111917496
2641,0.060979001224040985
2642,0.08776633441448212
2643,0.11014032363891602
2644,0.13998377323150635
2645,0.04956933856010437
2646,0.07083389163017273
2647,0.19845585525035858
2648,0.18761301040649414
2649,0.12982940673828125
2650,0.04937195032835007
2651,0.0721055194735527
2652,0.0785263404250145
2653,0.05300348997116089
2654,0.12372295558452606
2655,0.2037469446659088
2656,0.07222922146320343
2657,0.13737982511520386
2658,0.11228450387716293
2659,0.04987782984972
2660,0.030814174562692642
2661,0.09229744970798492
2662,0.10322391986846924
2663,0.10232915729284286
2664,0.07128732651472092
2665,0.05995003506541252
2666,0.09013374894857407
2667,0.19838224351406097
2668,0.07142913341522217
2669,0.11421708762645721
2670,0.05100037902593613
2671,0.10842612385749817
2672,0.0373634472489357
2673,0.042875438928604126
2674,0.09384520351886749
2675,0.033414050936698914
2676,0.12986668944358826
2677,0.15198397636413574
2678,0.09389292448759079
2679,0.05694494768977165
2680,0.06712113320827484
2681,0.11185064166784286
2682,0.029538018628954887
2683,0.012786351144313812
2684,0.0970279797911644
2685,0.1284802109003067
2686,0.09234943240880966
2687,0.06985848397016525
2688,0.17562103271484375
2689,0.02248520776629448
2690,0.05627523362636566
2691,0.0672212615609169
2692,0.041183508932590485
2693,0.06555718183517456
2694,0.08259154856204987
2695,0.0330585278570652
2696,0.037345994263887405
2697,0.07747615873813629
2698,0.11337387561798096
2699,0.06459212303161621
2700,0.0583125576376915
2701,0.12156563252210617
2702,0.1085953563451767
2703,0.07577207684516907
2704,0.08759525418281555
2705,0.15172377228736877
2706,0.084296815097332
2707,0.059895556420087814
2708,0.1369103044271469
2709,0.11686386168003082
2710,0.11123676598072052
2711,0.10020160675048828
2712,0.04791496321558952
2713,0.06975150108337402
2714,0.08086688816547394
2715,0.14149661362171173
2716,0.07582581043243408
2717,0.027866950258612633
2718,0.10143038630485535
2719,0.07001969963312149
2720,0.06165190041065216
2721,0.05648523196578026
2722,0.055513933300971985
2723,0.12022512406110764
2724,0.03779757022857666
2725,0.07839502394199371
2726,0.11543971300125122
2727,0.06269591301679611
2728,0.10898866504430771
2729,0.050583165138959885
2730,0.023170791566371918
2731,0.09778033196926117
2732,0.1491672694683075
2733,0.10793159902095795
2734,0.012497756630182266
2735,0.03832289204001427
2736,0.07406187057495117
2737,0.11532871425151825
2738,0.0838032215833664
2739,0.06796316057443619
2740,0.0938812643289566
2741,0.08203503489494324
2742,0.06874464452266693
2743,0.12014472484588623
2744,0.07978200912475586
2745,0.048175886273384094
2746,0.07538332045078278
2747,0.07678841054439545
2748,0.09385395050048828
2749,0.058851130306720734
2750,0.03844570741057396
2751,0.12552842497825623
2752,0.05254737660288811
2753,0.10933645814657211
2754,0.047177284955978394
2755,0.10197767615318298
2756,0.09541346877813339
2757,0.10644206404685974
2758,0.08188938349485397
2759,0.07614294439554214
2760,0.08045534044504166
2761,0.1349586397409439
2762,0.08692391961812973
2763,0.07057750225067139
2764,0.057152699679136276
2765,0.03828899562358856
2766,0.021202286705374718
2767,0.08978891372680664
2768,0.08201120793819427
2769,0.1308031678199768
2770,0.20514464378356934
2771,0.10444699227809906
2772,0.03482861816883087
2773,0.06020206958055496
2774,0.10459204018115997
2775,0.11711647361516953
2776,0.041588932275772095
2777,0.04990513622760773
2778,0.1281394362449646
2779,0.04299633204936981
2780,0.19987162947654724
2781,0.10364210605621338
2782,0.08480852842330933
2783,0.11293882131576538
2784,0.07826875150203705
2785,0.04029068723320961
2786,0.09943704307079315
2787,0.08836351335048676
2788,0.08903595060110092
2789,0.07222835719585419
2790,0.06226068735122681
2791,0.03542932868003845
2792,0.21361565589904785
2793,0.08261468261480331
2794,0.1413806676864624
2795,0.1237640306353569
2796,0.07302913069725037
2797,0.07557931542396545
2798,0.09123306721448898
2799,0.06514517962932587
2800,0.06868797540664673
2801,0.013554438948631287
2802,0.0984845981001854
2803,0.08194459229707718
2804,0.1396230161190033
2805,0.07606630772352219
2806,0.05099382996559143
2807,0.06905846297740936
2808,0.11812382191419601
2809,0.10429368913173676
2810,0.10625676810741425
2811,0.05644626170396805
2812,0.10315831750631332
2813,0.019669001922011375
2814,0.21550628542900085
2815,0.0548674575984478
2816,0.11644361913204193
2817,0.1745535135269165
2818,0.06944644451141357
2819,0.09792083501815796
2820,0.1195918545126915
2821,0.0749334767460823
2822,0.11801658570766449
2823,0.17173629999160767
2824,0.11103057861328125
2825,0.10158928483724594
2826,0.019564960151910782
2827,0.0231437049806118
2828,0.13823148608207703
2829,0.09568142890930176
2830,0.03534116968512535
2831,0.10135523974895477
2832,0.12804710865020752
2833,0.05429014563560486
2834,0.08790814876556396
2835,0.16659387946128845
2836,0.07644447684288025
2837,0.10865415632724762
2838,0.029771169647574425
2839,0.15380288660526276
2840,0.19485442340373993
2841,0.029417499899864197
2842,0.04508134722709656
2843,0.13997282087802887
2844,0.06194811314344406
2845,0.033187687397003174
2846,0.10893579572439194
2847,0.09359424561262131
2848,0.15726613998413086
2849,0.06883925199508667
2850,0.044412147253751755
2851,0.12033982574939728
2852,0.17996135354042053
2853,0.05349544808268547
2854,0.19284045696258545
2855,0.22007809579372406
2856,0.0841245949268341
2857,0.018753372132778168
2858,0.029899287968873978
2859,0.10768912732601166
2860,0.08519987761974335
2861,0.0733833834528923
2862,0.053575947880744934
2863,0.03125045448541641
2864,0.08290097862482071
2865,0.08728852868080139
2866,0.04541128873825073
2867,0.03644130378961563
2868,0.05517540127038956
2869,0.024379368871450424
2870,0.056325387209653854
2871,0.1153796836733818
2872,0.0697343647480011
2873,0.04226232320070267
2874,0.03390965610742569
2875,0.12312333285808563
2876,0.10422573983669281
2877,0.12438637018203735
2878,0.1786552369594574
2879,0.1062871441245079
2880,0.10294058173894882
2881,0.12621942162513733
2882,0.07795678079128265
2883,0.11631458252668381
2884,0.06982237100601196
2885,0.040053147822618484
2886,0.056333865970373154
2887,0.05948416143655777
2888,0.05885153263807297
2889,0.07918253540992737
2890,0.05342790484428406
2891,0.0947452113032341
2892,0.09723275899887085
2893,0.04493539035320282
2894,0.04157765954732895
2895,0.12548230588436127
2896,0.10830863565206528
2897,0.1297949254512787
2898,0.05970635637640953
2899,0.13477298617362976
2900,0.07636646926403046
2901,0.07329273223876953
2902,0.06427527219057083
2903,0.08101074397563934
2904,0.058760084211826324
2905,0.03767888993024826
2906,0.20479977130889893
2907,0.06315279006958008
2908,0.14760051667690277
2909,0.03491769731044769
2910,0.05200763791799545
2911,0.053268857300281525
2912,0.06735451519489288
2913,0.08254361152648926
2914,0.0964871495962143
2915,0.04058672860264778
2916,0.046158283948898315
2917,0.10937809199094772
2918,0.060483481734991074
2919,0.09309114515781403
2920,0.10349040478467941
2921,0.17038503289222717
2922,0.02960754558444023
2923,0.17861035466194153
2924,0.058472614735364914
2925,0.050902243703603745
2926,0.05729631707072258
2927,0.07027992606163025
2928,0.07838714867830276
2929,0.02454477548599243
2930,0.08313746750354767
2931,0.10055731236934662
2932,0.03517717868089676
2933,0.06713944673538208
2934,0.07523080706596375
2935,0.08382631838321686
2936,0.07720675319433212
2937,0.07969910651445389
2938,0.07110555469989777
2939,0.1087859570980072
2940,0.0833393931388855
2941,0.07895973324775696
2942,0.052121929824352264
2943,0.042382847517728806
2944,0.028005488216876984
2945,0.1556074619293213
2946,0.0540570467710495
2947,0.04090852662920952
2948,0.032779719680547714
2949,0.06755279749631882
2950,0.0759359821677208
2951,0.0923076719045639
2952,0.10458400100469589
2953,0.04654484987258911
2954,0.05171196907758713
2955,0.07035120576620102
2956,0.03986598551273346
2957,0.05766924470663071
2958,0.04530016705393791
2959,0.08731840550899506
2960,0.11019724607467651
2961,0.04705939441919327
2962,0.03698967769742012
2963,0.07190640270709991
2964,0.07854007184505463
2965,0.04812094569206238
2966,0.055145736783742905
2967,0.08623667061328888
2968,0.11612027883529663
2969,0.059568583965301514
2970,0.07098259776830673
2971,0.11642824113368988
2972,0.04300880432128906
2973,0.12938064336776733
2974,0.019741270691156387
2975,0.043025486171245575
2976,0.09378066658973694
2977,0.0508589968085289
2978,0.06018057465553284
2979,0.034865424036979675
2980,0.06510699540376663
2981,0.18098235130310059
2982,0.043476641178131104
2983,0.05146785080432892
2984,0.17667053639888763
2985,0.051286011934280396
2986,0.09390272945165634
2987,0.08945785462856293
2988,0.09530062973499298
2989,0.11063691228628159
2990,0.06916344910860062
2991,0.03757272660732269
2992,0.03724293038249016
2993,0.0396527461707592
2994,0.06044776365160942
2995,0.10902254283428192
2996,0.08622895181179047
2997,0.1318005919456482
2998,0.03452330455183983
2999,0.05397087335586548
3000,0.12649548053741455
3001,0.040040187537670135
3002,0.047057803720235825
3003,0.1258774697780609
3004,0.13660547137260437
3005,0.10940177738666534
3006,0.14464980363845825
3007,0.03869503736495972
3008,0.2035929411649704
3009,0.052755486220121384
3010,0.06597694009542465
3011,0.07141967862844467
3012,0.18629758059978485
3013,0.060942258685827255
3014,0.07814675569534302
3015,0.13630728423595428
3016,0.05826932191848755
3017,0.028020218014717102
3018,0.12007259577512741
3019,0.11633366346359253
3020,0.11467896401882172
3021,0.06514786183834076
3022,0.09537669271230698
3023,0.04444865137338638
3024,0.12549366056919098
3025,0.12066363543272018
3026,0.14621469378471375
3027,0.06147026643157005
3028,0.10557900369167328
3029,0.0627453401684761
3030,0.060482826083898544
3031,0.09815704822540283
3032,0.09391939640045166
3033,0.031147226691246033
3034,0.05488728731870651
3035,0.048669829964637756
3036,0.11885883659124374
3037,0.13463559746742249
3038,0.11932989209890366
3039,0.07893095165491104
3040,0.12453829497098923
3041,0.048364877700805664
3042,0.07033310830593109
3043,0.10054218769073486
3044,0.07699333131313324
3045,0.1440008282661438
3046,0.03448854386806488
3047,0.01921112649142742
3048,0.13089102506637573
3049,0.03055446967482567
3050,0.0826449990272522
3051,0.18201300501823425
3052,0.03535938635468483
3053,0.11071930825710297
3054,0.05713218078017235
3055,0.05797109007835388
3056,0.04247597977519035
3057,0.08034184575080872
3058,0.21710476279258728
3059,0.04084838926792145
3060,0.082868292927742
3061,0.07418985664844513
3062,0.0509541854262352
3063,0.04432789608836174
3064,0.1074889600276947
3065,0.059528373181819916
3066,0.13711017370224
3067,0.07661272585391998
3068,0.11267878860235214
3069,0.11953788995742798
3070,0.15567734837532043
3071,0.04843476042151451
3072,0.1280720829963684
3073,0.06401653587818146
3074,0.04253661632537842
3075,0.03778655081987381
3076,0.09538518637418747
3077,0.05767706036567688
3078,0.09361573308706284
3079,0.028408464044332504
3080,0.18297457695007324
3081,0.08028721064329147
3082,0.08961410820484161
3083,0.05415191501379013
3084,0.1087980568408966
3085,0.15879753232002258
3086,0.11733335256576538
3087,0.05530982464551926
3088,0.04355233907699585
3089,0.12358209490776062
3090,0.04383307695388794
3091,0.11191622912883759
3092,0.13091644644737244
3093,0.06278755515813828
3094,0.13042457401752472
3095,0.11508898437023163
3096,0.05748900771141052
3097,0.04959484934806824
3098,0.05603637918829918
3099,0.022724619135260582
3100,0.08194823563098907
3101,0.0775057002902031
3102,0.15990400314331055
3103,0.1085556373000145
3104,0.14438742399215698
3105,0.18711106479167938
3106,0.10997463762760162
3107,0.060194846242666245
3108,0.05771229788661003
3109,0.04174360632896423
3110,0.04628756642341614
3111,0.11310696601867676
3112,0.03456498309969902
3113,0.12398223578929901
3114,0.09827268123626709
3115,0.0488048791885376
3116,0.1663031280040741
3117,0.11177752912044525
3118,0.07932562381029129
3119,0.07851385325193405
3120,0.18647539615631104
3121,0.10925039649009705
3122,0.10981108993291855
3123,0.052342697978019714
3124,0.0678793340921402
3125,0.10130661725997925
3126,0.10080927610397339
3127,0.1335790455341339
3128,0.04442618042230606
3129,0.04633896052837372
3130,0.07567906379699707
3131,0.06594954431056976
3132,0.07849040627479553
3133,0.03746484965085983
3134,0.07185009121894836
3135,0.0987154096364975
3136,0.10420459508895874
3137,0.10198771953582764
3138,0.14686957001686096
3139,0.06272882968187332
3140,0.02814779244363308
3141,0.09572397172451019
3142,0.08059956878423691
3143,0.10807913541793823
3144,0.11894910782575607
3145,0.10453103482723236
3146,0.027231823652982712
3147,0.06393598765134811
3148,0.04491199180483818
3149,0.045367226004600525
3150,0.10754679143428802
3151,0.037858836352825165
3152,0.15336863696575165
3153,0.10073445737361908
3154,0.11402559280395508
3155,0.041148263961076736
3156,0.0833861231803894
3157,0.09233304113149643
3158,0.02592620812356472
3159,0.06072654575109482
3160,0.08110260218381882
3161,0.04011014848947525
3162,0.03876669332385063
3163,0.0874728113412857
3164,0.03628308326005936
3165,0.1891254037618637
3166,0.09909610450267792
3167,0.06398658454418182
3168,0.06710384786128998
3169,0.07851060479879379
3170,0.08106846362352371
3171,0.05062807723879814
3172,0.05408058688044548
3173,0.10408991575241089
3174,0.08708213269710541
3175,0.0625932514667511
3176,0.033211179077625275
3177,0.1314205825328827
3178,0.1852274388074875
3179,0.14216110110282898
3180,0.07183173298835754
3181,0.1505301594734192
3182,0.169429749250412
3183,0.03337851166725159
3184,0.040630899369716644
3185,0.0072755878791213036
3186,0.03147841989994049
3187,0.09361915290355682
3188,0.16465748846530914
3189,0.06597264856100082
3190,0.07670674473047256
3191,0.06821443140506744
3192,0.17583873867988586
3193,0.027951445430517197
3194,0.16112619638442993
3195,0.06325527280569077
3196,0.03901825100183487
3197,0.18374449014663696
3198,0.14735370874404907
3199,0.12443064153194427
3200,0.038365766406059265
3201,0.08903683722019196
3202,0.07038729637861252
3203,0.04647333547472954
3204,0.0985826849937439
3205,0.05289812013506889
3206,0.0822325199842453
3207,0.07084493339061737
3208,0.08096584677696228
3209,0.06941239535808563
3210,0.0884871706366539
3211,0.04069434851408005
3212,0.04087623208761215
3213,0.04087565839290619
3214,0.07674723863601685
3215,0.07105153053998947
3216,0.037493519484996796
3217,0.1308833360671997
3218,0.11920870840549469
3219,0.10108929872512817
3220,0.07073016464710236
3221,0.1811237633228302
3222,0.07791702449321747
3223,0.04173119366168976
3224,0.06874339282512665
3225,0.05692139267921448
3226,0.08537328243255615
3227,0.16341914236545563
3228,0.13146615028381348
3229,0.036346644163131714
3230,0.017617765814065933
3231,0.12229125201702118
3232,0.07165028899908066
3233,0.07004403322935104
3234,0.0711863785982132
3235,0.12252414226531982
3236,0.12339725345373154
3237,0.07976427674293518
3238,0.053544431924819946
3239,0.029212087392807007
3240,0.07765830308198929
3241,0.048803817480802536
3242,0.11156176030635834
3243,0.04657621309161186
3244,0.07276313006877899
3245,0.03716067224740982
3246,0.06125335022807121
3247,0.038955412805080414
3248,0.020985161885619164
3249,0.06376491487026215
3250,0.06297928094863892
3251,0.12609648704528809
3252,0.16666929423809052
3253,0.07751396298408508
3254,0.07510196417570114
3255,0.10060470551252365
3256,0.14305183291435242
3257,0.11473673582077026
3258,0.03591729700565338
3259,0.13964827358722687
3260,0.15804696083068848
3261,0.05816451460123062
3262,0.06185749173164368
3263,0.02932095155119896
3264,0.11699947714805603
3265,0.10970944166183472
3266,0.05298284813761711
3267,0.13943642377853394
3268,0.07305186986923218
3269,0.09441297501325607
3270,0.05030713602900505
3271,0.17346738278865814
3272,0.16174456477165222
3273,0.06956076622009277
3274,0.027148522436618805
3275,0.11678087711334229
3276,0.08142133057117462
3277,0.1469859778881073
3278,0.09691038727760315
3279,0.05325273796916008
3280,0.05365690588951111
3281,0.08545117825269699
3282,0.045366182923316956
3283,0.030055511742830276
3284,0.06364138424396515
3285,0.13713163137435913
3286,0.11283218860626221
3287,0.07019251585006714
3288,0.11265979707241058
3289,0.07830418646335602
3290,0.07069286704063416
3291,0.07899785041809082
3292,0.06833243370056152
3293,0.07116549462080002
3294,0.0672280341386795
3295,0.13555550575256348
3296,0.09873788058757782
3297,0.10064023733139038
3298,0.05704714357852936
3299,0.098151795566082
3300,0.09963721036911011
3301,0.06122789904475212
3302,0.11204522848129272
3303,0.058213911950588226
3304,0.09975062310695648
3305,0.1259355992078781
3306,0.1799597442150116
3307,0.020484892651438713
3308,0.07259804010391235
3309,0.09215744584798813
3310,0.04330240935087204
3311,0.12789535522460938
3312,0.07694299519062042
3313,0.11612406373023987
3314,0.11497345566749573
3315,0.10415961593389511
3316,0.06779781728982925
3317,0.1324918121099472
3318,0.12201738357543945
3319,0.04293271154165268
3320,0.0878421813249588
3321,0.14350341260433197
3322,0.06780624389648438
3323,0.1383945345878601
3324,0.03076765313744545
3325,0.04205312579870224
3326,0.04136405140161514
3327,0.13405591249465942
3328,0.07169221341609955
3329,0.08810071647167206
3330,0.06182892248034477
3331,0.03860034793615341
3332,0.0823819488286972
3333,0.08337806165218353
3334,0.05950944870710373
3335,0.07298888266086578
3336,0.056997284293174744
3337,0.12817618250846863
3338,0.12455324828624725
3339,0.07383304834365845
3340,0.12666089832782745
3341,0.05202604830265045
3342,0.09248702228069305
3343,0.04427617788314819
3344,0.0666760802268982
3345,0.04942812770605087
3346,0.016978904604911804
3347,0.051946550607681274
3348,0.049402590841054916
3349,0.03351016342639923
3350,0.19790145754814148
3351,0.10555869340896606
3352,0.08509882539510727
3353,0.1319517344236374
3354,0.11452913284301758
3355,0.06750385463237762
3356,0.05205473303794861
3357,0.0614546462893486
3358,0.11286809295415878
3359,0.062164388597011566
3360,0.058587413281202316
3361,0.110539510846138
3362,0.14494314789772034
3363,0.1027473658323288
3364,0.07159489393234253
3365,0.08744271844625473
3366,0.07615421712398529
3367,0.19219547510147095
3368,0.04410790652036667
3369,0.23073899745941162
3370,0.11110653728246689
3371,0.03637675940990448
3372,0.08429452031850815
3373,0.1275065690279007
3374,0.09171757102012634
3375,0.14346599578857422
3376,0.05978693813085556
3377,0.08435007184743881
3378,0.07137301564216614
3379,0.07234112918376923
3380,0.12649846076965332
3381,0.06636759638786316
3382,0.06311333179473877
3383,0.10257385671138763
3384,0.05985862761735916
3385,0.07854819297790527
3386,0.04020573943853378
3387,0.027154525741934776
3388,0.05752462148666382
3389,0.09848330914974213
3390,0.036935366690158844
3391,0.06356073915958405
3392,0.05253876373171806
3393,0.051710810512304306
3394,0.04706002399325371
3395,0.16034352779388428
3396,0.10189345479011536
3397,0.06970425695180893
3398,0.08111638575792313
3399,0.04160125181078911
3400,0.04463144391775131
3401,0.10104727745056152
3402,0.1306297481060028
3403,0.11878027021884918
3404,0.07151532173156738
3405,0.0858694538474083
3406,0.0373346246778965
3407,0.11234478652477264
3408,0.1095954030752182
3409,0.046376317739486694
3410,0.07248762995004654
3411,0.0356886088848114
3412,0.049878209829330444
3413,0.07943668961524963
3414,0.1255914568901062
3415,0.06773101538419724
3416,0.08834098279476166
3417,0.04577876627445221
3418,0.05351148173213005
3419,0.10712207853794098
3420,0.12527386844158173
3421,0.07095903903245926
3422,0.12901362776756287
3423,0.05821903795003891
3424,0.1069374606013298
3425,0.11382781714200974
3426,0.04986017942428589
3427,0.11159728467464447
3428,0.08206988126039505
3429,0.05888555943965912
3430,0.10821561515331268
3431,0.1340879201889038
3432,0.06390371918678284
3433,0.11384966969490051
3434,0.1362181007862091
3435,0.04467664286494255
3436,0.13668036460876465
3437,0.03707895800471306
3438,0.07087256014347076
3439,0.05276287719607353
3440,0.060495905578136444
3441,0.06796857714653015
3442,0.09843587130308151
3443,0.05709409341216087
3444,0.04906385764479637
3445,0.040943995118141174
3446,0.11925896257162094
3447,0.12458547949790955
3448,0.12722404301166534
3449,0.08242802321910858
3450,0.09156274050474167
3451,0.07508454471826553
3452,0.02135833166539669
3453,0.1698770821094513
3454,0.07512813806533813
3455,0.0674290880560875
3456,0.14900639653205872
3457,0.08711891621351242
3458,0.13165047764778137
3459,0.04848884791135788
3460,0.033026546239852905
3461,0.0772833526134491
3462,0.10308518260717392
3463,0.059394028037786484
3464,0.07942813634872437
3465,0.06108123064041138
3466,0.056834593415260315
3467,0.06834982335567474
3468,0.12299396842718124
3469,0.09737491607666016
3470,0.0828273743391037
3471,0.0406159907579422
3472,0.07857193797826767
3473,0.10929011553525925
3474,0.11674362421035767
3475,0.02191135659813881
3476,0.0793214663863182
3477,0.09474708884954453
3478,0.04040900617837906
3479,0.043441083282232285
3480,0.11024577915668488
3481,0.05319708585739136
3482,0.0590205155313015
3483,0.07286648452281952
3484,0.0806734710931778
3485,0.0325804203748703
3486,0.08083318918943405
3487,0.03495965525507927
3488,0.1327855885028839
3489,0.159971222281456
3490,0.17266380786895752
3491,0.04795488715171814
3492,0.0915638655424118
3493,0.08089196681976318
3494,0.15830916166305542
3495,0.15527552366256714
3496,0.1203104704618454
3497,0.09201508015394211
3498,0.10315825790166855
3499,0.051288388669490814
3500,0.061905574053525925
3501,0.13137972354888916
3502,0.22326450049877167
3503,0.0426129475235939
3504,0.10411864519119263
3505,0.053374163806438446
3506,0.07933168113231659
3507,0.08287063986063004
3508,0.08336880803108215
3509,0.06966844201087952
3510,0.08217297494411469
3511,0.15604470670223236
3512,0.03117857128381729
3513,0.1294957846403122
3514,0.041089605540037155
3515,0.12939812242984772
3516,0.06413138657808304
3517,0.03362505882978439
3518,0.10285517573356628
3519,0.03613996505737305
3520,0.09433939307928085
3521,0.0801158994436264
3522,0.04884767532348633
3523,0.14336931705474854
3524,0.1287343055009842
3525,0.09728344529867172
3526,0.1308094710111618
3527,0.09457837045192719
3528,0.052387043833732605
3529,0.07986937463283539
3530,0.02730379067361355
3531,0.06430195271968842
3532,0.09912237524986267
3533,0.06546872854232788
3534,0.07873213291168213
3535,0.04975169152021408
3536,0.04660226032137871
3537,0.1015310287475586
3538,0.06384680420160294
3539,0.15108206868171692
3540,0.05334626883268356
3541,0.049077000468969345
3542,0.12010324001312256
3543,0.07970583438873291
3544,0.08540084958076477
3545,0.049719393253326416
3546,0.12481590360403061
3547,0.12108495086431503
3548,0.09844567626714706
3549,0.12346212565898895
3550,0.26980218291282654
3551,0.10960488021373749
3552,0.13092350959777832
3553,0.08171503245830536
3554,0.14409056305885315
3555,0.04314519464969635
3556,0.06524404883384705
3557,0.11464793980121613
3558,0.10810097306966782
3559,0.15680031478405
3560,0.13344110548496246
3561,0.042808473110198975
3562,0.10853913426399231
3563,0.05484333634376526
3564,0.04336252808570862
3565,0.11325844377279282
3566,0.0869116485118866
3567,0.07159588485956192
3568,0.03062255308032036
3569,0.06166304275393486
3570,0.11742645502090454
3571,0.10447835922241211
3572,0.13663263618946075
3573,0.14023560285568237
3574,0.07349871098995209
3575,0.10751223564147949
3576,0.06182096526026726
3577,0.06713175773620605
3578,0.04152368754148483
3579,0.0956081971526146
3580,0.06986629217863083
3581,0.11115872859954834
3582,0.03109392337501049
3583,0.1142260730266571
3584,0.19023793935775757
3585,0.06732034683227539
3586,0.10002586245536804
3587,0.03512395918369293
3588,0.14933645725250244
3589,0.06090319901704788
3590,0.0353083498775959
3591,0.11097022145986557
3592,0.21391718089580536
3593,0.11243882775306702
3594,0.08958698809146881
3595,0.14745402336120605
3596,0.12470706552267075
3597,0.13852496445178986
3598,0.030185161158442497
3599,0.08421903103590012
3600,0.0530320480465889
3601,0.036836717277765274
3602,0.06852404028177261
3603,0.048120658844709396
3604,0.0677611231803894
3605,0.07397957146167755
3606,0.06480202078819275
3607,0.042594652622938156
3608,0.1704753041267395
3609,0.10682837665081024
3610,0.045660048723220825
3611,0.019122540950775146
3612,0.07704818248748779
3613,0.05976300686597824
3614,0.09681948274374008
3615,0.043495677411556244
3616,0.06060964986681938
3617,0.06747853755950928
3618,0.07852445542812347
3619,0.10562484711408615
3620,0.11056645214557648
3621,0.1317639946937561
3622,0.08322960138320923
3623,0.057087697088718414
3624,0.04726571962237358
3625,0.11126439273357391
3626,0.14330166578292847
3627,0.05356007441878319
3628,0.08923986554145813
3629,0.1039646565914154
3630,0.09381362050771713
3631,0.1782856434583664
3632,0.060697413980960846
3633,0.1005464419722557
3634,0.061357997357845306
3635,0.14479850232601166
3636,0.11306266486644745
3637,0.27303561568260193
3638,0.0818835198879242
3639,0.041807979345321655
3640,0.03372470289468765
3641,0.12420346587896347
3642,0.13425718247890472
3643,0.07068491727113724
3644,0.04617566987872124
3645,0.017258239910006523
3646,0.04268466681241989
3647,0.10156162828207016
3648,0.13095629215240479
3649,0.10499489307403564
3650,0.21060186624526978
3651,0.06962595880031586
3652,0.08576337993144989
3653,0.06051605939865112
3654,0.12659604847431183
3655,0.12631648778915405
3656,0.029910055920481682
3657,0.10596612095832825
3658,0.10290160775184631
3659,0.08823530375957489
3660,0.13632386922836304
3661,0.03954750671982765
3662,0.052534788846969604
3663,0.09263049066066742
3664,0.05654272437095642
3665,0.08531012386083603
3666,0.09862518310546875
3667,0.08351568877696991
3668,0.09346185624599457
3669,0.052125200629234314
3670,0.06111188232898712
3671,0.036658670753240585
3672,0.08066236972808838
3673,0.21576806902885437
3674,0.07388599216938019
3675,0.07958090305328369
3676,0.09573700278997421
3677,0.06091231107711792
3678,0.04172596335411072
3679,0.08160736411809921
3680,0.14578628540039062
3681,0.08867166936397552
3682,0.12347407639026642
3683,0.10793038457632065
3684,0.045548390597105026
3685,0.10391218960285187
3686,0.07467000931501389
3687,0.025199200958013535
3688,0.09306444972753525
3689,0.0645049512386322
3690,0.10798388719558716
3691,0.12865133583545685
3692,0.12762479484081268
3693,0.08463186025619507
3694,0.03508630394935608
3695,0.038337044417858124
3696,0.04638577625155449
3697,0.13315090537071228
3698,0.025923263281583786
3699,0.09517955780029297
3700,0.09379979223012924
3701,0.09163682162761688
3702,0.06555777043104172
3703,0.19776301085948944
3704,0.05606899783015251
3705,0.06441336870193481
3706,0.04036111384630203
3707,0.1311931610107422
3708,0.06577852368354797
3709,0.07522432506084442
3710,0.057733118534088135
3711,0.10673429816961288
3712,0.0737525150179863
3713,0.05368812009692192
3714,0.08147887885570526
3715,0.12396882474422455
3716,0.04122721403837204
3717,0.06206086277961731
3718,0.08375134319067001
3719,0.07620517909526825
3720,0.17084293067455292
3721,0.0806618332862854
3722,0.10310858488082886
3723,0.10386693477630615
3724,0.09460591524839401
3725,0.12403176724910736
3726,0.09223007410764694
3727,0.056142982095479965
3728,0.05868452042341232
3729,0.04597015678882599
3730,0.09107683598995209
3731,0.07570630311965942
3732,0.052806418389081955
3733,0.13724392652511597
3734,0.312419056892395
3735,0.19434332847595215
3736,0.13344566524028778
3737,0.043009281158447266
3738,0.04568853601813316
3739,0.12707486748695374
3740,0.11346908658742905
3741,0.09068300575017929
3742,0.10273000597953796
3743,0.025545328855514526
3744,0.10372676700353622
3745,0.09383368492126465
3746,0.1300872415304184
3747,0.04108099266886711
3748,0.051973115652799606
3749,0.03691504895687103
3750,0.1096697747707367
3751,0.1865396946668625
3752,0.082618847489357
3753,0.0927758663892746
3754,0.11885261535644531
3755,0.14199863374233246
3756,0.032248616218566895
3757,0.06892092525959015
3758,0.11360421031713486
3759,0.06098472326993942
3760,0.113143190741539
3761,0.06847478449344635
3762,0.041834913194179535
3763,0.13335904479026794
3764,0.04924331605434418
3765,0.1346890926361084
3766,0.17670214176177979
3767,0.07627393305301666
3768,0.07430174201726913
3769,0.04106330871582031
3770,0.14209403097629547
3771,0.1592932641506195
3772,0.08720529079437256
3773,0.1907372921705246
3774,0.11064207553863525
3775,0.05713833495974541
3776,0.08268345892429352
3777,0.07755191624164581
3778,0.1003204807639122
3779,0.05047624930739403
3780,0.16715407371520996
3781,0.023715008050203323
3782,0.07258681952953339
3783,0.14081168174743652
3784,0.04291144758462906
3785,0.1096452921628952
3786,0.09689869731664658
3787,0.04229165241122246
3788,0.03781278058886528
3789,0.0803937315940857
3790,0.05134934186935425
3791,0.13045960664749146
3792,0.06204305216670036
3793,0.09651225805282593
3794,0.10758553445339203
3795,0.04289095848798752
3796,0.0700746476650238
3797,0.13254840672016144
3798,0.0998607724905014
3799,0.08457737416028976
3800,0.12244819104671478
3801,0.03523002192378044
3802,0.03351150453090668
3803,0.09300819039344788
3804,0.07877315580844879
3805,0.05584210157394409
3806,0.04450279101729393
3807,0.04443257302045822
3808,0.03785122558474541
3809,0.09440211951732635
3810,0.07458366453647614
3811,0.07912781089544296
3812,0.06891981512308121
3813,0.09698174893856049
3814,0.3205656409263611
3815,0.05867011472582817
3816,0.060324572026729584
3817,0.06718907505273819
3818,0.10708814859390259
3819,0.08114176988601685
3820,0.06501156091690063
3821,0.04248071834445
3822,0.048829883337020874
3823,0.1671823263168335
3824,0.06608134508132935
3825,0.03386304900050163
3826,0.04796748608350754
3827,0.06341342628002167
3828,0.07711153477430344
3829,0.058374106884002686
3830,0.08830128610134125
3831,0.06769412010908127
3832,0.14173807203769684
3833,0.11462835967540741
3834,0.11487279832363129
3835,0.0874476432800293
3836,0.07770782709121704
3837,0.056871600449085236
3838,0.06930422782897949
3839,0.05724521726369858
3840,0.07968670129776001
3841,0.03551850840449333
3842,0.09090302884578705
3843,0.19956974685192108
3844,0.15008479356765747
3845,0.06164296716451645
3846,0.16878585517406464
3847,0.08852997422218323
3848,0.05492977425456047
3849,0.02832914888858795
3850,0.059998467564582825
3851,0.031841814517974854
3852,0.048838041722774506
3853,0.1130320280790329
3854,0.10120886564254761
3855,0.03831762447953224
3856,0.06003937870264053
3857,0.15601323544979095
3858,0.030085258185863495
3859,0.18021661043167114
3860,0.1354249119758606
3861,0.04905001446604729
3862,0.09344238042831421
3863,0.09845785796642303
3864,0.08462934195995331
3865,0.17472612857818604
3866,0.06799468398094177
3867,0.12393531203269958
3868,0.09794215857982635
3869,0.06751290708780289
3870,0.07122964411973953
3871,0.15125560760498047
3872,0.0446847602725029
3873,0.12243860960006714
3874,0.030415568500757217
3875,0.10252117365598679
3876,0.09065228700637817
3877,0.05891500040888786
3878,0.06136854737997055
3879,0.11623871326446533
3880,0.04007168859243393
3881,0.06470467895269394
3882,0.04235909506678581
3883,0.054998792707920074
3884,0.055894672870635986
3885,0.07462996244430542
3886,0.10201327502727509
3887,0.063780777156353
3888,0.031018808484077454
3889,0.1029357761144638
3890,0.041078731417655945
3891,0.08490924537181854
3892,0.09380488097667694
3893,0.07943718880414963
3894,0.05660779029130936
3895,0.06736201792955399
3896,0.07154957950115204
3897,0.09816502779722214
3898,0.12201943248510361
3899,0.14486278593540192
3900,0.04349939152598381
3901,0.14455609023571014
3902,0.027247048914432526
3903,0.07999111711978912
3904,0.10663887113332748
3905,0.04629209637641907
3906,0.12063603103160858
3907,0.0830535739660263
3908,0.1766948699951172
3909,0.04692628234624863
3910,0.08204562962055206
3911,0.056074172258377075
3912,0.09181060642004013
3913,0.15751701593399048
3914,0.10665492713451385
3915,0.11090753972530365
3916,0.10525419563055038
3917,0.0846114456653595
3918,0.09582257270812988
3919,0.11828272044658661
3920,0.05318927392363548
3921,0.09129936993122101
3922,0.12541723251342773
3923,0.07406717538833618
3924,0.04010385274887085
3925,0.11981648206710815
3926,0.025481313467025757
3927,0.08943170309066772
3928,0.039328016340732574
3929,0.1718745082616806
3930,0.04927217215299606
3931,0.06661506742238998
3932,0.06527800858020782
3933,0.0703468918800354
3934,0.04871618375182152
3935,0.12950345873832703
3936,0.06751962751150131
3937,0.11048486083745956
3938,0.08864860981702805
3939,0.14869965612888336
3940,0.06597074121236801
3941,0.06312872469425201
3942,0.06448715925216675
3943,0.08790735900402069
3944,0.1800994575023651
3945,0.2229410856962204
3946,0.10619756579399109
3947,0.14695881307125092
3948,0.04109828174114227
3949,0.07142307609319687
3950,0.0925823301076889
3951,0.057099029421806335
3952,0.08311493694782257
3953,0.04433378204703331
3954,0.06165718287229538
3955,0.07838016748428345
3956,0.06384855508804321
3957,0.04916609451174736
3958,0.09486852586269379
3959,0.06109023094177246
3960,0.03449057787656784
3961,0.06822868436574936
3962,0.10809320211410522
3963,0.11718471348285675
3964,0.03578764200210571
3965,0.041307687759399414
3966,0.13194280862808228
3967,0.1324005126953125
3968,0.08977708220481873
3969,0.1227807030081749
3970,0.1249450147151947
3971,0.06776343286037445
3972,0.1005454882979393
3973,0.04041833430528641
3974,0.05450404807925224
3975,0.1139109656214714
3976,0.03813701495528221
3977,0.042452484369277954
3978,0.07594531029462814
3979,0.20505790412425995
3980,0.052416689693927765
3981,0.10529850423336029
3982,0.046051025390625
3983,0.09339329600334167
3984,0.08965015411376953
3985,0.16741812229156494
3986,0.07989341020584106
3987,0.1461390256881714
3988,0.059686969965696335
3989,0.06045989692211151
3990,0.0776628628373146
3991,0.061038147658109665
3992,0.06276854127645493
3993,0.058536045253276825
3994,0.03266369551420212
3995,0.1425514817237854
3996,0.10496518015861511
3997,0.08236061036586761
3998,0.12984414398670197
3999,0.16935455799102783
4000,0.14627407491207123
4001,0.1596067249774933
4002,0.11752378940582275
4003,0.12976893782615662
4004,0.12774038314819336
4005,0.12765564024448395
4006,0.09182318300008774
4007,0.028641169890761375
4008,0.027074700221419334
4009,0.11067165434360504
4010,0.0631779283285141
4011,0.12040293216705322
4012,0.08358566462993622
4013,0.09924602508544922
4014,0.15364477038383484
4015,0.08782481402158737
4016,0.117613784968853
4017,0.1143171638250351
4018,0.09496267884969711
4019,0.0367981381714344
4020,0.1095363050699234
4021,0.046645864844322205
4022,0.1443195343017578
4023,0.08997797966003418
4024,0.08633837103843689
4025,0.1082974523305893
4026,0.18227478861808777
4027,0.09242266416549683
4028,0.09458085149526596
4029,0.09885716438293457
4030,0.050612181425094604
4031,0.1019936054944992
4032,0.08617764711380005
4033,0.02728668414056301
4034,0.1635487675666809
4035,0.06183147057890892
4036,0.03594214469194412
4037,0.08584227412939072
4038,0.06584196537733078
4039,0.029811855405569077
4040,0.08887870609760284
4041,0.12417678534984589
4042,0.10828077793121338
4043,0.14658233523368835
4044,0.1715523600578308
4045,0.019308563321828842
4046,0.04952658712863922
4047,0.07081182301044464
4048,0.05183016508817673
4049,0.030795812606811523
4050,0.04471900686621666
4051,0.0702543556690216
4052,0.11721738427877426
4053,0.03874393552541733
4054,0.06240486353635788
4055,0.11502709239721298
4056,0.04628079757094383
4057,0.07076215744018555
4058,0.03519923985004425
4059,0.08486815541982651
4060,0.037161991000175476
4061,0.13738882541656494
4062,0.1224859356880188
4063,0.06651534140110016
4064,0.07672691345214844
4065,0.10464071482419968
4066,0.026181912049651146
4067,0.07447591423988342
4068,0.0976400226354599
4069,0.141143798828125
4070,0.0945553407073021
4071,0.059025995433330536
4072,0.06527005136013031
4073,0.0480649396777153
4074,0.08327552676200867
4075,0.24024836719036102
4076,0.041737914085388184
4077,0.0395517572760582
4078,0.09062914550304413
4079,0.10523176193237305
4080,0.0777290016412735
4081,0.033249180763959885
4082,0.07406103610992432
4083,0.07233045995235443
4084,0.02535059116780758
4085,0.0262264646589756
4086,0.05813419818878174
4087,0.20301243662834167
4088,0.07098948210477829
4089,0.07719722390174866
4090,0.03936260938644409
4091,0.12507960200309753
4092,0.07373806089162827
4093,0.06783687323331833
4094,0.2243202179670334
4095,0.0935344398021698
4096,0.08154861629009247
4097,0.03148958832025528
4098,0.044367559254169464
4099,0.037443943321704865
4100,0.03187820315361023
4101,0.02966228500008583
4102,0.066239133477211
4103,0.05630259960889816
4104,0.034743018448352814
4105,0.06673949211835861
4106,0.045041631907224655
4107,0.07170732319355011
4108,0.060386449098587036
4109,0.07717208564281464
4110,0.028809545561671257
4111,0.051127295941114426
4112,0.06984463334083557
4113,0.013356613926589489
4114,0.12883681058883667
4115,0.10509207099676132
4116,0.04392261058092117
4117,0.1393345594406128
4118,0.07937338203191757
4119,0.06864862143993378
4120,0.09441466629505157
4121,0.14792703092098236
4122,0.04074333235621452
4123,0.13860605657100677
4124,0.06552030146121979
4125,0.041136063635349274
4126,0.058454882353544235
4127,0.13322994112968445
4128,0.12998992204666138
4129,0.16010335087776184
4130,0.14906415343284607
4131,0.0296916663646698
4132,0.18070678412914276
4133,0.04352472722530365
4134,0.02833360806107521
4135,0.04829966276884079
4136,0.04453391954302788
4137,0.08179540187120438
4138,0.14691723883152008
4139,0.14020973443984985
4140,0.10343720763921738
4141,0.0989709123969078
4142,0.09069673717021942
4143,0.10033967345952988
4144,0.1254018247127533
4145,0.06257227063179016
4146,0.13314011693000793
4147,0.05581086128950119
4148,0.07192537188529968
4149,0.1546594500541687
4150,0.08678509294986725
4151,0.1543208360671997
4152,0.08787413686513901
4153,0.04396631941199303
4154,0.07047813385725021
4155,0.08671653270721436
4156,0.03591322898864746
4157,0.09747925400733948
4158,0.046777646988630295
4159,0.05104435980319977
4160,0.08689156174659729
4161,0.11605408042669296
4162,0.14158852398395538
4163,0.11553001403808594
4164,0.09074225276708603
4165,0.0427369624376297
4166,0.08315067738294601
4167,0.15697143971920013
4168,0.08534032106399536
4169,0.05975661426782608
4170,0.14091502130031586
4171,0.22038845717906952
4172,0.06281402707099915
4173,0.1328829824924469
4174,0.16066697239875793
4175,0.11265972256660461
4176,0.07041098177433014
4177,0.03847634792327881
4178,0.07007130980491638
4179,0.09218128770589828
4180,0.1260613203048706
4181,0.07972323149442673
4182,0.14008361101150513
4183,0.0937982052564621
4184,0.07548075914382935
4185,0.13964389264583588
4186,0.039695076644420624
4187,0.10923993587493896
4188,0.04675240442156792
4189,0.03729122504591942
4190,0.20626720786094666
4191,0.09299036115407944
4192,0.040162332355976105
4193,0.12312531471252441
4194,0.08547443151473999
4195,0.05255132168531418
4196,0.09919464588165283
4197,0.131598562002182
4198,0.020652582868933678
4199,0.05340657755732536
4200,0.08351776003837585
4201,0.033948302268981934
4202,0.10327863693237305
4203,0.12233178317546844
4204,0.1366438865661621
4205,0.058096617460250854
4206,0.033557482063770294
4207,0.08770888298749924
4208,0.10773660242557526
4209,0.15850047767162323
4210,0.043022118508815765
4211,0.061921536922454834
4212,0.042234428226947784
4213,0.09879769384860992
4214,0.031105389818549156
4215,0.02334427833557129
4216,0.12501811981201172
4217,0.07173528522253036
4218,0.1341123729944229
4219,0.11072763055562973
4220,0.0654790997505188
4221,0.1333027333021164
4222,0.07076005637645721
4223,0.07219061255455017
4224,0.04160190373659134
4225,0.10527776181697845
4226,0.017735233530402184
4227,0.1280311942100525
4228,0.04286973923444748
4229,0.047471340745687485
4230,0.008994908072054386
4231,0.06261903047561646
4232,0.1043223887681961
4233,0.10508718341588974
4234,0.11612039804458618
4235,0.15797492861747742
4236,0.12623006105422974
4237,0.09547531604766846
4238,0.05869390070438385
4239,0.1062580943107605
4240,0.028014538809657097
4241,0.11298052966594696
4242,0.08055474609136581
4243,0.08479031920433044
4244,0.040624506771564484
4245,0.050698935985565186
4246,0.04305441305041313
4247,0.0879540741443634
4248,0.10940329730510712
4249,0.045712511986494064
4250,0.07145730406045914
4251,0.15955275297164917
4252,0.10315261781215668
4253,0.057095568627119064
4254,0.060861703008413315
4255,0.03685314208269119
4256,0.10700177401304245
4257,0.0611327700316906
4258,0.08957719802856445
4259,0.18558631837368011
4260,0.08933176845312119
4261,0.13572978973388672
4262,0.049095503985881805
4263,0.06982444226741791
4264,0.09150588512420654
4265,0.04800015315413475
4266,0.12580470740795135
4267,0.06237141788005829
4268,0.040978167206048965
4269,0.055142879486083984
4270,0.05645328015089035
4271,0.08938142657279968
4272,0.27927446365356445
4273,0.053536307066679
4274,0.04580722376704216
4275,0.22614949941635132
4276,0.11471017450094223
4277,0.11277034878730774
4278,0.04335753619670868
4279,0.05497865378856659
4280,0.0722663402557373
4281,0.021581431850790977
4282,0.0983847975730896
4283,0.08273964375257492
4284,0.13313555717468262
4285,0.026051780208945274
4286,0.09331029653549194
4287,0.24208539724349976
4288,0.06324104964733124
4289,0.11353342980146408
4290,0.07244011014699936
4291,0.1769597977399826
4292,0.0832543596625328
4293,0.20951609313488007
4294,0.07453067600727081
4295,0.08096756041049957
4296,0.03962324187159538
4297,0.0857832059264183
4298,0.0900634378194809
4299,0.045850567519664764
4300,0.07150246202945709
4301,0.023079633712768555
4302,0.06376657634973526
4303,0.0544702522456646
4304,0.1290808618068695
4305,0.02881692349910736
4306,0.05654510110616684
4307,0.07405823469161987
4308,0.10424351692199707
4309,0.03341379389166832
4310,0.13388857245445251
4311,0.08208468556404114
4312,0.033863067626953125
4313,0.08272858709096909
4314,0.04539404436945915
4315,0.062958262860775
4316,0.06453494727611542
4317,0.037729714065790176
4318,0.02231346070766449
4319,0.10585212707519531
4320,0.12495723366737366
4321,0.11226336658000946
4322,0.09346702694892883
4323,0.053859710693359375
4324,0.134612038731575
4325,0.060647934675216675
4326,0.11194702237844467
4327,0.06050023436546326
4328,0.10921172797679901
4329,0.09136071056127548
4330,0.07306324690580368
4331,0.11249490827322006
4332,0.06166154146194458
4333,0.078794464468956
4334,0.0525507926940918
4335,0.07587075233459473
4336,0.12938916683197021
4337,0.05375046283006668
4338,0.11608392000198364
4339,0.049688421189785004
4340,0.049829356372356415
4341,0.17548374831676483
4342,0.047116249799728394
4343,0.09636901319026947
4344,0.018979359418153763
4345,0.04551726207137108
4346,0.1227540522813797
4347,0.11298106610774994
4348,0.13639135658740997
4349,0.15804432332515717
4350,0.09416554868221283
4351,0.10550453513860703
4352,0.025272822007536888
4353,0.0909925103187561
4354,0.1047796756029129
4355,0.06499689817428589
4356,0.028561044484376907
4357,0.04269826039671898
4358,0.09811731427907944
4359,0.07142877578735352
4360,0.03787247836589813
4361,0.04236981272697449
4362,0.13406093418598175
4363,0.051843173801898956
4364,0.1417018473148346
4365,0.09027396142482758
4366,0.045241013169288635
4367,0.17059260606765747
4368,0.0931326150894165
4369,0.10185541957616806
4370,0.0391450971364975
4371,0.059128399938344955
4372,0.17231807112693787
4373,0.13646462559700012
4374,0.03799354285001755
4375,0.07887324690818787
4376,0.09431340545415878
4377,0.058202050626277924
4378,0.05109117180109024
4379,0.05309949442744255
4380,0.1375216394662857
4381,0.13544844090938568
4382,0.0726921558380127
4383,0.12170287221670151
4384,0.09594520926475525
4385,0.08750151097774506
4386,0.0935068354010582
4387,0.07136508822441101
4388,0.058138519525527954
4389,0.06396907567977905
4390,0.09639456868171692
4391,0.05658136308193207
4392,0.09574480354785919
4393,0.16322630643844604
4394,0.027615830302238464
4395,0.058874182403087616
4396,0.08565844595432281
4397,0.12319725751876831
4398,0.13194774091243744
4399,0.07484559714794159
4400,0.0475362166762352
4401,0.11247414350509644
4402,0.07588785141706467
4403,0.027385972440242767
4404,0.06847181916236877
4405,0.12006264925003052
4406,0.09854229539632797
4407,0.0671851634979248
4408,0.08044374734163284
4409,0.12305556237697601
4410,0.09013007581233978
4411,0.07764789462089539
4412,0.152988463640213
4413,0.03539883717894554
4414,0.0948166474699974
4415,0.055362582206726074
4416,0.03616275638341904
4417,0.06314115971326828
4418,0.07051146030426025
4419,0.07246369868516922
4420,0.0928390845656395
4421,0.06296642124652863
4422,0.06918753683567047
4423,0.04996965453028679
4424,0.0694548711180687
4425,0.14638663828372955
4426,0.05310824513435364
4427,0.03942596912384033
4428,0.036650948226451874
4429,0.15664079785346985
4430,0.1973925530910492
4431,0.12432637065649033
4432,0.10546182841062546
4433,0.04681470990180969
4434,0.14102065563201904
4435,0.11947032064199448
4436,0.1004992350935936
4437,0.043191634118556976
4438,0.14176814258098602
4439,0.02718069963157177
4440,0.05744509398937225
4441,0.11093493551015854
4442,0.06740418076515198
4443,0.11408276855945587
4444,0.02512815222144127
4445,0.1608782857656479
4446,0.19671949744224548
4447,0.09670524299144745
4448,0.07897799462080002
4449,0.08532562106847763
4450,0.07427000254392624
4451,0.07278186082839966
4452,0.050552885979413986
4453,0.03126968443393707
4454,0.15915854275226593
4455,0.10701730847358704
4456,0.060891758650541306
4457,0.08703141659498215
4458,0.06431309878826141
4459,0.04098653048276901
4460,0.08725464344024658
4461,0.11168396472930908
4462,0.16439417004585266
4463,0.04530499875545502
4464,0.13178767263889313
4465,0.05617735534906387
4466,0.07052189111709595
4467,0.07850334048271179
4468,0.07448142766952515
4469,0.15916632115840912
4470,0.06319475919008255
4471,0.09234970062971115
4472,0.13039039075374603
4473,0.027363207191228867
4474,0.11978910863399506
4475,0.08274596929550171
4476,0.04739987850189209
4477,0.0956173837184906
4478,0.10272066295146942
4479,0.053288280963897705
4480,0.0687112957239151
4481,0.11494328826665878
4482,0.054368458688259125
4483,0.06469710171222687
4484,0.11702130734920502
4485,0.03912317007780075
4486,0.03872685879468918
4487,0.13079768419265747
4488,0.09663255512714386
4489,0.09301640093326569
4490,0.07559562474489212
4491,0.042819589376449585
4492,0.02723855897784233
4493,0.0760430097579956
4494,0.168317049741745
4495,0.11124148964881897
4496,0.11554116010665894
4497,0.02909936010837555
4498,0.057492226362228394
4499,0.06847287714481354
4500,0.10997281968593597
4501,0.09229026734828949
4502,0.02347671240568161
4503,0.06947845965623856
4504,0.03964534029364586
4505,0.08442986011505127
4506,0.11915262043476105
4507,0.0763322114944458
4508,0.05070140212774277
4509,0.12048536539077759
4510,0.08308788388967514
4511,0.06686060130596161
4512,0.055743973702192307
4513,0.09587638080120087
4514,0.03097311034798622
4515,0.07846105098724365
4516,0.17610673606395721
4517,0.06371551752090454
4518,0.10749709606170654
4519,0.033648427575826645
4520,0.11516912281513214
4521,0.08835488557815552
4522,0.10914655774831772
4523,0.08961613476276398
4524,0.05632173269987106
4525,0.19296109676361084
4526,0.15250012278556824
4527,0.14661520719528198
4528,0.11525452136993408
4529,0.13057772815227509
4530,0.11138343811035156
4531,0.1016601175069809
4532,0.13107798993587494
4533,0.10466297715902328
4534,0.048986028879880905
4535,0.09569688886404037
4536,0.05290951579809189
4537,0.07595063745975494
4538,0.105805903673172
4539,0.09198051691055298
4540,0.06299164891242981
4541,0.14418944716453552
4542,0.08134619891643524
4543,0.06417613476514816
4544,0.06471951305866241
4545,0.11162491887807846
4546,0.09468137472867966
4547,0.0296394731849432
4548,0.08729219436645508
4549,0.0852474719285965
4550,0.10966092348098755
4551,0.06100938469171524
4552,0.03303234279155731
4553,0.1275382786989212
4554,0.21805870532989502
4555,0.05690911412239075
4556,0.08941882848739624
4557,0.038429856300354004
4558,0.06870678067207336
4559,0.062367379665374756
4560,0.061284296214580536
4561,0.02174748107790947
4562,0.021016379818320274
4563,0.028840817511081696
4564,0.1874893605709076
4565,0.05595068261027336
4566,0.13597151637077332
4567,0.1262766420841217
4568,0.0712440088391304
4569,0.11503255367279053
4570,0.04963776096701622
4571,0.123058021068573
4572,0.06947502493858337
4573,0.05561520904302597
4574,0.06746861338615417
4575,0.09903641790151596
4576,0.22042152285575867
4577,0.14637905359268188
4578,0.11241567134857178
4579,0.1029246598482132
4580,0.0428234338760376
4581,0.06404377520084381
4582,0.05397263914346695
4583,0.06466013193130493
4584,0.115190789103508
4585,0.06293021142482758
4586,0.05666029080748558
4587,0.12020605802536011
4588,0.12731407582759857
4589,0.10861609876155853
4590,0.02664932608604431
4591,0.04384211450815201
4592,0.08110982179641724
4593,0.1578575074672699
4594,0.11824038624763489
4595,0.09077624976634979
4596,0.060106806457042694
4597,0.07768191397190094
4598,0.0838170051574707
4599,0.06588134914636612
4600,0.05649328976869583
4601,0.11339207738637924
4602,0.12385514378547668
4603,0.05940977856516838
4604,0.1011018455028534
4605,0.17508813738822937
4606,0.026794791221618652
4607,0.028526242822408676
4608,0.028372671455144882
4609,0.16479280591011047
4610,0.01973338983952999
4611,0.12757349014282227
4612,0.08769338577985764
4613,0.0458192452788353
4614,0.10398697108030319
4615,0.0757644772529602
4616,0.1401265561580658
4617,0.11913367360830307
4618,0.037189312279224396
4619,0.09333191812038422
4620,0.06371591985225677
4621,0.03746960312128067
4622,0.08861502259969711
4623,0.07885820418596268
4624,0.05906454846262932
4625,0.06648759543895721
4626,0.11894726753234863
4627,0.07257217168807983
4628,0.056543491780757904
4629,0.1414109170436859
4630,0.1332090049982071
4631,0.0911894366145134
4632,0.08510909974575043
4633,0.07102853059768677
4634,0.18253833055496216
4635,0.059503331780433655
4636,0.08340094983577728
4637,0.07846415042877197
4638,0.06817403435707092
4639,0.020171018317341805
4640,0.14588816463947296
4641,0.12354137748479843
4642,0.07123710215091705
4643,0.05096317455172539
4644,0.10851004719734192
4645,0.09062477946281433
4646,0.05744161456823349
4647,0.236267551779747
4648,0.02830875664949417
4649,0.074578195810318
4650,0.07331203669309616
4651,0.12242215871810913
4652,0.06504009664058685
4653,0.05524144694209099
4654,0.14178739488124847
4655,0.055500105023384094
4656,0.012173320166766644
4657,0.05390135571360588
4658,0.09271544218063354
4659,0.06992288678884506
4660,0.04068945348262787
4661,0.11713400483131409
4662,0.16577374935150146
4663,0.06907272338867188
4664,0.022882428020238876
4665,0.13247177004814148
4666,0.1256265491247177
4667,0.092154860496521
4668,0.0789780542254448
4669,0.17348679900169373
4670,0.08668036758899689
4671,0.08403163403272629
4672,0.15059763193130493
4673,0.12408851832151413
4674,0.04101111739873886
4675,0.07461398094892502
4676,0.0676446184515953
4677,0.02560199797153473
4678,0.14029701054096222
4679,0.05743918567895889
4680,0.07159711420536041
4681,0.03776169568300247
4682,0.04952645301818848
4683,0.07250096648931503
4684,0.14491882920265198
4685,0.09146484732627869
4686,0.09801585972309113
4687,0.1708584725856781
4688,0.10396885126829147
4689,0.08724012970924377
4690,0.0650710016489029
4691,0.06487394124269485
4692,0.07042544335126877
4693,0.06072621047496796
4694,0.05078890919685364
4695,0.06690095365047455
4696,0.10200771689414978
4697,0.049036599695682526
4698,0.14096218347549438
4699,0.16928797960281372
4700,0.05553996562957764
4701,0.05103735253214836
4702,0.11150281131267548
4703,0.07341518253087997
4704,0.06223147362470627
4705,0.045003823935985565
4706,0.04717253893613815
4707,0.18444131314754486
4708,0.05688875541090965
4709,0.11586056649684906
4710,0.2450898140668869
4711,0.035613611340522766
4712,0.06498359888792038
4713,0.1504586786031723
4714,0.05523800104856491
4715,0.030968045815825462
4716,0.14651614427566528
4717,0.07182493805885315
4718,0.1117052435874939
4719,0.04247516021132469
4720,0.0937536209821701
4721,0.09448319673538208
4722,0.0657789558172226
4723,0.08231505006551743
4724,0.07454028725624084
4725,0.059654396027326584
4726,0.09548340737819672
4727,0.08626841753721237
4728,0.06156131625175476
4729,0.08840792626142502
4730,0.056219570338726044
4731,0.05261559411883354
4732,0.09617717564105988
4733,0.047792788594961166
4734,0.08013357222080231
4735,0.04512759670615196
4736,0.12857899069786072
4737,0.030061542987823486
4738,0.05521640181541443
4739,0.02584250643849373
4740,0.07275741547346115
4741,0.12183307856321335
4742,0.04793781042098999
4743,0.040473103523254395
4744,0.10804331302642822
4745,0.060328077524900436
4746,0.11431866884231567
4747,0.10631512105464935
4748,0.11370107531547546
4749,0.04155076667666435
4750,0.08984469622373581
4751,0.10060881823301315
4752,0.07285963743925095
4753,0.093436598777771
4754,0.0810203105211258
4755,0.07683973014354706
4756,0.08186650276184082
4757,0.07655930519104004
4758,0.05245544761419296
4759,0.12706272304058075
4760,0.15347203612327576
4761,0.05720747634768486
4762,0.05173126980662346
4763,0.10227647423744202
4764,0.15278330445289612
4765,0.20077532529830933
4766,0.1431780904531479
4767,0.06064062565565109
4768,0.16685692965984344
4769,0.12057514488697052
4770,0.04115567356348038
4771,0.06647175550460815
4772,0.13175606727600098
4773,0.035356782376766205
4774,0.06018068641424179
4775,0.10461877286434174
4776,0.07100038975477219
4777,0.09296119213104248
4778,0.1250636875629425
4779,0.10393449664115906
4780,0.13897304236888885
4781,0.08126163482666016
4782,0.10753530263900757
4783,0.15508976578712463
4784,0.10202067345380783
4785,0.07486914843320847
4786,0.06903568655252457
4787,0.07000547647476196
4788,0.09507349133491516
4789,0.06175428628921509
4790,0.06143868714570999
4791,0.10142923891544342
4792,0.04326271638274193
4793,0.126992329955101
4794,0.0713290274143219
4795,0.15373939275741577
4796,0.08260034769773483
4797,0.03464285284280777
4798,0.1421753615140915
4799,0.06114637851715088
4800,0.0981164425611496
4801,0.12141778320074081
4802,0.03424864262342453
4803,0.09021925926208496
4804,0.04457942768931389
4805,0.06588859111070633
4806,0.1406186819076538
4807,0.13857047259807587
4808,0.07857515662908554
4809,0.06655541062355042
4810,0.0878768190741539
4811,0.05604733154177666
4812,0.16024553775787354
4813,0.18064257502555847
4814,0.09783094376325607
4815,0.10655316710472107
4816,0.07037723064422607
4817,0.0869976133108139
4818,0.04183696210384369
4819,0.08002911508083344
4820,0.09119351208209991
4821,0.05646665021777153
4822,0.10944764316082001
4823,0.06568130105733871
4824,0.10585159063339233
4825,0.0870012491941452
4826,0.04249085113406181
4827,0.027639303356409073
4828,0.09522291272878647
4829,0.11770712584257126
4830,0.023943599313497543
4831,0.05223141238093376
4832,0.05539388582110405
4833,0.07719661295413971
4834,0.046306006610393524
4835,0.08477747440338135
4836,0.10095906257629395
4837,0.07537174224853516
4838,0.13280372321605682
4839,0.12729483842849731
4840,0.08224079012870789
4841,0.11484897136688232
4842,0.04752103611826897
4843,0.0857701227068901
4844,0.054491665214300156
4845,0.03568681329488754
4846,0.04423070698976517
4847,0.05662645027041435
4848,0.10871344804763794
4849,0.07864974439144135
4850,0.08526986837387085
4851,0.049710631370544434
4852,0.06848936527967453
4853,0.1259717047214508
4854,0.1122700572013855
4855,0.14763730764389038
4856,0.03001973405480385
4857,0.08172248303890228
4858,0.11933927237987518
4859,0.07046560943126678
4860,0.040297530591487885
4861,0.13032549619674683
4862,0.0707366093993187
4863,0.20952366292476654
4864,0.06397708505392075
4865,0.025396283715963364
4866,0.10638698190450668
4867,0.1079024001955986
4868,0.13474854826927185
4869,0.06122763082385063
4870,0.2115168571472168
4871,0.07808539271354675
4872,0.130431666970253
4873,0.033756911754608154
4874,0.0709332823753357
4875,0.05384928733110428
4876,0.1649475246667862
4877,0.11343526840209961
4878,0.11421981453895569
4879,0.07401017844676971
4880,0.09678176045417786
4881,0.172105610370636
4882,0.05897822603583336
4883,0.0341547429561615
4884,0.026689646765589714
4885,0.07335847616195679
4886,0.14758077263832092
4887,0.1139795184135437
4888,0.0855860561132431
4889,0.03193961828947067
4890,0.17774000763893127
4891,0.06840965151786804
4892,0.1284976303577423
4893,0.1415308266878128
4894,0.056666791439056396
4895,0.13782571256160736
4896,0.0649285763502121
4897,0.08210557699203491
4898,0.11579769849777222
4899,0.10425838828086853
4900,0.10574295371770859
4901,0.03674134239554405
4902,0.24581818282604218
4903,0.15470066666603088
4904,0.05750810354948044
4905,0.05974455177783966
4906,0.0892171561717987
4907,0.13024839758872986
4908,0.11422672122716904
4909,0.14404898881912231
4910,0.17827686667442322
4911,0.06402336061000824
4912,0.10121957957744598
4913,0.023684781044721603
4914,0.1857113093137741
4915,0.07514451444149017
4916,0.05323672294616699
4917,0.06499101966619492
4918,0.08272743225097656
4919,0.07900740951299667
4920,0.06938213109970093
4921,0.10569137334823608
4922,0.08791838586330414
4923,0.09162260591983795
4924,0.0755402073264122
4925,0.06273951381444931
4926,0.10452745854854584
4927,0.11154496669769287
4928,0.1010776162147522
4929,0.08417462557554245
4930,0.045338213443756104
4931,0.06275184452533722
4932,0.12700042128562927
4933,0.10394719243049622
4934,0.05377105623483658
4935,0.17015480995178223
4936,0.06551744043827057
4937,0.12876275181770325
4938,0.09453578293323517
4939,0.06899319589138031
4940,0.06780512630939484
4941,0.03263741359114647
4942,0.060024410486221313
4943,0.077462337911129
4944,0.09698253124952316
4945,0.11711745709180832
4946,0.14045901596546173
4947,0.05400243401527405
4948,0.07166261225938797
4949,0.07899980247020721
4950,0.04958873242139816
4951,0.06182864308357239
4952,0.13326090574264526
4953,0.09170563519001007
4954,0.10059982538223267
4955,0.07545852661132812
4956,0.0592026561498642
4957,0.08507540076971054
4958,0.18564531207084656
4959,0.10031136870384216
4960,0.09288482367992401
4961,0.10513965785503387
4962,0.10859303176403046
4963,0.046149518340826035
4964,0.07285681366920471
4965,0.05413892865180969
4966,0.10169458389282227
4967,0.03836870566010475
4968,0.06326780468225479
4969,0.10534191131591797
4970,0.03484467417001724
4971,0.0791727602481842
4972,0.06789301335811615
4973,0.06772483885288239
4974,0.12778308987617493
4975,0.12073104083538055
4976,0.1339784562587738
4977,0.05953181907534599
4978,0.12983527779579163
4979,0.14765679836273193
4980,0.04006864130496979
4981,0.08926129341125488
4982,0.05839144438505173
4983,0.06613422930240631
4984,0.05975716561079025
4985,0.04988536238670349
4986,0.03218527138233185
4987,0.16034220159053802
4988,0.03187529370188713
4989,0.059056356549263
4990,0.08742612600326538
4991,0.224403977394104
4992,0.06293541938066483
4993,0.03790678828954697
4994,0.07535599172115326
4995,0.10799998044967651
4996,0.054909806698560715
4997,0.04982156306505203
4998,0.10988406836986542
4999,0.09934556484222412
5000,0.10661713778972626
5001,0.09871309995651245
5002,0.06215229257941246
5003,0.04532252997159958
5004,0.13972888886928558
5005,0.062250684946775436
5006,0.06982721388339996
5007,0.08131356537342072
5008,0.13138410449028015
5009,0.13054904341697693
5010,0.1410793960094452
5011,0.08431635797023773
5012,0.05741121619939804
5013,0.06175881624221802
5014,0.06957237422466278
5015,0.10301356017589569
5016,0.11283799260854721
5017,0.044314783066511154
5018,0.03493673354387283
5019,0.0764247477054596
5020,0.05824615806341171
5021,0.045312196016311646
5022,0.06572610139846802
5023,0.07201457023620605
5024,0.09725965559482574
5025,0.08305160701274872
5026,0.06778622418642044
5027,0.10503453016281128
5028,0.06856386363506317
5029,0.07819144427776337
5030,0.10183916985988617
5031,0.10595973581075668
5032,0.09854602813720703
5033,0.06785204261541367
5034,0.0997297391295433
5035,0.09749463200569153
5036,0.05825110897421837
5037,0.03942553326487541
5038,0.06183809041976929
5039,0.07206043601036072
5040,0.03040975145995617
5041,0.05634952336549759
5042,0.08443529903888702
5043,0.043502457439899445
5044,0.03850135952234268
5045,0.12776491045951843
5046,0.07459667325019836
5047,0.029680615290999413
5048,0.052133768796920776
5049,0.0973687395453453
5050,0.07266832888126373
5051,0.11006926000118256
5052,0.041716642677783966
5053,0.12635356187820435
5054,0.06072652339935303
5055,0.10099168866872787
5056,0.052020564675331116
5057,0.110502228140831
5058,0.06443579494953156
5059,0.1779983639717102
5060,0.050697844475507736
5061,0.053511977195739746
5062,0.08785068988800049
5063,0.0325566828250885
5064,0.054311297833919525
5065,0.04427821561694145
5066,0.07747447490692139
5067,0.1764124631881714
5068,0.057658951729536057
5069,0.08554521203041077
5070,0.10026216506958008
5071,0.13595443964004517
5072,0.08949693292379379
5073,0.02299509570002556
5074,0.07707521319389343
5075,0.07703505456447601
5076,0.039150483906269073
5077,0.09225227683782578
5078,0.05769544839859009
5079,0.09147229045629501
5080,0.1402435004711151
5081,0.05901564285159111
5082,0.12689237296581268
5083,0.0618557445704937
5084,0.06844502687454224
5085,0.07687997817993164
5086,0.08261757344007492
5087,0.06303276121616364
5088,0.04592784494161606
5089,0.09586884826421738
5090,0.03420606255531311
5091,0.10914558172225952
5092,0.045087240636348724
5093,0.09966900944709778
5094,0.09507300704717636
5095,0.09278172254562378
5096,0.06911647319793701
5097,0.09057854115962982
5098,0.1056533083319664
5099,0.08243899047374725
5100,0.03290104120969772
5101,0.10040389001369476
5102,0.08078216016292572
5103,0.06287529319524765
5104,0.06691326200962067
5105,0.10807059705257416
5106,0.03874805197119713
5107,0.10415487736463547
5108,0.13303416967391968
5109,0.13799253106117249
5110,0.05831953138113022
5111,0.12283172458410263
5112,0.0569080114364624
5113,0.041019465774297714
5114,0.09432070702314377
5115,0.1882033348083496
5116,0.11102257668972015
5117,0.04747241735458374
5118,0.040707968175411224
5119,0.01817244291305542
5120,0.09187444299459457
5121,0.0565374493598938
5122,0.11855390667915344
5123,0.17486798763275146
5124,0.023400399833917618
5125,0.02591036632657051
5126,0.07830331474542618
5127,0.0804489478468895
5128,0.07131096720695496
5129,0.05339979752898216
5130,0.0673343762755394
5131,0.14279145002365112
5132,0.08051635324954987
5133,0.10587607324123383
5134,0.13660506904125214
5135,0.05880710110068321
5136,0.057031840085983276
5137,0.05790909752249718
5138,0.15975011885166168
5139,0.04768197238445282
5140,0.1073162779211998
5141,0.07635056227445602
5142,0.17707309126853943
5143,0.0647074282169342
5144,0.09077154099941254
5145,0.0906933844089508
5146,0.07011502236127853
5147,0.06408607959747314
5148,0.11996747553348541
5149,0.08759250491857529
5150,0.10931630432605743
5151,0.06559096276760101
5152,0.06730698049068451
5153,0.0384967178106308
5154,0.17421108484268188
5155,0.0671907290816307
5156,0.09466284513473511
5157,0.14043302834033966
5158,0.12743881344795227
5159,0.131423220038414
5160,0.08318254351615906
5161,0.08744814246892929
5162,0.141794353723526
5163,0.05076676607131958
5164,0.10842950642108917
5165,0.028119318187236786
5166,0.042953044176101685
5167,0.04969785362482071
5168,0.07186836004257202
5169,0.022048160433769226
5170,0.09776787459850311
5171,0.11021409928798676
5172,0.03216532990336418
5173,0.09376349300146103
5174,0.05052420496940613
5175,0.08780132234096527
5176,0.043137453496456146
5177,0.055547744035720825
5178,0.0663333311676979
5179,0.09754487127065659
5180,0.14438964426517487
5181,0.11717383563518524
5182,0.08257444947957993
5183,0.07565079629421234
5184,0.059481456875801086
5185,0.148570716381073
5186,0.02555413357913494
5187,0.1248750314116478
5188,0.08235937356948853
5189,0.11997155845165253
5190,0.03013600781559944
5191,0.041605159640312195
5192,0.05893326923251152
5193,0.07441619038581848
5194,0.11349936574697495
5195,0.0786125585436821
5196,0.09127961099147797
5197,0.0426996573805809
5198,0.030958792194724083
5199,0.2354833334684372
5200,0.07734262198209763
5201,0.13390564918518066
5202,0.05824540555477142
5203,0.1674882024526596
5204,0.0920930728316307
5205,0.17244760692119598
5206,0.07344448566436768
5207,0.03730762377381325
5208,0.1510654091835022
5209,0.04675210639834404
5210,0.08188235014677048
5211,0.18106171488761902
5212,0.07135054469108582
5213,0.16430945694446564
5214,0.08430814743041992
5215,0.0964527577161789
5216,0.18263451755046844
5217,0.1106964573264122
5218,0.04528699442744255
5219,0.07226268202066422
5220,0.09035401791334152
5221,0.09359686076641083
5222,0.09666621685028076
5223,0.1492835134267807
5224,0.054413091391325
5225,0.06912115216255188
5226,0.12062478065490723
5227,0.039582476019859314
5228,0.07916945219039917
5229,0.10353457927703857
5230,0.07678182423114777
5231,0.08595680445432663
5232,0.036606885492801666
5233,0.2019226998090744
5234,0.08337917923927307
5235,0.14133033156394958
5236,0.11817872524261475
5237,0.08083019405603409
5238,0.08790558576583862
5239,0.09015785157680511
5240,0.051587894558906555
5241,0.12074737995862961
5242,0.06639513373374939
5243,0.039021193981170654
5244,0.1254206895828247
5245,0.10056653618812561
5246,0.10314800590276718
5247,0.06624443829059601
5248,0.07157968729734421
5249,0.08471670001745224
5250,0.15497761964797974
5251,0.12781205773353577
5252,0.15909326076507568
5253,0.022287245839834213
5254,0.04861307889223099
5255,0.10839672386646271
5256,0.08886037766933441
5257,0.047017328441143036
5258,0.03505009785294533
5259,0.12007266283035278
5260,0.1536855697631836
5261,0.15417960286140442
5262,0.11230020970106125
5263,0.12132182717323303
5264,0.027798697352409363
5265,0.07901035249233246
5266,0.08073724061250687
5267,0.06715280562639236
5268,0.06474560499191284
5269,0.04523313045501709
5270,0.04394272714853287
5271,0.0332404263317585
5272,0.1343846619129181
5273,0.07577276229858398
5274,0.0769987404346466
5275,0.04301901161670685
5276,0.14796875417232513
5277,0.08446994423866272
5278,0.13599194586277008
5279,0.11299483478069305
5280,0.14860185980796814
5281,0.15098203718662262
5282,0.025089647620916367
5283,0.1264098733663559
5284,0.14375393092632294
5285,0.23781514167785645
5286,0.05682509392499924
5287,0.06700126081705093
5288,0.04062945768237114
5289,0.03995545208454132
5290,0.16389843821525574
5291,0.05922071263194084
5292,0.03029651939868927
5293,0.02803814969956875
5294,0.11161019653081894
5295,0.09339974820613861
5296,0.05405540391802788
5297,0.06267031282186508
5298,0.10809080302715302
5299,0.1822124719619751
5300,0.12905874848365784
5301,0.038361310958862305
5302,0.049985893070697784
5303,0.21229609847068787
5304,0.10364904254674911
5305,0.05454876273870468
5306,0.0497543141245842
5307,0.22766827046871185
5308,0.09840673208236694
5309,0.1033460721373558
5310,0.08606857061386108
5311,0.028632178902626038
5312,0.057646244764328
5313,0.10374723374843597
5314,0.06516340374946594
5315,0.07706009596586227
5316,0.038084015250205994
5317,0.08651471138000488
5318,0.08584433794021606
5319,0.06661039590835571
5320,0.09932133555412292
5321,0.033573828637599945
5322,0.08054523915052414
5323,0.1336185336112976
5324,0.034980691969394684
5325,0.02939644083380699
5326,0.06757645308971405
5327,0.09613955020904541
5328,0.20606729388237
5329,0.0524209700524807
5330,0.050099968910217285
5331,0.03291281312704086
5332,0.1337943971157074
5333,0.039373837411403656
5334,0.03423287346959114
5335,0.02955244481563568
5336,0.0640454888343811
5337,0.13411927223205566
5338,0.08953498303890228
5339,0.03393223136663437
5340,0.13844791054725647
5341,0.11254003643989563
5342,0.043646495789289474
5343,0.1238718256354332
5344,0.09081391990184784
5345,0.12519505620002747
5346,0.1302930861711502
5347,0.05625012516975403
5348,0.1263236701488495
5349,0.07388560473918915
5350,0.05094575881958008
5351,0.18265685439109802
5352,0.055468201637268066
5353,0.11029468476772308
5354,0.04780451953411102
5355,0.15730276703834534
5356,0.05131694674491882
5357,0.07273398339748383
5358,0.12928742170333862
5359,0.08231242746114731
5360,0.037176162004470825
5361,0.05744735524058342
5362,0.17912767827510834
5363,0.11104758083820343
5364,0.08112774044275284
5365,0.07523155212402344
5366,0.13498534262180328
5367,0.1061665266752243
5368,0.03202752023935318
5369,0.08238311856985092
5370,0.04710995405912399
5371,0.04090948402881622
5372,0.045017894357442856
5373,0.08781909942626953
5374,0.177337646484375
5375,0.04190128296613693
5376,0.10382913053035736
5377,0.12036663293838501
5378,0.10472895950078964
5379,0.04374907538294792
5380,0.09412918984889984
5381,0.1410297006368637
5382,0.07335147261619568
5383,0.09976977109909058
5384,0.11143152415752411
5385,0.09400942921638489
5386,0.06184212490916252
5387,0.06033455953001976
5388,0.0382864810526371
5389,0.12243884056806564
5390,0.11383643001317978
5391,0.1280117779970169
5392,0.13855117559432983
5393,0.0774761289358139
5394,0.04706880450248718
5395,0.12604761123657227
5396,0.32694321870803833
5397,0.04013945907354355
5398,0.06993228197097778
5399,0.07490251213312149
5400,0.161455437541008
5401,0.1520775407552719
5402,0.051161836832761765
5403,0.09551113843917847
5404,0.03394361957907677
5405,0.12668678164482117
5406,0.15408599376678467
5407,0.07212209701538086
5408,0.07750926166772842
5409,0.07778272032737732
5410,0.023744240403175354
5411,0.1393653154373169
5412,0.03785976022481918
5413,0.0881534069776535
5414,0.05421077832579613
5415,0.06551417708396912
5416,0.14090858399868011
5417,0.05103081092238426
5418,0.03704052418470383
5419,0.06730874627828598
5420,0.12617997825145721
5421,0.0652397945523262
5422,0.18190321326255798
5423,0.06691404432058334
5424,0.058600060641765594
5425,0.06824924796819687
5426,0.03885567560791969
5427,0.11851537227630615
5428,0.1724340319633484
5429,0.12874826788902283
5430,0.1144837737083435
5431,0.10291917622089386
5432,0.08893942832946777
5433,0.13087207078933716
5434,0.17254428565502167
5435,0.1155664324760437
5436,0.05290019512176514
5437,0.10820448398590088
5438,0.06289380043745041
5439,0.0710965022444725
5440,0.13801062107086182
5441,0.04704521223902702
5442,0.050662845373153687
5443,0.06554568558931351
5444,0.0839330181479454
5445,0.02549593150615692
5446,0.039171263575553894
5447,0.06736859679222107
5448,0.06999458372592926
5449,0.06323803961277008
5450,0.08695854991674423
5451,0.1355983018875122
5452,0.06427861750125885
5453,0.06232858821749687
5454,0.08513760566711426
5455,0.11055927723646164
5456,0.09864921867847443
5457,0.08255116641521454
5458,0.15825337171554565
5459,0.07223676890134811
5460,0.12298836559057236
5461,0.07251714915037155
5462,0.06797043979167938
5463,0.034094247967004776
5464,0.15238282084465027
5465,0.03826848790049553
5466,0.17274653911590576
5467,0.09147407114505768
5468,0.16130158305168152
5469,0.1030423641204834
5470,0.04434644430875778
5471,0.1540088653564453
5472,0.07996083796024323
5473,0.1408672034740448
5474,0.03025251254439354
5475,0.07627560943365097
5476,0.11783546209335327
5477,0.18038177490234375
5478,0.04510806128382683
5479,0.12392529100179672
5480,0.11922239512205124
5481,0.17493383586406708
5482,0.10759606212377548
5483,0.14454388618469238
5484,0.038174714893102646
5485,0.10460721701383591
5486,0.05387207120656967
5487,0.08178073167800903
5488,0.112612783908844
5489,0.05277412384748459
5490,0.1146506667137146
5491,0.09805266559123993
5492,0.07689761370420456
5493,0.11680062860250473
5494,0.138886958360672
5495,0.050732046365737915
5496,0.1794557273387909
5497,0.05090099573135376
5498,0.13089562952518463
5499,0.1190023422241211
5500,0.03754626214504242
5501,0.22392867505550385
5502,0.14006191492080688
5503,0.07947231829166412
5504,0.04076001048088074
5505,0.07518153637647629
5506,0.08429323136806488
5507,0.07936964929103851
5508,0.15780073404312134
5509,0.10367880761623383
5510,0.08986979722976685
5511,0.06784212589263916
5512,0.040865715593099594
5513,0.21751897037029266
5514,0.046219971030950546
5515,0.10502307116985321
5516,0.06752937287092209
5517,0.08136774599552155
5518,0.085752934217453
5519,0.031291745603084564
5520,0.17588460445404053
5521,0.07841023057699203
5522,0.07439642399549484
5523,0.08057782053947449
5524,0.17930583655834198
5525,0.06967703253030777
5526,0.045194849371910095
5527,0.025214217603206635
5528,0.08393184840679169
5529,0.12159433215856552
5530,0.1530672162771225
5531,0.05529560148715973
5532,0.08594489097595215
5533,0.08157434314489365
5534,0.15698567032814026
5535,0.14549694955348969
5536,0.11311312764883041
5537,0.028187144547700882
5538,0.08191340416669846
5539,0.08130039274692535
5540,0.10809492319822311
5541,0.047382526099681854
5542,0.05154317244887352
5543,0.1488344818353653
5544,0.1498328000307083
5545,0.07485907524824142
5546,0.12640200555324554
5547,0.08966141194105148
5548,0.11032723635435104
5549,0.06274176388978958
5550,0.08371251821517944
5551,0.11172425746917725
5552,0.04735114425420761
5553,0.14417418837547302
5554,0.15784160792827606
5555,0.09693684428930283
5556,0.08834914863109589
5557,0.07968795299530029
5558,0.03820175677537918
5559,0.05526687949895859
5560,0.06271957606077194
5561,0.14099234342575073
5562,0.07350817322731018
5563,0.044444482773542404
5564,0.047067951411008835
5565,0.058420196175575256
5566,0.024730991572141647
5567,0.09275510907173157
5568,0.10734014213085175
5569,0.058927010744810104
5570,0.09644202888011932
5571,0.03264814242720604
5572,0.0675119161605835
5573,0.07546793669462204
5574,0.06124548614025116
5575,0.04901096224784851
5576,0.05818377062678337
5577,0.06695228815078735
5578,0.07193946838378906
5579,0.07060816884040833
5580,0.09938405454158783
5581,0.039945442229509354
5582,0.14904841780662537
5583,0.09871451556682587
5584,0.07633408904075623
5585,0.10741965472698212
5586,0.12672707438468933
5587,0.17548105120658875
5588,0.09629379212856293
5589,0.06185992807149887
5590,0.046026911586523056
5591,0.03417445719242096
5592,0.0810198038816452
5593,0.058301620185375214
5594,0.11106051504611969
5595,0.13151869177818298
5596,0.15016505122184753
5597,0.15804998576641083
5598,0.10301977396011353
5599,0.05960177630186081
5600,0.0330420583486557
5601,0.17591360211372375
5602,0.0909731537103653
5603,0.06830403208732605
5604,0.03703981637954712
5605,0.0911509320139885
5606,0.11774301528930664
5607,0.07753705978393555
5608,0.08393466472625732
5609,0.07174602150917053
5610,0.11319710314273834
5611,0.14451497793197632
5612,0.10355313867330551
5613,0.08237331360578537
5614,0.06207120418548584
5615,0.063698410987854
5616,0.10126873850822449
5617,0.08237576484680176
5618,0.03320912644267082
5619,0.06904702633619308
5620,0.06872418522834778
5621,0.04909961670637131
5622,0.08788856118917465
5623,0.11171698570251465
5624,0.10864423215389252
5625,0.027821972966194153
5626,0.10215902328491211
5627,0.06432603299617767
5628,0.03202655538916588
5629,0.09946498274803162
5630,0.06214968487620354
5631,0.08711637556552887
5632,0.06493446230888367
5633,0.1130509227514267
5634,0.16886548697948456
5635,0.053077198565006256
5636,0.0945100411772728
5637,0.06817068159580231
5638,0.10440459847450256
5639,0.103256456553936
5640,0.20497441291809082
5641,0.02040340006351471
5642,0.09298370778560638
5643,0.08073198795318604
5644,0.05202425643801689
5645,0.08385396003723145
5646,0.01840156503021717
5647,0.14984214305877686
5648,0.02950034663081169
5649,0.11911395192146301
5650,0.19810751080513
5651,0.08684535324573517
5652,0.09673979878425598
5653,0.04820474237203598
5654,0.09326627105474472
5655,0.04011251777410507
5656,0.03721649944782257
5657,0.12993422150611877
5658,0.04531759023666382
5659,0.04429037496447563
5660,0.05125168710947037
5661,0.06718188524246216
5662,0.05557625740766525
5663,0.07260590046644211
5664,0.03967664763331413
5665,0.09573924541473389
5666,0.09795765578746796
5667,0.12592166662216187
5668,0.07574218511581421
5669,0.04437418282032013
5670,0.09576863050460815
5671,0.06420744210481644
5672,0.05915583670139313
5673,0.1448313593864441
5674,0.048495225608348846
5675,0.05124679207801819
5676,0.09120725095272064
5677,0.11769183725118637
5678,0.07418704032897949
5679,0.10433172434568405
5680,0.10576282441616058
5681,0.044487036764621735
5682,0.10159411281347275
5683,0.12188144773244858
5684,0.1187741607427597
5685,0.06393896043300629
5686,0.1066114753484726
5687,0.1201297864317894
5688,0.11191622912883759
5689,0.12280353158712387
5690,0.05959437042474747
5691,0.060182537883520126
5692,0.0665442943572998
5693,0.253679096698761
5694,0.07663053274154663
5695,0.042938780039548874
5696,0.04306846112012863
5697,0.07220551371574402
5698,0.08673730492591858
5699,0.0518009290099144
5700,0.06043710932135582
5701,0.10634216666221619
5702,0.13189861178398132
5703,0.07560550421476364
5704,0.08631651848554611
5705,0.1037849485874176
5706,0.2308536171913147
5707,0.05806421488523483
5708,0.10750915855169296
5709,0.20714139938354492
5710,0.13276195526123047
5711,0.0907953605055809
5712,0.058747511357069016
5713,0.06912916153669357
5714,0.056769877672195435
5715,0.05081649869680405
5716,0.044772885739803314
5717,0.11443212628364563
5718,0.057080380618572235
5719,0.06681990623474121
5720,0.05071112513542175
5721,0.06093032285571098
5722,0.051483891904354095
5723,0.0959097370505333
5724,0.022853154689073563
5725,0.10976716876029968
5726,0.03422417491674423
5727,0.06531378626823425
5728,0.058087997138500214
5729,0.06924223899841309
5730,0.09248509258031845
5731,0.09576290845870972
5732,0.04391750320792198
5733,0.05792750045657158
5734,0.07355418801307678
5735,0.11024215817451477
5736,0.10053274035453796
5737,0.028687570244073868
5738,0.08525465428829193
5739,0.12846031785011292
5740,0.07655283063650131
5741,0.02684948407113552
5742,0.08917500823736191
5743,0.04571129381656647
5744,0.1702941656112671
5745,0.13415692746639252
5746,0.10837632417678833
5747,0.16095232963562012
5748,0.0481514148414135
5749,0.04544571042060852
5750,0.10685300827026367
5751,0.11535172164440155
5752,0.05107317492365837
5753,0.041601572185754776
5754,0.11886923015117645
5755,0.06894401460886002
5756,0.051178038120269775
5757,0.13695958256721497
5758,0.07915391027927399
5759,0.09497284144163132
5760,0.0529070608317852
5761,0.11811095476150513
5762,0.06948545575141907
5763,0.075121209025383
5764,0.09797995537519455
5765,0.04264586418867111
5766,0.1333976686000824
5767,0.06204437464475632
5768,0.10630214214324951
5769,0.03226512670516968
5770,0.13275763392448425
5771,0.07968279719352722
5772,0.06188594922423363
5773,0.05335407704114914
5774,0.03230612725019455
5775,0.08960062265396118
5776,0.13659262657165527
5777,0.10849720239639282
5778,0.06150975078344345
5779,0.1456434428691864
5780,0.09010696411132812
5781,0.08467869460582733
5782,0.040468111634254456
5783,0.11382395029067993
5784,0.09109877049922943
5785,0.09444504976272583
5786,0.12244966626167297
5787,0.05633506923913956
5788,0.057296376675367355
5789,0.12164555490016937
5790,0.16182559728622437
5791,0.08093263953924179
5792,0.047126755118370056
5793,0.08921613544225693
5794,0.1576143503189087
5795,0.09413596242666245
5796,0.12496586889028549
5797,0.09638088941574097
5798,0.058702342212200165
5799,0.047259971499443054
5800,0.07482238113880157
5801,0.058005645871162415
5802,0.10914244502782822
5803,0.03626861423254013
5804,0.05521225184202194
5805,0.0838666558265686
5806,0.13677243888378143
5807,0.06672249734401703
5808,0.06381400674581528
5809,0.134627565741539
5810,0.12594091892242432
5811,0.15665076673030853
5812,0.1170722246170044
5813,0.03662056475877762
5814,0.28660261631011963
5815,0.08102667331695557
5816,0.14154891669750214
5817,0.0938585102558136
5818,0.07000623643398285
5819,0.049806900322437286
5820,0.08923602104187012
5821,0.13395921885967255
5822,0.0335063636302948
5823,0.11786293238401413
5824,0.08937402069568634
5825,0.08344367146492004
5826,0.09984829276800156
5827,0.04612356051802635
5828,0.06180386245250702
5829,0.03423362225294113
5830,0.05797729641199112
5831,0.06359847635030746
5832,0.05953938513994217
5833,0.04754847288131714
5834,0.07707168906927109
5835,0.11594800651073456
5836,0.05402716249227524
5837,0.09067686647176743
5838,0.17364411056041718
5839,0.05508777126669884
5840,0.08817394822835922
5841,0.07639565318822861
5842,0.04141362011432648
5843,0.04978620260953903
5844,0.09111417829990387
5845,0.11489240825176239
5846,0.08954741060733795
5847,0.14128804206848145
5848,0.09134216606616974
5849,0.06155804917216301
5850,0.052948951721191406
5851,0.09086036682128906
5852,0.0634925588965416
5853,0.11283187568187714
5854,0.022897060960531235
5855,0.07893185317516327
5856,0.033180490136146545
5857,0.04372459650039673
5858,0.09324376285076141
5859,0.03860727697610855
5860,0.04456626996397972
5861,0.08841206878423691
5862,0.09048345685005188
5863,0.07999558746814728
5864,0.0787975937128067
5865,0.09077031910419464
5866,0.07159837335348129
5867,0.08029317855834961
5868,0.07255205512046814
5869,0.10758674144744873
5870,0.08178816735744476
5871,0.06713376194238663
5872,0.02105892077088356
5873,0.13104620575904846
5874,0.07612015306949615
5875,0.07580603659152985
5876,0.045021697878837585
5877,0.06076505407691002
5878,0.04886084049940109
5879,0.058553747832775116
5880,0.0390656553208828
5881,0.06879901140928268
5882,0.04185628518462181
5883,0.03146123141050339
5884,0.06146281957626343
5885,0.09284225106239319
5886,0.08073872327804565
5887,0.10485997051000595
5888,0.045933306217193604
5889,0.09298418462276459
5890,0.052821364253759384
5891,0.19570867717266083
5892,0.12217718362808228
5893,0.10648422688245773
5894,0.05581605061888695
5895,0.10711195319890976
5896,0.06532450765371323
5897,0.13178151845932007
5898,0.09378962218761444
5899,0.07919079065322876
5900,0.04158370941877365
5901,0.02632063627243042
5902,0.06857700645923615
5903,0.05929560586810112
5904,0.056188710033893585
5905,0.07833509892225266
5906,0.05123712867498398
5907,0.06960805505514145
5908,0.04132599011063576
5909,0.19130878150463104
5910,0.1257229894399643
5911,0.09482882916927338
5912,0.0625784695148468
5913,0.061627935618162155
5914,0.0466894656419754
5915,0.056834928691387177
5916,0.07680048793554306
5917,0.08687478303909302
5918,0.11627505719661713
5919,0.1187298595905304
5920,0.12397267669439316
5921,0.09263606369495392
5922,0.15520358085632324
5923,0.10023348033428192
5924,0.04973038285970688
5925,0.0693197101354599
5926,0.029398661106824875
5927,0.07469809055328369
5928,0.031073277816176414
5929,0.06590089201927185
5930,0.07724344730377197
5931,0.09665610641241074
5932,0.09482169151306152
5933,0.031181734055280685
5934,0.08171152323484421
5935,0.1951509714126587
5936,0.0834025964140892
5937,0.03656911104917526
5938,0.09522248804569244
5939,0.13036513328552246
5940,0.034846700727939606
5941,0.06661617755889893
5942,0.0844338983297348
5943,0.049539849162101746
5944,0.1024617999792099
5945,0.047802846878767014
5946,0.021336298435926437
5947,0.059134017676115036
5948,0.060474611818790436
5949,0.034826699644327164
5950,0.03132811188697815
5951,0.04659455642104149
5952,0.0978723093867302
5953,0.18606255948543549
5954,0.11798684298992157
5955,0.06590040773153305
5956,0.16972172260284424
5957,0.11150392144918442
5958,0.09750759601593018
5959,0.07135287672281265
5960,0.10655226558446884
5961,0.0660504624247551
5962,0.04194213077425957
5963,0.0567057840526104
5964,0.0704604983329773
5965,0.04957425594329834
5966,0.07504604756832123
5967,0.10622312128543854
5968,0.0460224449634552
5969,0.1285475343465805
5970,0.07408100366592407
5971,0.0652666911482811
5972,0.06020179018378258
5973,0.09834885597229004
5974,0.0839235782623291
5975,0.06461521238088608
5976,0.12596158683300018
5977,0.12370441854000092
5978,0.09754879772663116
5979,0.10636728256940842
5980,0.048858173191547394
5981,0.03784111142158508
5982,0.09179382026195526
5983,0.13576653599739075
5984,0.036032095551490784
5985,0.06320368498563766
5986,0.053895168006420135
5987,0.09536544978618622
5988,0.05410907417535782
5989,0.10517559945583344
5990,0.07022073119878769
5991,0.09569893777370453
5992,0.12490865588188171
5993,0.06525248289108276
5994,0.08020226657390594
5995,0.10478007048368454
5996,0.08592353761196136
5997,0.0633246898651123
5998,0.031538691371679306
5999,0.05182051286101341
6000,0.11364712566137314
6001,0.11916562914848328
6002,0.09777925908565521
6003,0.07922196388244629
6004,0.11735805124044418
6005,0.10811050236225128
6006,0.056015416979789734
6007,0.11517783999443054
6008,0.061893053352832794
6009,0.0777888298034668
6010,0.05765532702207565
6011,0.1275774985551834
6012,0.07915669679641724
6013,0.06436048448085785
6014,0.17968186736106873
6015,0.11180313676595688
6016,0.031192606315016747
6017,0.11584141850471497
6018,0.05679075047373772
6019,0.07751792669296265
6020,0.09827399253845215
6021,0.18068145215511322
6022,0.17918655276298523
6023,0.08291561156511307
6024,0.08540426194667816
6025,0.03428187966346741
6026,0.0718076080083847
6027,0.07221543788909912
6028,0.19578680396080017
6029,0.11295515298843384
6030,0.1797480285167694
6031,0.06610414385795593
6032,0.09706567227840424
6033,0.10306312888860703
6034,0.05309199541807175
6035,0.04918060824275017
6036,0.07130032032728195
6037,0.09213240444660187
6038,0.08938475698232651
6039,0.15832197666168213
6040,0.053477637469768524
6041,0.10398346185684204
6042,0.02643391117453575
6043,0.06331059336662292
6044,0.08633272349834442
6045,0.05200941860675812
6046,0.1458270251750946
6047,0.15990595519542694
6048,0.05959966778755188
6049,0.05249107629060745
6050,0.059967901557683945
6051,0.041302844882011414
6052,0.03511557728052139
6053,0.13476473093032837
6054,0.1922878623008728
6055,0.14266200363636017
6056,0.08922170102596283
6057,0.09526984393596649
6058,0.04734347388148308
6059,0.057005517184734344
6060,0.08828896284103394
6061,0.10996018350124359
6062,0.036995209753513336
6063,0.03844725340604782
6064,0.1045956239104271
6065,0.09540476649999619
6066,0.07126406580209732
6067,0.07530011236667633
6068,0.04561273381114006
6069,0.07074566930532455
6070,0.046208154410123825
6071,0.07491631805896759
6072,0.09835046529769897
6073,0.0961364135146141
6074,0.07328478991985321
6075,0.044991642236709595
6076,0.10886578261852264
6077,0.07774258404970169
6078,0.12257551401853561
6079,0.12239766120910645
6080,0.1314525306224823
6081,0.04411369189620018
6082,0.04359283298254013
6083,0.11513783782720566
6084,0.039525605738162994
6085,0.08728684484958649
6086,0.04206857085227966
6087,0.024902468547225
6088,0.05751272663474083
6089,0.04832593724131584
6090,0.04340742155909538
6091,0.07286006212234497
6092,0.050809573382139206
6093,0.17433790862560272
6094,0.09593784809112549
6095,0.04920975863933563
6096,0.056135110557079315
6097,0.10437410324811935
6098,0.08413401246070862
6099,0.08862711489200592
6100,0.02723376825451851
6101,0.046744465827941895
6102,0.1203175038099289
6103,0.048289649188518524
6104,0.048021286725997925
6105,0.05740266293287277
6106,0.11140373349189758
6107,0.07456767559051514
6108,0.0837065577507019
6109,0.05958645045757294
6110,0.08463676273822784
6111,0.08003454655408859
6112,0.08746614307165146
6113,0.02958051674067974
6114,0.07630948722362518
6115,0.0716959536075592
6116,0.08365367352962494
6117,0.09095120429992676
6118,0.0860559269785881
6119,0.025750782340765
6120,0.07312528789043427
6121,0.06317418068647385
6122,0.028927545994520187
6123,0.10699000209569931
6124,0.2716274857521057
6125,0.11811713874340057
6126,0.04585517570376396
6127,0.07542581856250763
6128,0.04489327222108841
6129,0.05965323746204376
6130,0.08432160317897797
6131,0.07039480656385422
6132,0.13536500930786133
6133,0.09004171937704086
6134,0.03583068773150444
6135,0.05094613879919052
6136,0.02991190180182457
6137,0.10914741456508636
6138,0.06587520241737366
6139,0.05715499445796013
6140,0.07142221927642822
6141,0.07837921380996704
6142,0.21332105994224548
6143,0.05658648535609245
6144,0.0841527134180069
6145,0.14138087630271912
6146,0.044604621827602386
6147,0.051667287945747375
6148,0.1196489930152893
6149,0.09410934895277023
6150,0.08419321477413177
6151,0.05600149184465408
6152,0.036694079637527466
6153,0.07298962771892548
6154,0.17822930216789246
6155,0.05316474288702011
6156,0.03893594071269035
6157,0.17526552081108093
6158,0.2825720012187958
6159,0.04498240351676941
6160,0.07749643921852112
6161,0.09923502802848816
6162,0.08934248983860016
6163,0.04617643356323242
6164,0.04291841387748718
6165,0.12534847855567932
6166,0.08191780745983124
6167,0.056977853178977966
6168,0.03956448659300804
6169,0.07873305678367615
6170,0.10706230998039246
6171,0.08971500396728516
6172,0.16681519150733948
6173,0.07290384918451309
6174,0.06947257369756699
6175,0.0888882726430893
6176,0.027111083269119263
6177,0.100333571434021
6178,0.09460324048995972
6179,0.057926326990127563
6180,0.09792803972959518
6181,0.0777587741613388
6182,0.09662752598524094
6183,0.10247733443975449
6184,0.08059729635715485
6185,0.026108622550964355
6186,0.1132379025220871
6187,0.10491874814033508
6188,0.11968591064214706
6189,0.17531387507915497
6190,0.05113307759165764
6191,0.17769718170166016
6192,0.08685199916362762
6193,0.0928124412894249
6194,0.0706208273768425
6195,0.13983814418315887
6196,0.0922677144408226
6197,0.04522357136011124
6198,0.09545939415693283
6199,0.0700082778930664
6200,0.07571946829557419
6201,0.056971631944179535
6202,0.054884832352399826
6203,0.13884180784225464
6204,0.047090694308280945
6205,0.03915557265281677
6206,0.06181448698043823
6207,0.08838467299938202
6208,0.0783301293849945
6209,0.077394999563694
6210,0.14307650923728943
6211,0.07536786049604416
6212,0.08196030557155609
6213,0.06473036110401154
6214,0.13946019113063812
6215,0.22138714790344238
6216,0.03470822796225548
6217,0.21781234443187714
6218,0.03855152428150177
6219,0.026910409331321716
6220,0.05005107447504997
6221,0.11943833529949188
6222,0.12435128539800644
6223,0.05138672515749931
6224,0.04999767988920212
6225,0.1549272984266281
6226,0.060624927282333374
6227,0.07817193120718002
6228,0.053159888833761215
6229,0.10264234244823456
6230,0.12307727336883545
6231,0.023694109171628952
6232,0.19331273436546326
6233,0.08415330946445465
6234,0.04020792990922928
6235,0.08855380862951279
6236,0.04484937712550163
6237,0.0713200494647026
6238,0.10944633185863495
6239,0.1389305293560028
6240,0.16583719849586487
6241,0.07374760508537292
6242,0.14172595739364624
6243,0.20843571424484253
6244,0.10217540711164474
6245,0.04749748110771179
6246,0.12429674714803696
6247,0.04283663630485535
6248,0.07478147745132446
6249,0.08368869870901108
6250,0.14857421815395355
6251,0.06421687453985214
6252,0.06794502586126328
6253,0.055761948227882385
6254,0.06828568875789642
6255,0.0852183848619461
6256,0.033337220549583435
6257,0.03884094953536987
6258,0.08575604856014252
6259,0.15172171592712402
6260,0.07400697469711304
6261,0.18151822686195374
6262,0.1227051168680191
6263,0.047071367502212524
6264,0.13670635223388672
6265,0.10368260741233826
6266,0.11726092547178268
6267,0.06569310277700424
6268,0.041775211691856384
6269,0.12399314343929291
6270,0.08092939853668213
6271,0.05834563821554184
6272,0.14056921005249023
6273,0.1644633710384369
6274,0.05355831980705261
6275,0.07079330086708069
6276,0.0648050457239151
6277,0.041600268334150314
6278,0.06274180114269257
6279,0.050308212637901306
6280,0.14772939682006836
6281,0.054063811898231506
6282,0.09345625340938568
6283,0.05232018232345581
6284,0.08124373108148575
6285,0.07355570793151855
6286,0.03933790326118469
6287,0.09871353954076767
6288,0.12426614761352539
6289,0.06055595725774765
6290,0.02756175957620144
6291,0.06462906301021576
6292,0.05749741941690445
6293,0.11923730373382568
6294,0.1182839497923851
6295,0.125200092792511
6296,0.08315467834472656
6297,0.05374057590961456
6298,0.03744513541460037
6299,0.0228351429104805
6300,0.0635523647069931
6301,0.06771993637084961
6302,0.08874594420194626
6303,0.03605525195598602
6304,0.07928645610809326
6305,0.04913845658302307
6306,0.08328225463628769
6307,0.07272684574127197
6308,0.0667954832315445
6309,0.07130961120128632
6310,0.13558168709278107
6311,0.09471634030342102
6312,0.09202780574560165
6313,0.06146789714694023
6314,0.0781903937458992
6315,0.10846855491399765
6316,0.12143196910619736
6317,0.12710663676261902
6318,0.07353219389915466
6319,0.11649331450462341
6320,0.1491849720478058
6321,0.08722998946905136
6322,0.05856233835220337
6323,0.14433085918426514
6324,0.0567135326564312
6325,0.05006497725844383
6326,0.0664525255560875
6327,0.10795335471630096
6328,0.08918341249227524
6329,0.07546132802963257
6330,0.08746331930160522
6331,0.056765150278806686
6332,0.03720495104789734
6333,0.09538986533880234
6334,0.06845159828662872
6335,0.20176714658737183
6336,0.12077823281288147
6337,0.040140580385923386
6338,0.11021533608436584
6339,0.11751016974449158
6340,0.13517364859580994
6341,0.036069825291633606
6342,0.14249339699745178
6343,0.16794583201408386
6344,0.033617839217185974
6345,0.12051546573638916
6346,0.1006605252623558
6347,0.08875340223312378
6348,0.06594167649745941
6349,0.12736189365386963
6350,0.07225367426872253
6351,0.15828350186347961
6352,0.14831846952438354
6353,0.1629123091697693
6354,0.23147770762443542
6355,0.07406388968229294
6356,0.06827650964260101
6357,0.08852284401655197
6358,0.20374345779418945
6359,0.21110749244689941
6360,0.04530332610011101
6361,0.15568524599075317
6362,0.055318258702754974
6363,0.13225778937339783
6364,0.058917950838804245
6365,0.13745608925819397
6366,0.12425757944583893
6367,0.09466862678527832
6368,0.051565565168857574
6369,0.06029823422431946
6370,0.04680547118186951
6371,0.11429274082183838
6372,0.04348040744662285
6373,0.15647035837173462
6374,0.05812668800354004
6375,0.08435887098312378
6376,0.07845615595579147
6377,0.06889747083187103
6378,0.02250564470887184
6379,0.13634680211544037
6380,0.08485838025808334
6381,0.15442565083503723
6382,0.22549974918365479
6383,0.07810847461223602
6384,0.03716341778635979
6385,0.021386360749602318
6386,0.056525617837905884
6387,0.04943760484457016
6388,0.07101159542798996
6389,0.07197186350822449
6390,0.12565255165100098
6391,0.08739545196294785
6392,0.06056436151266098
6393,0.028675835579633713
6394,0.11124994605779648
6395,0.043835680931806564
6396,0.13369505107402802
6397,0.0586366131901741
6398,0.15477901697158813
6399,0.048593323677778244
6400,0.06390214711427689
6401,0.03779494762420654
6402,0.06977155059576035
6403,0.11654946208000183
6404,0.030089518055319786
6405,0.15817388892173767
6406,0.08502527326345444
6407,0.06635265052318573
6408,0.10648828744888306
6409,0.07162989675998688
6410,0.030442528426647186
6411,0.06680430471897125
6412,0.07834930717945099
6413,0.05826842784881592
6414,0.09741183370351791
6415,0.06954903155565262
6416,0.13474565744400024
6417,0.17367880046367645
6418,0.08049257099628448
6419,0.07358331978321075
6420,0.04516875371336937
6421,0.09897364675998688
6422,0.12173758447170258
6423,0.05934310704469681
6424,0.03774280473589897
6425,0.07930411398410797
6426,0.07322140783071518
6427,0.052791766822338104
6428,0.03132694587111473
6429,0.057420819997787476
6430,0.050825487822294235
6431,0.10683363676071167
6432,0.030098479241132736
6433,0.06424904614686966
6434,0.14977991580963135
6435,0.10868245363235474
6436,0.05914570018649101
6437,0.020699044689536095
6438,0.10338696092367172
6439,0.04213514178991318
6440,0.042972877621650696
6441,0.14629772305488586
6442,0.23228967189788818
6443,0.07333539426326752
6444,0.04531034454703331
6445,0.11677062511444092
6446,0.04186062142252922
6447,0.11739805340766907
6448,0.1123875305056572
6449,0.08151333034038544
6450,0.06753668189048767
6451,0.05175810307264328
6452,0.0722452700138092
6453,0.0594046488404274
6454,0.08984469622373581
6455,0.11586993932723999
6456,0.026407431811094284
6457,0.06058955192565918
6458,0.16050532460212708
6459,0.04341446980834007
6460,0.10391240566968918
6461,0.03796401247382164
6462,0.09742280095815659
6463,0.09183570742607117
6464,0.08749726414680481
6465,0.07036974281072617
6466,0.07147309184074402
6467,0.03920422121882439
6468,0.0675264224410057
6469,0.04440247267484665
6470,0.10930882394313812
6471,0.0708639919757843
6472,0.05467066168785095
6473,0.11511441320180893
6474,0.030091211199760437
6475,0.11294925212860107
6476,0.05571415275335312
6477,0.04318460822105408
6478,0.08332265913486481
6479,0.04776501655578613
6480,0.16335007548332214
6481,0.06287796795368195
6482,0.07209282368421555
6483,0.05011690780520439
6484,0.08852820098400116
6485,0.1285375952720642
6486,0.05888521298766136
6487,0.03299305960536003
6488,0.04854186996817589
6489,0.08849796652793884
6490,0.09753000736236572
6491,0.05986957997083664
6492,0.07211226224899292
6493,0.042913906276226044
6494,0.027758166193962097
6495,0.08388485759496689
6496,0.08420433104038239
6497,0.06606357544660568
6498,0.0322699174284935
6499,0.13631653785705566
6500,0.03771762549877167
6501,0.028765369206666946
6502,0.10306711494922638
6503,0.12643173336982727
6504,0.07157579064369202
6505,0.06561151146888733
6506,0.12960445880889893
6507,0.09543687105178833
6508,0.05069220811128616
6509,0.10770609229803085
6510,0.03398306295275688
6511,0.23894527554512024
6512,0.06353193521499634
6513,0.029040053486824036
6514,0.09478911757469177
6515,0.1103556752204895
6516,0.049790024757385254
6517,0.09342338889837265
6518,0.05311047285795212
6519,0.18143896758556366
6520,0.12066947668790817
6521,0.19660745561122894
6522,0.054566722363233566
6523,0.11584663391113281
6524,0.09008889645338058
6525,0.0788184404373169
6526,0.14713068306446075
6527,0.14594285190105438
6528,0.04436739534139633
6529,0.18392369151115417
6530,0.14367173612117767
6531,0.1971198320388794
6532,0.12420704960823059
6533,0.0459444522857666
6534,0.08022256940603256
6535,0.03849707543849945
6536,0.14422911405563354
6537,0.12359302490949631
6538,0.1464654505252838
6539,0.07653239369392395
6540,0.06991176307201385
6541,0.06707549095153809
6542,0.06423218548297882
6543,0.07852605730295181
6544,0.1058955043554306
6545,0.05461408197879791
6546,0.09124450385570526
6547,0.033286113291978836
6548,0.10559181869029999
6549,0.02926008030772209
6550,0.059005528688430786
6551,0.17712172865867615
6552,0.1007232517004013
6553,0.10810284316539764
6554,0.05482891947031021
6555,0.07005555182695389
6556,0.06674620509147644
6557,0.06062352657318115
6558,0.05079241096973419
6559,0.05946040153503418
6560,0.06097666919231415
6561,0.073113352060318
6562,0.05638008564710617
6563,0.0944470763206482
6564,0.09024067968130112
6565,0.14033252000808716
6566,0.1021030843257904
6567,0.1981549710035324
6568,0.05055639147758484
6569,0.1578371822834015
6570,0.02972300350666046
6571,0.07183494418859482
6572,0.018023712560534477
6573,0.040294062346220016
6574,0.0691867396235466
6575,0.08503884077072144
6576,0.062318168580532074
6577,0.051410555839538574
6578,0.09763704240322113
6579,0.13582783937454224
6580,0.09099173545837402
6581,0.02949037216603756
6582,0.042801763862371445
6583,0.045205384492874146
6584,0.07811381667852402
6585,0.06111588329076767
6586,0.11021097004413605
6587,0.16876882314682007
6588,0.07126038521528244
6589,0.08767329156398773
6590,0.09230758994817734
6591,0.16270415484905243
6592,0.044913750141859055
6593,0.1506277471780777
6594,0.10770672559738159
6595,0.03209242969751358
6596,0.04568503424525261
6597,0.10727868974208832
6598,0.10435738414525986
6599,0.13084962964057922
6600,0.08583199977874756
6601,0.02685355208814144
6602,0.15849095582962036
6603,0.05206650123000145
6604,0.14584049582481384
6605,0.07885652780532837
6606,0.04565472528338432
6607,0.05550352856516838
6608,0.044805556535720825
6609,0.10046782344579697
6610,0.11494358628988266
6611,0.05958494171500206
6612,0.02011861465871334
6613,0.04125571250915527
6614,0.07759515196084976
6615,0.09202831983566284
6616,0.09848521649837494
6617,0.0536414198577404
6618,0.1036597341299057
6619,0.04607576131820679
6620,0.07006324082612991
6621,0.13942740857601166
6622,0.048513006418943405
6623,0.03839382156729698
6624,0.12498696893453598
6625,0.07377614825963974
6626,0.04209841042757034
6627,0.08716817945241928
6628,0.05871780216693878
6629,0.1051178127527237
6630,0.10811971127986908
6631,0.08551230281591415
6632,0.05111194774508476
6633,0.15791702270507812
6634,0.06004192680120468
6635,0.05510435625910759
6636,0.03916493058204651
6637,0.13394764065742493
6638,0.055186010897159576
6639,0.057915233075618744
6640,0.11976908892393112
6641,0.047137096524238586
6642,0.11490833014249802
6643,0.10199528932571411
6644,0.12202294170856476
6645,0.10897402465343475
6646,0.09114262461662292
6647,0.04221905395388603
6648,0.0552431121468544
6649,0.09127083420753479
6650,0.07590620219707489
6651,0.07358460873365402
6652,0.0633213222026825
6653,0.12423817813396454
6654,0.12023337930440903
6655,0.028143322095274925
6656,0.04470685124397278
6657,0.0623113214969635
6658,0.048601120710372925
6659,0.0417604073882103
6660,0.04508352279663086
6661,0.06141174957156181
6662,0.07636819034814835
6663,0.07644861936569214
6664,0.050569694489240646
6665,0.14481374621391296
6666,0.15914855897426605
6667,0.02939203381538391
6668,0.16786663234233856
6669,0.05907918140292168
6670,0.07535012066364288
6671,0.04830627888441086
6672,0.12819549441337585
6673,0.11211513727903366
6674,0.13475832343101501
6675,0.07185431569814682
6676,0.1376929134130478
6677,0.1500367671251297
6678,0.14472076296806335
6679,0.09301924705505371
6680,0.14385735988616943
6681,0.10297901928424835
6682,0.04522671550512314
6683,0.12099230289459229
6684,0.08243750035762787
6685,0.06291550397872925
6686,0.030097942799329758
6687,0.1460597813129425
6688,0.04837140440940857
6689,0.05512218922376633
6690,0.08881230652332306
6691,0.1029679924249649
6692,0.04261697456240654
6693,0.10184447467327118
6694,0.06217068433761597
6695,0.06304552406072617
6696,0.10397696495056152
6697,0.03958223760128021
6698,0.07352201640605927
6699,0.07315044105052948
6700,0.03946871683001518
6701,0.04473863169550896
6702,0.10212399810552597
6703,0.11917492002248764
6704,0.053411420434713364
6705,0.05316178500652313
6706,0.1072915643453598
6707,0.06509195268154144
6708,0.15391887724399567
6709,0.3012269139289856
6710,0.038628533482551575
6711,0.062496867030858994
6712,0.06740117073059082
6713,0.07657739520072937
6714,0.07286298274993896
6715,0.06963838636875153
6716,0.05496234819293022
6717,0.11188660562038422
6718,0.046495527029037476
6719,0.04971062391996384
6720,0.04372482746839523
6721,0.05944959446787834
6722,0.08976209163665771
6723,0.34123462438583374
6724,0.12326186895370483
6725,0.13900059461593628
6726,0.09587498754262924
6727,0.11777277290821075
6728,0.13534915447235107
6729,0.10042589157819748
6730,0.058978550136089325
6731,0.06279762089252472
6732,0.02502581477165222
6733,0.09248344600200653
6734,0.08066414296627045
6735,0.03865717351436615
6736,0.029757026582956314
6737,0.11291243880987167
6738,0.06914694607257843
6739,0.02045980468392372
6740,0.03877771645784378
6741,0.04069012030959129
6742,0.06387218832969666
6743,0.07703238725662231
6744,0.035679012537002563
6745,0.06666778028011322
6746,0.08622606843709946
6747,0.09004507958889008
6748,0.16813497245311737
6749,0.1210135817527771
6750,0.12115943431854248
6751,0.045037299394607544
6752,0.04252815246582031
6753,0.04268888756632805
6754,0.04502739757299423
6755,0.12218832969665527
6756,0.09949811547994614
6757,0.1352514922618866
6758,0.07352610677480698
6759,0.09401559829711914
6760,0.10536255687475204
6761,0.06050689518451691
6762,0.07364257425069809
6763,0.04407680779695511
6764,0.16040536761283875
6765,0.054179683327674866
6766,0.037700772285461426
6767,0.08755342662334442
6768,0.045367009937763214
6769,0.06365928053855896
6770,0.15776266157627106
6771,0.028721101582050323
6772,0.13264738023281097
6773,0.12631267309188843
6774,0.058066800236701965
6775,0.10254796594381332
6776,0.06057853624224663
6777,0.06354091316461563
6778,0.09480642527341843
6779,0.025356238707900047
6780,0.03668830543756485
6781,0.06139903515577316
6782,0.14731702208518982
6783,0.10915472358465195
6784,0.17354917526245117
6785,0.08680899441242218
6786,0.05568210035562515
6787,0.07903946936130524
6788,0.07693677395582199
6789,0.15988436341285706
6790,0.04285874962806702
6791,0.11917152255773544
6792,0.04621297866106033
6793,0.06380750238895416
6794,0.18706302344799042
6795,0.08053739368915558
6796,0.0804501622915268
6797,0.0786365494132042
6798,0.04677612707018852
6799,0.05147537589073181
6800,0.10843779891729355
6801,0.017896633595228195
6802,0.10214953124523163
6803,0.09008419513702393
6804,0.027617093175649643
6805,0.03171543404459953
6806,0.0366247221827507
6807,0.07775004208087921
6808,0.07072608917951584
6809,0.06450556218624115
6810,0.08413347601890564
6811,0.09270747005939484
6812,0.11788424104452133
6813,0.15812382102012634
6814,0.03388221561908722
6815,0.055261462926864624
6816,0.19524972140789032
6817,0.11979717016220093
6818,0.16506703197956085
6819,0.04119187593460083
6820,0.19691869616508484
6821,0.0917675718665123
6822,0.036206234246492386
6823,0.0790177509188652
6824,0.09046381711959839
6825,0.07248641550540924
6826,0.12049444019794464
6827,0.06402934342622757
6828,0.09952181577682495
6829,0.07305847108364105
6830,0.05183295160531998
6831,0.14032447338104248
6832,0.17405793070793152
6833,0.07976485788822174
6834,0.0838741809129715
6835,0.07007655501365662
6836,0.07561923563480377
6837,0.04005442559719086
6838,0.12523476779460907
6839,0.07757356762886047
6840,0.104631207883358
6841,0.07918517291545868
6842,0.04123981297016144
6843,0.08909519016742706
6844,0.07699394971132278
6845,0.07010376453399658
6846,0.08736562728881836
6847,0.10933822393417358
6848,0.06726513057947159
6849,0.058394432067871094
6850,0.08181966841220856
6851,0.05381382629275322
6852,0.06332885473966599
6853,0.10909780114889145
6854,0.03745996952056885
6855,0.051967792212963104
6856,0.1500607430934906
6857,0.05297721549868584
6858,0.10549038648605347
6859,0.05825979262590408
6860,0.06361179053783417
6861,0.05463465303182602
6862,0.1496778130531311
6863,0.03521265089511871
6864,0.04231927916407585
6865,0.10505571216344833
6866,0.05655549094080925
6867,0.024859517812728882
6868,0.06943346560001373
6869,0.06105558201670647
6870,0.08730193227529526
6871,0.10040430724620819
6872,0.058985691517591476
6873,0.059704869985580444
6874,0.15042918920516968
6875,0.11322830617427826
6876,0.04160420596599579
6877,0.031093396246433258
6878,0.1318158358335495
6879,0.08119213581085205
6880,0.06734393537044525
6881,0.025013387203216553
6882,0.07091941684484482
6883,0.0725831389427185
6884,0.16536074876785278
6885,0.1588309407234192
6886,0.08076570183038712
6887,0.05037378892302513
6888,0.10461778938770294
6889,0.10172702372074127
6890,0.06899689882993698
6891,0.03450547158718109
6892,0.05174858495593071
6893,0.13011586666107178
6894,0.18317686021327972
6895,0.03072192333638668
6896,0.06178150698542595
6897,0.15508927404880524
6898,0.0928923487663269
6899,0.13963401317596436
6900,0.03888421505689621
6901,0.13694962859153748
6902,0.03903128579258919
6903,0.07012653350830078
6904,0.05935661122202873
6905,0.059990011155605316
6906,0.05639808624982834
6907,0.11304454505443573
6908,0.06180679798126221
6909,0.04189787060022354
6910,0.09378129243850708
6911,0.035931676626205444
6912,0.10444340109825134
6913,0.07516862452030182
6914,0.09976112842559814
6915,0.10225643962621689
6916,0.07054420560598373
6917,0.07962404936552048
6918,0.04976087063550949
6919,0.04967111349105835
6920,0.0904783234000206
6921,0.02950502187013626
6922,0.0922989547252655
6923,0.17219220101833344
6924,0.04359525442123413
6925,0.08100126683712006
6926,0.0872529000043869
6927,0.1254003643989563
6928,0.05036144703626633
6929,0.04988635331392288
6930,0.055394094437360764
6931,0.06350892037153244
6932,0.10716095566749573
6933,0.042307984083890915
6934,0.05328057333827019
6935,0.11636565625667572
6936,0.04729441925883293
6937,0.20435255765914917
6938,0.09610428661108017
6939,0.06214123219251633
6940,0.1175093948841095
6941,0.133941650390625
6942,0.03607306256890297
6943,0.05459015816450119
6944,0.09880407899618149
6945,0.07384225726127625
6946,0.06312211602926254
6947,0.030376290902495384
6948,0.052707739174366
6949,0.09695088118314743
6950,0.13640031218528748
6951,0.07463772594928741
6952,0.13157784938812256
6953,0.10319393128156662
6954,0.04597925394773483
6955,0.10855019092559814
6956,0.07587381452322006
6957,0.13877004384994507
6958,0.07924728095531464
6959,0.16349449753761292
6960,0.043542053550481796
6961,0.08741484582424164
6962,0.034479785710573196
6963,0.03818069398403168
6964,0.040890034288167953
6965,0.11588829755783081
6966,0.06147950142621994
6967,0.053309258073568344
6968,0.13693128526210785
6969,0.11907064914703369
6970,0.028901642188429832
6971,0.13555914163589478
6972,0.054693710058927536
6973,0.06806108355522156
6974,0.04994780570268631
6975,0.09914885461330414
6976,0.12217073887586594
6977,0.08544297516345978
6978,0.06192200630903244
6979,0.1100182756781578
6980,0.045400917530059814
6981,0.09020024538040161
6982,0.1457483470439911
6983,0.07388356328010559
6984,0.17415454983711243
6985,0.14854007959365845
6986,0.06616624444723129
6987,0.07533794641494751
6988,0.057662736624479294
6989,0.04067791625857353
6990,0.07366831600666046
6991,0.07357281446456909
6992,0.027088575065135956
6993,0.074455127120018
6994,0.07426627725362778
6995,0.11493714153766632
6996,0.15371571481227875
6997,0.21064244210720062
6998,0.08162614703178406
6999,0.04546002671122551
7000,0.09971621632575989
7001,0.12592218816280365
7002,0.0909598097205162
7003,0.06556670367717743
7004,0.05259070545434952
7005,0.09064063429832458
7006,0.09946455806493759
7007,0.1279451549053192
7008,0.041636873036623
7009,0.03153969720005989
7010,0.06298001110553741
7011,0.0757412537932396
7012,0.1116049736738205
7013,0.09505736827850342
7014,0.054401226341724396
7015,0.09349989891052246
7016,0.038657911121845245
7017,0.04204689711332321
7018,0.07723850756883621
7019,0.07310222089290619
7020,0.08519568294286728
7021,0.05993734300136566
7022,0.11914607882499695
7023,0.15191605687141418
7024,0.06067129224538803
7025,0.09975674003362656
7026,0.09300684928894043
7027,0.0912264734506607
7028,0.08721345663070679
7029,0.09859848022460938
7030,0.06887644529342651
7031,0.043610282242298126
7032,0.034307658672332764
7033,0.05469466745853424
7034,0.12679888308048248
7035,0.0697862058877945
7036,0.0718349888920784
7037,0.05772734805941582
7038,0.05491791293025017
7039,0.06761664152145386
7040,0.05606279522180557
7041,0.1367988884449005
7042,0.06973165273666382
7043,0.03202163800597191
7044,0.016211021691560745
7045,0.06442412734031677
7046,0.04858776554465294
7047,0.06381412595510483
7048,0.06422470510005951
7049,0.06361692398786545
7050,0.10957896709442139
7051,0.05336567014455795
7052,0.12308366596698761
7053,0.02647714875638485
7054,0.11713141202926636
7055,0.11653101444244385
7056,0.06564509123563766
7057,0.05689581483602524
7058,0.056253831833601
7059,0.0813412144780159
7060,0.12592244148254395
7061,0.07327626645565033
7062,0.0411628782749176
7063,0.05844365805387497
7064,0.06214187666773796
7065,0.0884958803653717
7066,0.045344289392232895
7067,0.07144830375909805
7068,0.06294499337673187
7069,0.06390609592199326
7070,0.13436099886894226
7071,0.12515303492546082
7072,0.08291806280612946
7073,0.15110629796981812
7074,0.06180558726191521
7075,0.07428207248449326
7076,0.07562725245952606
7077,0.06735844910144806
7078,0.1250811070203781
7079,0.15915460884571075
7080,0.10768458247184753
7081,0.12126606702804565
7082,0.0815453827381134
7083,0.07481749355792999
7084,0.05206602066755295
7085,0.23072104156017303
7086,0.07355637848377228
7087,0.08792849630117416
7088,0.03696662187576294
7089,0.23197931051254272
7090,0.057280123233795166
7091,0.09863655269145966
7092,0.043636854737997055
7093,0.10744054615497589
7094,0.09647595882415771
7095,0.0913601666688919
7096,0.05246121436357498
7097,0.07569944113492966
7098,0.05171048641204834
7099,0.07240030169487
7100,0.07671142369508743
7101,0.10445122420787811
7102,0.11750434339046478
7103,0.12756310403347015
7104,0.06431019306182861
7105,0.04953348636627197
7106,0.04893249273300171
7107,0.08633886277675629
7108,0.13166366517543793
7109,0.029808854684233665
7110,0.20111700892448425
7111,0.07953785359859467
7112,0.06562027335166931
7113,0.09619396179914474
7114,0.0963904857635498
7115,0.13293401896953583
7116,0.09066176414489746
7117,0.07282131910324097
7118,0.1249844878911972
7119,0.04840870201587677
7120,0.0955120250582695
7121,0.07519759237766266
7122,0.07462044805288315
7123,0.08691875636577606
7124,0.047124944627285004
7125,0.047557368874549866
7126,0.036737844347953796
7127,0.07361901551485062
7128,0.13482002913951874
7129,0.12581650912761688
7130,0.09153877198696136
7131,0.0551757737994194
7132,0.03442525491118431
7133,0.07272927463054657
7134,0.041998155415058136
7135,0.09152030199766159
7136,0.044008880853652954
7137,0.05155219882726669
7138,0.026832595467567444
7139,0.08949033915996552
7140,0.06879135966300964
7141,0.09690886735916138
7142,0.05365738272666931
7143,0.04868559166789055
7144,0.053862862288951874
7145,0.08945556730031967
7146,0.20116285979747772
7147,0.032837897539138794
7148,0.12077975273132324
7149,0.14761272072792053
7150,0.07734070718288422
7151,0.11791716516017914
7152,0.05890229344367981
7153,0.07000574469566345
7154,0.05506857484579086
7155,0.14697745442390442
7156,0.06577938795089722
7157,0.061941348016262054
7158,0.11642663180828094
7159,0.101389579474926
7160,0.04392370209097862
7161,0.07882168143987656
7162,0.15130919218063354
7163,0.0634140819311142
7164,0.05662938207387924
7165,0.03113580122590065
7166,0.061378657817840576
7167,0.1037946343421936
7168,0.032824527472257614
7169,0.10312246531248093
7170,0.1715536117553711
7171,0.05339917168021202
7172,0.08972137421369553
7173,0.1468019336462021
7174,0.07293140143156052
7175,0.0645841658115387
7176,0.10670378059148788
7177,0.13485974073410034
7178,0.04969412833452225
7179,0.06807287037372589
7180,0.12499256432056427
7181,0.14690205454826355
7182,0.05877825617790222
7183,0.20593807101249695
7184,0.04569088667631149
7185,0.04107416793704033
7186,0.07962926477193832
7187,0.06724260002374649
7188,0.1461557000875473
7189,0.033090848475694656
7190,0.05420122295618057
7191,0.061765484511852264
7192,0.12305917590856552
7193,0.0768280029296875
7194,0.11259805411100388
7195,0.05070710927248001
7196,0.07224491238594055
7197,0.06112995743751526
7198,0.1193111464381218
7199,0.043059688061475754
7200,0.06366917490959167
7201,0.0397053062915802
7202,0.07262612879276276
7203,0.10582330077886581
7204,0.10141292214393616
7205,0.049028512090444565
7206,0.09198254346847534
7207,0.09715517610311508
7208,0.09968571364879608
7209,0.030702238902449608
7210,0.07196204364299774
7211,0.0744432806968689
7212,0.11767193675041199
7213,0.029243014752864838
7214,0.09782963991165161
7215,0.13240587711334229
7216,0.10690020024776459
7217,0.04593588039278984
7218,0.12250908464193344
7219,0.05600159615278244
7220,0.013060647062957287
7221,0.13388872146606445
7222,0.10329543054103851
7223,0.0941714271903038
7224,0.12639003992080688
7225,0.032867394387722015
7226,0.05760704725980759
7227,0.10910022258758545
7228,0.09288497269153595
7229,0.05766785144805908
7230,0.06383367627859116
7231,0.09402924031019211
7232,0.08351847529411316
7233,0.08572211116552353
7234,0.08159718662500381
7235,0.09755991399288177
7236,0.052056968212127686
7237,0.08273202925920486
7238,0.049492478370666504
7239,0.07149382680654526
7240,0.1972111314535141
7241,0.04107865318655968
7242,0.07300499081611633
7243,0.14283865690231323
7244,0.18243494629859924
7245,0.17689615488052368
7246,0.07351481914520264
7247,0.09345235675573349
7248,0.048798494040966034
7249,0.12238842248916626
7250,0.17099611461162567
7251,0.18019449710845947
7252,0.11062628030776978
7253,0.03642251715064049
7254,0.13039204478263855
7255,0.0750318095088005
7256,0.05557607114315033
7257,0.06797188520431519
7258,0.04001741111278534
7259,0.10850779712200165
7260,0.09096561372280121
7261,0.03269786387681961
7262,0.11503943055868149
7263,0.07329452782869339
7264,0.0331929512321949
7265,0.07384765148162842
7266,0.08277027308940887
7267,0.035008762031793594
7268,0.0374017097055912
7269,0.030756887048482895
7270,0.0316227525472641
7271,0.04616841673851013
7272,0.08971720933914185
7273,0.12420004606246948
7274,0.10469838231801987
7275,0.02864130400121212
7276,0.03806101903319359
7277,0.15618237853050232
7278,0.1285819560289383
7279,0.04352276772260666
7280,0.060198575258255005
7281,0.14922234416007996
7282,0.12495623528957367
7283,0.23254713416099548
7284,0.06843458861112595
7285,0.14553329348564148
7286,0.025431517511606216
7287,0.09239461272954941
7288,0.04930242523550987
7289,0.07464517652988434
7290,0.05335692688822746
7291,0.07780521363019943
7292,0.07227832078933716
7293,0.061662327498197556
7294,0.15377849340438843
7295,0.02244996652007103
7296,0.10343198478221893
7297,0.07839430868625641
7298,0.15085889399051666
7299,0.10933710634708405
7300,0.061061881482601166
7301,0.1629994809627533
7302,0.2534356117248535
7303,0.0998682975769043
7304,0.07339288294315338
7305,0.07732303440570831
7306,0.0444582998752594
7307,0.0971715897321701
7308,0.06092814728617668
7309,0.12910676002502441
7310,0.12485548853874207
7311,0.04820212721824646
7312,0.11685061454772949
7313,0.0923198014497757
7314,0.06634357571601868
7315,0.11184626817703247
7316,0.07796542346477509
7317,0.11001862585544586
7318,0.024607524275779724
7319,0.1783168762922287
7320,0.052733875811100006
7321,0.14990505576133728
7322,0.1744406670331955
7323,0.0854971632361412
7324,0.06473477929830551
7325,0.060373079031705856
7326,0.038884349167346954
7327,0.18712572753429413
7328,0.2090800255537033
7329,0.08577360957860947
7330,0.09223207086324692
7331,0.11635017395019531
7332,0.03849028795957565
7333,0.03487063944339752
7334,0.04729470610618591
7335,0.09184285253286362
7336,0.08487299084663391
7337,0.04688652604818344
7338,0.07432752102613449
7339,0.08008567988872528
7340,0.06938043236732483
7341,0.1066727340221405
7342,0.08264295756816864
7343,0.1720438301563263
7344,0.04779132455587387
7345,0.05634354054927826
7346,0.13950659334659576
7347,0.09816732257604599
7348,0.047049038112163544
7349,0.16184619069099426
7350,0.039412155747413635
7351,0.03805080056190491
7352,0.06536045670509338
7353,0.08145652711391449
7354,0.12652453780174255
7355,0.06220030039548874
7356,0.05612938106060028
7357,0.03373004123568535
7358,0.04506298899650574
7359,0.04321172088384628
7360,0.1147746667265892
7361,0.028263643383979797
7362,0.09741964191198349
7363,0.1212909072637558
7364,0.10156857967376709
7365,0.09446953237056732
7366,0.03769093379378319
7367,0.09580208361148834
7368,0.11408349126577377
7369,0.2270522117614746
7370,0.04926729202270508
7371,0.0740850567817688
7372,0.11111282557249069
7373,0.04884956404566765
7374,0.04332324117422104
7375,0.05796456336975098
7376,0.061349671334028244
7377,0.05095609277486801
7378,0.07388699054718018
7379,0.03813597559928894
7380,0.03651581332087517
7381,0.0880500078201294
7382,0.0642411857843399
7383,0.13150382041931152
7384,0.19704484939575195
7385,0.0701921284198761
7386,0.10322883725166321
7387,0.1752617359161377
7388,0.14494459331035614
7389,0.1893157809972763
7390,0.0762222558259964
7391,0.13866303861141205
7392,0.12942537665367126
7393,0.03478898108005524
7394,0.09909658133983612
7395,0.07660149037837982
7396,0.13165219128131866
7397,0.04542136192321777
7398,0.145140141248703
7399,0.16834518313407898
7400,0.062493547797203064
7401,0.09946440905332565
7402,0.1322614848613739
7403,0.050589531660079956
7404,0.0790799930691719
7405,0.1181771382689476
7406,0.051675908267498016
7407,0.03774702176451683
7408,0.026609865948557854
7409,0.06816048920154572
7410,0.09068247675895691
7411,0.11274032294750214
7412,0.06128382682800293
7413,0.1437261998653412
7414,0.0937972292304039
7415,0.07646165788173676
7416,0.06523940712213516
7417,0.057785116136074066
7418,0.0394711047410965
7419,0.11211439222097397
7420,0.06693063676357269
7421,0.07707251608371735
7422,0.06107204407453537
7423,0.15387819707393646
7424,0.0807427242398262
7425,0.036814264953136444
7426,0.18566565215587616
7427,0.05240849778056145
7428,0.046885810792446136
7429,0.08246316015720367
7430,0.06899925321340561
7431,0.1686307042837143
7432,0.12853959202766418
7433,0.055145710706710815
7434,0.14682301878929138
7435,0.1179908737540245
7436,0.025698106735944748
7437,0.1256357729434967
7438,0.023993050679564476
7439,0.029581522569060326
7440,0.11129768937826157
7441,0.055418770760297775
7442,0.05036073923110962
7443,0.08213160932064056
7444,0.12135150283575058
7445,0.15726640820503235
7446,0.2105330228805542
7447,0.0982799082994461
7448,0.10622479766607285
7449,0.042565520852804184
7450,0.12161894887685776
7451,0.12248506397008896
7452,0.08719964325428009
7453,0.059749118983745575
7454,0.04224010556936264
7455,0.12483709305524826
7456,0.09019528329372406
7457,0.07807590067386627
7458,0.04583559185266495
7459,0.04723162576556206
7460,0.06196705251932144
7461,0.0287957601249218
7462,0.04428386688232422
7463,0.1480383425951004
7464,0.08661027997732162
7465,0.05008760094642639
7466,0.13424596190452576
7467,0.08217985928058624
7468,0.05238036811351776
7469,0.15355758368968964
7470,0.059222929179668427
7471,0.04458552598953247
7472,0.08517751097679138
7473,0.12453548610210419
7474,0.11616228520870209
7475,0.09260368347167969
7476,0.047040507197380066
7477,0.15698784589767456
7478,0.050155069679021835
7479,0.11999979615211487
7480,0.1025996208190918
7481,0.08023253083229065
7482,0.09405086934566498
7483,0.05241115018725395
7484,0.0661420002579689
7485,0.09363953769207001
7486,0.053704679012298584
7487,0.13575419783592224
7488,0.09579199552536011
7489,0.10342787951231003
7490,0.046861425042152405
7491,0.09542538970708847
7492,0.08226760476827621
7493,0.11256740987300873
7494,0.10226725786924362
7495,0.08159154653549194
7496,0.05947694182395935
7497,0.052862972021102905
7498,0.07824031263589859
7499,0.10045172274112701
7500,0.13741779327392578
7501,0.1666431576013565
7502,0.0933588370680809
7503,0.05659634992480278
7504,0.08340005576610565
7505,0.14845147728919983
7506,0.05175691843032837
7507,0.027780164033174515
7508,0.05395969748497009
7509,0.08838587254285812
7510,0.14288011193275452
7511,0.07107522338628769
7512,0.09404860436916351
7513,0.08303016424179077
7514,0.10824708640575409
7515,0.06149817630648613
7516,0.08431971073150635
7517,0.11253398656845093
7518,0.06852756440639496
7519,0.1442471444606781
7520,0.0767318531870842
7521,0.06321828067302704
7522,0.0939730629324913
7523,0.13848131895065308
7524,0.04508718103170395
7525,0.1086273044347763
7526,0.04463553428649902
7527,0.06414046883583069
7528,0.15259112417697906
7529,0.04949594661593437
7530,0.1284290850162506
7531,0.04694820195436478
7532,0.12150254100561142
7533,0.04988747835159302
7534,0.029945045709609985
7535,0.09577931463718414
7536,0.06661339104175568
7537,0.0771951675415039
7538,0.12633728981018066
7539,0.07242780923843384
7540,0.12918153405189514
7541,0.04902421683073044
7542,0.07475621998310089
7543,0.11663089692592621
7544,0.0948684811592102
7545,0.07037250697612762
7546,0.09480949491262436
7547,0.12120246887207031
7548,0.05295753479003906
7549,0.08693629503250122
7550,0.04356592148542404
7551,0.16259948909282684
7552,0.0579889677464962
7553,0.08910556882619858
7554,0.056416623294353485
7555,0.11976205557584763
7556,0.0499127022922039
7557,0.0988633930683136
7558,0.06673155725002289
7559,0.05088552087545395
7560,0.05617464706301689
7561,0.0779191255569458
7562,0.1425776481628418
7563,0.05587030202150345
7564,0.05044547840952873
7565,0.032256074249744415
7566,0.10122153162956238
7567,0.1076250672340393
7568,0.1438540518283844
7569,0.05577090382575989
7570,0.21179279685020447
7571,0.09567572176456451
7572,0.1101837307214737
7573,0.07790827751159668
7574,0.192133367061615
7575,0.03605376183986664
7576,0.1020459532737732
7577,0.13152913749217987
7578,0.07769006490707397
7579,0.14645257592201233
7580,0.059736575931310654
7581,0.13869613409042358
7582,0.06543222069740295
7583,0.051403727382421494
7584,0.06595078110694885
7585,0.04194805771112442
7586,0.04585576802492142
7587,0.11084485054016113
7588,0.05909230560064316
7589,0.09990094602108002
7590,0.05502413958311081
7591,0.14154845476150513
7592,0.062063708901405334
7593,0.06842601299285889
7594,0.06404178589582443
7595,0.09035433828830719
7596,0.056823089718818665
7597,0.1128801554441452
7598,0.18955513834953308
7599,0.2153339833021164
7600,0.0812453031539917
7601,0.07893562316894531
7602,0.09142755717039108
7603,0.1440092921257019
7604,0.12646931409835815
7605,0.15564171969890594
7606,0.041995249688625336
7607,0.043023668229579926
7608,0.2155514657497406
7609,0.09339537471532822
7610,0.17347517609596252
7611,0.09555260837078094
7612,0.09385478496551514
7613,0.08185900747776031
7614,0.04573901742696762
7615,0.07969555258750916
7616,0.08679331839084625
7617,0.04607091099023819
7618,0.043587576597929
7619,0.07165702432394028
7620,0.041213102638721466
7621,0.08064918220043182
7622,0.10365637391805649
7623,0.0662926733493805
7624,0.04276818037033081
7625,0.07667598128318787
7626,0.08555667102336884
7627,0.06176246330142021
7628,0.03990486264228821
7629,0.03737988322973251
7630,0.06513875722885132
7631,0.05848035216331482
7632,0.06504052877426147
7633,0.0825173407793045
7634,0.2061113566160202
7635,0.08799456804990768
7636,0.11127710342407227
7637,0.051572225987911224
7638,0.07841598987579346
7639,0.1973859965801239
7640,0.07030265778303146
7641,0.20560789108276367
7642,0.18531444668769836
7643,0.08859121799468994
7644,0.04308211803436279
7645,0.07463821023702621
7646,0.05253742262721062
7647,0.08187540620565414
7648,0.09043322503566742
7649,0.04542095586657524
7650,0.15934590995311737
7651,0.1152414083480835
7652,0.07267845422029495
7653,0.07474857568740845
7654,0.1449286788702011
7655,0.04682697355747223
7656,0.1256243884563446
7657,0.10217128694057465
7658,0.0509047769010067
7659,0.057853780686855316
7660,0.08601170778274536
7661,0.09349005669355392
7662,0.11094194650650024
7663,0.04227999970316887
7664,0.044570378959178925
7665,0.14527246356010437
7666,0.0472605936229229
7667,0.07655581086874008
7668,0.07520164549350739
7669,0.09028372168540955
7670,0.03610766679048538
7671,0.05554104596376419
7672,0.0413380041718483
7673,0.05731011554598808
7674,0.08646541833877563
7675,0.031101450324058533
7676,0.13760286569595337
7677,0.10760176181793213
7678,0.0618663989007473
7679,0.047331731766462326
7680,0.03761066123843193
7681,0.05647677928209305
7682,0.15299826860427856
7683,0.06307819485664368
7684,0.12513990700244904
7685,0.052072878926992416
7686,0.12101595103740692
7687,0.1310359239578247
7688,0.041771650314331055
7689,0.08330750465393066
7690,0.11359730362892151
7691,0.08279477804899216
7692,0.11529061198234558
7693,0.06649597734212875
7694,0.02803163230419159
7695,0.07418017089366913
7696,0.034723129123449326
7697,0.07656558603048325
7698,0.1177731305360794
7699,0.06411383301019669
7700,0.0924253985285759
7701,0.07960733771324158
7702,0.019937163218855858
7703,0.059653740376234055
7704,0.11656948179006577
7705,0.06672704219818115
7706,0.12456544488668442
7707,0.0722733661532402
7708,0.03840308263897896
7709,0.15401439368724823
7710,0.07387657463550568
7711,0.12305810302495956
7712,0.06429227441549301
7713,0.046252697706222534
7714,0.19730228185653687
7715,0.11551660299301147
7716,0.12751713395118713
7717,0.2439393252134323
7718,0.04496752470731735
7719,0.06771901994943619
7720,0.12401890009641647
7721,0.08494611084461212
7722,0.15829478204250336
7723,0.11861627548933029
7724,0.0950075015425682
7725,0.05699470639228821
7726,0.17322757840156555
7727,0.1663837432861328
7728,0.07464366406202316
7729,0.14599904417991638
7730,0.0765821635723114
7731,0.051127176731824875
7732,0.08275717496871948
7733,0.051689960062503815
7734,0.18905077874660492
7735,0.05878731235861778
7736,0.04097585007548332
7737,0.05863630026578903
7738,0.048171501606702805
7739,0.08967562019824982
7740,0.11903222650289536
7741,0.1137845516204834
7742,0.14849978685379028
7743,0.06395576149225235
7744,0.08526268601417542
7745,0.03180420398712158
7746,0.10806542634963989
7747,0.08420678228139877
7748,0.09408953040838242
7749,0.04893222451210022
7750,0.08546092361211777
7751,0.049617424607276917
7752,0.034650422632694244
7753,0.17951485514640808
7754,0.08636929094791412
7755,0.06540551781654358
7756,0.035495515912771225
7757,0.1503407210111618
7758,0.0374462828040123
7759,0.06693185865879059
7760,0.10688281059265137
7761,0.11016987264156342
7762,0.12009313702583313
7763,0.05897102504968643
7764,0.032276809215545654
7765,0.05969059094786644
7766,0.08021412789821625
7767,0.1797059029340744
7768,0.16394904255867004
7769,0.04021007567644119
7770,0.10847347229719162
7771,0.09932839870452881
7772,0.07068096101284027
7773,0.11479590833187103
7774,0.13350272178649902
7775,0.11731134355068207
7776,0.041541893035173416
7777,0.05656921863555908
7778,0.22585543990135193
7779,0.08935847878456116
7780,0.1279403269290924
7781,0.07214760780334473
7782,0.0851958617568016
7783,0.09859415143728256
7784,0.16387788951396942
7785,0.16969245672225952
7786,0.05690458416938782
7787,0.023503785952925682
7788,0.06672298908233643
7789,0.1416352391242981
7790,0.12159983813762665
7791,0.07810329645872116
7792,0.04879681393504143
7793,0.041639722883701324
7794,0.18980175256729126
7795,0.09887988865375519
7796,0.053961437195539474
7797,0.0825219452381134
7798,0.11560281366109848
7799,0.037303224205970764
7800,0.11473870277404785
7801,0.05076165124773979
7802,0.05669984221458435
7803,0.053925495594739914
7804,0.08375128358602524
7805,0.03882959112524986
7806,0.1293954849243164
7807,0.05633985996246338
7808,0.09915965795516968
7809,0.1951877325773239
7810,0.12304636090993881
7811,0.08835878223180771
7812,0.07143600285053253
7813,0.1599809229373932
7814,0.10283583402633667
7815,0.2716066539287567
7816,0.07907716184854507
7817,0.07438328117132187
7818,0.046142578125
7819,0.030397137627005577
7820,0.06870932132005692
7821,0.0851011723279953
7822,0.04874461516737938
7823,0.06675013154745102
7824,0.16050933301448822
7825,0.1438615471124649
7826,0.04183095693588257
7827,0.06497073173522949
7828,0.18169981241226196
7829,0.03314394876360893
7830,0.1687309443950653
7831,0.08762156963348389
7832,0.0535440668463707
7833,0.052428703755140305
7834,0.023422174155712128
7835,0.042126141488552094
7836,0.08940725028514862
7837,0.11627785861492157
7838,0.1276024878025055
7839,0.0931202620267868
7840,0.06698431819677353
7841,0.03056209348142147
7842,0.15407755970954895
7843,0.07345876097679138
7844,0.09328138828277588
7845,0.10926639288663864
7846,0.23887473344802856
7847,0.08692730963230133
7848,0.0551626980304718
7849,0.04069030284881592
7850,0.04620348662137985
7851,0.06927260011434555
7852,0.030457187443971634
7853,0.08399983495473862
7854,0.04696856439113617
7855,0.06116108223795891
7856,0.10787475109100342
7857,0.20087330043315887
7858,0.0963863953948021
7859,0.029375536367297173
7860,0.0930028110742569
7861,0.06958868354558945
7862,0.07961300015449524
7863,0.2502363920211792
7864,0.036917462944984436
7865,0.08392500132322311
7866,0.04978993535041809
7867,0.09085887670516968
7868,0.1751548945903778
7869,0.07970552891492844
7870,0.07264228910207748
7871,0.04126103222370148
7872,0.07483918964862823
7873,0.055825721472501755
7874,0.047361403703689575
7875,0.030973490327596664
7876,0.12046174705028534
7877,0.056806743144989014
7878,0.13377326726913452
7879,0.058891475200653076
7880,0.12651905417442322
7881,0.07164373993873596
7882,0.05089065432548523
7883,0.15332292020320892
7884,0.11022250354290009
7885,0.0719144269824028
7886,0.07145393639802933
7887,0.04945526272058487
7888,0.05110665783286095
7889,0.05883502960205078
7890,0.22884601354599
7891,0.06124856323003769
7892,0.10882772505283356
7893,0.06519746780395508
7894,0.08115360140800476
7895,0.09873631596565247
7896,0.06869632005691528
7897,0.058561645448207855
7898,0.08800612390041351
7899,0.058908622711896896
7900,0.06673776358366013
7901,0.030962353572249413
7902,0.059770241379737854
7903,0.07625524699687958
7904,0.028914114460349083
7905,0.04491086304187775
7906,0.03419686108827591
7907,0.03736725449562073
7908,0.1747162789106369
7909,0.12266553938388824
7910,0.0860607922077179
7911,0.13045571744441986
7912,0.027582630515098572
7913,0.12776419520378113
7914,0.06682305783033371
7915,0.08595624566078186
7916,0.022595828399062157
7917,0.11078982800245285
7918,0.055200979113578796
7919,0.12500829994678497
7920,0.08141019940376282
7921,0.06241673231124878
7922,0.04708337411284447
7923,0.1623101681470871
7924,0.041141003370285034
7925,0.1732851266860962
7926,0.07212874293327332
7927,0.09926880896091461
7928,0.044405847787857056
7929,0.090406134724617
7930,0.14910832047462463
7931,0.10597433894872665
7932,0.055332597345113754
7933,0.20047622919082642
7934,0.04041039198637009
7935,0.03739924728870392
7936,0.05697617679834366
7937,0.09341394901275635
7938,0.1466478556394577
7939,0.08447956293821335
7940,0.21657130122184753
7941,0.04235374182462692
7942,0.0223332941532135
7943,0.05071761831641197
7944,0.08176888525485992
7945,0.07860095798969269
7946,0.07083220779895782
7947,0.19385962188243866
7948,0.03534329682588577
7949,0.043323155492544174
7950,0.2508411109447479
7951,0.05120068043470383
7952,0.04493344947695732
7953,0.027082156389951706
7954,0.03064711019396782
7955,0.09154924005270004
7956,0.10193588584661484
7957,0.1052078902721405
7958,0.021614115685224533
7959,0.23317456245422363
7960,0.05853666365146637
7961,0.05260711908340454
7962,0.05163326859474182
7963,0.13221709430217743
7964,0.1650484949350357
7965,0.07132133841514587
7966,0.07466070353984833
7967,0.06801975518465042
7968,0.05767763778567314
7969,0.18442121148109436
7970,0.10291755199432373
7971,0.03846617043018341
7972,0.1415891945362091
7973,0.06799802929162979
7974,0.06795144081115723
7975,0.03113381564617157
7976,0.10781567543745041
7977,0.034528814256191254
7978,0.077411949634552
7979,0.0351877361536026
7980,0.047929298132658005
7981,0.07150152325630188
7982,0.07684323191642761
7983,0.05439633131027222
7984,0.07909118384122849
7985,0.02140914648771286
7986,0.0992625504732132
7987,0.1543247401714325
7988,0.04362299665808678
7989,0.22288447618484497
7990,0.13229379057884216
7991,0.042177923023700714
7992,0.04063756763935089
7993,0.06281282007694244
7994,0.12515558302402496
7995,0.06075892597436905
7996,0.054017435759305954
7997,0.05502348393201828
7998,0.045234210789203644
7999,0.1419955939054489
8000,0.06988190859556198
8001,0.061930637806653976
8002,0.0779329165816307
8003,0.06471303105354309
8004,0.061845965683460236
8005,0.05537198483943939
8006,0.09463232010602951
8007,0.14443573355674744
8008,0.040235068649053574
8009,0.19179706275463104
8010,0.07901009917259216
8011,0.05679652839899063
8012,0.06870543956756592
8013,0.061471521854400635
8014,0.07731930911540985
8015,0.040845923125743866
8016,0.07354719191789627
8017,0.03764106705784798
8018,0.11795683950185776
8019,0.0789003074169159
8020,0.07295040041208267
8021,0.03731883317232132
8022,0.03472110629081726
8023,0.04024215787649155
8024,0.18344292044639587
8025,0.049844786524772644
8026,0.08343146741390228
8027,0.07962435483932495
8028,0.05470015108585358
8029,0.10020377486944199
8030,0.12822334468364716
8031,0.0880899652838707
8032,0.0658755898475647
8033,0.08293980360031128
8034,0.14004310965538025
8035,0.0323251448571682
8036,0.05748217552900314
8037,0.12563779950141907
8038,0.08655848354101181
8039,0.050859641283750534
8040,0.08847193419933319
8041,0.10083814710378647
8042,0.08045019209384918
8043,0.05134473368525505
8044,0.08222358673810959
8045,0.1564478576183319
8046,0.14238224923610687
8047,0.050062790513038635
8048,0.08145618438720703
8049,0.03901025280356407
8050,0.025265535339713097
8051,0.08270494639873505
8052,0.04881226643919945
8053,0.05739917606115341
8054,0.17922773957252502
8055,0.10601168125867844
8056,0.16566956043243408
8057,0.03851572796702385
8058,0.08738869428634644
8059,0.036119140684604645
8060,0.025038128718733788
8061,0.2000863254070282
8062,0.049156978726387024
8063,0.01844390481710434
8064,0.08600779622793198
8065,0.09039410203695297
8066,0.07827259600162506
8067,0.07444659620523453
8068,0.07460951805114746
8069,0.1416706144809723
8070,0.02016492187976837
8071,0.11681550741195679
8072,0.023599550127983093
8073,0.12162777036428452
8074,0.1495216339826584
8075,0.1495627611875534
8076,0.11192192882299423
8077,0.07473064213991165
8078,0.0790051817893982
8079,0.06235235184431076
8080,0.10055810213088989
8081,0.062310539186000824
8082,0.07941626012325287
8083,0.06482020020484924
8084,0.12187334150075912
8085,0.07602530717849731
8086,0.15174876153469086
8087,0.04612570255994797
8088,0.051474958658218384
8089,0.05644729733467102
8090,0.21088556945323944
8091,0.14441639184951782
8092,0.07831034064292908
8093,0.061689458787441254
8094,0.13054130971431732
8095,0.051081180572509766
8096,0.180048868060112
8097,0.04068658873438835
8098,0.14090965688228607
8099,0.0910707339644432
8100,0.08891012519598007
8101,0.06881687045097351
8102,0.0378982238471508
8103,0.08244916796684265
8104,0.04831758141517639
8105,0.09850798547267914
8106,0.0463377945125103
8107,0.17200934886932373
8108,0.07754930108785629
8109,0.06567829102277756
8110,0.2491908073425293
8111,0.07533283531665802
8112,0.16807490587234497
8113,0.08435716480016708
8114,0.04112164303660393
8115,0.2130441665649414
8116,0.08684398233890533
8117,0.0684536024928093
8118,0.10914625972509384
8119,0.032232847064733505
8120,0.12710878252983093
8121,0.0519426167011261
8122,0.029099706560373306
8123,0.07988239824771881
8124,0.16332659125328064
8125,0.13125811517238617
8126,0.10276158899068832
8127,0.12539826333522797
8128,0.10390500724315643
8129,0.11916752904653549
8130,0.09636974334716797
8131,0.1103825718164444
8132,0.031679026782512665
8133,0.08172427862882614
8134,0.07828851044178009
8135,0.13314801454544067
8136,0.07081417739391327
8137,0.104159876704216
8138,0.028847426176071167
8139,0.19548285007476807
8140,0.11949644982814789
8141,0.039102159440517426
8142,0.0781511515378952
8143,0.06584544479846954
8144,0.02467292547225952
8145,0.08650016784667969
8146,0.03956727683544159
8147,0.039697568863630295
8148,0.07233452796936035
8149,0.05311567708849907
8150,0.03779115900397301
8151,0.16658088564872742
8152,0.08701577037572861
8153,0.12162216752767563
8154,0.04483979940414429
8155,0.09243184328079224
8156,0.09164242446422577
8157,0.07713565975427628
8158,0.03709264099597931
8159,0.03091607056558132
8160,0.10667639970779419
8161,0.14695197343826294
8162,0.18259385228157043
8163,0.12224280834197998
8164,0.05370459705591202
8165,0.07419519126415253
8166,0.11674293130636215
8167,0.08615776896476746
8168,0.1510530412197113
8169,0.08445261418819427
8170,0.1329955756664276
8171,0.09617599099874496
8172,0.13623321056365967
8173,0.026201486587524414
8174,0.039477989077568054
8175,0.18822769820690155
8176,0.05007348582148552
8177,0.01933659426867962
8178,0.08691620081663132
8179,0.041035305708646774
8180,0.08029155433177948
8181,0.1082182377576828
8182,0.04652233049273491
8183,0.0744909718632698
8184,0.12148767709732056
8185,0.1517593115568161
8186,0.05735953897237778
8187,0.16507276892662048
8188,0.026390116661787033
8189,0.12979991734027863
8190,0.13930919766426086
8191,0.058844342827796936
8192,0.2023068368434906
8193,0.12055709958076477
8194,0.06091156601905823
8195,0.09122412651777267
8196,0.07199296355247498
8197,0.10489579290151596
8198,0.0775240808725357
8199,0.0954078659415245
8200,0.07879400253295898
8201,0.042754627764225006
8202,0.09953300654888153
8203,0.09987242519855499
8204,0.0742601752281189
8205,0.059013091027736664
8206,0.0973295196890831
8207,0.03417760133743286
8208,0.05772049352526665
8209,0.047724198549985886
8210,0.08660966157913208
8211,0.08189050853252411
8212,0.05084758996963501
8213,0.16988584399223328
8214,0.0630318820476532
8215,0.06838461011648178
8216,0.028627147898077965
8217,0.0966702327132225
8218,0.017027918249368668
8219,0.15132731199264526
8220,0.10516181588172913
8221,0.14282415807247162
8222,0.0633997842669487
8223,0.10138526558876038
8224,0.0884847491979599
8225,0.06670896708965302
8226,0.06232468783855438
8227,0.05702103301882744
8228,0.10496041178703308
8229,0.0803234651684761
8230,0.08754148334264755
8231,0.025917595252394676
8232,0.04166250303387642
8233,0.08204123377799988
8234,0.04418091103434563
8235,0.077480249106884
8236,0.03172553703188896
8237,0.02300526201725006
8238,0.0707722157239914
8239,0.04505806416273117
8240,0.02747359685599804
8241,0.08616942167282104
8242,0.0631452202796936
8243,0.05627894401550293
8244,0.10711994767189026
8245,0.025074301287531853
8246,0.09597907960414886
8247,0.027843620628118515
8248,0.15238460898399353
8249,0.04446716606616974
8250,0.08268242329359055
8251,0.03520727902650833
8252,0.06446810811758041
8253,0.07973935455083847
8254,0.07730531692504883
8255,0.048609644174575806
8256,0.04828065633773804
8257,0.09971971809864044
8258,0.09679242223501205
8259,0.07340949028730392
8260,0.05887714773416519
8261,0.0337824709713459
8262,0.08327741920948029
8263,0.05421864613890648
8264,0.06607821583747864
8265,0.06270249933004379
8266,0.08455400168895721
8267,0.05746832489967346
8268,0.14949984848499298
8269,0.037098050117492676
8270,0.09684731066226959
8271,0.09993359446525574
8272,0.09156610816717148
8273,0.15234076976776123
8274,0.11231249570846558
8275,0.1628521978855133
8276,0.10083802789449692
8277,0.044845856726169586
8278,0.09277781844139099
8279,0.09331133216619492
8280,0.08056666702032089
8281,0.10602967441082001
8282,0.07740633189678192
8283,0.022012984380126
8284,0.1258881688117981
8285,0.019969753921031952
8286,0.058615922927856445
8287,0.017959052696824074
8288,0.1311764419078827
8289,0.03609832376241684
8290,0.05335583537817001
8291,0.11687719076871872
8292,0.08127588033676147
8293,0.05237925052642822
8294,0.16480228304862976
8295,0.1677691787481308
8296,0.08600160479545593
8297,0.1032969057559967
8298,0.0608229786157608
8299,0.038742795586586
8300,0.14171163737773895
8301,0.06486280262470245
8302,0.0654243603348732
8303,0.10037319362163544
8304,0.09702140092849731
8305,0.08659808337688446
8306,0.0355522446334362
8307,0.08620023727416992
8308,0.10389237105846405
8309,0.07816435396671295
8310,0.15246686339378357
8311,0.05225309729576111
8312,0.10807957500219345
8313,0.11195528507232666
8314,0.14692479372024536
8315,0.07096900045871735
8316,0.10786333680152893
8317,0.0771806389093399
8318,0.08016230911016464
8319,0.16275203227996826
8320,0.1136469691991806
8321,0.13674861192703247
8322,0.019632769748568535
8323,0.04114580154418945
8324,0.0330512598156929
8325,0.09580233693122864
8326,0.024612275883555412
8327,0.11445395648479462
8328,0.21040692925453186
8329,0.1172955259680748
8330,0.056382112205028534
8331,0.09074553847312927
8332,0.1477275788784027
8333,0.06296748667955399
8334,0.08885419368743896
8335,0.09770548343658447
8336,0.07391318678855896
8337,0.06863570213317871
8338,0.07392963021993637
8339,0.09348404407501221
8340,0.11505868285894394
8341,0.06297560036182404
8342,0.055896490812301636
8343,0.10798174142837524
8344,0.0545625202357769
8345,0.0704374611377716
8346,0.12565428018569946
8347,0.0512373149394989
8348,0.07316046208143234
8349,0.09469892829656601
8350,0.06209395453333855
8351,0.07791083306074142
8352,0.1099514588713646
8353,0.03866637498140335
8354,0.051123954355716705
8355,0.11679059267044067
8356,0.11269768327474594
8357,0.1201954111456871
8358,0.10879702866077423
8359,0.06104717776179314
8360,0.06624022126197815
8361,0.0628424733877182
8362,0.08886632323265076
8363,0.03950528800487518
8364,0.11492051184177399
8365,0.06497377157211304
8366,0.03979945182800293
8367,0.12084966897964478
8368,0.07560812681913376
8369,0.1797085702419281
8370,0.09644204378128052
8371,0.03537427634000778
8372,0.016423504799604416
8373,0.030123671516776085
8374,0.06204076111316681
8375,0.13388608396053314
8376,0.04761546850204468
8377,0.053566254675388336
8378,0.024528762325644493
8379,0.08183205127716064
8380,0.047358132898807526
8381,0.040957506746053696
8382,0.12117749452590942
8383,0.13953173160552979
8384,0.08329494297504425
8385,0.03743390738964081
8386,0.06713937222957611
8387,0.12101054191589355
8388,0.1429380178451538
8389,0.12411542981863022
8390,0.07690826058387756
8391,0.10485821962356567
8392,0.045340925455093384
8393,0.1108173355460167
8394,0.21901535987854004
8395,0.09020555019378662
8396,0.11801047623157501
8397,0.12732666730880737
8398,0.13289307057857513
8399,0.09925880283117294
8400,0.06588049232959747
8401,0.07752598822116852
8402,0.03781720995903015
8403,0.06213327869772911
8404,0.04757837578654289
8405,0.06606217473745346
8406,0.09044979512691498
8407,0.09875677525997162
8408,0.06074553355574608
8409,0.02553131803870201
8410,0.13774026930332184
8411,0.08856937289237976
8412,0.11357997357845306
8413,0.2031467854976654
8414,0.17891618609428406
8415,0.1885293424129486
8416,0.12627403438091278
8417,0.10435830056667328
8418,0.06097576022148132
8419,0.0923500806093216
8420,0.035743411630392075
8421,0.08575409650802612
8422,0.11687600612640381
8423,0.11009667813777924
8424,0.08180204033851624
8425,0.056941282004117966
8426,0.0862981304526329
8427,0.04165772348642349
8428,0.06706272810697556
8429,0.053468089550733566
8430,0.10707290470600128
8431,0.0825476124882698
8432,0.14180755615234375
8433,0.10107087343931198
8434,0.09708508104085922
8435,0.02619403973221779
8436,0.06393612921237946
8437,0.06127576157450676
8438,0.043493207544088364
8439,0.06917083263397217
8440,0.09320025146007538
8441,0.03921223431825638
8442,0.08593189716339111
8443,0.08938135951757431
8444,0.0233493410050869
8445,0.07161735743284225
8446,0.0959128886461258
8447,0.04229046031832695
8448,0.05756887421011925
8449,0.02779468521475792
8450,0.11165761947631836
8451,0.07039842009544373
8452,0.11181795597076416
8453,0.06733450293540955
8454,0.04849088191986084
8455,0.037414904683828354
8456,0.07339183986186981
8457,0.07030767947435379
8458,0.03850666806101799
8459,0.10804934799671173
8460,0.05194849520921707
8461,0.03097430430352688
8462,0.06829296797513962
8463,0.057983916252851486
8464,0.12157934904098511
8465,0.1096118688583374
8466,0.08642803132534027
8467,0.05217320844531059
8468,0.07144176959991455
8469,0.05933582782745361
8470,0.04208917170763016
8471,0.11408573389053345
8472,0.10085439682006836
8473,0.08306191861629486
8474,0.07772254198789597
8475,0.084991954267025
8476,0.15480244159698486
8477,0.11983171105384827
8478,0.027773624286055565
8479,0.07585969567298889
8480,0.04733008146286011
8481,0.11345259845256805
8482,0.08986960351467133
8483,0.13830363750457764
8484,0.059701137244701385
8485,0.10770562291145325
8486,0.02651302143931389
8487,0.17467990517616272
8488,0.07084958255290985
8489,0.043943386524915695
8490,0.03200473636388779
8491,0.10815857350826263
8492,0.09729626029729843
8493,0.10444586724042892
8494,0.09388385713100433
8495,0.1323263943195343
8496,0.025513678789138794
8497,0.1258566826581955
8498,0.03699101135134697
8499,0.14326953887939453
8500,0.16238223016262054
8501,0.03578951582312584
8502,0.034359678626060486
8503,0.054319631308317184
8504,0.13670611381530762
8505,0.11059337854385376
8506,0.02589353173971176
8507,0.08544798195362091
8508,0.0993354544043541
8509,0.024595938622951508
8510,0.07683280855417252
8511,0.04988112673163414
8512,0.11922024190425873
8513,0.06627771258354187
8514,0.04489583894610405
8515,0.025829534977674484
8516,0.03676785156130791
8517,0.13288980722427368
8518,0.07735257595777512
8519,0.09752383083105087
8520,0.04447021335363388
8521,0.16216790676116943
8522,0.08366241306066513
8523,0.1611168384552002
8524,0.09197737276554108
8525,0.07681870460510254
8526,0.07713371515274048
8527,0.029881026595830917
8528,0.11398380249738693
8529,0.07438868284225464
8530,0.049550943076610565
8531,0.04482971876859665
8532,0.17537586390972137
8533,0.04677792638540268
8534,0.03617613762617111
8535,0.07739017903804779
8536,0.12275459617376328
8537,0.02980613522231579
8538,0.09678053855895996
8539,0.10005424916744232
8540,0.05454222857952118
8541,0.09578602015972137
8542,0.07730032503604889
8543,0.04547908902168274
8544,0.037651121616363525
8545,0.07351987808942795
8546,0.04476534575223923
8547,0.046434611082077026
8548,0.15567515790462494
8549,0.0330350287258625
8550,0.10517524182796478
8551,0.13620755076408386
8552,0.06012674793601036
8553,0.08751752227544785
8554,0.14578877389431
8555,0.2413688749074936
8556,0.04785701632499695
8557,0.12784837186336517
8558,0.03427491337060928
8559,0.04671471565961838
8560,0.05299133062362671
8561,0.03851323202252388
8562,0.03297916799783707
8563,0.05001520738005638
8564,0.052974820137023926
8565,0.03933900594711304
8566,0.1499125063419342
8567,0.13649457693099976
8568,0.09529370069503784
8569,0.036710213869810104
8570,0.095306895673275
8571,0.0672038346529007
8572,0.1078610047698021
8573,0.06306082010269165
8574,0.09677308797836304
8575,0.09347522258758545
8576,0.07564983516931534
8577,0.11458979547023773
8578,0.11263364553451538
8579,0.10557794570922852
8580,0.02915174327790737
8581,0.09023293107748032
8582,0.18643411993980408
8583,0.12666301429271698
8584,0.06710688769817352
8585,0.12809298932552338
8586,0.11724840849637985
8587,0.02786475233733654
8588,0.05080239102244377
8589,0.1725424975156784
8590,0.013630270026624203
8591,0.060121916234493256
8592,0.11399119347333908
8593,0.09121273458003998
8594,0.0829431563615799
8595,0.09012555330991745
8596,0.03215421363711357
8597,0.06714031100273132
8598,0.08833026885986328
8599,0.06011750549077988
8600,0.09393279999494553
8601,0.03610386326909065
8602,0.11222773045301437
8603,0.04126349091529846
8604,0.048442211002111435
8605,0.1823548525571823
8606,0.08182108402252197
8607,0.04595637321472168
8608,0.09452339261770248
8609,0.1061115488409996
8610,0.06471081078052521
8611,0.04988066107034683
8612,0.18754860758781433
8613,0.07722808420658112
8614,0.13002941012382507
8615,0.06569820642471313
8616,0.06109107658267021
8617,0.10573514550924301
8618,0.06670729070901871
8619,0.14080317318439484
8620,0.1312757432460785
8621,0.09496933221817017
8622,0.048285000026226044
8623,0.12983809411525726
8624,0.06625120341777802
8625,0.07751648128032684
8626,0.058744631707668304
8627,0.08238488435745239
8628,0.10877498239278793
8629,0.06457643210887909
8630,0.11729699373245239
8631,0.08836957067251205
8632,0.07861502468585968
8633,0.1539475917816162
8634,0.08064259588718414
8635,0.07779943943023682
8636,0.07127493619918823
8637,0.10476565361022949
8638,0.12014102935791016
8639,0.024887997657060623
8640,0.07794829457998276
8641,0.07693033665418625
8642,0.04538460075855255
8643,0.15054278075695038
8644,0.11656852811574936
8645,0.045100271701812744
8646,0.11525271832942963
8647,0.06841523945331573
8648,0.0807257741689682
8649,0.089848093688488
8650,0.05811506509780884
8651,0.13007955253124237
8652,0.08341962099075317
8653,0.11221404373645782
8654,0.059813350439071655
8655,0.040433719754219055
8656,0.09829650819301605
8657,0.10368290543556213
8658,0.08622577041387558
8659,0.10743588209152222
8660,0.1310514509677887
8661,0.1563391387462616
8662,0.049094896763563156
8663,0.1337704360485077
8664,0.16376706957817078
8665,0.03265915438532829
8666,0.06033625826239586
8667,0.11502628773450851
8668,0.1358957141637802
8669,0.10543300211429596
8670,0.07341589778661728
8671,0.04449693486094475
8672,0.06717409193515778
8673,0.027863401919603348
8674,0.09582245349884033
8675,0.07546787708997726
8676,0.029292752966284752
8677,0.0668349489569664
8678,0.19541451334953308
8679,0.0943538248538971
8680,0.09544126689434052
8681,0.08287131786346436
8682,0.0655742809176445
8683,0.06071988865733147
8684,0.08995102345943451
8685,0.09108155965805054
8686,0.03630641847848892
8687,0.032918207347393036
8688,0.11247503012418747
8689,0.1183125376701355
8690,0.05726207047700882
8691,0.04408659785985947
8692,0.14160123467445374
8693,0.12183752655982971
8694,0.19111232459545135
8695,0.04902214929461479
8696,0.140944704413414
8697,0.054536692798137665
8698,0.13083472847938538
8699,0.08109787106513977
8700,0.11731072515249252
8701,0.03471647948026657
8702,0.2545265853404999
8703,0.09487925469875336
8704,0.05541875213384628
8705,0.17485737800598145
8706,0.04994406923651695
8707,0.09144271910190582
8708,0.03410518169403076
8709,0.026616409420967102
8710,0.10674835741519928
8711,0.07985009998083115
8712,0.07378213107585907
8713,0.021442260593175888
8714,0.047060370445251465
8715,0.09095948934555054
8716,0.09393336623907089
8717,0.03680345043540001
8718,0.059260912239551544
8719,0.03419116884469986
8720,0.11608271300792694
8721,0.022219842299818993
8722,0.11234553903341293
8723,0.09639357030391693
8724,0.13015590608119965
8725,0.06272710859775543
8726,0.08807389438152313
8727,0.13609609007835388
8728,0.0692937895655632
8729,0.14346325397491455
8730,0.17478689551353455
8731,0.08875267207622528
8732,0.1137896403670311
8733,0.06488223373889923
8734,0.11043854802846909
8735,0.05342758819460869
8736,0.24472740292549133
8737,0.09705506265163422
8738,0.07961921393871307
8739,0.08164003491401672
8740,0.03642141446471214
8741,0.07046636193990707
8742,0.05113428831100464
8743,0.041047751903533936
8744,0.10084788501262665
8745,0.12230905145406723
8746,0.11335050314664841
8747,0.1511460840702057
8748,0.14535343647003174
8749,0.04577118158340454
8750,0.06116613745689392
8751,0.11317529529333115
8752,0.027750235050916672
8753,0.06886077672243118
8754,0.05282307788729668
8755,0.036821819841861725
8756,0.033323489129543304
8757,0.083612821996212
8758,0.0647301971912384
8759,0.11362457275390625
8760,0.1194337010383606
8761,0.08020487427711487
8762,0.07865677773952484
8763,0.07626388967037201
8764,0.06107422336935997
8765,0.04517460986971855
8766,0.12125152349472046
8767,0.06387368589639664
8768,0.053064875304698944
8769,0.05086266249418259
8770,0.032903917133808136
8771,0.04768899828195572
8772,0.08347456157207489
8773,0.09382615983486176
8774,0.12985876202583313
8775,0.05222373455762863
8776,0.059557877480983734
8777,0.11196357011795044
8778,0.08376611769199371
8779,0.08035985380411148
8780,0.11935478448867798
8781,0.11206454038619995
8782,0.03297268971800804
8783,0.054575543850660324
8784,0.0751965194940567
8785,0.06470130383968353
8786,0.05231686681509018
8787,0.08798933029174805
8788,0.061879612505435944
8789,0.12828630208969116
8790,0.08247317373752594
8791,0.039714597165584564
8792,0.05105322226881981
8793,0.15604382753372192
8794,0.04703551530838013
8795,0.2894001007080078
8796,0.06966768205165863
8797,0.08136269450187683
8798,0.16019320487976074
8799,0.06920097768306732
8800,0.14865419268608093
8801,0.08563931286334991
8802,0.05489453673362732
8803,0.0638236403465271
8804,0.06980402767658234
8805,0.04571976512670517
8806,0.0757499635219574
8807,0.14285427331924438
8808,0.07632575929164886
8809,0.05809848755598068
8810,0.05040138214826584
8811,0.20370212197303772
8812,0.05854087695479393
8813,0.04522361606359482
8814,0.1333281695842743
8815,0.08226977288722992
8816,0.057400595396757126
8817,0.1050635427236557
8818,0.14405019581317902
8819,0.10313993692398071
8820,0.2772587537765503
8821,0.0746983215212822
8822,0.07565227895975113
8823,0.04513287544250488
8824,0.0674208253622055
8825,0.11928302049636841
8826,0.03836531937122345
8827,0.12493959069252014
8828,0.14378906786441803
8829,0.04481969401240349
8830,0.06190234422683716
8831,0.08816757053136826
8832,0.08625803887844086
8833,0.06504406780004501
8834,0.08930839598178864
8835,0.0751141905784607
8836,0.061390362679958344
8837,0.05994584411382675
8838,0.04650191590189934
8839,0.03348580002784729
8840,0.0605609267950058
8841,0.04321666806936264
8842,0.07506194710731506
8843,0.16205346584320068
8844,0.058234453201293945
8845,0.08604763448238373
8846,0.18744830787181854
8847,0.05110613629221916
8848,0.0364721454679966
8849,0.14733639359474182
8850,0.04483766481280327
8851,0.08918154239654541
8852,0.10448217391967773
8853,0.11579380929470062
8854,0.06833308190107346
8855,0.2077837437391281
8856,0.04452294856309891
8857,0.14028051495552063
8858,0.11957262456417084
8859,0.11560928076505661
8860,0.1438109129667282
8861,0.044312816113233566
8862,0.09536324441432953
8863,0.07691162824630737
8864,0.04339110851287842
8865,0.0756644457578659
8866,0.10626059025526047
8867,0.025528833270072937
8868,0.028694506734609604
8869,0.05718737095594406
8870,0.09002824872732162
8871,0.034915778785943985
8872,0.048865944147109985
8873,0.1277192384004593
8874,0.16772691905498505
8875,0.15305250883102417
8876,0.03359260410070419
8877,0.09999442100524902
8878,0.028494564816355705
8879,0.07938705384731293
8880,0.08926015347242355
8881,0.11226087063550949
8882,0.03079400025308132
8883,0.06702142208814621
8884,0.0382591150701046
8885,0.12269600480794907
8886,0.06044705957174301
8887,0.08944940567016602
8888,0.07074186205863953
8889,0.1619478017091751
8890,0.05723559111356735
8891,0.05618807673454285
8892,0.10948240011930466
8893,0.10925924777984619
8894,0.0716671571135521
8895,0.035273462533950806
8896,0.02853662148118019
8897,0.06797947734594345
8898,0.1542009562253952
8899,0.04088426008820534
8900,0.07689812779426575
8901,0.11630319803953171
8902,0.03964334353804588
8903,0.051983024924993515
8904,0.051563605666160583
8905,0.05540848895907402
8906,0.047731369733810425
8907,0.06124421954154968
8908,0.034818049520254135
8909,0.0766340121626854
8910,0.20800116658210754
8911,0.10428512096405029
8912,0.030085092410445213
8913,0.03705986589193344
8914,0.052410006523132324
8915,0.09610676765441895
8916,0.12484397739171982
8917,0.12678280472755432
8918,0.1342378854751587
8919,0.06877526640892029
8920,0.10459917038679123
8921,0.11100584268569946
8922,0.06318440288305283
8923,0.07476640492677689
8924,0.06387963891029358
8925,0.192086860537529
8926,0.1292983740568161
8927,0.14201626181602478
8928,0.07132333517074585
8929,0.07442296296358109
8930,0.10518056154251099
8931,0.06494970619678497
8932,0.11530251801013947
8933,0.07028063386678696
8934,0.08539830148220062
8935,0.051915645599365234
8936,0.05770039185881615
8937,0.036237798631191254
8938,0.12320782244205475
8939,0.06398209929466248
8940,0.11255915462970734
8941,0.08079943060874939
8942,0.04494407773017883
8943,0.03708105534315109
8944,0.0710582286119461
8945,0.060149721801280975
8946,0.05934794247150421
8947,0.03906680643558502
8948,0.10414194315671921
8949,0.08793099969625473
8950,0.036156218498945236
8951,0.03665663301944733
8952,0.08499936759471893
8953,0.15770018100738525
8954,0.08427253365516663
8955,0.03652769327163696
8956,0.07113458961248398
8957,0.08812622725963593
8958,0.061121344566345215
8959,0.10525988042354584
8960,0.0592518076300621
8961,0.051227957010269165
8962,0.17838607728481293
8963,0.04666685312986374
8964,0.17392569780349731
8965,0.08320295810699463
8966,0.07398726791143417
8967,0.026777219027280807
8968,0.12123030424118042
8969,0.165330171585083
8970,0.0863461121916771
8971,0.11531183123588562
8972,0.1490037739276886
8973,0.05352867767214775
8974,0.0956563651561737
8975,0.04328225180506706
8976,0.04652377963066101
8977,0.0858006402850151
8978,0.029789946973323822
8979,0.08821950852870941
8980,0.1119888424873352
8981,0.039577633142471313
8982,0.07531435787677765
8983,0.026787713170051575
8984,0.05663031339645386
8985,0.051804520189762115
8986,0.04742414876818657
8987,0.11080873012542725
8988,0.11074724048376083
8989,0.08955466747283936
8990,0.06875032186508179
8991,0.13080525398254395
8992,0.11441656202077866
8993,0.04063133895397186
8994,0.1397540122270584
8995,0.09362396597862244
8996,0.060822755098342896
8997,0.09743696451187134
8998,0.04013855382800102
8999,0.057076673954725266
9000,0.04971802979707718
9001,0.05821150541305542
9002,0.03883497044444084
9003,0.05852391943335533
9004,0.06583944708108902
9005,0.15746235847473145
9006,0.09532402455806732
9007,0.09907810389995575
9008,0.0505647286772728
9009,0.14782612025737762
9010,0.032498449087142944
9011,0.09865365922451019
9012,0.06200438737869263
9013,0.05962275713682175
9014,0.039324164390563965
9015,0.09558695554733276
9016,0.021448638290166855
9017,0.05373389646410942
9018,0.062317755073308945
9019,0.09090568870306015
9020,0.03851389139890671
9021,0.06694207340478897
9022,0.07399369776248932
9023,0.05920574814081192
9024,0.13299843668937683
9025,0.10444927215576172
9026,0.05953387916088104
9027,0.06977872550487518
9028,0.09347367286682129
9029,0.07929325103759766
9030,0.03456079587340355
9031,0.06771108508110046
9032,0.0585814043879509
9033,0.0890471562743187
9034,0.06944084912538528
9035,0.09057959169149399
9036,0.06159558892250061
9037,0.05621587485074997
9038,0.1734280288219452
9039,0.04495437443256378
9040,0.1074623316526413
9041,0.030553195625543594
9042,0.08831145614385605
9043,0.041810281574726105
9044,0.06545218825340271
9045,0.07373180240392685
9046,0.055419206619262695
9047,0.18821516633033752
9048,0.07532399147748947
9049,0.13358339667320251
9050,0.10023635625839233
9051,0.034757986664772034
9052,0.06170382350683212
9053,0.19167089462280273
9054,0.05502504110336304
9055,0.05603635311126709
9056,0.07045938819646835
9057,0.07100638002157211
9058,0.06899403035640717
9059,0.07237138599157333
9060,0.10704988241195679
9061,0.026656802743673325
9062,0.03810074180364609
9063,0.17214733362197876
9064,0.046297140419483185
9065,0.11464055627584457
9066,0.06446097046136856
9067,0.06947865337133408
9068,0.11845558881759644
9069,0.08770805597305298
9070,0.13869470357894897
9071,0.11890242993831635
9072,0.05582369118928909
9073,0.10539960116147995
9074,0.10091684758663177
9075,0.051243849098682404
9076,0.06453622877597809
9077,0.03637165576219559
9078,0.07935159653425217
9079,0.18082384765148163
9080,0.14617684483528137
9081,0.04459794610738754
9082,0.07178877294063568
9083,0.0799083560705185
9084,0.08937303721904755
9085,0.13712425529956818
9086,0.05403417348861694
9087,0.03159193694591522
9088,0.06520543992519379
9089,0.03816983848810196
9090,0.06918122619390488
9091,0.22136501967906952
9092,0.09132453054189682
9093,0.0860343873500824
9094,0.07216187566518784
9095,0.10199475288391113
9096,0.06597189605236053
9097,0.13126914203166962
9098,0.041217703372240067
9099,0.059093277901411057
9100,0.07643169164657593
9101,0.2020217627286911
9102,0.04595175385475159
9103,0.061953138560056686
9104,0.05465034767985344
9105,0.02521587908267975
9106,0.14509572088718414
9107,0.04146565869450569
9108,0.09552644938230515
9109,0.058824680745601654
9110,0.06277012825012207
9111,0.09106938540935516
9112,0.0600845031440258
9113,0.15632164478302002
9114,0.09084811061620712
9115,0.2464374303817749
9116,0.08768181502819061
9117,0.08576991409063339
9118,0.09956099092960358
9119,0.03235916048288345
9120,0.09121385216712952
9121,0.01847803220152855
9122,0.08988632261753082
9123,0.1849108189344406
9124,0.10866492241621017
9125,0.12836775183677673
9126,0.044777438044548035
9127,0.16060444712638855
9128,0.12044437974691391
9129,0.07553625106811523
9130,0.07410316169261932
9131,0.06259893625974655
9132,0.15260940790176392
9133,0.053746290504932404
9134,0.1740662306547165
9135,0.06092309206724167
9136,0.055112000554800034
9137,0.08228981494903564
9138,0.0681486502289772
9139,0.04315672442317009
9140,0.04612809419631958
9141,0.029332894831895828
9142,0.09352080523967743
9143,0.07888226956129074
9144,0.1289137601852417
9145,0.09786707162857056
9146,0.12304949760437012
9147,0.0688152015209198
9148,0.03913705050945282
9149,0.12153774499893188
9150,0.06260783225297928
9151,0.03270132094621658
9152,0.0544142983853817
9153,0.054639577865600586
9154,0.10950248688459396
9155,0.21262824535369873
9156,0.0452529713511467
9157,0.14397767186164856
9158,0.06376855820417404
9159,0.07370154559612274
9160,0.10733240097761154
9161,0.06627357751131058
9162,0.07070469856262207
9163,0.10761996358633041
9164,0.08031440526247025
9165,0.12412764877080917
9166,0.07770764827728271
9167,0.13020597398281097
9168,0.03711898624897003
9169,0.10928672552108765
9170,0.0691208466887474
9171,0.07472209632396698
9172,0.2177141010761261
9173,0.08007737994194031
9174,0.08284001052379608
9175,0.05894125998020172
9176,0.0627073347568512
9177,0.13653376698493958
9178,0.09561257064342499
9179,0.06760406494140625
9180,0.06074361130595207
9181,0.06718894839286804
9182,0.0646219551563263
9183,0.032021716237068176
9184,0.1315247267484665
9185,0.02960505150258541
9186,0.13030311465263367
9187,0.17266987264156342
9188,0.035142701119184494
9189,0.06563550978899002
9190,0.1282874196767807
9191,0.12376600503921509
9192,0.025911947712302208
9193,0.06095647066831589
9194,0.10718123614788055
9195,0.05446871370077133
9196,0.06902530044317245
9197,0.09800410270690918
9198,0.033049654215574265
9199,0.1199224591255188
9200,0.09275387227535248
9201,0.060226213186979294
9202,0.07952038943767548
9203,0.11923444271087646
9204,0.11912725865840912
9205,0.0347064845263958
9206,0.16924872994422913
9207,0.053545113652944565
9208,0.09918138384819031
9209,0.040742065757513046
9210,0.06220417842268944
9211,0.15643475949764252
9212,0.09923490136861801
9213,0.054758936166763306
9214,0.05932139605283737
9215,0.08846300840377808
9216,0.05096748471260071
9217,0.14550870656967163
9218,0.08819997310638428
9219,0.0522732250392437
9220,0.040731240063905716
9221,0.08029009401798248
9222,0.11310277879238129
9223,0.03883921355009079
9224,0.04369623586535454
9225,0.03725854307413101
9226,0.040001995861530304
9227,0.05987687408924103
9228,0.04355808347463608
9229,0.1422593891620636
9230,0.14151297509670258
9231,0.03459717333316803
9232,0.06058335304260254
9233,0.07636675238609314
9234,0.07784418016672134
9235,0.13263431191444397
9236,0.03376276046037674
9237,0.1436152458190918
9238,0.06249385327100754
9239,0.14537005126476288
9240,0.040824394673109055
9241,0.04693235084414482
9242,0.04992864653468132
9243,0.029608353972434998
9244,0.06216580793261528
9245,0.0696692019701004
9246,0.03282810375094414
9247,0.04042152315378189
9248,0.07736631482839584
9249,0.08208206295967102
9250,0.07622261345386505
9251,0.020782828330993652
9252,0.04775520786643028
9253,0.11939289420843124
9254,0.04254712909460068
9255,0.06338714063167572
9256,0.18026898801326752
9257,0.13603578507900238
9258,0.07841884344816208
9259,0.05261348932981491
9260,0.03849168121814728
9261,0.0868687853217125
9262,0.07330205291509628
9263,0.1447668969631195
9264,0.05576629564166069
9265,0.029246211051940918
9266,0.04317643493413925
9267,0.09909607470035553
9268,0.06599436700344086
9269,0.10165159404277802
9270,0.025746047496795654
9271,0.09292644262313843
9272,0.08640031516551971
9273,0.11311739683151245
9274,0.04282141476869583
9275,0.18697825074195862
9276,0.14786729216575623
9277,0.11289863288402557
9278,0.051565974950790405
9279,0.06427856534719467
9280,0.1175873726606369
9281,0.07882861793041229
9282,0.06498605012893677
9283,0.11478057503700256
9284,0.09565150737762451
9285,0.12728160619735718
9286,0.06764678657054901
9287,0.020474042743444443
9288,0.14259552955627441
9289,0.15461239218711853
9290,0.020901326090097427
9291,0.09070141613483429
9292,0.06672688573598862
9293,0.07071235775947571
9294,0.030710112303495407
9295,0.04923289269208908
9296,0.035498399287462234
9297,0.05128002166748047
9298,0.08324770629405975
9299,0.16508233547210693
9300,0.10015790909528732
9301,0.13232409954071045
9302,0.2033684253692627
9303,0.04833890497684479
9304,0.08317224681377411
9305,0.07270368933677673
9306,0.025056621059775352
9307,0.03776739537715912
9308,0.05725579708814621
9309,0.030537551268935204
9310,0.09526722133159637
9311,0.03391958773136139
9312,0.09182757139205933
9313,0.0700150728225708
9314,0.06827452778816223
9315,0.04758968949317932
9316,0.05198270082473755
9317,0.03716308996081352
9318,0.029208874329924583
9319,0.1773783564567566
9320,0.09870462864637375
9321,0.13411292433738708
9322,0.0535157173871994
9323,0.1539255678653717
9324,0.03885035216808319
9325,0.02604270540177822
9326,0.07600700110197067
9327,0.10015138238668442
9328,0.08250048756599426
9329,0.11541607230901718
9330,0.03025957942008972
9331,0.03957858681678772
9332,0.08892687410116196
9333,0.08225028961896896
9334,0.05806434154510498
9335,0.022824889048933983
9336,0.11691906303167343
9337,0.09610581398010254
9338,0.040165193378925323
9339,0.04364896938204765
9340,0.0374792106449604
9341,0.09962637722492218
9342,0.06991278380155563
9343,0.04273358732461929
9344,0.1088300347328186
9345,0.08247501403093338
9346,0.07523570954799652
9347,0.09044760465621948
9348,0.06161088868975639
9349,0.07436450570821762
9350,0.11504201591014862
9351,0.11770813167095184
9352,0.026553284376859665
9353,0.08594568818807602
9354,0.0352947935461998
9355,0.06978955119848251
9356,0.041742563247680664
9357,0.11520876735448837
9358,0.0402413085103035
9359,0.12376730889081955
9360,0.12203097343444824
9361,0.007974510081112385
9362,0.1852465569972992
9363,0.06798447668552399
9364,0.047220535576343536
9365,0.14418983459472656
9366,0.19637656211853027
9367,0.08888185024261475
9368,0.06233161687850952
9369,0.05949826166033745
9370,0.15546251833438873
9371,0.14244285225868225
9372,0.04024495184421539
9373,0.03136830776929855
9374,0.06769394129514694
9375,0.06399275362491608
9376,0.055885862559080124
9377,0.0921846479177475
9378,0.035094618797302246
9379,0.04099828377366066
9380,0.16695255041122437
9381,0.05256422981619835
9382,0.04810047149658203
9383,0.06582029163837433
9384,0.047998785972595215
9385,0.12031196057796478
9386,0.06113046407699585
9387,0.0376812107861042
9388,0.07875536382198334
9389,0.11246871203184128
9390,0.09723111242055893
9391,0.0507880263030529
9392,0.05281069129705429
9393,0.08334561437368393
9394,0.06518790125846863
9395,0.18446946144104004
9396,0.05408962815999985
9397,0.05016022175550461
9398,0.0687653049826622
9399,0.0771687924861908
9400,0.06241246312856674
9401,0.039892785251140594
9402,0.06359662115573883
9403,0.05517464131116867
9404,0.1534726619720459
9405,0.10915680974721909
9406,0.04280107468366623
9407,0.089210145175457
9408,0.09547798335552216
9409,0.053837232291698456
9410,0.04590120166540146
9411,0.20495763421058655
9412,0.06161729246377945
9413,0.10178935527801514
9414,0.12206822633743286
9415,0.23631441593170166
9416,0.034812670201063156
9417,0.05851949006319046
9418,0.06069362163543701
9419,0.07089356333017349
9420,0.1337691843509674
9421,0.03988034278154373
9422,0.07916923612356186
9423,0.05382401868700981
9424,0.06936491280794144
9425,0.05890870839357376
9426,0.08594907820224762
9427,0.04557241126894951
9428,0.06727518886327744
9429,0.16733627021312714
9430,0.06426787376403809
9431,0.08127282559871674
9432,0.10210520029067993
9433,0.059363123029470444
9434,0.16353043913841248
9435,0.0767955332994461
9436,0.040989577770233154
9437,0.06189937889575958
9438,0.04269939661026001
9439,0.13731792569160461
9440,0.03743770718574524
9441,0.08992715924978256
9442,0.06347627937793732
9443,0.04773525521159172
9444,0.05739475041627884
9445,0.13642270863056183
9446,0.04794367775321007
9447,0.09737150371074677
9448,0.21385030448436737
9449,0.049387797713279724
9450,0.12907527387142181
9451,0.1352842152118683
9452,0.3263781666755676
9453,0.1145009845495224
9454,0.05970422551035881
9455,0.09171314537525177
9456,0.13245919346809387
9457,0.06465265154838562
9458,0.1054736077785492
9459,0.07026725262403488
9460,0.09991592168807983
9461,0.04934225231409073
9462,0.05825198441743851
9463,0.04807567596435547
9464,0.05583665892481804
9465,0.06778068840503693
9466,0.04449189826846123
9467,0.07355709373950958
9468,0.2125551700592041
9469,0.03368973359465599
9470,0.10273534059524536
9471,0.10039349645376205
9472,0.09773256629705429
9473,0.12273550033569336
9474,0.10588273406028748
9475,0.1388155221939087
9476,0.05729442462325096
9477,0.05510218068957329
9478,0.05074077472090721
9479,0.15827900171279907
9480,0.10332350432872772
9481,0.06955797970294952
9482,0.09129969775676727
9483,0.13226793706417084
9484,0.12313640117645264
9485,0.10144162178039551
9486,0.09794119000434875
9487,0.04626469314098358
9488,0.06016737222671509
9489,0.10257549583911896
9490,0.03464803099632263
9491,0.08546911180019379
9492,0.04064825177192688
9493,0.08195371925830841
9494,0.06769468635320663
9495,0.035537611693143845
9496,0.0696028620004654
9497,0.06800882518291473
9498,0.12699320912361145
9499,0.1099870428442955
9500,0.03781529515981674
9501,0.08946384489536285
9502,0.061318397521972656
9503,0.19744597375392914
9504,0.10684218257665634
9505,0.03636544570326805
9506,0.11480771005153656
9507,0.07268666476011276
9508,0.1390765756368637
9509,0.1466834992170334
9510,0.047432661056518555
9511,0.09118545055389404
9512,0.13576331734657288
9513,0.12310143560171127
9514,0.08611524105072021
9515,0.07885217666625977
9516,0.08313259482383728
9517,0.09595974534749985
9518,0.13968805968761444
9519,0.06527695059776306
9520,0.1088782399892807
9521,0.10290814936161041
9522,0.10976904630661011
9523,0.16954925656318665
9524,0.10665714740753174
9525,0.038303226232528687
9526,0.03430831432342529
9527,0.052388809621334076
9528,0.1083594486117363
9529,0.15549135208129883
9530,0.034792687743902206
9531,0.14709961414337158
9532,0.06403785943984985
9533,0.034342970699071884
9534,0.060250889509916306
9535,0.07179862260818481
9536,0.13017039000988007
9537,0.04305494949221611
9538,0.04432445764541626
9539,0.09624004364013672
9540,0.06550712883472443
9541,0.11172139644622803
9542,0.07354473322629929
9543,0.0643826499581337
9544,0.06646393984556198
9545,0.0387047678232193
9546,0.030440514907240868
9547,0.08684786409139633
9548,0.0622115358710289
9549,0.07971818745136261
9550,0.020361270755529404
9551,0.06984546035528183
9552,0.0797845795750618
9553,0.057158615440130234
9554,0.042882081121206284
9555,0.1414206475019455
9556,0.04941771551966667
9557,0.07209987938404083
9558,0.06699883937835693
9559,0.11340002715587616
9560,0.05310599505901337
9561,0.14467653632164001
9562,0.08451174944639206
9563,0.07039282470941544
9564,0.18827097117900848
9565,0.09204857051372528
9566,0.0448702871799469
9567,0.0381857268512249
9568,0.06123247742652893
9569,0.03215786814689636
9570,0.044050198048353195
9571,0.10547274351119995
9572,0.06166563555598259
9573,0.04521176218986511
9574,0.10569080710411072
9575,0.03749680146574974
9576,0.10682938992977142
9577,0.07671093195676804
9578,0.12987010180950165
9579,0.14308923482894897
9580,0.10152842849493027
9581,0.1214514896273613
9582,0.05240459740161896
9583,0.15084050595760345
9584,0.05235069990158081
9585,0.03547743707895279
9586,0.13574320077896118
9587,0.16690167784690857
9588,0.04845123738050461
9589,0.18561026453971863
9590,0.067257359623909
9591,0.07989528775215149
9592,0.04612291604280472
9593,0.055318307131528854
9594,0.07028394192457199
9595,0.08462356775999069
9596,0.049895208328962326
9597,0.05625148117542267
9598,0.11619444191455841
9599,0.04535730183124542
9600,0.10619139671325684
9601,0.04093032330274582
9602,0.10066520422697067
9603,0.0866243988275528
9604,0.03831049054861069
9605,0.03736654669046402
9606,0.030614778399467468
9607,0.2492874562740326
9608,0.15751194953918457
9609,0.07691480964422226
9610,0.0845596194267273
9611,0.06750749796628952
9612,0.1584654450416565
9613,0.07480386644601822
9614,0.09022703766822815
9615,0.0695720687508583
9616,0.07020022720098495
9617,0.0765841007232666
9618,0.06972986459732056
9619,0.08923747390508652
9620,0.08252301812171936
9621,0.1645498275756836
9622,0.25493186712265015
9623,0.12345574796199799
9624,0.06318990141153336
9625,0.07187096774578094
9626,0.035559192299842834
9627,0.06544901430606842
9628,0.07901793718338013
9629,0.07166527211666107
9630,0.06058339774608612
9631,0.06592884659767151
9632,0.07319258898496628
9633,0.10448512434959412
9634,0.06967677921056747
9635,0.028863828629255295
9636,0.0844726487994194
9637,0.10673709958791733
9638,0.08870198577642441
9639,0.07326303422451019
9640,0.0633489191532135
9641,0.048477839678525925
9642,0.06554248929023743
9643,0.14456138014793396
9644,0.07331231236457825
9645,0.039497584104537964
9646,0.08722929656505585
9647,0.15095458924770355
9648,0.08070921152830124
9649,0.0974963828921318
9650,0.043407656252384186
9651,0.048807453364133835
9652,0.09894822537899017
9653,0.13246765732765198
9654,0.06651954352855682
9655,0.11206303536891937
9656,0.049878962337970734
9657,0.0798521637916565
9658,0.10269170999526978
9659,0.058250248432159424
9660,0.08981893956661224
9661,0.07535208761692047
9662,0.06157218664884567
9663,0.06706511229276657
9664,0.09928622841835022
9665,0.06862188130617142
9666,0.04517478495836258
9667,0.11033998429775238
9668,0.09852214902639389
9669,0.0725758969783783
9670,0.08111588656902313
9671,0.03216555342078209
9672,0.042391858994960785
9673,0.09972383826971054
9674,0.08989046514034271
9675,0.03611607849597931
9676,0.029572073370218277
9677,0.1862814873456955
9678,0.03778279200196266
9679,0.12612438201904297
9680,0.12834841012954712
9681,0.173434779047966
9682,0.12258245795965195
9683,0.050342660397291183
9684,0.15659025311470032
9685,0.06836284697055817
9686,0.07361393421888351
9687,0.07067164033651352
9688,0.12530648708343506
9689,0.06974577903747559
9690,0.09576264023780823
9691,0.17085188627243042
9692,0.08984912931919098
9693,0.084954634308815
9694,0.21494659781455994
9695,0.05127313733100891
9696,0.05188935622572899
9697,0.10305888950824738
9698,0.04586384817957878
9699,0.033421967178583145
9700,0.06547019630670547
9701,0.12564590573310852
9702,0.08752942085266113
9703,0.1134445071220398
9704,0.07016371190547943
9705,0.08766420930624008
9706,0.09549760073423386
9707,0.0437493734061718
9708,0.050122421234846115
9709,0.08419685065746307
9710,0.16174578666687012
9711,0.12972883880138397
9712,0.10568523406982422
9713,0.08265761286020279
9714,0.03223710134625435
9715,0.022958487272262573
9716,0.049051281064748764
9717,0.13679838180541992
9718,0.06019745394587517
9719,0.02074899524450302
9720,0.05805645138025284
9721,0.05390585958957672
9722,0.07088914513587952
9723,0.05476647615432739
9724,0.07400114834308624
9725,0.052412696182727814
9726,0.09796324372291565
9727,0.12093794345855713
9728,0.05809035897254944
9729,0.09676279127597809
9730,0.13657502830028534
9731,0.13071481883525848
9732,0.10833762586116791
9733,0.1259935349225998
9734,0.08956551551818848
9735,0.06552838534116745
9736,0.14997480809688568
9737,0.040209122002124786
9738,0.0775950625538826
9739,0.07345107942819595
9740,0.05366723984479904
9741,0.22823724150657654
9742,0.029867034405469894
9743,0.1837078332901001
9744,0.04979611933231354
9745,0.05036213994026184
9746,0.0976228341460228
9747,0.1611555516719818
9748,0.05026698112487793
9749,0.19256430864334106
9750,0.12236160039901733
9751,0.10327830165624619
9752,0.08026642352342606
9753,0.0880703553557396
9754,0.06553524732589722
9755,0.07900946587324142
9756,0.04698030278086662
9757,0.12410670518875122
9758,0.07662022858858109
9759,0.05835774540901184
9760,0.06500402092933655
9761,0.1174498051404953
9762,0.047604650259017944
9763,0.053137533366680145
9764,0.09732405841350555
9765,0.05098193883895874
9766,0.03864257037639618
9767,0.11529003083705902
9768,0.07052785903215408
9769,0.020632511004805565
9770,0.0517951101064682
9771,0.15686476230621338
9772,0.06730026006698608
9773,0.03195700794458389
9774,0.09416119754314423
9775,0.07112002372741699
9776,0.09311219304800034
9777,0.040033891797065735
9778,0.053640227764844894
9779,0.08275794982910156
9780,0.15999829769134521
9781,0.11676208674907684
9782,0.044439978897571564
9783,0.10619890689849854
9784,0.03887004405260086
9785,0.09411337226629257
9786,0.06783711165189743
9787,0.03622238337993622
9788,0.10911687463521957
9789,0.08055128157138824
9790,0.09430526196956635
9791,0.09456224739551544
9792,0.12640221416950226
9793,0.058141276240348816
9794,0.07963782548904419
9795,0.10946042835712433
9796,0.07659746706485748
9797,0.15189021825790405
9798,0.08494999259710312
9799,0.11980202794075012
9800,0.06353829801082611
9801,0.06406432390213013
9802,0.02625526487827301
9803,0.022965844720602036
9804,0.06424271315336227
9805,0.1272672712802887
9806,0.10462658107280731
9807,0.07940509915351868
9808,0.1062835156917572
9809,0.0537404827773571
9810,0.1330626904964447
9811,0.06829165667295456
9812,0.07148466259241104
9813,0.16228634119033813
9814,0.07593490928411484
9815,0.07319524884223938
9816,0.05577394366264343
9817,0.06696122884750366
9818,0.04076731204986572
9819,0.06710430979728699
9820,0.03972717747092247
9821,0.05073052644729614
9822,0.06656276434659958
9823,0.0921235904097557
9824,0.022596847265958786
9825,0.07182899117469788
9826,0.03634023666381836
9827,0.05131450295448303
9828,0.07180153578519821
9829,0.10679414868354797
9830,0.07989205420017242
9831,0.2558353543281555
9832,0.028612632304430008
9833,0.09924733638763428
9834,0.11084194481372833
9835,0.0508803054690361
9836,0.03579118102788925
9837,0.10365881025791168
9838,0.09046366065740585
9839,0.11955529451370239
9840,0.10118132829666138
9841,0.044790398329496384
9842,0.08744657039642334
9843,0.1834283322095871
9844,0.12343096733093262
9845,0.10166605561971664
9846,0.050185512751340866
9847,0.09935774654150009
9848,0.10980330407619476
9849,0.09805484861135483
9850,0.03658992052078247
9851,0.05757802724838257
9852,0.09365470707416534
9853,0.05703052878379822
9854,0.04440201446413994
9855,0.06013172119855881
9856,0.10513338446617126
9857,0.09792797267436981
9858,0.10839109122753143
9859,0.036384712904691696
9860,0.05023425817489624
9861,0.11737550795078278
9862,0.056218620389699936
9863,0.08253983408212662
9864,0.0491066575050354
9865,0.07587524503469467
9866,0.0509151928126812
9867,0.0772634893655777
9868,0.0702507346868515
9869,0.09125310182571411
9870,0.06194523721933365
9871,0.11907482147216797
9872,0.08246883004903793
9873,0.0640091598033905
9874,0.04873966798186302
9875,0.0706191211938858
9876,0.020814750343561172
9877,0.12469609826803207
9878,0.09319522231817245
9879,0.08182518184185028
9880,0.08857743442058563
9881,0.08960568904876709
9882,0.04442109167575836
9883,0.05319789797067642
9884,0.031211812049150467
9885,0.029087571427226067
9886,0.07277840375900269
9887,0.05507728457450867
9888,0.0768180713057518
9889,0.12397374957799911
9890,0.12411081045866013
9891,0.07255944609642029
9892,0.07406174391508102
9893,0.06541351974010468
9894,0.030894046649336815
9895,0.04780274257063866
9896,0.02770945429801941
9897,0.051069147884845734
9898,0.12197798490524292
9899,0.09828434884548187
9900,0.09906651824712753
9901,0.09169159829616547
9902,0.09697946161031723
9903,0.11147475242614746
9904,0.13208675384521484
9905,0.11417271196842194
9906,0.020208407193422318
9907,0.1297813206911087
9908,0.08355529606342316
9909,0.07015079259872437
9910,0.1793820858001709
9911,0.07220914959907532
9912,0.03041914664208889
9913,0.14980073273181915
9914,0.1037793681025505
9915,0.05807202681899071
9916,0.028567343950271606
9917,0.0982244536280632
9918,0.1416851133108139
9919,0.11720401048660278
9920,0.09881087392568588
9921,0.08242955058813095
9922,0.17395679652690887
9923,0.07732809334993362
9924,0.054662495851516724
9925,0.03932991623878479
9926,0.10376934707164764
9927,0.13937470316886902
9928,0.13483139872550964
9929,0.03633859381079674
9930,0.07731696963310242
9931,0.09461995214223862
9932,0.15304520726203918
9933,0.32395297288894653
9934,0.07679048180580139
9935,0.08493062108755112
9936,0.05656587332487106
9937,0.059965312480926514
9938,0.09102056920528412
9939,0.03114025853574276
9940,0.10162888467311859
9941,0.03811369836330414
9942,0.08289825916290283
9943,0.156968355178833
9944,0.13295763731002808
9945,0.07213765382766724
9946,0.06588256359100342
9947,0.060518644750118256
9948,0.041236501187086105
9949,0.07672108709812164
9950,0.13552424311637878
9951,0.16121689975261688
9952,0.10016480088233948
9953,0.1691204011440277
9954,0.09851928800344467
9955,0.054536715149879456
9956,0.05525507777929306
9957,0.09834512323141098
9958,0.11272715777158737
9959,0.07098297774791718
9960,0.08370854705572128
9961,0.1295309066772461
9962,0.09800440073013306
9963,0.062437426298856735
9964,0.07035870850086212
9965,0.1372254490852356
9966,0.04089146852493286
9967,0.18706083297729492
9968,0.03784046694636345
9969,0.03175933659076691
9970,0.05594687908887863
9971,0.08056473731994629
9972,0.0880306214094162
9973,0.09582152962684631
9974,0.13138337433338165
9975,0.08473064005374908
9976,0.0878584012389183
9977,0.13551923632621765
9978,0.01923387125134468
9979,0.11996535956859589
9980,0.08396866172552109
9981,0.020869215950369835
9982,0.05646336078643799
9983,0.039204083383083344
9984,0.1120099276304245
9985,0.07999663800001144
9986,0.073693186044693
9987,0.13986219465732574
9988,0.0802055299282074
9989,0.14514009654521942
9990,0.12030723690986633
9991,0.03870699554681778
9992,0.047079380601644516
9993,0.04243890196084976
9994,0.01653900556266308
9995,0.06095629930496216
9996,0.03949391841888428
9997,0.08529623597860336
9998,0.06248044967651367
9999,0.22560648620128632
10000,0.04735322296619415
10001,0.09260918945074081
10002,0.1554681360721588
10003,0.10146453231573105
10004,0.08391862362623215
10005,0.07989329844713211
10006,0.12665992975234985
10007,0.10561907291412354
10008,0.08002738654613495
10009,0.10090874135494232
10010,0.08353503793478012
10011,0.12711498141288757
10012,0.0554070770740509
10013,0.0515279695391655
10014,0.0829235315322876
10015,0.06904691457748413
10016,0.08262111991643906
10017,0.15734587609767914
10018,0.07361685484647751
10019,0.0582466796040535
10020,0.10454244911670685
10021,0.0634271427989006
10022,0.05580452084541321
10023,0.03914019092917442
10024,0.05688099190592766
10025,0.0932399183511734
10026,0.028295230120420456
10027,0.026671472936868668
10028,0.05470077320933342
10029,0.05536116287112236
10030,0.09686785191297531
10031,0.07987059652805328
10032,0.05719716474413872
10033,0.08951610326766968
10034,0.14798566699028015
10035,0.06650800257921219
10036,0.12543465197086334
10037,0.039996739476919174
10038,0.13728046417236328
10039,0.03805635869503021
10040,0.1842384785413742
10041,0.08978736400604248
10042,0.05882398411631584
10043,0.0664091631770134
10044,0.04397464916110039
10045,0.04052886366844177
10046,0.09836753457784653
10047,0.12592479586601257
10048,0.11089582741260529
10049,0.04219602793455124
10050,0.06546809524297714
10051,0.1855238676071167
10052,0.07282502949237823
10053,0.03574192523956299
10054,0.10579004883766174
10055,0.1187468022108078
10056,0.07257780432701111
10057,0.06267695128917694
10058,0.08802493661642075
10059,0.1897352635860443
10060,0.0524829626083374
10061,0.19810597598552704
10062,0.15650159120559692
10063,0.03242826461791992
10064,0.06690797209739685
10065,0.10256056487560272
10066,0.05943901464343071
10067,0.03514554351568222
10068,0.059642672538757324
10069,0.13089993596076965
10070,0.0387338250875473
10071,0.05405556783080101
10072,0.025517379865050316
10073,0.13179752230644226
10074,0.08492937684059143
10075,0.030225232243537903
10076,0.058067094534635544
10077,0.10420458763837814
10078,0.09378322213888168
10079,0.05544724315404892
10080,0.03716088831424713
10081,0.06675758957862854
10082,0.043151795864105225
10083,0.09351690113544464
10084,0.12920355796813965
10085,0.06923100352287292
10086,0.06676655262708664
10087,0.03002811037003994
10088,0.0802452340722084
10089,0.141666442155838
10090,0.10276423394680023
10091,0.0802069902420044
10092,0.03887014463543892
10093,0.16754041612148285
10094,0.1302068680524826
10095,0.1785319298505783
10096,0.13367821276187897
10097,0.076992467045784
10098,0.1133904680609703
10099,0.07199280709028244
10100,0.10195539891719818
10101,0.0703313946723938
10102,0.09762497991323471
10103,0.0585157573223114
10104,0.16333118081092834
10105,0.13322319090366364
10106,0.10514716804027557
10107,0.05572977662086487
10108,0.10235469788312912
10109,0.09658515453338623
10110,0.1413504034280777
10111,0.058764126151800156
10112,0.040973298251628876
10113,0.14167554676532745
10114,0.04556315764784813
10115,0.07834236323833466
10116,0.07978558540344238
10117,0.09638100862503052
10118,0.12058814615011215
10119,0.01246205996721983
10120,0.06328941136598587
10121,0.13831809163093567
10122,0.13426756858825684
10123,0.09210585057735443
10124,0.07954663783311844
10125,0.021595170721411705
10126,0.07042008638381958
10127,0.10428506135940552
10128,0.06788424402475357
10129,0.1396576464176178
10130,0.15255337953567505
10131,0.06677383184432983
10132,0.0399627760052681
10133,0.07244326174259186
10134,0.05402693897485733
10135,0.08749493211507797
10136,0.05203017219901085
10137,0.0425911620259285
10138,0.11613892763853073
10139,0.14202147722244263
10140,0.12678182125091553
10141,0.04034198820590973
10142,0.030030053108930588
10143,0.038403064012527466
10144,0.08230894804000854
10145,0.07708843797445297
10146,0.039662159979343414
10147,0.10159345716238022
10148,0.0254594087600708
10149,0.17623262107372284
10150,0.0783575251698494
10151,0.07993906736373901
10152,0.041592858731746674
10153,0.19557639956474304
10154,0.05455201119184494
10155,0.22914545238018036
10156,0.061008237302303314
10157,0.039201103150844574
10158,0.03917764872312546
10159,0.06128367781639099
10160,0.08326144516468048
10161,0.1380370408296585
10162,0.03947153687477112
10163,0.13474176824092865
10164,0.09407933801412582
10165,0.038787588477134705
10166,0.05380600690841675
10167,0.055466726422309875
10168,0.15852651000022888
10169,0.1075446605682373
10170,0.11731137335300446
10171,0.07253389060497284
10172,0.040924519300460815
10173,0.1072329729795456
10174,0.0869443267583847
10175,0.1121598333120346
10176,0.040496669709682465
10177,0.0595785491168499
10178,0.12966759502887726
10179,0.07197332382202148
10180,0.10483825206756592
10181,0.08845692873001099
10182,0.048755329102277756
10183,0.05532810837030411
10184,0.10381209850311279
10185,0.0581841841340065
10186,0.057356566190719604
10187,0.07557745277881622
10188,0.11037106812000275
10189,0.16170570254325867
10190,0.07160177826881409
10191,0.1217695027589798
10192,0.035127852112054825
10193,0.11436408758163452
10194,0.03593802452087402
10195,0.0671023353934288
10196,0.12975183129310608
10197,0.07225178927183151
10198,0.07791667431592941
10199,0.027701273560523987
10200,0.036851853132247925
10201,0.1225569099187851
10202,0.15169554948806763
10203,0.08239945769309998
10204,0.07346829026937485
10205,0.14202117919921875
10206,0.03888202831149101
10207,0.0679207295179367
10208,0.05723344534635544
10209,0.11807399988174438
10210,0.06636105477809906
10211,0.1256115734577179
10212,0.09390506148338318
10213,0.061940401792526245
10214,0.12058930844068527
10215,0.08453606069087982
10216,0.09482800960540771
10217,0.03839970752596855
10218,0.08370642364025116
10219,0.12132811546325684
10220,0.07535409927368164
10221,0.10517572611570358
10222,0.13271760940551758
10223,0.12197815626859665
10224,0.09413420408964157
10225,0.061293214559555054
10226,0.06597502529621124
10227,0.0958433672785759
10228,0.019152099266648293
10229,0.12434657663106918
10230,0.1482096016407013
10231,0.05578780919313431
10232,0.14814770221710205
10233,0.07481397688388824
10234,0.06622069329023361
10235,0.08532892167568207
10236,0.0904659628868103
10237,0.12390749156475067
10238,0.17937037348747253
10239,0.022273873910307884
10240,0.045892830938100815
10241,0.04550745338201523
10242,0.05673164129257202
10243,0.09017842262983322
10244,0.052687935531139374
10245,0.11013734340667725
10246,0.06832876801490784
10247,0.18634364008903503
10248,0.08018237352371216
10249,0.03230319917201996
10250,0.07965603470802307
10251,0.1754525601863861
10252,0.025422081351280212
10253,0.1240638941526413
10254,0.038920577615499496
10255,0.12289011478424072
10256,0.10716263949871063
10257,0.044894374907016754
10258,0.05671679973602295
10259,0.035049162805080414
10260,0.1180858463048935
10261,0.07926584035158157
10262,0.018146339803934097
10263,0.11692993342876434
10264,0.058228641748428345
10265,0.19420365989208221
10266,0.15307074785232544
10267,0.07792586088180542
10268,0.1296759694814682
10269,0.05929940938949585
10270,0.05057039111852646
10271,0.10948511213064194
10272,0.0999564379453659
10273,0.08945491164922714
10274,0.11655579507350922
10275,0.12604664266109467
10276,0.11193995177745819
10277,0.03323263302445412
10278,0.1734771430492401
10279,0.1849152147769928
10280,0.12051105499267578
10281,0.039558932185173035
10282,0.12513618171215057
10283,0.05127665400505066
10284,0.07870729267597198
10285,0.035826366394758224
10286,0.08609309792518616
10287,0.10564786195755005
10288,0.05122341960668564
10289,0.045548319816589355
10290,0.12854760885238647
10291,0.036153413355350494
10292,0.05486876890063286
10293,0.05622616410255432
10294,0.17079471051692963
10295,0.05457736551761627
10296,0.1282273232936859
10297,0.10159826278686523
10298,0.07302696257829666
10299,0.04250655695796013
10300,0.1023499071598053
10301,0.08817175030708313
10302,0.0772186666727066
10303,0.09639404714107513
10304,0.03043670579791069
10305,0.06591665744781494
10306,0.11266785860061646
10307,0.14524495601654053
10308,0.040549617260694504
10309,0.06319289654493332
10310,0.06100071594119072
10311,0.08581672608852386
10312,0.038275569677352905
10313,0.07461845874786377
10314,0.06847184896469116
10315,0.04987257719039917
10316,0.031328193843364716
10317,0.13526120781898499
10318,0.04236655682325363
10319,0.06981072574853897
10320,0.05214713141322136
10321,0.06300079077482224
10322,0.029092838987708092
10323,0.09371643513441086
10324,0.1507938951253891
10325,0.055087633430957794
10326,0.06536132097244263
10327,0.05685194581747055
10328,0.05712732672691345
10329,0.05578864365816116
10330,0.13843296468257904
10331,0.05444397032260895
10332,0.09423442929983139
10333,0.1519204080104828
10334,0.04450967162847519
10335,0.11446152627468109
10336,0.11305102705955505
10337,0.06863360852003098
10338,0.11982464045286179
10339,0.09837476909160614
10340,0.10283885896205902
10341,0.09038570523262024
10342,0.08509692549705505
10343,0.18857556581497192
10344,0.05167827010154724
10345,0.051043909043073654
10346,0.10710828751325607
10347,0.126286581158638
10348,0.07018310576677322
10349,0.10757698118686676
10350,0.07943034917116165
10351,0.08568809926509857
10352,0.02651311084628105
10353,0.07840311527252197
10354,0.08823269605636597
10355,0.08702848851680756
10356,0.13008522987365723
10357,0.09652875363826752
10358,0.13663813471794128
10359,0.07920695841312408
10360,0.05795370787382126
10361,0.04262667894363403
10362,0.08047229051589966
10363,0.10258014500141144
10364,0.07483304291963577
10365,0.15173332393169403
10366,0.06954549252986908
10367,0.0787181481719017
10368,0.07637141644954681
10369,0.031880855560302734
10370,0.0594814233481884
10371,0.09062215685844421
10372,0.06826502084732056
10373,0.08512749522924423
10374,0.05355064198374748
10375,0.11457749456167221
10376,0.05447165295481682
10377,0.03319431468844414
10378,0.06850983202457428
10379,0.058924779295921326
10380,0.07194417715072632
10381,0.10650363564491272
10382,0.02825300768017769
10383,0.08902724832296371
10384,0.09409230947494507
10385,0.11626538634300232
10386,0.06368312239646912
10387,0.09720845520496368
10388,0.16484051942825317
10389,0.043033063411712646
10390,0.07806634902954102
10391,0.08661463856697083
10392,0.061251264065504074
10393,0.06713282316923141
10394,0.025355776771903038
10395,0.07749240100383759
10396,0.057244282215833664
10397,0.12851834297180176
10398,0.07182332873344421
10399,0.09083175659179688
10400,0.07352731376886368
10401,0.1537606418132782
10402,0.12929247319698334
10403,0.09418405592441559
10404,0.1539163738489151
10405,0.09611507505178452
10406,0.11347557604312897
10407,0.07498960196971893
10408,0.10499709844589233
10409,0.09417015314102173
10410,0.13638415932655334
10411,0.10083864629268646
10412,0.051495056599378586
10413,0.044597215950489044
10414,0.047434329986572266
10415,0.043324895203113556
10416,0.05361151695251465
10417,0.06863554567098618
10418,0.09910356998443604
10419,0.14455077052116394
10420,0.11947425454854965
10421,0.05674312636256218
10422,0.0679553672671318
10423,0.0670255571603775
10424,0.07488575577735901
10425,0.07595589011907578
10426,0.0390215739607811
10427,0.044024594128131866
10428,0.07271792739629745
10429,0.05926615744829178
10430,0.056659530848264694
10431,0.047451701015233994
10432,0.0718509778380394
10433,0.17991062998771667
10434,0.08065138012170792
10435,0.08531416952610016
10436,0.22179612517356873
10437,0.1593059003353119
10438,0.16356706619262695
10439,0.06480451673269272
10440,0.03508472442626953
10441,0.1082625612616539
10442,0.028706718236207962
10443,0.10672809928655624
10444,0.07007115334272385
10445,0.05124407634139061
10446,0.09004022926092148
10447,0.03614183887839317
10448,0.08209775388240814
10449,0.1320025771856308
10450,0.0569407120347023
10451,0.06305936723947525
10452,0.061599597334861755
10453,0.1002577543258667
10454,0.030983775854110718
10455,0.05830039083957672
10456,0.09730073064565659
10457,0.07840485870838165
10458,0.09431769698858261
10459,0.05142323300242424
10460,0.04521410912275314
10461,0.07384136319160461
10462,0.09636351466178894
10463,0.07438158988952637
10464,0.09476689994335175
10465,0.0491546206176281
10466,0.06608624756336212
10467,0.05061725899577141
10468,0.23080599308013916
10469,0.08669104427099228
10470,0.05399787425994873
10471,0.10361294448375702
10472,0.0777643546462059
10473,0.04700057953596115
10474,0.08746226876974106
10475,0.0291916336864233
10476,0.0542871356010437
10477,0.13279303908348083
10478,0.058755408972501755
10479,0.09682252258062363
10480,0.035202957689762115
10481,0.04994293302297592
10482,0.10589083284139633
10483,0.06302671879529953
10484,0.06020331382751465
10485,0.07579368352890015
10486,0.04317045211791992
10487,0.05323564261198044
10488,0.0625675693154335
10489,0.016505442559719086
10490,0.0744393914937973
10491,0.0740896612405777
10492,0.053107231855392456
10493,0.09173645079135895
10494,0.03289363160729408
10495,0.04931037873029709
10496,0.09917455166578293
10497,0.09033598750829697
10498,0.026582665741443634
10499,0.030565693974494934
10500,0.07093299925327301
10501,0.057393889874219894
10502,0.07362757623195648
10503,0.12089425325393677
10504,0.15209601819515228
10505,0.07788024842739105
10506,0.03604058921337128
10507,0.025352802127599716
10508,0.1376136988401413
10509,0.09609799087047577
10510,0.15578782558441162
10511,0.09153835475444794
10512,0.21589434146881104
10513,0.04314914345741272
10514,0.05125276371836662
10515,0.0590621642768383
10516,0.08940565586090088
10517,0.07987940311431885
10518,0.1869077980518341
10519,0.04265444725751877
10520,0.06375060975551605
10521,0.030292794108390808
10522,0.08262009918689728
10523,0.09824972599744797
10524,0.10817351937294006
10525,0.03028130903840065
10526,0.038857851177453995
10527,0.06845903396606445
10528,0.05102149769663811
10529,0.14200083911418915
10530,0.12420465797185898
10531,0.07122427225112915
10532,0.06224127858877182
10533,0.05906985327601433
10534,0.0985502228140831
10535,0.05088910460472107
10536,0.1171664148569107
10537,0.12001022696495056
10538,0.055526670068502426
10539,0.07285526394844055
10540,0.09483962506055832
10541,0.10409992933273315
10542,0.12602704763412476
10543,0.05792440101504326
10544,0.16626375913619995
10545,0.07913433760404587
10546,0.1705273687839508
10547,0.07054781168699265
10548,0.03783180192112923
10549,0.06946058571338654
10550,0.14991699159145355
10551,0.021457916125655174
10552,0.04458276182413101
10553,0.07607623934745789
10554,0.05928277224302292
10555,0.033774878829717636
10556,0.050037555396556854
10557,0.20203596353530884
10558,0.12291312217712402
10559,0.08505938947200775
10560,0.13798952102661133
10561,0.05701424181461334
10562,0.023371562361717224
10563,0.12833786010742188
10564,0.09903441369533539
10565,0.03315329924225807
10566,0.030085263773798943
10567,0.276553750038147
10568,0.03863879293203354
10569,0.032737936824560165
10570,0.05846819281578064
10571,0.14820443093776703
10572,0.05786930024623871
10573,0.11176364123821259
10574,0.06064494699239731
10575,0.0493781678378582
10576,0.14011770486831665
10577,0.05400802940130234
10578,0.05189285799860954
10579,0.08591052144765854
10580,0.06004549190402031
10581,0.11877560615539551
10582,0.030002539977431297
10583,0.05077013373374939
10584,0.04049668833613396
10585,0.0832299292087555
10586,0.14174988865852356
10587,0.1867688149213791
10588,0.12122078239917755
10589,0.06035218387842178
10590,0.10515205562114716
10591,0.17363214492797852
10592,0.06874792277812958
10593,0.07885155081748962
10594,0.06855416297912598
10595,0.044282056391239166
10596,0.1142842024564743
10597,0.08165358006954193
10598,0.08225616812705994
10599,0.16591638326644897
10600,0.06396052241325378
10601,0.1266869604587555
10602,0.09729006141424179
10603,0.1455363631248474
10604,0.09554184973239899
10605,0.05357777327299118
10606,0.15337328612804413
10607,0.09559019654989243
10608,0.16010117530822754
10609,0.0747862160205841
10610,0.048813141882419586
10611,0.13715027272701263
10612,0.18707352876663208
10613,0.09815829992294312
10614,0.10187964141368866
10615,0.1923275887966156
10616,0.04620321840047836
10617,0.0580277144908905
10618,0.08705999702215195
10619,0.03565703332424164
10620,0.03330244868993759
10621,0.053111594170331955
10622,0.10784207284450531
10623,0.0713375061750412
10624,0.1169566735625267
10625,0.0984540581703186
10626,0.12619654834270477
10627,0.04245851933956146
10628,0.01236055325716734
10629,0.07792937010526657
10630,0.11542859673500061
10631,0.14154300093650818
10632,0.051227834075689316
10633,0.06034216284751892
10634,0.16171923279762268
10635,0.04716436564922333
10636,0.26924121379852295
10637,0.06920140981674194
10638,0.0994032621383667
10639,0.1762743890285492
10640,0.033337630331516266
10641,0.10291093587875366
10642,0.15554872155189514
10643,0.1357564628124237
10644,0.112596295773983
10645,0.05297208949923515
10646,0.056917667388916016
10647,0.06141705438494682
10648,0.056589946150779724
10649,0.04883866012096405
10650,0.09218741953372955
10651,0.04687663912773132
10652,0.17470096051692963
10653,0.04038804769515991
10654,0.09618860483169556
10655,0.04311089962720871
10656,0.06536471843719482
10657,0.03299693018198013
10658,0.06876369565725327
10659,0.05859268456697464
10660,0.08848308771848679
10661,0.10637347400188446
10662,0.10478600859642029
10663,0.03690050169825554
10664,0.07713214308023453
10665,0.0957479402422905
10666,0.12254934012889862
10667,0.09810860455036163
10668,0.07376602292060852
10669,0.14338508248329163
10670,0.09042614698410034
10671,0.08539895713329315
10672,0.09750771522521973
10673,0.03739352151751518
10674,0.07274836301803589
10675,0.1430855691432953
10676,0.12499772757291794
10677,0.06180962175130844
10678,0.08612429350614548
10679,0.09623236954212189
10680,0.07261288166046143
10681,0.06151055917143822
10682,0.10174419730901718
10683,0.15960530936717987
10684,0.18351612985134125
10685,0.048099033534526825
10686,0.07545244693756104
10687,0.06863394379615784
10688,0.08540549129247665
10689,0.09059296548366547
10690,0.060159407556056976
10691,0.029161568731069565
10692,0.156005859375
10693,0.0936453565955162
10694,0.04750332236289978
10695,0.03787054494023323
10696,0.03524292632937431
10697,0.06902606785297394
10698,0.0663965493440628
10699,0.13804295659065247
10700,0.024579783901572227
10701,0.07042791694402695
10702,0.04873940348625183
10703,0.09968249499797821
10704,0.041394952684640884
10705,0.14020049571990967
10706,0.04591963812708855
10707,0.19887280464172363
10708,0.06605549156665802
10709,0.10243147611618042
10710,0.158365860581398
10711,0.10105710476636887
10712,0.09934969246387482
10713,0.15892818570137024
10714,0.07970039546489716
10715,0.07553362101316452
10716,0.08856336772441864
10717,0.02035055123269558
10718,0.0855599194765091
10719,0.14039123058319092
10720,0.1302623748779297
10721,0.08549509942531586
10722,0.10105585306882858
10723,0.06732911616563797
10724,0.08001416176557541
10725,0.03649475798010826
10726,0.03552824631333351
10727,0.10871787369251251
10728,0.15529203414916992
10729,0.0617113932967186
10730,0.10122694820165634
10731,0.07421862334012985
10732,0.09441761672496796
10733,0.16719138622283936
10734,0.13229934871196747
10735,0.10878525674343109
10736,0.05505121871829033
10737,0.09294624626636505
10738,0.033569030463695526
10739,0.046905599534511566
10740,0.0929754301905632
10741,0.0654313862323761
10742,0.15664467215538025
10743,0.08825927972793579
10744,0.028160255402326584
10745,0.08471046388149261
10746,0.05016949027776718
10747,0.06992514431476593
10748,0.08804016560316086
10749,0.08800417184829712
10750,0.17203179001808167
10751,0.07213148474693298
10752,0.11337697505950928
10753,0.21058809757232666
10754,0.044245824217796326
10755,0.024459686130285263
10756,0.13519474864006042
10757,0.06468884646892548
10758,0.16409577429294586
10759,0.04040880501270294
10760,0.053886204957962036
10761,0.10663233697414398
10762,0.10059230029582977
10763,0.08306987583637238
10764,0.06058773025870323
10765,0.10018721222877502
10766,0.10426945984363556
10767,0.04202831909060478
10768,0.1315234750509262
10769,0.056716375052928925
10770,0.061186276376247406
10771,0.04648497700691223
10772,0.03652958944439888
10773,0.0692806988954544
10774,0.09722205251455307
10775,0.15865643322467804
10776,0.08793503046035767
10777,0.07982875406742096
10778,0.03739142045378685
10779,0.1150636300444603
10780,0.04492422193288803
10781,0.06071385741233826
10782,0.03743445873260498
10783,0.09411361068487167
10784,0.08404378592967987
10785,0.05300001800060272
10786,0.08569294214248657
10787,0.04649705812335014
10788,0.11288917064666748
10789,0.08796423673629761
10790,0.12407195568084717
10791,0.04458906874060631
10792,0.02665644884109497
10793,0.04264287278056145
10794,0.07768180221319199
10795,0.07534317672252655
10796,0.043083518743515015
10797,0.14170828461647034
10798,0.060450755059719086
10799,0.06095968186855316
10800,0.029031803831458092
10801,0.11149882525205612
10802,0.08587297052145004
10803,0.08237704634666443
10804,0.04211609810590744
10805,0.06359421461820602
10806,0.11509513854980469
10807,0.0639217272400856
10808,0.11701960861682892
10809,0.03377001732587814
10810,0.13101108372211456
10811,0.07248660176992416
10812,0.22627340257167816
10813,0.19670674204826355
10814,0.1777474284172058
10815,0.091644287109375
10816,0.03630246967077255
10817,0.0738324522972107
10818,0.07012578845024109
10819,0.06594857573509216
10820,0.11797595024108887
10821,0.04370948299765587
10822,0.04121650010347366
10823,0.05745432898402214
10824,0.11873506009578705
10825,0.08040554821491241
10826,0.04312649369239807
10827,0.05930515378713608
10828,0.057365547865629196
10829,0.13036972284317017
10830,0.0900251492857933
10831,0.06740736216306686
10832,0.16825787723064423
10833,0.11875671148300171
10834,0.1817673146724701
10835,0.06382842361927032
10836,0.07505142688751221
10837,0.050169285386800766
10838,0.05685583874583244
10839,0.08206373453140259
10840,0.04810143634676933
10841,0.1485828459262848
10842,0.02873726189136505
10843,0.034712642431259155
10844,0.04430187866091728
10845,0.05241141840815544
10846,0.10039949417114258
10847,0.04761297255754471
10848,0.15528450906276703
10849,0.08194705843925476
10850,0.055912040174007416
10851,0.07597747445106506
10852,0.04843650385737419
10853,0.07594021409749985
10854,0.025290897116065025
10855,0.10443718731403351
10856,0.04239961504936218
10857,0.1153966411948204
10858,0.09424810111522675
10859,0.18849968910217285
10860,0.04120097681879997
10861,0.04529251903295517
10862,0.07636646181344986
10863,0.07365262508392334
10864,0.08132687211036682
10865,0.0891161561012268
10866,0.036613866686820984
10867,0.030334174633026123
10868,0.07555874437093735
10869,0.11116456240415573
10870,0.10403166711330414
10871,0.07257429510354996
10872,0.0734209418296814
10873,0.06545328348875046
10874,0.11082039773464203
10875,0.12816965579986572
10876,0.07260620594024658
10877,0.10685762763023376
10878,0.1168961152434349
10879,0.04486241936683655
10880,0.0866304263472557
10881,0.07127685844898224
10882,0.0813324972987175
10883,0.11166270077228546
10884,0.09948718547821045
10885,0.054434459656476974
10886,0.05451573058962822
10887,0.06714728474617004
10888,0.07344847172498703
10889,0.11298536509275436
10890,0.11462698876857758
10891,0.03656730428338051
10892,0.08866390585899353
10893,0.08208948373794556
10894,0.06715632975101471
10895,0.08075454831123352
10896,0.11317642778158188
10897,0.08712455630302429
10898,0.04332052916288376
10899,0.042105697095394135
10900,0.04902353510260582
10901,0.15515585243701935
10902,0.14753620326519012
10903,0.057042136788368225
10904,0.038397178053855896
10905,0.17146113514900208
10906,0.06672921776771545
10907,0.09260158240795135
10908,0.034765977412462234
10909,0.07117947936058044
10910,0.058348335325717926
10911,0.05307292938232422
10912,0.13477975130081177
10913,0.10126037895679474
10914,0.10044833272695541
10915,0.16864114999771118
10916,0.08965810388326645
10917,0.2523788809776306
10918,0.07993439584970474
10919,0.0941949337720871
10920,0.07187219709157944
10921,0.17094868421554565
10922,0.13540807366371155
10923,0.06392090767621994
10924,0.06709401309490204
10925,0.06970733404159546
10926,0.1626644730567932
10927,0.1668674647808075
10928,0.106767438352108
10929,0.05195680260658264
10930,0.12558859586715698
10931,0.07894022762775421
10932,0.04188840091228485
10933,0.20179042220115662
10934,0.05787886306643486
10935,0.06146802753210068
10936,0.03046562895178795
10937,0.06612863391637802
10938,0.07218971103429794
10939,0.0469796359539032
10940,0.11379651725292206
10941,0.09722298383712769
10942,0.15130743384361267
10943,0.068834587931633
10944,0.2785266637802124
10945,0.16734854876995087
10946,0.09105625003576279
10947,0.05629090592265129
10948,0.11976011097431183
10949,0.042835697531700134
10950,0.15324608981609344
10951,0.04370349273085594
10952,0.09296925365924835
10953,0.11177796125411987
10954,0.035251371562480927
10955,0.07664309442043304
10956,0.08857294172048569
10957,0.07430674135684967
10958,0.2311692237854004
10959,0.05740981921553612
10960,0.07682591676712036
10961,0.060563698410987854
10962,0.05143995210528374
10963,0.06446219980716705
10964,0.09701359272003174
10965,0.08924131840467453
10966,0.1115235909819603
10967,0.043692510575056076
10968,0.03808634728193283
10969,0.1355893909931183
10970,0.046676456928253174
10971,0.07376306504011154
10972,0.0988757312297821
10973,0.08457010984420776
10974,0.05724918097257614
10975,0.08560854196548462
10976,0.09142434597015381
10977,0.19673767685890198
10978,0.05273757502436638
10979,0.05790496617555618
10980,0.04616166278719902
10981,0.07256574928760529
10982,0.06761276721954346
10983,0.04648922383785248
10984,0.09235306084156036
10985,0.07793502509593964
10986,0.060676317662000656
10987,0.07269508391618729
10988,0.04493771120905876
10989,0.07613649219274521
10990,0.036642495542764664
10991,0.0838472992181778
10992,0.09970253705978394
10993,0.09813308715820312
10994,0.049795299768447876
10995,0.026138491928577423
10996,0.08576052635908127
10997,0.07934574037790298
10998,0.13516342639923096
10999,0.06475663185119629
11000,0.06013772636651993
11001,0.1558091938495636
11002,0.16250185668468475
11003,0.0598909966647625
11004,0.060007184743881226
11005,0.13090556859970093
11006,0.13637946546077728
11007,0.06389501690864563
11008,0.04057289659976959
11009,0.11956486105918884
11010,0.037321776151657104
11011,0.11956904828548431
11012,0.05837078392505646
11013,0.06501372158527374
11014,0.10001538693904877
11015,0.1161104291677475
11016,0.0407801978290081
11017,0.06975950300693512
11018,0.14916221797466278
11019,0.11948289722204208
11020,0.12123029679059982
11021,0.03480033576488495
11022,0.047089189291000366
11023,0.05568810552358627
11024,0.06944972276687622
11025,0.10053744167089462
11026,0.09332596510648727
11027,0.1309586614370346
11028,0.13379812240600586
11029,0.06157670170068741
11030,0.06783613562583923
11031,0.1619279384613037
11032,0.0580030232667923
11033,0.0644403025507927
11034,0.10302810370922089
11035,0.1202283501625061
11036,0.036435823887586594
11037,0.051061373203992844
11038,0.07455240935087204
11039,0.09881129860877991
11040,0.04783433675765991
11041,0.11987295001745224
11042,0.1469159871339798
11043,0.11906081438064575
11044,0.046493105590343475
11045,0.13873010873794556
11046,0.07199381291866302
11047,0.12823674082756042
11048,0.06961473822593689
11049,0.127781480550766
11050,0.08115842938423157
11051,0.09550498425960541
11052,0.17827564477920532
11053,0.056325968354940414
11054,0.08303619921207428
11055,0.04887545853853226
11056,0.09650778770446777
11057,0.057711340487003326
11058,0.15678244829177856
11059,0.07934011518955231
11060,0.05996779352426529
11061,0.044529423117637634
11062,0.07120521366596222
11063,0.10063396394252777
11064,0.11636587232351303
11065,0.11225714534521103
11066,0.04736393690109253
11067,0.12313245981931686
11068,0.10608550161123276
11069,0.13326048851013184
11070,0.0669163316488266
11071,0.05706565082073212
11072,0.15269355475902557
11073,0.06353075802326202
11074,0.12112854421138763
11075,0.1432984322309494
11076,0.04844818636775017
11077,0.044761426746845245
11078,0.061142127960920334
11079,0.05684841796755791
11080,0.1997867077589035
11081,0.10049761831760406
11082,0.05674436688423157
11083,0.16333222389221191
11084,0.08037637919187546
11085,0.12709835171699524
11086,0.035791948437690735
11087,0.15230895578861237
11088,0.035683535039424896
11089,0.10690067708492279
11090,0.059964895248413086
11091,0.09390269219875336
11092,0.08485022187232971
11093,0.042457036674022675
11094,0.06461380422115326
11095,0.09830253571271896
11096,0.025343796238303185
11097,0.060721367597579956
11098,0.04299275204539299
11099,0.17804138362407684
11100,0.11188673228025436
11101,0.03910774737596512
11102,0.13997948169708252
11103,0.03940609470009804
11104,0.12089914083480835
11105,0.066522017121315
11106,0.08962219953536987
11107,0.14615985751152039
11108,0.07820181548595428
11109,0.050156764686107635
11110,0.08746658265590668
11111,0.11702124774456024
11112,0.04083913192152977
11113,0.0455261692404747
11114,0.06569375842809677
11115,0.054534174501895905
11116,0.037643834948539734
11117,0.16437137126922607
11118,0.15879809856414795
11119,0.164961040019989
11120,0.09841370582580566
11121,0.05760341137647629
11122,0.036307934671640396
11123,0.11262750625610352
11124,0.07206188142299652
11125,0.12035195529460907
11126,0.07205894589424133
11127,0.08260738849639893
11128,0.025833353400230408
11129,0.05072203278541565
11130,0.11627547442913055
11131,0.08754699677228928
11132,0.06829509139060974
11133,0.0678303986787796
11134,0.043902020901441574
11135,0.05383285880088806
11136,0.12755939364433289
11137,0.059353627264499664
11138,0.03259845823049545
11139,0.07690046727657318
11140,0.04405011981725693
11141,0.10011444985866547
11142,0.10343806445598602
11143,0.058285024017095566
11144,0.0663222000002861
11145,0.024785101413726807
11146,0.0848764032125473
11147,0.1416860818862915
11148,0.13408412039279938
11149,0.04760326072573662
11150,0.09301696717739105
11151,0.1561828851699829
11152,0.12115591019392014
11153,0.08508557081222534
11154,0.07340001314878464
11155,0.06326162815093994
11156,0.09885972738265991
11157,0.11845415830612183
11158,0.07849791646003723
11159,0.2700323164463043
11160,0.04957324266433716
11161,0.07145538926124573
11162,0.08196573704481125
11163,0.126226544380188
11164,0.07363738119602203
11165,0.0639207512140274
11166,0.10613314807415009
11167,0.10081624239683151
11168,0.04500555992126465
11169,0.16089750826358795
11170,0.03640039265155792
11171,0.11110939830541611
11172,0.0726059302687645
11173,0.29189902544021606
11174,0.15054577589035034
11175,0.12774714827537537
11176,0.031070655211806297
11177,0.0852329283952713
11178,0.09328804910182953
11179,0.1010538637638092
11180,0.032932233065366745
11181,0.1403280645608902
11182,0.058622024953365326
11183,0.13218848407268524
11184,0.09353944659233093
11185,0.06684188544750214
11186,0.07738839834928513
11187,0.10052287578582764
11188,0.06555826961994171
11189,0.05532580241560936
11190,0.027139341458678246
11191,0.10672607272863388
11192,0.20929262042045593
11193,0.03967391699552536
11194,0.06122247502207756
11195,0.07073618471622467
11196,0.06240859627723694
11197,0.08805017173290253
11198,0.0920499786734581
11199,0.08135288208723068
11200,0.03890421241521835
11201,0.09456942975521088
11202,0.03759191185235977
11203,0.04843122884631157
11204,0.023537904024124146
11205,0.14413562417030334
11206,0.12680290639400482
11207,0.04011353850364685
11208,0.05296408757567406
11209,0.04678555577993393
11210,0.08003373444080353
11211,0.056737758219242096
11212,0.06585581600666046
11213,0.0786505863070488
11214,0.07571364939212799
11215,0.12117899954319
11216,0.03170808032155037
11217,0.05074869096279144
11218,0.027259282767772675
11219,0.05047488212585449
11220,0.2324356883764267
11221,0.0943307876586914
11222,0.07124738395214081
11223,0.0707753524184227
11224,0.12220233678817749
11225,0.08737999200820923
11226,0.10696764290332794
11227,0.1005210280418396
11228,0.15649203956127167
11229,0.05136944353580475
11230,0.06365994364023209
11231,0.05727957934141159
11232,0.06989657878875732
11233,0.03385114297270775
11234,0.0692404955625534
11235,0.08828356117010117
11236,0.16461990773677826
11237,0.058770790696144104
11238,0.10334871709346771
11239,0.05126360058784485
11240,0.05186918377876282
11241,0.08127358555793762
11242,0.08599664270877838
11243,0.07880343496799469
11244,0.0831085741519928
11245,0.0837540552020073
11246,0.09209443628787994
11247,0.030023586004972458
11248,0.05222461745142937
11249,0.0483907125890255
11250,0.05090697109699249
11251,0.033799149096012115
11252,0.0444081649184227
11253,0.11980456113815308
11254,0.05350608751177788
11255,0.06270887702703476
11256,0.0863947719335556
11257,0.08545783162117004
11258,0.11748979985713959
11259,0.16061939299106598
11260,0.08942687511444092
11261,0.0701189786195755
11262,0.038417380303144455
11263,0.1263130009174347
11264,0.08379343152046204
11265,0.08065734803676605
11266,0.07448174059391022
11267,0.04957928508520126
11268,0.06667310744524002
11269,0.03274865075945854
11270,0.06222452223300934
11271,0.044495128095149994
11272,0.08650042116641998
11273,0.08279205858707428
11274,0.046077948063611984
11275,0.15310798585414886
11276,0.05447664111852646
11277,0.08615412563085556
11278,0.12184076011180878
11279,0.08709683269262314
11280,0.11775784194469452
11281,0.05924183130264282
11282,0.03471650928258896
11283,0.13476082682609558
11284,0.06253152340650558
11285,0.12780533730983734
11286,0.1486927568912506
11287,0.18756604194641113
11288,0.06875690817832947
11289,0.05534952133893967
11290,0.020167043432593346
11291,0.02322770282626152
11292,0.056329648941755295
11293,0.1832563579082489
11294,0.05512376129627228
11295,0.06518624722957611
11296,0.03715698421001434
11297,0.06068887561559677
11298,0.08606397360563278
11299,0.06771229207515717
11300,0.16198818385601044
11301,0.03775256872177124
11302,0.03873828426003456
11303,0.0806155726313591
11304,0.11994054168462753
11305,0.09912925958633423
11306,0.04352673888206482
11307,0.058630362153053284
11308,0.10381434857845306
11309,0.040321074426174164
11310,0.17020396888256073
11311,0.03553303703665733
11312,0.2096714973449707
11313,0.11902308464050293
11314,0.1113293468952179
11315,0.1622723639011383
11316,0.056393951177597046
11317,0.07228456437587738
11318,0.06758985668420792
11319,0.08854680508375168
11320,0.09882156550884247
11321,0.13647279143333435
11322,0.07214128971099854
11323,0.08195051550865173
11324,0.060246702283620834
11325,0.11743979156017303
11326,0.07097753137350082
11327,0.04771846532821655
11328,0.09836970269680023
11329,0.1018599271774292
11330,0.020757213234901428
11331,0.0889199823141098
11332,0.05688188225030899
11333,0.13834752142429352
11334,0.07209556549787521
11335,0.06720741093158722
11336,0.09781479090452194
11337,0.11537416279315948
11338,0.05864104628562927
11339,0.05986800417304039
11340,0.020434148609638214
11341,0.057268377393484116
11342,0.11775293201208115
11343,0.07681706547737122
11344,0.07503311336040497
11345,0.03338354825973511
11346,0.08288127183914185
11347,0.048836566507816315
11348,0.06463833153247833
11349,0.07359980046749115
11350,0.048499152064323425
11351,0.04954860731959343
11352,0.09306959807872772
11353,0.20430982112884521
11354,0.1010533794760704
11355,0.034148454666137695
11356,0.1083630919456482
11357,0.09257739782333374
11358,0.06754933297634125
11359,0.04264766722917557
11360,0.06434103101491928
11361,0.15429264307022095
11362,0.12102105468511581
11363,0.03855474293231964
11364,0.02667059376835823
11365,0.04902954399585724
11366,0.08746074140071869
11367,0.07647870481014252
11368,0.15199270844459534
11369,0.11730000376701355
11370,0.03820083290338516
11371,0.06865351647138596
11372,0.18041984736919403
11373,0.05019199848175049
11374,0.060547828674316406
11375,0.02850496768951416
11376,0.09108933061361313
11377,0.07163651287555695
11378,0.06317713856697083
11379,0.04802364110946655
11380,0.05577808618545532
11381,0.05022638663649559
11382,0.047998249530792236
11383,0.04840913414955139
11384,0.17530611157417297
11385,0.18344418704509735
11386,0.05508783459663391
11387,0.09624013304710388
11388,0.14290648698806763
11389,0.13335710763931274
11390,0.07971429079771042
11391,0.09398021548986435
11392,0.051676079630851746
11393,0.05642631649971008
11394,0.043774377554655075
11395,0.0875306949019432
11396,0.11123329401016235
11397,0.09590035676956177
11398,0.06316091865301132
11399,0.04333826154470444
11400,0.08922062814235687
11401,0.06774246692657471
11402,0.06153007596731186
11403,0.062076106667518616
11404,0.06552227586507797
11405,0.06721369922161102
11406,0.23665080964565277
11407,0.02659984678030014
11408,0.02879556640982628
11409,0.05303516983985901
11410,0.1782766431570053
11411,0.1647459864616394
11412,0.19333457946777344
11413,0.031204037368297577
11414,0.10028594732284546
11415,0.07815085351467133
11416,0.029056906700134277
11417,0.10864950716495514
11418,0.23133783042430878
11419,0.1313883662223816
11420,0.15294206142425537
11421,0.12731753289699554
11422,0.06813494861125946
11423,0.07478609681129456
11424,0.07038340717554092
11425,0.1371731162071228
11426,0.08346240967512131
11427,0.08912114799022675
11428,0.205782949924469
11429,0.02617502212524414
11430,0.07366383820772171
11431,0.09316238015890121
11432,0.17126767337322235
11433,0.060304101556539536
11434,0.028978582471609116
11435,0.11013536155223846
11436,0.07479649782180786
11437,0.08565634489059448
11438,0.11526422202587128
11439,0.0708141177892685
11440,0.05585480481386185
11441,0.025929618626832962
11442,0.06808021664619446
11443,0.0696733295917511
11444,0.05275848135352135
11445,0.06939418613910675
11446,0.09597518295049667
11447,0.04587402194738388
11448,0.07722204923629761
11449,0.05402757227420807
11450,0.06356777995824814
11451,0.05261632800102234
11452,0.1269911527633667
11453,0.03381818160414696
11454,0.03296804055571556
11455,0.07274606823921204
11456,0.09032082557678223
11457,0.0744413360953331
11458,0.08930011838674545
11459,0.06728487461805344
11460,0.03042079508304596
11461,0.06583703309297562
11462,0.17435984313488007
11463,0.049325328320264816
11464,0.047324713319540024
11465,0.026546170935034752
11466,0.07702501863241196
11467,0.05024971812963486
11468,0.09149971604347229
11469,0.03560648113489151
11470,0.04384353756904602
11471,0.05115094035863876
11472,0.01815236732363701
11473,0.09485433995723724
11474,0.08097877353429794
11475,0.06887206435203552
11476,0.05383735150098801
11477,0.14347386360168457
11478,0.05889098346233368
11479,0.08932211995124817
11480,0.037766341120004654
11481,0.03711695596575737
11482,0.05086576193571091
11483,0.09452416747808456
11484,0.15645626187324524
11485,0.07886946201324463
11486,0.1108684092760086
11487,0.0612516850233078
11488,0.07736923545598984
11489,0.029790502041578293
11490,0.12968817353248596
11491,0.06968306005001068
11492,0.1168966144323349
11493,0.033851124346256256
11494,0.15195034444332123
11495,0.23379844427108765
11496,0.12570762634277344
11497,0.09481948614120483
11498,0.18550734221935272
11499,0.13255085051059723
11500,0.035597965121269226
11501,0.05723851919174194
11502,0.04298510402441025
11503,0.20098266005516052
11504,0.0830533355474472
11505,0.12055276334285736
11506,0.0726599246263504
11507,0.09819048643112183
11508,0.09175056219100952
11509,0.06985741853713989
11510,0.044494323432445526
11511,0.22276800870895386
11512,0.17873744666576385
11513,0.0453871451318264
11514,0.06612048298120499
11515,0.14117714762687683
11516,0.16045647859573364
11517,0.06859397888183594
11518,0.09894941747188568
11519,0.0753033459186554
11520,0.0747237354516983
11521,0.0965488851070404
11522,0.20181286334991455
11523,0.0750243067741394
11524,0.04240543767809868
11525,0.07930703461170197
11526,0.052774250507354736
11527,0.08764296025037766
11528,0.10559892654418945
11529,0.076595738530159
11530,0.062273673713207245
11531,0.05577637255191803
11532,0.021346818655729294
11533,0.056834250688552856
11534,0.11504890769720078
11535,0.1760260909795761
11536,0.09461353719234467
11537,0.08588244765996933
11538,0.06063872575759888
11539,0.028646480292081833
11540,0.09451707452535629
11541,0.14342260360717773
11542,0.08134615421295166
11543,0.15559683740139008
11544,0.12028229236602783
11545,0.11412989348173141
11546,0.10600131750106812
11547,0.10259081423282623
11548,0.06917427480220795
11549,0.09036988019943237
11550,0.071601003408432
11551,0.029427725821733475
11552,0.17831210792064667
11553,0.057987064123153687
11554,0.1835871934890747
11555,0.12000253051519394
11556,0.07281332463026047
11557,0.07866878062486649
11558,0.07438883185386658
11559,0.06252302974462509
11560,0.0836624726653099
11561,0.042282890528440475
11562,0.07550284266471863
11563,0.0341833233833313
11564,0.09830167144536972
11565,0.11945094168186188
11566,0.18687942624092102
11567,0.10288035869598389
11568,0.03372292220592499
11569,0.06489849090576172
11570,0.09741303324699402
11571,0.15870532393455505
11572,0.05008715018630028
11573,0.07206010073423386
11574,0.0593411885201931
11575,0.08825355768203735
11576,0.04581335186958313
11577,0.11390525102615356
11578,0.054164014756679535
11579,0.08029249310493469
11580,0.06245369464159012
11581,0.05282469838857651
11582,0.1297728419303894
11583,0.06435488164424896
11584,0.11582167446613312
11585,0.039918381720781326
11586,0.05131810903549194
11587,0.08863669633865356
11588,0.046321600675582886
11589,0.04296385869383812
11590,0.03873153775930405
11591,0.07052882015705109
11592,0.08861138671636581
11593,0.10711189359426498
11594,0.050309132784605026
11595,0.1501816362142563
11596,0.14105531573295593
11597,0.12189119309186935
11598,0.11126551032066345
11599,0.19283853471279144
11600,0.17924454808235168
11601,0.16212046146392822
11602,0.10780785977840424
11603,0.17628154158592224
11604,0.06777948141098022
11605,0.10110077261924744
11606,0.1404445618391037
11607,0.03746093064546585
11608,0.13885827362537384
11609,0.08848677575588226
11610,0.04801592230796814
11611,0.04314342141151428
11612,0.11073726415634155
11613,0.014096635393798351
11614,0.05819234251976013
11615,0.04434271901845932
11616,0.058543961495161057
11617,0.06985532492399216
11618,0.07311075180768967
11619,0.24154381453990936
11620,0.055378906428813934
11621,0.04165630787611008
11622,0.18190538883209229
11623,0.08280326426029205
11624,0.060979507863521576
11625,0.16692541539669037
11626,0.12092333287000656
11627,0.049446966499090195
11628,0.12006481736898422
11629,0.05283140391111374
11630,0.07830862700939178
11631,0.14676325023174286
11632,0.11521968245506287
11633,0.08823975175619125
11634,0.12255488336086273
11635,0.06923381984233856
11636,0.0830419585108757
11637,0.052291519939899445
11638,0.028338924050331116
11639,0.05203130096197128
11640,0.0337449386715889
11641,0.07838796824216843
11642,0.10369062423706055
11643,0.07518341392278671
11644,0.06650280207395554
11645,0.06371462345123291
11646,0.09942197799682617
11647,0.10384273529052734
11648,0.06381335109472275
11649,0.12499561905860901
11650,0.05516685172915459
11651,0.09699052572250366
11652,0.10289271175861359
11653,0.16309505701065063
11654,0.053562842309474945
11655,0.0929500088095665
11656,0.10791049897670746
11657,0.08999544382095337
11658,0.06289057433605194
11659,0.08622235059738159
11660,0.08075065910816193
11661,0.13827699422836304
11662,0.03844879940152168
11663,0.08278956264257431
11664,0.04014621675014496
11665,0.03996240720152855
11666,0.09592091292142868
11667,0.06415286660194397
11668,0.042747870087623596
11669,0.04635612294077873
11670,0.10143648833036423
11671,0.04108644276857376
11672,0.035598427057266235
11673,0.1511646956205368
11674,0.042925700545310974
11675,0.07948055118322372
11676,0.05902925878763199
11677,0.043414123356342316
11678,0.20510458946228027
11679,0.08462750911712646
11680,0.11744362115859985
11681,0.10955538600683212
11682,0.16680459678173065
11683,0.08425112813711166
11684,0.09694302082061768
11685,0.12685155868530273
11686,0.037467729300260544
11687,0.08794765174388885
11688,0.10597008466720581
11689,0.04635762423276901
11690,0.06586030125617981
11691,0.0977255329489708
11692,0.06344683468341827
11693,0.05132415518164635
11694,0.11726297438144684
11695,0.055966220796108246
11696,0.11025997251272202
11697,0.06095213443040848
11698,0.036150358617305756
11699,0.127105712890625
11700,0.14496883749961853
11701,0.0805414542555809
11702,0.13747572898864746
11703,0.08553670346736908
11704,0.09000363200902939
11705,0.06032513827085495
11706,0.07949714362621307
11707,0.12665045261383057
11708,0.06581990420818329
11709,0.15176096558570862
11710,0.06135182827711105
11711,0.12420274317264557
11712,0.05615226551890373
11713,0.13688184320926666
11714,0.12810932099819183
11715,0.034409958869218826
11716,0.039209604263305664
11717,0.12535005807876587
11718,0.048524122685194016
11719,0.05468642711639404
11720,0.06369505822658539
11721,0.09096501767635345
11722,0.07740886509418488
11723,0.06756371259689331
11724,0.16170752048492432
11725,0.101945661008358
11726,0.1076170802116394
11727,0.06060154363512993
11728,0.10290543735027313
11729,0.08124282211065292
11730,0.059464216232299805
11731,0.10265194624662399
11732,0.13195812702178955
11733,0.18634812533855438
11734,0.09724763035774231
11735,0.05469849333167076
11736,0.03717517852783203
11737,0.06390593945980072
11738,0.11507340520620346
11739,0.08616912364959717
11740,0.13080450892448425
11741,0.028943762183189392
11742,0.07318166643381119
11743,0.08265318721532822
11744,0.07116152346134186
11745,0.09061653912067413
11746,0.028397705405950546
11747,0.07332998514175415
11748,0.022409509867429733
11749,0.11408229172229767
11750,0.1794854998588562
11751,0.10692565143108368
11752,0.1580716222524643
11753,0.10003095120191574
11754,0.11477242410182953
11755,0.10141541808843613
11756,0.06935925781726837
11757,0.1857094168663025
11758,0.04628215357661247
11759,0.051875170320272446
11760,0.06705426424741745
11761,0.030019020661711693
11762,0.07025368511676788
11763,0.030339082702994347
11764,0.19026319682598114
11765,0.07338353246450424
11766,0.06434586644172668
11767,0.08794282376766205
11768,0.08219116181135178
11769,0.07720574736595154
11770,0.061982493847608566
11771,0.09886997938156128
11772,0.08189220726490021
11773,0.06254592537879944
11774,0.12241484969854355
11775,0.15359492599964142
11776,0.16183695197105408
11777,0.12154625356197357
11778,0.04015698283910751
11779,0.055653929710388184
11780,0.056507498025894165
11781,0.15833811461925507
11782,0.08831058442592621
11783,0.04355413839221001
11784,0.10044190287590027
11785,0.14645135402679443
11786,0.12868207693099976
11787,0.0859307274222374
11788,0.12078379094600677
11789,0.10853102803230286
11790,0.12479349225759506
11791,0.1391124129295349
11792,0.06625552475452423
11793,0.05789369344711304
11794,0.0787934735417366
11795,0.06912457942962646
11796,0.045919984579086304
11797,0.11160701513290405
11798,0.07883147895336151
11799,0.0761120393872261
11800,0.0811237022280693
11801,0.07562723755836487
11802,0.03873482346534729
11803,0.06755463778972626
11804,0.14119260013103485
11805,0.02980571985244751
11806,0.18670283257961273
11807,0.13482850790023804
11808,0.15615062415599823
11809,0.1428617537021637
11810,0.06714361160993576
11811,0.1297197937965393
11812,0.06585699319839478
11813,0.06339320540428162
11814,0.04050096869468689
11815,0.02919652685523033
11816,0.06004965305328369
11817,0.07426237314939499
11818,0.09889938682317734
11819,0.1604582518339157
11820,0.1441802978515625
11821,0.031537190079689026
11822,0.04260232299566269
11823,0.031927116215229034
11824,0.05995902046561241
11825,0.09644198417663574
11826,0.01857643574476242
11827,0.0750284492969513
11828,0.10423137992620468
11829,0.06807088851928711
11830,0.04014410078525543
11831,0.02415822073817253
11832,0.06376565992832184
11833,0.0925644263625145
11834,0.07266419380903244
11835,0.07209708541631699
11836,0.06233012676239014
11837,0.07556699216365814
11838,0.08584658801555634
11839,0.060502417385578156
11840,0.11110511422157288
11841,0.07081729173660278
11842,0.1185484379529953
11843,0.11899145692586899
11844,0.07102546095848083
11845,0.11039523780345917
11846,0.04947029799222946
11847,0.03775917738676071
11848,0.05186896026134491
11849,0.06749030202627182
11850,0.09030890464782715
11851,0.08169686794281006
11852,0.053982269018888474
11853,0.06425026059150696
11854,0.049628280103206635
11855,0.06557049602270126
11856,0.05268428847193718
11857,0.07173985987901688
11858,0.0768360123038292
11859,0.0863325223326683
11860,0.032541777938604355
11861,0.04179343581199646
11862,0.16390807926654816
11863,0.162775456905365
11864,0.06619749963283539
11865,0.08095799386501312
11866,0.1066143736243248
11867,0.056684933602809906
11868,0.03736031800508499
11869,0.07140442728996277
11870,0.10663096606731415
11871,0.07431340217590332
11872,0.07510014623403549
11873,0.1214972585439682
11874,0.07833759486675262
11875,0.05948977917432785
11876,0.05241961032152176
11877,0.05202675610780716
11878,0.0790514349937439
11879,0.05012739449739456
11880,0.030923478305339813
11881,0.08318918198347092
11882,0.12681612372398376
11883,0.08053036034107208
11884,0.24601010978221893
11885,0.1352248638868332
11886,0.06424322724342346
11887,0.1029679924249649
11888,0.10692262649536133
11889,0.0445575937628746
11890,0.1476117968559265
11891,0.15097704529762268
11892,0.06062193214893341
11893,0.0716819167137146
11894,0.048921018838882446
11895,0.09693976491689682
11896,0.09131878614425659
11897,0.11281725764274597
11898,0.04548105597496033
11899,0.054446712136268616
11900,0.08973735570907593
11901,0.05145909637212753
11902,0.1416821926832199
11903,0.14664331078529358
11904,0.12035198509693146
11905,0.08827893435955048
11906,0.09750986099243164
11907,0.11149169504642487
11908,0.08168517053127289
11909,0.12834106385707855
11910,0.03813077509403229
11911,0.11912267655134201
11912,0.11620435118675232
11913,0.07007507979869843
11914,0.058389272540807724
11915,0.03720219060778618
11916,0.13845619559288025
11917,0.039421599358320236
11918,0.0545940101146698
11919,0.1408887505531311
11920,0.06520800292491913
11921,0.09955992549657822
11922,0.04447021707892418
11923,0.13356414437294006
11924,0.07878487557172775
11925,0.09034808725118637
11926,0.06103100627660751
11927,0.1047603115439415
11928,0.0375596284866333
11929,0.07842352241277695
11930,0.1535802185535431
11931,0.1494753360748291
11932,0.1419430822134018
11933,0.030729573220014572
11934,0.09878869354724884
11935,0.10081687569618225
11936,0.07113553583621979
11937,0.03343896195292473
11938,0.11055819690227509
11939,0.076630137860775
11940,0.0595574751496315
11941,0.12576255202293396
11942,0.1956602782011032
11943,0.05472993850708008
11944,0.06223651021718979
11945,0.03301796317100525
11946,0.14128121733665466
11947,0.057696253061294556
11948,0.12128739058971405
11949,0.0734759122133255
11950,0.12494244426488876
11951,0.08863284438848495
11952,0.06492119282484055
11953,0.0657661184668541
11954,0.10465554893016815
11955,0.06537418067455292
11956,0.03437305986881256
11957,0.10418099164962769
11958,0.04479094594717026
11959,0.04365680366754532
11960,0.12329556792974472
11961,0.0660419762134552
11962,0.1161503717303276
11963,0.06952117383480072
11964,0.04353180155158043
11965,0.09875055402517319
11966,0.07122713327407837
11967,0.08668743073940277
11968,0.07671191543340683
11969,0.05621727555990219
11970,0.04218560457229614
11971,0.04316823184490204
11972,0.09588335454463959
11973,0.13124576210975647
11974,0.14923587441444397
11975,0.08056533336639404
11976,0.2224997729063034
11977,0.08452894538640976
11978,0.05109836906194687
11979,0.16103249788284302
11980,0.09688099473714828
11981,0.025398503988981247
11982,0.09994368255138397
11983,0.0542658194899559
11984,0.04654008150100708
11985,0.0476059764623642
11986,0.05989318713545799
11987,0.07250632345676422
11988,0.03938181325793266
11989,0.06675942242145538
11990,0.12382381409406662
11991,0.06064021587371826
11992,0.06926529109477997
11993,0.0810498520731926
11994,0.0776183232665062
11995,0.17062914371490479
11996,0.18521516025066376
11997,0.03199855610728264
11998,0.1708032786846161
11999,0.0945042222738266
12000,0.0249127596616745
12001,0.11530071496963501
12002,0.08879100531339645
12003,0.09432726353406906
12004,0.09287519752979279
12005,0.17985400557518005
12006,0.08055010437965393
12007,0.033592306077480316
12008,0.08631503582000732
12009,0.057476431131362915
12010,0.09647989273071289
12011,0.04379144310951233
12012,0.04923339933156967
12013,0.09424975514411926
12014,0.09983941167593002
12015,0.1030072569847107
12016,0.07350313663482666
12017,0.020582526922225952
12018,0.06448596715927124
12019,0.12271659076213837
12020,0.05124564468860626
12021,0.12310858815908432
12022,0.060918938368558884
12023,0.009680451825261116
12024,0.08422768115997314
12025,0.08036305010318756
12026,0.0788375586271286
12027,0.08777173608541489
12028,0.08830630779266357
12029,0.14960215985774994
12030,0.08062015473842621
12031,0.11149823665618896
12032,0.18446961045265198
12033,0.04569796845316887
12034,0.11702558398246765
12035,0.07922627031803131
12036,0.12787947058677673
12037,0.07679051160812378
12038,0.0649074986577034
12039,0.0440172404050827
12040,0.049936383962631226
12041,0.17361325025558472
12042,0.056364040821790695
12043,0.05861319601535797
12044,0.04078233987092972
12045,0.13300637900829315
12046,0.12377119064331055
12047,0.03897010535001755
12048,0.12173100560903549
12049,0.1891496181488037
12050,0.041835349053144455
12051,0.04340662807226181
12052,0.15379242599010468
12053,0.0326690673828125
12054,0.1215890645980835
12055,0.05734730511903763
12056,0.04333668574690819
12057,0.11682048439979553
12058,0.05056527256965637
12059,0.1615898460149765
12060,0.03305515646934509
12061,0.045483529567718506
12062,0.1686982810497284
12063,0.07592695206403732
12064,0.06543432176113129
12065,0.0888000950217247
12066,0.11349760740995407
12067,0.0416012778878212
12068,0.08062860369682312
12069,0.12943321466445923
12070,0.03305358439683914
12071,0.07363336533308029
12072,0.10790006816387177
12073,0.0695134699344635
12074,0.07418689131736755
12075,0.08562662452459335
12076,0.14981792867183685
12077,0.07213273644447327
12078,0.11651037633419037
12079,0.07175888866186142
12080,0.08208245038986206
12081,0.10405873507261276
12082,0.04248238354921341
12083,0.06387918442487717
12084,0.12141726911067963
12085,0.04275824874639511
12086,0.06846296787261963
12087,0.04434516280889511
12088,0.08791577816009521
12089,0.044561222195625305
12090,0.023356545716524124
12091,0.10060249269008636
12092,0.051477931439876556
12093,0.02578272484242916
12094,0.09249439090490341
12095,0.04900940880179405
12096,0.05038299784064293
12097,0.027731575071811676
12098,0.16944520175457
12099,0.039424650371074677
12100,0.06655935198068619
12101,0.11744432151317596
12102,0.11684544384479523
12103,0.08900514245033264
12104,0.1062580943107605
12105,0.15054446458816528
12106,0.12151845544576645
12107,0.09352662414312363
12108,0.1505916863679886
12109,0.12204071134328842
12110,0.06375665962696075
12111,0.058587413281202316
12112,0.06670636683702469
12113,0.11675047874450684
12114,0.08889661729335785
12115,0.09115409851074219
12116,0.08062863349914551
12117,0.1587693691253662
12118,0.07292346656322479
12119,0.0802086591720581
12120,0.05927274748682976
12121,0.07645883411169052
12122,0.044299304485321045
12123,0.03756166622042656
12124,0.09299527108669281
12125,0.04528214782476425
12126,0.042493194341659546
12127,0.06839010119438171
12128,0.045814480632543564
12129,0.15328365564346313
12130,0.11991187930107117
12131,0.09188997745513916
12132,0.06706519424915314
12133,0.12143965810537338
12134,0.13963574171066284
12135,0.08794611692428589
12136,0.06792456656694412
12137,0.1149895042181015
12138,0.06887227296829224
12139,0.0633833110332489
12140,0.06917628645896912
12141,0.04142545908689499
12142,0.11026334762573242
12143,0.060462795197963715
12144,0.05638935789465904
12145,0.07267791032791138
12146,0.099430613219738
12147,0.05112947151064873
12148,0.06481900066137314
12149,0.09869863837957382
12150,0.0789971649646759
12151,0.12379522621631622
12152,0.07129494845867157
12153,0.16319599747657776
12154,0.16612403094768524
12155,0.08522249758243561
12156,0.09450246393680573
12157,0.08074654638767242
12158,0.044680844992399216
12159,0.11036288738250732
12160,0.07158490270376205
12161,0.11593320965766907
12162,0.1487266570329666
12163,0.0650537759065628
12164,0.08080252259969711
12165,0.060637664049863815
12166,0.06822380423545837
12167,0.09961830079555511
12168,0.1897249072790146
12169,0.08051799982786179
12170,0.11200781911611557
12171,0.09347941726446152
12172,0.0886634811758995
12173,0.09856162965297699
12174,0.10651209950447083
12175,0.10456649959087372
12176,0.10957524180412292
12177,0.06718230247497559
12178,0.030046869069337845
12179,0.07250753045082092
12180,0.04066390171647072
12181,0.06761357188224792
12182,0.10485699027776718
12183,0.09023388475179672
12184,0.08665899932384491
12185,0.06664369255304337
12186,0.05199268460273743
12187,0.03710418567061424
12188,0.05574531480669975
12189,0.17147712409496307
12190,0.044551026076078415
12191,0.03722691535949707
12192,0.030245628207921982
12193,0.06045250594615936
12194,0.034300677478313446
12195,0.11261092126369476
12196,0.13610784709453583
12197,0.07707682251930237
12198,0.08200915157794952
12199,0.07046151161193848
12200,0.04100135713815689
12201,0.05474090203642845
12202,0.13718736171722412
12203,0.1829022467136383
12204,0.20580576360225677
12205,0.0757024735212326
12206,0.06113260239362717
12207,0.12431659549474716
12208,0.03178979456424713
12209,0.10441441833972931
12210,0.0609896294772625
12211,0.0463188961148262
12212,0.032722439616918564
12213,0.04592994973063469
12214,0.09726554155349731
12215,0.1140907034277916
12216,0.0440269373357296
12217,0.058177970349788666
12218,0.13656899333000183
12219,0.06583932042121887
12220,0.11096037924289703
12221,0.07139049470424652
12222,0.15899227559566498
12223,0.06708776950836182
12224,0.043780576437711716
12225,0.16392773389816284
12226,0.11936359107494354
12227,0.12764334678649902
12228,0.050913937389850616
12229,0.036328017711639404
12230,0.04568139836192131
12231,0.11582507938146591
12232,0.08580007404088974
12233,0.07093490660190582
12234,0.051366180181503296
12235,0.07182469964027405
12236,0.08150321990251541
12237,0.14739921689033508
12238,0.05243201181292534
12239,0.1292693167924881
12240,0.06744106858968735
12241,0.10731491446495056
12242,0.08003683388233185
12243,0.11031597852706909
12244,0.04515005275607109
12245,0.05877126380801201
12246,0.026903275400400162
12247,0.14339905977249146
12248,0.08418047428131104
12249,0.04515513405203819
12250,0.06536396592855453
12251,0.04874972254037857
12252,0.08005183935165405
12253,0.0878274068236351
12254,0.06319162249565125
12255,0.05000058561563492
12256,0.12552475929260254
12257,0.11521647870540619
12258,0.08849860727787018
12259,0.08981694281101227
12260,0.08318311721086502
12261,0.08703035116195679
12262,0.03269174322485924
12263,0.07999055087566376
12264,0.02360195480287075
12265,0.07801876962184906
12266,0.06861966848373413
12267,0.06221265718340874
12268,0.0496685616672039
12269,0.19055038690567017
12270,0.05567897483706474
12271,0.04333459585905075
12272,0.11583583056926727
12273,0.09941209852695465
12274,0.14091849327087402
12275,0.02810928225517273
12276,0.10989344120025635
12277,0.02974194847047329
12278,0.13497263193130493
12279,0.036349520087242126
12280,0.07134784013032913
12281,0.1419655680656433
12282,0.0607559010386467
12283,0.0932389497756958
12284,0.030490417033433914
12285,0.24041959643363953
12286,0.08700120449066162
12287,0.1127680167555809
12288,0.07036972790956497
12289,0.11589515209197998
12290,0.11571662873029709
12291,0.08352483808994293
12292,0.10616680979728699
12293,0.16118431091308594
12294,0.14741119742393494
12295,0.05585315823554993
12296,0.09927612543106079
12297,0.10049089044332504
12298,0.1690085381269455
12299,0.06488265097141266
12300,0.1489892154932022
12301,0.07188119739294052
12302,0.08652984350919724
12303,0.06255274266004562
12304,0.10266419500112534
12305,0.08361846208572388
12306,0.1269206404685974
12307,0.022132765501737595
12308,0.0419340506196022
12309,0.0662863478064537
12310,0.09347282350063324
12311,0.15059925615787506
12312,0.025393527001142502
12313,0.11263354867696762
12314,0.14580696821212769
12315,0.10311534255743027
12316,0.12352242320775986
12317,0.06759355962276459
12318,0.16749344766139984
12319,0.060119789093732834
12320,0.07631675899028778
12321,0.07348053902387619
12322,0.10353624820709229
12323,0.18871943652629852
12324,0.09772112965583801
12325,0.1623971164226532
12326,0.17853572964668274
12327,0.13221009075641632
12328,0.17549529671669006
12329,0.07715723663568497
12330,0.10095036029815674
12331,0.066314697265625
12332,0.16520750522613525
12333,0.12197520583868027
12334,0.07426897436380386
12335,0.08260950446128845
12336,0.045482560992240906
12337,0.09333012998104095
12338,0.19471603631973267
12339,0.08286118507385254
12340,0.056799814105033875
12341,0.1584862470626831
12342,0.11742246150970459
12343,0.06213737651705742
12344,0.05684412643313408
12345,0.05101485177874565
12346,0.03377028927206993
12347,0.14852553606033325
12348,0.09102529287338257
12349,0.08184787631034851
12350,0.09345795959234238
12351,0.07811521738767624
12352,0.04085206240415573
12353,0.09950427711009979
12354,0.15791812539100647
12355,0.020359879359602928
12356,0.10389113426208496
12357,0.08967217057943344
12358,0.10156675428152084
12359,0.07023181021213531
12360,0.055655717849731445
12361,0.05053812265396118
12362,0.13194972276687622
12363,0.058208316564559937
12364,0.04739191383123398
12365,0.12553369998931885
12366,0.055987369269132614
12367,0.04787144064903259
12368,0.050441231578588486
12369,0.07344938814640045
12370,0.11871131509542465
12371,0.10192879289388657
12372,0.09733402729034424
12373,0.04549538716673851
12374,0.1145208477973938
12375,0.04241406172513962
12376,0.041976820677518845
12377,0.1284680813550949
12378,0.04394014924764633
12379,0.0982823371887207
12380,0.07966261357069016
12381,0.18932585418224335
12382,0.11298145353794098
12383,0.06229690834879875
12384,0.037235066294670105
12385,0.17098800837993622
12386,0.06381238251924515
12387,0.1329105794429779
12388,0.08045654743909836
12389,0.07093048095703125
12390,0.028989877551794052
12391,0.09452488273382187
12392,0.12926435470581055
12393,0.054724495857954025
12394,0.06476298719644547
12395,0.06297557055950165
12396,0.0877433642745018
12397,0.10910347104072571
12398,0.12107595056295395
12399,0.07606469094753265
12400,0.046089500188827515
12401,0.07044766843318939
12402,0.07162697613239288
12403,0.15322574973106384
12404,0.040570203214883804
12405,0.11499049514532089
12406,0.10024948418140411
12407,0.07807236909866333
12408,0.0789514034986496
12409,0.0560159906744957
12410,0.062348872423172
12411,0.08125521242618561
12412,0.033551327884197235
12413,0.08623155206441879
12414,0.06112196296453476
12415,0.11735768616199493
12416,0.08835767209529877
12417,0.11242614686489105
12418,0.06442376971244812
12419,0.11057927459478378
12420,0.11569543182849884
12421,0.03739413619041443
12422,0.07359480857849121
12423,0.04938499256968498
12424,0.16564753651618958
12425,0.09673742949962616
12426,0.10343283414840698
12427,0.04764556512236595
12428,0.034594759345054626
12429,0.10253594815731049
12430,0.019690347835421562
12431,0.032761067152023315
12432,0.08527100086212158
12433,0.06411311030387878
12434,0.12800636887550354
12435,0.08727558702230453
12436,0.08436335623264313
12437,0.035854142159223557
12438,0.09777363389730453
12439,0.12834903597831726
12440,0.13866963982582092
12441,0.05271844193339348
12442,0.032314229756593704
12443,0.10152103006839752
12444,0.10784792900085449
12445,0.03214734047651291
12446,0.07614240050315857
12447,0.06610062718391418
12448,0.050036054104566574
12449,0.07462751865386963
12450,0.04820040985941887
12451,0.05875089392066002
12452,0.038950830698013306
12453,0.02578931860625744
12454,0.029029076918959618
12455,0.04272075742483139
12456,0.06356953829526901
12457,0.06348709762096405
12458,0.026549790054559708
12459,0.06995271146297455
12460,0.09396066516637802
12461,0.07696200907230377
12462,0.15716488659381866
12463,0.0792187973856926
12464,0.05283236503601074
12465,0.07336916029453278
12466,0.0457613468170166
12467,0.15165679156780243
12468,0.0517127588391304
12469,0.07332374155521393
12470,0.0663963109254837
12471,0.07899034023284912
12472,0.07881879806518555
12473,0.0699257180094719
12474,0.12263020128011703
12475,0.03764277696609497
12476,0.0839642807841301
12477,0.13635019958019257
12478,0.1367589831352234
12479,0.09003808349370956
12480,0.05285480618476868
12481,0.07190939038991928
12482,0.20414528250694275
12483,0.05559919402003288
12484,0.034633293747901917
12485,0.07299729436635971
12486,0.04504154250025749
12487,0.044987909495830536
12488,0.09036066383123398
12489,0.1604447364807129
12490,0.07451380789279938
12491,0.13437622785568237
12492,0.06682382524013519
12493,0.10342520475387573
12494,0.04533449932932854
12495,0.07465945184230804
12496,0.060001298785209656
12497,0.031337521970272064
12498,0.04565659165382385
12499,0.046103786677122116
12500,0.13387702405452728
12501,0.06853112578392029
12502,0.04700424522161484
12503,0.08299052715301514
12504,0.03678902983665466
12505,0.08131092041730881
12506,0.07099352031946182
12507,0.1295778602361679
12508,0.11332537978887558
12509,0.1650100201368332
12510,0.13106273114681244
12511,0.047679170966148376
12512,0.10115205496549606
12513,0.11178135871887207
12514,0.060055553913116455
12515,0.039468925446271896
12516,0.04974207282066345
12517,0.04344029724597931
12518,0.13849125802516937
12519,0.059585120528936386
12520,0.02145588956773281
12521,0.06848295778036118
12522,0.06877407431602478
12523,0.03094067983329296
12524,0.04084020107984543
12525,0.03458230942487717
12526,0.1431121528148651
12527,0.0405803881585598
12528,0.029305391013622284
12529,0.06633707135915756
12530,0.0888914167881012
12531,0.020185239613056183
12532,0.0450211726129055
12533,0.07415838539600372
12534,0.07542070746421814
12535,0.07665950059890747
12536,0.05466359108686447
12537,0.10912977904081345
12538,0.03220947086811066
12539,0.06300799548625946
12540,0.060979098081588745
12541,0.07947397232055664
12542,0.0731959342956543
12543,0.07844071090221405
12544,0.13080456852912903
12545,0.10434083640575409
12546,0.04951529949903488
12547,0.1430387645959854
12548,0.053383052349090576
12549,0.08211206644773483
12550,0.0756542906165123
12551,0.08167712390422821
12552,0.08636263012886047
12553,0.07586457580327988
12554,0.07019060850143433
12555,0.07524771988391876
12556,0.04346650093793869
12557,0.05965016782283783
12558,0.07498683780431747
12559,0.21092359721660614
12560,0.049011945724487305
12561,0.059964291751384735
12562,0.05597880110144615
12563,0.15348957479000092
12564,0.10192030668258667
12565,0.08253151178359985
12566,0.053948648273944855
12567,0.10108667612075806
12568,0.07987435907125473
12569,0.20790299773216248
12570,0.08363672345876694
12571,0.0729004442691803
12572,0.19962279498577118
12573,0.021065272390842438
12574,0.23015932738780975
12575,0.16930577158927917
12576,0.10482596606016159
12577,0.1499926745891571
12578,0.07382534444332123
12579,0.052255116403102875
12580,0.1618419587612152
12581,0.15892302989959717
12582,0.07069402188062668
12583,0.07378588616847992
12584,0.14359226822853088
12585,0.05918419361114502
12586,0.06244967505335808
12587,0.09407082200050354
12588,0.12323876470327377
12589,0.060548946261405945
12590,0.0812840461730957
12591,0.04069666191935539
12592,0.0864294022321701
12593,0.19933860003948212
12594,0.04613048955798149
12595,0.1453922688961029
12596,0.07840035110712051
12597,0.06414147466421127
12598,0.08318588137626648
12599,0.06591199338436127
12600,0.056885577738285065
12601,0.044515810906887054
12602,0.04715853929519653
12603,0.06969714164733887
12604,0.0552598237991333
12605,0.17075657844543457
12606,0.07444502413272858
12607,0.1405278444290161
12608,0.12512587010860443
12609,0.08472251892089844
12610,0.06342446804046631
12611,0.09009873867034912
12612,0.14853554964065552
12613,0.06946432590484619
12614,0.19830262660980225
12615,0.05122606083750725
12616,0.04122650995850563
12617,0.13246318697929382
12618,0.057387709617614746
12619,0.06413529068231583
12620,0.03623209148645401
12621,0.12468785047531128
12622,0.0897742435336113
12623,0.06538911163806915
12624,0.0509396567940712
12625,0.06714527308940887
12626,0.11883407086133957
12627,0.0799185186624527
12628,0.03470258414745331
12629,0.12724807858467102
12630,0.09137573093175888
12631,0.1939706802368164
12632,0.08667536824941635
12633,0.12281225621700287
12634,0.10149797052145004
12635,0.06863977760076523
12636,0.08508110046386719
12637,0.03787744790315628
12638,0.1345016062259674
12639,0.1521717607975006
12640,0.0217983927577734
12641,0.1637101173400879
12642,0.05264449119567871
12643,0.17826901376247406
12644,0.0776909589767456
12645,0.053096525371074677
12646,0.07183945178985596
12647,0.1576395332813263
12648,0.02331404946744442
12649,0.10120444744825363
12650,0.13296490907669067
12651,0.057033345103263855
12652,0.1219109520316124
12653,0.0559467189013958
12654,0.039885371923446655
12655,0.049832116812467575
12656,0.05755051225423813
12657,0.161423921585083
12658,0.06429034471511841
12659,0.16369763016700745
12660,0.07984194904565811
12661,0.10519391298294067
12662,0.035318564623594284
12663,0.09935492277145386
12664,0.06662072241306305
12665,0.17594824731349945
12666,0.1555911898612976
12667,0.037063851952552795
12668,0.06448015570640564
12669,0.036048926413059235
12670,0.01403004676103592
12671,0.03417234867811203
12672,0.03706525266170502
12673,0.03244173899292946
12674,0.1470939964056015
12675,0.0919608399271965
12676,0.11193998157978058
12677,0.0745866596698761
12678,0.11196881532669067
12679,0.030628180131316185
12680,0.11920091509819031
12681,0.09910476207733154
12682,0.14315682649612427
12683,0.04472024366259575
12684,0.03731812536716461
12685,0.18105410039424896
12686,0.053861748427152634
12687,0.0682588517665863
12688,0.12045755982398987
12689,0.06563891470432281
12690,0.12171679735183716
12691,0.09320110082626343
12692,0.10052073001861572
12693,0.1095016598701477
12694,0.05563748627901077
12695,0.15023291110992432
12696,0.051145002245903015
12697,0.061839476227760315
12698,0.10553556680679321
12699,0.02324269711971283
12700,0.04518579691648483
12701,0.10122068971395493
12702,0.045845553278923035
12703,0.030838485807180405
12704,0.08810540288686752
12705,0.05694197118282318
12706,0.060224972665309906
12707,0.05974589288234711
12708,0.06225306913256645
12709,0.10556342452764511
12710,0.12108658254146576
12711,0.04816395789384842
12712,0.03882092237472534
12713,0.024377873167395592
12714,0.030204569920897484
12715,0.08524780720472336
12716,0.051288165152072906
12717,0.06521683931350708
12718,0.04485173150897026
12719,0.05553930252790451
12720,0.11386393010616302
12721,0.09137626737356186
12722,0.0735408365726471
12723,0.056109845638275146
12724,0.050605230033397675
12725,0.028699498623609543
12726,0.054800789803266525
12727,0.05415337532758713
12728,0.10273276269435883
12729,0.05200020968914032
12730,0.07942505180835724
12731,0.09768852591514587
12732,0.13335588574409485
12733,0.06225064396858215
12734,0.10680975019931793
12735,0.08720417320728302
12736,0.12040199339389801
12737,0.10106488317251205
12738,0.07674141973257065
12739,0.12263607978820801
12740,0.15574979782104492
12741,0.0805746540427208
12742,0.044047363102436066
12743,0.14291299879550934
12744,0.1821654886007309
12745,0.04454396292567253
12746,0.09414713084697723
12747,0.08609925210475922
12748,0.03820478916168213
12749,0.12880448997020721
12750,0.0626973882317543
12751,0.05735435709357262
12752,0.05924898013472557
12753,0.09616807103157043
12754,0.04806660860776901
12755,0.0843246802687645
12756,0.08385451138019562
12757,0.03771267086267471
12758,0.08884229511022568
12759,0.08777514100074768
12760,0.1679827868938446
12761,0.14380231499671936
12762,0.1790361851453781
12763,0.02598828636109829
12764,0.019507547840476036
12765,0.10888578742742538
12766,0.06577721238136292
12767,0.09629686921834946
12768,0.18359848856925964
12769,0.08611886203289032
12770,0.13888683915138245
12771,0.11327801644802094
12772,0.03459669649600983
12773,0.08184665441513062
12774,0.035769473761320114
12775,0.05696570873260498
12776,0.08885087817907333
12777,0.087349534034729
12778,0.12514877319335938
12779,0.1726476550102234
12780,0.059636931866407394
12781,0.10302506387233734
12782,0.03794090077280998
12783,0.1133265495300293
12784,0.06149960681796074
12785,0.07443337142467499
12786,0.09427430480718613
12787,0.09234108775854111
12788,0.0667615756392479
12789,0.06692635267972946
12790,0.05252064764499664
12791,0.057891540229320526
12792,0.05108341574668884
12793,0.13763441145420074
12794,0.17998842895030975
12795,0.0678495392203331
12796,0.07953290641307831
12797,0.0697193592786789
12798,0.0787467360496521
12799,0.09259925782680511
12800,0.04733871668577194
12801,0.11031332612037659
12802,0.0906248539686203
12803,0.05337604880332947
12804,0.08990435302257538
12805,0.19092097878456116
12806,0.11920483410358429
12807,0.05812389776110649
12808,0.03966705873608589
12809,0.05353019759058952
12810,0.07099263370037079
12811,0.07526177167892456
12812,0.11375778913497925
12813,0.12443684041500092
12814,0.09896086156368256
12815,0.05748885124921799
12816,0.04839795082807541
12817,0.17568056285381317
12818,0.028899481520056725
12819,0.13660429418087006
12820,0.0652400404214859
12821,0.07808703184127808
12822,0.0785616785287857
12823,0.019093116745352745
12824,0.09785324335098267
12825,0.07788342237472534
12826,0.04544958472251892
12827,0.08324133604764938
12828,0.11443718522787094
12829,0.055759310722351074
12830,0.0907217264175415
12831,0.0711226761341095
12832,0.06949442625045776
12833,0.13075071573257446
12834,0.0454944483935833
12835,0.09624123573303223
12836,0.14826270937919617
12837,0.09958921372890472
12838,0.18642668426036835
12839,0.08890136331319809
12840,0.08899035304784775
12841,0.0622367262840271
12842,0.09935897588729858
12843,0.05831725522875786
12844,0.0705077052116394
12845,0.13772079348564148
12846,0.09270170331001282
12847,0.04847642406821251
12848,0.08750796318054199
12849,0.05060692876577377
12850,0.04991523548960686
12851,0.1407751590013504
12852,0.09505941718816757
12853,0.12073881924152374
12854,0.063125379383564
12855,0.13992109894752502
12856,0.06641329824924469
12857,0.0985487625002861
12858,0.055309414863586426
12859,0.04556211829185486
12860,0.10742413997650146
12861,0.03723664581775665
12862,0.11247851699590683
12863,0.07784982025623322
12864,0.04866502806544304
12865,0.04912279546260834
12866,0.15023589134216309
12867,0.07442866265773773
12868,0.28204941749572754
12869,0.07702629268169403
12870,0.0871032178401947
12871,0.05024096369743347
12872,0.07665187120437622
12873,0.03485343977808952
12874,0.14758671820163727
12875,0.051875218749046326
12876,0.05253329873085022
12877,0.1224248930811882
12878,0.15012556314468384
12879,0.0894109234213829
12880,0.037715207785367966
12881,0.09083662927150726
12882,0.044720835983753204
12883,0.024342503398656845
12884,0.1424505114555359
12885,0.1619703471660614
12886,0.10213640332221985
12887,0.1190485879778862
12888,0.05176997184753418
12889,0.06408897042274475
12890,0.02473224326968193
12891,0.10017895698547363
12892,0.04637536406517029
12893,0.07866957783699036
12894,0.03365654870867729
12895,0.0662747323513031
12896,0.09045290946960449
12897,0.03517095372080803
12898,0.06818985939025879
12899,0.06374700367450714
12900,0.11263339221477509
12901,0.05548319220542908
12902,0.130327507853508
12903,0.13905440270900726
12904,0.14066872000694275
12905,0.06474646925926208
12906,0.07944100350141525
12907,0.09004323184490204
12908,0.08741593360900879
12909,0.09239208698272705
12910,0.036668017506599426
12911,0.05280135199427605
12912,0.12965312600135803
12913,0.05636565014719963
12914,0.152596578001976
12915,0.04576311632990837
12916,0.05213753506541252
12917,0.09289541095495224
12918,0.0933007001876831
12919,0.14457067847251892
12920,0.053380321711301804
12921,0.08770199865102768
12922,0.07982008904218674
12923,0.05908431112766266
12924,0.056041501462459564
12925,0.11398537456989288
12926,0.06994932889938354
12927,0.11108987033367157
12928,0.09432485699653625
12929,0.12125438451766968
12930,0.13671736419200897
12931,0.1168346256017685
12932,0.06884528696537018
12933,0.07742241024971008
12934,0.13820217549800873
12935,0.08818480372428894
12936,0.07930301874876022
12937,0.029852192848920822
12938,0.041965287178754807
12939,0.0810748040676117
12940,0.06010592728853226
12941,0.05920233950018883
12942,0.07180468738079071
12943,0.05686324089765549
12944,0.04570920020341873
12945,0.08667757362127304
12946,0.09101655334234238
12947,0.05254402756690979
12948,0.18740299344062805
12949,0.09788262844085693
12950,0.03115737996995449
12951,0.03900226205587387
12952,0.16892936825752258
12953,0.12678104639053345
12954,0.08649730682373047
12955,0.06513172388076782
12956,0.1097351536154747
12957,0.11690668761730194
12958,0.09279151260852814
12959,0.03978339955210686
12960,0.1400166004896164
12961,0.14864122867584229
12962,0.07641592621803284
12963,0.0363217294216156
12964,0.07145345211029053
12965,0.037772949784994125
12966,0.09142063558101654
12967,0.12037619203329086
12968,0.051960401237010956
12969,0.05883520096540451
12970,0.07118254154920578
12971,0.09022785723209381
12972,0.18640577793121338
12973,0.05111832544207573
12974,0.05500864237546921
12975,0.055512022227048874
12976,0.080277219414711
12977,0.11465278267860413
12978,0.08166691660881042
12979,0.07827901095151901
12980,0.047522883862257004
12981,0.030367817729711533
12982,0.0747888833284378
12983,0.09306337684392929
12984,0.06473757326602936
12985,0.07033687084913254
12986,0.09635287523269653
12987,0.049907784909009933
12988,0.08622642606496811
12989,0.1475859135389328
12990,0.09860996901988983
12991,0.09817972034215927
12992,0.08052381128072739
12993,0.0169406458735466
12994,0.13370323181152344
12995,0.08454634994268417
12996,0.09072892367839813
12997,0.08319244533777237
12998,0.08374171704053879
12999,0.0722130537033081
13000,0.09298644959926605
13001,0.032541126012802124
13002,0.11590461432933807
13003,0.03741026297211647
13004,0.10633748769760132
13005,0.032631851732730865
13006,0.10282733291387558
13007,0.07675560563802719
13008,0.09663569927215576
13009,0.11317532509565353
13010,0.194300577044487
13011,0.21301321685314178
13012,0.12745258212089539
13013,0.10443741083145142
13014,0.07646183669567108
13015,0.13079959154129028
13016,0.05054120346903801
13017,0.03596491366624832
13018,0.05256178230047226
13019,0.09522265195846558
13020,0.07402877509593964
13021,0.092604860663414
13022,0.2472964972257614
13023,0.06533951312303543
13024,0.05538766831159592
13025,0.07892029732465744
13026,0.06418037414550781
13027,0.09375721216201782
13028,0.12256940454244614
13029,0.0590515062212944
13030,0.0690365880727768
13031,0.04862314090132713
13032,0.07688586413860321
13033,0.09666182845830917
13034,0.10030592978000641
13035,0.07545047998428345
13036,0.10406248271465302
13037,0.11294370144605637
13038,0.03642938286066055
13039,0.061403997242450714
13040,0.07417330145835876
13041,0.07939858734607697
13042,0.11456213891506195
13043,0.05566844344139099
13044,0.039829179644584656
13045,0.057319920510053635
13046,0.062324222177267075
13047,0.05937096104025841
13048,0.07682734727859497
13049,0.04813699051737785
13050,0.03028084710240364
13051,0.026919439435005188
13052,0.11607114970684052
13053,0.030854519456624985
13054,0.07540611922740936
13055,0.09569275379180908
13056,0.1406249701976776
13057,0.13266931474208832
13058,0.0173436738550663
13059,0.05443507060408592
13060,0.09811802953481674
13061,0.12422040104866028
13062,0.06270098686218262
13063,0.030951090157032013
13064,0.20148609578609467
13065,0.1377638280391693
13066,0.04665815085172653
13067,0.20539629459381104
13068,0.06462248414754868
13069,0.0650998204946518
13070,0.10964211076498032
13071,0.12705308198928833
13072,0.0668020099401474
13073,0.22921733558177948
13074,0.08871155232191086
13075,0.15349507331848145
13076,0.046127669513225555
13077,0.03718393296003342
13078,0.07627693563699722
13079,0.15945714712142944
13080,0.09567820280790329
13081,0.05913608521223068
13082,0.11185892671346664
13083,0.031816985458135605
13084,0.06860856711864471
13085,0.05440741777420044
13086,0.12431561946868896
13087,0.06494124233722687
13088,0.041158225387334824
13089,0.052865367382764816
13090,0.07597910612821579
13091,0.046893246471881866
13092,0.0921398252248764
13093,0.0784863531589508
13094,0.18692509829998016
13095,0.04620829224586487
13096,0.044001903384923935
13097,0.08509968221187592
13098,0.13577841222286224
13099,0.05845633149147034
13100,0.09905721247196198
13101,0.14799532294273376
13102,0.14159458875656128
13103,0.05947950482368469
13104,0.059385716915130615
13105,0.07100522518157959
13106,0.06241723895072937
13107,0.044416241347789764
13108,0.07066920399665833
13109,0.1341598629951477
13110,0.05520325526595116
13111,0.14856073260307312
13112,0.10749007761478424
13113,0.09822249412536621
13114,0.05680747330188751
13115,0.08214198797941208
13116,0.042206890881061554
13117,0.12871040403842926
13118,0.07183650135993958
13119,0.09100286662578583
13120,0.02672719582915306
13121,0.09679338335990906
13122,0.10745470970869064
13123,0.07368533313274384
13124,0.10175304859876633
13125,0.07164235413074493
13126,0.07025454938411713
13127,0.04525179788470268
13128,0.06678462028503418
13129,0.07092752307653427
13130,0.09794950485229492
13131,0.052587948739528656
13132,0.02822977304458618
13133,0.03159528225660324
13134,0.033556804060935974
13135,0.08445936441421509
13136,0.102126345038414
13137,0.08831441402435303
13138,0.09436427056789398
13139,0.15097181499004364
13140,0.16461428999900818
13141,0.10671483725309372
13142,0.09999986737966537
13143,0.1092166155576706
13144,0.057122763246297836
13145,0.1334485411643982
13146,0.09179377555847168
13147,0.09225785732269287
13148,0.13306204974651337
13149,0.1528395116329193
13150,0.10501282662153244
13151,0.04279715567827225
13152,0.09594651311635971
13153,0.09508712589740753
13154,0.09509172290563583
13155,0.09620088338851929
13156,0.056208133697509766
13157,0.10495325922966003
13158,0.10764734447002411
13159,0.11093153059482574
13160,0.07720930874347687
13161,0.05125626176595688
13162,0.08428803086280823
13163,0.12394668161869049
13164,0.06975552439689636
13165,0.05192118510603905
13166,0.03691176325082779
13167,0.030116437003016472
13168,0.026909200474619865
13169,0.03640592098236084
13170,0.06838804483413696
13171,0.14270414412021637
13172,0.030922994017601013
13173,0.10350334644317627
13174,0.047153033316135406
13175,0.08922825753688812
13176,0.07301408797502518
13177,0.16116291284561157
13178,0.037316225469112396
13179,0.059244945645332336
13180,0.10997156798839569
13181,0.11197851598262787
13182,0.09257441759109497
13183,0.10760869830846786
13184,0.0658823549747467
13185,0.055758945643901825
13186,0.04207342118024826
13187,0.11058087646961212
13188,0.037267059087753296
13189,0.11521082371473312
13190,0.09905785322189331
13191,0.027133896946907043
13192,0.06865331530570984
13193,0.17782211303710938
13194,0.06425218284130096
13195,0.1868438720703125
13196,0.1594322919845581
13197,0.07321041077375412
13198,0.1048603504896164
13199,0.13715744018554688
13200,0.1506015509366989
13201,0.06017344444990158
13202,0.022741777822375298
13203,0.04929818958044052
13204,0.08215048909187317
13205,0.050858259201049805
13206,0.12543398141860962
13207,0.05899272486567497
13208,0.1344045251607895
13209,0.0696873590350151
13210,0.2271866500377655
13211,0.10115992277860641
13212,0.038941867649555206
13213,0.1462664157152176
13214,0.05481749027967453
13215,0.048769306391477585
13216,0.03655117005109787
13217,0.11270742118358612
13218,0.10409826040267944
13219,0.052365925163030624
13220,0.06535489857196808
13221,0.10413243621587753
13222,0.06325326859951019
13223,0.16907855868339539
13224,0.09648910164833069
13225,0.08163788914680481
13226,0.07449860870838165
13227,0.07460184395313263
13228,0.15689316391944885
13229,0.0670412927865982
13230,0.15644989907741547
13231,0.10796620696783066
13232,0.09645256400108337
13233,0.1101544052362442
13234,0.05165396258234978
13235,0.07966362684965134
13236,0.18293003737926483
13237,0.05358496308326721
13238,0.10419248044490814
13239,0.07555325329303741
13240,0.059651248157024384
13241,0.09708531945943832
13242,0.06129484623670578
13243,0.059576332569122314
13244,0.11965765804052353
13245,0.17826144397258759
13246,0.13461413979530334
13247,0.06843236088752747
13248,0.07576943188905716
13249,0.03378612920641899
13250,0.09005717933177948
13251,0.10875555872917175
13252,0.04015360027551651
13253,0.09187564253807068
13254,0.12112792581319809
13255,0.06154612451791763
13256,0.19999182224273682
13257,0.08933073282241821
13258,0.03496090695261955
13259,0.08247256278991699
13260,0.16789370775222778
13261,0.14331050217151642
13262,0.05967385694384575
13263,0.022538378834724426
13264,0.10179509967565536
13265,0.09201885759830475
13266,0.03215750679373741
13267,0.06117711588740349
13268,0.09443338960409164
13269,0.0879540741443634
13270,0.11642877757549286
13271,0.07640743255615234
13272,0.0957435816526413
13273,0.05816727504134178
13274,0.08479046821594238
13275,0.08895182609558105
13276,0.18467289209365845
13277,0.040557149797677994
13278,0.14662162959575653
13279,0.07004183530807495
13280,0.10400162637233734
13281,0.054935090243816376
13282,0.07602857798337936
13283,0.17868177592754364
13284,0.1287630945444107
13285,0.13961806893348694
13286,0.06687293201684952
13287,0.037736933678388596
13288,0.13842454552650452
13289,0.04555022716522217
13290,0.1279015690088272
13291,0.16840890049934387
13292,0.06566641479730606
13293,0.13187305629253387
13294,0.1784869134426117
13295,0.10661914944648743
13296,0.24426957964897156
13297,0.18133807182312012
13298,0.05064952373504639
13299,0.14824429154396057
13300,0.07112903892993927
13301,0.15790262818336487
13302,0.06476154923439026
13303,0.1189856082201004
13304,0.08197948336601257
13305,0.10587470233440399
13306,0.04390167444944382
13307,0.056360118091106415
13308,0.15555450320243835
13309,0.10628199577331543
13310,0.05602613836526871
13311,0.07729152590036392
13312,0.11754229664802551
13313,0.12142471969127655
13314,0.05975410342216492
13315,0.12424325942993164
13316,0.08917077630758286
13317,0.06462787836790085
13318,0.06131460890173912
13319,0.04068150743842125
13320,0.029523318633437157
13321,0.1639159917831421
13322,0.11468647420406342
13323,0.09234374761581421
13324,0.0842600166797638
13325,0.09024882316589355
13326,0.08648113906383514
13327,0.05575260519981384
13328,0.11498121917247772
13329,0.041056081652641296
13330,0.0817071944475174
13331,0.030940454453229904
13332,0.08597692102193832
13333,0.03936789929866791
13334,0.02458120696246624
13335,0.09920574724674225
13336,0.058288149535655975
13337,0.04904649406671524
13338,0.07197032868862152
13339,0.05538630113005638
13340,0.10656257718801498
13341,0.03232407569885254
13342,0.1579608917236328
13343,0.1166866272687912
13344,0.11901459097862244
13345,0.08955137431621552
13346,0.11298994719982147
13347,0.0450514554977417
13348,0.09769627451896667
13349,0.07339393347501755
13350,0.06334350258111954
13351,0.10461660474538803
13352,0.15061166882514954
13353,0.10643267631530762
13354,0.026400979608297348
13355,0.04060002788901329
13356,0.08886995166540146
13357,0.056320276111364365
13358,0.10173052549362183
13359,0.11127591133117676
13360,0.0636410340666771
13361,0.136562317609787
13362,0.10707199573516846
13363,0.22889839112758636
13364,0.07767500728368759
13365,0.08611731231212616
13366,0.12218960374593735
13367,0.06431645154953003
13368,0.0531231090426445
13369,0.03587227314710617
13370,0.12362327426671982
13371,0.13067111372947693
13372,0.08470563590526581
13373,0.11858455836772919
13374,0.12069075554609299
13375,0.07032771408557892
13376,0.07047690451145172
13377,0.08412736654281616
13378,0.053124792873859406
13379,0.06270603835582733
13380,0.07010994851589203
13381,0.05664021894335747
13382,0.04775981232523918
13383,0.08813141286373138
13384,0.09526924788951874
13385,0.0865134745836258
13386,0.03898037597537041
13387,0.04724694788455963
13388,0.04236094281077385
13389,0.06546241044998169
13390,0.0889141857624054
13391,0.1424751877784729
13392,0.021307669579982758
13393,0.07628102600574493
13394,0.03701287508010864
13395,0.046408962458372116
13396,0.1541820913553238
13397,0.12405984103679657
13398,0.04110725224018097
13399,0.16531012952327728
13400,0.05028083175420761
13401,0.04486545920372009
13402,0.11032582819461823
13403,0.024461477994918823
13404,0.10988622903823853
13405,0.08309084922075272
13406,0.16792044043540955
13407,0.08626531064510345
13408,0.022277873009443283
13409,0.07463972270488739
13410,0.03909939154982567
13411,0.02626863121986389
13412,0.09659465402364731
13413,0.07959394156932831
13414,0.10056310892105103
13415,0.10642596334218979
13416,0.038268882781267166
13417,0.18165019154548645
13418,0.04371155425906181
13419,0.06592719256877899
13420,0.1018296331167221
13421,0.10469081252813339
13422,0.09140825271606445
13423,0.09434431791305542
13424,0.056688424199819565
13425,0.05265557020902634
13426,0.07486418634653091
13427,0.12436777353286743
13428,0.18871429562568665
13429,0.07571159303188324
13430,0.0795002430677414
13431,0.05317973345518112
13432,0.10445164144039154
13433,0.044635623693466187
13434,0.06068156287074089
13435,0.08535544574260712
13436,0.06359048187732697
13437,0.09335730969905853
13438,0.18775233626365662
13439,0.12840890884399414
13440,0.11336537450551987
13441,0.05558132380247116
13442,0.09191130101680756
13443,0.06771274656057358
13444,0.03830759972333908
13445,0.08816379308700562
13446,0.149231418967247
13447,0.019585397094488144
13448,0.03237970545887947
13449,0.08696695417165756
13450,0.07519875466823578
13451,0.06564728170633316
13452,0.10215181112289429
13453,0.05185897275805473
13454,0.13017302751541138
13455,0.14088431000709534
13456,0.0680260956287384
13457,0.14246028661727905
13458,0.07087795436382294
13459,0.05754777044057846
13460,0.0953640565276146
13461,0.0575476810336113
13462,0.07102200388908386
13463,0.04681887850165367
13464,0.08190851658582687
13465,0.03987188637256622
13466,0.036797910928726196
13467,0.23663245141506195
13468,0.04198095202445984
13469,0.0762411579489708
13470,0.03475644811987877
13471,0.14438828825950623
13472,0.10590113699436188
13473,0.055185072124004364
13474,0.11825381964445114
13475,0.053502731025218964
13476,0.1250801384449005
13477,0.05972708389163017
13478,0.16700534522533417
13479,0.06558975577354431
13480,0.13405458629131317
13481,0.05817493423819542
13482,0.12336240708827972
13483,0.08050420880317688
13484,0.07215994596481323
13485,0.04446782171726227
13486,0.07371744513511658
13487,0.0440492145717144
13488,0.0581415519118309
13489,0.08042259514331818
13490,0.03897155076265335
13491,0.04067394137382507
13492,0.023434754461050034
13493,0.06601766496896744
13494,0.22096213698387146
13495,0.14412075281143188
13496,0.08978751301765442
13497,0.12321129441261292
13498,0.055646225810050964
13499,0.12224821746349335
13500,0.08607736229896545
13501,0.13364051282405853
13502,0.02453719452023506
13503,0.06920608878135681
13504,0.14577056467533112
13505,0.07317972183227539
13506,0.06366243213415146
13507,0.16718325018882751
13508,0.08915553987026215
13509,0.07770547270774841
13510,0.05874329060316086
13511,0.06695631891489029
13512,0.06452614814043045
13513,0.1743236482143402
13514,0.04920192062854767
13515,0.04634418338537216
13516,0.10438737273216248
13517,0.051530640572309494
13518,0.059664905071258545
13519,0.09998544305562973
13520,0.14935658872127533
13521,0.23843953013420105
13522,0.10536333173513412
13523,0.10634058713912964
13524,0.05851244181394577
13525,0.09064912796020508
13526,0.04242932051420212
13527,0.08489315211772919
13528,0.1769011914730072
13529,0.04125148430466652
13530,0.04745831340551376
13531,0.12206767499446869
13532,0.07230377197265625
13533,0.06617216765880585
13534,0.06763142347335815
13535,0.15147583186626434
13536,0.1496627926826477
13537,0.132917582988739
13538,0.07236576825380325
13539,0.05742529779672623
13540,0.05314362049102783
13541,0.07105150818824768
13542,0.045185647904872894
13543,0.15555714070796967
13544,0.09874503314495087
13545,0.041677847504615784
13546,0.04932141304016113
13547,0.0464845709502697
13548,0.10999502241611481
13549,0.10050561279058456
13550,0.0740358829498291
13551,0.16261884570121765
13552,0.02664143592119217
13553,0.05531492084264755
13554,0.12408369034528732
13555,0.045456986874341965
13556,0.03896181657910347
13557,0.12576976418495178
13558,0.04683242738246918
13559,0.045004021376371384
13560,0.08991231769323349
13561,0.16836285591125488
13562,0.17564235627651215
13563,0.06177748367190361
13564,0.054938867688179016
13565,0.0831778347492218
13566,0.08485208451747894
13567,0.03216348588466644
13568,0.1209494024515152
13569,0.07593142986297607
13570,0.1054874062538147
13571,0.1242903470993042
13572,0.05086100101470947
13573,0.033555664122104645
13574,0.04069793224334717
13575,0.1304231733083725
13576,0.07667504251003265
13577,0.07909896969795227
13578,0.07836742699146271
13579,0.0419590100646019
13580,0.08918159455060959
13581,0.11159370839595795
13582,0.05866939574480057
13583,0.04108108580112457
13584,0.08700522035360336
13585,0.05183228477835655
13586,0.0734754353761673
13587,0.08305197954177856
13588,0.12535008788108826
13589,0.039326176047325134
13590,0.027998311445116997
13591,0.08240577578544617
13592,0.038819819688797
13593,0.10008029639720917
13594,0.021627042442560196
13595,0.0307355634868145
13596,0.18144342303276062
13597,0.07584565877914429
13598,0.03628964722156525
13599,0.14602628350257874
13600,0.05363650247454643
13601,0.0950327068567276
13602,0.023076865822076797
13603,0.04465299844741821
13604,0.030545279383659363
13605,0.08076877892017365
13606,0.15230295062065125
13607,0.10979138314723969
13608,0.046135030686855316
13609,0.06662966310977936
13610,0.05997590720653534
13611,0.07962636649608612
13612,0.015964731574058533
13613,0.03809131681919098
13614,0.05190116912126541
13615,0.06716328114271164
13616,0.09356473386287689
13617,0.13173410296440125
13618,0.07459766417741776
13619,0.038902029395103455
13620,0.07675093412399292
13621,0.13781514763832092
13622,0.047985732555389404
13623,0.10991537570953369
13624,0.06513151526451111
13625,0.086845263838768
13626,0.034841135144233704
13627,0.1368715465068817
13628,0.02975580096244812
13629,0.04496251791715622
13630,0.046261485666036606
13631,0.15236787497997284
13632,0.07807207107543945
13633,0.06842617690563202
13634,0.10304877161979675
13635,0.1260787546634674
13636,0.10320919752120972
13637,0.06077080965042114
13638,0.043413691222667694
13639,0.07260402292013168
13640,0.0566016249358654
13641,0.09974788129329681
13642,0.06910555064678192
13643,0.13576608896255493
13644,0.1435776799917221
13645,0.08673788607120514
13646,0.06681905686855316
13647,0.07762707769870758
13648,0.07081422209739685
13649,0.07678072154521942
13650,0.06977557390928268
13651,0.09670010209083557
13652,0.04783440753817558
13653,0.07190828770399094
13654,0.06281234323978424
13655,0.062497884035110474
13656,0.020787209272384644
13657,0.14228719472885132
13658,0.09729837626218796
13659,0.1679740995168686
13660,0.03825065493583679
13661,0.12052959203720093
13662,0.06320539116859436
13663,0.06261172890663147
13664,0.08400066941976547
13665,0.1160135492682457
13666,0.03430071100592613
13667,0.1687794327735901
13668,0.029088094830513
13669,0.154391348361969
13670,0.15848544239997864
13671,0.17584465444087982
13672,0.14779558777809143
13673,0.055224962532520294
13674,0.07826842367649078
13675,0.08167647570371628
13676,0.06883948296308517
13677,0.11553795635700226
13678,0.058776676654815674
13679,0.044998496770858765
13680,0.07588043808937073
13681,0.07916110008955002
13682,0.049159929156303406
13683,0.19334667921066284
13684,0.07711747288703918
13685,0.023809639737010002
13686,0.055749908089637756
13687,0.054731335490942
13688,0.1112573891878128
13689,0.07997334003448486
13690,0.04716813191771507
13691,0.05087004229426384
13692,0.06361926347017288
13693,0.08533403277397156
13694,0.11485620588064194
13695,0.03354557603597641
13696,0.04967670142650604
13697,0.09335120767354965
13698,0.039234310388565063
13699,0.0606502965092659
13700,0.038097791373729706
13701,0.026565250009298325
13702,0.0678185224533081
13703,0.08023705333471298
13704,0.06104196235537529
13705,0.03700210899114609
13706,0.07071444392204285
13707,0.11389776319265366
13708,0.05135055631399155
13709,0.052957143634557724
13710,0.0917624980211258
13711,0.0895087942481041
13712,0.0678982138633728
13713,0.21682612597942352
13714,0.11711107939481735
13715,0.08533033728599548
13716,0.04678403586149216
13717,0.13721922039985657
13718,0.04040415212512016
13719,0.045893412083387375
13720,0.03919633477926254
13721,0.06945806741714478
13722,0.04688155651092529
13723,0.13610407710075378
13724,0.07205960154533386
13725,0.06133342534303665
13726,0.039952896535396576
13727,0.1448134183883667
13728,0.05702602118253708
13729,0.055263668298721313
13730,0.06298422813415527
13731,0.07998251914978027
13732,0.04684970900416374
13733,0.09359763562679291
13734,0.07785641402006149
13735,0.08963333815336227
13736,0.10692934691905975
13737,0.056923478841781616
13738,0.08178068697452545
13739,0.10844574868679047
13740,0.05231129750609398
13741,0.05744514986872673
13742,0.11843442916870117
13743,0.20416045188903809
13744,0.18147623538970947
13745,0.06483445316553116
13746,0.053924039006233215
13747,0.07169972360134125
13748,0.12801508605480194
13749,0.07240774482488632
13750,0.07659927010536194
13751,0.06674981862306595
13752,0.038605522364377975
13753,0.10237957537174225
13754,0.06635861843824387
13755,0.09095539152622223
13756,0.125313863158226
13757,0.06553579866886139
13758,0.055374324321746826
13759,0.04225405305624008
13760,0.06854665279388428
13761,0.16437721252441406
13762,0.12790146470069885
13763,0.033745478838682175
13764,0.20098833739757538
13765,0.11906581372022629
13766,0.04868350550532341
13767,0.08195631951093674
13768,0.04296550154685974
13769,0.12173812091350555
13770,0.07701589912176132
13771,0.26806876063346863
13772,0.14398150146007538
13773,0.05055352672934532
13774,0.13676559925079346
13775,0.14070263504981995
13776,0.07914870232343674
13777,0.021501248702406883
13778,0.1384875327348709
13779,0.06923279166221619
13780,0.13395164906978607
13781,0.06777394562959671
13782,0.10409873723983765
13783,0.05270364135503769
13784,0.18722471594810486
13785,0.06817301362752914
13786,0.04755521938204765
13787,0.07291150093078613
13788,0.18792156875133514
13789,0.042019814252853394
13790,0.10113837569952011
13791,0.09430833905935287
13792,0.10911785811185837
13793,0.05507973954081535
13794,0.08946078270673752
13795,0.06874704360961914
13796,0.08916553854942322
13797,0.06723988056182861
13798,0.04658767208456993
13799,0.05836746096611023
13800,0.13386207818984985
13801,0.0377592034637928
13802,0.138319194316864
13803,0.20859414339065552
13804,0.0968773365020752
13805,0.07516948878765106
13806,0.0376637801527977
13807,0.0796743631362915
13808,0.18575339019298553
13809,0.06711389124393463
13810,0.128902405500412
13811,0.0534970760345459
13812,0.14861199259757996
13813,0.08098216354846954
13814,0.1620693802833557
13815,0.05023226886987686
13816,0.06556349992752075
13817,0.10529937595129013
13818,0.08498537540435791
13819,0.14653345942497253
13820,0.06644584238529205
13821,0.12548325955867767
13822,0.04051291570067406
13823,0.1430610567331314
13824,0.06664398312568665
13825,0.05534037947654724
13826,0.09090428799390793
13827,0.07139740884304047
13828,0.08493824303150177
13829,0.08389204740524292
13830,0.0810672864317894
13831,0.07968083769083023
13832,0.1389530599117279
13833,0.13568145036697388
13834,0.02594747208058834
13835,0.07777920365333557
13836,0.06904446333646774
13837,0.14454501867294312
13838,0.10915809124708176
13839,0.14996719360351562
13840,0.06122790277004242
13841,0.023976344615221024
13842,0.06273294985294342
13843,0.06372886896133423
13844,0.04209687560796738
13845,0.057171598076820374
13846,0.046168699860572815
13847,0.18732647597789764
13848,0.03175047039985657
13849,0.08896307647228241
13850,0.12272745370864868
13851,0.09973518550395966
13852,0.048470161855220795
13853,0.04764715954661369
13854,0.08189539611339569
13855,0.08946432918310165
13856,0.07949338853359222
13857,0.2035680115222931
13858,0.06931246072053909
13859,0.11748284101486206
13860,0.1022857055068016
13861,0.06945183128118515
13862,0.05093182623386383
13863,0.20843903720378876
13864,0.050204478204250336
13865,0.09857738018035889
13866,0.024122487753629684
13867,0.1931922882795334
13868,0.1635001301765442
13869,0.1514137089252472
13870,0.04884657263755798
13871,0.03838246315717697
13872,0.04809107631444931
13873,0.14706239104270935
13874,0.1539006531238556
13875,0.03778410702943802
13876,0.14097623527050018
13877,0.05279652774333954
13878,0.10949667543172836
13879,0.05303339660167694
13880,0.0453609935939312
13881,0.026086147874593735
13882,0.09108547866344452
13883,0.10228230059146881
13884,0.07907771319150925
13885,0.03920959681272507
13886,0.08933340013027191
13887,0.09385071694850922
13888,0.09005838632583618
13889,0.13387687504291534
13890,0.15765777230262756
13891,0.030994733795523643
13892,0.03909630700945854
13893,0.033322665840387344
13894,0.09853348135948181
13895,0.07966676354408264
13896,0.06323331594467163
13897,0.10399474203586578
13898,0.10291539132595062
13899,0.07749560475349426
13900,0.16406777501106262
13901,0.030209030956029892
13902,0.06927162408828735
13903,0.0651133805513382
13904,0.06472396105527878
13905,0.054775502532720566
13906,0.1086498498916626
13907,0.08364380896091461
13908,0.08586256951093674
13909,0.21030090749263763
13910,0.06990070641040802
13911,0.10380488634109497
13912,0.10104932636022568
13913,0.08000525832176208
13914,0.0612172894179821
13915,0.1382957249879837
13916,0.12172868847846985
13917,0.0879359096288681
13918,0.19098345935344696
13919,0.07924345135688782
13920,0.125775545835495
13921,0.03989748656749725
13922,0.174469456076622
13923,0.05928441509604454
13924,0.10595986247062683
13925,0.04405040666460991
13926,0.10749726742506027
13927,0.0940745398402214
13928,0.048680420964956284
13929,0.055115263909101486
13930,0.1207645982503891
13931,0.06175041198730469
13932,0.029329031705856323
13933,0.10155066102743149
13934,0.035213958472013474
13935,0.1922203004360199
13936,0.12012007087469101
13937,0.10343818366527557
13938,0.15596114099025726
13939,0.08590598404407501
13940,0.05353190749883652
13941,0.062157779932022095
13942,0.06022496521472931
13943,0.12939247488975525
13944,0.10424917191267014
13945,0.17130613327026367
13946,0.08582310378551483
13947,0.18228837847709656
13948,0.02032037079334259
13949,0.07271638512611389
13950,0.08197727799415588
13951,0.04489462822675705
13952,0.033145226538181305
13953,0.03009653091430664
13954,0.1741822212934494
13955,0.12283425778150558
13956,0.10378365963697433
13957,0.04413212463259697
13958,0.08823906630277634
13959,0.06915431469678879
13960,0.13304457068443298
13961,0.053852420300245285
13962,0.03851498290896416
13963,0.07290937751531601
13964,0.1563117355108261
13965,0.08408023416996002
13966,0.08341057598590851
13967,0.016370877623558044
13968,0.08276234567165375
13969,0.08081796765327454
13970,0.08742969483137131
13971,0.024806104600429535
13972,0.09789171069860458
13973,0.05511997267603874
13974,0.06995101273059845
13975,0.07143144309520721
13976,0.11166750639677048
13977,0.08407440781593323
13978,0.08568421006202698
13979,0.062199465930461884
13980,0.045816026628017426
13981,0.08548416942358017
13982,0.03139727935194969
13983,0.10886966437101364
13984,0.09370913356542587
13985,0.09621738642454147
13986,0.12699958682060242
13987,0.02667686901986599
13988,0.07039682567119598
13989,0.05539353936910629
13990,0.11153879016637802
13991,0.1166326031088829
13992,0.12229909747838974
13993,0.07020853459835052
13994,0.04604610055685043
13995,0.021460965275764465
13996,0.06931072473526001
13997,0.046781331300735474
13998,0.05312333628535271
13999,0.15549474954605103
14000,0.0765443742275238
14001,0.0516207218170166
14002,0.07962200045585632
14003,0.06565675139427185
14004,0.039257120341062546
14005,0.06209462881088257
14006,0.08613815158605576
14007,0.057090356945991516
14008,0.06291568279266357
14009,0.15662840008735657
14010,0.074614018201828
14011,0.09113898128271103
14012,0.044842444360256195
14013,0.10842007398605347
14014,0.04079240933060646
14015,0.0506606325507164
14016,0.03145775943994522
14017,0.04327875375747681
14018,0.072351835668087
14019,0.08671857416629791
14020,0.0688169077038765
14021,0.09240873903036118
14022,0.1967518925666809
14023,0.05595691502094269
14024,0.03668539971113205
14025,0.05567016825079918
14026,0.02507941424846649
14027,0.053279560059309006
14028,0.1291283220052719
14029,0.09596292674541473
14030,0.058594997972249985
14031,0.06293030083179474
14032,0.062140386551618576
14033,0.03605734184384346
14034,0.03893846273422241
14035,0.13756254315376282
14036,0.0770750641822815
14037,0.08505497872829437
14038,0.17035989463329315
14039,0.0336964949965477
14040,0.10751074552536011
14041,0.048201631754636765
14042,0.04945787787437439
14043,0.10865860432386398
14044,0.0762038305401802
14045,0.035260751843452454
14046,0.1236511692404747
14047,0.07727032154798508
14048,0.03277888521552086
14049,0.026377273723483086
14050,0.08574884384870529
14051,0.11105622351169586
14052,0.03981366008520126
14053,0.019025512039661407
14054,0.10555154085159302
14055,0.12644658982753754
14056,0.12194761633872986
14057,0.1604616940021515
14058,0.03537736460566521
14059,0.06158680468797684
14060,0.020121950656175613
14061,0.04925161600112915
14062,0.05126447230577469
14063,0.1257861852645874
14064,0.02802947536110878
14065,0.0966426357626915
14066,0.079740010201931
14067,0.0659794732928276
14068,0.07402294129133224
14069,0.10886970162391663
14070,0.07594573497772217
14071,0.057337354868650436
14072,0.058258697390556335
14073,0.03846539556980133
14074,0.07162562012672424
14075,0.04513310641050339
14076,0.03293420001864433
14077,0.15040457248687744
14078,0.172120600938797
14079,0.2027972787618637
14080,0.06936553120613098
14081,0.12658807635307312
14082,0.048518769443035126
14083,0.09685330837965012
14084,0.1188850998878479
14085,0.044896744191646576
14086,0.03782733529806137
14087,0.05954323709011078
14088,0.1110115498304367
14089,0.05553286522626877
14090,0.09573119878768921
14091,0.042242325842380524
14092,0.12416943907737732
14093,0.056137509644031525
14094,0.02522169053554535
14095,0.09986540675163269
14096,0.09685184806585312
14097,0.33184072375297546
14098,0.10761326551437378
14099,0.08560067415237427
14100,0.05938629433512688
14101,0.06476308405399323
14102,0.0438942015171051
14103,0.06760810315608978
14104,0.0984538197517395
14105,0.10969643294811249
14106,0.07880096137523651
14107,0.09580770134925842
14108,0.12762266397476196
14109,0.05049475282430649
14110,0.06632125377655029
14111,0.038682084530591965
14112,0.07574872672557831
14113,0.04202008247375488
14114,0.05362623929977417
14115,0.04977969452738762
14116,0.04680083319544792
14117,0.03560296446084976
14118,0.1550544798374176
14119,0.24373529851436615
14120,0.13176022469997406
14121,0.14310507476329803
14122,0.07226872444152832
14123,0.06983040273189545
14124,0.03689127787947655
14125,0.12516246736049652
14126,0.13448503613471985
14127,0.16014288365840912
14128,0.04474547505378723
14129,0.13410170376300812
14130,0.09609030932188034
14131,0.11904744803905487
14132,0.05567718297243118
14133,0.10508447885513306
14134,0.048722438514232635
14135,0.11807052791118622
14136,0.042479775846004486
14137,0.03211287409067154
14138,0.05044562742114067
14139,0.12835004925727844
14140,0.11536392569541931
14141,0.10298246145248413
14142,0.03744512051343918
14143,0.08887990564107895
14144,0.11418202519416809
14145,0.04603324458003044
14146,0.037698663771152496
14147,0.10521487891674042
14148,0.050476931035518646
14149,0.06961426138877869
14150,0.10793866962194443
14151,0.030471710488200188
14152,0.08098500221967697
14153,0.11122220009565353
14154,0.06592585891485214
14155,0.10774847120046616
14156,0.10579001903533936
14157,0.15258069336414337
14158,0.07252992689609528
14159,0.08564119786024094
14160,0.04687248915433884
14161,0.10584287345409393
14162,0.0568438395857811
14163,0.044211890548467636
14164,0.08068278431892395
14165,0.17063993215560913
14166,0.1063510999083519
14167,0.22733840346336365
14168,0.05910749360918999
14169,0.060738589614629745
14170,0.037927959114313126
14171,0.12884317338466644
14172,0.08080413192510605
14173,0.10292311012744904
14174,0.05974642559885979
14175,0.027740970253944397
14176,0.14761462807655334
14177,0.019793536514043808
14178,0.0740843266248703
14179,0.030002674087882042
14180,0.11428984999656677
14181,0.10050132125616074
14182,0.05329693481326103
14183,0.13800154626369476
14184,0.04018843173980713
14185,0.035913243889808655
14186,0.09256451576948166
14187,0.08369820564985275
14188,0.09220560640096664
14189,0.040011949837207794
14190,0.13345608115196228
14191,0.03327196091413498
14192,0.09641285985708237
14193,0.10086822509765625
14194,0.0414789542555809
14195,0.05804275721311569
14196,0.03843734785914421
14197,0.1086273193359375
14198,0.06986849009990692
14199,0.05908745527267456
14200,0.04008389264345169
14201,0.07672230154275894
14202,0.041350796818733215
14203,0.08653919398784637
14204,0.1063874214887619
14205,0.08592905849218369
14206,0.15636596083641052
14207,0.05568550154566765
14208,0.07543587684631348
14209,0.09121830761432648
14210,0.07269251346588135
14211,0.07587884366512299
14212,0.11543779075145721
14213,0.07176095247268677
14214,0.10563316941261292
14215,0.11963421106338501
14216,0.08858871459960938
14217,0.04448477178812027
14218,0.07681678980588913
14219,0.07040897756814957
14220,0.0720982626080513
14221,0.05827473849058151
14222,0.12296207994222641
14223,0.20913074910640717
14224,0.05547402799129486
14225,0.10026633739471436
14226,0.10997315496206284
14227,0.07745781540870667
14228,0.08072903007268906
14229,0.08106627315282822
14230,0.11434318870306015
14231,0.0560138002038002
14232,0.07211165875196457
14233,0.1490650326013565
14234,0.05985627695918083
14235,0.0783701241016388
14236,0.07008004188537598
14237,0.16166922450065613
14238,0.12848657369613647
14239,0.13615256547927856
14240,0.07034485042095184
14241,0.08755618333816528
14242,0.14324384927749634
14243,0.08537957072257996
14244,0.09473225474357605
14245,0.05696670711040497
14246,0.0389251783490181
14247,0.16659162938594818
14248,0.044364940375089645
14249,0.037617020308971405
14250,0.070450060069561
14251,0.0684589147567749
14252,0.16276519000530243
14253,0.07845865935087204
14254,0.034831441938877106
14255,0.057251378893852234
14256,0.041170742362737656
14257,0.06215943023562431
14258,0.07927875220775604
14259,0.1752791702747345
14260,0.02634013257920742
14261,0.07108747214078903
14262,0.05411018058657646
14263,0.09289094060659409
14264,0.1333022564649582
14265,0.05578765273094177
14266,0.06184607744216919
14267,0.05310182273387909
14268,0.050080250948667526
14269,0.07492586225271225
14270,0.057182468473911285
14271,0.05883454531431198
14272,0.08069801330566406
14273,0.100948765873909
14274,0.12027272582054138
14275,0.23166196048259735
14276,0.0762290358543396
14277,0.09709106385707855
14278,0.048567719757556915
14279,0.07112438976764679
14280,0.16704046726226807
14281,0.03189525008201599
14282,0.05608811229467392
14283,0.07395575940608978
14284,0.07389520853757858
14285,0.13053762912750244
14286,0.043273746967315674
14287,0.05561768263578415
14288,0.04028308019042015
14289,0.15334662795066833
14290,0.029335638508200645
14291,0.07112503051757812
14292,0.055136870592832565
14293,0.11227768659591675
14294,0.1795504093170166
14295,0.10705461353063583
14296,0.04592151194810867
14297,0.03623713180422783
14298,0.08485482633113861
14299,0.08048312366008759
14300,0.09899342060089111
14301,0.11571180820465088
14302,0.10610397905111313
14303,0.061425112187862396
14304,0.12805113196372986
14305,0.06568311154842377
14306,0.0991104245185852
14307,0.08889883756637573
14308,0.04234408587217331
14309,0.07428768277168274
14310,0.07182791829109192
14311,0.0846712589263916
14312,0.10885974019765854
14313,0.06053272634744644
14314,0.048937808722257614
14315,0.07001286000013351
14316,0.0851389616727829
14317,0.10062110424041748
14318,0.11114796251058578
14319,0.030949022620916367
14320,0.05255311727523804
14321,0.11150141060352325
14322,0.04956532269716263
14323,0.15930354595184326
14324,0.12721990048885345
14325,0.10930870473384857
14326,0.06111083924770355
14327,0.15679752826690674
14328,0.04526191204786301
14329,0.05052817985415459
14330,0.08283483982086182
14331,0.0550132691860199
14332,0.17206433415412903
14333,0.07854102551937103
14334,0.1088697612285614
14335,0.1116860955953598
14336,0.06985652446746826
14337,0.12729953229427338
14338,0.1221880316734314
14339,0.21784834563732147
14340,0.09674157202243805
14341,0.026156460866332054
14342,0.03706025704741478
14343,0.09500384330749512
14344,0.08867516368627548
14345,0.10959559679031372
14346,0.04840899631381035
14347,0.09134350717067719
14348,0.08129645884037018
14349,0.0585193857550621
14350,0.0893002301454544
14351,0.12215772271156311
14352,0.10487014055252075
14353,0.29228872060775757
14354,0.06499689817428589
14355,0.05747663974761963
14356,0.06596606969833374
14357,0.061440955847501755
14358,0.08893360942602158
14359,0.07219788432121277
14360,0.06567245721817017
14361,0.09122266620397568
14362,0.042258601635694504
14363,0.05576958507299423
14364,0.048631906509399414
14365,0.1448005735874176
14366,0.08156739175319672
14367,0.09494434297084808
14368,0.039347629994153976
14369,0.0975666269659996
14370,0.10053160041570663
14371,0.09026403725147247
14372,0.057779859751462936
14373,0.08830209821462631
14374,0.08791180700063705
14375,0.0717368870973587
14376,0.22407907247543335
14377,0.14378643035888672
14378,0.11975141614675522
14379,0.11925290524959564
14380,0.2059028148651123
14381,0.04615403339266777
14382,0.06589069962501526
14383,0.09492027759552002
14384,0.05965235456824303
14385,0.05921369418501854
14386,0.09142293781042099
14387,0.10553114861249924
14388,0.047632209956645966
14389,0.08485674858093262
14390,0.04780697450041771
14391,0.16673049330711365
14392,0.03859864920377731
14393,0.10591338574886322
14394,0.07476827502250671
14395,0.042189233005046844
14396,0.038092538714408875
14397,0.1520322859287262
14398,0.07184471935033798
14399,0.09722133725881577
14400,0.07666559517383575
14401,0.11214789003133774
14402,0.0879150852560997
14403,0.10466809570789337
14404,0.04970129579305649
14405,0.0621316134929657
14406,0.055900733917951584
14407,0.10711952298879623
14408,0.07510440796613693
14409,0.03011569380760193
14410,0.08950960636138916
14411,0.06472492218017578
14412,0.0494932159781456
14413,0.12867142260074615
14414,0.07735298573970795
14415,0.01965198665857315
14416,0.1917191743850708
14417,0.07790263742208481
14418,0.07269138097763062
14419,0.29674530029296875
14420,0.08772504329681396
14421,0.03838784620165825
14422,0.05253708362579346
14423,0.07161474972963333
14424,0.09128215909004211
14425,0.0967416763305664
14426,0.08194103091955185
14427,0.04142570123076439
14428,0.03703314810991287
14429,0.05353788658976555
14430,0.10895165055990219
14431,0.09777180850505829
14432,0.07656817883253098
14433,0.06391467154026031
14434,0.14100705087184906
14435,0.04548056051135063
14436,0.06757079809904099
14437,0.10314898192882538
14438,0.030684825032949448
14439,0.05251839756965637
14440,0.10315342992544174
14441,0.08073897659778595
14442,0.059866420924663544
14443,0.09292712062597275
14444,0.0762428566813469
14445,0.15727883577346802
14446,0.023616410791873932
14447,0.05046340078115463
14448,0.039407409727573395
14449,0.07489804923534393
14450,0.11431866884231567
14451,0.08741055428981781
14452,0.09795314073562622
14453,0.17476889491081238
14454,0.06649474799633026
14455,0.17773696780204773
14456,0.1048375815153122
14457,0.10662409663200378
14458,0.07010366022586823
14459,0.09420298039913177
14460,0.07009035348892212
14461,0.07805997133255005
14462,0.032562822103500366
14463,0.1276908814907074
14464,0.07034745812416077
14465,0.17869113385677338
14466,0.1290978193283081
14467,0.08126111328601837
14468,0.07424239814281464
14469,0.03782982751727104
14470,0.052038174122571945
14471,0.11473995447158813
14472,0.030383190140128136
14473,0.07553032040596008
14474,0.07345998287200928
14475,0.14395225048065186
14476,0.14896538853645325
14477,0.04975464940071106
14478,0.07793761044740677
14479,0.11719511449337006
14480,0.1898319125175476
14481,0.18083320558071136
14482,0.05221642181277275
14483,0.06664074957370758
14484,0.034094784408807755
14485,0.10047470778226852
14486,0.12034826725721359
14487,0.058530326932668686
14488,0.1445367932319641
14489,0.09349437057971954
14490,0.07459752261638641
14491,0.08551780879497528
14492,0.04952659457921982
14493,0.06019487977027893
14494,0.08858593553304672
14495,0.1723260134458542
14496,0.1778814047574997
14497,0.03700046241283417
14498,0.10330510139465332
14499,0.07374653220176697
14500,0.10674825310707092
14501,0.07205210626125336
14502,0.1581856906414032
14503,0.09837844222784042
14504,0.08194656670093536
14505,0.10266105830669403
14506,0.07053415477275848
14507,0.0719568133354187
14508,0.14641982316970825
14509,0.08429145812988281
14510,0.10009390115737915
14511,0.08561238646507263
14512,0.03970129042863846
14513,0.09722159802913666
14514,0.10489955544471741
14515,0.10202877223491669
14516,0.1093212366104126
14517,0.04507890343666077
14518,0.06268160790205002
14519,0.08469071239233017
14520,0.08004342019557953
14521,0.06806346029043198
14522,0.1692313402891159
14523,0.08925609290599823
14524,0.1511184126138687
14525,0.04295200854539871
14526,0.070235475897789
14527,0.029778119176626205
14528,0.09754293411970139
14529,0.0830102190375328
14530,0.11838209629058838
14531,0.03192158043384552
14532,0.08118432760238647
14533,0.037905748933553696
14534,0.164627343416214
14535,0.1082775816321373
14536,0.07294069230556488
14537,0.059584807604551315
14538,0.04579710215330124
14539,0.050086166709661484
14540,0.024516765028238297
14541,0.14310728013515472
14542,0.08325917273759842
14543,0.10565881431102753
14544,0.08311769366264343
14545,0.04432488977909088
14546,0.07084466516971588
14547,0.10518191754817963
14548,0.08496463298797607
14549,0.07423864305019379
14550,0.03846394270658493
14551,0.07737496495246887
14552,0.07964412868022919
14553,0.21284398436546326
14554,0.09183099120855331
14555,0.04746079072356224
14556,0.17134734988212585
14557,0.031617749482393265
14558,0.23819780349731445
14559,0.14051920175552368
14560,0.04825204610824585
14561,0.07205722481012344
14562,0.144401416182518
14563,0.03168195113539696
14564,0.06916287541389465
14565,0.0447605662047863
14566,0.04670146107673645
14567,0.051789961755275726
14568,0.08317891508340836
14569,0.04347643256187439
14570,0.052953511476516724
14571,0.08433955907821655
14572,0.03957771882414818
14573,0.04647791013121605
14574,0.06534627079963684
14575,0.0625125840306282
14576,0.08066406846046448
14577,0.09880286455154419
14578,0.10291361808776855
14579,0.0660460889339447
14580,0.1127525195479393
14581,0.05144907161593437
14582,0.12626305222511292
14583,0.05622022598981857
14584,0.06658640503883362
14585,0.028505682945251465
14586,0.038501642644405365
14587,0.03929070010781288
14588,0.0789499431848526
14589,0.07713183015584946
14590,0.10241609066724777
14591,0.0642891377210617
14592,0.09117348492145538
14593,0.04943632334470749
14594,0.29611319303512573
14595,0.0817856714129448
14596,0.04861900210380554
14597,0.06536684930324554
14598,0.13018447160720825
14599,0.033690936863422394
14600,0.059247396886348724
14601,0.08482801914215088
14602,0.1382761150598526
14603,0.04932034760713577
14604,0.060899361968040466
14605,0.04524623602628708
14606,0.07401365041732788
14607,0.02882760763168335
14608,0.14995501935482025
14609,0.14944016933441162
14610,0.03434809297323227
14611,0.0932660698890686
14612,0.06593834608793259
14613,0.0452030710875988
14614,0.05672833323478699
14615,0.04786716029047966
14616,0.07575229555368423
14617,0.030465390533208847
14618,0.057463355362415314
14619,0.04628356546163559
14620,0.12941992282867432
14621,0.14741550385951996
14622,0.07693411409854889
14623,0.15311431884765625
14624,0.09595596045255661
14625,0.10322801768779755
14626,0.08523739874362946
14627,0.050678856670856476
14628,0.07365830987691879
14629,0.07630328834056854
14630,0.058540426194667816
14631,0.043346699327230453
14632,0.10697905719280243
14633,0.0660468190908432
14634,0.04644051194190979
14635,0.07732280343770981
14636,0.056947968900203705
14637,0.04758944362401962
14638,0.07897454500198364
14639,0.08364097774028778
14640,0.1702200472354889
14641,0.07774621248245239
14642,0.04994653910398483
14643,0.02850954234600067
14644,0.06890177726745605
14645,0.0846683531999588
14646,0.16539621353149414
14647,0.04657130688428879
14648,0.12863904237747192
14649,0.08564876019954681
14650,0.10974918305873871
14651,0.1205286979675293
14652,0.04218917340040207
14653,0.08170837163925171
14654,0.07347854226827621
14655,0.04302268475294113
14656,0.09288295358419418
14657,0.0837077796459198
14658,0.03880854696035385
14659,0.07962842285633087
14660,0.04819953441619873
14661,0.0939675122499466
14662,0.04237903654575348
14663,0.05462777614593506
14664,0.20840445160865784
14665,0.08131994307041168
14666,0.17499940097332
14667,0.13362547755241394
14668,0.12560957670211792
14669,0.02803405188024044
14670,0.12741538882255554
14671,0.06221736595034599
14672,0.04880547523498535
14673,0.11784625053405762
14674,0.07382597029209137
14675,0.08973204344511032
14676,0.08664265275001526
14677,0.07424236088991165
14678,0.08649951219558716
14679,0.06252013146877289
14680,0.11185290664434433
14681,0.048835307359695435
14682,0.07822060585021973
14683,0.04154960811138153
14684,0.12325970828533173
14685,0.10623900592327118
14686,0.03699125349521637
14687,0.054868184030056
14688,0.17146983742713928
14689,0.08458176255226135
14690,0.09860368072986603
14691,0.10505110025405884
14692,0.10703746974468231
14693,0.09395764768123627
14694,0.05143742263317108
14695,0.12509939074516296
14696,0.10921790450811386
14697,0.04802379757165909
14698,0.14569029211997986
14699,0.07637844979763031
14700,0.14148157835006714
14701,0.06176071986556053
14702,0.06334470212459564
14703,0.051566362380981445
14704,0.13273122906684875
14705,0.07055142521858215
14706,0.09481891989707947
14707,0.060858290642499924
14708,0.03623487055301666
14709,0.08998467028141022
14710,0.19277116656303406
14711,0.04711286351084709
14712,0.08665797114372253
14713,0.03237269073724747
14714,0.030587568879127502
14715,0.07415628433227539
14716,0.08157509565353394
14717,0.13992901146411896
14718,0.04347827285528183
14719,0.04676934331655502
14720,0.17164556682109833
14721,0.04382806271314621
14722,0.10497282445430756
14723,0.11617188155651093
14724,0.10436221212148666
14725,0.1108575314283371
14726,0.07523276656866074
14727,0.052543073892593384
14728,0.07225444167852402
14729,0.06015973538160324
14730,0.08583449572324753
14731,0.050228506326675415
14732,0.1278097927570343
14733,0.12953118979930878
14734,0.05598554015159607
14735,0.08299887180328369
14736,0.09267111122608185
14737,0.035195354372262955
14738,0.04253619164228439
14739,0.041799768805503845
14740,0.034296780824661255
14741,0.046908266842365265
14742,0.0652507022023201
14743,0.05517841875553131
14744,0.08451470732688904
14745,0.013966897502541542
14746,0.03995383530855179
14747,0.07369107007980347
14748,0.07260634005069733
14749,0.0717552900314331
14750,0.09849995374679565
14751,0.02688509225845337
14752,0.1544995754957199
14753,0.02727220021188259
14754,0.05521019920706749
14755,0.12903589010238647
14756,0.10629989206790924
14757,0.05618436262011528
14758,0.07441230118274689
14759,0.1155291423201561
14760,0.08395840972661972
14761,0.07464979588985443
14762,0.043754976242780685
14763,0.1983325481414795
14764,0.11972807347774506
14765,0.10104628652334213
14766,0.052970245480537415
14767,0.09625419229269028
14768,0.07785186171531677
14769,0.16005681455135345
14770,0.09097091853618622
14771,0.0992259681224823
14772,0.11990882456302643
14773,0.045014407485723495
14774,0.060289617627859116
14775,0.11941545456647873
14776,0.12623117864131927
14777,0.0580696277320385
14778,0.17248009145259857
14779,0.056997478008270264
14780,0.13653820753097534
14781,0.0649971216917038
14782,0.04631274193525314
14783,0.09582500159740448
14784,0.11383132636547089
14785,0.08200019598007202
14786,0.0666634663939476
14787,0.10690893232822418
14788,0.08268991857767105
14789,0.11962302774190903
14790,0.1990734040737152
14791,0.039886750280857086
14792,0.028810158371925354
14793,0.110968217253685
14794,0.04538040608167648
14795,0.09369246661663055
14796,0.0868198424577713
14797,0.04740315303206444
14798,0.11065022647380829
14799,0.08380522578954697
14800,0.03375735878944397
14801,0.0855093002319336
14802,0.14393484592437744
14803,0.07472851872444153
14804,0.06668691337108612
14805,0.08799774944782257
14806,0.040654465556144714
14807,0.09840798377990723
14808,0.06700238585472107
14809,0.14063198864459991
14810,0.10153713077306747
14811,0.2061157524585724
14812,0.09525909274816513
14813,0.1247144341468811
14814,0.04769593104720116
14815,0.047347541898489
14816,0.12403939664363861
14817,0.18346624076366425
14818,0.05839914083480835
14819,0.1200893446803093
14820,0.03827119618654251
14821,0.03188855201005936
14822,0.2070491760969162
14823,0.12622326612472534
14824,0.10225248336791992
14825,0.15799450874328613
14826,0.1452471911907196
14827,0.07270284742116928
14828,0.09477315843105316
14829,0.07388706505298615
14830,0.06885935366153717
14831,0.08612114191055298
14832,0.04563940688967705
14833,0.1572100818157196
14834,0.03463504835963249
14835,0.06254822015762329
14836,0.0983511209487915
14837,0.09502653777599335
14838,0.033226996660232544
14839,0.11023077368736267
14840,0.07618284225463867
14841,0.0660323053598404
14842,0.12535415589809418
14843,0.05208912491798401
14844,0.05762374401092529
14845,0.06653814762830734
14846,0.09734241664409637
14847,0.060675542801618576
14848,0.06948670744895935
14849,0.05237715691328049
14850,0.026599187403917313
14851,0.18074660003185272
14852,0.12318089604377747
14853,0.08990298956632614
14854,0.1309961974620819
14855,0.08431659638881683
14856,0.10777270793914795
14857,0.03154097869992256
14858,0.08523279428482056
14859,0.07623282074928284
14860,0.1064581573009491
14861,0.06804749369621277
14862,0.06414919346570969
14863,0.1509920060634613
14864,0.08794580399990082
14865,0.11338108777999878
14866,0.03952919691801071
14867,0.12416606396436691
14868,0.09575067460536957
14869,0.07933290302753448
14870,0.06239525228738785
14871,0.08719712495803833
14872,0.02159387618303299
14873,0.12116031348705292
14874,0.06375469267368317
14875,0.08894720673561096
14876,0.09547867625951767
14877,0.05581993982195854
14878,0.03716255724430084
14879,0.1626027226448059
14880,0.0828438401222229
14881,0.06728173792362213
14882,0.1369960606098175
14883,0.10748410224914551
14884,0.09693662822246552
14885,0.17132410407066345
14886,0.11725665628910065
14887,0.058410078287124634
14888,0.15407779812812805
14889,0.03431257605552673
14890,0.18833881616592407
14891,0.07720090448856354
14892,0.06146873161196709
14893,0.09491803497076035
14894,0.0731048434972763
14895,0.08048877865076065
14896,0.05899926275014877
14897,0.055121712386608124
14898,0.050650954246520996
14899,0.024642622098326683
14900,0.04176905006170273
14901,0.02630312740802765
14902,0.10891298949718475
14903,0.07957806438207626
14904,0.04525720328092575
14905,0.11717171967029572
14906,0.0902135968208313
14907,0.03968790918588638
14908,0.07502151280641556
14909,0.042032718658447266
14910,0.17934152483940125
14911,0.0714520663022995
14912,0.1514917016029358
14913,0.135506272315979
14914,0.03136454150080681
14915,0.14485032856464386
14916,0.089205801486969
14917,0.04475882276892662
14918,0.17727726697921753
14919,0.0881563276052475
14920,0.10895564407110214
14921,0.10780992358922958
14922,0.03422125056385994
14923,0.20238837599754333
14924,0.057371657341718674
14925,0.06682492792606354
14926,0.16883397102355957
14927,0.02707277238368988
14928,0.042549051344394684
14929,0.09732246398925781
14930,0.06231297552585602
14931,0.17919492721557617
14932,0.11238536238670349
14933,0.04389740154147148
14934,0.03682968020439148
14935,0.1838475912809372
14936,0.10063205659389496
14937,0.0964074581861496
14938,0.11718451231718063
14939,0.0828322321176529
14940,0.0588296502828598
14941,0.06685573607683182
14942,0.10027899593114853
14943,0.17768745124340057
14944,0.07284018397331238
14945,0.06969240307807922
14946,0.04820745438337326
14947,0.13844075798988342
14948,0.04085621237754822
14949,0.06473919004201889
14950,0.0882778987288475
14951,0.04937657341361046
14952,0.22974412143230438
14953,0.06716373562812805
14954,0.036239251494407654
14955,0.14772269129753113
14956,0.06722646206617355
14957,0.04198215901851654
14958,0.0553688183426857
14959,0.20961543917655945
14960,0.07534274458885193
14961,0.09624668210744858
14962,0.05010455474257469
14963,0.10817043483257294
14964,0.1769414246082306
14965,0.04834703356027603
14966,0.10804246366024017
14967,0.08805982768535614
14968,0.054254405200481415
14969,0.024292703717947006
14970,0.02764810621738434
14971,0.0932428240776062
14972,0.06078910082578659
14973,0.03488708660006523
14974,0.09347230195999146
14975,0.04282987117767334
14976,0.0566583089530468
14977,0.10702615231275558
14978,0.09161610901355743
14979,0.06407172977924347
14980,0.10672935098409653
14981,0.05010543391108513
14982,0.038288481533527374
14983,0.06549939513206482
14984,0.10327397286891937
14985,0.048261892050504684
14986,0.10409712791442871
14987,0.11051061004400253
14988,0.05105328559875488
14989,0.076034776866436
14990,0.1025080680847168
14991,0.06244354695081711
14992,0.08379478752613068
14993,0.1308840811252594
14994,0.10720821470022202
14995,0.11418809741735458
14996,0.03921086713671684
14997,0.045409366488456726
14998,0.10654666274785995
14999,0.05738704651594162
15000,0.13950370252132416
15001,0.1343669444322586
15002,0.0650746151804924
15003,0.20029966533184052
15004,0.09301583468914032
15005,0.044744692742824554
15006,0.09270098060369492
15007,0.05956598371267319
15008,0.08845242112874985
15009,0.09467916935682297
15010,0.05039985105395317
15011,0.15196548402309418
15012,0.1344892680644989
15013,0.08773156255483627
15014,0.09112626314163208
15015,0.10456804931163788
15016,0.17885200679302216
15017,0.09918420761823654
15018,0.05654802918434143
15019,0.10614725202322006
15020,0.12353751063346863
15021,0.04561442881822586
15022,0.12814506888389587
15023,0.05789097771048546
15024,0.05305306240916252
15025,0.08429192006587982
15026,0.1193317323923111
15027,0.07966911047697067
15028,0.06108569726347923
15029,0.08327966928482056
15030,0.07203324139118195
15031,0.09219925105571747
15032,0.04863139986991882
15033,0.030098717659711838
15034,0.12833747267723083
15035,0.026484623551368713
15036,0.15544629096984863
15037,0.09611867368221283
15038,0.05879506096243858
15039,0.09529297053813934
15040,0.041774045675992966
15041,0.12302106618881226
15042,0.0995623990893364
15043,0.07002483308315277
15044,0.09437471628189087
15045,0.09370154142379761
15046,0.13798779249191284
15047,0.11256607621908188
15048,0.0755065381526947
15049,0.08658577501773834
15050,0.09858330339193344
15051,0.18674275279045105
15052,0.031984955072402954
15053,0.1570241004228592
15054,0.056191831827163696
15055,0.052734218537807465
15056,0.07446317374706268
15057,0.06689466536045074
15058,0.14852844178676605
15059,0.059710316359996796
15060,0.06505683064460754
15061,0.0607282817363739
15062,0.1943981945514679
15063,0.12436097860336304
15064,0.06997108459472656
15065,0.09188327193260193
15066,0.0639706403017044
15067,0.31322547793388367
15068,0.09881514310836792
15069,0.08183129131793976
15070,0.05528301000595093
15071,0.048130735754966736
15072,0.06325480341911316
15073,0.23065760731697083
15074,0.2017987221479416
15075,0.03510989993810654
15076,0.03631538152694702
15077,0.10307183861732483
15078,0.14804242551326752
15079,0.08822982013225555
15080,0.020119089633226395
15081,0.08004908263683319
15082,0.129300057888031
15083,0.0866740271449089
15084,0.12653198838233948
15085,0.11882956326007843
15086,0.04517870396375656
15087,0.07133825123310089
15088,0.14197729527950287
15089,0.12698373198509216
15090,0.0742170661687851
15091,0.05519860237836838
15092,0.11400304734706879
15093,0.12393245100975037
15094,0.1349463164806366
15095,0.10031607747077942
15096,0.04767848551273346
15097,0.1311970055103302
15098,0.052230171859264374
15099,0.15463843941688538
15100,0.2449144572019577
15101,0.09531138837337494
15102,0.17108552157878876
15103,0.03249166160821915
15104,0.05817283317446709
15105,0.031031956896185875
15106,0.09899228811264038
15107,0.04237617179751396
15108,0.08927609771490097
15109,0.2639405429363251
15110,0.1264844834804535
15111,0.12073598802089691
15112,0.07497584819793701
15113,0.07087923586368561
15114,0.06834600865840912
15115,0.159097820520401
15116,0.08435292541980743
15117,0.11490225791931152
15118,0.13066327571868896
15119,0.20561900734901428
15120,0.0997161865234375
15121,0.09346866607666016
15122,0.04599471017718315
15123,0.056136395782232285
15124,0.08366671204566956
15125,0.03559187799692154
15126,0.08251772820949554
15127,0.04178200289607048
15128,0.0848674401640892
15129,0.09159056842327118
15130,0.044870417565107346
15131,0.07103460282087326
15132,0.13371963798999786
15133,0.08015981316566467
15134,0.15527525544166565
15135,0.09612381458282471
15136,0.11010807007551193
15137,0.10830281674861908
15138,0.06458614766597748
15139,0.05132831260561943
15140,0.05006905645132065
15141,0.025770334526896477
15142,0.17540661990642548
15143,0.14153507351875305
15144,0.05944311246275902
15145,0.06396640092134476
15146,0.14407432079315186
15147,0.0846293717622757
15148,0.13285434246063232
15149,0.08389614522457123
15150,0.065645232796669
15151,0.0668955147266388
15152,0.158250093460083
15153,0.033380068838596344
15154,0.05509377643465996
15155,0.035382091999053955
15156,0.15646302700042725
15157,0.06832680106163025
15158,0.12541839480400085
15159,0.09814329445362091
15160,0.050039540976285934
15161,0.0704839825630188
15162,0.14985212683677673
15163,0.13024431467056274
15164,0.07614052295684814
15165,0.07191503047943115
15166,0.07674571871757507
15167,0.10442996025085449
15168,0.10018177330493927
15169,0.06109347939491272
15170,0.10332449525594711
15171,0.060126032680273056
15172,0.04710400104522705
15173,0.07385417819023132
15174,0.20595964789390564
15175,0.08644014596939087
15176,0.08488255739212036
15177,0.04329401254653931
15178,0.06805853545665741
15179,0.048661403357982635
15180,0.057897549122571945
15181,0.05091523379087448
15182,0.13406717777252197
15183,0.06268561631441116
15184,0.06267325580120087
15185,0.07732005417346954
15186,0.12045866250991821
15187,0.0770973488688469
15188,0.11014410108327866
15189,0.09970312565565109
15190,0.061382900923490524
15191,0.19771260023117065
15192,0.03319527208805084
15193,0.07668139040470123
15194,0.2541600465774536
15195,0.09618224203586578
15196,0.10012903809547424
15197,0.09543302655220032
15198,0.050659846514463425
15199,0.07301952689886093
15200,0.14222416281700134
15201,0.06560970842838287
15202,0.06447309255599976
15203,0.16032110154628754
15204,0.08203720301389694
15205,0.0785260945558548
15206,0.021887272596359253
15207,0.10981796681880951
15208,0.0485168993473053
15209,0.11101701110601425
15210,0.11734406650066376
15211,0.0807931125164032
15212,0.13090699911117554
15213,0.037198953330516815
15214,0.17227958142757416
15215,0.17503194510936737
15216,0.12450971454381943
15217,0.15452295541763306
15218,0.14501377940177917
15219,0.02173568308353424
15220,0.12466677278280258
15221,0.09182998538017273
15222,0.06512324512004852
15223,0.1333393156528473
15224,0.21457426249980927
15225,0.040779419243335724
15226,0.13546231389045715
15227,0.07414665818214417
15228,0.10381917655467987
15229,0.10753016173839569
15230,0.06984306871891022
15231,0.08355197310447693
15232,0.1464902013540268
15233,0.14796465635299683
15234,0.1343938410282135
15235,0.058205798268318176
15236,0.08429302275180817
15237,0.1887500286102295
15238,0.026365961879491806
15239,0.03861886262893677
15240,0.10000600665807724
15241,0.09407099336385727
15242,0.026483923196792603
15243,0.055222611874341965
15244,0.06269599497318268
15245,0.037428028881549835
15246,0.044419270008802414
15247,0.04762883111834526
15248,0.07570061087608337
15249,0.0807206928730011
15250,0.0727258026599884
15251,0.0644112378358841
15252,0.12151571363210678
15253,0.07653888314962387
15254,0.029391761869192123
15255,0.07257676124572754
15256,0.07738012075424194
15257,0.025463363155722618
15258,0.034457266330718994
15259,0.04508325457572937
15260,0.09078534692525864
15261,0.06430792063474655
15262,0.025979265570640564
15263,0.05314989387989044
15264,0.11113740503787994
15265,0.029844090342521667
15266,0.04191968962550163
15267,0.04259689897298813
15268,0.024802779778838158
15269,0.05395510047674179
15270,0.061083655804395676
15271,0.07820795476436615
15272,0.06111661344766617
15273,0.09010708332061768
15274,0.15490078926086426
15275,0.061192527413368225
15276,0.08217620849609375
15277,0.07152032852172852
15278,0.09261729568243027
15279,0.07402530312538147
15280,0.0975964367389679
15281,0.10246822237968445
15282,0.03697744756937027
15283,0.060141950845718384
15284,0.046121835708618164
15285,0.051476381719112396
15286,0.03173939511179924
15287,0.11024527996778488
15288,0.08197042346000671
15289,0.061429865658283234
15290,0.09810500591993332
15291,0.05698808282613754
15292,0.08727272599935532
15293,0.08860727399587631
15294,0.05032595992088318
15295,0.12122932076454163
15296,0.055878203362226486
15297,0.05982683226466179
15298,0.0863388180732727
15299,0.18020334839820862
15300,0.08810480684041977
15301,0.057679325342178345
15302,0.0726686492562294
15303,0.0731804221868515
15304,0.04478384181857109
15305,0.07329040765762329
15306,0.07396548986434937
15307,0.08904620260000229
15308,0.07203119248151779
15309,0.048777442425489426
15310,0.15088829398155212
15311,0.11578088253736496
15312,0.15135034918785095
15313,0.020155705511569977
15314,0.058904215693473816
15315,0.09225170314311981
15316,0.06766171753406525
15317,0.0627974420785904
15318,0.12068714946508408
15319,0.05544479936361313
15320,0.0678446888923645
15321,0.10639941692352295
15322,0.02268873155117035
15323,0.04587585851550102
15324,0.17988580465316772
15325,0.04612239822745323
15326,0.0254474189132452
15327,0.0592479407787323
15328,0.11797987669706345
15329,0.14846065640449524
15330,0.0549275279045105
15331,0.13205695152282715
15332,0.24169622361660004
15333,0.059326495975255966
15334,0.01479002833366394
15335,0.027293046936392784
15336,0.03435404971241951
15337,0.13326168060302734
15338,0.1710437536239624
15339,0.03813007473945618
15340,0.06042180955410004
15341,0.03902736306190491
15342,0.1581329107284546
15343,0.09491922706365585
15344,0.06308692693710327
15345,0.08104218542575836
15346,0.13641636073589325
15347,0.04320436716079712
15348,0.08715011924505234
15349,0.10480086505413055
15350,0.05256292223930359
15351,0.09914420545101166
15352,0.07441481947898865
15353,0.05365290865302086
15354,0.037577804177999496
15355,0.15033438801765442
15356,0.1283199042081833
15357,0.06255844235420227
15358,0.07021164149045944
15359,0.19620788097381592
15360,0.06898126751184464
15361,0.10857393592596054
15362,0.0981815904378891
15363,0.07329313457012177
15364,0.024570640176534653
15365,0.07831861078739166
15366,0.16301535069942474
15367,0.03688434511423111
15368,0.07548500597476959
15369,0.11994066834449768
15370,0.09066836535930634
15371,0.0498838797211647
15372,0.0771433636546135
15373,0.08222738653421402
15374,0.06559138000011444
15375,0.051080815494060516
15376,0.09615423530340195
15377,0.07095228880643845
15378,0.07374647259712219
15379,0.10910451412200928
15380,0.05488848686218262
15381,0.16313058137893677
15382,0.04774295538663864
15383,0.07728629559278488
15384,0.03548729419708252
15385,0.09135502576828003
15386,0.14289668202400208
15387,0.08562757074832916
15388,0.11677306890487671
15389,0.11814171075820923
15390,0.0376281775534153
15391,0.12943312525749207
15392,0.03796083480119705
15393,0.14830133318901062
15394,0.04404803365468979
15395,0.1056835874915123
15396,0.07246629893779755
15397,0.09653805941343307
15398,0.11810977756977081
15399,0.062042009085416794
15400,0.09901546686887741
15401,0.036028824746608734
15402,0.04385867714881897
15403,0.0680243968963623
15404,0.078740194439888
15405,0.040770381689071655
15406,0.1395830363035202
15407,0.1176174134016037
15408,0.10612853616476059
15409,0.066508948802948
15410,0.13537965714931488
15411,0.0897032618522644
15412,0.06743215769529343
15413,0.09021908044815063
15414,0.04939761385321617
15415,0.05797525495290756
15416,0.036316461861133575
15417,0.03013751283288002
15418,0.09701216220855713
15419,0.10554101318120956
15420,0.07422798126935959
15421,0.05917992815375328
15422,0.12647634744644165
15423,0.09095688909292221
15424,0.10131578892469406
15425,0.2028164118528366
15426,0.10077469050884247
15427,0.08389666676521301
15428,0.023846333846449852
15429,0.06603065133094788
15430,0.04198111221194267
15431,0.03963635861873627
15432,0.1031317412853241
15433,0.03073340281844139
15434,0.08121446520090103
15435,0.07161194086074829
15436,0.07184427976608276
15437,0.061300378292798996
15438,0.05878861993551254
15439,0.08376707881689072
15440,0.0699603483080864
15441,0.11820854991674423
15442,0.06444437801837921
15443,0.04239293932914734
15444,0.05262426286935806
15445,0.03745124116539955
15446,0.10205762088298798
15447,0.166107639670372
15448,0.13026408851146698
15449,0.052680231630802155
15450,0.0944405198097229
15451,0.23152196407318115
15452,0.0917804092168808
15453,0.12659376859664917
15454,0.13853803277015686
15455,0.11923293769359589
15456,0.08435767143964767
15457,0.1147618517279625
15458,0.08358006924390793
15459,0.10896974802017212
15460,0.0796276330947876
15461,0.04390870779752731
15462,0.1272866129875183
15463,0.13765954971313477
15464,0.0660724863409996
15465,0.05682241916656494
15466,0.038582898676395416
15467,0.1130937859416008
15468,0.03073679283261299
15469,0.08030886203050613
15470,0.1142335757613182
15471,0.06014454364776611
15472,0.10656338185071945
15473,0.1170920580625534
15474,0.09460581839084625
15475,0.1271076649427414
15476,0.06320163607597351
15477,0.12200324982404709
15478,0.05032115429639816
15479,0.07148736715316772
15480,0.11259706318378448
15481,0.0813870057463646
15482,0.0825561136007309
15483,0.06749715656042099
15484,0.022021491080522537
15485,0.05571065470576286
15486,0.06491263955831528
15487,0.09690232574939728
15488,0.06890696287155151
15489,0.09816960990428925
15490,0.05905991792678833
15491,0.05088139325380325
15492,0.10237246751785278
15493,0.1272902488708496
15494,0.08926429599523544
15495,0.20537829399108887
15496,0.1358986496925354
15497,0.07702884823083878
15498,0.07897993922233582
15499,0.06949584186077118
15500,0.05138494074344635
15501,0.06090020388364792
15502,0.07747906446456909
15503,0.0745488852262497
15504,0.07067035138607025
15505,0.054920561611652374
15506,0.17848041653633118
15507,0.03913126140832901
15508,0.04786095768213272
15509,0.09868165850639343
15510,0.057451412081718445
15511,0.10442958772182465
15512,0.04956044256687164
15513,0.031853362917900085
15514,0.08358877152204514
15515,0.24430976808071136
15516,0.06946323812007904
15517,0.03840090334415436
15518,0.11916552484035492
15519,0.0438564196228981
15520,0.08244957029819489
15521,0.13323929905891418
15522,0.06136048957705498
15523,0.084041528403759
15524,0.12236028164625168
15525,0.08383497595787048
15526,0.09253726899623871
15527,0.15919923782348633
15528,0.04595290869474411
15529,0.045242976397275925
15530,0.03624717891216278
15531,0.08786474913358688
15532,0.20569294691085815
15533,0.09918808937072754
15534,0.024866048246622086
15535,0.05132521316409111
15536,0.05246610566973686
15537,0.174946591258049
15538,0.09022199362516403
15539,0.05552315339446068
15540,0.11155959218740463
15541,0.19741004705429077
15542,0.14796116948127747
15543,0.13495826721191406
15544,0.0586211234331131
15545,0.16370889544487
15546,0.12070845067501068
15547,0.15744808316230774
15548,0.09862683713436127
15549,0.13077843189239502
15550,0.08912834525108337
15551,0.056637953966856
15552,0.08696713298559189
15553,0.07896572351455688
15554,0.04573782533407211
15555,0.13362239301204681
15556,0.03474658727645874
15557,0.05065672844648361
15558,0.16956989467144012
15559,0.060864195227622986
15560,0.11754792928695679
15561,0.11095882952213287
15562,0.16644708812236786
15563,0.09854695200920105
15564,0.058638542890548706
15565,0.10882171243429184
15566,0.0904700756072998
15567,0.08064095675945282
15568,0.037382543087005615
15569,0.12497952580451965
15570,0.04548541456460953
15571,0.0737193152308464
15572,0.1007923036813736
15573,0.04856251925230026
15574,0.05974677950143814
15575,0.09240497648715973
15576,0.07940910756587982
15577,0.13075070083141327
15578,0.0479167215526104
15579,0.11146195232868195
15580,0.03382807970046997
15581,0.02494751289486885
15582,0.07671648263931274
15583,0.04014059901237488
15584,0.10703190416097641
15585,0.11199796199798584
15586,0.047953348606824875
15587,0.12525774538516998
15588,0.10535498708486557
15589,0.058736108243465424
15590,0.09125198423862457
15591,0.11492940038442612
15592,0.10465461015701294
15593,0.05343670770525932
15594,0.08097560703754425
15595,0.12031300365924835
15596,0.04580063745379448
15597,0.029834695160388947
15598,0.13098706305027008
15599,0.10567158460617065
15600,0.12301518768072128
15601,0.05463620275259018
15602,0.1403409093618393
15603,0.2774833142757416
15604,0.041193827986717224
15605,0.07014967501163483
15606,0.10475431382656097
15607,0.045391276478767395
15608,0.028966447338461876
15609,0.0833093449473381
15610,0.11557736247777939
15611,0.07721593976020813
15612,0.11058054864406586
15613,0.18277113139629364
15614,0.18975374102592468
15615,0.05456910282373428
15616,0.035183653235435486
15617,0.09641149640083313
15618,0.0807698667049408
15619,0.07493273913860321
15620,0.0634639710187912
15621,0.0917913019657135
15622,0.06746359169483185
15623,0.14533036947250366
15624,0.0918285995721817
15625,0.05493750423192978
15626,0.037903010845184326
15627,0.03256389498710632
15628,0.08077399432659149
15629,0.07014252245426178
15630,0.11573794484138489
15631,0.134158194065094
15632,0.0694979578256607
15633,0.04806731268763542
15634,0.0940975770354271
15635,0.029565975069999695
15636,0.04930553957819939
15637,0.09436442703008652
15638,0.06947486102581024
15639,0.15514415502548218
15640,0.07838576287031174
15641,0.06636440008878708
15642,0.09118448197841644
15643,0.11492592096328735
15644,0.11570549011230469
15645,0.04017017036676407
15646,0.06964661180973053
15647,0.07929886877536774
15648,0.03874397277832031
15649,0.08288243412971497
15650,0.13197050988674164
15651,0.09155725687742233
15652,0.037735916674137115
15653,0.1563483327627182
15654,0.03882385790348053
15655,0.08463691174983978
15656,0.11606025695800781
15657,0.23601728677749634
15658,0.11120640486478806
15659,0.043693073093891144
15660,0.04204621911048889
15661,0.06745266169309616
15662,0.08631082624197006
15663,0.1763940304517746
15664,0.1245964989066124
15665,0.08512430638074875
15666,0.0678853914141655
15667,0.06996624171733856
15668,0.21148765087127686
15669,0.06587132811546326
15670,0.055188409984111786
15671,0.0388675332069397
15672,0.053022295236587524
15673,0.0993427038192749
15674,0.12277509272098541
15675,0.08457847684621811
15676,0.039461225271224976
15677,0.165699303150177
15678,0.05611851066350937
15679,0.11313136667013168
15680,0.06560850143432617
15681,0.042277347296476364
15682,0.1360040158033371
15683,0.051378097385168076
15684,0.039127808064222336
15685,0.048251137137413025
15686,0.09700667858123779
15687,0.11923235654830933
15688,0.0711250901222229
15689,0.05114762485027313
15690,0.21170854568481445
15691,0.10238973796367645
15692,0.09998311847448349
15693,0.10656007379293442
15694,0.07316943258047104
15695,0.13178524374961853
15696,0.11318322271108627
15697,0.03301265835762024
15698,0.15443019568920135
15699,0.16681775450706482
15700,0.12438472360372543
15701,0.21100962162017822
15702,0.06255106627941132
15703,0.040718402713537216
15704,0.05364930257201195
15705,0.06618549674749374
15706,0.046607621014118195
15707,0.07987905293703079
15708,0.03773806616663933
15709,0.12477055191993713
15710,0.06854941695928574
15711,0.08229970186948776
15712,0.04942920431494713
15713,0.07803851366043091
15714,0.052960216999053955
15715,0.059906139969825745
15716,0.05006685107946396
15717,0.033861033618450165
15718,0.07691778987646103
15719,0.13663992285728455
15720,0.09075191617012024
15721,0.048174403607845306
15722,0.048185430467128754
15723,0.03960152342915535
15724,0.0721522718667984
15725,0.03429124504327774
15726,0.22261857986450195
15727,0.05324190482497215
15728,0.10189370810985565
15729,0.07973115146160126
15730,0.09472044557332993
15731,0.10255326330661774
15732,0.025646422058343887
15733,0.06708084046840668
15734,0.057772811502218246
15735,0.12867051362991333
15736,0.05820748209953308
15737,0.11059603095054626
15738,0.1430995911359787
15739,0.06313090026378632
15740,0.12815453112125397
15741,0.051437459886074066
15742,0.0616183876991272
15743,0.028546538203954697
15744,0.14253740012645721
15745,0.12570233643054962
15746,0.12859034538269043
15747,0.05624409019947052
15748,0.053221695125103
15749,0.05179712176322937
15750,0.023887841030955315
15751,0.06462184339761734
15752,0.023909583687782288
15753,0.06978674232959747
15754,0.05315592139959335
15755,0.056024711579084396
15756,0.2368641495704651
15757,0.06732435524463654
15758,0.19589941203594208
15759,0.06311915814876556
15760,0.08869942277669907
15761,0.07341980934143066
15762,0.09981813281774521
15763,0.09298091381788254
15764,0.13979868590831757
15765,0.12100484222173691
15766,0.06707419455051422
15767,0.05081281065940857
15768,0.03787824511528015
15769,0.07341159135103226
15770,0.15148457884788513
15771,0.04829239845275879
15772,0.04645515978336334
15773,0.04711838811635971
15774,0.13297563791275024
15775,0.11040116846561432
15776,0.08117447793483734
15777,0.058926668018102646
15778,0.05253075808286667
15779,0.06220858916640282
15780,0.08922790735960007
15781,0.08435680717229843
15782,0.12704668939113617
15783,0.10040809214115143
15784,0.18810181319713593
15785,0.15832464396953583
15786,0.08239226043224335
15787,0.10747041553258896
15788,0.03736979514360428
15789,0.10286285728216171
15790,0.05516742914915085
15791,0.05121324956417084
15792,0.10948160290718079
15793,0.05054920166730881
15794,0.09681548178195953
15795,0.23419980704784393
15796,0.11784222722053528
15797,0.1367185413837433
15798,0.04548116773366928
15799,0.14140409231185913
15800,0.02697298675775528
15801,0.05987707898020744
15802,0.07585138082504272
15803,0.06347647309303284
15804,0.06806536763906479
15805,0.02412242256104946
15806,0.08424113690853119
15807,0.02535650134086609
15808,0.10863099992275238
15809,0.07316671311855316
15810,0.06937133520841599
15811,0.18698203563690186
15812,0.11776268482208252
15813,0.1184736043214798
15814,0.12510773539543152
15815,0.12019618600606918
15816,0.046868301928043365
15817,0.17506539821624756
15818,0.1696038693189621
15819,0.17978930473327637
15820,0.13025017082691193
15821,0.06830643117427826
15822,0.03810173273086548
15823,0.10749020427465439
15824,0.12933948636054993
15825,0.07440324872732162
15826,0.04015181213617325
15827,0.12683245539665222
15828,0.09777277708053589
15829,0.06230933219194412
15830,0.03414466977119446
15831,0.11624316871166229
15832,0.10087808221578598
15833,0.06489019095897675
15834,0.06625854223966599
15835,0.1257200688123703
15836,0.18788370490074158
15837,0.0917310118675232
15838,0.04239455610513687
15839,0.09788098186254501
15840,0.028232302516698837
15841,0.16087691485881805
15842,0.0452544204890728
15843,0.09661423414945602
15844,0.08429853618144989
15845,0.03618264198303223
15846,0.09482918679714203
15847,0.038230057805776596
15848,0.12862396240234375
15849,0.06680505722761154
15850,0.0783941000699997
15851,0.1767270565032959
15852,0.04205065220594406
15853,0.06895404309034348
15854,0.18416357040405273
15855,0.09621336311101913
15856,0.06555303186178207
15857,0.11802366375923157
15858,0.10263614356517792
15859,0.08993873000144958
15860,0.12195397913455963
15861,0.06109253689646721
15862,0.08821994066238403
15863,0.112409308552742
15864,0.03640128672122955
15865,0.10431027412414551
15866,0.04315625876188278
15867,0.08437597751617432
15868,0.14025306701660156
15869,0.08310671895742416
15870,0.05487145110964775
15871,0.14483997225761414
15872,0.04049140587449074
15873,0.13783319294452667
15874,0.05710514634847641
15875,0.04664018377661705
15876,0.08096659928560257
15877,0.0934140682220459
15878,0.14646407961845398
15879,0.15596090257167816
15880,0.05329936370253563
15881,0.1546580046415329
15882,0.18105077743530273
15883,0.128126323223114
15884,0.060968875885009766
15885,0.04472927376627922
15886,0.11197563260793686
15887,0.0758921205997467
15888,0.08029993623495102
15889,0.11372062563896179
15890,0.10379181802272797
15891,0.13413619995117188
15892,0.1704595983028412
15893,0.05060168355703354
15894,0.0414571687579155
15895,0.10390442609786987
15896,0.11336039006710052
15897,0.07115784287452698
15898,0.05713717266917229
15899,0.023721367120742798
15900,0.045874327421188354
15901,0.16486495733261108
15902,0.10596203804016113
15903,0.03354058414697647
15904,0.05303787440061569
15905,0.1533796787261963
15906,0.0632072314620018
15907,0.07838455587625504
15908,0.16666436195373535
15909,0.07600240409374237
15910,0.10759004205465317
15911,0.04342135041952133
15912,0.03955546393990517
15913,0.03127877041697502
15914,0.1752636432647705
15915,0.034858785569667816
15916,0.06993648409843445
15917,0.15811096131801605
15918,0.16123616695404053
15919,0.02826152741909027
15920,0.1283881515264511
15921,0.028860628604888916
15922,0.06692533195018768
15923,0.11053113639354706
15924,0.07703136652708054
15925,0.12247877568006516
15926,0.09515973925590515
15927,0.07259638607501984
15928,0.0977584570646286
15929,0.10885733366012573
15930,0.06526197493076324
15931,0.10376524925231934
15932,0.08741095662117004
15933,0.10510547459125519
15934,0.023560956120491028
15935,0.09747284650802612
15936,0.09241132438182831
15937,0.09024882316589355
15938,0.08700691163539886
15939,0.12880542874336243
15940,0.09068252891302109
15941,0.038091786205768585
15942,0.10170911997556686
15943,0.07734259217977524
15944,0.04877137765288353
15945,0.06860977411270142
15946,0.11417675018310547
15947,0.15100792050361633
15948,0.11395001411437988
15949,0.05202072486281395
15950,0.0834185928106308
15951,0.06618891656398773
15952,0.062463849782943726
15953,0.03188503533601761
15954,0.052447374910116196
15955,0.13379329442977905
15956,0.10998314619064331
15957,0.052426546812057495
15958,0.1700633466243744
15959,0.07186906784772873
15960,0.03128895163536072
15961,0.0977003425359726
15962,0.15538690984249115
15963,0.13214772939682007
15964,0.08328458666801453
15965,0.06435736268758774
15966,0.044235941022634506
15967,0.047117605805397034
15968,0.05589544028043747
15969,0.08039932698011398
15970,0.053329482674598694
15971,0.1812494844198227
15972,0.034932661801576614
15973,0.15640507638454437
15974,0.0453544557094574
15975,0.048209600150585175
15976,0.1054905503988266
15977,0.11079674959182739
15978,0.07265247404575348
15979,0.04558523744344711
15980,0.05921904370188713
15981,0.07895742356777191
15982,0.14661581814289093
15983,0.12881731986999512
15984,0.05456693097949028
15985,0.1227019727230072
15986,0.10431965440511703
15987,0.14052847027778625
15988,0.03561731427907944
15989,0.1305379718542099
15990,0.04986652731895447
15991,0.1044863685965538
15992,0.05799451470375061
15993,0.04226044937968254
15994,0.05908271297812462
15995,0.10354053974151611
15996,0.11227749288082123
15997,0.06684717535972595
15998,0.03929637372493744
15999,0.05682504177093506
16000,0.08200668543577194
16001,0.052017249166965485
16002,0.10921716690063477
16003,0.06276389956474304
16004,0.10093363374471664
16005,0.0599510632455349
16006,0.07017626613378525
16007,0.08262458443641663
16008,0.025762125849723816
16009,0.07817500829696655
16010,0.028270062059164047
16011,0.06595775485038757
16012,0.12307783216238022
16013,0.06768546998500824
16014,0.032975196838378906
16015,0.08256126940250397
16016,0.0872562974691391
16017,0.1120942234992981
16018,0.08180783689022064
16019,0.1419735997915268
16020,0.06141674518585205
16021,0.11993788182735443
16022,0.048224300146102905
16023,0.024497658014297485
16024,0.04030033200979233
16025,0.05624941736459732
16026,0.19814342260360718
16027,0.06609176099300385
16028,0.04680469632148743
16029,0.05231839045882225
16030,0.0995367020368576
16031,0.10436587780714035
16032,0.05422128364443779
16033,0.09197907894849777
16034,0.0416196808218956
16035,0.0848497599363327
16036,0.033579230308532715
16037,0.07093846052885056
16038,0.08081428706645966
16039,0.09584292024374008
16040,0.09040074050426483
16041,0.08389608561992645
16042,0.0978427529335022
16043,0.03697130084037781
16044,0.09496726840734482
16045,0.049670539796352386
16046,0.02480139397084713
16047,0.02531680092215538
16048,0.10394879430532455
16049,0.049115266650915146
16050,0.0227590911090374
16051,0.10982891917228699
16052,0.0818997472524643
16053,0.10392826795578003
16054,0.044309865683317184
16055,0.040099985897541046
16056,0.1597883105278015
16057,0.05232315510511398
16058,0.02553967386484146
16059,0.07190340757369995
16060,0.07535853236913681
16061,0.06352557986974716
16062,0.044124722480773926
16063,0.05937815457582474
16064,0.09622713923454285
16065,0.04790668189525604
16066,0.10462670028209686
16067,0.05216900631785393
16068,0.04821428284049034
16069,0.03912239894270897
16070,0.05380348116159439
16071,0.04761067032814026
16072,0.13351863622665405
16073,0.051357757300138474
16074,0.12112601101398468
16075,0.14134114980697632
16076,0.09545579552650452
16077,0.09463183581829071
16078,0.07061751186847687
16079,0.05970364809036255
16080,0.16474798321723938
16081,0.11388453096151352
16082,0.06140691041946411
16083,0.1119970977306366
16084,0.06402414292097092
16085,0.12351690977811813
16086,0.0939687043428421
16087,0.028924664482474327
16088,0.10715971887111664
16089,0.0234886035323143
16090,0.13055798411369324
16091,0.05611512064933777
16092,0.09332843124866486
16093,0.050590019673109055
16094,0.10297787189483643
16095,0.15635907649993896
16096,0.14080117642879486
16097,0.0807109996676445
16098,0.1455691158771515
16099,0.09696536511182785
16100,0.05943355709314346
16101,0.05758393555879593
16102,0.18132400512695312
16103,0.08074989914894104
16104,0.10691046714782715
16105,0.10122698545455933
16106,0.06730835139751434
16107,0.06556835770606995
16108,0.12290835380554199
16109,0.058783821761608124
16110,0.08129063993692398
16111,0.05564699321985245
16112,0.2244391143321991
16113,0.09652405232191086
16114,0.04510075971484184
16115,0.11261012405157089
16116,0.07843165844678879
16117,0.04531924054026604
16118,0.22613970935344696
16119,0.08282493054866791
16120,0.060253750532865524
16121,0.06337524950504303
16122,0.05322546884417534
16123,0.09713119268417358
16124,0.14568603038787842
16125,0.058464959263801575
16126,0.13624292612075806
16127,0.028604142367839813
16128,0.3828122019767761
16129,0.019008444622159004
16130,0.11356425285339355
16131,0.15336370468139648
16132,0.043000783771276474
16133,0.17129504680633545
16134,0.17386195063591003
16135,0.024179337546229362
16136,0.02504061907529831
16137,0.07373473793268204
16138,0.042929135262966156
16139,0.07535140961408615
16140,0.11301668733358383
16141,0.06816258281469345
16142,0.05351830646395683
16143,0.04214988648891449
16144,0.04073977470397949
16145,0.06225572153925896
16146,0.030025165528059006
16147,0.09747140109539032
16148,0.17595335841178894
16149,0.08131468296051025
16150,0.1090666875243187
16151,0.11436478793621063
16152,0.1357307732105255
16153,0.06620605289936066
16154,0.06918284296989441
16155,0.07514865696430206
16156,0.12530453503131866
16157,0.0994168370962143
16158,0.056474559009075165
16159,0.20256757736206055
16160,0.04514312744140625
16161,0.04098053276538849
16162,0.05016478896141052
16163,0.047243691980838776
16164,0.07080080360174179
16165,0.045010797679424286
16166,0.1355501115322113
16167,0.04056074470281601
16168,0.07753510773181915
16169,0.0451379232108593
16170,0.11351146548986435
16171,0.07456034421920776
16172,0.08780332654714584
16173,0.13398948311805725
16174,0.13868685066699982
16175,0.08112302422523499
16176,0.06956516206264496
16177,0.06561841070652008
16178,0.17752313613891602
16179,0.11457013338804245
16180,0.13272862136363983
16181,0.0749465599656105
16182,0.08311424404382706
16183,0.02556495927274227
16184,0.1741378754377365
16185,0.07927994430065155
16186,0.1365141123533249
16187,0.15601500868797302
16188,0.1565147489309311
16189,0.04432092234492302
16190,0.0727958232164383
16191,0.060170918703079224
16192,0.08831745386123657
16193,0.11867760121822357
16194,0.1977386176586151
16195,0.03113635629415512
16196,0.05130107328295708
16197,0.09498165547847748
16198,0.11353354156017303
16199,0.06445242464542389
16200,0.08189454674720764
16201,0.13637220859527588
16202,0.0703478679060936
16203,0.08886504173278809
16204,0.07786959409713745
16205,0.05468326061964035
16206,0.13749179244041443
16207,0.11244150251150131
16208,0.07600097358226776
16209,0.2572796046733856
16210,0.07987658679485321
16211,0.11900568008422852
16212,0.10868066549301147
16213,0.14836707711219788
16214,0.08499404788017273
16215,0.08480509370565414
16216,0.10679826140403748
16217,0.06344704329967499
16218,0.0970081016421318
16219,0.13769987225532532
16220,0.0841546356678009
16221,0.053606271743774414
16222,0.08547812700271606
16223,0.021163327619433403
16224,0.04956723377108574
16225,0.02615438774228096
16226,0.1284031718969345
16227,0.0724281519651413
16228,0.08906301110982895
16229,0.030811462551355362
16230,0.2074194848537445
16231,0.14134764671325684
16232,0.11777964234352112
16233,0.13477559387683868
16234,0.06905803084373474
16235,0.10083254426717758
16236,0.09592446684837341
16237,0.1148274764418602
16238,0.09617190808057785
16239,0.04408179968595505
16240,0.11124753206968307
16241,0.04320782050490379
16242,0.08470092713832855
16243,0.05839231610298157
16244,0.07904460281133652
16245,0.12276381254196167
16246,0.07309231162071228
16247,0.10138072818517685
16248,0.10718121379613876
16249,0.0980546697974205
16250,0.024239081889390945
16251,0.04843326658010483
16252,0.10393333435058594
16253,0.11159941554069519
16254,0.09627138823270798
16255,0.1616246998310089
16256,0.05592101067304611
16257,0.11698155105113983
16258,0.12324799597263336
16259,0.04944619536399841
16260,0.08326443284749985
16261,0.08019550889730453
16262,0.03311654552817345
16263,0.07251891493797302
16264,0.01880396157503128
16265,0.19092999398708344
16266,0.1264095902442932
16267,0.1731870472431183
16268,0.07554434984922409
16269,0.0796080157160759
16270,0.11553971469402313
16271,0.06423893570899963
16272,0.07510481029748917
16273,0.17182552814483643
16274,0.061473213136196136
16275,0.04796755313873291
16276,0.043702319264411926
16277,0.2242765724658966
16278,0.05000525712966919
16279,0.09343834966421127
16280,0.04132821783423424
16281,0.1773369312286377
16282,0.03281644731760025
16283,0.1314501017332077
16284,0.056648336350917816
16285,0.09753888845443726
16286,0.2557706832885742
16287,0.12258319556713104
16288,0.024850761517882347
16289,0.14185473322868347
16290,0.05712316557765007
16291,0.08842160552740097
16292,0.05808042734861374
16293,0.10831480473279953
16294,0.19917845726013184
16295,0.0558195635676384
16296,0.07633236050605774
16297,0.027466638013720512
16298,0.03991612046957016
16299,0.020200535655021667
16300,0.06827632337808609
16301,0.08668220043182373
16302,0.0440109483897686
16303,0.05994834750890732
16304,0.08719229698181152
16305,0.11086671054363251
16306,0.09503255784511566
16307,0.07407040894031525
16308,0.07003866136074066
16309,0.0838530957698822
16310,0.05472465604543686
16311,0.09130480140447617
16312,0.09399838745594025
16313,0.11332635581493378
16314,0.0975024625658989
16315,0.16163776814937592
16316,0.10386683791875839
16317,0.07260948419570923
16318,0.04264833778142929
16319,0.05867554992437363
16320,0.0418350026011467
16321,0.06640263646841049
16322,0.03598009794950485
16323,0.04555810987949371
16324,0.06894293427467346
16325,0.1125275120139122
16326,0.08883778750896454
16327,0.075987309217453
16328,0.03548247739672661
16329,0.10827066004276276
16330,0.06612315773963928
16331,0.09686122834682465
16332,0.1510981172323227
16333,0.09381874650716782
16334,0.0348893478512764
16335,0.1353549212217331
16336,0.03168035298585892
16337,0.0545937642455101
16338,0.16106295585632324
16339,0.033134825527668
16340,0.10079365223646164
16341,0.07407362759113312
16342,0.14859890937805176
16343,0.13894611597061157
16344,0.07999823987483978
16345,0.12715527415275574
16346,0.04365236312150955
16347,0.047756776213645935
16348,0.09498154371976852
16349,0.02929913066327572
16350,0.06811545044183731
16351,0.06437736749649048
16352,0.08899044245481491
16353,0.053389690816402435
16354,0.11399346590042114
16355,0.1126009076833725
16356,0.08725955337285995
16357,0.051834143698215485
16358,0.121265709400177
16359,0.07428096234798431
16360,0.03263382613658905
16361,0.1431199610233307
16362,0.09447994083166122
16363,0.06786797940731049
16364,0.08793990314006805
16365,0.07427915930747986
16366,0.06407633423805237
16367,0.06308470666408539
16368,0.06510210037231445
16369,0.062602698802948
16370,0.036337606608867645
16371,0.04889678582549095
16372,0.08093264698982239
16373,0.11842375993728638
16374,0.1680157482624054
16375,0.03624974936246872
16376,0.12197951972484589
16377,0.0910358652472496
16378,0.047887012362480164
16379,0.10285256803035736
16380,0.1511140614748001
16381,0.04325565695762634
16382,0.10334279388189316
16383,0.07143982499837875
16384,0.16011537611484528
16385,0.09420043230056763
16386,0.15308526158332825
16387,0.06131712719798088
16388,0.1699950098991394
16389,0.04516976326704025
16390,0.16683565080165863
16391,0.04329526424407959
16392,0.10002966970205307
16393,0.15419714152812958
16394,0.09214471280574799
16395,0.04346960783004761
16396,0.06320814788341522
16397,0.03599260002374649
16398,0.2346314638853073
16399,0.039787232875823975
16400,0.07326113432645798
16401,0.11091268062591553
16402,0.06998372077941895
16403,0.07173538953065872
16404,0.09640111029148102
16405,0.06092875823378563
16406,0.17430850863456726
16407,0.18388871848583221
16408,0.03082687221467495
16409,0.0739220678806305
16410,0.1638765037059784
16411,0.05095171183347702
16412,0.049721859395504
16413,0.0417814664542675
16414,0.07505082339048386
16415,0.035799749195575714
16416,0.15493854880332947
16417,0.06216520071029663
16418,0.11715718358755112
16419,0.0804680734872818
16420,0.037023987621068954
16421,0.057760607451200485
16422,0.05414574593305588
16423,0.06077134609222412
16424,0.1138637363910675
16425,0.10259254276752472
16426,0.10397443175315857
16427,0.08984147012233734
16428,0.029837798327207565
16429,0.13895708322525024
16430,0.037346355617046356
16431,0.02926350198686123
16432,0.070344477891922
16433,0.03283306956291199
16434,0.11861646175384521
16435,0.08809792995452881
16436,0.03778352215886116
16437,0.025944029912352562
16438,0.10976772755384445
16439,0.06034175679087639
16440,0.08253525197505951
16441,0.08554983139038086
16442,0.12608754634857178
16443,0.06679382920265198
16444,0.04031682759523392
16445,0.0935787484049797
16446,0.20012617111206055
16447,0.15514233708381653
16448,0.07180647552013397
16449,0.055748965591192245
16450,0.1041908860206604
16451,0.0331110805273056
16452,0.03944241255521774
16453,0.11587007343769073
16454,0.16342800855636597
16455,0.2097526639699936
16456,0.06915797293186188
16457,0.09937779605388641
16458,0.040957894176244736
16459,0.06259725242853165
16460,0.040849167853593826
16461,0.06688284873962402
16462,0.15703041851520538
16463,0.06772103160619736
16464,0.1309019923210144
16465,0.11423707008361816
16466,0.02440156601369381
16467,0.11979149281978607
16468,0.108748659491539
16469,0.058683883398771286
16470,0.08007350564002991
16471,0.028574619442224503
16472,0.14783969521522522
16473,0.0774511992931366
16474,0.08911578357219696
16475,0.061428189277648926
16476,0.0557221882045269
16477,0.04622786492109299
16478,0.13438177108764648
16479,0.10233762860298157
16480,0.049352459609508514
16481,0.06171105057001114
16482,0.05301208421587944
16483,0.09549304842948914
16484,0.07514423131942749
16485,0.13345730304718018
16486,0.14582660794258118
16487,0.08575251698493958
16488,0.13346825540065765
16489,0.07105624675750732
16490,0.08950333297252655
16491,0.0869305357336998
16492,0.1865619421005249
16493,0.13637682795524597
16494,0.059109099209308624
16495,0.06442733108997345
16496,0.08336442708969116
16497,0.15557551383972168
16498,0.058203212916851044
16499,0.16381105780601501
16500,0.03559758886694908
16501,0.11060158908367157
16502,0.14769718050956726
16503,0.13749656081199646
16504,0.0720897763967514
16505,0.1410164088010788
16506,0.11236399412155151
16507,0.08237766474485397
16508,0.07175087928771973
16509,0.07379436492919922
16510,0.09385554492473602
16511,0.08705534785985947
16512,0.10181629657745361
16513,0.06349200010299683
16514,0.0988776832818985
16515,0.056878991425037384
16516,0.07689420133829117
16517,0.04696158692240715
16518,0.153689444065094
16519,0.038829222321510315
16520,0.0476674847304821
16521,0.14952898025512695
16522,0.12295319885015488
16523,0.24296796321868896
16524,0.042819153517484665
16525,0.08348231762647629
16526,0.1198050007224083
16527,0.10518889874219894
16528,0.04079582169651985
16529,0.06566636264324188
16530,0.13100188970565796
16531,0.11820945143699646
16532,0.04342328757047653
16533,0.0438256673514843
16534,0.08544748276472092
16535,0.16759046912193298
16536,0.06754234433174133
16537,0.09382437914609909
16538,0.09737090766429901
16539,0.07662346214056015
16540,0.04235179349780083
16541,0.11528199911117554
16542,0.13927647471427917
16543,0.1126546859741211
16544,0.07294083386659622
16545,0.17733067274093628
16546,0.1471216380596161
16547,0.0912410169839859
16548,0.06680572032928467
16549,0.08753177523612976
16550,0.10586439073085785
16551,0.0452117845416069
16552,0.15906117856502533
16553,0.05430498719215393
16554,0.022862493991851807
16555,0.10272183269262314
16556,0.055293913930654526
16557,0.0628746896982193
16558,0.08195528388023376
16559,0.07429049909114838
16560,0.13856881856918335
16561,0.04308139532804489
16562,0.027629008516669273
16563,0.12208326905965805
16564,0.07041870057582855
16565,0.09857878088951111
16566,0.035464223474264145
16567,0.052913568913936615
16568,0.030747190117836
16569,0.1587754189968109
16570,0.24224893748760223
16571,0.11450687050819397
16572,0.09404242038726807
16573,0.17031776905059814
16574,0.024243660271167755
16575,0.07570028305053711
16576,0.06704181432723999
16577,0.14454862475395203
16578,0.08293016254901886
16579,0.21997623145580292
16580,0.0674123466014862
16581,0.05512538552284241
16582,0.2079092115163803
16583,0.04668155312538147
16584,0.14516307413578033
16585,0.06083090603351593
16586,0.05997999757528305
16587,0.1383410543203354
16588,0.043861161917448044
16589,0.09270676225423813
16590,0.05919504910707474
16591,0.06312000751495361
16592,0.03669212758541107
16593,0.090952068567276
16594,0.050896018743515015
16595,0.12380571663379669
16596,0.059570811688899994
16597,0.04429182410240173
16598,0.1917521208524704
16599,0.09352122247219086
16600,0.06196415424346924
16601,0.17349104583263397
16602,0.06039879843592644
16603,0.053258202970027924
16604,0.08532090485095978
16605,0.030279401689767838
16606,0.04605918750166893
16607,0.13394802808761597
16608,0.12241493165493011
16609,0.050574496388435364
16610,0.050136860460042953
16611,0.07340341061353683
16612,0.10064005106687546
16613,0.14463789761066437
16614,0.05945590138435364
16615,0.17089861631393433
16616,0.05098406970500946
16617,0.16942493617534637
16618,0.04561225324869156
16619,0.09036202728748322
16620,0.1108752191066742
16621,0.053324513137340546
16622,0.07057920098304749
16623,0.07075978070497513
16624,0.14365938305854797
16625,0.1665239930152893
16626,0.1070299744606018
16627,0.0621652714908123
16628,0.11606135219335556
16629,0.12725836038589478
16630,0.09468454122543335
16631,0.11297999322414398
16632,0.10988041013479233
16633,0.09618362039327621
16634,0.04296925663948059
16635,0.037993498146533966
16636,0.02764713391661644
16637,0.021309830248355865
16638,0.07117380946874619
16639,0.11701574921607971
16640,0.027273237705230713
16641,0.12290193885564804
16642,0.06902080029249191
16643,0.0691947340965271
16644,0.07504447549581528
16645,0.17407414317131042
16646,0.06753502786159515
16647,0.0907750055193901
16648,0.0774441510438919
16649,0.06431560963392258
16650,0.07802590727806091
16651,0.07404272258281708
16652,0.07487623393535614
16653,0.16299286484718323
16654,0.037239737808704376
16655,0.07868074625730515
16656,0.10322185605764389
16657,0.0501626655459404
16658,0.05242746323347092
16659,0.18452727794647217
16660,0.034362610429525375
16661,0.025576647371053696
16662,0.04103388637304306
16663,0.041408173739910126
16664,0.1381712257862091
16665,0.067506805062294
16666,0.08145491778850555
16667,0.08376620709896088
16668,0.030504858121275902
16669,0.10067721456289291
16670,0.07221818715333939
16671,0.053576238453388214
16672,0.08408420532941818
16673,0.13177210092544556
16674,0.07700715959072113
16675,0.09880466759204865
16676,0.09242983162403107
16677,0.07319601625204086
16678,0.04510211944580078
16679,0.025993822142481804
16680,0.16732895374298096
16681,0.1102013811469078
16682,0.0906313955783844
16683,0.028706442564725876
16684,0.09993591159582138
16685,0.133034348487854
16686,0.05873893201351166
16687,0.10252653062343597
16688,0.1230614185333252
16689,0.11698471754789352
16690,0.05846516415476799
16691,0.0613836795091629
16692,0.01660238578915596
16693,0.03312557563185692
16694,0.04742923378944397
16695,0.08436575531959534
16696,0.059698693454265594
16697,0.11739366501569748
16698,0.04256182163953781
16699,0.08244240283966064
16700,0.06272462010383606
16701,0.03570932149887085
16702,0.08210641890764236
16703,0.10595619678497314
16704,0.08144521713256836
16705,0.05526869744062424
16706,0.11339785158634186
16707,0.1568974256515503
16708,0.060074299573898315
16709,0.16816610097885132
16710,0.04454859718680382
16711,0.1045130118727684
16712,0.03419911488890648
16713,0.12823881208896637
16714,0.05455940589308739
16715,0.11810066550970078
16716,0.07438751310110092
16717,0.08103691041469574
16718,0.06005940958857536
16719,0.08591147512197495
16720,0.18963131308555603
16721,0.1532336324453354
16722,0.09461653232574463
16723,0.1461355835199356
16724,0.0926351472735405
16725,0.05544742941856384
16726,0.0740414410829544
16727,0.10178372263908386
16728,0.1627727448940277
16729,0.09577491134405136
16730,0.04376104101538658
16731,0.030342286452651024
16732,0.12128811329603195
16733,0.06779056787490845
16734,0.05808165669441223
16735,0.12928013503551483
16736,0.0909518226981163
16737,0.04826217517256737
16738,0.14506518840789795
16739,0.030352558940649033
16740,0.09671881049871445
16741,0.1121160238981247
16742,0.040573421865701675
16743,0.22003614902496338
16744,0.04873470216989517
16745,0.08743715286254883
16746,0.03613339364528656
16747,0.0445384606719017
16748,0.1515202820301056
16749,0.07323163747787476
16750,0.12463792413473129
16751,0.061685338616371155
16752,0.09717750549316406
16753,0.06889887899160385
16754,0.09664936363697052
16755,0.11541424691677094
16756,0.07950212061405182
16757,0.11010043323040009
16758,0.026437845081090927
16759,0.0808725357055664
16760,0.10996587574481964
16761,0.04812949150800705
16762,0.08829016983509064
16763,0.06071387231349945
16764,0.041840314865112305
16765,0.09144830703735352
16766,0.08646263182163239
16767,0.0988791212439537
16768,0.10688455402851105
16769,0.039321642369031906
16770,0.03798917680978775
16771,0.09064456820487976
16772,0.11185610294342041
16773,0.06334762275218964
16774,0.08311164379119873
16775,0.0675007551908493
16776,0.21435493230819702
16777,0.09840091317892075
16778,0.14863747358322144
16779,0.10845484584569931
16780,0.11059283465147018
16781,0.05882570892572403
16782,0.06649146974086761
16783,0.11094462871551514
16784,0.08738289773464203
16785,0.10984677076339722
16786,0.03147768974304199
16787,0.08874551951885223
16788,0.14689062535762787
16789,0.09810855984687805
16790,0.028878018260002136
16791,0.06236898899078369
16792,0.0721234679222107
16793,0.17380695044994354
16794,0.06389012932777405
16795,0.05884704738855362
16796,0.13155193626880646
16797,0.0664079412817955
16798,0.038206618279218674
16799,0.07476677745580673
16800,0.09738822281360626
16801,0.04257161542773247
16802,0.07039928436279297
16803,0.0865786075592041
16804,0.09959137439727783
16805,0.03517492115497589
16806,0.09866462647914886
16807,0.0642249807715416
16808,0.10679666697978973
16809,0.06251278519630432
16810,0.0379374623298645
16811,0.16426566243171692
16812,0.1944611668586731
16813,0.07384036481380463
16814,0.10023143142461777
16815,0.13432595133781433
16816,0.14824432134628296
16817,0.060490332543849945
16818,0.08570101857185364
16819,0.08795943856239319
16820,0.03536311909556389
16821,0.03409924358129501
16822,0.07216092199087143
16823,0.16433635354042053
16824,0.08711760491132736
16825,0.12099562585353851
16826,0.09398649632930756
16827,0.04636199027299881
16828,0.08160096406936646
16829,0.09070146083831787
16830,0.15342724323272705
16831,0.08045680075883865
16832,0.05393245816230774
16833,0.0625927597284317
16834,0.0747419223189354
16835,0.07536102831363678
16836,0.11631499230861664
16837,0.16241490840911865
16838,0.13292017579078674
16839,0.0750606507062912
16840,0.05056922882795334
16841,0.08929808437824249
16842,0.041611287742853165
16843,0.07483135908842087
16844,0.11218774318695068
16845,0.02524789236485958
16846,0.08512119948863983
16847,0.08124731481075287
16848,0.09319987148046494
16849,0.14740636944770813
16850,0.09912880510091782
16851,0.11655621230602264
16852,0.08380409330129623
16853,0.19717606902122498
16854,0.08978699147701263
16855,0.04307001084089279
16856,0.1415262073278427
16857,0.07317167520523071
16858,0.04169166088104248
16859,0.049058955162763596
16860,0.12624308466911316
16861,0.17842984199523926
16862,0.04467345401644707
16863,0.0730971246957779
16864,0.07885544747114182
16865,0.04572898894548416
16866,0.17757831513881683
16867,0.07740221917629242
16868,0.0950557217001915
16869,0.10821783542633057
16870,0.05456967279314995
16871,0.06371939927339554
16872,0.0867660641670227
16873,0.03025720827281475
16874,0.07143872231245041
16875,0.04703335091471672
16876,0.13168665766716003
16877,0.0731627345085144
16878,0.035452231764793396
16879,0.029975704848766327
16880,0.170075461268425
16881,0.03982613608241081
16882,0.08512898534536362
16883,0.11615099012851715
16884,0.08048119395971298
16885,0.08154530823230743
16886,0.10347293317317963
16887,0.047683682292699814
16888,0.07836737483739853
16889,0.05277826637029648
16890,0.08007511496543884
16891,0.04191800206899643
16892,0.09018471091985703
16893,0.06635747849941254
16894,0.1367274969816208
16895,0.15907180309295654
16896,0.06099509447813034
16897,0.052987851202487946
16898,0.07652082294225693
16899,0.0352165624499321
16900,0.08051252365112305
16901,0.08896243572235107
16902,0.07304839789867401
16903,0.03481113165616989
16904,0.05257653445005417
16905,0.04290127009153366
16906,0.14304235577583313
16907,0.09774492681026459
16908,0.030403776094317436
16909,0.17115597426891327
16910,0.12883013486862183
16911,0.037756647914648056
16912,0.0716823935508728
16913,0.043325718492269516
16914,0.0370011180639267
16915,0.11014509201049805
16916,0.17546558380126953
16917,0.185258150100708
16918,0.08924173563718796
16919,0.047932952642440796
16920,0.054365064948797226
16921,0.14424021542072296
16922,0.054136812686920166
16923,0.038469381630420685
16924,0.08955033123493195
16925,0.0785435140132904
16926,0.08534498512744904
16927,0.09295174479484558
16928,0.04563383385539055
16929,0.06939952820539474
16930,0.041370999068021774
16931,0.09695170819759369
16932,0.12929654121398926
16933,0.08600728213787079
16934,0.03696688264608383
16935,0.05245444178581238
16936,0.1417967975139618
16937,0.11568121612071991
16938,0.06254968047142029
16939,0.053753942251205444
16940,0.09148808568716049
16941,0.12156045436859131
16942,0.06740274280309677
16943,0.12590453028678894
16944,0.1226334273815155
16945,0.04393589496612549
16946,0.08127188682556152
16947,0.060031481087207794
16948,0.11235490441322327
16949,0.07377104461193085
16950,0.07902045547962189
16951,0.05100380629301071
16952,0.06428788602352142
16953,0.054232724010944366
16954,0.13296853005886078
16955,0.015324289910495281
16956,0.026327360421419144
16957,0.1110723614692688
16958,0.07888723909854889
16959,0.09282197803258896
16960,0.09310166537761688
16961,0.15541091561317444
16962,0.12295342981815338
16963,0.0697919949889183
16964,0.030308857560157776
16965,0.030379921197891235
16966,0.06827645003795624
16967,0.11520811170339584
16968,0.11417370289564133
16969,0.07109871506690979
16970,0.13758322596549988
16971,0.053727444261312485
16972,0.05665355920791626
16973,0.11820413917303085
16974,0.0978226512670517
16975,0.055709611624479294
16976,0.058090537786483765
16977,0.04398099333047867
16978,0.1041855663061142
16979,0.07236010581254959
16980,0.06639750301837921
16981,0.027091078460216522
16982,0.07603813707828522
16983,0.06330570578575134
16984,0.12865453958511353
16985,0.13297131657600403
16986,0.056434087455272675
16987,0.04193493723869324
16988,0.09443478286266327
16989,0.06967823952436447
16990,0.047984056174755096
16991,0.08268174529075623
16992,0.22713856399059296
16993,0.14985314011573792
16994,0.11167048662900925
16995,0.04576031491160393
16996,0.1308293491601944
16997,0.0743405744433403
16998,0.1116521954536438
16999,0.07281574606895447
17000,0.11656873673200607
17001,0.24590739607810974
17002,0.11013021320104599
17003,0.1304233819246292
17004,0.10560524463653564
17005,0.036688026040792465
17006,0.07917994260787964
17007,0.0824771448969841
17008,0.06290116906166077
17009,0.14587247371673584
17010,0.025541817769408226
17011,0.02728029154241085
17012,0.11133138835430145
17013,0.14573311805725098
17014,0.047397516667842865
17015,0.07986640185117722
17016,0.12128659337759018
17017,0.1383599042892456
17018,0.04030343145132065
17019,0.09615620225667953
17020,0.030355777591466904
17021,0.06874419003725052
17022,0.04082021489739418
17023,0.2066829651594162
17024,0.05691012740135193
17025,0.09439140558242798
17026,0.0637407973408699
17027,0.1345803588628769
17028,0.059910669922828674
17029,0.0788455605506897
17030,0.054227136075496674
17031,0.16153131425380707
17032,0.11559085547924042
17033,0.048874758183956146
17034,0.08270051330327988
17035,0.1075298935174942
17036,0.04789680242538452
17037,0.079437255859375
17038,0.11547639966011047
17039,0.11858271062374115
17040,0.10829818248748779
17041,0.0733138844370842
17042,0.05949925631284714
17043,0.11014734208583832
17044,0.06211008131504059
17045,0.12565694749355316
17046,0.06906616687774658
17047,0.022519543766975403
17048,0.046047501266002655
17049,0.09407573193311691
17050,0.0927978977560997
17051,0.06289488822221756
17052,0.07671650499105453
17053,0.10340245068073273
17054,0.0492888018488884
17055,0.0241605993360281
17056,0.21285507082939148
17057,0.1339995115995407
17058,0.0424489825963974
17059,0.1556151807308197
17060,0.12045275419950485
17061,0.07721149921417236
17062,0.041851721704006195
17063,0.12368246167898178
17064,0.11235769093036652
17065,0.07194586843252182
17066,0.04587104171514511
17067,0.056359466165304184
17068,0.10438765585422516
17069,0.12192502617835999
17070,0.05717912316322327
17071,0.042469680309295654
17072,0.20526698231697083
17073,0.09440385550260544
17074,0.14812859892845154
17075,0.1129637062549591
17076,0.11557857692241669
17077,0.06851242482662201
17078,0.08654385805130005
17079,0.0571979284286499
17080,0.09435328096151352
17081,0.0809829831123352
17082,0.10238020867109299
17083,0.09031519293785095
17084,0.08876258134841919
17085,0.1329299509525299
17086,0.15768036246299744
17087,0.04666338488459587
17088,0.09003910422325134
17089,0.06769651174545288
17090,0.1159992441534996
17091,0.09037536382675171
17092,0.09823912382125854
17093,0.12355418503284454
17094,0.07689113914966583
17095,0.15473729372024536
17096,0.05322450399398804
17097,0.0380433015525341
17098,0.17739824950695038
17099,0.07603241503238678
17100,0.14971542358398438
17101,0.0689941868185997
17102,0.20023289322853088
17103,0.04700867086648941
17104,0.12123087048530579
17105,0.12198865413665771
17106,0.2352527379989624
17107,0.15801194310188293
17108,0.1363743394613266
17109,0.08742325752973557
17110,0.12874315679073334
17111,0.06701858341693878
17112,0.07588868588209152
17113,0.1397576928138733
17114,0.07125075161457062
17115,0.041392333805561066
17116,0.058750640600919724
17117,0.09572436660528183
17118,0.05437985062599182
17119,0.14825883507728577
17120,0.1882820725440979
17121,0.25196683406829834
17122,0.0518280528485775
17123,0.0959949940443039
17124,0.17041879892349243
17125,0.17583416402339935
17126,0.1142096146941185
17127,0.15898574888706207
17128,0.07570882141590118
17129,0.20691260695457458
17130,0.05096825584769249
17131,0.023172428831458092
17132,0.13976983726024628
17133,0.08619417995214462
17134,0.07619310170412064
17135,0.06663620471954346
17136,0.17006003856658936
17137,0.05859217047691345
17138,0.06452720612287521
17139,0.13878889381885529
17140,0.22092342376708984
17141,0.07674039900302887
17142,0.09190701693296432
17143,0.11046229302883148
17144,0.05781092494726181
17145,0.09134174883365631
17146,0.03465348482131958
17147,0.09757076948881149
17148,0.06600064039230347
17149,0.0462983101606369
17150,0.06999413669109344
17151,0.055148929357528687
17152,0.0801960676908493
17153,0.14569436013698578
17154,0.0832970067858696
17155,0.12217285484075546
17156,0.04242900013923645
17157,0.1553865373134613
17158,0.07945876568555832
17159,0.051497768610715866
17160,0.07275913655757904
17161,0.03719998896121979
17162,0.06818600744009018
17163,0.07764530181884766
17164,0.06057239696383476
17165,0.05793780833482742
17166,0.11371936649084091
17167,0.1284342259168625
17168,0.04155360907316208
17169,0.04981514438986778
17170,0.07032839953899384
17171,0.08505039662122726
17172,0.11821071803569794
17173,0.139531210064888
17174,0.1209511011838913
17175,0.0227104052901268
17176,0.0341976098716259
17177,0.07377202808856964
17178,0.08541025221347809
17179,0.13123492896556854
17180,0.09853780269622803
17181,0.08789794147014618
17182,0.06781736016273499
17183,0.0395195335149765
17184,0.12990765273571014
17185,0.11284494400024414
17186,0.034808769822120667
17187,0.14888793230056763
17188,0.03202692046761513
17189,0.11029212176799774
17190,0.06060149520635605
17191,0.07350660860538483
17192,0.03428664058446884
17193,0.053169943392276764
17194,0.17195986211299896
17195,0.030245816335082054
17196,0.06246653199195862
17197,0.06156044453382492
17198,0.05761198326945305
17199,0.0827895998954773
17200,0.13183733820915222
17201,0.1007414385676384
17202,0.08555865287780762
17203,0.04437057673931122
17204,0.11178368330001831
17205,0.2127208560705185
17206,0.046919263899326324
17207,0.04533448815345764
17208,0.13007037341594696
17209,0.038892459124326706
17210,0.020184118300676346
17211,0.14788325130939484
17212,0.1293344497680664
17213,0.07342638075351715
17214,0.07224071025848389
17215,0.068473219871521
17216,0.06635057926177979
17217,0.15381306409835815
17218,0.06514596939086914
17219,0.047940969467163086
17220,0.0877794623374939
17221,0.05881169065833092
17222,0.08859702199697495
17223,0.05837271735072136
17224,0.11749176681041718
17225,0.10675881803035736
17226,0.13336855173110962
17227,0.16964265704154968
17228,0.12139904499053955
17229,0.05655239522457123
17230,0.06350268423557281
17231,0.024572646245360374
17232,0.32754814624786377
17233,0.18674878776073456
17234,0.05479143559932709
17235,0.10063666105270386
17236,0.07315897196531296
17237,0.0875898003578186
17238,0.14786991477012634
17239,0.0714455172419548
17240,0.04954821988940239
17241,0.07142188400030136
17242,0.052766554057598114
17243,0.040566109120845795
17244,0.1554500162601471
17245,0.060687433928251266
17246,0.03210490942001343
17247,0.1357731819152832
17248,0.18788555264472961
17249,0.14899659156799316
17250,0.056097399443387985
17251,0.04622022807598114
17252,0.26248905062675476
17253,0.09365596622228622
17254,0.1677006185054779
17255,0.07009808719158173
17256,0.18710707128047943
17257,0.07723333686590195
17258,0.0760764479637146
17259,0.06077078729867935
17260,0.045908987522125244
17261,0.07730983942747116
17262,0.03598102182149887
17263,0.05360972881317139
17264,0.07073881477117538
17265,0.2017054557800293
17266,0.06667882204055786
17267,0.027364006265997887
17268,0.1331097036600113
17269,0.057717081159353256
17270,0.04968472570180893
17271,0.09890469908714294
17272,0.017657414078712463
17273,0.04030232131481171
17274,0.04518807679414749
17275,0.10311953723430634
17276,0.1540888249874115
17277,0.05417020246386528
17278,0.03507853299379349
17279,0.12886424362659454
17280,0.093594491481781
17281,0.04393893480300903
17282,0.08429500460624695
17283,0.08797838538885117
17284,0.16131621599197388
17285,0.07507803291082382
17286,0.061514511704444885
17287,0.1440923511981964
17288,0.0812026858329773
17289,0.07799920439720154
17290,0.09996183961629868
17291,0.03149604797363281
17292,0.10921460390090942
17293,0.08132322132587433
17294,0.052248112857341766
17295,0.08065114170312881
17296,0.03885950148105621
17297,0.08799710124731064
17298,0.09891970455646515
17299,0.0473037026822567
17300,0.05437488108873367
17301,0.11569362878799438
17302,0.0720340833067894
17303,0.042481642216444016
17304,0.06917301565408707
17305,0.040616475045681
17306,0.04172990471124649
17307,0.18802116811275482
17308,0.21882975101470947
17309,0.07343369722366333
17310,0.09040896594524384
17311,0.10690530389547348
17312,0.041934721171855927
17313,0.2510819435119629
17314,0.058292388916015625
17315,0.0528021976351738
17316,0.1609911024570465
17317,0.13974396884441376
17318,0.16432072222232819
17319,0.07944439351558685
17320,0.05633636564016342
17321,0.18401199579238892
17322,0.08284743875265121
17323,0.051528967916965485
17324,0.1339329183101654
17325,0.07177729904651642
17326,0.05820918083190918
17327,0.1995946615934372
17328,0.10331492125988007
17329,0.025364629924297333
17330,0.06376346945762634
17331,0.051868945360183716
17332,0.03869129717350006
17333,0.12134405225515366
17334,0.08162696659564972
17335,0.07989608496427536
17336,0.03590599447488785
17337,0.08923225104808807
17338,0.09154306352138519
17339,0.05531199276447296
17340,0.1062019094824791
17341,0.06610281765460968
17342,0.07956348359584808
17343,0.09242310374975204
17344,0.06638482958078384
17345,0.06847048550844193
17346,0.038739945739507675
17347,0.06816499680280685
17348,0.03852584585547447
17349,0.1641460359096527
17350,0.0814356803894043
17351,0.053718507289886475
17352,0.11223363876342773
17353,0.11690430343151093
17354,0.08199213445186615
17355,0.11665487289428711
17356,0.09393966197967529
17357,0.20992368459701538
17358,0.10744788497686386
17359,0.08836482465267181
17360,0.03120059333741665
17361,0.049420952796936035
17362,0.07876473665237427
17363,0.154718279838562
17364,0.05080392584204674
17365,0.07061874866485596
17366,0.09019085019826889
17367,0.15162602066993713
17368,0.0637703537940979
17369,0.19103789329528809
17370,0.19204780459403992
17371,0.1489475667476654
17372,0.13315752148628235
17373,0.060787733644247055
17374,0.10847653448581696
17375,0.11189717054367065
17376,0.061281509697437286
17377,0.1324077546596527
17378,0.13127300143241882
17379,0.23708324134349823
17380,0.12472128123044968
17381,0.08500927686691284
17382,0.06466987729072571
17383,0.03180156648159027
17384,0.08677107095718384
17385,0.04655228182673454
17386,0.05177221819758415
17387,0.050800688564777374
17388,0.09235155582427979
17389,0.13845984637737274
17390,0.08169610798358917
17391,0.0361238569021225
17392,0.09543049335479736
17393,0.15355418622493744
17394,0.031451206654310226
17395,0.07178166508674622
17396,0.09654900431632996
17397,0.036970898509025574
17398,0.08511781692504883
17399,0.07102833688259125
17400,0.05064382404088974
17401,0.17342615127563477
17402,0.07034844905138016
17403,0.2434900999069214
17404,0.10366224497556686
17405,0.0727798193693161
17406,0.03215161710977554
17407,0.15375348925590515
17408,0.050986893475055695
17409,0.11451264470815659
17410,0.10602720826864243
17411,0.03737418353557587
17412,0.12208634614944458
17413,0.05578642338514328
17414,0.12271690368652344
17415,0.04148970544338226
17416,0.06557218730449677
17417,0.08788907527923584
17418,0.07411366701126099
17419,0.10703935474157333
17420,0.024541189894080162
17421,0.15863285958766937
17422,0.11444060504436493
17423,0.06581651419401169
17424,0.10096395015716553
17425,0.13412274420261383
17426,0.0713312029838562
17427,0.04460827261209488
17428,0.03355029970407486
17429,0.044689472764730453
17430,0.05894453078508377
17431,0.0892985463142395
17432,0.037388063967227936
17433,0.152167409658432
17434,0.14908957481384277
17435,0.16270266473293304
17436,0.0754864513874054
17437,0.07024909555912018
17438,0.13122908771038055
17439,0.05194826051592827
17440,0.04012848809361458
17441,0.049792490899562836
17442,0.04047165438532829
17443,0.0441124252974987
17444,0.08045271784067154
17445,0.07371437549591064
17446,0.06771933287382126
17447,0.09124284982681274
17448,0.10574352741241455
17449,0.23582816123962402
17450,0.1331716775894165
17451,0.09370695054531097
17452,0.08332373946905136
17453,0.05938739702105522
17454,0.08620583266019821
17455,0.1037437915802002
17456,0.08084940910339355
17457,0.16399404406547546
17458,0.04244203865528107
17459,0.028715630993247032
17460,0.04766964167356491
17461,0.049442704766988754
17462,0.06427571177482605
17463,0.0775907039642334
17464,0.14521990716457367
17465,0.11484956741333008
17466,0.06548772752285004
17467,0.038826312869787216
17468,0.0916675254702568
17469,0.05394560098648071
17470,0.08297914266586304
17471,0.2220422923564911
17472,0.05924029275774956
17473,0.1137845367193222
17474,0.07630710303783417
17475,0.08432333171367645
17476,0.062310367822647095
17477,0.14214691519737244
17478,0.01926819048821926
17479,0.039697352796792984
17480,0.2700483500957489
17481,0.09501781314611435
17482,0.10260269045829773
17483,0.055023156106472015
17484,0.08654379844665527
17485,0.06980077922344208
17486,0.0539654903113842
17487,0.15487289428710938
17488,0.16702227294445038
17489,0.09715528786182404
17490,0.05225514620542526
17491,0.044319383800029755
17492,0.11722874641418457
17493,0.09717369079589844
17494,0.0728449895977974
17495,0.15440237522125244
17496,0.05923696979880333
17497,0.08422046899795532
17498,0.14277373254299164
17499,0.03633127361536026
17500,0.1657337248325348
17501,0.10038011521100998
17502,0.07978962361812592
17503,0.02832038700580597
17504,0.08110600709915161
17505,0.06343083083629608
17506,0.20275792479515076
17507,0.09062464535236359
17508,0.12803791463375092
17509,0.12380322068929672
17510,0.09259256720542908
17511,0.05083686113357544
17512,0.09098583459854126
17513,0.17355529963970184
17514,0.04092854633927345
17515,0.14192704856395721
17516,0.04964181035757065
17517,0.08328576385974884
17518,0.0741906613111496
17519,0.12345175445079803
17520,0.05465956777334213
17521,0.04421021789312363
17522,0.03872411698102951
17523,0.03874298930168152
17524,0.0495525598526001
17525,0.11602463573217392
17526,0.04813690483570099
17527,0.05317912995815277
17528,0.06181873381137848
17529,0.03834002465009689
17530,0.11869309842586517
17531,0.05994619056582451
17532,0.13718312978744507
17533,0.05982157588005066
17534,0.14434652030467987
17535,0.112482950091362
17536,0.0654076337814331
17537,0.06971199810504913
17538,0.11886616051197052
17539,0.06241823360323906
17540,0.07383175939321518
17541,0.033417847007513046
17542,0.10334839671850204
17543,0.054035868495702744
17544,0.13469384610652924
17545,0.05763993412256241
17546,0.04814271256327629
17547,0.03150360286235809
17548,0.10152056068181992
17549,0.0672956332564354
17550,0.12248745560646057
17551,0.04538445919752121
17552,0.12741661071777344
17553,0.16767482459545135
17554,0.11402641236782074
17555,0.06218038126826286
17556,0.037486717104911804
17557,0.09639309346675873
17558,0.16492384672164917
17559,0.07617908716201782
17560,0.04364266246557236
17561,0.13318948447704315
17562,0.17074649035930634
17563,0.12080621719360352
17564,0.13956978917121887
17565,0.06133437156677246
17566,0.14829327166080475
17567,0.08535218238830566
17568,0.06513183563947678
17569,0.0901716947555542
17570,0.11153282225131989
17571,0.1272592544555664
17572,0.08349781483411789
17573,0.13727831840515137
17574,0.11345385015010834
17575,0.039713576436042786
17576,0.10291396081447601
17577,0.060750942677259445
17578,0.1636929214000702
17579,0.15933117270469666
17580,0.12127508968114853
17581,0.03915458172559738
17582,0.06713873893022537
17583,0.12355707585811615
17584,0.10368457436561584
17585,0.06788952648639679
17586,0.040830306708812714
17587,0.06922820210456848
17588,0.11053147166967392
17589,0.15935760736465454
17590,0.0566914901137352
17591,0.13640880584716797
17592,0.09650053828954697
17593,0.12335126101970673
17594,0.049023158848285675
17595,0.10859811305999756
17596,0.1320207715034485
17597,0.04966611787676811
17598,0.03396835923194885
17599,0.043138712644577026
17600,0.11409126222133636
17601,0.0995928943157196
17602,0.09056246280670166
17603,0.05574406310915947
17604,0.07403230667114258
17605,0.14323776960372925
17606,0.12729743123054504
17607,0.042103540152311325
17608,0.12341585755348206
17609,0.0785980075597763
17610,0.0814003199338913
17611,0.054408323019742966
17612,0.08636173605918884
17613,0.11395864188671112
17614,0.06659239530563354
17615,0.09821657836437225
17616,0.07800287008285522
17617,0.05607270821928978
17618,0.10759055614471436
17619,0.1689678430557251
17620,0.07765454798936844
17621,0.05322276055812836
17622,0.12341415882110596
17623,0.11417009681463242
17624,0.039686866104602814
17625,0.05153745412826538
17626,0.04838940128684044
17627,0.1187347024679184
17628,0.03460254520177841
17629,0.051831912249326706
17630,0.10145913809537888
17631,0.044565096497535706
17632,0.04771427437663078
17633,0.09715442359447479
17634,0.0555272251367569
17635,0.08373095840215683
17636,0.07893728464841843
17637,0.11424334347248077
17638,0.05257359892129898
17639,0.06554673612117767
17640,0.07840174436569214
17641,0.26850008964538574
17642,0.06726959347724915
17643,0.060555871576070786
17644,0.10771641135215759
17645,0.0652075707912445
17646,0.058403074741363525
17647,0.07942473143339157
17648,0.07679887115955353
17649,0.0314791202545166
17650,0.1346694827079773
17651,0.10166780650615692
17652,0.11383908987045288
17653,0.07088249921798706
17654,0.07478053867816925
17655,0.09298750758171082
17656,0.0774226188659668
17657,0.05049985274672508
17658,0.03450441360473633
17659,0.21434485912322998
17660,0.0700971782207489
17661,0.10822433233261108
17662,0.037214428186416626
17663,0.06857222318649292
17664,0.2058911770582199
17665,0.05386490747332573
17666,0.04245702177286148
17667,0.04458940029144287
17668,0.10952514410018921
17669,0.13677267730236053
17670,0.060199227184057236
17671,0.07720278948545456
17672,0.08592807501554489
17673,0.09295248240232468
17674,0.0846295952796936
17675,0.03890928253531456
17676,0.058217551559209824
17677,0.11050815880298615
17678,0.09393980354070663
17679,0.05057017132639885
17680,0.04310405254364014
17681,0.09066151827573776
17682,0.02745862305164337
17683,0.09061029553413391
17684,0.10758008807897568
17685,0.12999407947063446
17686,0.08992736786603928
17687,0.0814308151602745
17688,0.06403917819261551
17689,0.0580986849963665
17690,0.062009476125240326
17691,0.0656900405883789
17692,0.11627282947301865
17693,0.129009410738945
17694,0.11387234926223755
17695,0.06303038448095322
17696,0.08387645334005356
17697,0.036401256918907166
17698,0.09341826289892197
17699,0.1627400815486908
17700,0.06985966861248016
17701,0.034312665462493896
17702,0.08515220880508423
17703,0.05029471963644028
17704,0.049815189093351364
17705,0.06204162538051605
17706,0.02249031327664852
17707,0.053969770669937134
17708,0.05180295556783676
17709,0.11954265832901001
17710,0.05859605595469475
17711,0.09991900622844696
17712,0.041432350873947144
17713,0.0406172052025795
17714,0.13390961289405823
17715,0.06177087873220444
17716,0.09334960579872131
17717,0.11037075519561768
17718,0.11022228002548218
17719,0.06272556632757187
17720,0.08857246488332748
17721,0.04921337217092514
17722,0.047158174216747284
17723,0.05449005961418152
17724,0.06253570318222046
17725,0.05868495628237724
17726,0.046415846794843674
17727,0.16274365782737732
17728,0.13417454063892365
17729,0.10892700403928757
17730,0.11730043590068817
17731,0.0869031772017479
17732,0.041539594531059265
17733,0.031239314004778862
17734,0.1015293225646019
17735,0.16441097855567932
17736,0.09979548305273056
17737,0.0798645168542862
17738,0.07886743545532227
17739,0.26486194133758545
17740,0.0733366459608078
17741,0.07316957414150238
17742,0.1311090588569641
17743,0.06997077167034149
17744,0.06812073290348053
17745,0.14982730150222778
17746,0.07200051844120026
17747,0.056440189480781555
17748,0.09050451219081879
17749,0.0969867929816246
17750,0.10617166757583618
17751,0.045983053743839264
17752,0.15750139951705933
17753,0.07574170082807541
17754,0.03312869369983673
17755,0.03528156504034996
17756,0.10710684955120087
17757,0.04836907237768173
17758,0.07638232409954071
17759,0.05370063707232475
17760,0.04410049319267273
17761,0.11576458066701889
17762,0.1369854062795639
17763,0.0422123484313488
17764,0.11398525536060333
17765,0.15159425139427185
17766,0.0822191834449768
17767,0.04793810844421387
17768,0.11307418346405029
17769,0.057157665491104126
17770,0.04354552552103996
17771,0.08184432983398438
17772,0.03007030300796032
17773,0.0571746751666069
17774,0.05691184103488922
17775,0.08429542183876038
17776,0.1169777512550354
17777,0.07408824563026428
17778,0.07512679696083069
17779,0.09144189953804016
17780,0.05818898603320122
17781,0.05494007468223572
17782,0.09486351907253265
17783,0.09165637195110321
17784,0.147954523563385
17785,0.09452345222234726
17786,0.12077709287405014
17787,0.04982512444257736
17788,0.07485371083021164
17789,0.2090820074081421
17790,0.07245582342147827
17791,0.08952953666448593
17792,0.05769611522555351
17793,0.10333611816167831
17794,0.03792932629585266
17795,0.13079819083213806
17796,0.057582419365644455
17797,0.05475814640522003
17798,0.12141360342502594
17799,0.05065782368183136
17800,0.12016305327415466
17801,0.11298196762800217
17802,0.038466304540634155
17803,0.11275502294301987
17804,0.03888671100139618
17805,0.0714060515165329
17806,0.09842495620250702
17807,0.04537447541952133
17808,0.0757284164428711
17809,0.05000251159071922
17810,0.10819923132658005
17811,0.08542384207248688
17812,0.07115516066551208
17813,0.05355273187160492
17814,0.03592504933476448
17815,0.0630270466208458
17816,0.12908288836479187
17817,0.030518949031829834
17818,0.05575581640005112
17819,0.05509169027209282
17820,0.1158677488565445
17821,0.1574442982673645
17822,0.06737673282623291
17823,0.11073370277881622
17824,0.03362949192523956
17825,0.10998594760894775
17826,0.055277228355407715
17827,0.18923477828502655
17828,0.03821248561143875
17829,0.1328231245279312
17830,0.02154519222676754
17831,0.05951644480228424
17832,0.07540547847747803
17833,0.10601243376731873
17834,0.0812835618853569
17835,0.040822189301252365
17836,0.06196783110499382
17837,0.07234705984592438
17838,0.15943460166454315
17839,0.06837843358516693
17840,0.14119939506053925
17841,0.24037711322307587
17842,0.07196065783500671
17843,0.07762545347213745
17844,0.10480038821697235
17845,0.057824403047561646
17846,0.24698308110237122
17847,0.08587977290153503
17848,0.0776643455028534
17849,0.04785289987921715
17850,0.07749272882938385
17851,0.21300487220287323
17852,0.1191079169511795
17853,0.10188870131969452
17854,0.1208246648311615
17855,0.08003631979227066
17856,0.08659416437149048
17857,0.037609584629535675
17858,0.060326553881168365
17859,0.07461588829755783
17860,0.1588706225156784
17861,0.09413822740316391
17862,0.0628397986292839
17863,0.06502017378807068
17864,0.09661861509084702
17865,0.18214151263237
17866,0.056543268263339996
17867,0.07250124216079712
17868,0.1287882775068283
17869,0.19708073139190674
17870,0.0498095266520977
17871,0.07904134690761566
17872,0.09439723938703537
17873,0.08620817959308624
17874,0.04399371147155762
17875,0.09120198339223862
17876,0.05115460604429245
17877,0.038414038717746735
17878,0.11019125580787659
17879,0.18537485599517822
17880,0.07110930234193802
17881,0.11374424397945404
17882,0.052455008029937744
17883,0.056993626058101654
17884,0.11431849002838135
17885,0.05378637835383415
17886,0.038847580552101135
17887,0.03462527319788933
17888,0.129818394780159
17889,0.13203716278076172
17890,0.1069953441619873
17891,0.08482013642787933
17892,0.09701990336179733
17893,0.08016568422317505
17894,0.05964381620287895
17895,0.11863269656896591
17896,0.10902397334575653
17897,0.03382487595081329
17898,0.04141363129019737
17899,0.09050630778074265
17900,0.04108787328004837
17901,0.04570343717932701
17902,0.129989892244339
17903,0.10681714862585068
17904,0.04414884373545647
17905,0.04998931288719177
17906,0.052084386348724365
17907,0.09708714485168457
17908,0.047750115394592285
17909,0.026257365942001343
17910,0.03307439759373665
17911,0.06622247397899628
17912,0.08434173464775085
17913,0.06610505282878876
17914,0.13291290402412415
17915,0.06200998276472092
17916,0.09115024656057358
17917,0.05538375675678253
17918,0.1444137543439865
17919,0.09118930995464325
17920,0.22849220037460327
17921,0.15135087072849274
17922,0.09499888122081757
17923,0.04712642729282379
17924,0.1097421869635582
17925,0.09234768152236938
17926,0.09622272104024887
17927,0.12334665656089783
17928,0.029095565900206566
17929,0.05658393353223801
17930,0.14331381022930145
17931,0.12403494119644165
17932,0.11295020580291748
17933,0.08789192140102386
17934,0.1524316668510437
17935,0.16866371035575867
17936,0.07329179346561432
17937,0.04890374839305878
17938,0.0987936407327652
17939,0.06655528396368027
17940,0.08231760561466217
17941,0.10214163362979889
17942,0.07530344277620316
17943,0.09247931092977524
17944,0.09017625451087952
17945,0.09004382789134979
17946,0.21898683905601501
17947,0.08938300609588623
17948,0.05403260886669159
17949,0.053596071898937225
17950,0.10539373755455017
17951,0.07011879980564117
17952,0.06588250398635864
17953,0.04115675017237663
17954,0.14335909485816956
17955,0.04874182492494583
17956,0.039148323237895966
17957,0.16126826405525208
17958,0.0714578852057457
17959,0.027924537658691406
17960,0.10449731349945068
17961,0.11007889360189438
17962,0.09374871104955673
17963,0.04293156787753105
17964,0.2388523519039154
17965,0.08798685669898987
17966,0.08191227167844772
17967,0.0905059203505516
17968,0.09929989278316498
17969,0.041474293917417526
17970,0.09416520595550537
17971,0.06093234941363335
17972,0.08842220157384872
17973,0.09778251498937607
17974,0.026186859235167503
17975,0.040495067834854126
17976,0.045067500323057175
17977,0.13916422426700592
17978,0.06151401251554489
17979,0.03387398272752762
17980,0.10123109072446823
17981,0.04444529861211777
17982,0.030381103977560997
17983,0.08738629519939423
17984,0.06312519311904907
17985,0.04633639380335808
17986,0.028749432414770126
17987,0.12507376074790955
17988,0.04770093411207199
17989,0.04845274239778519
17990,0.0297829769551754
17991,0.08291420340538025
17992,0.057630836963653564
17993,0.10076768696308136
17994,0.14141561090946198
17995,0.05576048418879509
17996,0.07244939357042313
17997,0.15345802903175354
17998,0.14644336700439453
17999,0.10954391956329346
18000,0.03532372787594795
18001,0.09655579179525375
18002,0.1412253975868225
18003,0.02452830970287323
18004,0.1892440766096115
18005,0.07941113412380219
18006,0.10418687760829926
18007,0.03193175047636032
18008,0.0631064921617508
18009,0.055670760571956635
18010,0.058833859860897064
18011,0.052964963018894196
18012,0.11803033947944641
18013,0.06994716078042984
18014,0.07171439379453659
18015,0.05147659778594971
18016,0.08842720836400986
18017,0.05673152953386307
18018,0.06133947893977165
18019,0.05068442225456238
18020,0.0834961086511612
18021,0.059574779123067856
18022,0.0524647980928421
18023,0.12802809476852417
18024,0.0294419564306736
18025,0.11011087894439697
18026,0.16133445501327515
18027,0.07931231707334518
18028,0.04234746843576431
18029,0.10476958751678467
18030,0.1379823535680771
18031,0.146882563829422
18032,0.11245958507061005
18033,0.044920019805431366
18034,0.04717940092086792
18035,0.07714970409870148
18036,0.050884537398815155
18037,0.13866256177425385
18038,0.08321525901556015
18039,0.1070220097899437
18040,0.07264665514230728
18041,0.13184458017349243
18042,0.09476741403341293
18043,0.07489260286092758
18044,0.113814577460289
18045,0.04999259114265442
18046,0.061726443469524384
18047,0.0638817697763443
18048,0.06191301345825195
18049,0.04429854452610016
18050,0.13086432218551636
18051,0.08701135963201523
18052,0.1194533109664917
18053,0.1557030975818634
18054,0.18495267629623413
18055,0.05848558247089386
18056,0.15431734919548035
18057,0.06860654801130295
18058,0.06536300480365753
18059,0.09953027963638306
18060,0.09315472841262817
18061,0.10470157116651535
18062,0.08582079410552979
18063,0.06492852419614792
18064,0.14745080471038818
18065,0.063253253698349
18066,0.1891433596611023
18067,0.1261063665151596
18068,0.11279363930225372
18069,0.09379299730062485
18070,0.10392773151397705
18071,0.06455851346254349
18072,0.06649398803710938
18073,0.027585595846176147
18074,0.038190267980098724
18075,0.07737626135349274
18076,0.13027483224868774
18077,0.03780008852481842
18078,0.08928397297859192
18079,0.04695573449134827
18080,0.09085743129253387
18081,0.023379765450954437
18082,0.08330544829368591
18083,0.0745561420917511
18084,0.1599240005016327
18085,0.15029770135879517
18086,0.09182602167129517
18087,0.10473176091909409
18088,0.04055709391832352
18089,0.04862377047538757
18090,0.13881376385688782
18091,0.040604013949632645
18092,0.09582807868719101
18093,0.05281057581305504
18094,0.03783080354332924
18095,0.04162872955203056
18096,0.04174228012561798
18097,0.07183360308408737
18098,0.06831153482198715
18099,0.11840890347957611
18100,0.03277551382780075
18101,0.11127199977636337
18102,0.060561440885066986
18103,0.07811477780342102
18104,0.04270113632082939
18105,0.16555386781692505
18106,0.07490918040275574
18107,0.05604580044746399
18108,0.048345889896154404
18109,0.06587313115596771
18110,0.08905255794525146
18111,0.03638685494661331
18112,0.08124011009931564
18113,0.09979327768087387
18114,0.06590151786804199
18115,0.1134210079908371
18116,0.03534209355711937
18117,0.060428328812122345
18118,0.05177617818117142
18119,0.15703052282333374
18120,0.09355556964874268
18121,0.08567537367343903
18122,0.11312538385391235
18123,0.16415849328041077
18124,0.058228205889463425
18125,0.042768947780132294
18126,0.05803645774722099
18127,0.06993240118026733
18128,0.0474713072180748
18129,0.16043713688850403
18130,0.14495140314102173
18131,0.11596109718084335
18132,0.05328984186053276
18133,0.16907748579978943
18134,0.1359483152627945
18135,0.11730309575796127
18136,0.058483611792325974
18137,0.0671396553516388
18138,0.06886908411979675
18139,0.05326244235038757
18140,0.12740692496299744
18141,0.02118360623717308
18142,0.06962086260318756
18143,0.050397031009197235
18144,0.05174630880355835
18145,0.05663406848907471
18146,0.23956355452537537
18147,0.09947597235441208
18148,0.034083060920238495
18149,0.11013855040073395
18150,0.03758438676595688
18151,0.07067354768514633
18152,0.06760244071483612
18153,0.08998515456914902
18154,0.06708051264286041
18155,0.12697188556194305
18156,0.09650608152151108
18157,0.07003051042556763
18158,0.14029726386070251
18159,0.0438702255487442
18160,0.11305435746908188
18161,0.07638967782258987
18162,0.03201854228973389
18163,0.16645824909210205
18164,0.1189490258693695
18165,0.10137569159269333
18166,0.05658857524394989
18167,0.029415277764201164
18168,0.11569317430257797
18169,0.08390247076749802
18170,0.09125620126724243
18171,0.11683972924947739
18172,0.056389085948467255
18173,0.06177087873220444
18174,0.04554548114538193
18175,0.05389484763145447
18176,0.0691409632563591
18177,0.07532896846532822
18178,0.06309831887483597
18179,0.07788166403770447
18180,0.179535910487175
18181,0.04726654291152954
18182,0.10323654860258102
18183,0.21514753997325897
18184,0.10216450691223145
18185,0.10909692943096161
18186,0.03557191789150238
18187,0.11072089523077011
18188,0.059591956436634064
18189,0.17889094352722168
18190,0.13566967844963074
18191,0.04228522628545761
18192,0.09436142444610596
18193,0.19057480990886688
18194,0.07913331687450409
18195,0.049794938415288925
18196,0.09752544015645981
18197,0.049208931624889374
18198,0.027619432657957077
18199,0.0358169823884964
18200,0.11127287149429321
18201,0.2051885575056076
18202,0.08502531051635742
18203,0.15350863337516785
18204,0.028668394312262535
18205,0.10231747478246689
18206,0.12260761857032776
18207,0.05521266162395477
18208,0.13870379328727722
18209,0.05398918315768242
18210,0.14263315498828888
18211,0.053194135427474976
18212,0.1095087081193924
18213,0.10397061705589294
18214,0.09734757989645004
18215,0.04109462350606918
18216,0.03832365199923515
18217,0.03985268995165825
18218,0.02238280139863491
18219,0.08273975551128387
18220,0.07682333886623383
18221,0.08726879954338074
18222,0.07002519816160202
18223,0.030167873948812485
18224,0.07229398936033249
18225,0.02962392196059227
18226,0.1090250313282013
18227,0.09063287079334259
18228,0.09435303509235382
18229,0.032223060727119446
18230,0.025460153818130493
18231,0.07088921964168549
18232,0.07253902405500412
18233,0.11815275996923447
18234,0.10187529772520065
18235,0.10767795890569687
18236,0.08446189016103745
18237,0.1559874713420868
18238,0.04560422897338867
18239,0.11065106093883514
18240,0.05555913969874382
18241,0.05294766649603844
18242,0.07606277614831924
18243,0.05940452218055725
18244,0.04418501257896423
18245,0.07958932220935822
18246,0.09376364946365356
18247,0.08094289153814316
18248,0.11043253540992737
18249,0.044068075716495514
18250,0.11895113438367844
18251,0.09083352982997894
18252,0.17741045355796814
18253,0.03264300525188446
18254,0.04846634715795517
18255,0.039648447185754776
18256,0.08703901618719101
18257,0.1139376163482666
18258,0.038161441683769226
18259,0.036138635128736496
18260,0.07580570876598358
18261,0.07471401989459991
18262,0.15058287978172302
18263,0.14141614735126495
18264,0.15962189435958862
18265,0.1281706541776657
18266,0.10461671650409698
18267,0.04656684398651123
18268,0.1589762419462204
18269,0.09502820670604706
18270,0.07290928065776825
18271,0.029701512306928635
18272,0.07473967969417572
18273,0.188035249710083
18274,0.05238546058535576
18275,0.07930800318717957
18276,0.05602302402257919
18277,0.06522088497877121
18278,0.051944565027952194
18279,0.07479283213615417
18280,0.043902914971113205
18281,0.10031580179929733
18282,0.0859183520078659
18283,0.07953448593616486
18284,0.0600714311003685
18285,0.16202566027641296
18286,0.07518564909696579
18287,0.10989826917648315
18288,0.12992286682128906
18289,0.034801892936229706
18290,0.12223418802022934
18291,0.07267347723245621
18292,0.12875118851661682
18293,0.14540451765060425
18294,0.08117641508579254
18295,0.03982172906398773
18296,0.03272072970867157
18297,0.08531417697668076
18298,0.029094617813825607
18299,0.09070585668087006
18300,0.06986882537603378
18301,0.10854864120483398
18302,0.16357234120368958
18303,0.26335471868515015
18304,0.07083918154239655
18305,0.0323062390089035
18306,0.04260282218456268
18307,0.11119481176137924
18308,0.11782437562942505
18309,0.039760421961545944
18310,0.07511791586875916
18311,0.07534413039684296
18312,0.10867490619421005
18313,0.1194799542427063
18314,0.10505592823028564
18315,0.2711896598339081
18316,0.04828500747680664
18317,0.05247611925005913
18318,0.05281641334295273
18319,0.07543757557868958
18320,0.09442651271820068
18321,0.02731093391776085
18322,0.13336682319641113
18323,0.053984493017196655
18324,0.08696761727333069
18325,0.0591231994330883
18326,0.036008305847644806
18327,0.06480894982814789
18328,0.09830152988433838
18329,0.056951623409986496
18330,0.10155364125967026
18331,0.07674623280763626
18332,0.12882819771766663
18333,0.11165985465049744
18334,0.03126661479473114
18335,0.11455357074737549
18336,0.23291000723838806
18337,0.04405393451452255
18338,0.20613092184066772
18339,0.057186685502529144
18340,0.10121969878673553
18341,0.11688097566366196
18342,0.15251334011554718
18343,0.11691015958786011
18344,0.06812725216150284
18345,0.05458449572324753
18346,0.027588723227381706
18347,0.14735838770866394
18348,0.08101391047239304
18349,0.045124709606170654
18350,0.10801385343074799
18351,0.11695729941129684
18352,0.064703069627285
18353,0.10597985237836838
18354,0.04620341584086418
18355,0.060051001608371735
18356,0.033829979598522186
18357,0.04914079234004021
18358,0.0684802457690239
18359,0.06751760095357895
18360,0.1635182499885559
18361,0.05703600496053696
18362,0.11176101863384247
18363,0.07432575523853302
18364,0.12521381676197052
18365,0.0646582841873169
18366,0.05647529661655426
18367,0.09366163611412048
18368,0.22947099804878235
18369,0.14358185231685638
18370,0.055286191403865814
18371,0.08748479932546616
18372,0.0795089527964592
18373,0.0451773926615715
18374,0.13009890913963318
18375,0.03905723989009857
18376,0.07997217029333115
18377,0.038612645119428635
18378,0.044547002762556076
18379,0.08840765804052353
18380,0.11926289647817612
18381,0.05883168429136276
18382,0.08178060501813889
18383,0.1341356337070465
18384,0.04865818843245506
18385,0.12952013313770294
18386,0.06647497415542603
18387,0.05510013550519943
18388,0.05199842154979706
18389,0.09983867406845093
18390,0.0698394775390625
18391,0.10105849802494049
18392,0.13129813969135284
18393,0.10135920345783234
18394,0.09870972484350204
18395,0.04759152978658676
18396,0.111839160323143
18397,0.15953481197357178
18398,0.10958617925643921
18399,0.04516192525625229
18400,0.1461135298013687
18401,0.049640487879514694
18402,0.15353986620903015
18403,0.0917346403002739
18404,0.12519505620002747
18405,0.014080332592129707
18406,0.12816140055656433
18407,0.06894868612289429
18408,0.1757810115814209
18409,0.05823151022195816
18410,0.07922151684761047
18411,0.15455752611160278
18412,0.07350330799818039
18413,0.031479254364967346
18414,0.12101040780544281
18415,0.06403176486492157
18416,0.039647385478019714
18417,0.06483462452888489
18418,0.14414389431476593
18419,0.039703771471977234
18420,0.0709904283285141
18421,0.03656544163823128
18422,0.10116951167583466
18423,0.09838257730007172
18424,0.16568854451179504
18425,0.059376396238803864
18426,0.10855180025100708
18427,0.056730128824710846
18428,0.10970651358366013
18429,0.10900802910327911
18430,0.1630983054637909
18431,0.08929948508739471
18432,0.10254048556089401
18433,0.047015201300382614
18434,0.1343207061290741
18435,0.06127114221453667
18436,0.09588789939880371
18437,0.080833300948143
18438,0.06402546167373657
18439,0.06619413942098618
18440,0.08240997046232224
18441,0.07324657589197159
18442,0.05541093274950981
18443,0.03999408707022667
18444,0.08838935941457748
18445,0.05366464704275131
18446,0.06817682087421417
18447,0.10684218257665634
18448,0.062239255756139755
18449,0.081588976085186
18450,0.1835884302854538
18451,0.11010777205228806
18452,0.1269693374633789
18453,0.03339943662285805
18454,0.0710858553647995
18455,0.06805344671010971
18456,0.07369648665189743
18457,0.08405300229787827
18458,0.12725917994976044
18459,0.05649467557668686
18460,0.0656953901052475
18461,0.08124002814292908
18462,0.08837074041366577
18463,0.11190150678157806
18464,0.05043194815516472
18465,0.04448085278272629
18466,0.06798256933689117
18467,0.1878313273191452
18468,0.0797075480222702
18469,0.1372072696685791
18470,0.030425280332565308
18471,0.09993016719818115
18472,0.07373960316181183
18473,0.07762931287288666
18474,0.09881371259689331
18475,0.03406183049082756
18476,0.1214069128036499
18477,0.12710724771022797
18478,0.06150427088141441
18479,0.06939315050840378
18480,0.12506702542304993
18481,0.0263380017131567
18482,0.06593643873929977
18483,0.08842688798904419
18484,0.051424186676740646
18485,0.06428979337215424
18486,0.07206498086452484
18487,0.12489759922027588
18488,0.06756214797496796
18489,0.2357310950756073
18490,0.07458540052175522
18491,0.09662425518035889
18492,0.04959859699010849
18493,0.039059653878211975
18494,0.02941344678401947
18495,0.09704867005348206
18496,0.07667621225118637
18497,0.049133725464344025
18498,0.21484360098838806
18499,0.05036240816116333
18500,0.06629685312509537
18501,0.08942913264036179
18502,0.07696523517370224
18503,0.03268088400363922
18504,0.08861114829778671
18505,0.06369611620903015
18506,0.07870697975158691
18507,0.06383191794157028
18508,0.06103517860174179
18509,0.06675294041633606
18510,0.08206257224082947
18511,0.0507618710398674
18512,0.04182835668325424
18513,0.03618837893009186
18514,0.1648690402507782
18515,0.13945730030536652
18516,0.07885085046291351
18517,0.0916580855846405
18518,0.05554211884737015
18519,0.034179143607616425
18520,0.16033414006233215
18521,0.10158810019493103
18522,0.0832526832818985
18523,0.04697784408926964
18524,0.03392321988940239
18525,0.13818073272705078
18526,0.037851329892873764
18527,0.04116636514663696
18528,0.09464341402053833
18529,0.0564100556075573
18530,0.05956799536943436
18531,0.07768009603023529
18532,0.08614721894264221
18533,0.1681046187877655
18534,0.037718694657087326
18535,0.12807178497314453
18536,0.07011494040489197
18537,0.05837579071521759
18538,0.1033458560705185
18539,0.03785916045308113
18540,0.056539975106716156
18541,0.07524824142456055
18542,0.10156193375587463
18543,0.1623225212097168
18544,0.1272335946559906
18545,0.12948983907699585
18546,0.038025863468647
18547,0.07022660225629807
18548,0.06462161988019943
18549,0.20523683726787567
18550,0.08274286985397339
18551,0.08991627395153046
18552,0.046091582626104355
18553,0.05535954236984253
18554,0.0548875629901886
18555,0.08418195694684982
18556,0.028386889025568962
18557,0.1755453199148178
18558,0.05634506046772003
18559,0.08306863158941269
18560,0.08379530906677246
18561,0.10683666169643402
18562,0.09992936253547668
18563,0.08470700681209564
18564,0.08760659396648407
18565,0.07047317922115326
18566,0.08329993486404419
18567,0.12595772743225098
18568,0.015477127395570278
18569,0.040276117622852325
18570,0.026679739356040955
18571,0.11687199771404266
18572,0.04170976206660271
18573,0.13864493370056152
18574,0.10258476436138153
18575,0.09705271571874619
18576,0.04559297114610672
18577,0.03858913481235504
18578,0.05576545000076294
18579,0.05143876001238823
18580,0.16306212544441223
18581,0.05555199831724167
18582,0.12988018989562988
18583,0.0492279939353466
18584,0.11529791355133057
18585,0.10266699641942978
18586,0.09983041137456894
18587,0.10751909017562866
18588,0.052397653460502625
18589,0.12426736205816269
18590,0.033980827778577805
18591,0.06024385616183281
18592,0.07011231034994125
18593,0.04080311208963394
18594,0.053666483610868454
18595,0.12131845951080322
18596,0.050761036574840546
18597,0.026187703013420105
18598,0.14217203855514526
18599,0.0702393651008606
18600,0.05649186298251152
18601,0.11441105604171753
18602,0.04237363860011101
18603,0.05299925059080124
18604,0.0858907550573349
18605,0.15240538120269775
18606,0.03545624762773514
18607,0.06733586639165878
18608,0.07501129806041718
18609,0.12991963326931
18610,0.08082059770822525
18611,0.14409475028514862
18612,0.030542295426130295
18613,0.0398489385843277
18614,0.05823352187871933
18615,0.061555735766887665
18616,0.029417991638183594
18617,0.14227056503295898
18618,0.11482982337474823
18619,0.05636364221572876
18620,0.06513393670320511
18621,0.086870938539505
18622,0.0661056637763977
18623,0.0795193612575531
18624,0.11686774343252182
18625,0.03530137613415718
18626,0.07214441150426865
18627,0.06213177368044853
18628,0.16153022646903992
18629,0.08608313649892807
18630,0.09819202125072479
18631,0.01955633983016014
18632,0.028035998344421387
18633,0.030429169535636902
18634,0.1268656849861145
18635,0.12584862112998962
18636,0.05089232325553894
18637,0.15574036538600922
18638,0.04938192665576935
18639,0.10299661010503769
18640,0.036102842539548874
18641,0.13618561625480652
18642,0.04469088837504387
18643,0.14100918173789978
18644,0.0682394951581955
18645,0.09925492107868195
18646,0.13506972789764404
18647,0.06830837577581406
18648,0.1395518183708191
18649,0.12186764925718307
18650,0.0804622694849968
18651,0.06734254956245422
18652,0.0717599019408226
18653,0.0911029577255249
18654,0.16282780468463898
18655,0.02925734780728817
18656,0.09453968703746796
18657,0.08158110082149506
18658,0.08683215826749802
18659,0.1700420081615448
18660,0.05436589568853378
18661,0.07923874258995056
18662,0.1490035057067871
18663,0.05231959745287895
18664,0.09561310708522797
18665,0.07625061273574829
18666,0.044656526297330856
18667,0.09368292987346649
18668,0.1179986223578453
18669,0.04427861422300339
18670,0.06981921195983887
18671,0.08034202456474304
18672,0.14199072122573853
18673,0.09878213703632355
18674,0.0754004716873169
18675,0.08464780449867249
18676,0.09745101630687714
18677,0.26883596181869507
18678,0.0503905825316906
18679,0.030483027920126915
18680,0.09901313483715057
18681,0.07711469382047653
18682,0.14068710803985596
18683,0.04570942372083664
18684,0.034562643617391586
18685,0.09942400455474854
18686,0.076518714427948
18687,0.05040036886930466
18688,0.04960120841860771
18689,0.04923292249441147
18690,0.025033285841345787
18691,0.054631538689136505
18692,0.0789443701505661
18693,0.09890245646238327
18694,0.0836387500166893
18695,0.06809606403112411
18696,0.06682506203651428
18697,0.06538181006908417
18698,0.025567185133695602
18699,0.24787044525146484
18700,0.03808111697435379
18701,0.0330987274646759
18702,0.06647848337888718
18703,0.08106440305709839
18704,0.08437542617321014
18705,0.13500335812568665
18706,0.07519309222698212
18707,0.0857917070388794
18708,0.06505276262760162
18709,0.06022217869758606
18710,0.06579068303108215
18711,0.14197465777397156
18712,0.06823665648698807
18713,0.12868285179138184
18714,0.05859539657831192
18715,0.05004655569791794
18716,0.030143894255161285
18717,0.11188691854476929
18718,0.04963930696249008
18719,0.051207467913627625
18720,0.06446157395839691
18721,0.03788558766245842
18722,0.20235465466976166
18723,0.09349453449249268
18724,0.14487169682979584
18725,0.05715655907988548
18726,0.04911038279533386
18727,0.1341772824525833
18728,0.08868025243282318
18729,0.13352236151695251
18730,0.09396147727966309
18731,0.08534513413906097
18732,0.0899142473936081
18733,0.12552623450756073
18734,0.04320811480283737
18735,0.09799376130104065
18736,0.10195520520210266
18737,0.10850948095321655
18738,0.08399446308612823
18739,0.06605209410190582
18740,0.03661181032657623
18741,0.09346574544906616
18742,0.08360151946544647
18743,0.08468550443649292
18744,0.052004896104335785
18745,0.0993788093328476
18746,0.04515466094017029
18747,0.03464886173605919
18748,0.06602926552295685
18749,0.05090828984975815
18750,0.13064901530742645
18751,0.13226477801799774
18752,0.09186171740293503
18753,0.06015552207827568
18754,0.05596999451518059
18755,0.06159227713942528
18756,0.047630421817302704
18757,0.11022341251373291
18758,0.06783665716648102
18759,0.03813008591532707
18760,0.04750048369169235
18761,0.11560410261154175
18762,0.0974360927939415
18763,0.053667403757572174
18764,0.10275065898895264
18765,0.1075151190161705
18766,0.09573791921138763
18767,0.06950267404317856
18768,0.08623002469539642
18769,0.06398147344589233
18770,0.06568294018507004
18771,0.1302485167980194
18772,0.1188623458147049
18773,0.1591355800628662
18774,0.055065326392650604
18775,0.22322937846183777
18776,0.08406640589237213
18777,0.07079502940177917
18778,0.049538709223270416
18779,0.14125244319438934
18780,0.033470313996076584
18781,0.07460571825504303
18782,0.04295539855957031
18783,0.15323540568351746
18784,0.1235906332731247
18785,0.061458759009838104
18786,0.08224210143089294
18787,0.08122611045837402
18788,0.08532621711492538
18789,0.10981857776641846
18790,0.05614817142486572
18791,0.02216024324297905
18792,0.051453396677970886
18793,0.0335758738219738
18794,0.07889237254858017
18795,0.05869540572166443
18796,0.07861890643835068
18797,0.22711889445781708
18798,0.01853553019464016
18799,0.0892401784658432
18800,0.04965423792600632
18801,0.038396965712308884
18802,0.0486578643321991
18803,0.12194347381591797
18804,0.0910833403468132
18805,0.11030952632427216
18806,0.053884558379650116
18807,0.11902590841054916
18808,0.08577398955821991
18809,0.08388399332761765
18810,0.05943965166807175
18811,0.08979734778404236
18812,0.10796377062797546
18813,0.06586773693561554
18814,0.08991392701864243
18815,0.10689644515514374
18816,0.06588490307331085
18817,0.2310430407524109
18818,0.052520304918289185
18819,0.046382736414670944
18820,0.10305799543857574
18821,0.07227309048175812
18822,0.07303880155086517
18823,0.0860803946852684
18824,0.03015744686126709
18825,0.09551650285720825
18826,0.10225668549537659
18827,0.159077450633049
18828,0.08403965085744858
18829,0.08044801652431488
18830,0.08380383253097534
18831,0.0942537784576416
18832,0.03899889439344406
18833,0.04416593909263611
18834,0.03251451253890991
18835,0.12313374876976013
18836,0.09800392389297485
18837,0.21576039493083954
18838,0.059714626520872116
18839,0.07145673036575317
18840,0.07790486514568329
18841,0.13773737847805023
18842,0.1243966668844223
18843,0.03726256638765335
18844,0.07569046318531036
18845,0.06787706166505814
18846,0.02347145974636078
18847,0.09180404245853424
18848,0.10634119808673859
18849,0.058429598808288574
18850,0.02601691149175167
18851,0.09380542486906052
18852,0.07917517423629761
18853,0.1268107295036316
18854,0.04023955389857292
18855,0.08959480375051498
18856,0.055886052548885345
18857,0.03607933595776558
18858,0.05037775635719299
18859,0.060933660715818405
18860,0.0521371066570282
18861,0.07214541733264923
18862,0.08698727190494537
18863,0.11564826965332031
18864,0.10953748226165771
18865,0.09243398904800415
18866,0.05515178292989731
18867,0.06827204674482346
18868,0.05763822793960571
18869,0.06492114067077637
18870,0.10237748920917511
18871,0.08176567405462265
18872,0.08734498918056488
18873,0.07504954934120178
18874,0.08799804747104645
18875,0.0371653288602829
18876,0.08430981636047363
18877,0.1088651567697525
18878,0.09073294699192047
18879,0.08646233379840851
18880,0.044817738234996796
18881,0.049678027629852295
18882,0.05203261971473694
18883,0.1303519308567047
18884,0.09358759969472885
18885,0.03327011317014694
18886,0.026041071861982346
18887,0.0988275408744812
18888,0.04102782532572746
18889,0.12260746955871582
18890,0.14393112063407898
18891,0.0978749543428421
18892,0.10274021327495575
18893,0.1098484918475151
18894,0.1336955726146698
18895,0.06191440671682358
18896,0.053977083414793015
18897,0.04191073030233383
18898,0.10625553131103516
18899,0.04128555580973625
18900,0.11301692575216293
18901,0.07585329562425613
18902,0.023113440722227097
18903,0.03844834864139557
18904,0.06991225481033325
18905,0.06973528861999512
18906,0.07867666333913803
18907,0.17831943929195404
18908,0.031264953315258026
18909,0.06629548966884613
18910,0.12043881416320801
18911,0.11501426994800568
18912,0.10228564590215683
18913,0.10509119927883148
18914,0.13681566715240479
18915,0.0523713082075119
18916,0.020459609106183052
18917,0.04581713676452637
18918,0.04406549781560898
18919,0.07835234701633453
18920,0.17439842224121094
18921,0.12805704772472382
18922,0.0955856591463089
18923,0.06484954804182053
18924,0.06054346263408661
18925,0.023428305983543396
18926,0.07564132660627365
18927,0.11739515513181686
18928,0.020762193948030472
18929,0.08711731433868408
18930,0.06460940837860107
18931,0.1472623199224472
18932,0.08368559926748276
18933,0.06887126713991165
18934,0.03393227607011795
18935,0.21572840213775635
18936,0.04314984008669853
18937,0.04994518682360649
18938,0.042519163340330124
18939,0.06850963830947876
18940,0.07131196558475494
18941,0.10066269338130951
18942,0.1722181886434555
18943,0.0604703389108181
18944,0.060239553451538086
18945,0.09371127933263779
18946,0.13957953453063965
18947,0.07058708369731903
18948,0.08123637735843658
18949,0.04042764753103256
18950,0.13458678126335144
18951,0.07029131799936295
18952,0.04573717713356018
18953,0.2522743344306946
18954,0.06353922933340073
18955,0.041739389300346375
18956,0.08975301682949066
18957,0.16538669168949127
18958,0.07823614776134491
18959,0.13202723860740662
18960,0.0628940612077713
18961,0.08523531258106232
18962,0.062087930738925934
18963,0.04614466428756714
18964,0.07649543136358261
18965,0.11048364639282227
18966,0.05153200030326843
18967,0.1621398627758026
18968,0.03935733065009117
18969,0.11960387229919434
18970,0.0545625165104866
18971,0.1821359395980835
18972,0.05558926984667778
18973,0.014405476860702038
18974,0.08893375843763351
18975,0.15026967227458954
18976,0.12702219188213348
18977,0.04633910581469536
18978,0.05830351635813713
18979,0.09752927720546722
18980,0.10903286933898926
18981,0.06115169823169708
18982,0.02498883567750454
18983,0.0812898576259613
18984,0.03678028658032417
18985,0.0557355098426342
18986,0.05705108493566513
18987,0.07635681331157684
18988,0.057098567485809326
18989,0.02285800874233246
18990,0.11987479776144028
18991,0.09490828961133957
18992,0.05127633363008499
18993,0.04675143212080002
18994,0.2193395495414734
18995,0.042264174669981
18996,0.037019409239292145
18997,0.10807650536298752
18998,0.08722183108329773
18999,0.14026129245758057
19000,0.24630749225616455
19001,0.1438789963722229
19002,0.1992059201002121
19003,0.0867866724729538
19004,0.03478125482797623
19005,0.11572708189487457
19006,0.05628987401723862
19007,0.11512237787246704
19008,0.06699421256780624
19009,0.09045074880123138
19010,0.17283043265342712
19011,0.08039063215255737
19012,0.07831793278455734
19013,0.11338436603546143
19014,0.10555221885442734
19015,0.06898516416549683
19016,0.053755056113004684
19017,0.03362136706709862
19018,0.14629098773002625
19019,0.04952483996748924
19020,0.09218631684780121
19021,0.06796632707118988
19022,0.06658957153558731
19023,0.0678204670548439
19024,0.15021085739135742
19025,0.07372596114873886
19026,0.07008817046880722
19027,0.07070361077785492
19028,0.06916461139917374
19029,0.08030689507722855
19030,0.1222868412733078
19031,0.09017627686262131
19032,0.09509521722793579
19033,0.10372453927993774
19034,0.09465187788009644
19035,0.16748470067977905
19036,0.05478517338633537
19037,0.17785188555717468
19038,0.06773094087839127
19039,0.051894478499889374
19040,0.12520962953567505
19041,0.06998041272163391
19042,0.12170033901929855
19043,0.037168554961681366
19044,0.11120802164077759
19045,0.09924932569265366
19046,0.0743841826915741
19047,0.18095538020133972
19048,0.03256487846374512
19049,0.1723693311214447
19050,0.03770364448428154
19051,0.10014621913433075
19052,0.08750118315219879
19053,0.029998745769262314
19054,0.09835988283157349
19055,0.1559809148311615
19056,0.035332970321178436
19057,0.07469139993190765
19058,0.17041561007499695
19059,0.10862352699041367
19060,0.2309243381023407
19061,0.07547501474618912
19062,0.1372586190700531
19063,0.17161528766155243
19064,0.13364893198013306
19065,0.07669639587402344
19066,0.25415855646133423
19067,0.08636322617530823
19068,0.07425819337368011
19069,0.0696706622838974
19070,0.11533435434103012
19071,0.07805246114730835
19072,0.10667755454778671
19073,0.02983340434730053
19074,0.12158648669719696
19075,0.07897104322910309
19076,0.07606897503137589
19077,0.07836750149726868
19078,0.13086794316768646
19079,0.0947297215461731
19080,0.10544465482234955
19081,0.1365099847316742
19082,0.12717042863368988
19083,0.05941290780901909
19084,0.07728596031665802
19085,0.05936405062675476
19086,0.13493779301643372
19087,0.05733805149793625
19088,0.08404672145843506
19089,0.10853898525238037
19090,0.09229360520839691
19091,0.03710107132792473
19092,0.1098468154668808
19093,0.03640111908316612
19094,0.0725807175040245
19095,0.14890998601913452
19096,0.19827044010162354
19097,0.06995851546525955
19098,0.09360973536968231
19099,0.11530058085918427
19100,0.04767805337905884
19101,0.07938465476036072
19102,0.05234091728925705
19103,0.053207166492938995
19104,0.0737970620393753
19105,0.0846375972032547
19106,0.0788036659359932
19107,0.04480450600385666
19108,0.033149585127830505
19109,0.07939474284648895
19110,0.03285983204841614
19111,0.0721764862537384
19112,0.07933924347162247
19113,0.06668208539485931
19114,0.1212429404258728
19115,0.09741711616516113
19116,0.18297183513641357
19117,0.08695805072784424
19118,0.09122978150844574
19119,0.11292713135480881
19120,0.0700673758983612
19121,0.07047632336616516
19122,0.11172084510326385
19123,0.033312153071165085
19124,0.1333242654800415
19125,0.04394087195396423
19126,0.0710403248667717
19127,0.06317027658224106
19128,0.056211940944194794
19129,0.09603981673717499
19130,0.10199948400259018
19131,0.04795053228735924
19132,0.04251477122306824
19133,0.054466962814331055
19134,0.069578617811203
19135,0.09280949085950851
19136,0.14921501278877258
19137,0.054375164210796356
19138,0.09599830955266953
19139,0.0599895715713501
19140,0.0379989929497242
19141,0.11417438089847565
19142,0.026668604463338852
19143,0.03122112527489662
19144,0.08181764930486679
19145,0.11407339572906494
19146,0.014720523729920387
19147,0.04516247659921646
19148,0.13271069526672363
19149,0.1281997412443161
19150,0.0376516692340374
19151,0.09560298919677734
19152,0.095176562666893
19153,0.03357283025979996
19154,0.05356679856777191
19155,0.06371225416660309
19156,0.05873331427574158
19157,0.04223332926630974
19158,0.05107080191373825
19159,0.09819281101226807
19160,0.04756573960185051
19161,0.05283278226852417
19162,0.04976215958595276
19163,0.06360506266355515
19164,0.054969362914562225
19165,0.06267887353897095
19166,0.12012042105197906
19167,0.05593031644821167
19168,0.11565518379211426
19169,0.08011471480131149
19170,0.05119604989886284
19171,0.14399176836013794
19172,0.014419703744351864
19173,0.07131408900022507
19174,0.0846487432718277
19175,0.0570240318775177
19176,0.20656196773052216
19177,0.0679219663143158
19178,0.11624954640865326
19179,0.03400711715221405
19180,0.15339431166648865
19181,0.05637360364198685
19182,0.11020296812057495
19183,0.052728887647390366
19184,0.07918399572372437
19185,0.046146415174007416
19186,0.06509898602962494
19187,0.02162158116698265
19188,0.05517701804637909
19189,0.09254035353660583
19190,0.03795458376407623
19191,0.04501653462648392
19192,0.06316256523132324
19193,0.05789805203676224
19194,0.07967870682477951
19195,0.034604836255311966
19196,0.06073996052145958
19197,0.022730443626642227
19198,0.08286944031715393
19199,0.12020021677017212
19200,0.060679178684949875
19201,0.03898823261260986
19202,0.02814442664384842
19203,0.0690540298819542
19204,0.04685690999031067
19205,0.06189822778105736
19206,0.11356006562709808
19207,0.11199754476547241
19208,0.04530075937509537
19209,0.05149468034505844
19210,0.0481681153178215
19211,0.05328742414712906
19212,0.10134610533714294
19213,0.07634016871452332
19214,0.05438549444079399
19215,0.13503605127334595
19216,0.10717332363128662
19217,0.07466654479503632
19218,0.07479184120893478
19219,0.045719876885414124
19220,0.20987378060817719
19221,0.02719039097428322
19222,0.07918889075517654
19223,0.09901462495326996
19224,0.1622128188610077
19225,0.05197448283433914
19226,0.11377611011266708
19227,0.17746232450008392
19228,0.05551653355360031
19229,0.0739063024520874
19230,0.1392173171043396
19231,0.04955422133207321
19232,0.15602435171604156
19233,0.06952346861362457
19234,0.05163687467575073
19235,0.02373604103922844
19236,0.1495402455329895
19237,0.024830114096403122
19238,0.047533582895994186
19239,0.06102732941508293
19240,0.08057926595211029
19241,0.10256071388721466
19242,0.05915777385234833
19243,0.13405407965183258
19244,0.07195058465003967
19245,0.07362092286348343
19246,0.05184300243854523
19247,0.12768195569515228
19248,0.15324832499027252
19249,0.18214461207389832
19250,0.051334332674741745
19251,0.06384006142616272
19252,0.10112316906452179
19253,0.06305840611457825
19254,0.10921607911586761
19255,0.11660516262054443
19256,0.04473922401666641
19257,0.17568378150463104
19258,0.060854535549879074
19259,0.15168094635009766
19260,0.08613728731870651
19261,0.019600823521614075
19262,0.042720727622509
19263,0.09071043133735657
19264,0.08831124752759933
19265,0.1400667279958725
19266,0.06453410536050797
19267,0.10790952295064926
19268,0.07882998883724213
19269,0.10136168450117111
19270,0.1557120382785797
19271,0.08093862235546112
19272,0.09195125102996826
19273,0.12703774869441986
19274,0.038635075092315674
19275,0.14759403467178345
19276,0.053552575409412384
19277,0.28858351707458496
19278,0.048948995769023895
19279,0.025116335600614548
19280,0.05954193323850632
19281,0.06579959392547607
19282,0.044992636889219284
19283,0.05814557522535324
19284,0.12336969375610352
19285,0.0712856575846672
19286,0.0753042995929718
19287,0.07338770478963852
19288,0.05361761152744293
19289,0.02916330099105835
19290,0.06296702474355698
19291,0.08261550217866898
19292,0.02828224003314972
19293,0.06131387874484062
19294,0.04092550650238991
19295,0.09578335285186768
19296,0.04159516841173172
19297,0.08038198202848434
19298,0.08169509470462799
19299,0.06150887534022331
19300,0.047530367970466614
19301,0.06664197146892548
19302,0.07309657335281372
19303,0.07690339535474777
19304,0.05662161111831665
19305,0.07104536890983582
19306,0.07510663568973541
19307,0.043419770896434784
19308,0.11829669773578644
19309,0.04610699415206909
19310,0.13579557836055756
19311,0.15470610558986664
19312,0.09098482131958008
19313,0.10067155212163925
19314,0.12312161922454834
19315,0.21951961517333984
19316,0.07585012912750244
19317,0.10176710784435272
19318,0.10878545045852661
19319,0.08747725188732147
19320,0.145798459649086
19321,0.07021328806877136
19322,0.08501740545034409
19323,0.10148949921131134
19324,0.012945085763931274
19325,0.055012546479701996
19326,0.17303846776485443
19327,0.04886171221733093
19328,0.14267322421073914
19329,0.11597222089767456
19330,0.1538240611553192
19331,0.06546632945537567
19332,0.09346433728933334
19333,0.10588262975215912
19334,0.12235558032989502
19335,0.0354238860309124
19336,0.10347222536802292
19337,0.06824594736099243
19338,0.12021937221288681
19339,0.053777359426021576
19340,0.15238454937934875
19341,0.08367546647787094
19342,0.08364873379468918
19343,0.09959493577480316
19344,0.09884040802717209
19345,0.12455441802740097
19346,0.03234497457742691
19347,0.11592830717563629
19348,0.08966328948736191
19349,0.037632644176483154
19350,0.04349678382277489
19351,0.052057914435863495
19352,0.04352802038192749
19353,0.0436725914478302
19354,0.16092586517333984
19355,0.037527646869421005
19356,0.05477422475814819
19357,0.053887270390987396
19358,0.03240559995174408
19359,0.08541476726531982
19360,0.052122123539447784
19361,0.03988315910100937
19362,0.03351759910583496
19363,0.13418135046958923
19364,0.15604764223098755
19365,0.05275225639343262
19366,0.049150191247463226
19367,0.09956511110067368
19368,0.11421855539083481
19369,0.05267494171857834
19370,0.13242483139038086
19371,0.07004481554031372
19372,0.1100943312048912
19373,0.19345951080322266
19374,0.06213725730776787
19375,0.042696502059698105
19376,0.016033919528126717
19377,0.04955234378576279
19378,0.06151839345693588
19379,0.0429365448653698
19380,0.14481717348098755
19381,0.1554722785949707
19382,0.03213771432638168
19383,0.1377728134393692
19384,0.09791692346334457
19385,0.14888308942317963
19386,0.19935017824172974
19387,0.17738166451454163
19388,0.1474907100200653
19389,0.05404188856482506
19390,0.1559896469116211
19391,0.06335985660552979
19392,0.04626484960317612
19393,0.06377412378787994
19394,0.06398066878318787
19395,0.06862349808216095
19396,0.23368293046951294
19397,0.16858452558517456
19398,0.060674622654914856
19399,0.06385616213083267
19400,0.1385681927204132
19401,0.05683263763785362
19402,0.07214191555976868
19403,0.1863076090812683
19404,0.04753453657031059
19405,0.04561120271682739
19406,0.06705570220947266
19407,0.05427805706858635
19408,0.05236898362636566
19409,0.1189323291182518
19410,0.10339878499507904
19411,0.15270912647247314
19412,0.11583076417446136
19413,0.07163024693727493
19414,0.08899913728237152
19415,0.05028575658798218
19416,0.2094857543706894
19417,0.09041851758956909
19418,0.05676303431391716
19419,0.12352987378835678
19420,0.08462181687355042
19421,0.100550077855587
19422,0.12467281520366669
19423,0.0500582680106163
19424,0.16112132370471954
19425,0.06901451200246811
19426,0.08178181946277618
19427,0.07378561049699783
19428,0.04941512271761894
19429,0.09499740600585938
19430,0.0942051038146019
19431,0.13262873888015747
19432,0.05949932336807251
19433,0.1283111572265625
19434,0.04332011938095093
19435,0.05495421215891838
19436,0.15832531452178955
19437,0.054211221635341644
19438,0.07643093168735504
19439,0.03205731511116028
19440,0.029116256162524223
19441,0.2125312089920044
19442,0.04287204146385193
19443,0.11348666250705719
19444,0.11051218211650848
19445,0.06594906747341156
19446,0.15222090482711792
19447,0.10970151424407959
19448,0.17860077321529388
19449,0.09846236556768417
19450,0.052264343947172165
19451,0.06039145588874817
19452,0.01777191273868084
19453,0.12946471571922302
19454,0.11941354721784592
19455,0.07037845253944397
19456,0.0952029824256897
19457,0.08292841911315918
19458,0.050175990909338
19459,0.07346677780151367
19460,0.049216896295547485
19461,0.16464689373970032
19462,0.1734616756439209
19463,0.06631128489971161
19464,0.15847790241241455
19465,0.06638473272323608
19466,0.10180345177650452
19467,0.06731230020523071
19468,0.10629867017269135
19469,0.06767341494560242
19470,0.09397076070308685
19471,0.11590182781219482
19472,0.11611419916152954
19473,0.04651337116956711
19474,0.09393211454153061
19475,0.1212102621793747
19476,0.17103227972984314
19477,0.046863287687301636
19478,0.02467496693134308
19479,0.07065831869840622
19480,0.04427848756313324
19481,0.17109617590904236
19482,0.07172781229019165
19483,0.12830786406993866
19484,0.06501423567533493
19485,0.05056300014257431
19486,0.06813787668943405
19487,0.15766994655132294
19488,0.0382518395781517
19489,0.1567694991827011
19490,0.1661156713962555
19491,0.11988435685634613
19492,0.019911138340830803
19493,0.08347344398498535
19494,0.05563288927078247
19495,0.0706816166639328
19496,0.06595081090927124
19497,0.033821336925029755
19498,0.07639168202877045
19499,0.10091762244701385
19500,0.1537543386220932
19501,0.10480082035064697
19502,0.03281272202730179
19503,0.043038975447416306
19504,0.12891237437725067
19505,0.06081768497824669
19506,0.10588853061199188
19507,0.11815392971038818
19508,0.09059906005859375
19509,0.0741339847445488
19510,0.06423985213041306
19511,0.08395354449748993
19512,0.043419502675533295
19513,0.11050084233283997
19514,0.10082393139600754
19515,0.03580675646662712
19516,0.08567081391811371
19517,0.08010774850845337
19518,0.031562838703393936
19519,0.09323285520076752
19520,0.031997621059417725
19521,0.07324593514204025
19522,0.09476407617330551
19523,0.07638825476169586
19524,0.03755764663219452
19525,0.09795163571834564
19526,0.06672003120183945
19527,0.15100276470184326
19528,0.029687417671084404
19529,0.1045324057340622
19530,0.04303131625056267
19531,0.08821173012256622
19532,0.056213151663541794
19533,0.07535218447446823
19534,0.054240189492702484
19535,0.08053846657276154
19536,0.06521478295326233
19537,0.09507691115140915
19538,0.050692521035671234
19539,0.058552008122205734
19540,0.05384054407477379
19541,0.05121008679270744
19542,0.11047972738742828
19543,0.10561730712652206
19544,0.041695933789014816
19545,0.12561188638210297
19546,0.024670829996466637
19547,0.04458997771143913
19548,0.04897615313529968
19549,0.27586647868156433
19550,0.042753636837005615
19551,0.07524394989013672
19552,0.06806358695030212
19553,0.06234132498502731
19554,0.08754654228687286
19555,0.049156010150909424
19556,0.07643979042768478
19557,0.03138414025306702
19558,0.08699387311935425
19559,0.06476109474897385
19560,0.08062110841274261
19561,0.030276816338300705
19562,0.05564813315868378
19563,0.05086391419172287
19564,0.14834071695804596
19565,0.03230428695678711
19566,0.0724344402551651
19567,0.05996222421526909
19568,0.07708834856748581
19569,0.035700470209121704
19570,0.043775349855422974
19571,0.08777376264333725
19572,0.0471208319067955
19573,0.09414689242839813
19574,0.033529795706272125
19575,0.0791696310043335
19576,0.06439753621816635
19577,0.0844457745552063
19578,0.25440284609794617
19579,0.010481810197234154
19580,0.14993754029273987
19581,0.122126504778862
19582,0.12826333940029144
19583,0.059918489307165146
19584,0.06808731704950333
19585,0.1381130963563919
19586,0.0600709430873394
19587,0.054053179919719696
19588,0.12609082460403442
19589,0.0955161452293396
19590,0.057592280209064484
19591,0.13538357615470886
19592,0.03513079881668091
19593,0.12962612509727478
19594,0.05247952789068222
19595,0.07900163531303406
19596,0.03109806776046753
19597,0.09633006900548935
19598,0.06818969547748566
19599,0.0712977945804596
19600,0.0364571288228035
19601,0.07538305222988129
19602,0.07124501466751099
19603,0.08839979022741318
19604,0.09429174661636353
19605,0.10784514248371124
19606,0.09322404861450195
19607,0.08813031762838364
19608,0.08182840794324875
19609,0.1903560608625412
19610,0.2075059860944748
19611,0.07508896291255951
19612,0.054103296250104904
19613,0.15869180858135223
19614,0.04092899337410927
19615,0.0559924952685833
19616,0.1473456770181656
19617,0.0613795630633831
19618,0.060157280415296555
19619,0.10141035169363022
19620,0.11000936478376389
19621,0.09482888877391815
19622,0.0415240116417408
19623,0.08898039907217026
19624,0.12502843141555786
19625,0.11489614099264145
19626,0.05529577657580376
19627,0.07440277934074402
19628,0.10173317790031433
19629,0.12289535254240036
19630,0.07047039270401001
19631,0.07248303294181824
19632,0.15534770488739014
19633,0.05282585322856903
19634,0.01964476890861988
19635,0.07522473484277725
