ID,score
0,-0.0777199119329452
1,-0.0679327622056007
2,-0.0452565103769302
3,-0.0226377937942743
4,-0.0828607901930809
5,-0.0565763898193836
6,-0.0312627367675304
7,-0.0726538076996803
8,-0.0804231986403465
9,-0.0767609253525734
10,-0.1107577979564666
11,-0.0423585698008537
12,-0.096741646528244
13,-0.0767518952488899
14,-0.07216127961874
15,-0.0383439138531684
16,-0.0731705352663993
17,-0.0771710649132728
18,-0.0735755637288093
19,-0.0289229620248079
20,-0.0464335940778255
21,-0.0773096084594726
22,-0.0567389614880085
23,-0.0665272250771522
24,-0.0583384707570076
25,-0.0735837072134018
26,-0.0832092240452766
27,-0.0840022414922714
28,-0.0779669433832168
29,-0.0724920779466629
30,-0.0553304590284824
31,-0.0427235402166843
32,-0.0436608865857124
33,-0.0706456303596496
34,-0.0649574622511863
35,-0.0485845729708671
36,-0.0816837325692176
37,-0.0471951551735401
38,-0.0187993645668029
39,-0.0823542550206184
40,-0.0568972826004028
41,-0.0837369784712791
42,-0.046951550990343
43,-0.0222537312656641
44,-0.0534186698496341
45,-0.0197352562099695
46,-0.0809074938297271
47,-0.0265482310205698
48,-0.0552393049001693
49,-0.0765039026737213
50,-0.0676468908786773
51,-0.0490720979869365
52,-0.0728784129023552
53,-0.0839432850480079
54,-0.088742047548294
55,-0.0856886059045791
56,-0.068582683801651
57,-0.0375710316002368
58,-0.0642538890242576
59,-0.0716007947921752
60,-0.0791054740548133
61,-0.0820441991090774
62,-0.0669232979416847
63,-0.075149156153202
64,-0.054190520197153
65,-0.084551103413105
66,-0.0708981230854988
67,-0.0804621279239654
68,-0.0192235466092824
69,-0.0602843575179576
70,-0.0908928886055946
71,-0.0610315799713134
72,-0.0408706553280353
73,-0.0907308757305145
74,-0.0871695950627327
75,-0.0239663384854793
76,-0.0795176923274993
77,-0.0629218146204948
78,-0.0741318091750145
79,-0.0124607682228088
80,-0.045759093016386
81,-0.0683082714676857
82,-0.0685083642601966
83,-0.0427660346031188
84,-0.0428022481501102
85,-0.0551891550421714
86,-0.0803209692239761
87,-0.0381216630339622
88,-0.0555675886571407
89,-0.0951734334230423
90,-0.0156039483845233
91,-0.027120292186737
92,-0.0782211869955062
93,-0.034451812505722
94,-0.0731714144349098
95,-0.0753985568881034
96,-0.0698826313018798
97,-0.0755078569054603
98,-0.0612757727503776
99,-0.0715601593255996
100,-0.0467650927603244
101,-0.0462286733090877
102,-0.0815345272421836
103,-0.0582860372960567
104,-0.0806274488568306
105,-0.0383460000157356
106,-0.0499400272965431
107,-0.0523786656558513
108,-0.0277205035090446
109,-0.0723280683159828
110,-0.0687145516276359
111,-0.0783901810646057
112,-0.0138212824240326
113,-0.074144572019577
114,-0.0597078092396259
115,-0.0813743248581886
116,-0.081082172691822
117,-0.029314512386918
118,-0.0555957444012165
119,-0.0510566905140876
120,-0.0866659432649612
121,-0.0784274637699127
122,-0.0596637800335884
123,-0.0838115513324737
124,-0.0629343017935752
125,-0.0588526464998722
126,-0.0738880932331085
127,-0.0493422038853168
128,-0.0766432434320449
129,-0.0735417976975441
130,-0.0708417296409607
131,-0.0855493918061256
132,-0.0752473920583725
133,-0.0889229401946067
134,-0.0923873856663703
135,-0.060395173728466
136,-0.069288894534111
137,-0.0758094787597656
138,-0.111788734793663
139,-0.0973212122917175
140,-0.0590518303215503
141,-0.044461466372013
142,-0.0440512932837009
143,-0.0297006499022245
144,-0.0410629510879516
145,-0.0510885119438171
146,-0.0501017980277538
147,-0.0737992376089096
148,-0.0472324006259441
149,-0.07216826826334
150,-0.0674357265233993
151,-0.0679280459880828
152,-0.0792788937687873
153,-0.0956309214234352
154,-0.0518499203026294
155,-0.069410540163517
156,-0.0771659612655639
157,-0.0786307379603385
158,-0.0505365878343582
159,-0.07118821144104
160,-0.0851147174835205
161,-0.0108432369306683
162,-0.0469905138015747
163,-0.0705323591828346
164,-0.0462015196681022
165,-0.0555949360132217
166,-0.083687886595726
167,-0.0928106233477592
168,-0.0079820090904831
169,-0.0228614881634712
170,-0.0755203068256378
171,-0.0593144707381725
172,-0.0652811154723167
173,-0.0562858507037162
174,-0.0839538499712944
175,-0.0345683507621288
176,-0.0365156084299087
177,-0.0309340897947549
178,-0.0566233284771442
179,-0.0772941783070564
180,-0.0449948869645595
181,-0.0747999921441078
182,-0.0625341832637786
183,-0.0650397613644599
184,-0.0336092486977577
185,-0.0626314505934715
186,-0.0728999450802803
187,-0.0482388399541378
188,-0.0927895978093147
189,-0.0732256770133972
190,-0.0220684688538312
191,-0.0295936129987239
192,-0.0447681844234466
193,-0.0781892538070678
194,-0.0123945958912372
195,-0.077531486749649
196,-0.0767357349395752
197,-0.0613679885864257
198,-0.080628402531147
199,-0.0631116107106208
200,-0.0609703660011291
201,-0.0571617558598518
202,-0.0553945451974868
203,-0.0331329703330993
204,-0.0255387518554925
205,-0.0793292969465255
206,-0.1237578392028808
207,-0.0544970706105232
208,-0.1060198917984962
209,-0.0848472118377685
210,-0.0448878966271877
211,-0.0705879628658294
212,-0.0405280031263828
213,-0.0208742171525955
214,-0.0811272040009498
215,-0.069714680314064
216,-0.0791660249233245
217,-0.0764623582363128
218,-0.060605552047491
219,-0.0734037533402443
220,-0.0443543754518032
221,-0.082033172249794
222,-0.0651556998491287
223,-0.0466849394142627
224,-0.0449941493570804
225,-0.0594627447426319
226,-0.0439150258898735
227,-0.0510188080370426
228,-0.1018264889717102
229,-0.0359327979385852
230,-0.0802419036626815
231,-0.0706972852349281
232,-0.0509085617959499
233,-0.1135616078972816
234,-0.0510481521487236
235,-0.0489601679146289
236,-0.0780057087540626
237,-0.074379064142704
238,-0.0432132668793201
239,-0.0563829466700553
240,-0.0670817121863365
241,-0.0460780672729015
242,-0.127891257405281
243,-0.077669471502304
244,-0.1104643866419792
245,-0.0652311816811561
246,-0.0564014129340648
247,-0.04912069439888
248,-0.0297224782407283
249,-0.0446421615779399
250,-0.0643825680017471
251,-0.0572370700538158
252,-0.0473794341087341
253,-0.0901596620678901
254,-0.0687722265720367
255,-0.021986037492752
256,-0.0332023985683918
257,-0.0353832431137561
258,-0.069154679775238
259,-0.0808088034391403
260,-0.0799529179930687
261,-0.0537720993161201
262,-0.0674249157309532
263,-0.071247674524784
264,-0.0627609267830848
265,-0.0700875893235206
266,-0.0829216614365577
267,-0.0673491731286048
268,-0.0245298985391855
269,-0.0805647149682045
270,-0.0261517819017171
271,-0.066077284514904
272,-0.0616168715059757
273,-0.0711998492479324
274,-0.0406727865338325
275,-0.0837747231125831
276,-0.067793920636177
277,-0.0768414810299873
278,-0.035286720842123
279,-0.0421892516314983
280,-0.0309859942644834
281,-0.0715221539139747
282,-0.0755846872925758
283,-0.0837315768003463
284,-0.0579290315508842
285,-0.0095093958079814
286,-0.0448192358016967
287,-0.0743861272931099
288,-0.0533009506762027
289,-0.0727833285927772
290,-0.0626652091741561
291,-0.0422241352498531
292,-0.0299037192016839
293,-0.0778684988617897
294,-0.0349679365754127
295,-0.0685188621282577
296,-0.0259334221482276
297,-0.0825979858636856
298,-0.067570686340332
299,-0.0707798674702644
300,-0.0309520326554775
301,-0.059153139591217
302,-0.0369306802749633
303,-0.0370526649057865
304,-0.1039471104741096
305,-0.0582407116889953
306,-0.0781524404883384
307,-0.0688252225518226
308,-0.0562862642109394
309,-0.0624160505831241
310,-0.0777584686875343
311,-0.0365606471896171
312,-0.0982193052768707
313,-0.0772913917899131
314,-0.0939144045114517
315,-0.0728918761014938
316,-0.0248196385800838
317,-0.0678027644753456
318,-0.06563251465559
319,-0.0578906685113906
320,-0.0682481899857521
321,-0.0986132621765136
322,-0.070092000067234
323,-0.1100462451577186
324,-0.0454211123287677
325,-0.0550929568707942
326,-0.0105654140934348
327,-0.1127933636307716
328,-0.0801024213433265
329,-0.0705251842737197
330,-0.0522186234593391
331,-0.057991437613964
332,-0.0448946356773376
333,-0.08350370824337
334,-0.0651501640677452
335,-0.0256484020501375
336,-0.0935389325022697
337,-0.0699584782123565
338,-0.0798642113804817
339,-0.051174696534872
340,-0.0815290510654449
341,-0.0222663413733243
342,-0.0857007429003715
343,-0.09396293759346
344,-0.0695809945464134
345,-0.0636093914508819
346,-0.1019501462578773
347,-0.0791969448328018
348,-0.0731515288352966
349,-0.0157098546624183
350,-0.0389276891946792
351,-0.0761841163039207
352,-0.0667209774255752
353,-0.0751088336110115
354,-0.0638507753610611
355,-0.0786790028214454
356,-0.0737075433135032
357,-0.058179635554552
358,-0.0631618872284889
359,-0.071061298251152
360,-0.0693765059113502
361,-0.0704069510102272
362,-0.0784752517938613
363,-0.0658461898565292
364,-0.0425945669412612
365,-0.0479942895472049
366,-0.0791160389780998
367,-0.052946351468563
368,-0.0833112895488739
369,-0.0735638812184333
370,-0.0945271030068397
371,-0.0605911426246166
372,-0.054814763367176
373,-0.0423482358455657
374,-0.0614627934992313
375,-0.0780447944998741
376,-0.0602783486247062
377,-0.0585796497762203
378,-0.0319283343851566
379,-0.0588684156537056
380,-0.0738356411457061
381,-0.0670764073729515
382,-0.0642121434211731
383,-0.0646759569644928
384,-0.0508715696632862
385,-0.0168240033090114
386,-0.0810460224747657
387,-0.0773990526795387
388,-0.0733378827571868
389,-0.0699814707040786
390,-0.0498440489172935
391,-0.1015855222940445
392,-0.0621165819466114
393,-0.0679782778024673
394,-0.0456989854574203
395,-0.0942511186003685
396,-0.0348647311329841
397,-0.0476701520383358
398,-0.0704201310873031
399,-0.0711283311247825
400,-0.0140063762664794
401,-0.0626746788620948
402,-0.0542474389076232
403,-0.067668117582798
404,-0.0659094303846359
405,-0.0298643242567777
406,-0.0703273713588714
407,-0.0722132101655006
408,-0.0757312774658203
409,-0.0744033381342887
410,-0.0543284304440021
411,-0.0704446211457252
412,-0.040704071521759
413,-0.0713389217853546
414,-0.0630579218268394
415,-0.0560009740293026
416,-0.0792096778750419
417,-0.0190054234117269
418,-0.0681007727980613
419,-0.0836079344153404
420,-0.0768386274576187
421,-0.075541503727436
422,-0.0686092153191566
423,-0.0788180604577064
424,-0.0876177325844764
425,-0.0786724388599395
426,-0.0836592763662338
427,-0.0842584148049354
428,-0.0512990243732929
429,-0.0668096542358398
430,-0.070603109896183
431,-0.0535133369266986
432,-0.1263615190982818
433,-0.1048822030425071
434,-0.0710801631212234
435,-0.085786260664463
436,-0.0684672519564628
437,-0.0768139511346817
438,-0.0680928379297256
439,-0.0432039387524127
440,-0.0771255269646644
441,-0.0705691576004028
442,-0.0716708302497863
443,-0.0867536887526512
444,-0.0654194131493568
445,-0.0866772979497909
446,-0.076016865670681
447,-0.0184572339057922
448,-0.0297415256500244
449,-0.028653685003519
450,-0.0916130468249321
451,-0.0603425242006778
452,-0.0181084740906953
453,-0.0544086694717407
454,-0.0592794902622699
455,-0.0468803830444812
456,-0.0777852907776832
457,-0.081074871122837
458,-0.095780111849308
459,-0.0937056690454483
460,-0.0972344502806663
461,-0.0612744837999343
462,-0.0609704405069351
463,-0.0482119433581829
464,-0.073509931564331
465,-0.0502020195126533
466,-0.0844344422221183
467,-0.0520808733999729
468,-0.0846411138772964
469,-0.0635105296969413
470,-0.0783868432044982
471,-0.0703999251127243
472,-0.0572346970438957
473,-0.0911288633942604
474,-0.0513849332928657
475,-0.0468334630131721
476,-0.083865649998188
477,-0.0506304837763309
478,-0.0722607374191284
479,-0.0428469255566597
480,-0.0502258390188217
481,-0.07753536850214
482,-0.0513000078499317
483,-0.0719445943832397
484,-0.040370512753725
485,-0.0730064138770103
486,-0.0500202998518943
487,-0.0679908990859985
488,-0.0632927864789962
489,-0.0936687812209129
490,-0.0726532116532325
491,-0.0478152446448802
492,-0.0484491400420665
493,-0.0392935834825038
494,-0.091080218553543
495,-0.0796286836266517
496,-0.0599548108875751
497,-0.0747422650456428
498,-0.0695599168539047
499,-0.0937594175338745
500,-0.0424474328756332
501,-0.04013267531991
502,-0.0593237206339836
503,-0.0518949627876281
504,-0.052761573344469
505,-0.0703362077474594
506,-0.0676729455590248
507,-0.0658750683069229
508,-0.0734703913331031
509,-0.0365348421037197
510,-0.0673722401261329
511,-0.0813753083348274
512,-0.0741804018616676
513,-0.0782445594668388
514,-0.0548368245363235
515,-0.0871761217713356
516,-0.0630276724696159
517,-0.035969540476799
518,-0.0735314711928367
519,-0.0504162609577178
520,-0.0955304726958274
521,-0.052634697407484
522,-0.0549112260341644
523,-0.0329114831984043
524,-0.0777910128235817
525,-0.0787211284041404
526,-0.0391437374055385
527,-0.0200619455426931
528,-0.0785269141197204
529,-0.0609513409435749
530,-0.0531719662249088
531,-0.0503621995449066
532,-0.0827938318252563
533,-0.0702324882149696
534,-0.095056414604187
535,-0.0609418042004108
536,-0.0531237535178661
537,-0.074706070125103
538,-0.0332903042435646
539,-0.0636832490563392
540,-0.0593342706561088
541,-0.0707557797431945
542,-0.0537857115268707
543,-0.0736435577273368
544,-0.0725892558693885
545,-0.0304775964468717
546,-0.0706658586859703
547,-0.0160847846418619
548,-0.0749713331460952
549,-0.027484031394124
550,-0.0766823813319206
551,-0.0304943453520536
552,-0.0561089664697647
553,-0.0537245273590087
554,-0.0277593806385993
555,-0.0563339255750179
556,-0.0504377968609333
557,-0.0980746522545814
558,-0.0578729920089244
559,-0.0537205934524536
560,-0.081808902323246
561,-0.0225693229585886
562,-0.0560086518526077
563,-0.0748232156038284
564,-0.0407241061329841
565,-0.0711318552494049
566,-0.0436965003609657
567,-0.079115055501461
568,-0.071221113204956
569,-0.0610603690147399
570,-0.083719827234745
571,-0.0617838911712169
572,-0.0651466622948646
573,-0.0676134750247001
574,-0.0707402005791664
575,-0.0803669691085815
576,-0.0801688209176063
577,-0.0586493425071239
578,-0.0388540141284465
579,-0.076618418097496
580,-0.0812924280762672
581,-0.0695981755852699
582,-0.0946469604969024
583,-0.0507078170776367
584,-0.0250162072479724
585,-0.0879002809524536
586,-0.0563868097960948
587,-0.0648603066802024
588,-0.0893512144684791
589,-0.076776422560215
590,-0.0799800381064415
591,-0.0649385154247284
592,-0.0623899847269058
593,-0.0349706560373306
594,-0.0481594689190387
595,-0.0871949046850204
596,-0.0752081573009491
597,-0.0452143065631389
598,-0.0648731440305709
599,-0.0792425200343132
600,-0.0415391735732555
601,-0.0305833723396062
602,-0.0595443844795227
603,-0.1048550233244896
604,-0.0796947181224823
605,-0.0639182031154632
606,-0.0520278625190258
607,-0.0660738050937652
608,-0.0362890474498271
609,-0.075265385210514
610,-0.0845912843942642
611,-0.0277943275868892
612,-0.0762412920594215
613,-0.0804044157266616
614,-0.0780630260705947
615,-0.0359004996716976
616,-0.0217106733471155
617,-0.0500742085278034
618,-0.0564067251980304
619,-0.0716608464717865
620,-0.0748366490006446
621,-0.0326691418886184
622,-0.0214371364563703
623,-0.0491733476519584
624,-0.0618004538118839
625,-0.0532548315823078
626,-0.0724010020494461
627,-0.0552361607551574
628,-0.0279433988034725
629,-0.0657815262675285
630,-0.0730601325631141
631,-0.0900061950087547
632,-0.0941336750984191
633,-0.0853823870420456
634,-0.0753418654203414
635,-0.043425403535366
636,-0.0829831212759018
637,-0.0600938685238361
638,-0.0849039331078529
639,-0.0541086792945861
640,-0.0521624386310577
641,-0.0318100228905677
642,-0.0445268303155899
643,-0.0837962999939918
644,-0.0486648604273796
645,-0.0913596376776695
646,-0.107902742922306
647,-0.0574850626289844
648,-0.0542570613324642
649,-0.0760155469179153
650,-0.0336438454687595
651,-0.0683638155460357
652,-0.0570854358375072
653,-0.0442835502326488
654,-0.0272961594164371
655,-0.0944845378398895
656,-0.0774422064423561
657,-0.0639156922698021
658,-0.0606097653508186
659,-0.0437961630523204
660,-0.0769263356924057
661,-0.0671733990311622
662,-0.0627049729228019
663,-0.0891993567347526
664,-0.0759216174483299
665,-0.0555557422339916
666,-0.0672311410307884
667,-0.0906246826052665
668,-0.0784400701522827
669,-0.0841649323701858
670,-0.0721862018108367
671,-0.0681560412049293
672,-0.0444883145391941
673,-0.0795784965157508
674,-0.0796390026807785
675,-0.0652797594666481
676,-0.0496789030730724
677,-0.063677467405796
678,-0.0765502974390983
679,-0.0738973841071128
680,-0.0596076250076293
681,-0.0578633286058902
682,-0.011955146677792
683,-0.0681008100509643
684,-0.075212575495243
685,-0.0579519271850585
686,-0.0985835567116737
687,-0.0775379613041877
688,-0.0855370610952377
689,-0.0780727863311767
690,-0.0700243934988975
691,-0.0463466644287109
692,-0.0813851356506347
693,-0.062770701944828
694,-0.0837445110082626
695,-0.1019928753376007
696,-0.0804172977805137
697,-0.0873364880681037
698,-0.0814283192157745
699,-0.0142317712306976
700,-0.0650060549378395
701,-0.0692929998040199
702,-0.0725676119327545
703,-0.0805740058422088
704,-0.063601903617382
705,-0.0455041788518428
706,-0.0553281791508197
707,-0.079252153635025
708,-0.0819173753261566
709,-0.0782828405499458
710,-0.02761803381145
711,-0.1012872830033302
712,-0.0515768378973007
713,-0.0717010572552681
714,-0.0849674418568611
715,-0.0363967977464199
716,-0.01489142421633
717,-0.0475874543190002
718,-0.0854751989245414
719,-0.0881563425064086
720,-0.0524698384106159
721,-0.0798845887184143
722,-0.0693594142794609
723,-0.0771608129143714
724,-0.068051591515541
725,-0.0738558247685432
726,-0.0936137214303016
727,-0.1038476526737213
728,-0.0517577081918716
729,-0.0530118085443973
730,-0.0810125395655632
731,-0.0811375752091407
732,-0.0865903496742248
733,-0.0826277881860733
734,-0.0819327384233474
735,-0.0531233809888362
736,-0.0634436458349227
737,-0.0517562143504619
738,-0.0601841211318969
739,-0.1065202578902244
740,-0.0424589775502681
741,-0.0666755810379982
742,-0.0647844821214675
743,-0.0730155259370803
744,-0.0741949900984764
745,-0.0710322186350822
746,-0.0406377837061882
747,-0.0861535742878913
748,-0.0748421624302864
749,-0.0626666694879531
750,-0.0720986574888229
751,-0.058870330452919
752,-0.1061183810234069
753,-0.0486973188817501
754,-0.0508832819759845
755,-0.0314280316233634
756,-0.0234774183481931
757,-0.0590847320854663
758,-0.075528360903263
759,-0.0608054213225841
760,-0.0565215088427066
761,-0.0738188549876213
762,-0.0601117350161075
763,-0.0779039859771728
764,-0.0540426634252071
765,-0.0442448407411575
766,-0.0364643149077892
767,-0.0484892651438713
768,-0.0710239633917808
769,-0.0424039475619792
770,-0.0910906642675399
771,-0.058764774352312
772,-0.0771608725190162
773,-0.0368060581386089
774,-0.0756745487451553
775,-0.0662474781274795
776,-0.0808145627379417
777,-0.0755402669310569
778,-0.0640814006328582
779,-0.0304478369653224
780,-0.0672308355569839
781,-0.0598868988454341
782,-0.0250405594706535
783,-0.0675678104162216
784,-0.0681989267468452
785,-0.0610188134014606
786,-0.0503279529511928
787,-0.0832993537187576
788,-0.0990280285477638
789,-0.0582796409726142
790,-0.0559952072799205
791,-0.0595419816672802
792,-0.0684680566191673
793,-0.0702753514051437
794,-0.072881668806076
795,-0.0456705503165721
796,-0.0888023152947425
797,-0.0840366557240486
798,-0.0807620659470558
799,-0.0515323206782341
800,-0.0625145211815834
801,-0.0781808421015739
802,-0.0590411163866519
803,-0.0389084704220294
804,-0.0806085243821144
805,-0.0612546950578689
806,-0.0464099533855915
807,-0.0730601400136947
808,-0.0762294009327888
809,-0.0668049827218055
810,-0.056409690529108
811,-0.0257945004850626
812,-0.0657901912927627
813,-0.0657875761389732
814,-0.0342077799141407
815,-0.0625478625297546
816,-0.054837130010128
817,-0.0765627026557922
818,-0.0730844885110855
819,-0.06753970682621
820,-0.0564406439661979
821,-0.0872997790575027
822,-0.0773842632770538
823,-0.0439654886722564
824,-0.0667137205600738
825,-0.0495934411883354
826,-0.0917544290423393
827,-0.0343123264610767
828,-0.0105797545984387
829,-0.0391359217464923
830,-0.0543526336550712
831,-0.0237590633332729
832,-0.0288188587874174
833,-0.053288746625185
834,-0.0776485800743103
835,-0.0659857541322708
836,-0.030213363468647
837,-0.0516180321574211
838,-0.0576885528862476
839,-0.0954666063189506
840,-0.083407275378704
841,-0.0587006397545337
842,-0.0779079869389534
843,-0.0895566865801811
844,-0.057128719985485
845,-0.0795771107077598
846,-0.0340352691709995
847,-0.0553892515599727
848,-0.0950360298156738
849,-0.0130566172301769
850,-0.0637406334280967
851,-0.0343759804964065
852,-0.0419895388185977
853,-0.0411735437810421
854,-0.0492128916084766
855,-0.0727156549692154
856,-0.0696918293833732
857,-0.1041122749447822
858,-0.0246503204107284
859,-0.0658385828137397
860,-0.0590113997459411
861,-0.0761962309479713
862,-0.0876181498169899
863,-0.0632055550813674
864,-0.063930906355381
865,-0.0511764548718929
866,-0.060892853885889
867,-0.0545496083796024
868,-0.0600739046931266
869,-0.0416872538626194
870,-0.0605531521141529
871,-0.075920432806015
872,-0.0247746538370847
873,-0.0845654383301734
874,-0.082169584929943
875,-0.0417574755847454
876,-0.0559366531670093
877,-0.0481951422989368
878,-0.0621462352573871
879,-0.0845715627074241
880,-0.0826360508799552
881,-0.0441525168716907
882,-0.0326852798461914
883,-0.0834059864282608
884,-0.077412724494934
885,-0.0926024094223976
886,-0.0309882890433073
887,-0.0584802217781543
888,-0.0899590030312538
889,-0.0390132665634155
890,-0.0531066209077835
891,-0.0749725550413131
892,-0.0799865946173667
893,-0.0290903355926275
894,-0.0562458038330078
895,-0.0615939646959304
896,-0.0624894984066486
897,-0.0441426746547222
898,-0.0775781422853469
899,-0.0866823121905326
900,-0.0813358351588249
901,-0.091709055006504
902,-0.0486983843147754
903,-0.0912848636507988
904,-0.079602874815464
905,-0.0675282925367355
906,-0.05867375805974
907,-0.0724338516592979
908,-0.0308201052248477
909,-0.066487617790699
910,-0.0180726610124111
911,-0.0689318925142288
912,-0.0494562275707721
913,-0.0800523534417152
914,-0.0269947592169046
915,-0.0804428234696388
916,-0.0678061619400978
917,-0.0904285833239555
918,-0.0601991899311542
919,-0.0505603477358818
920,-0.068170353770256
921,-0.0743194222450256
922,-0.06403798609972
923,-0.0697026923298835
924,-0.0162037592381238
925,-0.0131805809214711
926,-0.0712597146630287
927,-0.0814508274197578
928,-0.0544788427650928
929,-0.0949237644672393
930,-0.0162836294621229
931,-0.081838384270668
932,-0.0803761109709739
933,-0.0419810339808464
934,-0.0363071598112583
935,-0.0695318579673767
936,-0.0605265758931636
937,-0.0450235940515995
938,-0.0627494528889656
939,-0.0495058298110961
940,-0.0432708375155925
941,-0.0778193622827529
942,-0.0380776226520538
943,-0.0803649947047233
944,-0.0630706027150154
945,-0.052278347313404
946,-0.0647834315896034
947,-0.0305171143263578
948,-0.0961542576551437
949,-0.0347811542451381
950,-0.0526019968092441
951,-0.0834352597594261
952,-0.0514288358390331
953,-0.0889757871627807
954,-0.0351772047579288
955,-0.0392848253250122
956,-0.0838310644030571
957,-0.0629443302750587
958,-0.0828481018543243
959,-0.0736880376935005
960,-0.0687228068709373
961,-0.0657952725887298
962,-0.0756939053535461
963,-0.0605799965560436
964,-0.0691698044538497
965,-0.0414553768932819
966,-0.0559864975512027
967,-0.0802074819803237
968,-0.0759585946798324
969,-0.0851251855492591
970,-0.0489825420081615
971,-0.0248706433922052
972,-0.0443745963275432
973,-0.0642631575465202
974,-0.0392524823546409
975,-0.0436368137598037
976,-0.0141613008454442
977,-0.0778889879584312
978,-0.057265281677246
979,-0.0569292567670345
980,-0.0708068236708641
981,-0.0818360224366188
982,-0.0784735828638076
983,-0.0515460334718227
984,-0.0804765075445175
985,-0.0710797756910324
986,-0.0507312603294849
987,-0.0861248299479484
988,-0.0757647156715393
989,-0.0911108031868934
990,-0.0544221885502338
991,-0.0799035876989364
992,-0.0671077519655227
993,-0.0670263990759849
994,-0.0607163794338703
995,-0.0328120179474353
996,-0.0822805389761924
997,-0.0659008994698524
998,-0.0699473172426223
999,-0.0655198916792869
1000,-0.0451317019760608
1001,-0.0505678728222847
1002,-0.0420878529548645
1003,-0.0822070762515068
1004,-0.0614099092781543
1005,-0.0649057328701019
1006,-0.0836274027824401
1007,-0.095442309975624
1008,-0.0474854707717895
1009,-0.0716414302587509
1010,-0.0666520372033119
1011,-0.067144751548767
1012,-0.071032203733921
1013,-0.0763286128640174
1014,-0.0765242278575897
1015,-0.0515584386885166
1016,-0.0696221888065338
1017,-0.0358931012451648
1018,-0.0401091389358043
1019,-0.0818725302815437
1020,-0.0805230811238288
1021,-0.0429890155792236
1022,-0.0596572943031787
1023,-0.0653087794780731
1024,-0.0771073997020721
1025,-0.0630571767687797
1026,-0.0584346577525138
1027,-0.0377015210688114
1028,-0.0525182299315929
1029,-0.0723508298397064
1030,-0.0360945686697959
1031,-0.0762362256646156
1032,-0.0685139298439025
1033,-0.0419544018805027
1034,-0.0432321168482303
1035,-0.0250298772007226
1036,-0.0080292057245969
1037,-0.0999989137053489
1038,-0.0714957565069198
1039,-0.0331138297915458
1040,-0.090210773050785
1041,-0.0820999071002006
1042,-0.0854272469878196
1043,-0.0790133029222488
1044,-0.0878494828939437
1045,-0.0800292789936065
1046,-0.0561112165451049
1047,-0.0518328621983528
1048,-0.0816359743475914
1049,-0.0739060789346695
1050,-0.0627055317163467
1051,-0.0766249895095825
1052,-0.0744524300098419
1053,-0.0519781708717346
1054,-0.1017658114433288
1055,-0.102060317993164
1056,-0.0648792311549186
1057,-0.0368975549936294
1058,-0.0452790483832359
1059,-0.0576780624687671
1060,-0.0222680065780878
1061,-0.0582985021173954
1062,-0.0801458433270454
1063,-0.0799058079719543
1064,-0.0662935823202133
1065,-0.0821263119578361
1066,-0.0549146942794323
1067,-0.0715857371687889
1068,-0.0754681527614593
1069,-0.1047566309571266
1070,-0.0616352036595344
1071,-0.0793217197060585
1072,-0.0335234999656677
1073,-0.0947810485959053
1074,-0.0915007442235946
1075,-0.0269387904554605
1076,-0.0924011319875717
1077,-0.0752666965126991
1078,-0.0733010843396186
1079,-0.0526390373706817
1080,-0.0614894703030586
1081,-0.084866002202034
1082,-0.0573427155613899
1083,-0.0718206837773323
1084,-0.0684994533658027
1085,-0.072099469602108
1086,-0.0816522240638732
1087,-0.1047299578785896
1088,-0.0763944089412689
1089,-0.0787704288959503
1090,-0.0698841288685798
1091,-0.0118270022794604
1092,-0.08285503834486
1093,-0.0205013994127511
1094,-0.0640140250325203
1095,-0.07107575237751
1096,-0.0666904971003532
1097,-0.0965827479958534
1098,-0.0618811137974262
1099,-0.0535150170326232
1100,-0.04853131249547
1101,-0.0197107978165149
1102,-0.0768039673566818
1103,-0.0799916386604309
1104,-0.0942361056804657
1105,-0.0840048640966415
1106,-0.0641068592667579
1107,-0.073818527162075
1108,-0.0415651239454746
1109,-0.0118437940254807
1110,-0.0334452576935291
1111,-0.0766361653804779
1112,-0.0346887186169624
1113,-0.0383966453373432
1114,-0.0343664810061454
1115,-0.0737963244318962
1116,-0.0769775882363319
1117,-0.0728203952312469
1118,-0.0524597503244876
1119,-0.0570182390511035
1120,-0.0511565692722797
1121,-0.0342496782541275
1122,-0.0693775713443756
1123,-0.0652493759989738
1124,-0.0839771032333374
1125,-0.0377648659050464
1126,-0.0853302329778671
1127,-0.0598054192960262
1128,-0.0489334389567375
1129,-0.0641938224434852
1130,-0.0897205546498298
1131,-0.0216669347137212
1132,-0.0833699256181716
1133,-0.0731303691864013
1134,-0.0769475698471069
1135,-0.0724631026387214
1136,-0.0866987630724906
1137,-0.1235666275024414
1138,-0.0295722391456365
1139,-0.0774595066905021
1140,-0.0556708052754402
1141,-0.0655630454421043
1142,-0.0814212560653686
1143,-0.0749308317899704
1144,-0.0596614032983779
1145,-0.0697926878929138
1146,-0.0706281885504722
1147,-0.0862242728471756
1148,-0.057084072381258
1149,-0.0652065947651863
1150,-0.0744762942194938
1151,-0.0293633136898279
1152,-0.0723715871572494
1153,-0.0720571503043174
1154,-0.0689086318016052
1155,-0.0632477030158042
1156,-0.0449421964585781
1157,-0.0620068795979023
1158,-0.08065777271986
1159,-0.0820461586117744
1160,-0.0864457488059997
1161,-0.0338940806686878
1162,-0.0804621800780296
1163,-0.0717944726347923
1164,-0.0865742340683937
1165,-0.0755278393626213
1166,-0.053384318947792
1167,-0.0703135207295417
1168,-0.0754882469773292
1169,-0.0378367006778717
1170,-0.0854086056351661
1171,-0.0688466355204582
1172,-0.0604137666523456
1173,-0.0452524349093437
1174,-0.0616639070212841
1175,-0.067956306040287
1176,-0.0662222057580947
1177,-0.0496206358075141
1178,-0.0549487434327602
1179,-0.0350531823933124
1180,-0.0515911057591438
1181,-0.0894968658685684
1182,-0.0577342435717582
1183,-0.0132321203127503
1184,-0.086393728852272
1185,-0.0966964662075042
1186,-0.0737752467393875
1187,-0.067134141921997
1188,-0.0601153559982776
1189,-0.0490470752120018
1190,-0.0508697628974914
1191,-0.0777205228805542
1192,-0.05817461758852
1193,-0.1061898320913314
1194,-0.0285848211497068
1195,-0.077165275812149
1196,-0.0721015706658363
1197,-0.0334994085133075
1198,-0.0661047920584678
1199,-0.1024370566010475
1200,-0.0593023635447025
1201,-0.0899812132120132
1202,-0.0849124491214752
1203,-0.0224663987755775
1204,-0.0734284743666648
1205,-0.0847374275326728
1206,-0.0298458635807037
1207,-0.0666896477341651
1208,-0.065047413110733
1209,-0.1131632700562477
1210,-0.074238546192646
1211,-0.0916730985045433
1212,-0.0538176894187927
1213,-0.0788567066192627
1214,-0.0412315614521503
1215,-0.096915490925312
1216,-0.0718629732728004
1217,-0.0869852602481842
1218,-0.0935677662491798
1219,-0.0776880383491516
1220,-0.0728870555758476
1221,-0.0334399826824665
1222,-0.0760213211178779
1223,-0.0665483325719833
1224,-0.0769290775060653
1225,-0.043896697461605
1226,-0.0589457042515277
1227,-0.0790488943457603
1228,-0.0393570475280284
1229,-0.0820748880505561
1230,-0.0279843769967556
1231,-0.0699252411723136
1232,-0.0663372576236724
1233,-0.0625868365168571
1234,-0.0793622955679893
1235,-0.062919020652771
1236,-0.0589241981506347
1237,-0.0432276800274848
1238,-0.0680460035800933
1239,-0.0846802145242691
1240,-0.0730107426643371
1241,-0.1187528669834137
1242,-0.0514076091349124
1243,-0.0600535348057746
1244,-0.0247937124222517
1245,-0.0474809631705284
1246,-0.0823746398091316
1247,-0.0581714771687984
1248,-0.0802797302603721
1249,-0.0473565272986888
1250,-0.0749518871307373
1251,-0.0551043041050434
1252,-0.0881031602621078
1253,-0.072477102279663
1254,-0.0859492868185043
1255,-0.0542051717638969
1256,-0.0402806811034679
1257,-0.0757695883512497
1258,-0.0317059680819511
1259,-0.0513061098754406
1260,-0.0819196552038192
1261,-0.044505275785923
1262,-0.0427898988127708
1263,-0.0704442262649536
1264,-0.0604385398328304
1265,-0.0850519090890884
1266,-0.0730312019586563
1267,-0.0782434791326522
1268,-0.1056140512228012
1269,-0.0911791995167732
1270,-0.0962688028812408
1271,-0.0659863054752349
1272,-0.1022743433713913
1273,-0.0845080986618995
1274,-0.0706269070506095
1275,-0.0495340041816234
1276,-0.0625870674848556
1277,-0.0861406698822975
1278,-0.0771865919232368
1279,-0.0520428530871868
1280,-0.0770405530929565
1281,-0.0919279009103775
1282,-0.0773812755942344
1283,-0.0674075409770011
1284,-0.0903534367680549
1285,-0.0903369337320327
1286,-0.0334704108536243
1287,-0.0489103086292743
1288,-0.0791307240724563
1289,-0.0884891375899314
1290,-0.0850428119301796
1291,-0.0901496782898902
1292,-0.0239958260208368
1293,-0.0876179113984108
1294,-0.0625764951109886
1295,-0.0694774165749549
1296,-0.0636470094323158
1297,-0.096986249089241
1298,-0.0647043958306312
1299,-0.0540426261723041
1300,-0.0517569705843925
1301,-0.0588205941021442
1302,-0.0468629747629165
1303,-0.0727017000317573
1304,-0.0926773026585578
1305,-0.0646153390407562
1306,-0.0553322322666645
1307,-0.0234287362545728
1308,-0.08112283796072
1309,-0.083578810095787
1310,-0.032845314592123
1311,-0.0352553464472293
1312,-0.0232055131345987
1313,-0.0747740045189857
1314,-0.0528666898608207
1315,-0.046754565089941
1316,-0.0494326278567314
1317,-0.0725741982460022
1318,-0.0724164098501205
1319,-0.0372463129460811
1320,-0.0720750242471695
1321,-0.0715961456298828
1322,-0.070204772055149
1323,-0.0750065222382545
1324,-0.0784362182021141
1325,-0.0752618834376335
1326,-0.0597321577370166
1327,-0.0606585144996643
1328,-0.0636280104517936
1329,-0.0592293478548526
1330,-0.066370703279972
1331,-0.0750553980469703
1332,-0.084528736770153
1333,-0.0710276216268539
1334,-0.0713686794042587
1335,-0.0474811680614948
1336,-0.0516742020845413
1337,-0.0659550204873085
1338,-0.0742802917957305
1339,-0.0462261438369751
1340,-0.0656171739101409
1341,-0.032775904983282
1342,-0.0112193692475557
1343,-0.059181272983551
1344,-0.0882803574204444
1345,-0.0586396791040897
1346,-0.0448580309748649
1347,-0.0510012209415435
1348,-0.0883006528019905
1349,-0.0690054446458816
1350,-0.0854473188519477
1351,-0.0743497163057327
1352,-0.0543082691729068
1353,-0.0430112741887569
1354,-0.0762587413191795
1355,-0.0575894266366958
1356,-0.0980620682239532
1357,-0.0654345527291297
1358,-0.0637337639927864
1359,-0.052844513207674
1360,-0.0331362225115299
1361,-0.0667122304439544
1362,-0.0797946229577064
1363,-0.0522849038243293
1364,-0.0825082957744598
1365,-0.0623970367014408
1366,-0.020604083314538
1367,-0.0402694940567016
1368,-0.0480201542377471
1369,-0.0628018751740455
1370,-0.0748154893517494
1371,-0.0344606712460517
1372,-0.0595696158707141
1373,-0.0832746997475624
1374,-0.0718639343976974
1375,-0.0463273338973522
1376,-0.0632441416382789
1377,-0.054473727941513
1378,-0.0891769602894783
1379,-0.0492137037217617
1380,-0.0490082539618015
1381,-0.0908440053462982
1382,-0.0844669491052627
1383,-0.0676654949784278
1384,-0.0591862276196479
1385,-0.0610472224652767
1386,-0.0697198212146759
1387,-0.0374132767319679
1388,-0.0684811174869537
1389,-0.0170147363096475
1390,-0.0680103078484535
1391,-0.0784646645188331
1392,-0.084114596247673
1393,-0.0749998316168785
1394,-0.0640561357140541
1395,-0.049653448164463
1396,-0.0537372194230556
1397,-0.070176750421524
1398,-0.0636788457632064
1399,-0.0515175946056842
1400,-0.0981218963861465
1401,-0.0772155299782753
1402,-0.0340556763112545
1403,-0.0853349640965461
1404,-0.0417012386023998
1405,-0.061978418380022
1406,-0.0758646428585052
1407,-0.0416546948254108
1408,-0.1000702157616615
1409,-0.0428599305450916
1410,-0.0546404905617237
1411,-0.0751474946737289
1412,-0.0634665191173553
1413,-0.0445224195718765
1414,-0.0220824182033538
1415,-0.0813065320253372
1416,-0.0692407563328743
1417,-0.1438157260417938
1418,-0.0857968479394912
1419,-0.0841160714626312
1420,-0.0545025914907455
1421,-0.0577752850949764
1422,-0.0623688958585262
1423,-0.0652347803115844
1424,-0.0748774856328964
1425,-0.0726203545928001
1426,-0.0138084711506962
1427,-0.0716563761234283
1428,-0.0603567436337471
1429,-0.0372842215001583
1430,-0.0803823843598365
1431,-0.0727719888091087
1432,-0.0381734296679496
1433,-0.0618128255009651
1434,-0.076279267668724
1435,-0.0802375823259353
1436,-0.0894369855523109
1437,-0.0257133617997169
1438,-0.0288447085767984
1439,-0.0438210628926754
1440,-0.0898388475179672
1441,-0.0551216043531894
1442,-0.0625856965780258
1443,-0.0441209934651851
1444,-0.0725593864917755
1445,-0.0665467157959938
1446,-0.0500926971435546
1447,-0.0997576862573623
1448,-0.0384984798729419
1449,-0.0497316904366016
1450,-0.0774279981851577
1451,-0.0342086777091026
1452,-0.0608803108334541
1453,-0.0824505612254142
1454,-0.058813314884901
1455,-0.091029979288578
1456,-0.0600020475685596
1457,-0.0701265484094619
1458,-0.0423514433205127
1459,-0.0421034060418605
1460,-0.0668736472725868
1461,-0.0890358313918113
1462,-0.0292370859533548
1463,-0.0349184088408947
1464,-0.0786623731255531
1465,-0.0839949548244476
1466,-0.0678446516394615
1467,-0.0595375709235668
1468,-0.0884843990206718
1469,-0.0623149685561656
1470,-0.0693170428276062
1471,-0.0689658224582672
1472,-0.0678357705473899
1473,-0.0696428641676902
1474,-0.0659385249018669
1475,-0.0728119239211082
1476,-0.050660703331232
1477,-0.0270364303141832
1478,-0.0692496672272682
1479,-0.0721452012658119
1480,-0.0768611505627632
1481,-0.075889840722084
1482,-0.0688184052705764
1483,-0.0817414820194244
1484,-0.028841009363532
1485,-0.0525529310107231
1486,-0.0871426090598106
1487,-0.0603314973413944
1488,-0.0490641854703426
1489,-0.0766093507409095
1490,-0.0575785972177982
1491,-0.0508941002190113
1492,-0.0802378356456756
1493,-0.091735802590847
1494,-0.0266415905207395
1495,-0.0822776556015014
1496,-0.0743560865521431
1497,-0.081041045486927
1498,-0.0940019413828849
1499,-0.0648964047431945
1500,-0.0939574986696243
1501,-0.0796452760696411
1502,-0.0855361595749855
1503,-0.0673020407557487
1504,-0.0809757113456726
1505,-0.0661713033914566
1506,-0.0727071166038513
1507,-0.067784883081913
1508,-0.0668343901634216
1509,-0.0594444796442985
1510,-0.0108624780550599
1511,-0.0693079382181167
1512,-0.0513884685933589
1513,-0.0794449225068092
1514,-0.044680405408144
1515,-0.0678847879171371
1516,-0.050503522157669
1517,-0.0488168336451053
1518,-0.0484432280063629
1519,-0.0700331181287765
1520,-0.0792522951960563
1521,-0.0727839991450309
1522,-0.0224927756935358
1523,-0.0615087077021598
1524,-0.0782119929790496
1525,-0.0167693141847848
1526,-0.0585802122950553
1527,-0.0787264257669448
1528,-0.0460269786417484
1529,-0.0373403504490852
1530,-0.0598371289670467
1531,-0.0850622430443763
1532,-0.0591782070696353
1533,-0.0809318348765373
1534,-0.0478348545730114
1535,-0.1094353571534156
1536,-0.0587807111442089
1537,-0.0725210532546043
1538,-0.060091309249401
1539,-0.0270857196301221
1540,-0.036069132387638
1541,-0.0522228479385376
1542,-0.1054058670997619
1543,-0.0518513731658458
1544,-0.0964933410286903
1545,-0.0789192840456962
1546,-0.0844448283314704
1547,-0.0926176905632019
1548,-0.0321980044245719
1549,-0.0537311397492885
1550,-0.0417066812515258
1551,-0.0699054300785064
1552,-0.0351111106574535
1553,-0.0454492531716823
1554,-0.0480451397597789
1555,-0.0829551443457603
1556,-0.0628162771463394
1557,-0.0867808833718299
1558,-0.0647194609045982
1559,-0.0972608774900436
1560,-0.0788542702794075
1561,-0.0319243296980857
1562,-0.0620706863701343
1563,-0.0462453365325927
1564,-0.0586181543767452
1565,-0.0495795048773288
1566,-0.090153269469738
1567,-0.0303231347352266
1568,-0.0783926770091056
1569,-0.0703496560454368
1570,-0.0189630761742591
1571,-0.0788896083831787
1572,-0.0429915077984333
1573,-0.0581592321395874
1574,-0.0598729737102985
1575,-0.0736125335097312
1576,-0.0631049647927284
1577,-0.0558839030563831
1578,-0.0419908985495567
1579,-0.0713545307517051
1580,-0.0569612868130207
1581,-0.0709661543369293
1582,-0.0756936445832252
1583,-0.0613945722579956
1584,-0.0693670362234115
1585,-0.0633081942796707
1586,-0.0453087538480758
1587,-0.0518827326595783
1588,-0.0841154083609581
1589,-0.0718558132648468
1590,-0.0802735909819603
1591,-0.0472274608910083
1592,-0.0750242099165916
1593,-0.0710009709000587
1594,-0.0606329962611198
1595,-0.0411228090524673
1596,-0.0465557835996151
1597,-0.0565802343189716
1598,-0.0690217614173889
1599,-0.0444599464535713
1600,-0.026663027703762
1601,-0.0666915848851203
1602,-0.0694074928760528
1603,-0.0924600064754486
1604,-0.0757195949554443
1605,-0.0336085148155689
1606,-0.0582601316273212
1607,-0.1036675348877906
1608,-0.0572481639683246
1609,-0.0341269858181476
1610,-0.0492708273231983
1611,-0.0923200249671936
1612,-0.0676312446594238
1613,-0.0595202706754207
1614,-0.1008844971656799
1615,-0.0370066873729229
1616,-0.0592524744570255
1617,-0.0705497413873672
1618,-0.0919220447540283
1619,-0.0755971446633338
1620,-0.0624681860208511
1621,-0.092908002436161
1622,-0.0401809364557266
1623,-0.0657107159495353
1624,-0.0727661848068237
1625,-0.0872159972786903
1626,-0.0530811287462711
1627,-0.0657575502991676
1628,-0.0681554526090622
1629,-0.058078397065401
1630,-0.0612086653709411
1631,-0.0405437871813774
1632,-0.0654236450791359
1633,-0.0843422561883926
1634,-0.049552135169506
1635,-0.0455750860273838
1636,-0.0907777920365333
1637,-0.0627098903059959
1638,-0.0367652550339698
1639,-0.0828360319137573
1640,-0.043283324688673
1641,-0.0454675666987896
1642,-0.0401692278683185
1643,-0.081271968781948
1644,-0.0393964722752571
1645,-0.0594898946583271
1646,-0.0483016036450862
1647,-0.0371045134961605
1648,-0.0506613627076149
1649,-0.0915877223014831
1650,-0.0756139010190963
1651,-0.0398143231868743
1652,-0.0506715103983879
1653,-0.0526707805693149
1654,-0.0572487600147724
1655,-0.0615544728934764
1656,-0.0624170377850532
1657,-0.0963466838002204
1658,-0.0676732137799263
1659,-0.0701022297143936
1660,-0.0277656987309455
1661,-0.0899157896637916
1662,-0.0736702010035514
1663,-0.0316461473703384
1664,-0.041219025850296
1665,-0.0760894194245338
1666,-0.0332431942224502
1667,-0.081409253180027
1668,-0.0202456824481487
1669,-0.0773276463150978
1670,-0.0459515526890754
1671,-0.0630491226911544
1672,-0.0569891147315502
1673,-0.0937451943755149
1674,-0.0620427057147026
1675,-0.0706492289900779
1676,-0.0600751899182796
1677,-0.0551729463040828
1678,-0.0334753058850765
1679,-0.0816011726856231
1680,-0.0541059710085392
1681,-0.0654981732368469
1682,-0.0424218475818634
1683,-0.0595917589962482
1684,-0.1005385667085647
1685,-0.0919336751103401
1686,-0.078700453042984
1687,-0.0730891302227974
1688,-0.0740800648927688
1689,-0.0700957626104354
1690,-0.076204665005207
1691,-0.0660177245736122
1692,-0.0311625767499208
1693,-0.0913084372878074
1694,-0.0816921666264534
1695,-0.0719154253602027
1696,-0.0531267598271369
1697,-0.0712241977453231
1698,-0.031566072255373
1699,-0.0676129236817359
1700,-0.0493768043816089
1701,-0.0658995732665062
1702,-0.0775636211037635
1703,-0.0509416088461875
1704,-0.0146932769566774
1705,-0.0796966701745987
1706,-0.0523658394813537
1707,-0.0725611373782157
1708,-0.0554869584739208
1709,-0.070129856467247
1710,-0.0935092791914939
1711,-0.0480091907083988
1712,-0.0409334301948547
1713,-0.0779157280921936
1714,-0.0589103959500789
1715,-0.0520516149699687
1716,-0.0780416801571846
1717,-0.0648203790187835
1718,-0.0241498723626136
1719,-0.0461921989917755
1720,-0.0837742835283279
1721,-0.0594605952501297
1722,-0.0854845866560936
1723,-0.0278603229671716
1724,-0.1187415644526481
1725,-0.0701883807778358
1726,-0.0731546357274055
1727,-0.0831071808934211
1728,-0.0722906365990638
1729,-0.088523581624031
1730,-0.0374793745577335
1731,-0.0759904161095619
1732,-0.0182348061352968
1733,-0.0324638076126575
1734,-0.0207127146422863
1735,-0.0495748445391655
1736,-0.0659099966287612
1737,-0.0552851222455501
1738,-0.0134407402947545
1739,-0.0422522574663162
1740,-0.0652289092540741
1741,-0.064359925687313
1742,-0.0304680466651916
1743,-0.0823151692748069
1744,-0.0849106684327125
1745,-0.0737544149160385
1746,-0.0774611383676529
1747,-0.0703322514891624
1748,-0.0571745559573173
1749,-0.0571362636983394
1750,-0.0895838290452957
1751,-0.1084155216813087
1752,-0.0714548230171203
1753,-0.0846830084919929
1754,-0.0789313241839408
1755,-0.072839006781578
1756,-0.106359839439392
1757,-0.0730368569493293
1758,-0.0545869618654251
1759,-0.0361096076667308
1760,-0.057402241975069
1761,-0.0124035673215985
1762,-0.0769795328378677
1763,-0.0827512592077255
1764,-0.0649512112140655
1765,-0.0553210712969303
1766,-0.0445294007658958
1767,-0.0577981546521186
1768,-0.0522999502718448
1769,-0.0646049380302429
1770,-0.0414150319993495
1771,-0.0922931432723999
1772,-0.0517076142132282
1773,-0.0754100456833839
1774,-0.0829638913273811
1775,-0.0409297384321689
1776,-0.096149206161499
1777,-0.0961158201098442
1778,-0.0932620614767074
1779,-0.0580562427639961
1780,-0.0698442459106445
1781,-0.0489710979163646
1782,-0.075569249689579
1783,-0.0614908337593078
1784,-0.055148396641016
1785,-0.0636636316776275
1786,-0.0783480554819107
1787,-0.0723874270915985
1788,-0.0622400976717472
1789,-0.0816218629479408
1790,-0.0491186529397964
1791,-0.060902465134859
1792,-0.0836511924862861
1793,-0.0464550741016864
1794,-0.0597172528505325
1795,-0.0431495085358619
1796,-0.0655556172132492
1797,-0.0899627804756164
1798,-0.0455103516578674
1799,-0.0609399080276489
1800,-0.0431749112904071
1801,-0.0942160189151763
1802,-0.064955323934555
1803,-0.0817882791161537
1804,-0.0598900914192199
1805,-0.0551885850727558
1806,-0.0671514198184013
1807,-0.071728266775608
1808,-0.068994902074337
1809,-0.0708442106842994
1810,-0.0900390595197677
1811,-0.0430578589439392
1812,-0.0625393167138099
1813,-0.0655295625329017
1814,-0.0714552551507949
1815,-0.037287950515747
1816,-0.0872301831841468
1817,-0.0793821662664413
1818,-0.071538545191288
1819,-0.0762312039732933
1820,-0.0703396573662757
1821,-0.1039071455597877
1822,-0.0812729150056839
1823,-0.0817552059888839
1824,-0.0916218757629394
1825,-0.074148491024971
1826,-0.0690195187926292
1827,-0.0601366683840751
1828,-0.0718448534607887
1829,-0.0770077183842659
1830,-0.0672560706734657
1831,-0.0567576698958873
1832,-0.0543919205665588
1833,-0.0224140752106905
1834,-0.068670816719532
1835,-0.07478778809309
1836,-0.0872362330555915
1837,-0.0767097547650337
1838,-0.0486607663333416
1839,-0.0647977590560913
1840,-0.0381928384304046
1841,-0.0315917879343032
1842,-0.0705013647675514
1843,-0.0876801535487175
1844,-0.0641302689909935
1845,-0.0331719294190406
1846,-0.058779451996088
1847,-0.0754667520523071
1848,-0.0633109509944915
1849,-0.0635033324360847
1850,-0.0574599988758564
1851,-0.0647246316075325
1852,-0.0457005910575389
1853,-0.0547737516462802
1854,-0.074263222515583
1855,-0.0415419973433017
1856,-0.0523082688450813
1857,-0.0437677018344402
1858,-0.0664235725998878
1859,-0.0830050334334373
1860,-0.0522083416581153
1861,-0.0848749801516532
1862,-0.0789888948202133
1863,-0.0353484749794006
1864,-0.0676275268197059
1865,-0.0554372332990169
1866,-0.0884566232562065
1867,-0.0618324875831604
1868,-0.0838623940944671
1869,-0.0679841861128807
1870,-0.0249239243566989
1871,-0.0536944866180419
1872,-0.0738890841603279
1873,-0.0445487760007381
1874,-0.0743231549859047
1875,-0.0559191182255744
1876,-0.0790762454271316
1877,-0.1054656729102134
1878,-0.0871560201048851
1879,-0.0434951893985271
1880,-0.1020004898309707
1881,-0.0798503085970878
1882,-0.0727034136652946
1883,-0.0687491670250892
1884,-0.0529364012181758
1885,-0.0414178147912025
1886,-0.0556052401661872
1887,-0.0779420360922813
1888,-0.0196199547499418
1889,-0.0737873762845993
1890,-0.0556633286178112
1891,-0.0778345912694931
1892,-0.0849720314145088
1893,-0.0651512071490287
1894,-0.0757538229227066
1895,-0.0808210968971252
1896,-0.0852130651473999
1897,-0.0996618494391441
1898,-0.0484642796218395
1899,-0.0378760583698749
1900,-0.0666082054376602
1901,-0.0713892132043838
1902,-0.0392253883183002
1903,-0.1093525364995002
1904,-0.0934606939554214
1905,-0.0332475490868091
1906,-0.0680091455578804
1907,-0.1172153279185295
1908,-0.083657182753086
1909,-0.0739021524786949
1910,-0.0879147499799728
1911,-0.0755828395485878
1912,-0.0474718809127807
1913,-0.0709051862359047
1914,-0.0753194242715835
1915,-0.0597527101635932
1916,-0.0352721102535724
1917,-0.0558216162025928
1918,-0.0663989707827568
1919,-0.0841693803668022
1920,-0.0293987989425659
1921,-0.0701474696397781
1922,-0.0608756355941295
1923,-0.0678016170859336
1924,-0.0593168027698993
1925,-0.0728384628891944
1926,-0.0843985825777053
1927,-0.0675565674901008
1928,-0.0568720363080501
1929,-0.069505363702774
1930,-0.0982277318835258
1931,-0.0827122926712036
1932,-0.0651142820715904
1933,-0.0865241289138794
1934,-0.0848117023706436
1935,-0.0633739009499549
1936,-0.0751285851001739
1937,-0.0544375590980052
1938,-0.0702808871865272
1939,-0.0694964900612831
1940,-0.0377464331686496
1941,-0.1017288416624069
1942,-0.0771952643990516
1943,-0.0921938270330429
1944,-0.0890915840864181
1945,-0.0623992010951042
1946,-0.0508344247937202
1947,-0.0378237850964069
1948,-0.0470334254205226
1949,-0.0495340824127197
1950,-0.0263860560953617
1951,-0.0817274451255798
1952,-0.0946803465485572
1953,-0.0220037922263145
1954,-0.0929032191634178
1955,-0.0671417713165283
1956,-0.0330351330339908
1957,-0.055214025080204
1958,-0.041948564350605
1959,-0.0733571797609329
1960,-0.0806085541844368
1961,-0.0818845853209495
1962,-0.0646115690469741
1963,-0.0819756537675857
1964,-0.0621722154319286
1965,-0.0657400265336036
1966,-0.0889280810952186
1967,-0.052436351776123
1968,-0.0371204316616058
1969,-0.0821103826165199
1970,-0.0829071924090385
1971,-0.0483582057058811
1972,-0.0714059546589851
1973,-0.110124684870243
1974,-0.0507243014872074
1975,-0.0484067015349864
1976,-0.0814186558127403
1977,-0.0246627368032932
1978,-0.0535777099430561
1979,-0.0398941896855831
1980,-0.0461051128804683
1981,-0.047305691987276
1982,-0.0607669837772846
1983,-0.0701663121581077
1984,-0.036408107727766
1985,-0.0817315801978111
1986,-0.0897412970662117
1987,-0.0885969176888465
1988,-0.0760140642523765
1989,-0.0506826713681221
1990,-0.0680310428142547
1991,-0.0619193203747272
1992,-0.078012928366661
1993,-0.0783336535096168
1994,-0.0757012590765953
1995,-0.0112157016992568
1996,-0.033843096345663
1997,-0.0636703670024871
1998,-0.0832127854228019
1999,-0.037495095282793
2000,-0.0548904687166214
2001,-0.0587061904370784
2002,-0.0835171118378639
2003,-0.0798386335372924
2004,-0.0492674559354782
2005,-0.0682214573025703
2006,-0.0369496494531631
2007,-0.0910458043217659
2008,-0.0738923028111457
2009,-0.0626013204455375
2010,-0.0350803211331367
2011,-0.0276844445616006
2012,-0.0489216595888137
2013,-0.0560634545981884
2014,-0.0269492585211992
2015,-0.0832842960953712
2016,-0.0708655938506126
2017,-0.060920126736164
2018,-0.0794597938656807
2019,-0.0756998062133789
2020,-0.0741783082485199
2021,-0.0603956580162048
2022,-0.0451506525278091
2023,-0.0712631791830062
2024,-0.0638443455100059
2025,-0.0407410413026809
2026,-0.0392489917576313
2027,-0.0402994826436042
2028,-0.0636781081557273
2029,-0.028853366151452
2030,-0.0443014912307262
2031,-0.0867353826761245
2032,-0.0644684880971908
2033,-0.0531777665019035
2034,-0.0508725196123123
2035,-0.066581942141056
2036,-0.0619509220123291
2037,-0.0549977347254753
2038,-0.0691146478056907
2039,-0.0592690631747245
2040,-0.0826383978128433
2041,-0.0799325853586196
2042,-0.0938226282596588
2043,-0.0769402012228965
2044,-0.0574919246137142
2045,-0.0132511453703045
2046,-0.0621524006128311
2047,-0.048452541232109
2048,-0.0978036820888519
2049,-0.0730725154280662
2050,-0.0314999558031559
2051,-0.0434695445001125
2052,-0.0529554821550846
2053,-0.0681161060929298
2054,-0.0414097309112548
2055,-0.0441791079938411
2056,-0.0727759227156639
2057,-0.0393148995935916
2058,-0.050198096781969
2059,-0.0533314421772956
2060,-0.0871424600481987
2061,-0.0785595998167991
2062,-0.0340120084583759
2063,-0.0756580531597137
2064,-0.0597474910318851
2065,-0.0809475556015968
2066,-0.0309163890779018
2067,-0.0584369376301765
2068,-0.072356529533863
2069,-0.0461679361760616
2070,-0.0743304342031478
2071,-0.0416902042925357
2072,-0.0919038280844688
2073,-0.0460158623754978
2074,-0.0549784004688262
2075,-0.0734820440411567
2076,-0.063589259982109
2077,-0.0617514438927173
2078,-0.0848496630787849
2079,-0.0595109872519969
2080,-0.0619717761874198
2081,-0.0738837569952011
2082,-0.0749557688832283
2083,-0.0578851625323295
2084,-0.0349664688110351
2085,-0.0364791601896286
2086,-0.0527710802853107
2087,-0.0627725645899772
2088,-0.0530951954424381
2089,-0.0858881622552871
2090,-0.0597837232053279
2091,-0.0498752668499946
2092,-0.0755495950579643
2093,-0.0752404108643531
2094,-0.031109670177102
2095,-0.0974874347448349
2096,-0.0543477796018123
2097,-0.0670463368296623
2098,-0.0866772979497909
2099,-0.0593859143555164
2100,-0.0742397978901863
2101,-0.0769363120198249
2102,-0.050466563552618
2103,-0.0791758298873901
2104,-0.0447769835591316
2105,-0.0535854957997798
2106,-0.0495874173939228
2107,-0.0661977678537368
2108,-0.0525701530277729
2109,-0.076508454978466
2110,-0.0560796670615673
2111,-0.1062560230493545
2112,-0.0908520072698593
2113,-0.0524963550269603
2114,-0.0890152156352996
2115,-0.0908238515257835
2116,-0.064771868288517
2117,-0.051304567605257
2118,-0.0710213184356689
2119,-0.0494292937219142
2120,-0.0400534756481647
2121,-0.0892499685287475
2122,-0.0546435452997684
2123,-0.0828432217240333
2124,-0.0635874643921852
2125,-0.0720277205109596
2126,-0.0407825037837028
2127,-0.0918609797954559
2128,-0.0665952637791633
2129,-0.0746102929115295
2130,-0.0668050050735473
2131,-0.0587315484881401
2132,-0.0472201146185398
2133,-0.0374685414135456
2134,-0.0828835219144821
2135,-0.0786074548959732
2136,-0.0449609830975532
2137,-0.0516480877995491
2138,-0.0318371914327144
2139,-0.040923111140728
2140,-0.0719432160258293
2141,-0.0404139831662178
2142,-0.0878256857395172
2143,-0.0454599447548389
2144,-0.083593763411045
2145,-0.0961790233850479
2146,-0.0211168024688959
2147,-0.0566595010459423
2148,-0.0550329163670539
2149,-0.0516271367669105
2150,-0.0623537562787532
2151,-0.0797097384929657
2152,-0.0550611428916454
2153,-0.0800580233335495
2154,-0.0861499980092048
2155,-0.0698010697960853
2156,-0.0720302835106849
2157,-0.0475723147392272
2158,-0.0787903815507888
2159,-0.0814188718795776
2160,-0.079330138862133
2161,-0.0759910717606544
2162,-0.0630675926804542
2163,-0.0282737221568822
2164,-0.0320065431296825
2165,-0.0386291332542896
2166,-0.0623915866017341
2167,-0.0222344473004341
2168,-0.0639924108982086
2169,-0.073069043457508
2170,-0.0581521913409233
2171,-0.0456906259059906
2172,-0.0568181760609149
2173,-0.0118305413052439
2174,-0.099496304988861
2175,-0.0645392835140228
2176,-0.0494793467223644
2177,-0.0441494211554527
2178,-0.0598975233733654
2179,-0.0641078799962997
2180,-0.0655793994665145
2181,-0.03738434612751
2182,-0.0624686554074287
2183,-0.062899149954319
2184,-0.0765339061617851
2185,-0.0336412079632282
2186,-0.0846105590462684
2187,-0.0172631051391363
2188,-0.0963352248072624
2189,-0.1157147884368896
2190,-0.0636558085680008
2191,-0.0469182915985584
2192,-0.0611468814313411
2193,-0.0867964997887611
2194,-0.0377580784261226
2195,-0.0938894227147102
2196,-0.0515091493725776
2197,-0.0340251512825489
2198,-0.0571552775800228
2199,-0.0691023468971252
2200,-0.0274756979197263
2201,-0.0664133727550506
2202,-0.0970683097839355
2203,-0.0936066210269928
2204,-0.0777462720870971
2205,-0.070864088833332
2206,-0.0581379458308219
2207,-0.0826774910092353
2208,-0.0451180934906005
2209,-0.0794749781489372
2210,-0.051379919052124
2211,-0.0762962400913238
2212,-0.014679561369121
2213,-0.0419214144349098
2214,-0.0649589076638221
2215,-0.0938519239425659
2216,-0.0641603618860244
2217,-0.0480837561190128
2218,-0.0801587626338005
2219,-0.0500057153403759
2220,-0.100762590765953
2221,-0.0837483182549476
2222,-0.0694575309753418
2223,-0.0244508348405361
2224,-0.0814237594604492
2225,-0.0730445459485054
2226,-0.0537776947021484
2227,-0.0568223409354686
2228,-0.0501417107880115
2229,-0.0750995427370071
2230,-0.0886813774704933
2231,-0.0461799912154674
2232,-0.0832796841859817
2233,-0.0499326065182685
2234,-0.0710386484861373
2235,-0.0653292164206504
2236,-0.0718957334756851
2237,-0.0708434358239173
2238,-0.0800434425473213
2239,-0.0263946503400802
2240,-0.0971614047884941
2241,-0.0598259642720222
2242,-0.0449123717844486
2243,-0.0427499338984489
2244,-0.0740799009799957
2245,-0.0383355356752872
2246,-0.0713957846164703
2247,-0.0540134310722351
2248,-0.0417249836027622
2249,-0.0285278297960758
2250,-0.0535100027918815
2251,-0.0874961391091346
2252,-0.0963957011699676
2253,-0.079296663403511
2254,-0.0669087395071983
2255,-0.044281356036663
2256,-0.0475456155836582
2257,-0.0797918140888214
2258,-0.0754656493663787
2259,-0.0576608330011367
2260,-0.0826996713876724
2261,-0.0910722538828849
2262,-0.0085613159462809
2263,-0.0745232701301574
2264,-0.098026730120182
2265,-0.0400238893926143
2266,-0.0698682740330696
2267,-0.0472417883574962
2268,-0.0833533182740211
2269,-0.0740019008517265
2270,-0.0918157771229744
2271,-0.050657495856285
2272,-0.0290145613253116
2273,-0.0692353025078773
2274,-0.075636401772499
2275,-0.0704714730381965
2276,-0.0368928126990795
2277,-0.0737064704298973
2278,-0.0532621778547763
2279,-0.0615861490368843
2280,-0.0915263369679451
2281,-0.046370830386877
2282,-0.0424336455762386
2283,-0.0655594393610954
2284,-0.0839205682277679
2285,-0.0989101082086563
2286,-0.0869149789214134
2287,-0.083877108991146
2288,-0.065769225358963
2289,-0.0907835438847541
2290,-0.0363501496613025
2291,-0.042252242565155
2292,-0.0761865675449371
2293,-0.0350789502263069
2294,-0.0424029491841793
2295,-0.066833458840847
2296,-0.0441780947148799
2297,-0.0673588290810585
2298,-0.0865143835544586
2299,-0.0588031150400638
2300,-0.0834696218371391
2301,-0.0790455937385559
2302,-0.0867314338684082
2303,-0.0474186949431896
2304,-0.0813837274909019
2305,-0.0450041741132736
2306,-0.0709269344806671
2307,-0.0444992408156394
2308,-0.0727432891726493
2309,-0.0811172574758529
2310,-0.0757881626486778
2311,-0.0723746791481971
2312,-0.0538657195866107
2313,-0.0459889769554138
2314,-0.0520033501088619
2315,-0.045324333012104
2316,-0.0495386607944965
2317,-0.046687114983797
2318,-0.0286346320062875
2319,-0.0785268768668174
2320,-0.1066177561879158
2321,-0.044083584100008
2322,-0.0386993251740932
2323,-0.0606577061116695
2324,-0.0915223956108093
2325,-0.0524501167237758
2326,-0.0634812489151954
2327,-0.0581424385309219
2328,-0.0376113392412662
2329,-0.0587155409157276
2330,-0.0731297060847282
2331,-0.0779172778129577
2332,-0.0730159357190132
2333,-0.0589953996241092
2334,-0.0717116594314575
2335,-0.0906692296266555
2336,-0.057139191776514
2337,-0.0806749910116195
2338,-0.0639090538024902
2339,-0.087356261909008
2340,-0.0489948242902755
2341,-0.0746688768267631
2342,-0.0737965553998947
2343,-0.0319528691470623
2344,-0.0555372983217239
2345,-0.0681871697306633
2346,-0.0717763304710388
2347,-0.0497397854924202
2348,-0.0743410438299179
2349,-0.0833019018173217
2350,-0.0655478611588478
2351,-0.1137110292911529
2352,-0.0876298621296882
2353,-0.0543411560356617
2354,-0.0652490928769111
2355,-0.0546407960355281
2356,-0.0524476319551467
2357,-0.040566261857748
2358,-0.0755653008818626
2359,-0.072735346853733
2360,-0.0676094442605972
2361,-0.0622212477028369
2362,-0.0750575363636016
2363,-0.0195618998259305
2364,-0.09079260379076
2365,-0.0783793404698371
2366,-0.0594585128128528
2367,-0.034926276654005
2368,-0.0850879698991775
2369,-0.0480197146534919
2370,-0.0720785856246948
2371,-0.0742424875497818
2372,-0.0421319641172885
2373,-0.0728577971458435
2374,-0.0315733551979064
2375,-0.0519358552992343
2376,-0.0492733232676982
2377,-0.0654561445116996
2378,-0.0760488733649253
2379,-0.0597629211843013
2380,-0.0591631531715393
2381,-0.0390544086694717
2382,-0.070635862648487
2383,-0.0754868611693382
2384,-0.0829764455556869
2385,-0.0510485060513019
2386,-0.0757214352488517
2387,-0.0321571640670299
2388,-0.0314431674778461
2389,-0.0536630079150199
2390,-0.0794790685176849
2391,-0.059112012386322
2392,-0.1200967356562614
2393,-0.0508569478988647
2394,-0.0721116438508033
2395,-0.0960247814655304
2396,-0.0614317245781421
2397,-0.0373115614056587
2398,-0.0709510222077369
2399,-0.0478354170918464
2400,-0.0253103282302618
2401,-0.0804827585816383
2402,-0.0512250028550624
2403,-0.0809449926018714
2404,-0.0745667889714241
2405,-0.065115287899971
2406,-0.1025802865624427
2407,-0.0813472419977188
2408,-0.0398003123700618
2409,-0.0696410089731216
2410,-0.0668611228466034
2411,-0.0832432955503463
2412,-0.0574500896036624
2413,-0.0667188838124275
2414,-0.0439025647938251
2415,-0.0859597101807594
2416,-0.0609333105385303
2417,-0.0073185819201171
2418,-0.071230374276638
2419,-0.0767130106687545
2420,-0.0607663132250309
2421,-0.086059533059597
2422,-0.0814841538667678
2423,-0.0725221559405326
2424,-0.0531952567398548
2425,-0.0609452463686466
2426,-0.0574056394398212
2427,-0.0310349129140377
2428,-0.0810358002781868
2429,-0.0709432736039161
2430,-0.0932075157761573
2431,-0.0414558127522468
2432,-0.0679931044578552
2433,-0.1137161776423454
2434,-0.0710318014025688
2435,-0.0652015730738639
2436,-0.0624475292861461
2437,-0.0187737494707107
2438,-0.0542890019714832
2439,-0.0737932175397872
2440,-0.0775494128465652
2441,-0.0821573436260223
2442,-0.0792734399437904
2443,-0.0299018062651157
2444,-0.0641868337988853
2445,-0.0455690883100032
2446,-0.0507157109677791
2447,-0.0745513141155242
2448,-0.0864882990717887
2449,-0.0430428236722946
2450,-0.0472831763327121
2451,-0.0337103269994258
2452,-0.0582435317337513
2453,-0.0751768723130226
2454,-0.0816826298832893
2455,-0.0911618024110794
2456,-0.0820440128445625
2457,-0.076938547194004
2458,-0.0594313889741897
2459,-0.0908756256103515
2460,-0.0434649549424648
2461,-0.0715648904442787
2462,-0.0807066038250923
2463,-0.0802233219146728
2464,-0.0804191976785659
2465,-0.0663242489099502
2466,-0.0505547896027565
2467,-0.0567836500704288
2468,-0.0627173259854316
2469,-0.0706812739372253
2470,-0.0956212878227233
2471,-0.0819996371865272
2472,-0.0583019666373729
2473,-0.0277904644608497
2474,-0.0718543827533721
2475,-0.0569814331829547
2476,-0.0607627965509891
2477,-0.0696105808019638
2478,-0.0835302546620369
2479,-0.0798816829919815
2480,-0.0852941647171974
2481,-0.0663970559835434
2482,-0.0732323825359344
2483,-0.0470229350030422
2484,-0.0376424714922905
2485,-0.0726279690861702
2486,-0.0727496594190597
2487,-0.078466348350048
2488,-0.076518103480339
2489,-0.1053263843059539
2490,-0.0514229498803615
2491,-0.0187698695808649
2492,-0.0600003078579902
2493,-0.0717055723071098
2494,-0.0591689944267272
2495,-0.0660506188869476
2496,-0.0772700458765029
2497,-0.0697362646460533
2498,-0.0834550037980079
2499,-0.0691633448004722
2500,-0.0667043402791023
2501,-0.0616482906043529
2502,-0.0709194242954254
2503,-0.0795971900224685
2504,-0.0801443010568618
2505,-0.0893571600317955
2506,-0.078243538737297
2507,-0.0810582637786865
2508,-0.0954836830496788
2509,-0.0450161509215831
2510,-0.0692601352930069
2511,-0.0614733099937438
2512,-0.0828130468726158
2513,-0.0757850706577301
2514,-0.0367524214088916
2515,-0.0630387216806411
2516,-0.0690426602959632
2517,-0.0991938114166259
2518,-0.0569035075604915
2519,-0.0496805198490619
2520,-0.0792975202202797
2521,-0.0334008112549781
2522,-0.0705672949552536
2523,-0.0543244257569313
2524,-0.0640892386436462
2525,-0.0414301678538322
2526,-0.0825306326150894
2527,-0.0710900574922561
2528,-0.0735331177711486
2529,-0.0843466371297836
2530,-0.0590839870274066
2531,-0.0731315240263938
2532,-0.0463912524282932
2533,-0.0724773779511451
2534,-0.0881079733371734
2535,-0.0476629808545112
2536,-0.0672441497445106
2537,-0.0707385167479515
2538,-0.0171117652207613
2539,-0.0496622584760189
2540,-0.0144335944205522
2541,-0.0667479932308197
2542,-0.1019971221685409
2543,-0.0593100599944591
2544,-0.0450779572129249
2545,-0.0907631516456604
2546,-0.0894952788949012
2547,-0.052684087306261
2548,-0.0676684454083442
2549,-0.065301276743412
2550,-0.0723974630236625
2551,-0.0495278239250183
2552,-0.0720020905137062
2553,-0.0878401175141334
2554,-0.0253666024655103
2555,-0.0756274834275245
2556,-0.0642347112298011
2557,-0.0706913843750953
2558,-0.0684788525104522
2559,-0.0776158273220062
2560,-0.0810088142752647
2561,-0.071614384651184
2562,-0.1142382472753524
2563,-0.0859470590949058
2564,-0.0711855515837669
2565,-0.0540287978947162
2566,-0.084704153239727
2567,-0.0683500841259956
2568,-0.0723595023155212
2569,-0.0477374121546745
2570,-0.0828099176287651
2571,-0.0710241645574569
2572,-0.0791360139846801
2573,-0.0763702616095542
2574,-0.0522470660507679
2575,-0.0496551059186458
2576,-0.0801310911774635
2577,-0.0640380233526229
2578,-0.1012253835797309
2579,-0.0494132302701473
2580,-0.0816946998238563
2581,-0.0773922652006149
2582,-0.0729811415076255
2583,-0.0534775666892528
2584,-0.0773533731698989
2585,-0.0615431480109691
2586,-0.0426737070083618
2587,-0.054675105959177
2588,-0.0730672851204872
2589,-0.056733164936304
2590,-0.0544188804924488
2591,-0.0659799873828888
2592,-0.0442504659295082
2593,-0.0591376423835754
2594,-0.0645234063267707
2595,-0.0455273315310478
2596,-0.1019072234630584
2597,-0.0713113248348236
2598,-0.07449821382761
2599,-0.0637851059436798
2600,-0.065373308956623
2601,-0.0572720058262348
2602,-0.0623615980148315
2603,-0.0626041963696479
2604,-0.0668709203600883
2605,-0.0651805400848388
2606,-0.0714083760976791
2607,-0.0571490861475467
2608,-0.0682021006941795
2609,-0.0813095718622207
2610,-0.062285304069519
2611,-0.0555488988757133
2612,-0.0860116109251976
2613,-0.0803136005997657
2614,-0.0369242839515209
2615,-0.0839536562561988
2616,-0.0391836427152156
2617,-0.0227359142154455
2618,-0.0903737694025039
2619,-0.0376657247543334
2620,-0.061887364834547
2621,-0.0756024345755577
2622,-0.0807941630482673
2623,-0.0421952195465564
2624,-0.0734041035175323
2625,-0.060620903968811
2626,-0.0658528283238411
2627,-0.0555041618645191
2628,-0.06077142059803
2629,-0.0461112596094608
2630,-0.0711428597569465
2631,-0.0098149990662932
2632,-0.0534428991377353
2633,-0.0409989729523658
2634,-0.0566316582262516
2635,-0.0500924177467823
2636,-0.0753763690590858
2637,-0.0745844393968582
2638,-0.0926563888788223
2639,-0.079827532172203
2640,-0.1134044602513313
2641,-0.0702414810657501
2642,-0.0885588899254798
2643,-0.0733192786574363
2644,-0.0753692686557769
2645,-0.094569131731987
2646,-0.0618501231074333
2647,-0.0370604656636714
2648,-0.0478006973862648
2649,-0.0356459058821201
2650,-0.0546376816928386
2651,-0.0508185289800167
2652,-0.0606053657829761
2653,-0.0834433287382125
2654,-0.048720471560955
2655,-0.1023960039019584
2656,-0.0614088326692581
2657,-0.0441529750823974
2658,-0.0707101598381996
2659,-0.1020958796143531
2660,-0.025287801399827
2661,-0.0488603338599205
2662,-0.0872275382280349
2663,-0.090729147195816
2664,-0.0617104843258857
2665,-0.0683958381414413
2666,-0.0703544020652771
2667,-0.0712116062641143
2668,-0.0900400653481483
2669,-0.0585097074508667
2670,-0.0221956800669431
2671,-0.0565646812319755
2672,-0.0727399587631225
2673,-0.0573164224624633
2674,-0.0586298890411853
2675,-0.0817498341202735
2676,-0.0496418215334415
2677,-0.0450543761253356
2678,-0.0139315128326416
2679,-0.067068412899971
2680,-0.0827245488762855
2681,-0.0777095332741737
2682,-0.0900079160928726
2683,-0.0742542743682861
2684,-0.0512973293662071
2685,-0.074752077460289
2686,-0.0683226287364959
2687,-0.0785411223769187
2688,-0.0624896623194217
2689,-0.0201651975512504
2690,-0.1055409908294677
2691,-0.0358487255871295
2692,-0.0707483813166618
2693,-0.0604740120470523
2694,-0.049758244305849
2695,-0.0177708566188812
2696,-0.0567045621573925
2697,-0.0602304860949516
2698,-0.0443681739270687
2699,-0.0721462294459343
2700,-0.0561596639454364
2701,-0.0276405923068523
2702,-0.0308592393994331
2703,-0.0714395865797996
2704,-0.0954824462532997
2705,-0.0994059219956398
2706,-0.0712500363588333
2707,-0.0352395884692668
2708,-0.0900683030486106
2709,-0.0540654361248016
2710,-0.072618618607521
2711,-0.0667766258120536
2712,-0.0938069969415664
2713,-0.0659139454364776
2714,-0.049083162099123
2715,-0.0491952486336231
2716,-0.0189544912427663
2717,-0.1078305169939994
2718,-0.0464327484369277
2719,-0.0791227370500564
2720,-0.0734426453709602
2721,-0.0826754048466682
2722,-0.0649257749319076
2723,-0.0650139674544334
2724,-0.0708527341485023
2725,-0.0634260475635528
2726,-0.0239263884723186
2727,-0.0795347020030021
2728,-0.0599434375762939
2729,-0.0514648705720901
2730,-0.0748293176293373
2731,-0.082500047981739
2732,-0.0548774860799312
2733,-0.1028403714299202
2734,-0.0301381386816501
2735,-0.0877372249960899
2736,-0.0704093724489212
2737,-0.033629335463047
2738,-0.0592318661510944
2739,-0.0537312664091587
2740,-0.0742190405726432
2741,-0.068156287074089
2742,-0.039612203836441
2743,-0.0469573102891445
2744,-0.0644824653863906
2745,-0.0690470114350318
2746,-0.053554493933916
2747,-0.076391726732254
2748,-0.0933637470006942
2749,-0.0311863794922828
2750,-0.0731665566563606
2751,-0.080945111811161
2752,-0.067516803741455
2753,-0.1058504357933998
2754,-0.0871006324887275
2755,-0.0851620361208915
2756,-0.0836613550782203
2757,-0.0328705981373786
2758,-0.0687028542160987
2759,-0.0393860414624214
2760,-0.0669935420155525
2761,-0.0407100692391395
2762,-0.0416748747229576
2763,-0.0452731773257255
2764,-0.0579268857836723
2765,-0.051393337547779
2766,-0.0622086413204669
2767,-0.0522508323192596
2768,-0.0669671967625618
2769,-0.0631101131439209
2770,-0.0593070201575756
2771,-0.0889940932393074
2772,-0.0728198438882827
2773,-0.0795361995697021
2774,-0.0432346388697624
2775,-0.0441228859126567
2776,-0.054953709244728
2777,-0.0797477662563324
2778,-0.0815665498375892
2779,-0.0516090802848339
2780,-0.0569743327796459
2781,-0.0980229154229164
2782,-0.0645059123635292
2783,-0.0653086826205253
2784,-0.1149769127368927
2785,-0.0496153458952903
2786,-0.059294257313013
2787,-0.0727363750338554
2788,-0.0710355341434478
2789,-0.0899014547467231
2790,-0.0737683549523353
2791,-0.0555393919348716
2792,-0.0432240590453147
2793,-0.0542342327535152
2794,-0.0810476690530777
2795,-0.0198774877935647
2796,-0.0611409470438957
2797,-0.0731099098920822
2798,-0.0684900879859924
2799,-0.0790604129433631
2800,-0.0386457704007625
2801,-0.086080178618431
2802,-0.0812231600284576
2803,-0.0215123984962701
2804,-0.0661200061440467
2805,-0.0593596883118152
2806,-0.0589581467211246
2807,-0.052129503339529
2808,-0.0854894295334816
2809,-0.0766895711421966
2810,-0.0504564419388771
2811,-0.0578268505632877
2812,-0.0657696053385734
2813,-0.0775462538003921
2814,-0.0711552202701568
2815,-0.0513357706367969
2816,-0.042259182780981
2817,-0.063785396516323
2818,-0.0721875801682472
2819,-0.0482755973935127
2820,-0.0753748416900634
2821,-0.0316644050180912
2822,-0.023239629343152
2823,-0.0645463839173317
2824,-0.0316867344081401
2825,-0.0693963915109634
2826,-0.0717039033770561
2827,-0.0707185119390487
2828,-0.0530536174774169
2829,-0.064885601401329
2830,-0.0623355321586132
2831,-0.0900206342339515
2832,-0.0483061112463474
2833,-0.0407521612942218
2834,-0.0776767954230308
2835,-0.0179006159305572
2836,-0.0302882883697748
2837,-0.0588504858314991
2838,-0.0570323653519153
2839,-0.0131536405533552
2840,-0.0547991208732128
2841,-0.0703879222273826
2842,-0.0759804993867874
2843,-0.0421773418784141
2844,-0.0673266053199768
2845,-0.0621426254510879
2846,-0.0405563898384571
2847,-0.0314657837152481
2848,-0.054808385670185
2849,-0.0587163157761096
2850,-0.0657821074128151
2851,-0.0599739700555801
2852,-0.0857365876436233
2853,-0.0539342798292636
2854,-0.0894221812486648
2855,-0.0467120669782161
2856,-0.0652163252234458
2857,-0.0149390846490859
2858,-0.0806925892829895
2859,-0.0562254525721073
2860,-0.0692421719431877
2861,-0.0352075137197971
2862,-0.0603992007672786
2863,-0.0739689841866493
2864,-0.0778960734605789
2865,-0.0815839767456054
2866,-0.0671281144022941
2867,-0.059004109352827
2868,-0.0762627646327018
2869,-0.0673258304595947
2870,-0.1058268323540687
2871,-0.0139508070424199
2872,-0.0483119897544384
2873,-0.0760132893919944
2874,-0.071496769785881
2875,-0.0166085492819547
2876,-0.053082201629877
2877,-0.0284779705107212
2878,-0.0210023634135723
2879,-0.0755850300192833
2880,-0.0615399554371833
2881,-0.0543271861970424
2882,-0.0873884484171867
2883,-0.0560859851539135
2884,-0.0780687108635902
2885,-0.0839155465364456
2886,-0.0662110522389411
2887,-0.0786293074488639
2888,-0.072230763733387
2889,-0.0400238372385501
2890,-0.0866666883230209
2891,-0.0853141471743583
2892,-0.0618781968951225
2893,-0.0618597157299518
2894,-0.0771319195628166
2895,-0.0617545433342456
2896,-0.0772473141551017
2897,-0.0546369031071662
2898,-0.0664074644446373
2899,-0.0519029349088668
2900,-0.085480011999607
2901,-0.0660149902105331
2902,-0.0621361136436462
2903,-0.0369803868234157
2904,-0.0917610973119735
2905,-0.0686801448464393
2906,-0.0317852385342121
2907,-0.0673223510384559
2908,-0.0296982824802398
2909,-0.0818627849221229
2910,-0.0909242108464241
2911,-0.0680912882089614
2912,-0.0753023922443389
2913,-0.0700645968317985
2914,-0.0212309006601572
2915,-0.0820740908384323
2916,-0.0430010147392749
2917,-0.0476273223757743
2918,-0.0725515261292457
2919,-0.0459218211472034
2920,-0.0517983920872211
2921,-0.0359784252941608
2922,-0.0844319909811019
2923,-0.0150946658104658
2924,-0.0749351158738136
2925,-0.077225461602211
2926,-0.0563213638961315
2927,-0.0775091648101806
2928,-0.029388265684247
2929,-0.0696190074086189
2930,-0.0422282367944717
2931,-0.0672786608338356
2932,-0.0666577666997909
2933,-0.0686273574829101
2934,-0.0240670945495367
2935,-0.0916707292199134
2936,-0.0360727459192276
2937,-0.0808181688189506
2938,-0.0802909806370735
2939,-0.0391802601516246
2940,-0.0488665625452995
2941,-0.0809857100248336
2942,-0.0745257511734962
2943,-0.0719930082559585
2944,-0.0829213634133338
2945,-0.0519824810326099
2946,-0.0794512555003166
2947,-0.0659937486052513
2948,-0.0707275718450546
2949,-0.0911629721522331
2950,-0.0607703514397144
2951,-0.0791772082448005
2952,-0.0220835600048303
2953,-0.0808233544230461
2954,-0.0852808430790901
2955,-0.0793184861540794
2956,-0.0560837797820568
2957,-0.07556813955307
2958,-0.0906698703765869
2959,-0.0432175882160663
2960,-0.0661670938134193
2961,-0.0712213367223739
2962,-0.0662778168916702
2963,-0.0649689882993698
2964,-0.097333624958992
2965,-0.0884222164750099
2966,-0.0750829949975013
2967,-0.0893370956182479
2968,-0.0526062287390232
2969,-0.0881336703896522
2970,-0.0690343230962753
2971,-0.0602225847542285
2972,-0.0744163617491722
2973,-0.0465611703693866
2974,-0.0889323502779007
2975,-0.080575905740261
2976,-0.0582950450479984
2977,-0.0795285925269126
2978,-0.0656438916921615
2979,-0.0751138553023338
2980,-0.0302243791520595
2981,-0.0261816475540399
2982,-0.065493144094944
2983,-0.0934190899133682
2984,-0.0554561801254749
2985,-0.0724092274904251
2986,-0.0649173781275749
2987,-0.0889001190662384
2988,-0.0385460704565048
2989,-0.0752495899796485
2990,-0.0663968175649643
2991,-0.0772290155291557
2992,-0.0692952275276184
2993,-0.0748749822378158
2994,-0.0800594016909599
2995,-0.0973289832472801
2996,-0.0701626539230346
2997,-0.0284518264234066
2998,-0.0331393405795097
2999,-0.0744028463959693
3000,-0.0665393695235252
3001,-0.0931662023067474
3002,-0.0726483985781669
3003,-0.0554809048771858
3004,-0.0481452271342277
3005,-0.0897993072867393
3006,-0.0424680858850479
3007,-0.0743750482797622
3008,-0.0425073467195034
3009,-0.074790321290493
3010,-0.0401060581207275
3011,-0.0767770409584045
3012,-0.0840795412659645
3013,-0.0530041716992855
3014,-0.0980753004550933
3015,-0.0832358375191688
3016,-0.083938330411911
3017,-0.082853578031063
3018,-0.1045428663492202
3019,-0.0262684952467679
3020,-0.0470650382339954
3021,-0.0267625972628593
3022,-0.0715880468487739
3023,-0.0710009261965751
3024,-0.0913300365209579
3025,-0.0321670398116111
3026,-0.0715058073401451
3027,-0.0298609342426061
3028,-0.0605642683804035
3029,-0.078795850276947
3030,-0.0664155706763267
3031,-0.0596945360302925
3032,-0.0806346461176872
3033,-0.0467359647154808
3034,-0.0770106092095375
3035,-0.0602345950901508
3036,-0.0906046107411384
3037,-0.0523457787930965
3038,-0.0763226151466369
3039,-0.0377106256783008
3040,-0.0430807285010814
3041,-0.0531932786107063
3042,-0.0184622406959533
3043,-0.0721330195665359
3044,-0.0698487013578414
3045,-0.0830559134483337
3046,-0.0837744250893592
3047,-0.0635468438267707
3048,-0.0644236207008361
3049,-0.0534651316702365
3050,-0.0662363693118095
3051,-0.0738437175750732
3052,-0.11850106716156
3053,-0.066013716161251
3054,-0.0945641100406646
3055,-0.0608963035047054
3056,-0.0802406966686248
3057,-0.0815486907958984
3058,-0.1003918051719665
3059,-0.0499296747148036
3060,-0.0724891051650047
3061,-0.1030879616737365
3062,-0.0815734043717384
3063,-0.0739231705665588
3064,-0.0289393868297338
3065,-0.0628005638718605
3066,-0.0501682087779045
3067,-0.0903006419539451
3068,-0.0268077570945024
3069,-0.0659669935703277
3070,-0.0374113619327545
3071,-0.0710299909114837
3072,-0.0225726626813411
3073,-0.0916117131710052
3074,-0.0866378024220466
3075,-0.0694908872246742
3076,-0.0281303226947784
3077,-0.1010708287358284
3078,-0.0749701038002967
3079,-0.0754651203751564
3080,-0.0528191588819026
3081,-0.0610042884945869
3082,-0.0506685450673103
3083,-0.0386712439358234
3084,-0.0440936833620071
3085,-0.0338643342256546
3086,-0.088385671377182
3087,-0.0696760639548301
3088,-0.0376791097223758
3089,-0.0770199075341224
3090,-0.0662609785795211
3091,-0.079588733613491
3092,-0.061485331505537
3093,-0.0277390461415052
3094,-0.0488618053495883
3095,-0.0523972436785697
3096,-0.0689114183187484
3097,-0.0831441134214401
3098,-0.0719036981463432
3099,-0.0613171197474002
3100,-0.0358333066105842
3101,-0.0676791220903396
3102,-0.0954981744289398
3103,-0.0623124502599239
3104,-0.0801994577050209
3105,-0.093015432357788
3106,-0.0507182702422142
3107,-0.0633763447403907
3108,-0.0827187076210975
3109,-0.041153684258461
3110,-0.0725514069199562
3111,-0.0641094073653221
3112,-0.0777024701237678
3113,-0.0645445361733436
3114,-0.067708171904087
3115,-0.0796863362193107
3116,-0.0198524370789527
3117,-0.0793452113866806
3118,-0.0399033017456531
3119,-0.0744048207998275
3120,-0.0183488260954618
3121,-0.0243059080094099
3122,-0.049296099692583
3123,-0.0810857191681861
3124,-0.0812530890107154
3125,-0.1043329015374183
3126,-0.0677157640457153
3127,-0.0572213344275951
3128,-0.105277307331562
3129,-0.0742294788360595
3130,-0.0558968596160411
3131,-0.070841334760189
3132,-0.0849073231220245
3133,-0.0799577534198761
3134,-0.0677613690495491
3135,-0.0678928270936012
3136,-0.0558043867349624
3137,-0.0454106964170932
3138,-0.0549070425331592
3139,-0.0756705999374389
3140,-0.0809959769248962
3141,-0.0940680652856826
3142,-0.0759878829121589
3143,-0.0342677272856235
3144,-0.0800424441695213
3145,-0.0204350426793098
3146,-0.0831712484359741
3147,-0.0698351040482521
3148,-0.0632407441735267
3149,-0.0828965604305267
3150,-0.083890713751316
3151,-0.0620993860065937
3152,-0.0479600615799427
3153,-0.0792610496282577
3154,-0.0707984343171119
3155,-0.0609878301620483
3156,-0.0501161180436611
3157,-0.0705634132027626
3158,-0.0751323252916336
3159,-0.0855770260095596
3160,-0.0970608964562416
3161,-0.0794174894690513
3162,-0.0774438828229904
3163,-0.0716478452086448
3164,-0.0830952227115631
3165,-0.0660763531923294
3166,-0.0489400848746299
3167,-0.0673039928078651
3168,-0.0398738831281662
3169,-0.0584894306957721
3170,-0.0592739768326282
3171,-0.0631549134850502
3172,-0.0697162225842475
3173,-0.0589412190020084
3174,-0.0584136508405208
3175,-0.0692956522107124
3176,-0.0730061382055282
3177,-0.0570118688046932
3178,-0.0659378319978714
3179,-0.061656791716814
3180,-0.0651533231139183
3181,-0.0820159837603569
3182,-0.0186938755214214
3183,-0.030542591586709
3184,-0.0772928074002265
3185,-0.0745677947998046
3186,-0.0675843134522438
3187,-0.0674719810485839
3188,-0.0424610190093517
3189,-0.0555268190801143
3190,-0.0885719433426857
3191,-0.0862728729844093
3192,-0.0826762914657592
3193,-0.0844137147068977
3194,-0.0263188015669584
3195,-0.0569977648556232
3196,-0.0924767851829528
3197,-0.0717467218637466
3198,-0.0129778264090418
3199,-0.0512112900614738
3200,-0.0710315555334091
3201,-0.0261799376457929
3202,-0.0485679060220718
3203,-0.0840004980564117
3204,-0.0331453830003738
3205,-0.0725621283054351
3206,-0.0661160424351692
3207,-0.0298019889742136
3208,-0.0535781532526016
3209,-0.083702802658081
3210,-0.062031652778387
3211,-0.0708316937088966
3212,-0.0553528219461441
3213,-0.0698666349053382
3214,-0.0783498957753181
3215,-0.0658798739314079
3216,-0.0592576749622821
3217,-0.046694952994585
3218,-0.0546172969043254
3219,-0.0506765581667423
3220,-0.080012746155262
3221,-0.0588405914604663
3222,-0.0693740621209144
3223,-0.0809109583497047
3224,-0.0476107187569141
3225,-0.10360948741436
3226,-0.0750594660639762
3227,-0.0793614834547042
3228,-0.0509866997599601
3229,-0.086017332971096
3230,-0.1003563478589057
3231,-0.0436216592788696
3232,-0.0611301138997077
3233,-0.0677784904837608
3234,-0.0879492610692977
3235,-0.0775077119469642
3236,-0.0939101874828338
3237,-0.0834859982132911
3238,-0.0817889422178268
3239,-0.0489501170814037
3240,-0.0797693282365799
3241,-0.0705935135483741
3242,-0.0785415098071098
3243,-0.0707340985536575
3244,-0.0485182851552963
3245,-0.0736235678195953
3246,-0.0951079279184341
3247,-0.0804219990968704
3248,-0.0875194445252418
3249,-0.1420846581459045
3250,-0.0940562188625335
3251,-0.0579134747385978
3252,-0.0363778620958328
3253,-0.0739665627479553
3254,-0.0945454835891723
3255,-0.0294190254062414
3256,-0.0703883692622184
3257,-0.0606645755469799
3258,-0.0833529606461525
3259,-0.0745372772216796
3260,-0.0438311882317066
3261,-0.0900935381650924
3262,-0.0686083883047103
3263,-0.0844622328877449
3264,-0.0745523646473884
3265,-0.0745103135704994
3266,-0.0549751706421375
3267,-0.0345943011343479
3268,-0.0980622693896293
3269,-0.0612487010657787
3270,-0.0506508201360702
3271,-0.0584237240254879
3272,-0.0403645522892475
3273,-0.078733280301094
3274,-0.0762984678149223
3275,-0.0669803321361541
3276,-0.085391379892826
3277,-0.0357430577278137
3278,-0.0405924022197723
3279,-0.0371135883033275
3280,-0.0682051852345466
3281,-0.027403324842453
3282,-0.0597329065203666
3283,-0.0673477798700332
3284,-0.0701332092285156
3285,-0.0554270222783088
3286,-0.0714098736643791
3287,-0.0838947147130966
3288,-0.0357001721858978
3289,-0.0933565720915794
3290,-0.0750640034675598
3291,-0.0219665020704269
3292,-0.083799235522747
3293,-0.0162738803774118
3294,-0.0823447778820991
3295,-0.0771615952253341
3296,-0.0875513404607772
3297,-0.0191168654710054
3298,-0.0771129727363586
3299,-0.0261789690703153
3300,-0.0371879749000072
3301,-0.0841104164719581
3302,-0.0524974018335342
3303,-0.0763532295823097
3304,-0.089637316763401
3305,-0.0615713484585285
3306,-0.0426235944032669
3307,-0.0882694721221923
3308,-0.0748913958668708
3309,-0.0479379557073116
3310,-0.0499187037348747
3311,-0.0433159656822681
3312,-0.0403207279741764
3313,-0.0560305267572402
3314,-0.0512675307691097
3315,-0.0732904523611068
3316,-0.0689557567238807
3317,-0.0561482235789299
3318,-0.0380100756883621
3319,-0.0756170898675918
3320,-0.0714222341775894
3321,-0.0840179994702339
3322,-0.0638196021318435
3323,-0.06453637778759
3324,-0.0751258209347724
3325,-0.0711723789572715
3326,-0.0626085549592971
3327,-0.0521079301834106
3328,-0.0730643272399902
3329,-0.1020120680332183
3330,-0.0980038791894912
3331,-0.0699474290013313
3332,-0.1055557876825332
3333,-0.0768155232071876
3334,-0.0185935832560062
3335,-0.0478976033627986
3336,-0.0771893709897995
3337,-0.0458066910505294
3338,-0.1011291891336441
3339,-0.071899689733982
3340,-0.0549514181911945
3341,-0.077262282371521
3342,-0.0519313253462314
3343,-0.051604826003313
3344,-0.0655615255236625
3345,-0.0380417630076408
3346,-0.079896904528141
3347,-0.0596838779747486
3348,-0.0623056776821613
3349,-0.0696835741400718
3350,-0.0798873975872993
3351,-0.0444368906319141
3352,-0.0546126700937747
3353,-0.0477477572858333
3354,-0.0355730503797531
3355,-0.0745452940464019
3356,-0.0671589374542236
3357,-0.0791789591312408
3358,-0.0651559308171272
3359,-0.0696284547448158
3360,-0.0570578724145889
3361,-0.0378908403217792
3362,-0.0450052544474601
3363,-0.045022640377283
3364,-0.0307923220098018
3365,-0.0675291791558265
3366,-0.0851760953664779
3367,-0.0323216542601585
3368,-0.0568551681935787
3369,-0.0256472267210483
3370,-0.0325486548244953
3371,-0.0729164257645607
3372,-0.0443224981427192
3373,-0.0583552122116088
3374,-0.0671213641762733
3375,-0.0502883046865463
3376,-0.0864572450518608
3377,-0.0368782170116901
3378,-0.0661892220377922
3379,-0.0711152032017707
3380,-0.0659108012914657
3381,-0.0842348113656044
3382,-0.0316250585019588
3383,-0.0589779168367385
3384,-0.0683351680636406
3385,-0.0419575162231922
3386,-0.070600189268589
3387,-0.0661415755748748
3388,-0.0747245997190475
3389,-0.055487111210823
3390,-0.0837194398045539
3391,-0.0765786319971084
3392,-0.058147694915533
3393,-0.0281380619853734
3394,-0.0612105466425418
3395,-0.0576460771262645
3396,-0.0592972040176391
3397,-0.087856687605381
3398,-0.0678508505225181
3399,-0.091023713350296
3400,-0.0945907309651374
3401,-0.0716086402535438
3402,-0.0444908328354358
3403,-0.0264355149120092
3404,-0.0815215930342674
3405,-0.0784767791628837
3406,-0.0763059630990028
3407,-0.0804993659257888
3408,-0.0835473835468292
3409,-0.0759006515145301
3410,-0.0665878355503082
3411,-0.0692035257816314
3412,-0.1089283749461174
3413,-0.0177200324833393
3414,-0.0734863802790641
3415,-0.085431769490242
3416,-0.0670756548643112
3417,-0.0771173909306526
3418,-0.0683955922722816
3419,-0.0875396952033042
3420,-0.0879634246230125
3421,-0.042142279446125
3422,-0.0660266280174255
3423,-0.0768839120864868
3424,-0.0129195237532258
3425,-0.0425155535340309
3426,-0.0808977261185646
3427,-0.0711663588881492
3428,-0.0407355353236198
3429,-0.0881491675972938
3430,-0.0777660682797432
3431,-0.0713561549782753
3432,-0.0659602209925651
3433,-0.0630331858992576
3434,-0.0485868789255619
3435,-0.0576627850532531
3436,-0.0630663633346557
3437,-0.0831495150923729
3438,-0.0481485612690448
3439,-0.0757052972912788
3440,-0.0796570554375648
3441,-0.0700208470225334
3442,-0.0418401546776294
3443,-0.0703460350632667
3444,-0.085016943514347
3445,-0.0571480728685855
3446,-0.0321416594088077
3447,-0.0464884750545024
3448,-0.0612083151936531
3449,-0.0712026804685592
3450,-0.0491209477186203
3451,-0.0787410587072372
3452,-0.088527150452137
3453,-0.0646601542830467
3454,-0.0885709375143051
3455,-0.0776445791125297
3456,-0.0143954884260892
3457,-0.0597936920821666
3458,-0.0816159397363662
3459,-0.0822210684418678
3460,-0.0759013295173645
3461,-0.0822955667972564
3462,-0.1010230034589767
3463,-0.058280486613512
3464,-0.078198991715908
3465,-0.0606581754982471
3466,-0.0484005808830261
3467,-0.0347284376621246
3468,-0.0522586591541767
3469,-0.0909263268113136
3470,-0.0715347751975059
3471,-0.05289938300848
3472,-0.0618164949119091
3473,-0.059566956013441
3474,-0.0501387044787406
3475,-0.0819193199276924
3476,-0.0915847942233085
3477,-0.0456859990954399
3478,-0.064502939581871
3479,-0.0522685833275318
3480,-0.0498747490346431
3481,-0.0365124978125095
3482,-0.0591021180152893
3483,-0.047423243522644
3484,-0.0701774135231971
3485,-0.0201875902712345
3486,-0.0577980689704418
3487,-0.0710555464029312
3488,-0.0391847267746925
3489,-0.0488056652247905
3490,-0.0501877553761005
3491,-0.0710933580994606
3492,-0.0940369889140129
3493,-0.0682402178645134
3494,-0.0512312799692153
3495,-0.0153012294322252
3496,-0.0770546644926071
3497,-0.0359580107033252
3498,-0.0563471652567386
3499,-0.0537411719560623
3500,-0.0722169801592826
3501,-0.0708491429686546
3502,-0.0348843224346637
3503,-0.0667021349072456
3504,-0.0334419757127761
3505,-0.0734361931681633
3506,-0.0708998963236808
3507,-0.0776027217507362
3508,-0.0611404068768024
3509,-0.0533174127340316
3510,-0.0627390518784523
3511,-0.0248428788036108
3512,-0.0580807924270629
3513,-0.0575890094041824
3514,-0.0876495540142059
3515,-0.0908951610326767
3516,-0.058548416942358
3517,-0.0742445215582847
3518,-0.0688889026641845
3519,-0.0826514065265655
3520,-0.0635827407240867
3521,-0.0535262785851955
3522,-0.064326986670494
3523,-0.04464902728796
3524,-0.0460225604474544
3525,-0.0728204846382141
3526,-0.0311537217348814
3527,-0.0181614998728036
3528,-0.0583076998591423
3529,-0.0709810107946395
3530,-0.0710845813155174
3531,-0.0840691179037094
3532,-0.042142380028963
3533,-0.0608721561729908
3534,-0.0653371512889862
3535,-0.0638235583901405
3536,-0.072056196630001
3537,-0.0719488710165023
3538,-0.0698313638567924
3539,-0.0397874824702739
3540,-0.0862156376242637
3541,-0.0823436304926872
3542,-0.0176538620144128
3543,-0.0976421386003494
3544,-0.0331832952797412
3545,-0.09253491461277
3546,-0.1060734093189239
3547,-0.0395679883658885
3548,-0.0639369487762451
3549,-0.0145566398277878
3550,-0.0421818569302558
3551,-0.0666301622986793
3552,-0.0241113528609275
3553,-0.0904548689723014
3554,-0.028628796339035
3555,-0.0827228277921676
3556,-0.0482447333633899
3557,-0.0461787916719913
3558,-0.0705668032169342
3559,-0.0692988485097885
3560,-0.0470531582832336
3561,-0.053991112858057
3562,-0.0988968163728714
3563,-0.0609110854566097
3564,-0.095649629831314
3565,-0.0694907084107399
3566,-0.0867448672652244
3567,-0.0607388503849506
3568,-0.0674977600574493
3569,-0.1057790890336036
3570,-0.0581355765461921
3571,-0.0954487323760986
3572,-0.0415162034332752
3573,-0.0566026493906974
3574,-0.0349899791181087
3575,-0.044121291488409
3576,-0.0752253159880638
3577,-0.0375068075954914
3578,-0.0746702328324318
3579,-0.0544980652630329
3580,-0.0476393960416317
3581,-0.0142685770988464
3582,-0.0750356689095497
3583,-0.0724411606788635
3584,-0.0384263917803764
3585,-0.0904583930969238
3586,-0.0756408050656318
3587,-0.0824294164776802
3588,-0.0866204276680946
3589,-0.0355338305234909
3590,-0.0773631855845451
3591,-0.0406896658241748
3592,-0.0534152016043663
3593,-0.0416035465896129
3594,-0.0794226005673408
3595,-0.0227983407676219
3596,-0.0523575022816658
3597,-0.0670522600412368
3598,-0.0740037336945533
3599,-0.0780346393585205
3600,-0.0815654918551445
3601,-0.1084189414978027
3602,-0.072749949991703
3603,-0.0785751640796661
3604,-0.0240898095071315
3605,-0.0598115660250186
3606,-0.0772306025028228
3607,-0.0844711810350418
3608,-0.0503639467060565
3609,-0.0725587531924247
3610,-0.060923833400011
3611,-0.0640576258301734
3612,-0.0809568390250206
3613,-0.0556777603924274
3614,-0.033462107181549
3615,-0.0446717143058776
3616,-0.0790803134441375
3617,-0.015698030591011
3618,-0.0748233869671821
3619,-0.0640335083007812
3620,-0.0282845590263605
3621,-0.1124145463109016
3622,-0.0644701719284057
3623,-0.031959906220436
3624,-0.0784027501940727
3625,-0.0657945126295089
3626,-0.0501979067921638
3627,-0.0537553913891315
3628,-0.0848302766680717
3629,-0.0579423643648624
3630,-0.095237523317337
3631,-0.0444100759923458
3632,-0.0912184491753578
3633,-0.0800710245966911
3634,-0.0765126794576644
3635,-0.0379528179764747
3636,-0.0680602267384529
3637,-0.0333990640938282
3638,-0.0560409948229789
3639,-0.0706654265522956
3640,-0.0738983526825904
3641,-0.0869397446513176
3642,-0.0130162648856639
3643,-0.0849744454026222
3644,-0.088515318930149
3645,-0.0755796805024147
3646,-0.0827778205275535
3647,-0.0774106383323669
3648,-0.0466887839138507
3649,-0.0130955772474408
3650,-0.0830823853611946
3651,-0.0793358907103538
3652,-0.0732441321015358
3653,-0.067427784204483
3654,-0.0496677085757255
3655,-0.0382257774472236
3656,-0.0272118542343378
3657,-0.0690011754631996
3658,-0.0344546437263488
3659,-0.0644696578383445
3660,-0.0416985936462879
3661,-0.0889059156179428
3662,-0.0544706992805004
3663,-0.0759683400392532
3664,-0.087042823433876
3665,-0.0480614900588989
3666,-0.0828429013490676
3667,-0.016024449840188
3668,-0.0701008811593055
3669,-0.0713623538613319
3670,-0.0688243210315704
3671,-0.0754283517599105
3672,-0.0581908486783504
3673,-0.1043350994586944
3674,-0.0670177340507507
3675,-0.0776535123586654
3676,-0.0302289463579654
3677,-0.0769503489136695
3678,-0.0524181462824344
3679,-0.0524916462600231
3680,-0.0552145130932331
3681,-0.0675408095121383
3682,-0.0618070103228092
3683,-0.0755446776747703
3684,-0.0770886689424514
3685,-0.0735792964696884
3686,-0.0776301622390747
3687,-0.071522518992424
3688,-0.0436233282089233
3689,-0.0664225742220878
3690,-0.0861736088991165
3691,-0.0333885513246059
3692,-0.0404865853488445
3693,-0.0694247931241989
3694,-0.0745764151215553
3695,-0.0621037147939205
3696,-0.0870102494955062
3697,-0.0359574407339096
3698,-0.0915684551000595
3699,-0.0804125219583511
3700,-0.118646465241909
3701,-0.0822760164737701
3702,-0.071581445634365
3703,-0.0110708437860012
3704,-0.0737066268920898
3705,-0.0992908477783203
3706,-0.0756794437766075
3707,-0.0490311607718467
3708,-0.0644262433052063
3709,-0.0744036436080932
3710,-0.0388187170028686
3711,-0.0539282038807868
3712,-0.0600884035229682
3713,-0.074785403907299
3714,-0.0668260529637336
3715,-0.0269381869584321
3716,-0.0793842449784278
3717,-0.0439532622694969
3718,-0.0435902401804924
3719,-0.0665719956159591
3720,-0.0636148750782013
3721,-0.0384395197033882
3722,-0.0623853988945484
3723,-0.0663232132792472
3724,-0.0760301426053047
3725,-0.0349327400326728
3726,-0.0642958059906959
3727,-0.0864868611097335
3728,-0.0668004006147384
3729,-0.0697282701730728
3730,-0.0471877194941043
3731,-0.0320815555751323
3732,-0.084058977663517
3733,-0.08108951151371
3734,-0.0603349618613719
3735,-0.0694813728332519
3736,-0.0661602839827537
3737,-0.0774026662111282
3738,-0.0515687949955463
3739,-0.0954267159104347
3740,-0.0505994297564029
3741,-0.0472189858555793
3742,-0.0561838336288929
3743,-0.0707414299249649
3744,-0.0509174242615699
3745,-0.0841128751635551
3746,-0.0934871807694435
3747,-0.0354039371013641
3748,-0.0983952209353447
3749,-0.0720859095454216
3750,-0.0707661658525466
3751,-0.0743832737207412
3752,-0.0586183331906795
3753,-0.0704248547554016
3754,-0.0546927936375141
3755,-0.0277424547821283
3756,-0.0797263458371162
3757,-0.068557932972908
3758,-0.0742117166519165
3759,-0.0314508788287639
3760,-0.104251779615879
3761,-0.0779187083244323
3762,-0.073846161365509
3763,-0.063070960342884
3764,-0.0896652713418006
3765,-0.0416318699717521
3766,-0.0294594727456569
3767,-0.0204600766301155
3768,-0.0674295723438263
3769,-0.0694678127765655
3770,-0.0409100316464901
3771,-0.0729009881615638
3772,-0.0776731148362159
3773,-0.1096148639917373
3774,-0.0798938944935798
3775,-0.0726156383752822
3776,-0.0542833097279071
3777,-0.0705278515815734
3778,-0.040807731449604
3779,-0.0711595192551612
3780,-0.0490018464624881
3781,-0.0925454124808311
3782,-0.0376326330006122
3783,-0.0674021616578102
3784,-0.0391202494502067
3785,-0.0607630535960197
3786,-0.0618781708180904
3787,-0.0658873841166496
3788,-0.0728950649499893
3789,-0.0378922969102859
3790,-0.0688416734337806
3791,-0.0423719622194767
3792,-0.0675679370760917
3793,-0.0560801811516284
3794,-0.0363107807934284
3795,-0.0165550950914621
3796,-0.0923659801483154
3797,-0.0757640898227691
3798,-0.0534471087157726
3799,-0.0736396461725235
3800,-0.0676628649234771
3801,-0.0670289695262909
3802,-0.0700506418943405
3803,-0.068750761449337
3804,-0.0801716074347496
3805,-0.102715827524662
3806,-0.0687863677740097
3807,-0.0894583687186241
3808,-0.0765062347054481
3809,-0.0607233829796314
3810,-0.0729229301214218
3811,-0.0547877661883831
3812,-0.0934889316558837
3813,-0.0585375167429447
3814,-0.0687195137143135
3815,-0.065668836236
3816,-0.0779109299182891
3817,-0.0594761557877063
3818,-0.0616738460958004
3819,-0.0235117208212614
3820,-0.0733111873269081
3821,-0.0770072266459465
3822,-0.0640992149710655
3823,-0.0929844602942466
3824,-0.0751183480024337
3825,-0.0400339476764202
3826,-0.0536238476634025
3827,-0.0762136802077293
3828,-0.0569471530616283
3829,-0.0129202911630272
3830,-0.0914285480976104
3831,-0.0720291435718536
3832,-0.0671552568674087
3833,-0.0582181103527545
3834,-0.0911013782024383
3835,-0.0733511596918106
3836,-0.025135988369584
3837,-0.0707616433501243
3838,-0.0592008046805858
3839,-0.0766556710004806
3840,-0.06948072463274
3841,-0.0812772512435913
3842,-0.049934908747673
3843,-0.0617483332753181
3844,-0.0265579670667648
3845,-0.0886441990733146
3846,-0.0198386143893003
3847,-0.0799963176250457
3848,-0.0706367120146751
3849,-0.0413406081497669
3850,-0.0432428903877735
3851,-0.0892717167735099
3852,-0.0921908393502235
3853,-0.0425196960568428
3854,-0.0669949203729629
3855,-0.0951298177242279
3856,-0.0591682121157646
3857,-0.0891797691583633
3858,-0.0769866704940795
3859,-0.0200399979948997
3860,-0.0862763300538063
3861,-0.0562977716326713
3862,-0.0486989021301269
3863,-0.0715467929840087
3864,-0.0560898371040821
3865,-0.0467008538544178
3866,-0.0621383674442768
3867,-0.0540232583880424
3868,-0.0755281746387481
3869,-0.0573979429900646
3870,-0.079466737806797
3871,-0.098140075802803
3872,-0.057183351367712
3873,-0.044611070305109
3874,-0.0794904008507728
3875,-0.0345902182161808
3876,-0.0818685665726661
3877,-0.080468863248825
3878,-0.0752131342887878
3879,-0.0392605848610401
3880,-0.0933176055550575
3881,-0.0238610748201608
3882,-0.080543465912342
3883,-0.083841972053051
3884,-0.0742370709776878
3885,-0.0813228040933609
3886,-0.0808679610490799
3887,-0.0349079370498657
3888,-0.0671301111578941
3889,-0.0619431212544441
3890,-0.0282944440841674
3891,-0.0373330302536487
3892,-0.0327090360224247
3893,-0.0738010704517364
3894,-0.0706676095724105
3895,-0.070997729897499
3896,-0.0428556129336357
3897,-0.1313329190015792
3898,-0.0549698211252689
3899,-0.0329992994666099
3900,-0.0602834895253181
3901,-0.0437356047332286
3902,-0.0812707394361496
3903,-0.0750855356454849
3904,-0.0583720803260803
3905,-0.0793816447257995
3906,-0.0514923594892025
3907,-0.0169127751141786
3908,-0.0579176433384418
3909,-0.0683247074484825
3910,-0.0787145569920539
3911,-0.050013031810522
3912,-0.0553256012499332
3913,-0.067280501127243
3914,-0.0381242223083972
3915,-0.0592173151671886
3916,-0.0536638125777244
3917,-0.0850984007120132
3918,-0.0970232263207435
3919,-0.0533573776483535
3920,-0.0665159076452255
3921,-0.0409113876521587
3922,-0.0784309729933738
3923,-0.0452033765614032
3924,-0.0790452733635902
3925,-0.046339601278305
3926,-0.0789173394441604
3927,-0.0231410879641771
3928,-0.0707349628210067
3929,-0.0242726635187864
3930,-0.0563752315938472
3931,-0.0671236738562583
3932,-0.0771388784050941
3933,-0.1116784662008285
3934,-0.0794118717312812
3935,-0.0655131712555885
3936,-0.0674416795372963
3937,-0.0451554544270038
3938,-0.0229757763445377
3939,-0.0166563466191291
3940,-0.0580865666270256
3941,-0.0854520797729492
3942,-0.0797039121389389
3943,-0.0612255334854126
3944,-0.0791966095566749
3945,-0.050889316946268
3946,-0.0629252046346664
3947,-0.0284906830638647
3948,-0.0897066965699195
3949,-0.0465973429381847
3950,-0.047194018959999
3951,-0.0617988109588623
3952,-0.0506801791489124
3953,-0.0654617622494697
3954,-0.0459170527756214
3955,-0.0610766671597957
3956,-0.0830947309732437
3957,-0.0628608763217926
3958,-0.084161639213562
3959,-0.080163799226284
3960,-0.0658245086669921
3961,-0.0459827780723571
3962,-0.037946630269289
3963,-0.0453062392771244
3964,-0.0091268438845872
3965,-0.0828516483306884
3966,-0.0425221808254718
3967,-0.0484573431313037
3968,-0.0683487057685852
3969,-0.060400802642107
3970,-0.0436189360916614
3971,-0.0754210948944091
3972,-0.0821703821420669
3973,-0.068340316414833
3974,-0.1040548756718635
3975,-0.0846246778964996
3976,-0.0770846381783485
3977,-0.0296377912163734
3978,-0.0761638209223747
3979,-0.051280204206705
3980,-0.0675760954618454
3981,-0.055657785385847
3982,-0.0943319797515869
3983,-0.0627462714910507
3984,-0.0696211531758308
3985,-0.0566454008221626
3986,-0.0803312435746193
3987,-0.0187981724739074
3988,-0.035108245909214
3989,-0.0866840034723281
3990,-0.0805026590824127
3991,-0.0702852457761764
3992,-0.057857621461153
3993,-0.0410239025950431
3994,-0.074771411716938
3995,-0.0173158012330532
3996,-0.085372045636177
3997,-0.0764147043228149
3998,-0.0384679324924945
3999,-0.0604573041200637
4000,-0.0424426384270191
4001,-0.0635989978909492
4002,-0.060268361121416
4003,-0.0771995037794113
4004,-0.0709297806024551
4005,-0.0778799876570701
4006,-0.0378464348614215
4007,-0.0637426674365997
4008,-0.0221401583403348
4009,-0.0613589435815811
4010,-0.0869698077440261
4011,-0.0784536376595497
4012,-0.0238667801022529
4013,-0.05871557071805
4014,-0.0220136474817991
4015,-0.0808730721473693
4016,-0.0639318451285362
4017,-0.0424575470387935
4018,-0.0465579777956008
4019,-0.0598172023892402
4020,-0.0661295801401138
4021,-0.0890635699033737
4022,-0.0493585392832756
4023,-0.0452972762286663
4024,-0.0568922683596611
4025,-0.0502260401844978
4026,-0.0234225522726774
4027,-0.0148904453963041
4028,-0.0627892240881919
4029,-0.0489383786916732
4030,-0.0769290849566459
4031,-0.0382069759070873
4032,-0.0518773309886455
4033,-0.088934414088726
4034,-0.0573081374168396
4035,-0.043396733701229
4036,-0.0880099684000015
4037,-0.0834087878465652
4038,-0.0584908612072467
4039,-0.1131566390395164
4040,-0.0551557093858718
4041,-0.0486868470907211
4042,-0.0563782267272472
4043,-0.0315190441906452
4044,-0.0393330045044422
4045,-0.0775016173720359
4046,-0.0613192729651927
4047,-0.0384046360850334
4048,-0.0433099791407585
4049,-0.0774490311741828
4050,-0.0719692558050155
4051,-0.0275773033499717
4052,-0.0659419000148773
4053,-0.0762460902333259
4054,-0.07684126496315
4055,-0.0272467378526926
4056,-0.0583500750362873
4057,-0.076924942433834
4058,-0.0752122551202774
4059,-0.0597339794039726
4060,-0.0748112499713897
4061,-0.0275973714888095
4062,-0.0732228755950927
4063,-0.0773568525910377
4064,-0.0296263396739959
4065,-0.0184898413717746
4066,-0.0690591931343078
4067,-0.0818521454930305
4068,-0.0623033642768859
4069,-0.0917569622397422
4070,-0.0519047304987907
4071,-0.0418639257550239
4072,-0.035336147993803
4073,-0.0682398751378059
4074,-0.0773636624217033
4075,-0.0443771667778492
4076,-0.0785293355584144
4077,-0.0799001306295394
4078,-0.0472506769001483
4079,-0.0383574850857257
4080,-0.084498293697834
4081,-0.071774810552597
4082,-0.0384962745010852
4083,-0.0755981355905532
4084,-0.0993390828371048
4085,-0.0690750330686569
4086,-0.0659525319933891
4087,-0.0489763841032981
4088,-0.0339823476970195
4089,-0.065650925040245
4090,-0.0561298914253711
4091,-0.0707351341843605
4092,-0.0742793381214141
4093,-0.0823628902435302
4094,-0.0561631396412849
4095,-0.0682612881064415
4096,-0.0500672981142997
4097,-0.0755547657608985
4098,-0.077227659523487
4099,-0.0635875239968299
4100,-0.0754483342170715
4101,-0.0815510228276252
4102,-0.0702158734202385
4103,-0.0918210372328758
4104,-0.0924432873725891
4105,-0.0302198901772499
4106,-0.0274743679910898
4107,-0.0373371019959449
4108,-0.0318079069256782
4109,-0.0543202981352806
4110,-0.0799441486597061
4111,-0.0817589461803436
4112,-0.0497214086353778
4113,-0.0804153010249137
4114,-0.0420050285756588
4115,-0.0699143484234809
4116,-0.0801209360361099
4117,-0.0872502997517585
4118,-0.0368246249854564
4119,-0.0276824850589036
4120,-0.0839267596602439
4121,-0.0766512975096702
4122,-0.0960145816206932
4123,-0.0425938852131366
4124,-0.0497636757791042
4125,-0.070010632276535
4126,-0.0751724541187286
4127,-0.0512916669249534
4128,-0.074424035847187
4129,-0.0311187542974948
4130,-0.0439559742808342
4131,-0.0835827961564064
4132,-0.023627795279026
4133,-0.0630080699920654
4134,-0.0542810223996639
4135,-0.0781831815838813
4136,-0.0726535469293594
4137,-0.0362293608486652
4138,-0.0275243017822504
4139,-0.0417631231248378
4140,-0.0633119121193885
4141,-0.0795843303203582
4142,-0.0958241000771522
4143,-0.0939096733927726
4144,-0.0439602322876453
4145,-0.0706775784492492
4146,-0.0781613364815712
4147,-0.0505990646779537
4148,-0.0730146840214729
4149,-0.0582247786223888
4150,-0.068832516670227
4151,-0.0482315309345722
4152,-0.0348542481660842
4153,-0.0935593545436859
4154,-0.0979141667485237
4155,-0.0685105770826339
4156,-0.0971932187676429
4157,-0.0842995196580886
4158,-0.0794835463166236
4159,-0.0785146579146385
4160,-0.0706406608223915
4161,-0.0799881070852279
4162,-0.0386377237737178
4163,-0.0745778903365135
4164,-0.0713429450988769
4165,-0.0852518007159233
4166,-0.0447340086102485
4167,-0.0324374735355377
4168,-0.0770132318139076
4169,-0.0555510260164737
4170,-0.0785734429955482
4171,-0.0494803786277771
4172,-0.0132750468328595
4173,-0.0605064034461975
4174,-0.0688040629029274
4175,-0.0634530559182167
4176,-0.0389968156814575
4177,-0.0787970647215843
4178,-0.068613477051258
4179,-0.054999966174364
4180,-0.0618642307817935
4181,-0.0746859684586525
4182,-0.0164208356291055
4183,-0.0668602362275123
4184,-0.0744481906294822
4185,-0.0494258776307106
4186,-0.0788965970277786
4187,-0.082669474184513
4188,-0.0731045827269554
4189,-0.0718101859092712
4190,-0.0583733730018138
4191,-0.0817467346787452
4192,-0.0319660156965255
4193,-0.0613351017236709
4194,-0.0498905442655086
4195,-0.0711330696940422
4196,-0.0215407852083444
4197,-0.0799155309796333
4198,-0.0750403553247451
4199,-0.082416757941246
4200,-0.0787978172302246
4201,-0.0792882069945335
4202,-0.0599725246429443
4203,-0.0236084256321191
4204,-0.0311782099306583
4205,-0.0544687807559967
4206,-0.0867526233196258
4207,-0.0960722416639328
4208,-0.0089986054226756
4209,-0.0188154764473438
4210,-0.094271995127201
4211,-0.0736197605729103
4212,-0.0772401019930839
4213,-0.0530323460698127
4214,-0.0577349327504634
4215,-0.0687300115823745
4216,-0.0411313138902187
4217,-0.0672245398163795
4218,-0.0603666454553604
4219,-0.0992849916219711
4220,-0.0652144104242324
4221,-0.0254284664988517
4222,-0.0734873935580253
4223,-0.1224818080663681
4224,-0.0680697783827781
4225,-0.0157318003475666
4226,-0.0723131000995636
4227,-0.0448137111961841
4228,-0.0687109008431434
4229,-0.1067598909139633
4230,-0.0767222940921783
4231,-0.0268671456724405
4232,-0.0592045448720455
4233,-0.0524572916328907
4234,-0.0231021996587514
4235,-0.0636138319969177
4236,-0.0568701289594173
4237,-0.0728204473853111
4238,-0.0788901224732399
4239,-0.0804975181818008
4240,-0.0770126283168792
4241,-0.0581888742744922
4242,-0.0388121828436851
4243,-0.0142530286684632
4244,-0.08649193495512
4245,-0.0493609122931957
4246,-0.0691992044448852
4247,-0.0735041052103042
4248,-0.0528014823794364
4249,-0.0779929682612419
4250,-0.0760640501976013
4251,-0.0286603607237339
4252,-0.0365155041217803
4253,-0.0728609785437583
4254,-0.0651140511035919
4255,-0.0755926668643951
4256,-0.0301625728607177
4257,-0.0774117335677146
4258,-0.0398913398385047
4259,-0.1051819995045661
4260,-0.1014264076948165
4261,-0.0580166913568973
4262,-0.0706019178032875
4263,-0.0783781483769416
4264,-0.0357781201601028
4265,-0.0693503990769386
4266,-0.0154022853821516
4267,-0.0893079712986946
4268,-0.1113952174782753
4269,-0.0729080736637115
4270,-0.0834968388080596
4271,-0.0476588942110538
4272,-0.0736197903752327
4273,-0.0704562813043594
4274,-0.0517647676169872
4275,-0.0786055848002433
4276,-0.075411632657051
4277,-0.0894398316740989
4278,-0.0718234255909919
4279,-0.0543522350490093
4280,-0.0899679586291313
4281,-0.0701752230525016
4282,-0.0564626865088939
4283,-0.0101461634039878
4284,-0.0751342102885246
4285,-0.0753978863358497
4286,-0.05716048553586
4287,-0.040766853839159
4288,-0.0294699110090732
4289,-0.0204654801636934
4290,-0.0855456367135047
4291,-0.0723302140831947
4292,-0.0101829888299107
4293,-0.0704551860690116
4294,-0.0714184939861297
4295,-0.0955517068505287
4296,-0.0571208260953426
4297,-0.0885602012276649
4298,-0.0477845221757888
4299,-0.0769167020916938
4300,-0.0801896303892135
4301,-0.0867291316390037
4302,-0.0812117680907249
4303,-0.0690320432186126
4304,-0.0368236303329467
4305,-0.0749918594956398
4306,-0.0679216235876083
4307,-0.0819427743554115
4308,-0.0668917670845985
4309,-0.0803094133734703
4310,-0.0537796802818775
4311,-0.0588547065854072
4312,-0.065697468817234
4313,-0.0248712692409753
4314,-0.0779839381575584
4315,-0.0890904664993286
4316,-0.0794185176491737
4317,-0.0512434653937816
4318,-0.07609673589468
4319,-0.0752708539366722
4320,-0.0650568529963493
4321,-0.015039850026369
4322,-0.0797700881958007
4323,-0.0628094747662544
4324,-0.0323670804500579
4325,-0.0726182237267494
4326,-0.037841685116291
4327,-0.0650800988078117
4328,-0.0271135047078132
4329,-0.0834157839417457
4330,-0.0887036845088005
4331,-0.0579669140279293
4332,-0.074026234447956
4333,-0.0722311288118362
4334,-0.0987311080098152
4335,-0.0918960943818092
4336,-0.069952093064785
4337,-0.0984773263335228
4338,-0.0654816552996635
4339,-0.0694586187601089
4340,-0.0836226940155029
4341,-0.0291630830615758
4342,-0.0645169243216514
4343,-0.0268287118524312
4344,-0.0873347520828247
4345,-0.0760427191853523
4346,-0.0696518793702125
4347,-0.0247775297611951
4348,-0.0422393567860126
4349,-0.086186982691288
4350,-0.0681382492184639
4351,-0.045697882771492
4352,-0.0261072777211666
4353,-0.086660586297512
4354,-0.0735961571335792
4355,-0.0680612996220588
4356,-0.0281684342771768
4357,-0.0788702964782714
4358,-0.0532729290425777
4359,-0.0781076103448867
4360,-0.0837216153740882
4361,-0.0650116056203842
4362,-0.0121331773698329
4363,-0.0465651080012321
4364,-0.0737466663122177
4365,-0.040878415107727
4366,-0.0818364098668098
4367,-0.0533703342080116
4368,-0.0442605800926685
4369,-0.0285147000104188
4370,-0.0389364287257194
4371,-0.0849868357181549
4372,-0.0542440749704837
4373,-0.0592366717755794
4374,-0.0664363950490951
4375,-0.0974521785974502
4376,-0.0750793367624282
4377,-0.0932025462388992
4378,-0.0977532640099525
4379,-0.0446419119834899
4380,-0.0429549105465412
4381,-0.0825966447591781
4382,-0.0309127941727638
4383,-0.079714797437191
4384,-0.0653288513422012
4385,-0.0801106691360473
4386,-0.0446085147559642
4387,-0.0896543934941291
4388,-0.058906827121973
4389,-0.0734395310282707
4390,-0.0809062495827674
4391,-0.0623906999826431
4392,-0.0666446015238761
4393,-0.0410923548042774
4394,-0.0763332471251487
4395,-0.0507274642586708
4396,-0.0297505557537078
4397,-0.0571665167808532
4398,-0.0400501042604446
4399,-0.0850426480174064
4400,-0.0657736361026763
4401,-0.0830754488706588
4402,-0.0596098378300666
4403,-0.0783275514841079
4404,-0.0729929134249687
4405,-0.0782408565282821
4406,-0.0378074124455452
4407,-0.0158296860754489
4408,-0.0610628649592399
4409,-0.0701072141528129
4410,-0.0765160471200943
4411,-0.0748542323708534
4412,-0.0317744016647338
4413,-0.0806159079074859
4414,-0.0627064481377601
4415,-0.0809254869818687
4416,-0.0661905407905578
4417,-0.0697077289223671
4418,-0.0477555617690086
4419,-0.0825304761528968
4420,-0.0526656061410903
4421,-0.0641678944230079
4422,-0.0394694097340106
4423,-0.0736132487654686
4424,-0.0664471164345741
4425,-0.0499514825642108
4426,-0.0193253215402364
4427,-0.0585792809724807
4428,-0.0556809641420841
4429,-0.0517896898090839
4430,-0.0368561930954456
4431,-0.0612972453236579
4432,-0.041155744343996
4433,-0.0536448545753955
4434,-0.018235009163618
4435,-0.0947762802243232
4436,-0.0417320281267166
4437,-0.0722585693001747
4438,-0.064324177801609
4439,-0.0653059780597686
4440,-0.042635791003704
4441,-0.0517926402390003
4442,-0.0605853982269763
4443,-0.0563875027000904
4444,-0.0504992417991161
4445,-0.0597416423261165
4446,-0.085462175309658
4447,-0.0630434527993202
4448,-0.0365833565592765
4449,-0.0796953290700912
4450,-0.0335195586085319
4451,-0.0705779120326042
4452,-0.0598605163395404
4453,-0.0826904773712158
4454,-0.0821714699268341
4455,-0.0618290491402149
4456,-0.074977733194828
4457,-0.068176083266735
4458,-0.0909814164042472
4459,-0.0640613958239555
4460,-0.0659742727875709
4461,-0.0539074838161468
4462,-0.032829750329256
4463,-0.0536625310778617
4464,-0.0294380690902471
4465,-0.0664837211370468
4466,-0.0903603583574295
4467,-0.0488954372704029
4468,-0.0417869463562965
4469,-0.0666454061865806
4470,-0.0589933134615421
4471,-0.0782072991132736
4472,-0.0708300769329071
4473,-0.0809749886393547
4474,-0.0748209282755851
4475,-0.0514804162085056
4476,-0.0473449118435382
4477,-0.0656341090798378
4478,-0.0564762875437736
4479,-0.0724776461720466
4480,-0.0703018903732299
4481,-0.0499518401920795
4482,-0.0627149119973182
4483,-0.0142024792730808
4484,-0.0982053056359291
4485,-0.0787537917494773
4486,-0.0616933181881904
4487,-0.1022315323352813
4488,-0.0372924394905567
4489,-0.0692005082964897
4490,-0.0536564961075782
4491,-0.0689793080091476
4492,-0.0765969529747963
4493,-0.0174471382051706
4494,-0.0817459002137184
4495,-0.0618127398192882
4496,-0.0407758317887783
4497,-0.0797232761979103
4498,-0.0690756440162658
4499,-0.0729288011789321
4500,-0.0797328725457191
4501,-0.0571566820144653
4502,-0.0577674396336078
4503,-0.0661324933171272
4504,-0.0783444643020629
4505,-0.0862583667039871
4506,-0.065282367169857
4507,-0.0784520581364631
4508,-0.0824135690927505
4509,-0.0378675162792205
4510,-0.0799729228019714
4511,-0.0728139877319336
4512,-0.0603678561747074
4513,-0.0298931393772363
4514,-0.0764812380075454
4515,-0.0619403719902038
4516,-0.083247497677803
4517,-0.0567069910466671
4518,-0.0722739621996879
4519,-0.081229843199253
4520,-0.0600291043519973
4521,-0.071131445467472
4522,-0.0320860520005226
4523,-0.0423245467245578
4524,-0.0793059319257736
4525,-0.0535795539617538
4526,-0.0519684739410877
4527,-0.0297713670879602
4528,-0.0260642319917678
4529,-0.0468154624104499
4530,-0.0596281960606575
4531,-0.0412274897098541
4532,-0.0489589162170887
4533,-0.0805673450231552
4534,-0.0805313885211944
4535,-0.0743791833519935
4536,-0.0647804290056228
4537,-0.0182576030492782
4538,-0.0355090908706188
4539,-0.0748305916786193
4540,-0.0597713738679885
4541,-0.0711078941822052
4542,-0.0628507807850837
4543,-0.0616587586700916
4544,-0.0160714518278837
4545,-0.054927684366703
4546,-0.0777092352509498
4547,-0.0864760354161262
4548,-0.0498378463089466
4549,-0.0415495187044143
4550,-0.071181021630764
4551,-0.0888173356652259
4552,-0.0849797502160072
4553,-0.0512226521968841
4554,-0.0300099123269319
4555,-0.0748399719595909
4556,-0.0906740054488182
4557,-0.0747547969222068
4558,-0.0765880271792411
4559,-0.0953492447733879
4560,-0.0856542363762855
4561,-0.0640204325318336
4562,-0.0757044553756713
4563,-0.0729894191026687
4564,-0.0598468333482742
4565,-0.0433863215148448
4566,-0.0567156933248043
4567,-0.0638461485505104
4568,-0.0483093447983264
4569,-0.0467972941696643
4570,-0.0867057144641876
4571,-0.0436308905482292
4572,-0.1145089343190193
4573,-0.0609432198107242
4574,-0.0668252483010292
4575,-0.05210717394948
4576,-0.0642314925789833
4577,-0.0496788322925567
4578,-0.0169889219105243
4579,-0.0770841613411903
4580,-0.0628267452120781
4581,-0.0824527218937873
4582,-0.0739624798297882
4583,-0.0732784792780876
4584,-0.0814955085515976
4585,-0.011352346278727
4586,-0.0603743195533752
4587,-0.0567031092941761
4588,-0.0232761744409799
4589,-0.0157603360712528
4590,-0.0601441413164138
4591,-0.0358784683048725
4592,-0.0403653867542743
4593,-0.0238789692521095
4594,-0.0332097113132476
4595,-0.0639951601624488
4596,-0.0494795776903629
4597,-0.0131413452327251
4598,-0.0494325086474418
4599,-0.0738157033920288
4600,-0.0719567909836769
4601,-0.0860910862684249
4602,-0.0548085719347
4603,-0.0315660312771797
4604,-0.0212580356746912
4605,-0.0461826100945472
4606,-0.096704676747322
4607,-0.0783057808876037
4608,-0.082540139555931
4609,-0.0220262948423624
4610,-0.0747485905885696
4611,-0.0176551956683397
4612,-0.0787498354911804
4613,-0.066175527870655
4614,-0.0520191229879856
4615,-0.0345940813422203
4616,-0.0296403206884861
4617,-0.058009784668684
4618,-0.0589147992432117
4619,-0.0805947631597518
4620,-0.0725995972752571
4621,-0.081715852022171
4622,-0.0949685722589492
4623,-0.0753841772675514
4624,-0.0627644881606102
4625,-0.0542429611086845
4626,-0.0355648696422576
4627,-0.0421195141971111
4628,-0.0540978461503982
4629,-0.0627903714776039
4630,-0.0392415225505828
4631,-0.047258723527193
4632,-0.0674096196889877
4633,-0.0739459991455078
4634,-0.0409855544567108
4635,-0.0687613114714622
4636,-0.0989259332418441
4637,-0.0807094126939773
4638,-0.0721773654222488
4639,-0.0714730843901634
4640,-0.0483716093003749
4641,-0.0281791649758815
4642,-0.0768669918179512
4643,-0.0085567841306328
4644,-0.0354869179427623
4645,-0.036786712706089
4646,-0.1006194874644279
4647,-0.0507658049464225
4648,-0.069889597594738
4649,-0.0862188264727592
4650,-0.0311436261981725
4651,-0.0606130547821521
4652,-0.0493724942207336
4653,-0.0648597478866577
4654,-0.0537486150860786
4655,-0.048089075833559
4656,-0.0925672277808189
4657,-0.0478054024279117
4658,-0.0720058903098106
4659,-0.075770616531372
4660,-0.1158832162618637
4661,-0.075287140905857
4662,-0.0371789298951625
4663,-0.057726826518774
4664,-0.0719114318490028
4665,-0.0375534296035766
4666,-0.0849731191992759
4667,-0.0717802345752716
4668,-0.0322498939931392
4669,-0.0956517532467842
4670,-0.0513729527592659
4671,-0.0436121970415115
4672,-0.0694601684808731
4673,-0.0715513005852699
4674,-0.0704575777053833
4675,-0.086678959429264
4676,-0.0482362359762191
4677,-0.058392658829689
4678,-0.0634491741657257
4679,-0.091977871954441
4680,-0.0347405672073364
4681,-0.06496012955904
4682,-0.069442830979824
4683,-0.0608447268605232
4684,-0.0436400435864925
4685,-0.0391524769365787
4686,-0.1042115986347198
4687,-0.0606130249798297
4688,-0.066877856850624
4689,-0.0802707523107528
4690,-0.0822682753205299
4691,-0.0890610069036483
4692,-0.0849828124046325
4693,-0.0548659488558769
4694,-0.0964411869645118
4695,-0.031253095716238
4696,-0.0840026438236236
4697,-0.0480538606643676
4698,-0.0873265191912651
4699,-0.0500063076615333
4700,-0.0729625225067138
4701,-0.0711720958352088
4702,-0.0497413799166679
4703,-0.0764691829681396
4704,-0.0789790078997612
4705,-0.0733063891530036
4706,-0.0619473457336425
4707,-0.04115442186594
4708,-0.071722075343132
4709,-0.0597301535308361
4710,-0.0651260986924171
4711,-0.0596071891486644
4712,-0.075067326426506
4713,-0.0942726507782936
4714,-0.057284839451313
4715,-0.0826980844140052
4716,-0.0295119881629943
4717,-0.0514692850410938
4718,-0.0487187504768371
4719,-0.1063188463449478
4720,-0.0619919039309024
4721,-0.0532225370407104
4722,-0.0541262552142143
4723,-0.0430976040661335
4724,-0.0725621655583381
4725,-0.054614532738924
4726,-0.0421544946730136
4727,-0.0661637559533119
4728,-0.0795431956648826
4729,-0.083888866007328
4730,-0.0451412498950958
4731,-0.0620440915226936
4732,-0.0569714307785034
4733,-0.0690560340881347
4734,-0.0779840573668479
4735,-0.0515066571533679
4736,-0.0623440742492675
4737,-0.0761083886027336
4738,-0.0877950191497802
4739,-0.0534231327474117
4740,-0.0806252434849739
4741,-0.0895055904984474
4742,-0.086218811571598
4743,-0.08184614777565
4744,-0.0589039213955402
4745,-0.0447285175323486
4746,-0.032463364303112
4747,-0.0681043565273284
4748,-0.0679035261273384
4749,-0.0846943110227584
4750,-0.0702108815312385
4751,-0.0408137328922748
4752,-0.0428814440965652
4753,-0.0704752132296562
4754,-0.0835824981331825
4755,-0.0627666339278221
4756,-0.0576812699437141
4757,-0.063777782022953
4758,-0.0759133845567703
4759,-0.0695907920598983
4760,-0.0762536972761154
4761,-0.0114022539928555
4762,-0.0767841935157775
4763,-0.0488625094294548
4764,-0.0454505532979965
4765,-0.1090136170387268
4766,-0.0870812907814979
4767,-0.0738240852952003
4768,-0.0476819686591625
4769,-0.066912367939949
4770,-0.0769328027963638
4771,-0.0494929961860179
4772,-0.0281935408711433
4773,-0.0620721131563186
4774,-0.0392431132495403
4775,-0.0775913894176483
4776,-0.0550375171005725
4777,-0.0576959773898124
4778,-0.0593648105859756
4779,-0.0394476652145385
4780,-0.030995512381196
4781,-0.0722743347287178
4782,-0.0694016516208648
4783,-0.0456293821334838
4784,-0.0371667630970478
4785,-0.0496603436768054
4786,-0.0711103901267051
4787,-0.0663571655750274
4788,-0.0875408053398132
4789,-0.0279304329305887
4790,-0.0612812042236328
4791,-0.063640259206295
4792,-0.0905136838555336
4793,-0.0693225264549255
4794,-0.0676781311631202
4795,-0.051062736660242
4796,-0.071708008646965
4797,-0.1077909469604492
4798,-0.0123190572485327
4799,-0.104709468781948
4800,-0.1163501068949699
4801,-0.0478120297193527
4802,-0.0391387417912483
4803,-0.0696630403399467
4804,-0.0721558183431625
4805,-0.0795829221606254
4806,-0.0512581951916217
4807,-0.0319347567856311
4808,-0.0706895366311073
4809,-0.084024503827095
4810,-0.0240084435790777
4811,-0.0681469812989234
4812,-0.0784125477075576
4813,-0.0529173016548156
4814,-0.0361144244670867
4815,-0.0824939757585525
4816,-0.0851994156837463
4817,-0.0311009492725133
4818,-0.0682535544037818
4819,-0.0626189708709716
4820,-0.0640438348054885
4821,-0.0403619557619094
4822,-0.0619793273508548
4823,-0.0795975625514984
4824,-0.0926927179098129
4825,-0.0757586881518364
4826,-0.0754399672150611
4827,-0.0797022655606269
4828,-0.0525451451539993
4829,-0.0900262594223022
4830,-0.083231009542942
4831,-0.0929898023605346
4832,-0.0680839568376541
4833,-0.0739051178097724
4834,-0.0859216824173927
4835,-0.0618456676602363
4836,-0.0294900070875883
4837,-0.0668723657727241
4838,-0.0575863011181354
4839,-0.0453020893037319
4840,-0.0604534149169921
4841,-0.0295980833470821
4842,-0.0748417526483535
4843,-0.0266504753381013
4844,-0.0858764797449112
4845,-0.071515254676342
4846,-0.0670139864087104
4847,-0.0527862980961799
4848,-0.0732614770531654
4849,-0.0662434473633766
4850,-0.0603831000626087
4851,-0.0787564739584922
4852,-0.0356011018157005
4853,-0.1208989769220352
4854,-0.0473975650966167
4855,-0.0426333807408809
4856,-0.078399159014225
4857,-0.0898866802453994
4858,-0.0239283833652734
4859,-0.1036301702260971
4860,-0.0855065658688545
4861,-0.0283810496330261
4862,-0.0823179483413696
4863,-0.1146244332194328
4864,-0.0475898832082748
4865,-0.0639571249485015
4866,-0.0562574863433837
4867,-0.0522973127663135
4868,-0.0626329332590103
4869,-0.0724676623940467
4870,-0.0345617085695266
4871,-0.0495512746274471
4872,-0.0118588209152221
4873,-0.0856923460960388
4874,-0.0947139933705329
4875,-0.0635467395186424
4876,-0.0566409304738044
4877,-0.040735900402069
4878,-0.0632108077406883
4879,-0.0712374299764633
4880,-0.0537550635635852
4881,-0.0180674940347671
4882,-0.0550257451832294
4883,-0.0674726292490959
4884,-0.0965023785829544
4885,-0.0630669370293617
4886,-0.040985781699419
4887,-0.0426899641752243
4888,-0.0603394843637943
4889,-0.0616274401545524
4890,-0.0306130051612854
4891,-0.1123387664556503
4892,-0.0334717072546482
4893,-0.0473018884658813
4894,-0.0502965003252029
4895,-0.0654272064566612
4896,-0.0280321184545755
4897,-0.0498475693166255
4898,-0.0805871188640594
4899,-0.0505936928093433
4900,-0.0920675545930862
4901,-0.0478834100067615
4902,-0.0392741709947586
4903,-0.0500783398747444
4904,-0.080934427678585
4905,-0.0437542982399463
4906,-0.0274476949125528
4907,-0.0401834920048713
4908,-0.0601503439247608
4909,-0.0695955231785774
4910,-0.0439445935189724
4911,-0.0800773575901985
4912,-0.0261491332203149
4913,-0.1026574820280075
4914,-0.0345684364438056
4915,-0.0697560086846351
4916,-0.0650214329361915
4917,-0.0604457929730415
4918,-0.0871675685048103
4919,-0.0825385004281997
4920,-0.0771639868617057
4921,-0.0645599737763404
4922,-0.0661925598978996
4923,-0.0433329045772552
4924,-0.0961635559797287
4925,-0.085882693529129
4926,-0.0746197029948234
4927,-0.0385627038776874
4928,-0.0659883767366409
4929,-0.0740484967827797
4930,-0.0564660355448722
4931,-0.0713911429047584
4932,-0.0566445849835872
4933,-0.0761142745614051
4934,-0.0686607733368873
4935,-0.0533945113420486
4936,-0.0871045961976051
4937,-0.0545232482254505
4938,-0.0997776314616203
4939,-0.0782098546624183
4940,-0.0885168984532356
4941,-0.0683583319187164
4942,-0.0869663953781127
4943,-0.0953834429383277
4944,-0.053551398217678
4945,-0.0885827094316482
4946,-0.0638195648789405
4947,-0.0371153280138969
4948,-0.0811154395341873
4949,-0.0552396960556507
4950,-0.0642988458275795
4951,-0.0572126917541027
4952,-0.0469391085207462
4953,-0.0071219536475837
4954,-0.0507907830178737
4955,-0.0652257651090622
4956,-0.0589042827486991
4957,-0.0918019786477088
4958,-0.0547480508685112
4959,-0.0357400812208652
4960,-0.0797868594527244
4961,-0.0665929615497589
4962,-0.0726211816072464
4963,-0.0885772407054901
4964,-0.0578494556248188
4965,-0.1238503754138946
4966,-0.030536426231265
4967,-0.0575091764330863
4968,-0.0841737687587738
4969,-0.0417160913348197
4970,-0.0757355466485023
4971,-0.0503938719630241
4972,-0.0536423735320568
4973,-0.1003572717308998
4974,-0.0707099065184593
4975,-0.0356014557182788
4976,-0.0408951416611671
4977,-0.0612427406013011
4978,-0.0766646042466163
4979,-0.0492574237287044
4980,-0.0848461538553237
4981,-0.0907144844532013
4982,-0.0804462358355522
4983,-0.0970844700932502
4984,-0.0767199471592903
4985,-0.0671315491199493
4986,-0.0806687027215957
4987,-0.0148172974586486
4988,-0.0513097457587718
4989,-0.0728379860520362
4990,-0.051387146115303
4991,-0.0120982332155108
4992,-0.0535184927284717
4993,-0.063932217657566
4994,-0.0640526413917541
4995,-0.0688166767358779
4996,-0.0604037046432495
4997,-0.0288635734468698
4998,-0.0948853343725204
4999,-0.0598926693201065
5000,-0.05410797894001
5001,-0.0731635317206382
5002,-0.0850151628255844
5003,-0.0384798347949981
5004,-0.0231398679316043
5005,-0.0757648274302482
5006,-0.0439251810312271
5007,-0.0495106317102909
5008,-0.0178019031882286
5009,-0.0733029320836067
5010,-0.0481427796185016
5011,-0.0800585448741912
5012,-0.0656938925385475
5013,-0.0722697973251342
5014,-0.0680987760424614
5015,-0.0874307230114936
5016,-0.0367240495979785
5017,-0.0736337751150131
5018,-0.0554381534457206
5019,-0.0697646513581276
5020,-0.0536215268075466
5021,-0.0674188509583473
5022,-0.0763158500194549
5023,-0.0817671567201614
5024,-0.0672294124960899
5025,-0.0730090215802192
5026,-0.0424473732709884
5027,-0.0650186687707901
5028,-0.0309158433228731
5029,-0.0591688491404056
5030,-0.0375662222504615
5031,-0.0398251563310623
5032,-0.069782517850399
5033,-0.0757044330239296
5034,-0.0603447966277599
5035,-0.0800021961331367
5036,-0.0450748801231384
5037,-0.0714145228266716
5038,-0.0820006430149078
5039,-0.076487086713314
5040,-0.0840036943554878
5041,-0.0728335306048393
5042,-0.038860160857439
5043,-0.0736816599965095
5044,-0.1058096885681152
5045,-0.0843698754906654
5046,-0.0988275930285453
5047,-0.0763249993324279
5048,-0.0900869369506836
5049,-0.0799421295523643
5050,-0.0900962054729461
5051,-0.0557625815272331
5052,-0.0794538706541061
5053,-0.0643933117389679
5054,-0.0488845184445381
5055,-0.0437090061604976
5056,-0.0743661448359489
5057,-0.0446892268955707
5058,-0.0937874168157577
5059,-0.0423530973494052
5060,-0.0624214150011539
5061,-0.0604318268597126
5062,-0.0721467360854148
5063,-0.1012468859553337
5064,-0.0976944789290428
5065,-0.0585540421307086
5066,-0.0596372969448566
5067,-0.0331256277859211
5068,-0.0885202288627624
5069,-0.0695726349949836
5070,-0.0777672529220581
5071,-0.0172270834445953
5072,-0.0742156878113746
5073,-0.0840582028031349
5074,-0.0647713094949722
5075,-0.0468442104756832
5076,-0.0551349706947803
5077,-0.0486642494797706
5078,-0.0509830601513385
5079,-0.0770996510982513
5080,-0.0520093105733394
5081,-0.0383375659584999
5082,-0.0592613741755485
5083,-0.0659492388367652
5084,-0.0621669963002204
5085,-0.0386399216949939
5086,-0.0595021396875381
5087,-0.0812431573867797
5088,-0.0789246559143066
5089,-0.0574705190956592
5090,-0.0757048353552818
5091,-0.0705198943614959
5092,-0.0682577043771743
5093,-0.094262808561325
5094,-0.0678430125117302
5095,-0.0679481402039527
5096,-0.0528505146503448
5097,-0.0710886418819427
5098,-0.0895191207528114
5099,-0.0380885563790798
5100,-0.1016418039798736
5101,-0.0833786129951477
5102,-0.0688849687576294
5103,-0.0517549328505992
5104,-0.0678538009524345
5105,-0.0707788690924644
5106,-0.0842491686344146
5107,-0.0422812178730964
5108,-0.0483450926840305
5109,-0.0396839305758476
5110,-0.0304325725883245
5111,-0.0474558547139167
5112,-0.0558539703488349
5113,-0.0969622433185577
5114,-0.0350541174411773
5115,-0.0632722526788711
5116,-0.0896354615688324
5117,-0.0795222297310829
5118,-0.0480765588581562
5119,-0.0709323361515998
5120,-0.0766317918896675
5121,-0.0767030641436576
5122,-0.0796805769205093
5123,-0.0432041957974433
5124,-0.0686450377106666
5125,-0.0778136774897575
5126,-0.0271146725863218
5127,-0.0353382416069507
5128,-0.0560573227703571
5129,-0.0786527320742607
5130,-0.073934219777584
5131,-0.0739504024386406
5132,-0.0745015293359756
5133,-0.0726833716034889
5134,-0.0800065025687217
5135,-0.0640235170722007
5136,-0.0731673613190651
5137,-0.0689628422260284
5138,-0.0382660999894142
5139,-0.0745707899332046
5140,-0.056921973824501
5141,-0.0650694072246551
5142,-0.0696192681789398
5143,-0.07541324198246
5144,-0.067454420030117
5145,-0.0624761469662189
5146,-0.0765797868371009
5147,-0.0624395087361335
5148,-0.031515147536993
5149,-0.0374807938933372
5150,-0.0880255475640297
5151,-0.063717633485794
5152,-0.0905097350478172
5153,-0.0700868070125579
5154,-0.0722676366567611
5155,-0.0537738427519798
5156,-0.0445412136614322
5157,-0.0396629869937896
5158,-0.0501277111470699
5159,-0.0693389847874641
5160,-0.0456238873302936
5161,-0.0475727468729019
5162,-0.058120209723711
5163,-0.0552177540957927
5164,-0.0259926915168762
5165,-0.0935837030410766
5166,-0.0655029714107513
5167,-0.0712921619415283
5168,-0.0706262215971946
5169,-0.0821708813309669
5170,-0.0823376253247261
5171,-0.0824428796768188
5172,-0.0718443393707275
5173,-0.0573183558881282
5174,-0.0677394196391105
5175,-0.0796797648072242
5176,-0.0651952177286148
5177,-0.0990225672721862
5178,-0.0701241791248321
5179,-0.0548741817474365
5180,-0.0512704774737358
5181,-0.0700937211513519
5182,-0.0954503193497657
5183,-0.0470966957509517
5184,-0.0716886892914772
5185,-0.0622944496572017
5186,-0.0786538645625114
5187,-0.0471152439713478
5188,-0.0521594546735286
5189,-0.0535391978919506
5190,-0.055892277508974
5191,-0.0777761787176132
5192,-0.0596086643636226
5193,-0.06722953915596
5194,-0.0450534634292125
5195,-0.1023362278938293
5196,-0.0594289451837539
5197,-0.0724128857254982
5198,-0.0233180094510316
5199,-0.0514361262321472
5200,-0.0232675243169069
5201,-0.083398088812828
5202,-0.042690772563219
5203,-0.0487823076546192
5204,-0.0729171261191368
5205,-0.0431388691067695
5206,-0.0812003016471862
5207,-0.0790939033031463
5208,-0.0747014433145523
5209,-0.0734600126743316
5210,-0.0785358846187591
5211,-0.0608139038085937
5212,-0.066558226943016
5213,-0.0385656580328941
5214,-0.0510559976100921
5215,-0.0816909223794937
5216,-0.0582410506904125
5217,-0.0515528731048107
5218,-0.0711159035563469
5219,-0.0634886175394058
5220,-0.0642832368612289
5221,-0.0966150239109993
5222,-0.045260764658451
5223,-0.0454853102564811
5224,-0.0625056624412536
5225,-0.0238307416439056
5226,-0.0785782858729362
5227,-0.0704909339547157
5228,-0.0755074396729469
5229,-0.0778860375285148
5230,-0.0807883664965629
5231,-0.0949495583772659
5232,-0.0688842162489891
5233,-0.043121475726366
5234,-0.0603406317532062
5235,-0.0214960798621177
5236,-0.0566976740956306
5237,-0.0621288567781448
5238,-0.0614291317760944
5239,-0.0745395570993423
5240,-0.082316517829895
5241,-0.0725517347455024
5242,-0.0561739802360534
5243,-0.0666488930583
5244,-0.0452216565608978
5245,-0.0903481692075729
5246,-0.0637397319078445
5247,-0.0877914205193519
5248,-0.0459441132843494
5249,-0.0696334466338157
5250,-0.0763935223221778
5251,-0.0375777035951614
5252,-0.0648957565426826
5253,-0.0458991006016731
5254,-0.0648041293025016
5255,-0.0761385187506675
5256,-0.0719626098871231
5257,-0.0731351152062416
5258,-0.0774254947900772
5259,-0.0344694331288337
5260,-0.0692392587661743
5261,-0.04816684871912
5262,-0.0668142661452293
5263,-0.0506011508405208
5264,-0.068374328315258
5265,-0.0855139717459678
5266,-0.0867634713649749
5267,-0.0774080604314804
5268,-0.0716728940606117
5269,-0.0765285789966583
5270,-0.0519654639065265
5271,-0.023009106516838
5272,-0.0886119082570076
5273,-0.0710047483444213
5274,-0.0761785581707954
5275,-0.0672767832875251
5276,-0.0713990852236747
5277,-0.0484487563371658
5278,-0.0475893020629882
5279,-0.0780790671706199
5280,-0.0490154139697551
5281,-0.0760492607951164
5282,-0.0716064944863319
5283,-0.0813924074172973
5284,-0.0580598264932632
5285,-0.0530798621475696
5286,-0.0663405582308769
5287,-0.0679894015192985
5288,-0.0869379714131355
5289,-0.0729084834456443
5290,-0.0366841331124305
5291,-0.083353966474533
5292,-0.0902169942855835
5293,-0.0682556182146072
5294,-0.0475437678396701
5295,-0.0951965972781181
5296,-0.0500429198145866
5297,-0.0346648432314395
5298,-0.0499667711555957
5299,-0.0283846128731966
5300,-0.0647116228938102
5301,-0.0622506067156791
5302,-0.0793081745505333
5303,-0.0310185216367244
5304,-0.0744691044092178
5305,-0.0683721303939819
5306,-0.082108125090599
5307,-0.0745736882090568
5308,-0.0553128942847251
5309,-0.0740758627653122
5310,-0.0468579344451427
5311,-0.073227934539318
5312,-0.0799934640526771
5313,-0.0514922328293323
5314,-0.0352579243481159
5315,-0.0624730736017227
5316,-0.1235281750559806
5317,-0.0523755475878715
5318,-0.0761133879423141
5319,-0.0552153401076793
5320,-0.0689513459801673
5321,-0.0685272216796875
5322,-0.0329376049339771
5323,-0.0642316937446594
5324,-0.0811663195490837
5325,-0.0829882994294166
5326,-0.0651210695505142
5327,-0.0335245802998542
5328,-0.0621374510228633
5329,-0.084453672170639
5330,-0.0485007651150226
5331,-0.0549304075539112
5332,-0.0534593127667903
5333,-0.0656192228198051
5334,-0.076271191239357
5335,-0.0776521936058998
5336,-0.0991384983062744
5337,-0.0422512516379356
5338,-0.0289759933948516
5339,-0.0716520696878433
5340,-0.0515515804290771
5341,-0.0688267350196838
5342,-0.0828892663121223
5343,-0.0626502335071563
5344,-0.0476938150823116
5345,-0.0942692309617996
5346,-0.0707521736621856
5347,-0.0832802504301071
5348,-0.0468211397528648
5349,-0.0526483282446861
5350,-0.0849138721823692
5351,-0.0818988978862762
5352,-0.0540913194417953
5353,-0.0569161362946033
5354,-0.0922008454799652
5355,-0.0135147171095013
5356,-0.0780489146709442
5357,-0.0447572916746139
5358,-0.048575110733509
5359,-0.0665457025170326
5360,-0.040625624358654
5361,-0.0784861370921135
5362,-0.0520187094807624
5363,-0.0513636991381645
5364,-0.0794978663325309
5365,-0.0664151012897491
5366,-0.0425012484192848
5367,-0.0420245863497257
5368,-0.0622828491032123
5369,-0.0646543055772781
5370,-0.0925874486565589
5371,-0.0804294720292091
5372,-0.0829449146986007
5373,-0.0449996329843997
5374,-0.0321277119219303
5375,-0.0634517297148704
5376,-0.0116181559860706
5377,-0.0346587710082531
5378,-0.0308896247297525
5379,-0.0843572169542312
5380,-0.0714003145694732
5381,-0.0473977290093898
5382,-0.0451813749969005
5383,-0.0758928209543228
5384,-0.0385718271136283
5385,-0.079625479876995
5386,-0.0688750073313713
5387,-0.0809202194213867
5388,-0.0650439336895942
5389,-0.0800507888197898
5390,-0.0700628757476806
5391,-0.055346742272377
5392,-0.0740865170955658
5393,-0.0773311033844947
5394,-0.0665464177727699
5395,-0.075045920908451
5396,-0.0644075646996498
5397,-0.0595907159149646
5398,-0.0583719797432422
5399,-0.0624720193445682
5400,-0.0489231757819652
5401,-0.0207401253283023
5402,-0.0757462084293365
5403,-0.0393562503159046
5404,-0.0749993994832038
5405,-0.0128167606890201
5406,-0.0751753821969032
5407,-0.0773507505655288
5408,-0.0704589709639549
5409,-0.0537376292049884
5410,-0.0788034498691558
5411,-0.0900294855237007
5412,-0.0674526542425155
5413,-0.0624297186732292
5414,-0.0885028094053268
5415,-0.0451816730201244
5416,-0.0559940338134765
5417,-0.081765279173851
5418,-0.0731135085225105
5419,-0.039399616420269
5420,-0.0613375790417194
5421,-0.0769061371684074
5422,-0.0767757967114448
5423,-0.0389264486730098
5424,-0.0266106184571981
5425,-0.0808035209774971
5426,-0.0736148729920387
5427,-0.0572815090417861
5428,-0.047920849174261
5429,-0.0389608144760131
5430,-0.0667951479554176
5431,-0.0738481134176254
5432,-0.0378584191203117
5433,-0.0430411584675312
5434,-0.04291832447052
5435,-0.0820207670331001
5436,-0.0762518569827079
5437,-0.0422868840396404
5438,-0.0723904743790626
5439,-0.0289120841771364
5440,-0.051358688622713
5441,-0.0581387542188167
5442,-0.0559904500842094
5443,-0.0439370870590209
5444,-0.062398612499237
5445,-0.0728356093168258
5446,-0.103125125169754
5447,-0.0380525849759578
5448,-0.063941977918148
5449,-0.0788470730185508
5450,-0.0653761252760887
5451,-0.0746889784932136
5452,-0.0827712789177894
5453,-0.0563990958034992
5454,-0.0672104731202125
5455,-0.034334409981966
5456,-0.0671395882964134
5457,-0.0562050864100456
5458,-0.0304470900446176
5459,-0.060345496982336
5460,-0.0992681384086608
5461,-0.0938540175557136
5462,-0.0741746798157692
5463,-0.0802138224244117
5464,-0.077905498445034
5465,-0.0913086161017417
5466,-0.0437556244432926
5467,-0.0901601836085319
5468,-0.0520532727241516
5469,-0.043291438370943
5470,-0.0686739608645439
5471,-0.0249846260994672
5472,-0.0840651020407676
5473,-0.046921718865633
5474,-0.0851861089468002
5475,-0.0784954503178596
5476,-0.0344693921506404
5477,-0.0573086887598037
5478,-0.079729825258255
5479,-0.0739191174507141
5480,-0.0957240238785743
5481,-0.0647960752248764
5482,-0.0773834735155105
5483,-0.0844327062368393
5484,-0.0918992236256599
5485,-0.0452529303729534
5486,-0.0912780091166496
5487,-0.0831583589315414
5488,-0.0601954869925975
5489,-0.0773340538144111
5490,-0.0465057156980037
5491,-0.0860837325453758
5492,-0.0737684220075607
5493,-0.0750542804598808
5494,-0.0632519274950027
5495,-0.0683579072356224
5496,-0.0727604404091835
5497,-0.0563939362764358
5498,-0.0645255371928215
5499,-0.083183117210865
5500,-0.0875765234231948
5501,-0.0248264372348785
5502,-0.0722562447190284
5503,-0.0751106962561607
5504,-0.0389162488281726
5505,-0.0261289123445749
5506,-0.0553734898567199
5507,-0.0388711765408515
5508,-0.0487633012235164
5509,-0.0471014231443405
5510,-0.0735981911420822
5511,-0.0243142750114202
5512,-0.0765299797058105
5513,-0.0459221191704273
5514,-0.0881315171718597
5515,-0.0499531775712966
5516,-0.0479833520948886
5517,-0.0913065150380134
5518,-0.0391838327050209
5519,-0.0870762318372726
5520,-0.0746629387140274
5521,-0.0988072380423545
5522,-0.0707864686846733
5523,-0.0518785528838634
5524,-0.0177168529480695
5525,-0.0397181846201419
5526,-0.0761271864175796
5527,-0.0790503621101379
5528,-0.0913289561867713
5529,-0.0511843115091323
5530,-0.0379734225571155
5531,-0.0932981967926025
5532,-0.0552285909652709
5533,-0.0847285166382789
5534,-0.0423646233975887
5535,-0.0684240087866783
5536,-0.0393935702741146
5537,-0.0717146694660186
5538,-0.0708718821406364
5539,-0.0405960083007812
5540,-0.0279233660548925
5541,-0.0834011733531951
5542,-0.0548190809786319
5543,-0.0580128580331802
5544,-0.0204290002584457
5545,-0.0722821652889251
5546,-0.0697366520762443
5547,-0.0648042410612106
5548,-0.0526804327964782
5549,-0.0225766841322183
5550,-0.0418221950531005
5551,-0.0707156360149383
5552,-0.0871322527527809
5553,-0.0917410477995872
5554,-0.0533557012677192
5555,-0.0411796942353248
5556,-0.0892459228634834
5557,-0.0609089136123657
5558,-0.0424699001014232
5559,-0.0483299270272254
5560,-0.0744982063770294
5561,-0.0751563757658004
5562,-0.0729513764381408
5563,-0.0798248127102851
5564,-0.0742270946502685
5565,-0.055532980710268
5566,-0.0847439691424369
5567,-0.07674241065979
5568,-0.0437787659466266
5569,-0.0738483741879463
5570,-0.0272288061678409
5571,-0.082793153822422
5572,-0.0401421897113323
5573,-0.0551320798695087
5574,-0.0414738953113555
5575,-0.0807038396596908
5576,-0.0719169825315475
5577,-0.0620157308876514
5578,-0.0237111076712608
5579,-0.0578566677868366
5580,-0.0348631218075752
5581,-0.0444515533745288
5582,-0.0402994304895401
5583,-0.0598379448056221
5584,-0.0268889460712671
5585,-0.018530623987317
5586,-0.0573490150272846
5587,-0.0521391406655311
5588,-0.0326238200068473
5589,-0.0405852943658828
5590,-0.051162913441658
5591,-0.0718565508723259
5592,-0.0352909266948699
5593,-0.0480387099087238
5594,-0.0858434364199638
5595,-0.0753592327237129
5596,-0.0555752776563167
5597,-0.0494439043104648
5598,-0.0921619534492492
5599,-0.0637101903557777
5600,-0.0820623710751533
5601,-0.0230471342802047
5602,-0.0845273062586784
5603,-0.0359976924955844
5604,-0.0668777227401733
5605,-0.0448427535593509
5606,-0.1007311716675758
5607,-0.0397249162197113
5608,-0.0740692988038063
5609,-0.0499251037836074
5610,-0.0618637539446353
5611,-0.0878354087471962
5612,-0.0351901203393936
5613,-0.0408341623842716
5614,-0.0643798559904098
5615,-0.0815844908356666
5616,-0.0413134284317493
5617,-0.0624217130243778
5618,-0.0538920350372791
5619,-0.0810302793979644
5620,-0.0867236629128456
5621,-0.0477066859602928
5622,-0.0862022265791893
5623,-0.0544786006212234
5624,-0.0663598403334617
5625,-0.094566561281681
5626,-0.1003665849566459
5627,-0.0580809712409973
5628,-0.0610032081604003
5629,-0.0822480767965316
5630,-0.0740133598446846
5631,-0.0198209080845117
5632,-0.0545333102345466
5633,-0.0418468080461025
5634,-0.0606685876846313
5635,-0.0827348381280899
5636,-0.0783648788928985
5637,-0.0846898853778839
5638,-0.0950664058327674
5639,-0.0644335076212883
5640,-0.068315215408802
5641,-0.0796390399336814
5642,-0.0350028425455093
5643,-0.0700337216258049
5644,-0.081318125128746
5645,-0.039213765412569
5646,-0.0256517808884382
5647,-0.0620008632540702
5648,-0.0903600603342056
5649,-0.0799058675765991
5650,-0.0689159408211708
5651,-0.0378768257796764
5652,-0.0502095036208629
5653,-0.0344565398991107
5654,-0.0806984454393386
5655,-0.073246918618679
5656,-0.0804510489106178
5657,-0.0605462789535522
5658,-0.0623244196176528
5659,-0.0968145430088043
5660,-0.0741342157125473
5661,-0.0389018766582012
5662,-0.0812234655022621
5663,-0.039483044296503
5664,-0.0764762163162231
5665,-0.065703846514225
5666,-0.0550044290721416
5667,-0.0253903269767761
5668,-0.091316819190979
5669,-0.0442575626075267
5670,-0.07954091578722
5671,-0.0555120855569839
5672,-0.054789874702692
5673,-0.0607282444834709
5674,-0.067275620996952
5675,-0.0714765787124633
5676,-0.0415692925453186
5677,-0.0761716365814209
5678,-0.1091223433613777
5679,-0.0536781214177608
5680,-0.046912919729948
5681,-0.0238991025835275
5682,-0.0485328920185565
5683,-0.0112204477190971
5684,-0.0399298891425132
5685,-0.0475909598171711
5686,-0.1315318942070007
5687,-0.0485641211271286
5688,-0.0867233052849769
5689,-0.0734736695885658
5690,-0.0865048766136169
5691,-0.1016232967376709
5692,-0.0436373576521873
5693,-0.0523644648492336
5694,-0.0343723483383655
5695,-0.0625306740403175
5696,-0.0799737274646759
5697,-0.0809225812554359
5698,-0.0635667964816093
5699,-0.0919740200042724
5700,-0.0559341236948967
5701,-0.0393364764750003
5702,-0.0908830538392067
5703,-0.0734367370605468
5704,-0.0371518954634666
5705,-0.0814540311694145
5706,-0.0377321653068065
5707,-0.0694430470466613
5708,-0.0302695464342832
5709,-0.0230524204671382
5710,-0.1171382665634155
5711,-0.0456091463565826
5712,-0.0630408525466919
5713,-0.0728953331708908
5714,-0.0772026553750038
5715,-0.0741100311279296
5716,-0.0740221142768859
5717,-0.0929773151874542
5718,-0.0735105350613594
5719,-0.0612603612244129
5720,-0.0352135896682739
5721,-0.0699660927057266
5722,-0.0523278973996639
5723,-0.0594134926795959
5724,-0.081210620701313
5725,-0.0416576452553272
5726,-0.0718058720231056
5727,-0.0722698345780372
5728,-0.0834725722670555
5729,-0.0733590647578239
5730,-0.0917360633611679
5731,-0.0795641541481018
5732,-0.1055046766996383
5733,-0.0775734558701515
5734,-0.0336465090513229
5735,-0.0527642667293548
5736,-0.0334587879478931
5737,-0.114666000008583
5738,-0.0436343513429164
5739,-0.093515433371067
5740,-0.0705427527427673
5741,-0.0748429521918296
5742,-0.0728694871068
5743,-0.0594991520047187
5744,-0.0385264493525028
5745,-0.0656697303056716
5746,-0.0513732470571994
5747,-0.0743532851338386
5748,-0.0809306874871254
5749,-0.0828408151865005
5750,-0.0480038076639175
5751,-0.0276140812784433
5752,-0.0742404609918594
5753,-0.0628121346235275
5754,-0.0883195176720619
5755,-0.0777286514639854
5756,-0.078323058784008
5757,-0.0257806293666362
5758,-0.073613703250885
5759,-0.0766532644629478
5760,-0.0761028975248336
5761,-0.0329094305634498
5762,-0.0662240982055664
5763,-0.0833597481250763
5764,-0.0755202770233154
5765,-0.0827415660023689
5766,-0.0506455972790718
5767,-0.0835526511073112
5768,-0.0442034639418125
5769,-0.0718891024589538
5770,-0.0482247173786163
5771,-0.0875388160347938
5772,-0.0753608644008636
5773,-0.0685791820287704
5774,-0.0663536638021469
5775,-0.0766476914286613
5776,-0.0646024271845817
5777,-0.0410240106284618
5778,-0.0787785425782203
5779,-0.0312186088413
5780,-0.0774801075458526
5781,-0.056007333099842
5782,-0.1220451071858406
5783,-0.0480190850794315
5784,-0.0626324638724327
5785,-0.0808606818318367
5786,-0.1088676750659942
5787,-0.0684304162859916
5788,-0.0664364919066429
5789,-0.0891730934381485
5790,-0.0442196503281593
5791,-0.0810926780104637
5792,-0.042126927524805
5793,-0.077189952135086
5794,-0.0474986545741558
5795,-0.0961262136697769
5796,-0.0599977448582649
5797,-0.0601254031062126
5798,-0.0714201107621193
5799,-0.0517665222287178
5800,-0.0361276268959045
5801,-0.0494161881506443
5802,-0.0514374524354934
5803,-0.087130419909954
5804,-0.0734057798981666
5805,-0.072278581559658
5806,-0.0491055250167846
5807,-0.0814521089196205
5808,-0.0815982446074485
5809,-0.0786443948745727
5810,-0.0914393663406372
5811,-0.0573512576520442
5812,-0.0315698832273483
5813,-0.0717878565192222
5814,-0.034375037997961
5815,-0.061745498329401
5816,-0.06950543820858
5817,-0.0369216240942478
5818,-0.0733072757720947
5819,-0.0413086302578449
5820,-0.084837332367897
5821,-0.0729618966579437
5822,-0.0749613121151924
5823,-0.0489693582057952
5824,-0.0341757722198963
5825,-0.0520973540842533
5826,-0.069623589515686
5827,-0.0691151469945907
5828,-0.0677751079201698
5829,-0.0638370290398597
5830,-0.0762446895241737
5831,-0.0597858913242816
5832,-0.0640550032258033
5833,-0.0679261311888694
5834,-0.0295200012624263
5835,-0.0502102971076965
5836,-0.0852331593632698
5837,-0.0544079802930355
5838,-0.0392334051430225
5839,-0.0761666744947433
5840,-0.0768155455589294
5841,-0.0735126212239265
5842,-0.0765366926789283
5843,-0.0780982598662376
5844,-0.0222779344767332
5845,-0.0675859302282333
5846,-0.0764914229512214
5847,-0.0679762214422226
5848,-0.0242522228509187
5849,-0.0783178806304931
5850,-0.0785287991166114
5851,-0.0329983532428741
5852,-0.1346257627010345
5853,-0.0463786013424396
5854,-0.0731590837240219
5855,-0.0740395411849021
5856,-0.061628196388483
5857,-0.0590277835726738
5858,-0.0703238025307655
5859,-0.0686502233147621
5860,-0.0552673377096653
5861,-0.0575452782213687
5862,-0.0819502398371696
5863,-0.0947114750742912
5864,-0.0372466444969177
5865,-0.0244601592421531
5866,-0.0577373169362545
5867,-0.0693049579858779
5868,-0.0680909603834152
5869,-0.0580890923738479
5870,-0.0603056550025939
5871,-0.0736414045095443
5872,-0.0915623530745506
5873,-0.0549135766923427
5874,-0.0493813566863536
5875,-0.0485132485628128
5876,-0.0629818886518478
5877,-0.04182580858469
5878,-0.080147348344326
5879,-0.0625221952795982
5880,-0.0850412175059318
5881,-0.0603857897222042
5882,-0.0651884898543357
5883,-0.0731757283210754
5884,-0.0670791119337081
5885,-0.0432172119617462
5886,-0.0291818417608737
5887,-0.0700267925858497
5888,-0.0701026320457458
5889,-0.0539604239165782
5890,-0.0893341600894928
5891,-0.04114730656147
5892,-0.0595783330500125
5893,-0.0275019686669111
5894,-0.0672161653637886
5895,-0.0145694511011242
5896,-0.0255192909389734
5897,-0.0543589405715465
5898,-0.0579238943755626
5899,-0.05155710875988
5900,-0.0518257543444633
5901,-0.0541738756000995
5902,-0.0440769158303737
5903,-0.048017643392086
5904,-0.0971471443772316
5905,-0.0522707365453243
5906,-0.0623349621891975
5907,-0.0910074040293693
5908,-0.0766918808221817
5909,-0.0395304486155509
5910,-0.0432045795023441
5911,-0.0709609240293502
5912,-0.067416250705719
5913,-0.0567371174693107
5914,-0.0515178330242633
5915,-0.0804049596190452
5916,-0.0735416561365127
5917,-0.0389700531959533
5918,-0.0616259388625621
5919,-0.0770187824964523
5920,-0.0538506098091602
5921,-0.0728067979216575
5922,-0.0168654713779687
5923,-0.0719140321016311
5924,-0.0697719007730484
5925,-0.039500031620264
5926,-0.0766802951693534
5927,-0.0935854017734527
5928,-0.0667348057031631
5929,-0.0808779224753379
5930,-0.0722961202263832
5931,-0.0487263910472393
5932,-0.0608073025941848
5933,-0.0682438910007476
5934,-0.0703966170549392
5935,-0.0873704701662063
5936,-0.1098024249076843
5937,-0.0674212500452995
5938,-0.057762537151575
5939,-0.0790340602397918
5940,-0.0712246149778366
5941,-0.0366149730980396
5942,-0.0592052936553955
5943,-0.0824229791760444
5944,-0.0698353499174118
5945,-0.0690479427576065
5946,-0.0805986225605011
5947,-0.0794458240270614
5948,-0.0735037699341774
5949,-0.0767492055892944
5950,-0.0643767490983009
5951,-0.0803465694189071
5952,-0.0559789277613163
5953,-0.0345787480473518
5954,-0.0777008011937141
5955,-0.0769697949290275
5956,-0.0579023845493793
5957,-0.0576531887054443
5958,-0.0922535434365272
5959,-0.0787174478173255
5960,-0.0605562590062618
5961,-0.0747514218091964
5962,-0.0745504423975944
5963,-0.0839998349547386
5964,-0.0807849988341331
5965,-0.0784444063901901
5966,-0.1269311308860778
5967,-0.0587789490818977
5968,-0.0923539772629737
5969,-0.0252694003283977
5970,-0.06402587890625
5971,-0.0825934559106826
5972,-0.0773175805807113
5973,-0.0515537559986114
5974,-0.0577449947595596
5975,-0.0449011474847793
5976,-0.0356915518641471
5977,-0.0732115879654884
5978,-0.0481852442026138
5979,-0.0901978015899658
5980,-0.0969390943646431
5981,-0.0641757622361183
5982,-0.050652552396059
5983,-0.0791009962558746
5984,-0.075919397175312
5985,-0.0563000962138175
5986,-0.0575645714998245
5987,-0.0579305365681648
5988,-0.0771298110485076
5989,-0.0822383537888526
5990,-0.0453894548118114
5991,-0.03874983638525
5992,-0.0541540458798408
5993,-0.0894818007946014
5994,-0.054138857871294
5995,-0.057461492717266
5996,-0.0781990960240364
5997,-0.0807391181588172
5998,-0.0775940716266632
5999,-0.0833601728081703
6000,-0.0500785931944847
6001,-0.0392931029200553
6002,-0.0873935520648956
6003,-0.0908672213554382
6004,-0.0978791639208793
6005,-0.0672242641448974
6006,-0.0868039056658744
6007,-0.0685686320066452
6008,-0.0794605165719986
6009,-0.085252046585083
6010,-0.0482241697609424
6011,-0.0955778434872627
6012,-0.029859360307455
6013,-0.0592181235551834
6014,-0.0424871928989887
6015,-0.0275252163410186
6016,-0.0826371386647224
6017,-0.0544065237045288
6018,-0.0602616257965564
6019,-0.0650960952043533
6020,-0.0832505747675895
6021,-0.0499532893300056
6022,-0.04826345667243
6023,-0.0684960931539535
6024,-0.0738542899489402
6025,-0.0356421694159507
6026,-0.0800860002636909
6027,-0.0523710437119007
6028,-0.0111942579969763
6029,-0.0315454192459583
6030,-0.0500194244086742
6031,-0.0659897327423095
6032,-0.0568452961742877
6033,-0.0785213410854339
6034,-0.0734938532114029
6035,-0.0711054950952529
6036,-0.0918159782886505
6037,-0.0796674937009811
6038,-0.0397502966225147
6039,-0.0464742518961429
6040,-0.0799606591463089
6041,-0.0526194162666797
6042,-0.0659105256199836
6043,-0.0715819895267486
6044,-0.064570851624012
6045,-0.0795657858252525
6046,-0.0502037964761257
6047,-0.0627081170678138
6048,-0.0685811415314674
6049,-0.0762780681252479
6050,-0.0457477569580078
6051,-0.0648314803838729
6052,-0.0763983875513076
6053,-0.0823537707328796
6054,-0.0191436130553483
6055,-0.0642530024051666
6056,-0.0818114802241325
6057,-0.0643890276551246
6058,-0.0218496639281511
6059,-0.086086668074131
6060,-0.0816390588879585
6061,-0.0559162683784961
6062,-0.0750491768121719
6063,-0.0570116229355335
6064,-0.0991068929433822
6065,-0.0702196732163429
6066,-0.0819404423236846
6067,-0.037097368389368
6068,-0.0936208590865135
6069,-0.0675436928868293
6070,-0.0747328847646713
6071,-0.0740961357951164
6072,-0.0660050883889198
6073,-0.0871091783046722
6074,-0.0528621487319469
6075,-0.0656556263566017
6076,-0.0535809211432933
6077,-0.0784456431865692
6078,-0.078752726316452
6079,-0.0283213034272193
6080,-0.0638127699494361
6081,-0.0975570380687713
6082,-0.0728968605399131
6083,-0.0283892787992954
6084,-0.0850574746727943
6085,-0.0494874529540538
6086,-0.0706529915332794
6087,-0.0573618933558464
6088,-0.0693654119968414
6089,-0.0672335624694824
6090,-0.0834029912948608
6091,-0.0898019447922706
6092,-0.0976088196039199
6093,-0.0207911673933267
6094,-0.057014737278223
6095,-0.0254498999565839
6096,-0.0711147040128707
6097,-0.067739300429821
6098,-0.0727093815803527
6099,-0.0544521883130073
6100,-0.074137769639492
6101,-0.0837799459695816
6102,-0.0461012460291385
6103,-0.0738173872232437
6104,-0.0713898539543151
6105,-0.0767426192760467
6106,-0.0341362431645393
6107,-0.0179123766720294
6108,-0.0592991597950458
6109,-0.06146090477705
6110,-0.0140964603051543
6111,-0.0632264614105224
6112,-0.0511826239526271
6113,-0.0753074586391449
6114,-0.069108098745346
6115,-0.090534508228302
6116,-0.0850817859172821
6117,-0.0523168928921222
6118,-0.0465272143483161
6119,-0.0724101439118385
6120,-0.0708139091730117
6121,-0.071832463145256
6122,-0.0622640587389469
6123,-0.04303939640522
6124,-0.0375844165682792
6125,-0.0676038116216659
6126,-0.1075085550546646
6127,-0.082046203315258
6128,-0.089260809123516
6129,-0.0704240947961807
6130,-0.0806277990341186
6131,-0.0425084307789802
6132,-0.0547855757176876
6133,-0.066698171198368
6134,-0.0834919214248657
6135,-0.0915079489350318
6136,-0.0777278915047645
6137,-0.0429063700139522
6138,-0.0205864515155553
6139,-0.0891051962971687
6140,-0.0729053393006324
6141,-0.070851482450962
6142,-0.0644928738474845
6143,-0.0570084638893604
6144,-0.0779512077569961
6145,-0.0373823828995227
6146,-0.0756441950798034
6147,-0.0833414420485496
6148,-0.0565404370427131
6149,-0.055863756686449
6150,-0.06452027708292
6151,-0.068960927426815
6152,-0.0806695595383644
6153,-0.0812936648726463
6154,-0.0487088821828365
6155,-0.0840585380792617
6156,-0.0728715285658836
6157,-0.0596407540142536
6158,-0.0992232412099838
6159,-0.0803530663251876
6160,-0.055610604584217
6161,-0.0515449978411197
6162,-0.0266471151262521
6163,-0.06462062895298
6164,-0.0784019976854324
6165,-0.060582160949707
6166,-0.0491355471312999
6167,-0.0799952000379562
6168,-0.0660514011979103
6169,-0.0690880566835403
6170,-0.0662582889199256
6171,-0.0438376255333423
6172,-0.0677330866456031
6173,-0.0641963332891464
6174,-0.0782742351293563
6175,-0.0878237038850784
6176,-0.0638747215270996
6177,-0.0203307978808879
6178,-0.0605171509087085
6179,-0.0642746686935424
6180,-0.0268197748810052
6181,-0.0967435240745544
6182,-0.0396187640726566
6183,-0.0381997190415859
6184,-0.0294002257287502
6185,-0.0733008459210395
6186,-0.1008620634675026
6187,-0.0625317990779876
6188,-0.0523490235209465
6189,-0.060273103415966
6190,-0.0302427150309085
6191,-0.0598355345427989
6192,-0.0606144219636917
6193,-0.0202615559101104
6194,-0.0531961284577846
6195,-0.0589289218187332
6196,-0.0653221607208252
6197,-0.0833238586783409
6198,-0.0581591017544269
6199,-0.0927236229181289
6200,-0.0641361251473426
6201,-0.1065776720643043
6202,-0.0729455724358558
6203,-0.0623099282383918
6204,-0.0748254209756851
6205,-0.0594244264066219
6206,-0.0439546592533588
6207,-0.0706727653741836
6208,-0.03257617354393
6209,-0.031418077647686
6210,-0.0565836317837238
6211,-0.0722515061497688
6212,-0.0448263175785541
6213,-0.0842434838414192
6214,-0.0603762418031692
6215,-0.0403663590550422
6216,-0.0754956379532814
6217,-0.046098131686449
6218,-0.0662062317132949
6219,-0.0620627999305725
6220,-0.0622347518801689
6221,-0.0661241561174392
6222,-0.0499066896736621
6223,-0.1004745438694953
6224,-0.0844940319657325
6225,-0.0244312025606632
6226,-0.050462108105421
6227,-0.0760083571076393
6228,-0.0735176429152488
6229,-0.0702999904751777
6230,-0.0288797952234745
6231,-0.0531719550490379
6232,-0.0854836478829383
6233,-0.0717066600918769
6234,-0.0741592496633529
6235,-0.0260040909051895
6236,-0.0854849517345428
6237,-0.0745274797081947
6238,-0.0705255568027496
6239,-0.0603667572140693
6240,-0.0496312715113163
6241,-0.0737208873033523
6242,-0.0340736396610736
6243,-0.0399839282035827
6244,-0.0709343925118446
6245,-0.0657638907432556
6246,-0.0585833452641963
6247,-0.0747879818081855
6248,-0.068819373846054
6249,-0.0561401061713695
6250,-0.0508815720677375
6251,-0.0539879091084003
6252,-0.0803290233016014
6253,-0.070770539343357
6254,-0.0731674805283546
6255,-0.0558068566024303
6256,-0.0671120509505271
6257,-0.0505970306694507
6258,-0.0749269276857376
6259,-0.0628411620855331
6260,-0.0558640547096729
6261,-0.0335939489305019
6262,-0.0351423770189285
6263,-0.0420820713043212
6264,-0.0760929808020591
6265,-0.0539339631795883
6266,-0.0806990638375282
6267,-0.0463684350252151
6268,-0.0808135792613029
6269,-0.0369545705616474
6270,-0.054690983146429
6271,-0.0176270119845867
6272,-0.0466122031211853
6273,-0.0604941584169864
6274,-0.0910660326480865
6275,-0.081413134932518
6276,-0.0655722916126251
6277,-0.0697426721453666
6278,-0.081779696047306
6279,-0.0727432072162628
6280,-0.0895029529929161
6281,-0.0905966609716415
6282,-0.0707634389400482
6283,-0.0651862248778343
6284,-0.0524286068975925
6285,-0.0706580504775047
6286,-0.0737320929765701
6287,-0.0727085024118423
6288,-0.0622021108865737
6289,-0.0752342343330383
6290,-0.0778514444828033
6291,-0.0684948787093162
6292,-0.0688555017113685
6293,-0.0835363641381263
6294,-0.0751230791211128
6295,-0.0403852052986621
6296,-0.1082263141870498
6297,-0.1111530736088752
6298,-0.090932086110115
6299,-0.0694222673773765
6300,-0.061959870159626
6301,-0.0979828685522079
6302,-0.0353875756263732
6303,-0.0767701491713523
6304,-0.0447332859039306
6305,-0.0661313310265541
6306,-0.0688766241073608
6307,-0.0874295011162757
6308,-0.0810364857316017
6309,-0.0928952395915985
6310,-0.0491642877459526
6311,-0.0778268203139305
6312,-0.0311124417930841
6313,-0.0552165396511554
6314,-0.0485232025384902
6315,-0.0650518760085105
6316,-0.0530876070261001
6317,-0.0811308845877647
6318,-0.028631567955017
6319,-0.0435283966362476
6320,-0.0378152318298816
6321,-0.0776432231068611
6322,-0.0695871785283088
6323,-0.0343619734048843
6324,-0.0816448405385017
6325,-0.06350938975811
6326,-0.0431113243103027
6327,-0.066388227045536
6328,-0.0683261230587959
6329,-0.0620890334248542
6330,-0.035486239939928
6331,-0.0448191985487937
6332,-0.0458116419613361
6333,-0.0634159818291664
6334,-0.066040351986885
6335,-0.0465528666973114
6336,-0.0694639682769775
6337,-0.0654872804880142
6338,-0.027724290266633
6339,-0.0447163395583629
6340,-0.075795330107212
6341,-0.0721269249916076
6342,-0.0567416362464427
6343,-0.0412044413387775
6344,-0.0700659304857254
6345,-0.0634342208504676
6346,-0.0364933498203754
6347,-0.0535045936703681
6348,-0.0650143921375274
6349,-0.0389077849686145
6350,-0.0697793737053871
6351,-0.0361137799918651
6352,-0.0875156447291374
6353,-0.052941370755434
6354,-0.0712088346481323
6355,-0.0322192832827568
6356,-0.0704755783081054
6357,-0.0743153691291809
6358,-0.0767175331711769
6359,-0.0391452834010124
6360,-0.0743502974510192
6361,-0.0346020199358463
6362,-0.0476136989891529
6363,-0.0689064413309097
6364,-0.0771550312638282
6365,-0.0496072694659233
6366,-0.0814005360007286
6367,-0.0585381649434566
6368,-0.0687882676720619
6369,-0.0671844854950904
6370,-0.0863982588052749
6371,-0.0571898035705089
6372,-0.073714330792427
6373,-0.0471500232815742
6374,-0.0623055025935173
6375,-0.0642125383019447
6376,-0.1104583591222763
6377,-0.0903480872511863
6378,-0.0683094039559364
6379,-0.1005637049674987
6380,-0.0764543488621711
6381,-0.0811223164200782
6382,-0.0712207704782486
6383,-0.0575043484568595
6384,-0.0564903803169727
6385,-0.0723121911287307
6386,-0.0684776231646537
6387,-0.074822686612606
6388,-0.0571328476071357
6389,-0.085489273071289
6390,-0.0472451038658618
6391,-0.0960460901260376
6392,-0.0831895321607589
6393,-0.0633834972977638
6394,-0.0372347421944141
6395,-0.0736410319805145
6396,-0.0443538539111614
6397,-0.0576653555035591
6398,-0.0922465249896049
6399,-0.0803170725703239
6400,-0.0644441619515419
6401,-0.0730143338441848
6402,-0.036975935101509
6403,-0.0619080811738967
6404,-0.0772875472903251
6405,-0.051509853452444
6406,-0.0821249783039093
6407,-0.0809851512312889
6408,-0.0291530583053827
6409,-0.0696231499314308
6410,-0.0682115331292152
6411,-0.063295342028141
6412,-0.0377862676978111
6413,-0.0816520228981971
6414,-0.0619383789598941
6415,-0.0827303826808929
6416,-0.0638192370533943
6417,-0.0140700312331318
6418,-0.0968573689460754
6419,-0.0962161645293235
6420,-0.0830063819885253
6421,-0.0795382186770439
6422,-0.071423664689064
6423,-0.0769711881875991
6424,-0.0880511477589607
6425,-0.0639587268233299
6426,-0.0447095967829227
6427,-0.087056003510952
6428,-0.0814842283725738
6429,-0.0881160795688629
6430,-0.0653206259012222
6431,-0.0722316801548004
6432,-0.0848685577511787
6433,-0.0434212461113929
6434,-0.1033422425389289
6435,-0.0464358814060688
6436,-0.073143184185028
6437,-0.0720731317996978
6438,-0.0474122241139411
6439,-0.0715296640992164
6440,-0.0529238134622573
6441,-0.0615678504109382
6442,-0.0901064574718475
6443,-0.08738624304533
6444,-0.0651149526238441
6445,-0.0347050614655017
6446,-0.0283451937139034
6447,-0.0352055132389068
6448,-0.0427876412868499
6449,-0.0662363991141319
6450,-0.061781670898199
6451,-0.0972043052315712
6452,-0.0549008101224899
6453,-0.0741453766822815
6454,-0.0702108815312385
6455,-0.0739591419696807
6456,-0.0945607796311378
6457,-0.0771541967988014
6458,-0.0418752692639827
6459,-0.0122276740148663
6460,-0.0361599810421466
6461,-0.0664335340261459
6462,-0.0621898956596851
6463,-0.0818027704954147
6464,-0.0627946183085441
6465,-0.0701376423239708
6466,-0.035902339965105
6467,-0.0883898809552192
6468,-0.0757622122764587
6469,-0.0831141620874404
6470,-0.0697158798575401
6471,-0.0715801566839218
6472,-0.0837370380759239
6473,-0.0511701554059982
6474,-0.0835923328995704
6475,-0.047985304147005
6476,-0.0500227659940719
6477,-0.0800869688391685
6478,-0.0768574103713035
6479,-0.0414917506277561
6480,-0.0660463869571685
6481,-0.0747790187597274
6482,-0.0404588468372821
6483,-0.072908692061901
6484,-0.0833620205521583
6485,-0.0427410192787647
6486,-0.0688377097249031
6487,-0.0738388076424598
6488,-0.0857857316732406
6489,-0.0786726847290992
6490,-0.0695785954594612
6491,-0.1412906646728515
6492,-0.0709909126162529
6493,-0.0374362468719482
6494,-0.0676462948322296
6495,-0.0548589825630188
6496,-0.0139867104589939
6497,-0.0498366020619869
6498,-0.1042090430855751
6499,-0.071323461830616
6500,-0.0798077806830406
6501,-0.0695648491382598
6502,-0.0620848722755909
6503,-0.0443839021027088
6504,-0.0283057894557714
6505,-0.0857636332511901
6506,-0.0663064494729042
6507,-0.0921490639448165
6508,-0.0628696456551551
6509,-0.0566744729876518
6510,-0.0556311681866645
6511,-0.040481511503458
6512,-0.0587413236498832
6513,-0.0771622285246849
6514,-0.0646329149603843
6515,-0.0624899454414844
6516,-0.0732319056987762
6517,-0.0523465946316719
6518,-0.0642197802662849
6519,-0.0420431904494762
6520,-0.0394421555101871
6521,-0.0636873394250869
6522,-0.0735222697257995
6523,-0.0842349529266357
6524,-0.0737140700221061
6525,-0.0487558767199516
6526,-0.0589560866355896
6527,-0.0537721402943134
6528,-0.0674750730395317
6529,-0.0652681365609169
6530,-0.052317027002573
6531,-0.0422204658389091
6532,-0.0456142798066139
6533,-0.0699947699904441
6534,-0.0869132056832313
6535,-0.0475170016288757
6536,-0.0641430392861366
6537,-0.0654256120324134
6538,-0.0412759035825729
6539,-0.050246238708496
6540,-0.0779110342264175
6541,-0.0726963132619857
6542,-0.0824475139379501
6543,-0.0461692921817302
6544,-0.0372498854994773
6545,-0.084774300456047
6546,-0.0714918971061706
6547,-0.0751106142997741
6548,-0.0506802089512348
6549,-0.0873289108276367
6550,-0.0865487530827522
6551,-0.0731803625822067
6552,-0.0433590412139892
6553,-0.0768151432275772
6554,-0.0411741062998771
6555,-0.0727250874042511
6556,-0.0559622980654239
6557,-0.107613205909729
6558,-0.0481217503547668
6559,-0.0725675299763679
6560,-0.0484997481107711
6561,-0.0338898785412311
6562,-0.0738110914826393
6563,-0.0593526773154735
6564,-0.0651423335075378
6565,-0.0197480544447898
6566,-0.0273885671049356
6567,-0.0811610370874404
6568,-0.0897963643074035
6569,-0.0166391655802726
6570,-0.072991743683815
6571,-0.1149963438510894
6572,-0.0663153901696205
6573,-0.0702206566929817
6574,-0.0761544108390808
6575,-0.0560791753232479
6576,-0.0419974215328693
6577,-0.0673181116580963
6578,-0.0371622927486896
6579,-0.074961207807064
6580,-0.0695001780986785
6581,-0.0813908353447914
6582,-0.086567223072052
6583,-0.0763559937477111
6584,-0.0548288635909557
6585,-0.074828565120697
6586,-0.067448079586029
6587,-0.058351807296276
6588,-0.0620188303291797
6589,-0.0475882813334465
6590,-0.0739553123712539
6591,-0.0395475290715694
6592,-0.0741663351655006
6593,-0.0541428290307521
6594,-0.0154505269601941
6595,-0.0890049487352371
6596,-0.060281403362751
6597,-0.0380019918084144
6598,-0.0819953456521034
6599,-0.0499527789652347
6600,-0.0707006230950355
6601,-0.0688079893589019
6602,-0.0755740776658058
6603,-0.1069167032837867
6604,-0.0608494095504283
6605,-0.0811199769377708
6606,-0.0571619272232055
6607,-0.0721434652805328
6608,-0.0981667637825012
6609,-0.0577932931482791
6610,-0.083614207804203
6611,-0.0755287706851959
6612,-0.072313867509365
6613,-0.0787873789668083
6614,-0.0712272748351097
6615,-0.0811421275138855
6616,-0.0332949161529541
6617,-0.0574274063110351
6618,-0.0448686219751834
6619,-0.0681854262948036
6620,-0.0624061971902847
6621,-0.0500144883990287
6622,-0.0655471682548523
6623,-0.0780123993754386
6624,-0.0454952716827392
6625,-0.0677938684821128
6626,-0.0861211270093917
6627,-0.0506878122687339
6628,-0.0717600136995315
6629,-0.0497874431312084
6630,-0.0363408662378788
6631,-0.0620135217905044
6632,-0.0827744528651237
6633,-0.0714566633105278
6634,-0.06049470230937
6635,-0.0703447312116622
6636,-0.0863608494400978
6637,-0.0943643003702163
6638,-0.0836238637566566
6639,-0.0746020823717117
6640,-0.0332280173897743
6641,-0.0871483981609344
6642,-0.0327506698668003
6643,-0.0539760999381542
6644,-0.0613248832523822
6645,-0.0745972171425819
6646,-0.055240161716938
6647,-0.0281066987663507
6648,-0.0442452915012836
6649,-0.0814516395330429
6650,-0.0688483864068985
6651,-0.0720153152942657
6652,-0.076460562646389
6653,-0.0683073848485946
6654,-0.0611033178865909
6655,-0.0751348212361335
6656,-0.0780512019991874
6657,-0.0760877877473831
6658,-0.0592618323862552
6659,-0.0828622952103614
6660,-0.1005763188004493
6661,-0.0698508694767952
6662,-0.0736959055066108
6663,-0.0784383490681648
6664,-0.0706972777843475
6665,-0.0540321879088878
6666,-0.041175439953804
6667,-0.0515669509768486
6668,-0.0856498852372169
6669,-0.0279628001153469
6670,-0.0821936279535293
6671,-0.0626235976815223
6672,-0.0804894343018531
6673,-0.0834240615367889
6674,-0.0606151968240737
6675,-0.0796516612172126
6676,-0.0688737481832504
6677,-0.0393556095659732
6678,-0.0620579868555069
6679,-0.063695803284645
6680,-0.0457438975572586
6681,-0.0400883071124553
6682,-0.0830120146274566
6683,-0.0201821066439151
6684,-0.101025253534317
6685,-0.0956591069698333
6686,-0.0584930330514907
6687,-0.0451337993144989
6688,-0.0694718435406684
6689,-0.0745860636234283
6690,-0.0680225193500518
6691,-0.0644857510924339
6692,-0.0674526318907737
6693,-0.0550731346011161
6694,-0.0790914297103881
6695,-0.0457934029400348
6696,-0.0808748602867126
6697,-0.0659470930695533
6698,-0.1024663299322128
6699,-0.0828360691666603
6700,-0.0706414803862571
6701,-0.0506060235202312
6702,-0.1067423969507217
6703,-0.0397420637309551
6704,-0.0897309854626655
6705,-0.07791119068861
6706,-0.0709603950381279
6707,-0.0788519158959388
6708,-0.0766858235001564
6709,-0.0550298765301704
6710,-0.0793789774179458
6711,-0.0757312029600143
6712,-0.0598960258066654
6713,-0.0461576841771602
6714,-0.0767794698476791
6715,-0.0403294339776039
6716,-0.0845229476690292
6717,-0.0696716606616973
6718,-0.0777932554483413
6719,-0.072225272655487
6720,-0.0695544853806495
6721,-0.0740271434187889
6722,-0.0928608551621437
6723,-0.0418848432600498
6724,-0.1105803921818733
6725,-0.0459645465016365
6726,-0.0933846905827522
6727,-0.0503541603684425
6728,-0.0430589392781257
6729,-0.0600187107920646
6730,-0.0377233810722827
6731,-0.0769864469766616
6732,-0.112102098762989
6733,-0.0449564605951309
6734,-0.0803036019206047
6735,-0.0739734768867492
6736,-0.0499086454510688
6737,-0.0506118834018707
6738,-0.0711673349142074
6739,-0.0828644260764122
6740,-0.083868108689785
6741,-0.083754114806652
6742,-0.0663047805428505
6743,-0.0710446015000343
6744,-0.1013863459229469
6745,-0.0718793645501136
6746,-0.0630002245306968
6747,-0.0790466144680976
6748,-0.0139524424448609
6749,-0.0495445393025875
6750,-0.0257130935788154
6751,-0.0509530939161777
6752,-0.048570979386568
6753,-0.1284933686256408
6754,-0.0488120801746845
6755,-0.0236554443836212
6756,-0.0488891713321208
6757,-0.0999005511403083
6758,-0.0817818045616149
6759,-0.072445124387741
6760,-0.132745936512947
6761,-0.0636482089757919
6762,-0.0617466457188129
6763,-0.0753487944602966
6764,-0.0140063511207699
6765,-0.0741937085986137
6766,-0.0616932660341262
6767,-0.0225299093872308
6768,-0.0704719200730323
6769,-0.0530592650175094
6770,-0.0306696072220802
6771,-0.0870662555098533
6772,-0.0744597241282463
6773,-0.0377913191914558
6774,-0.1278483271598816
6775,-0.064970351755619
6776,-0.0765658468008041
6777,-0.0904123783111572
6778,-0.0748181119561195
6779,-0.0590099245309829
6780,-0.0720381066203117
6781,-0.0400614626705646
6782,-0.0411935932934284
6783,-0.0675148740410804
6784,-0.026533430442214
6785,-0.059779692441225
6786,-0.0736899673938751
6787,-0.0688461661338806
6788,-0.0267155263572931
6789,-0.0595458224415779
6790,-0.0673807486891746
6791,-0.0340625718235969
6792,-0.0835572630167007
6793,-0.0711343139410018
6794,-0.0673321783542633
6795,-0.0678281486034393
6796,-0.0903825983405113
6797,-0.0542304068803787
6798,-0.0544333830475807
6799,-0.0633440241217613
6800,-0.0686321854591369
6801,-0.0706717222929
6802,-0.0546833202242851
6803,-0.1021117642521858
6804,-0.0823939219117164
6805,-0.0526336766779422
6806,-0.0716911703348159
6807,-0.0543270297348499
6808,-0.0349031947553157
6809,-0.0701101422309875
6810,-0.085606537759304
6811,-0.0504227802157402
6812,-0.0665230378508567
6813,-0.0569628290832042
6814,-0.0559434182941913
6815,-0.0235408172011375
6816,-0.0669474229216575
6817,-0.0492910631000995
6818,-0.0729372724890708
6819,-0.0824185758829116
6820,-0.0474890656769275
6821,-0.0246564913541078
6822,-0.0904451012611389
6823,-0.0580192469060421
6824,-0.0748653933405876
6825,-0.0350429750978946
6826,-0.0275536216795444
6827,-0.0864408388733863
6828,-0.0601808615028858
6829,-0.0441684424877166
6830,-0.0825908631086349
6831,-0.0655465424060821
6832,-0.0518228597939014
6833,-0.0690375044941902
6834,-0.0598114468157291
6835,-0.0151467835530638
6836,-0.0549669861793518
6837,-0.0738635957241058
6838,-0.044627659022808
6839,-0.0420011281967163
6840,-0.0740329325199127
6841,-0.0800227299332618
6842,-0.0991887971758842
6843,-0.0530932806432247
6844,-0.0855623111128807
6845,-0.0952990129590034
6846,-0.0585086233913898
6847,-0.0751224607229232
6848,-0.0716257095336914
6849,-0.0699754804372787
6850,-0.0160499159246683
6851,-0.052160982042551
6852,-0.0695415809750557
6853,-0.0358970947563648
6854,-0.0496505983173847
6855,-0.0761884525418281
6856,-0.0620378516614437
6857,-0.0730761885643005
6858,-0.0299520660191774
6859,-0.0683359578251838
6860,-0.0531890355050563
6861,-0.0527307204902172
6862,-0.0504608154296875
6863,-0.0460585914552211
6864,-0.0790635123848915
6865,-0.0674327388405799
6866,-0.0773979574441909
6867,-0.0724474489688873
6868,-0.0468688420951366
6869,-0.0713632926344871
6870,-0.0393929667770862
6871,-0.0212279800325632
6872,-0.0625262409448623
6873,-0.0823611170053482
6874,-0.0724908933043479
6875,-0.0469666458666324
6876,-0.1098292842507362
6877,-0.009689443744719
6878,-0.0791489854454994
6879,-0.0719584599137306
6880,-0.0770730748772621
6881,-0.0858814045786857
6882,-0.0191461220383644
6883,-0.1099962294101715
6884,-0.0122860288247466
6885,-0.017230324447155
6886,-0.0650083273649215
6887,-0.0746065080165863
6888,-0.0788327157497406
6889,-0.0539442040026187
6890,-0.0408999510109424
6891,-0.0653391852974891
6892,-0.0263533685356378
6893,-0.0681810155510902
6894,-0.0190411042422056
6895,-0.0489525087177753
6896,-0.0782940834760665
6897,-0.067397654056549
6898,-0.0409389324486255
6899,-0.0514153577387332
6900,-0.0513762384653091
6901,-0.0303858909755945
6902,-0.0713084787130355
6903,-0.0690921917557716
6904,-0.072112075984478
6905,-0.0676711797714233
6906,-0.0613671615719795
6907,-0.0307792127132415
6908,-0.0708478167653083
6909,-0.0757730156183242
6910,-0.0519861467182636
6911,-0.0656969472765922
6912,-0.0501551739871501
6913,-0.086890809237957
6914,-0.0482268743216991
6915,-0.0783947184681892
6916,-0.0763362497091293
6917,-0.0435184501111507
6918,-0.0821780636906623
6919,-0.0611813403666019
6920,-0.0534703321754932
6921,-0.057913415133953
6922,-0.0660353675484657
6923,-0.0462009310722351
6924,-0.067509226500988
6925,-0.0162013266235589
6926,-0.0295613072812557
6927,-0.0414326675236225
6928,-0.0728469565510749
6929,-0.0654291734099388
6930,-0.0630600228905677
6931,-0.0740620717406272
6932,-0.0302448142319917
6933,-0.0800334587693214
6934,-0.073839820921421
6935,-0.0777769982814788
6936,-0.0738715231418609
6937,-0.0530832894146442
6938,-0.0808087438344955
6939,-0.0567956492304801
6940,-0.0783238857984542
6941,-0.068419761955738
6942,-0.0776304453611373
6943,-0.0895347073674202
6944,-0.0530119128525257
6945,-0.0661563202738761
6946,-0.0593412406742572
6947,-0.0614380985498428
6948,-0.0566488429903984
6949,-0.0855623409152031
6950,-0.0389138385653495
6951,-0.0169000551104545
6952,-0.0750916376709938
6953,-0.059804156422615
6954,-0.0404945015907287
6955,-0.0542185418307781
6956,-0.08133015781641
6957,-0.0649736225605011
6958,-0.0655074790120124
6959,-0.0721245557069778
6960,-0.0864535346627235
6961,-0.045378565788269
6962,-0.0693212822079658
6963,-0.0882545039057731
6964,-0.0851495265960693
6965,-0.061894841492176
6966,-0.0689305514097213
6967,-0.0712465420365333
6968,-0.0726246535778045
6969,-0.095641866326332
6970,-0.0828546658158302
6971,-0.0647196173667907
6972,-0.0683065727353096
6973,-0.0414603203535079
6974,-0.0962452515959739
6975,-0.0566140823066234
6976,-0.0426336415112018
6977,-0.0314381904900074
6978,-0.0597816184163093
6979,-0.0164998993277549
6980,-0.0851982533931732
6981,-0.0778364688158035
6982,-0.0538058541715145
6983,-0.0698365345597267
6984,-0.0428262874484062
6985,-0.0741804912686348
6986,-0.0231832731515169
6987,-0.0340134240686893
6988,-0.061622254550457
6989,-0.0963961258530616
6990,-0.0725708827376365
6991,-0.0682893246412277
6992,-0.0638301223516464
6993,-0.07623952627182
6994,-0.0614433474838733
6995,-0.0498688481748104
6996,-0.0746621638536453
6997,-0.0721091330051422
6998,-0.0336443297564983
6999,-0.0665009692311286
7000,-0.0657679885625839
7001,-0.0325453914701938
7002,-0.0786438658833503
7003,-0.0560493394732475
7004,-0.0757415741682052
7005,-0.0314158201217651
7006,-0.0490254610776901
7007,-0.0473216399550437
7008,-0.0665428936481475
7009,-0.0861503258347511
7010,-0.0598830580711364
7011,-0.0305612385272979
7012,-0.0740022137761116
7013,-0.0519700534641742
7014,-0.0748677849769592
7015,-0.0462767891585826
7016,-0.0605938360095024
7017,-0.016195748001337
7018,-0.0500699914991855
7019,-0.0535746030509471
7020,-0.0739103034138679
7021,-0.0650859028100967
7022,-0.0378392487764358
7023,-0.0477473177015781
7024,-0.0612555630505085
7025,-0.0903174132108688
7026,-0.0434588193893432
7027,-0.026148572564125
7028,-0.0791884809732437
7029,-0.076588474214077
7030,-0.0727652236819267
7031,-0.0660818815231323
7032,-0.092629425227642
7033,-0.0845424309372901
7034,-0.0415334440767765
7035,-0.0251416899263858
7036,-0.063565969467163
7037,-0.0835372060537338
7038,-0.071912795305252
7039,-0.0737700089812278
7040,-0.0350543297827243
7041,-0.0401956737041473
7042,-0.0537836290895938
7043,-0.072183609008789
7044,-0.0690701007843017
7045,-0.0599232651293277
7046,-0.0937135517597198
7047,-0.0324580855667591
7048,-0.0731362551450729
7049,-0.054744578897953
7050,-0.0659337416291236
7051,-0.0722485557198524
7052,-0.079867772758007
7053,-0.0793195143342018
7054,-0.0571398213505744
7055,-0.0469927787780761
7056,-0.0713336318731308
7057,-0.0739437043666839
7058,-0.0613050647079944
7059,-0.0461549684405326
7060,-0.0795354396104812
7061,-0.0915999859571456
7062,-0.0684372335672378
7063,-0.0345365405082702
7064,-0.02986959554255
7065,-0.0772729590535163
7066,-0.0510483980178833
7067,-0.0376543588936328
7068,-0.039293996989727
7069,-0.0768265947699546
7070,-0.0692810043692588
7071,-0.0831071808934211
7072,-0.0854815244674682
7073,-0.0693801566958427
7074,-0.0567112751305103
7075,-0.0822761952877044
7076,-0.0630503669381141
7077,-0.0410988293588161
7078,-0.0543303042650222
7079,-0.0489439517259597
7080,-0.047423530369997
7081,-0.0549523457884788
7082,-0.0628221705555915
7083,-0.0418181754648685
7084,-0.0342186130583286
7085,-0.0608817674219608
7086,-0.0506517551839351
7087,-0.0936837196350097
7088,-0.0681995972990989
7089,-0.0476731210947036
7090,-0.0548291951417923
7091,-0.0241188667714595
7092,-0.0536315701901912
7093,-0.0367277339100837
7094,-0.0632662400603294
7095,-0.0844867080450058
7096,-0.0256402119994163
7097,-0.062520757317543
7098,-0.0601520873606205
7099,-0.0973347425460815
7100,-0.0669041201472282
7101,-0.0949011221528053
7102,-0.0551093257963657
7103,-0.0460853464901447
7104,-0.0746059492230415
7105,-0.0829980373382568
7106,-0.0855200141668319
7107,-0.0547476112842559
7108,-0.0790576189756393
7109,-0.0882574096322059
7110,-0.0648683831095695
7111,-0.0663904324173927
7112,-0.0343314930796623
7113,-0.0659854486584663
7114,-0.0422164723277092
7115,-0.016294116154313
7116,-0.0941183343529701
7117,-0.0989915952086448
7118,-0.0382276214659214
7119,-0.0794524848461151
7120,-0.0937672853469848
7121,-0.0712586492300033
7122,-0.0444449782371521
7123,-0.0567246414721012
7124,-0.0835562571883201
7125,-0.0378221794962883
7126,-0.0109459413215518
7127,-0.1001337543129921
7128,-0.0415311977267265
7129,-0.0324688106775283
7130,-0.0733468309044838
7131,-0.0789304748177528
7132,-0.0706998631358146
7133,-0.0535194985568523
7134,-0.0743386223912239
7135,-0.0670012459158897
7136,-0.0437622293829917
7137,-0.0662895143032074
7138,-0.0562164187431335
7139,-0.058019321411848
7140,-0.0607240460813045
7141,-0.0446877293288707
7142,-0.026713291183114
7143,-0.0089553445577621
7144,-0.0718112364411354
7145,-0.0599022917449474
7146,-0.0919978395104408
7147,-0.0662566944956779
7148,-0.0256115589290857
7149,-0.0915043652057647
7150,-0.0565839558839798
7151,-0.0536135025322437
7152,-0.0803658813238143
7153,-0.0984035730361938
7154,-0.0540254563093185
7155,-0.0333860665559768
7156,-0.0379244573414325
7157,-0.0770275965332984
7158,-0.0508273728191852
7159,-0.0679793506860733
7160,-0.0975737944245338
7161,-0.0312813743948936
7162,-0.0275576151907444
7163,-0.0251663532108068
7164,-0.0820061042904853
7165,-0.0793380886316299
7166,-0.0353494957089424
7167,-0.0588024258613586
7168,-0.0764202028512954
7169,-0.0904214605689048
7170,-0.0277628377079963
7171,-0.0763875842094421
7172,-0.0266527254134416
7173,-0.0334125757217407
7174,-0.0869067087769508
7175,-0.0804556906223297
7176,-0.0477589443325996
7177,-0.0402822904288768
7178,-0.0531847663223743
7179,-0.0728744640946388
7180,-0.0498909875750541
7181,-0.0548633709549903
7182,-0.0803873315453529
7183,-0.0439997352659702
7184,-0.1063491702079773
7185,-0.0906520187854766
7186,-0.0207906868308782
7187,-0.0654809027910232
7188,-0.0717300698161125
7189,-0.0823078528046608
7190,-0.0807787179946899
7191,-0.0583694986999034
7192,-0.0450650639832019
7193,-0.0448166355490684
7194,-0.027196604758501
7195,-0.0691830441355705
7196,-0.0637032687664032
7197,-0.073703221976757
7198,-0.079352468252182
7199,-0.0642847195267677
7200,-0.0229243878275156
7201,-0.0725072994828224
7202,-0.0421121604740619
7203,-0.0406193956732749
7204,-0.0687723383307457
7205,-0.0618118532001972
7206,-0.0537471324205398
7207,-0.0628509745001792
7208,-0.0214633215218782
7209,-0.066806674003601
7210,-0.0515905059874057
7211,-0.0420468002557754
7212,-0.0481567867100238
7213,-0.059964757412672
7214,-0.0660108402371406
7215,-0.0761673524975776
7216,-0.0946305245161056
7217,-0.0550091937184333
7218,-0.0343844629824161
7219,-0.0511526279151439
7220,-0.009647898375988
7221,-0.0761736407876014
7222,-0.0614690855145454
7223,-0.0332572683691978
7224,-0.0518644712865352
7225,-0.081945814192295
7226,-0.0550762936472892
7227,-0.0727539435029029
7228,-0.0582677908241748
7229,-0.0399279259145259
7230,-0.0599108599126338
7231,-0.0649101287126541
7232,-0.0752357095479965
7233,-0.0584683679044246
7234,-0.0656066685914993
7235,-0.0427909046411514
7236,-0.0765316858887672
7237,-0.0782528147101402
7238,-0.0682055279612541
7239,-0.090831734240055
7240,-0.0364862084388732
7241,-0.0851578339934349
7242,-0.080742172896862
7243,-0.0730650424957275
7244,-0.0643528848886489
7245,-0.0420519299805164
7246,-0.0471435450017452
7247,-0.0769717693328857
7248,-0.0502640381455421
7249,-0.0970991849899292
7250,-0.0694566294550895
7251,-0.0708234086632728
7252,-0.0792851746082305
7253,-0.0507272891700267
7254,-0.0880604311823844
7255,-0.0604085512459278
7256,-0.0748237892985344
7257,-0.0621872954070568
7258,-0.0163217186927795
7259,-0.0664242282509803
7260,-0.0783150866627693
7261,-0.0331971645355224
7262,-0.0930976793169975
7263,-0.0830013006925582
7264,-0.0776386633515358
7265,-0.0302986074239015
7266,-0.0774261206388473
7267,-0.0667046085000038
7268,-0.0236804913729429
7269,-0.0686367526650428
7270,-0.0763344019651413
7271,-0.0727912187576294
7272,-0.073071964085102
7273,-0.0661358684301376
7274,-0.0322667807340621
7275,-0.0820612609386444
7276,-0.0636813789606094
7277,-0.0579593069851398
7278,-0.0807791799306869
7279,-0.0609083101153373
7280,-0.0652380362153053
7281,-0.0433861352503299
7282,-0.0524024404585361
7283,-0.0348128527402877
7284,-0.0658037438988685
7285,-0.0891162455081939
7286,-0.0820024609565734
7287,-0.039498534053564
7288,-0.0699568837881088
7289,-0.0382163301110267
7290,-0.0414544679224491
7291,-0.0331463478505611
7292,-0.0633533969521522
7293,-0.0622305870056152
7294,-0.0535851903259754
7295,-0.0815042927861213
7296,-0.0634246245026588
7297,-0.0764293149113655
7298,-0.0421049557626247
7299,-0.0741076543927192
7300,-0.0839417949318885
7301,-0.0562518835067749
7302,-0.0486708357930183
7303,-0.0677597969770431
7304,-0.0866002365946769
7305,-0.0707574561238288
7306,-0.0869812667369842
7307,-0.0626318827271461
7308,-0.0584910660982131
7309,-0.0734923109412193
7310,-0.046757735311985
7311,-0.0816279798746109
7312,-0.0697455182671547
7313,-0.0605093501508235
7314,-0.0802268162369728
7315,-0.0797317028045654
7316,-0.0705919861793518
7317,-0.094220831990242
7318,-0.0659306272864341
7319,-0.0451611019670963
7320,-0.087821677327156
7321,-0.0631535127758979
7322,-0.0600585751235485
7323,-0.0872190371155738
7324,-0.0552951283752918
7325,-0.0499946624040603
7326,-0.0696051865816116
7327,-0.0461201258003711
7328,-0.0696475356817245
7329,-0.0863555371761322
7330,-0.0632926002144813
7331,-0.0177331659942865
7332,-0.0089676743373274
7333,-0.0687367096543312
7334,-0.0631501004099845
7335,-0.0568088553845882
7336,-0.0870085582137107
7337,-0.0655503422021865
7338,-0.0688832029700279
7339,-0.07968520373106
7340,-0.0487972982227802
7341,-0.0294759832322597
7342,-0.0665736719965934
7343,-0.0618020556867122
7344,-0.0767996832728385
7345,-0.0796504393219947
7346,-0.0699480697512626
7347,-0.0725220739841461
7348,-0.0538984909653663
7349,-0.0378761738538742
7350,-0.0687163695693016
7351,-0.0839147716760635
7352,-0.111566886305809
7353,-0.0214620102196931
7354,-0.0673722550272941
7355,-0.0267852637916803
7356,-0.0738388821482658
7357,-0.0797958225011825
7358,-0.0493083484470844
7359,-0.0775552615523338
7360,-0.0395211540162563
7361,-0.0766337513923645
7362,-0.0486073642969131
7363,-0.0559029318392276
7364,-0.0684820339083671
7365,-0.057961530983448
7366,-0.0860908105969429
7367,-0.0481856055557727
7368,-0.0496146157383918
7369,-0.065592885017395
7370,-0.0684464573860168
7371,-0.083311915397644
7372,-0.0435637831687927
7373,-0.0649513080716133
7374,-0.047247901558876
7375,-0.0501642487943172
7376,-0.0732701495289802
7377,-0.085213579237461
7378,-0.0672350451350212
7379,-0.0623665116727352
7380,-0.0554443821310997
7381,-0.0354039259254932
7382,-0.0755117908120155
7383,-0.0663912966847419
7384,-0.0727375224232673
7385,-0.0839581042528152
7386,-0.0629854574799537
7387,-0.0301087498664855
7388,-0.0743352547287941
7389,-0.0612635426223278
7390,-0.0492211058735847
7391,-0.060643833130598
7392,-0.0503912419080734
7393,-0.0797162279486656
7394,-0.0229024607688188
7395,-0.0872756689786911
7396,-0.0385184474289417
7397,-0.089626207947731
7398,-0.0644577890634536
7399,-0.0801947489380836
7400,-0.0321907363831996
7401,-0.0625901520252227
7402,-0.0456765890121459
7403,-0.050500001758337
7404,-0.0726608708500862
7405,-0.0364923365414142
7406,-0.069813460111618
7407,-0.0709685087203979
7408,-0.0706857591867446
7409,-0.0615589097142219
7410,-0.0694453120231628
7411,-0.0388063415884971
7412,-0.0966228917241096
7413,-0.057401817291975
7414,-0.0559918880462646
7415,-0.0691392794251442
7416,-0.092704452574253
7417,-0.0737354755401611
7418,-0.1049350202083587
7419,-0.0621359087526798
7420,-0.0783968344330787
7421,-0.0608106181025505
7422,-0.0684657990932464
7423,-0.0584519319236278
7424,-0.080101154744625
7425,-0.0718805566430091
7426,-0.0807097181677818
7427,-0.0811769589781761
7428,-0.0748892351984977
7429,-0.071044847369194
7430,-0.041753277182579
7431,-0.0643024146556854
7432,-0.0386664047837257
7433,-0.0693287029862403
7434,-0.0761549696326255
7435,-0.0345365740358829
7436,-0.0718184411525726
7437,-0.0274416711181402
7438,-0.073985680937767
7439,-0.0485361665487289
7440,-0.044564738869667
7441,-0.0807713419198989
7442,-0.0698211044073104
7443,-0.0785856023430824
7444,-0.056728072464466
7445,-0.041098553687334
7446,-0.020341582596302
7447,-0.0855750441551208
7448,-0.0762687623500824
7449,-0.0733841806650161
7450,-0.0350091531872749
7451,-0.0195881370455026
7452,-0.0517304837703704
7453,-0.076481319963932
7454,-0.0973921790719032
7455,-0.0822789371013641
7456,-0.0439946316182613
7457,-0.0803885981440544
7458,-0.0540981255471706
7459,-0.0665947794914245
7460,-0.0602835677564144
7461,-0.0777614712715148
7462,-0.0739519447088241
7463,-0.0561390072107315
7464,-0.0621173530817031
7465,-0.0726446583867073
7466,-0.03827565908432
7467,-0.0599545501172542
7468,-0.0345504768192768
7469,-0.0601385422050952
7470,-0.0533957630395889
7471,-0.0430015586316585
7472,-0.0695922449231147
7473,-0.0807157084345817
7474,-0.0424176044762134
7475,-0.0695502758026123
7476,-0.084998108446598
7477,-0.0568746142089366
7478,-0.0786838456988334
7479,-0.0830346941947937
7480,-0.0787986293435096
7481,-0.0772845447063446
7482,-0.0970329418778419
7483,-0.0796945691108703
7484,-0.0900711342692375
7485,-0.0635143518447876
7486,-0.0947668552398681
7487,-0.028245061635971
7488,-0.0658189356327056
7489,-0.0335866399109363
7490,-0.0660711228847503
7491,-0.0786653533577919
7492,-0.0299594607204198
7493,-0.0587839968502521
7494,-0.0530551746487617
7495,-0.0973066911101341
7496,-0.0739406645298004
7497,-0.0633558109402656
7498,-0.0342024266719818
7499,-0.0540693178772926
7500,-0.0482604093849659
7501,-0.0339616388082504
7502,-0.0699274390935897
7503,-0.0830819606781005
7504,-0.0762104019522667
7505,-0.0472959093749523
7506,-0.0644611790776252
7507,-0.10833690315485
7508,-0.0671497955918312
7509,-0.0994080156087875
7510,-0.0809358730912208
7511,-0.0822988525032997
7512,-0.1625878363847732
7513,-0.0392469242215156
7514,-0.0696974396705627
7515,-0.0768513083457946
7516,-0.0519030541181564
7517,-0.0534584410488605
7518,-0.0578205995261669
7519,-0.0366421304643154
7520,-0.0657776370644569
7521,-0.0465807504951953
7522,-0.0906321182847023
7523,-0.0269310399889946
7524,-0.0648987591266632
7525,-0.0322405062615871
7526,-0.0706115067005157
7527,-0.0305764749646186
7528,-0.0478077791631221
7529,-0.0716262385249137
7530,-0.0535864867269992
7531,-0.064449056982994
7532,-0.0819616317749023
7533,-0.079720102250576
7534,-0.0702974274754524
7535,-0.0817063003778457
7536,-0.0760814994573593
7537,-0.0620003528892993
7538,-0.0164638124406337
7539,-0.0662092119455337
7540,-0.0800512135028839
7541,-0.0368453599512577
7542,-0.0349162966012954
7543,-0.0875628590583801
7544,-0.0556473210453987
7545,-0.0778541937470436
7546,-0.0386941656470298
7547,-0.0552927441895008
7548,-0.0583295971155166
7549,-0.047188401222229
7550,-0.0823560655117034
7551,-0.0787735804915428
7552,-0.0771760493516922
7553,-0.0344230942428112
7554,-0.0354506857693195
7555,-0.0803609564900398
7556,-0.0745901688933372
7557,-0.0292549990117549
7558,-0.0480863861739635
7559,-0.0785711035132408
7560,-0.0801865234971046
7561,-0.0680945068597793
7562,-0.0645565763115882
7563,-0.0738456472754478
7564,-0.066048540174961
7565,-0.0694404244422912
7566,-0.0403781048953533
7567,-0.0803539678454399
7568,-0.0375249646604061
7569,-0.0593423433601856
7570,-0.0349557511508464
7571,-0.1161502376198768
7572,-0.0551322139799594
7573,-0.0478897541761398
7574,-0.0494008138775825
7575,-0.0868485942482948
7576,-0.0697017759084701
7577,-0.0417318679392337
7578,-0.0873753651976585
7579,-0.0695881247520446
7580,-0.077014610171318
7581,-0.0530445165932178
7582,-0.0644556060433387
7583,-0.0765319094061851
7584,-0.0600054003298282
7585,-0.0499024055898189
7586,-0.0676258504390716
7587,-0.0213264059275388
7588,-0.0718397498130798
7589,-0.0473597049713134
7590,-0.083925224840641
7591,-0.0390636660158634
7592,-0.0494006648659706
7593,-0.0216579753905534
7594,-0.0855508893728256
7595,-0.0289965737611055
7596,-0.0899990424513816
7597,-0.0777337327599525
7598,-0.121862344443798
7599,-0.029465751722455
7600,-0.0699613913893699
7601,-0.0689172521233558
7602,-0.0430617183446884
7603,-0.0639814436435699
7604,-0.0677423849701881
7605,-0.058539118617773
7606,-0.0796381905674934
7607,-0.0790602341294288
7608,-0.0705161094665527
7609,-0.1113117262721061
7610,-0.0654839351773262
7611,-0.0637956485152244
7612,-0.0592847056686878
7613,-0.0291656646877527
7614,-0.0732554569840431
7615,-0.042623721063137
7616,-0.0647115856409072
7617,-0.0689045712351799
7618,-0.0919715091586113
7619,-0.0637646839022636
7620,-0.0699075832962989
7621,-0.04555219784379
7622,-0.08469108492136
7623,-0.0443399511277675
7624,-0.0939557775855064
7625,-0.0804343596100807
7626,-0.0808919593691825
7627,-0.074171058833599
7628,-0.0638584271073341
7629,-0.0768554583191871
7630,-0.0862127542495727
7631,-0.0504646934568882
7632,-0.0554867722094059
7633,-0.0502801425755023
7634,-0.0276259575039148
7635,-0.0705419778823852
7636,-0.0491084642708301
7637,-0.0669314637780189
7638,-0.0801280811429023
7639,-0.0713396072387695
7640,-0.0639282092452049
7641,-0.0278420839458704
7642,-0.0760569050908088
7643,-0.0270387567579746
7644,-0.0884517207741737
7645,-0.0836364328861236
7646,-0.0781814083456993
7647,-0.0678644850850105
7648,-0.0765505880117416
7649,-0.0557747669517993
7650,-0.0351840257644653
7651,-0.0460209883749485
7652,-0.0838628411293029
7653,-0.0550274215638637
7654,-0.0293699409812688
7655,-0.0779952779412269
7656,-0.0865567773580551
7657,-0.0801996365189552
7658,-0.0632507055997848
7659,-0.0633298307657241
7660,-0.0695399343967437
7661,-0.0680547729134559
7662,-0.0626730695366859
7663,-0.0429039187729358
7664,-0.0745314285159111
7665,-0.0618724413216114
7666,-0.0630624815821647
7667,-0.0129861496388912
7668,-0.0891362652182579
7669,-0.0654384270310401
7670,-0.0662288591265678
7671,-0.0519587732851505
7672,-0.0673234462738037
7673,-0.1070703044533729
7674,-0.0420741587877273
7675,-0.0420565605163574
7676,-0.0720096603035926
7677,-0.0508410632610321
7678,-0.0696660876274108
7679,-0.0684660822153091
7680,-0.0824162140488624
7681,-0.0381006188690662
7682,-0.0372717902064323
7683,-0.0432879514992237
7684,-0.0760482028126716
7685,-0.0799240246415138
7686,-0.0528405010700225
7687,-0.0634155645966529
7688,-0.0768041387200355
7689,-0.0387770570814609
7690,-0.0259586609899997
7691,-0.0575341396033763
7692,-0.0891335755586624
7693,-0.065128393471241
7694,-0.0577526092529296
7695,-0.0903563499450683
7696,-0.0724168270826339
7697,-0.0670750066637992
7698,-0.0652401074767112
7699,-0.0581676103174686
7700,-0.0837744250893592
7701,-0.0610837936401367
7702,-0.0804038867354393
7703,-0.0738888904452323
7704,-0.0606547482311725
7705,-0.0783195793628692
7706,-0.0595571994781494
7707,-0.0610510259866714
7708,-0.0721655339002609
7709,-0.0554131455719471
7710,-0.0745241120457649
7711,-0.0272653866559267
7712,-0.0545911081135273
7713,-0.0818032771348953
7714,-0.0366052724421024
7715,-0.0287321247160434
7716,-0.0890453085303306
7717,-0.0624503381550312
7718,-0.0632142201066017
7719,-0.116746574640274
7720,-0.0693002045154571
7721,-0.0780417770147323
7722,-0.0539827235043048
7723,-0.0258349329233169
7724,-0.0165456812828779
7725,-0.0907420367002487
7726,-0.0560066774487495
7727,-0.0579967759549617
7728,-0.059572909027338
7729,-0.0425833947956562
7730,-0.0431193523108959
7731,-0.0571951754391193
7732,-0.055663950741291
7733,-0.0930908769369125
7734,-0.0488804876804351
7735,-0.0847426205873489
7736,-0.0689413920044899
7737,-0.0698530599474906
7738,-0.0742605179548263
7739,-0.0743479803204536
7740,-0.0671254396438598
7741,-0.0735848397016525
7742,-0.0471679829061031
7743,-0.0657437220215797
7744,-0.0626881122589111
7745,-0.0665564388036727
7746,-0.0276335701346397
7747,-0.0219240877777338
7748,-0.0876652374863624
7749,-0.0402464345097541
7750,-0.0411745496094226
7751,-0.0732545033097267
7752,-0.0832166150212287
7753,-0.0234984662383794
7754,-0.027407793328166
7755,-0.0887854620814323
7756,-0.0378982611000537
7757,-0.0615953989326953
7758,-0.0912302583456039
7759,-0.0449831038713455
7760,-0.0169546958059072
7761,-0.0890714079141616
7762,-0.0509238466620445
7763,-0.0843563675880432
7764,-0.0616152174770832
7765,-0.0572723411023616
7766,-0.0767873898148536
7767,-0.0614825040102005
7768,-0.0715399757027626
7769,-0.06829185038805
7770,-0.0867288261651992
7771,-0.0717462003231048
7772,-0.0722159966826438
7773,-0.0706873312592506
7774,-0.0587137751281261
7775,-0.0514270067214965
7776,-0.0733804106712341
7777,-0.0678303986787796
7778,-0.0732946395874023
7779,-0.0808963328599929
7780,-0.0725623145699501
7781,-0.0471661873161792
7782,-0.0509263910353183
7783,-0.0535361766815185
7784,-0.0366983413696289
7785,-0.0454510748386383
7786,-0.0801610797643661
7787,-0.079515166580677
7788,-0.0725847482681274
7789,-0.0632416307926178
7790,-0.0543049052357673
7791,-0.0628373920917511
7792,-0.0515806935727596
7793,-0.0401296429336071
7794,-0.0485924333333969
7795,-0.0870309099555015
7796,-0.066222995519638
7797,-0.0731639638543129
7798,-0.0461084656417369
7799,-0.0715772956609726
7800,-0.0551392845809459
7801,-0.0628288239240646
7802,-0.0609755851328372
7803,-0.082733429968357
7804,-0.0176426153630018
7805,-0.0923390090465545
7806,-0.0749181061983108
7807,-0.0820033922791481
7808,-0.0757381618022918
7809,-0.0268147643655538
7810,-0.0257686153054237
7811,-0.0213615093380212
7812,-0.04416399076581
7813,-0.0436875857412815
7814,-0.0589486435055732
7815,-0.0566582158207893
7816,-0.0380064696073532
7817,-0.0787772238254547
7818,-0.0602678544819355
7819,-0.068715363740921
7820,-0.0787710323929786
7821,-0.0624922178685665
7822,-0.0652208626270294
7823,-0.0726493671536445
7824,-0.0535594746470451
7825,-0.0565412826836109
7826,-0.0629332438111305
7827,-0.0752405524253845
7828,-0.0686981678009033
7829,-0.0659893527626991
7830,-0.111343890428543
7831,-0.037910409271717
7832,-0.0220243576914072
7833,-0.0643441975116729
7834,-0.0758068934082984
7835,-0.0537090711295604
7836,-0.0761240497231483
7837,-0.0492043755948543
7838,-0.0572568960487842
7839,-0.0822459608316421
7840,-0.0726394280791282
7841,-0.0776361897587776
7842,-0.0703033208847045
7843,-0.0554157830774784
7844,-0.073170430958271
7845,-0.0712048634886741
7846,-0.079728864133358
7847,-0.0750309452414512
7848,-0.0737507864832878
7849,-0.0871795788407325
7850,-0.0791333615779876
7851,-0.1074153631925582
7852,-0.0739202946424484
7853,-0.0938498452305793
7854,-0.0875205472111702
7855,-0.0604810453951358
7856,-0.0290162656456232
7857,-0.0821719542145729
7858,-0.0538684651255607
7859,-0.0921806991100311
7860,-0.067996010184288
7861,-0.0862911120057106
7862,-0.078851081430912
7863,-0.0496741719543933
7864,-0.0838688984513282
7865,-0.063426673412323
7866,-0.0611780807375907
7867,-0.0663462281227111
7868,-0.0676779374480247
7869,-0.0942712500691413
7870,-0.081931434571743
7871,-0.053310964256525
7872,-0.0451210290193557
7873,-0.0699793472886085
7874,-0.083615519106388
7875,-0.0778304189443588
7876,-0.0358503945171833
7877,-0.0632043108344078
7878,-0.0307298470288515
7879,-0.0776187181472778
7880,-0.0511048845946788
7881,-0.0834687948226928
7882,-0.0883833169937133
7883,-0.0903382673859596
7884,-0.1069227308034896
7885,-0.0450906194746494
7886,-0.0841084271669387
7887,-0.0677279233932495
7888,-0.0701904967427253
7889,-0.0430395416915416
7890,-0.0784924030303955
7891,-0.1042788177728653
7892,-0.0989010483026504
7893,-0.0992460921406745
7894,-0.0212866831570863
7895,-0.0680245086550712
7896,-0.0705429464578628
7897,-0.0694848150014877
7898,-0.071038618683815
7899,-0.069710649549961
7900,-0.0874021351337432
7901,-0.0885175317525863
7902,-0.0720816701650619
7903,-0.0789116322994232
7904,-0.0978051200509071
7905,-0.074615940451622
7906,-0.075455293059349
7907,-0.064252108335495
7908,-0.0638019815087318
7909,-0.0589119978249073
7910,-0.0507470443844795
7911,-0.0455446951091289
7912,-0.0783712714910507
7913,-0.0329722911119461
7914,-0.0619784854352474
7915,-0.0579452998936176
7916,-0.0833892598748207
7917,-0.0432418249547481
7918,-0.0941971763968467
7919,-0.075955830514431
7920,-0.0674363225698471
7921,-0.0548179633915424
7922,-0.0687179341912269
7923,-0.0482621602714061
7924,-0.0871723666787147
7925,-0.0316490493714809
7926,-0.0953449830412864
7927,-0.0383799746632576
7928,-0.07361850887537
7929,-0.0684171244502067
7930,-0.044988214969635
7931,-0.0462146326899528
7932,-0.0660506337881088
7933,-0.0308620799332857
7934,-0.0688844248652458
7935,-0.0280336383730173
7936,-0.0776552334427833
7937,-0.0758180394768714
7938,-0.0145077090710401
7939,-0.0556465312838554
7940,-0.0149220991879701
7941,-0.0807124376296997
7942,-0.0855220705270767
7943,-0.0634322613477706
7944,-0.0103771304711699
7945,-0.0655853599309921
7946,-0.0393536947667598
7947,-0.0551997609436512
7948,-0.0747869312763214
7949,-0.0772830992937088
7950,-0.0528897978365421
7951,-0.0762839093804359
7952,-0.0637294426560401
7953,-0.0665922537446022
7954,-0.0857639163732528
7955,-0.0864458978176117
7956,-0.0700805559754371
7957,-0.084602266550064
7958,-0.0609317161142826
7959,-0.0205645952373743
7960,-0.0637599155306816
7961,-0.0774476528167724
7962,-0.0793594643473625
7963,-0.0496607013046741
7964,-0.0463625714182853
7965,-0.0317046493291854
7966,-0.0705043077468872
7967,-0.0666943341493606
7968,-0.0466474033892154
7969,-0.039725337177515
7970,-0.0481463111937046
7971,-0.0370600819587707
7972,-0.0468201525509357
7973,-0.0437497980892658
7974,-0.0489644482731819
7975,-0.0684013366699218
7976,-0.0599554516375064
7977,-0.0793130919337272
7978,-0.0642568543553352
7979,-0.0741370320320129
7980,-0.0514821857213974
7981,-0.0759651437401771
7982,-0.0822634100914001
7983,-0.0389628335833549
7984,-0.0801979154348373
7985,-0.0792238563299179
7986,-0.0544795542955398
7987,-0.0677955001592636
7988,-0.0729287043213844
7989,-0.0541050694882869
7990,-0.048170693218708
7991,-0.0895585194230079
7992,-0.0840523988008499
7993,-0.0889831334352493
7994,-0.0389478281140327
7995,-0.0628895238041877
7996,-0.075245514512062
7997,-0.0425596684217453
7998,-0.0706864297389984
7999,-0.0138403279706835
8000,-0.0720333531498909
8001,-0.0564182922244071
8002,-0.0622739605605602
8003,-0.0367004349827766
8004,-0.0727161094546318
8005,-0.0760755017399787
8006,-0.0428686738014221
8007,-0.024689981713891
8008,-0.0835166871547699
8009,-0.0923104211688041
8010,-0.0586982853710651
8011,-0.0524240732192993
8012,-0.0527094602584838
8013,-0.0923595875501632
8014,-0.0888247340917587
8015,-0.0649532750248909
8016,-0.0827611610293388
8017,-0.0801220908761024
8018,-0.0302101280540227
8019,-0.0723385438323021
8020,-0.0793955028057098
8021,-0.0878322720527648
8022,-0.0557705946266651
8023,-0.0389779806137084
8024,-0.0775652527809143
8025,-0.0776505246758461
8026,-0.0649639666080474
8027,-0.0842900648713111
8028,-0.0671183466911315
8029,-0.0522297173738479
8030,-0.0688965544104576
8031,-0.0794527530670166
8032,-0.0669843107461929
8033,-0.0254209395498037
8034,-0.0611177571117877
8035,-0.0826754942536354
8036,-0.0804377794265747
8037,-0.0789656415581703
8038,-0.0704803317785263
8039,-0.0726598501205444
8040,-0.0179665479809045
8041,-0.0355626866221427
8042,-0.0528027303516864
8043,-0.0837865322828292
8044,-0.0966507121920585
8045,-0.0376194603741169
8046,-0.0551557280123233
8047,-0.0958864465355873
8048,-0.094099722802639
8049,-0.0546685680747032
8050,-0.0781362354755401
8051,-0.0677954107522964
8052,-0.1028890162706375
8053,-0.0743337050080299
8054,-0.0722069293260574
8055,-0.0298086572438478
8056,-0.0666075125336647
8057,-0.0782937481999397
8058,-0.0486786551773548
8059,-0.0847381725907325
8060,-0.0890308767557144
8061,-0.0468537732958793
8062,-0.0620952174067497
8063,-0.0573162697255611
8064,-0.0718710795044899
8065,-0.0891465842723846
8066,-0.0133337518200278
8067,-0.0608585551381111
8068,-0.07570830732584
8069,-0.0395994298160076
8070,-0.076962225139141
8071,-0.0841403827071189
8072,-0.0780432373285293
8073,-0.0668009370565414
8074,-0.0414473004639148
8075,-0.0916276201605796
8076,-0.0306786559522151
8077,-0.0593745112419128
8078,-0.0749271735548973
8079,-0.0526873730123043
8080,-0.0735446065664291
8081,-0.0820875316858291
8082,-0.0570220276713371
8083,-0.0870131850242614
8084,-0.0632724091410636
8085,-0.0790486708283424
8086,-0.026962948963046
8087,-0.0703432187438011
8088,-0.074623242020607
8089,-0.0469087027013301
8090,-0.0554301217198371
8091,-0.0590225867927074
8092,-0.0613853260874748
8093,-0.1072683110833168
8094,-0.080867014825344
8095,-0.0712663978338241
8096,-0.079732172191143
8097,-0.0812687948346138
8098,-0.026330079883337
8099,-0.0528491921722888
8100,-0.0536268651485443
8101,-0.0570000596344471
8102,-0.0893147364258766
8103,-0.1066353097558021
8104,-0.1268212646245956
8105,-0.081594131886959
8106,-0.0814494863152504
8107,-0.0712848901748657
8108,-0.0595489032566547
8109,-0.0992629379034042
8110,-0.0547002926468849
8111,-0.0739616155624389
8112,-0.0650533810257911
8113,-0.0389924794435501
8114,-0.0288966763764619
8115,-0.0678088963031768
8116,-0.0755333229899406
8117,-0.0546664930880069
8118,-0.0657270401716232
8119,-0.0761962160468101
8120,-0.0692417249083519
8121,-0.0774560496211052
8122,-0.1274402439594268
8123,-0.0701301619410514
8124,-0.0509015545248985
8125,-0.0144206089898943
8126,-0.0486968047916889
8127,-0.0175385363399982
8128,-0.106062076985836
8129,-0.0499881654977798
8130,-0.0631921961903572
8131,-0.065072551369667
8132,-0.0636386573314666
8133,-0.0575638897716999
8134,-0.0679443329572677
8135,-0.0673067718744278
8136,-0.0571498163044452
8137,-0.0765202417969703
8138,-0.0726425945758819
8139,-0.0318588875234127
8140,-0.0341789275407791
8141,-0.0747270956635475
8142,-0.067216970026493
8143,-0.073336511850357
8144,-0.0621875002980232
8145,-0.0790269523859024
8146,-0.074941299855709
8147,-0.0821286961436271
8148,-0.0376713126897811
8149,-0.0708667188882827
8150,-0.0692935511469841
8151,-0.0503965318202972
8152,-0.1387742459774017
8153,-0.0417301505804061
8154,-0.0981171429157257
8155,-0.0240751076489686
8156,-0.0430221706628799
8157,-0.0188710931688547
8158,-0.0641654059290885
8159,-0.1002513319253921
8160,-0.0396418534219265
8161,-0.0502447634935379
8162,-0.0671137422323226
8163,-0.0468768551945686
8164,-0.0675310939550399
8165,-0.0496925339102745
8166,-0.0594456195831298
8167,-0.0556564331054687
8168,-0.0350328870117664
8169,-0.04080431163311
8170,-0.0285509228706359
8171,-0.0449167527258396
8172,-0.0675230994820594
8173,-0.100577987730503
8174,-0.0858246088027954
8175,-0.0378662273287773
8176,-0.041363064199686
8177,-0.0750053077936172
8178,-0.0953826531767845
8179,-0.0729358345270156
8180,-0.0897914171218872
8181,-0.047800812870264
8182,-0.0818501859903335
8183,-0.0740508139133453
8184,-0.0763240158557891
8185,-0.0547266490757465
8186,-0.1035092920064926
8187,-0.0144228572025895
8188,-0.070782259106636
8189,-0.0848221853375434
8190,-0.0803102850914001
8191,-0.0714995861053466
8192,-0.0903759375214576
8193,-0.0499602891504764
8194,-0.089870847761631
8195,-0.081576406955719
8196,-0.0646441653370857
8197,-0.0753098502755165
8198,-0.0838597789406776
8199,-0.0907569900155067
8200,-0.0349532179534435
8201,-0.0829202905297279
8202,-0.0565888807177543
8203,-0.0651333630084991
8204,-0.0290732327848672
8205,-0.0804368630051612
8206,-0.0247318800538778
8207,-0.0738830044865608
8208,-0.0843020528554916
8209,-0.0754633769392967
8210,-0.0470880754292011
8211,-0.0728226751089096
8212,-0.0726066380739212
8213,-0.045208416879177
8214,-0.0264509376138448
8215,-0.0206159893423318
8216,-0.053409144282341
8217,-0.0329849198460578
8218,-0.0505276620388031
8219,-0.0153023898601531
8220,-0.0771432891488075
8221,-0.0502850636839866
8222,-0.0625608637928962
8223,-0.0489896275103092
8224,-0.0532453060150146
8225,-0.0843593850731849
8226,-0.0825646817684173
8227,-0.0771227106451988
8228,-0.0332945510745048
8229,-0.0467478558421134
8230,-0.0833615064620971
8231,-0.0434910543262958
8232,-0.0657592490315437
8233,-0.0653027668595314
8234,-0.0398379042744636
8235,-0.102881409227848
8236,-0.0731011778116226
8237,-0.0450053513050079
8238,-0.0755269303917884
8239,-0.0656019821763038
8240,-0.0855968967080116
8241,-0.050496969372034
8242,-0.0695685446262359
8243,-0.0808316245675087
8244,-0.0309257116168737
8245,-0.076102502644062
8246,-0.0615022592246532
8247,-0.0740846395492553
8248,-0.0795347243547439
8249,-0.0529218092560768
8250,-0.0848679617047309
8251,-0.0627293214201927
8252,-0.0931982174515724
8253,-0.05661541223526
8254,-0.0806031450629234
8255,-0.0413539633154869
8256,-0.0790352001786232
8257,-0.0464047715067863
8258,-0.0772621929645538
8259,-0.0837094783782959
8260,-0.0619324184954166
8261,-0.0618951320648193
8262,-0.0792444571852684
8263,-0.0589708089828491
8264,-0.0084226829931139
8265,-0.0891183391213417
8266,-0.0678880587220192
8267,-0.0865308195352554
8268,-0.0597561076283454
8269,-0.0086414711549878
8270,-0.0831975489854812
8271,-0.0571328811347484
8272,-0.0525593906641006
8273,-0.0830575600266456
8274,-0.0736069604754448
8275,-0.0517455451190471
8276,-0.0847202464938163
8277,-0.0686953291296958
8278,-0.0410558618605136
8279,-0.0310461483895778
8280,-0.0711527541279792
8281,-0.0147983552888035
8282,-0.0747768059372901
8283,-0.0646520629525184
8284,-0.1322850435972213
8285,-0.0599024221301078
8286,-0.06477602571249
8287,-0.0758638381958007
8288,-0.0671656280755996
8289,-0.084354281425476
8290,-0.0734776481986045
8291,-0.0674825683236122
8292,-0.0675492286682128
8293,-0.068972535431385
8294,-0.0500450916588306
8295,-0.0804682597517967
8296,-0.0921368598937988
8297,-0.0740965381264686
8298,-0.0770092979073524
8299,-0.0991532802581787
8300,-0.014938298612833
8301,-0.061589665710926
8302,-0.08206158131361
8303,-0.0648276880383491
8304,-0.0111612351611256
8305,-0.0102894343435764
8306,-0.0859352424740791
8307,-0.0411778017878532
8308,-0.0725226402282714
8309,-0.0427075773477554
8310,-0.0873268321156501
8311,-0.0651373639702797
8312,-0.0673758238554
8313,-0.0737455189228057
8314,-0.0491605550050735
8315,-0.0757133588194847
8316,-0.0719433799386024
8317,-0.0683321431279182
8318,-0.0561259277164936
8319,-0.0636768341064453
8320,-0.0663927942514419
8321,-0.0422752611339092
8322,-0.080680139362812
8323,-0.085721731185913
8324,-0.0674617886543273
8325,-0.0253265723586082
8326,-0.076545238494873
8327,-0.0555013306438922
8328,-0.04888466745615
8329,-0.0597182773053646
8330,-0.0712238922715187
8331,-0.0662989541888237
8332,-0.0714835450053215
8333,-0.0824877396225929
8334,-0.0679694488644599
8335,-0.075005903840065
8336,-0.0463162958621978
8337,-0.0697474554181099
8338,-0.0617914125323295
8339,-0.0554557181894779
8340,-0.084230363368988
8341,-0.0752317085862159
8342,-0.0520693510770797
8343,-0.0445139184594154
8344,-0.0620134063065052
8345,-0.039918664842844
8346,-0.0701537281274795
8347,-0.0745298862457275
8348,-0.0343956686556339
8349,-0.0443672090768814
8350,-0.0880250707268714
8351,-0.0728969424962997
8352,-0.0865784361958503
8353,-0.0730685219168663
8354,-0.0774659886956214
8355,-0.0458219908177852
8356,-0.0716064497828483
8357,-0.072546400129795
8358,-0.0234963782131671
8359,-0.0671208351850509
8360,-0.0414732880890369
8361,-0.0762243196368217
8362,-0.0715309977531433
8363,-0.0878712907433509
8364,-0.0526013113558292
8365,-0.0574343726038932
8366,-0.0637299492955207
8367,-0.0319238193333148
8368,-0.0576833821833133
8369,-0.0690280497074127
8370,-0.0942018553614616
8371,-0.0593085810542106
8372,-0.0067793712951242
8373,-0.063209094107151
8374,-0.0979215875267982
8375,-0.0683279111981391
8376,-0.1212532147765159
8377,-0.0775355249643325
8378,-0.0623059794306755
8379,-0.0841876193881034
8380,-0.0785402879118919
8381,-0.0698357596993446
8382,-0.0640797168016433
8383,-0.0722096785902977
8384,-0.0346873477101326
8385,-0.0575152225792408
8386,-0.0854245200753212
8387,-0.0384186170995235
8388,-0.0866900235414505
8389,-0.0575480125844478
8390,-0.0648878291249275
8391,-0.0618212036788463
8392,-0.059328980743885
8393,-0.0673635676503181
8394,-0.0166119281202554
8395,-0.0654420033097267
8396,-0.0912776961922645
8397,-0.0721648633480072
8398,-0.0269308201968669
8399,-0.0877629593014717
8400,-0.0654268562793731
8401,-0.0474818721413612
8402,-0.0605750828981399
8403,-0.0706822201609611
8404,-0.0307494364678859
8405,-0.0611569695174694
8406,-0.0518085472285747
8407,-0.074089728295803
8408,-0.0413853451609611
8409,-0.062631607055664
8410,-0.0640217959880828
8411,-0.0599735304713249
8412,-0.0335335321724414
8413,-0.0553398355841636
8414,-0.0579454638063907
8415,-0.0237043406814336
8416,-0.0798234045505523
8417,-0.0396488010883331
8418,-0.0428138524293899
8419,-0.048529278486967
8420,-0.0771798565983772
8421,-0.0630783215165138
8422,-0.0701960697770118
8423,-0.0608463361859321
8424,-0.0665097907185554
8425,-0.0372163727879524
8426,-0.0865144282579422
8427,-0.0791816487908363
8428,-0.0581151917576789
8429,-0.0667487531900405
8430,-0.0725091397762298
8431,-0.0815067961812019
8432,-0.0368487685918808
8433,-0.0613592416048049
8434,-0.0594933107495307
8435,-0.0736878514289856
8436,-0.0426103211939334
8437,-0.0604838393628597
8438,-0.0546651482582092
8439,-0.094410665333271
8440,-0.0287764314562082
8441,-0.0798352435231208
8442,-0.0828373804688453
8443,-0.0612020567059516
8444,-0.0712970197200775
8445,-0.0678734704852104
8446,-0.0765222683548927
8447,-0.079129658639431
8448,-0.0282164812088012
8449,-0.0554307885468006
8450,-0.0817771703004837
8451,-0.0815353766083717
8452,-0.0794611796736717
8453,-0.0803697556257247
8454,-0.0588406212627887
8455,-0.0590584278106689
8456,-0.0331851430237293
8457,-0.0726174786686897
8458,-0.0513646602630615
8459,-0.0424719639122486
8460,-0.0766913443803787
8461,-0.0466000065207481
8462,-0.0765244662761688
8463,-0.0941345170140266
8464,-0.0417334847152233
8465,-0.0527836270630359
8466,-0.0503020510077476
8467,-0.0838313847780227
8468,-0.0908897593617439
8469,-0.0476722568273544
8470,-0.0709823071956634
8471,-0.085237979888916
8472,-0.0665880069136619
8473,-0.0608281753957271
8474,-0.0618081614375114
8475,-0.0797028914093971
8476,-0.1059187427163124
8477,-0.0658095777034759
8478,-0.077849842607975
8479,-0.0544364862143993
8480,-0.0783221051096916
8481,-0.075706660747528
8482,-0.0632353201508522
8483,-0.0805237591266632
8484,-0.0720236524939537
8485,-0.0723639726638794
8486,-0.0749485492706298
8487,-0.0730521082878112
8488,-0.0703174024820327
8489,-0.0839167460799217
8490,-0.0156363118439912
8491,-0.0642108172178268
8492,-0.0697290748357772
8493,-0.0729944929480552
8494,-0.0547805950045585
8495,-0.055227193981409
8496,-0.0768912807106971
8497,-0.070884920656681
8498,-0.1006672754883766
8499,-0.0719780325889587
8500,-0.0492141246795654
8501,-0.0881540700793266
8502,-0.0675245001912117
8503,-0.0754887163639068
8504,-0.0381458289921283
8505,-0.0477016307413578
8506,-0.0724878013134002
8507,-0.0622907616198062
8508,-0.0263945907354354
8509,-0.0776025205850601
8510,-0.0336931832134723
8511,-0.0777018591761589
8512,-0.0526248849928379
8513,-0.0818544924259185
8514,-0.1004819795489311
8515,-0.067117840051651
8516,-0.0773945823311805
8517,-0.0279737785458564
8518,-0.0924015492200851
8519,-0.0250186584889888
8520,-0.1052210107445716
8521,-0.0502433776855468
8522,-0.0696827992796897
8523,-0.0481938272714614
8524,-0.0637138709425926
8525,-0.0495238378643989
8526,-0.0348715521395206
8527,-0.0247633103281259
8528,-0.0322172865271568
8529,-0.0930068120360374
8530,-0.0767027586698532
8531,-0.0675299242138862
8532,-0.0671533644199371
8533,-0.0706477686762809
8534,-0.09219441562891
8535,-0.0622481852769851
8536,-0.0511653460562229
8537,-0.0480931475758552
8538,-0.0120690390467643
8539,-0.0792526379227638
8540,-0.0773491263389587
8541,-0.0302817393094301
8542,-0.086591862142086
8543,-0.0679491534829139
8544,-0.1120542958378791
8545,-0.0381336323916912
8546,-0.0332790873944759
8547,-0.1130907163023948
8548,-0.0716446936130523
8549,-0.0910444632172584
8550,-0.0870629176497459
8551,-0.0687664449214935
8552,-0.0867659151554107
8553,-0.0735185965895652
8554,-0.07713183760643
8555,-0.0143899600952863
8556,-0.0530529506504535
8557,-0.06145591288805
8558,-0.0787564888596534
8559,-0.0635796338319778
8560,-0.0776676908135414
8561,-0.0825733467936515
8562,-0.0729672908782959
8563,-0.0842334181070327
8564,-0.0539302043616771
8565,-0.0690347254276275
8566,-0.076007105410099
8567,-0.0438739545643329
8568,-0.0577870495617389
8569,-0.0687410309910774
8570,-0.054432738572359
8571,-0.0565178655087947
8572,-0.0452374629676342
8573,-0.0613842606544494
8574,-0.0590980388224124
8575,-0.0611652396619319
8576,-0.061383593827486
8577,-0.0897586718201637
8578,-0.075479008257389
8579,-0.0511564798653125
8580,-0.0644712597131729
8581,-0.0815954059362411
8582,-0.0500743053853511
8583,-0.0308912955224514
8584,-0.0854703485965728
8585,-0.0275755729526281
8586,-0.0801825076341629
8587,-0.0672036185860633
8588,-0.0571439079940319
8589,-0.0374962724745273
8590,-0.0676987990736961
8591,-0.1035473123192787
8592,-0.0644291266798973
8593,-0.0849373713135719
8594,-0.0457043312489986
8595,-0.100932277739048
8596,-0.0703282058238983
8597,-0.0551122091710567
8598,-0.0817108899354934
8599,-0.0901569128036499
8600,-0.0564769059419631
8601,-0.0756718963384628
8602,-0.0689547657966613
8603,-0.0745209529995918
8604,-0.0617648847401142
8605,-0.0490767695009708
8606,-0.0456285998225212
8607,-0.075049802660942
8608,-0.0635070949792862
8609,-0.0710450410842895
8610,-0.0485456809401512
8611,-0.0852396488189697
8612,-0.0770076289772987
8613,-0.0543346963822841
8614,-0.0806477665901184
8615,-0.0643851161003112
8616,-0.0713576525449752
8617,-0.0538071654736995
8618,-0.075379766523838
8619,-0.082118310034275
8620,-0.0644792094826698
8621,-0.0507964268326759
8622,-0.0892618969082832
8623,-0.0488266088068485
8624,-0.0659206882119178
8625,-0.0779836848378181
8626,-0.0392151176929473
8627,-0.0779938325285911
8628,-0.0398818589746952
8629,-0.0806415453553199
8630,-0.0342755503952503
8631,-0.0348681211471557
8632,-0.0932271108031272
8633,-0.0591135695576667
8634,-0.0604679733514785
8635,-0.025263363495469
8636,-0.086282767355442
8637,-0.0787468999624252
8638,-0.0646778121590614
8639,-0.0960657894611358
8640,-0.041547767817974
8641,-0.0353099294006824
8642,-0.0478920526802539
8643,-0.0744920969009399
8644,-0.0286613199859857
8645,-0.0868841707706451
8646,-0.0356375910341739
8647,-0.0733402296900749
8648,-0.0770472958683967
8649,-0.0652964264154434
8650,-0.0762667432427406
8651,-0.0119671421125531
8652,-0.0715854316949844
8653,-0.0738274082541465
8654,-0.0670848935842514
8655,-0.0667390674352645
8656,-0.0638225451111793
8657,-0.0373661108314991
8658,-0.0570135973393917
8659,-0.0735877826809883
8660,-0.05399065092206
8661,-0.0651299878954887
8662,-0.0518306270241737
8663,-0.0726481601595878
8664,-0.0714550390839576
8665,-0.0642763897776603
8666,-0.0681070014834404
8667,-0.0589449219405651
8668,-0.0363375656306743
8669,-0.0467296913266181
8670,-0.0743476599454879
8671,-0.0923603922128677
8672,-0.0458963699638843
8673,-0.0786933675408363
8674,-0.0776784494519233
8675,-0.1178352013230323
8676,-0.0550408512353897
8677,-0.0586163997650146
8678,-0.0378178097307682
8679,-0.087129071354866
8680,-0.0562503226101398
8681,-0.0648442506790161
8682,-0.0786767676472663
8683,-0.0677891969680786
8684,-0.0459438599646091
8685,-0.0637013763189315
8686,-0.073130652308464
8687,-0.0716347098350524
8688,-0.0873489156365394
8689,-0.0499140210449695
8690,-0.0770619660615921
8691,-0.0754055902361869
8692,-0.0254951156675815
8693,-0.0501277521252632
8694,-0.0759335234761238
8695,-0.0954885780811309
8696,-0.0345993675291538
8697,-0.0748106315732002
8698,-0.0393892675638198
8699,-0.0713802501559257
8700,-0.1075156405568122
8701,-0.0238976217806339
8702,-0.0252339262515306
8703,-0.1123062893748283
8704,-0.0277748946100473
8705,-0.0970577299594879
8706,-0.0743361935019493
8707,-0.1097820475697517
8708,-0.0982760041952133
8709,-0.0684606060385704
8710,-0.0474125333130359
8711,-0.0772715285420417
8712,-0.0677417516708374
8713,-0.0802267864346504
8714,-0.0794531852006912
8715,-0.0602768920361995
8716,-0.0532002598047256
8717,-0.0716026201844215
8718,-0.0991972386837005
8719,-0.0575381778180599
8720,-0.1047316268086433
8721,-0.0628411099314689
8722,-0.0338068418204784
8723,-0.0344847962260246
8724,-0.0791845694184303
8725,-0.062438316643238
8726,-0.0912084206938743
8727,-0.0600383169949054
8728,-0.0747488737106323
8729,-0.0778211578726768
8730,-0.0584701821208
8731,-0.0309484433382749
8732,-0.0559051632881164
8733,-0.0649765208363533
8734,-0.0647678524255752
8735,-0.0762771591544151
8736,-0.0732000619173049
8737,-0.0608885027468204
8738,-0.0621206350624561
8739,-0.0762733519077301
8740,-0.0524904578924179
8741,-0.0759631693363189
8742,-0.0754487141966819
8743,-0.0824971497058868
8744,-0.0205391701310873
8745,-0.0655558779835701
8746,-0.0680176392197609
8747,-0.0374523736536502
8748,-0.065245047211647
8749,-0.086926095187664
8750,-0.0708047375082969
8751,-0.0707809031009674
8752,-0.0788621455430984
8753,-0.0778311789035797
8754,-0.0998205244541168
8755,-0.0410282239317894
8756,-0.0857816785573959
8757,-0.0574557334184646
8758,-0.0688326656818389
8759,-0.0121089862659573
8760,-0.0473750829696655
8761,-0.0782432332634925
8762,-0.0425808914005756
8763,-0.074203997850418
8764,-0.0368476398289203
8765,-0.0876351967453956
8766,-0.0697094425559043
8767,-0.081718660891056
8768,-0.0708336159586906
8769,-0.0821760222315788
8770,-0.0668026655912399
8771,-0.0732937529683113
8772,-0.0724162235856056
8773,-0.0627641379833221
8774,-0.0460174717009067
8775,-0.0615790970623493
8776,-0.0739541426301002
8777,-0.081209696829319
8778,-0.0281228758394718
8779,-0.041452907025814
8780,-0.0609697438776493
8781,-0.0988838672637939
8782,-0.0710092782974243
8783,-0.0500683598220348
8784,-0.0746621862053871
8785,-0.0672827810049057
8786,-0.073954202234745
8787,-0.0888045504689216
8788,-0.0795566141605377
8789,-0.0795033872127533
8790,-0.0856231600046157
8791,-0.0594945028424263
8792,-0.0877067521214485
8793,-0.0333593972027301
8794,-0.0583980232477188
8795,-0.0833510085940361
8796,-0.0777938216924667
8797,-0.0668947994709014
8798,-0.0260223988443613
8799,-0.104014404118061
8800,-0.0678902938961982
8801,-0.0181463807821273
8802,-0.0892054364085197
8803,-0.0588284544646739
8804,-0.0473597794771194
8805,-0.0475222133100032
8806,-0.0847043767571449
8807,-0.0410971119999885
8808,-0.0769487023353576
8809,-0.0849218070507049
8810,-0.104666031897068
8811,-0.0464069098234176
8812,-0.0567583367228508
8813,-0.0754573419690132
8814,-0.0668857246637344
8815,-0.0378750301897525
8816,-0.0666868165135383
8817,-0.0350316874682903
8818,-0.0420058108866214
8819,-0.0833566859364509
8820,-0.0485049486160278
8821,-0.0739046782255172
8822,-0.0519910044968128
8823,-0.0581648498773574
8824,-0.0906728282570838
8825,-0.0643533244729042
8826,-0.0700058788061142
8827,-0.0338940769433975
8828,-0.0783620402216911
8829,-0.0610015057027339
8830,-0.0722893103957176
8831,-0.0667933374643325
8832,-0.0891936123371124
8833,-0.0781508237123489
8834,-0.0419992990791797
8835,-0.0714717283844947
8836,-0.0657848119735717
8837,-0.0182880088686943
8838,-0.0855664387345314
8839,-0.070323072373867
8840,-0.0603321343660354
8841,-0.1096839606761932
8842,-0.0819952711462974
8843,-0.0773057714104652
8844,-0.0265962276607751
8845,-0.0397098138928413
8846,-0.0354794301092624
8847,-0.0429160185158252
8848,-0.0577919818460941
8849,-0.0527047999203205
8850,-0.0869801491498947
8851,-0.0834757387638092
8852,-0.0534153245389461
8853,-0.0566127821803092
8854,-0.0845675691962242
8855,-0.0616408921778202
8856,-0.0706920176744461
8857,-0.0256385877728462
8858,-0.0595818944275379
8859,-0.0785074681043624
8860,-0.0362265594303607
8861,-0.0832349509000778
8862,-0.0765332281589508
8863,-0.0269673038274049
8864,-0.0639187172055244
8865,-0.1159692481160163
8866,-0.031208774074912
8867,-0.0655049681663513
8868,-0.0867490619421005
8869,-0.0804430022835731
8870,-0.039056546986103
8871,-0.0774354860186576
8872,-0.0802446976304054
8873,-0.0708611831068992
8874,-0.0810499489307403
8875,-0.0631503239274025
8876,-0.0978343561291694
8877,-0.0443885512650013
8878,-0.0909658968448638
8879,-0.0329520590603351
8880,-0.0592164732515811
8881,-0.0805353596806526
8882,-0.079505018889904
8883,-0.0807058438658714
8884,-0.0973086282610893
8885,-0.0697203129529953
8886,-0.092532530426979
8887,-0.029486209154129
8888,-0.0881795287132263
8889,-0.0577798560261726
8890,-0.0718758255243301
8891,-0.0758334398269653
8892,-0.0799683108925819
8893,-0.075614646077156
8894,-0.0269995480775833
8895,-0.0842944756150245
8896,-0.0503911860287189
8897,-0.0676050335168838
8898,-0.0950761809945106
8899,-0.0491074323654174
8900,-0.0137216793373227
8901,-0.0266095176339149
8902,-0.0732385963201522
8903,-0.0611725971102714
8904,-0.071947380900383
8905,-0.0661109238862991
8906,-0.08751130849123
8907,-0.0758744925260543
8908,-0.0708957239985466
8909,-0.075091503560543
8910,-0.0734268426895141
8911,-0.0751569494605064
8912,-0.0818722173571586
8913,-0.0763350948691368
8914,-0.0640497729182243
8915,-0.064101718366146
8916,-0.0554805509746074
8917,-0.0324212610721588
8918,-0.0139965694397687
8919,-0.0521575659513473
8920,-0.0465194918215274
8921,-0.0479331202805042
8922,-0.0597114153206348
8923,-0.0852686017751693
8924,-0.0403399802744388
8925,-0.0503235049545764
8926,-0.0325965881347656
8927,-0.0639118924736976
8928,-0.0786497220396995
8929,-0.0641825571656227
8930,-0.0747639089822769
8931,-0.0661145076155662
8932,-0.0800556689500808
8933,-0.0659451484680175
8934,-0.0693852081894874
8935,-0.0429677739739418
8936,-0.0744379833340644
8937,-0.0715426579117775
8938,-0.0368931144475936
8939,-0.0769054815173149
8940,-0.0548670813441276
8941,-0.0229637343436479
8942,-0.0684392377734184
8943,-0.0927591100335121
8944,-0.0682997703552246
8945,-0.0860044732689857
8946,-0.0957034677267074
8947,-0.0843045860528945
8948,-0.0701804384589195
8949,-0.0638337433338165
8950,-0.0740123838186264
8951,-0.0441053733229637
8952,-0.0924252644181251
8953,-0.0209941864013671
8954,-0.0833088532090187
8955,-0.0429566353559494
8956,-0.0558963902294635
8957,-0.0707718133926391
8958,-0.0785961970686912
8959,-0.0586214736104011
8960,-0.0922370329499244
8961,-0.0517780221998691
8962,-0.029882576316595
8963,-0.0736719891428947
8964,-0.0653395280241966
8965,-0.0602143481373786
8966,-0.0480009391903877
8967,-0.070398062467575
8968,-0.0868436247110366
8969,-0.042986050248146
8970,-0.0533133372664451
8971,-0.0782543271780014
8972,-0.0686002448201179
8973,-0.071011021733284
8974,-0.0379643440246582
8975,-0.0980790629982948
8976,-0.0581656172871589
8977,-0.06563401222229
8978,-0.0726649537682533
8979,-0.0554093830287456
8980,-0.0344640091061592
8981,-0.0665791407227516
8982,-0.0886324644088745
8983,-0.0839497074484825
8984,-0.0448255948722362
8985,-0.063197910785675
8986,-0.0714005082845687
8987,-0.0767781287431716
8988,-0.0504461228847503
8989,-0.0836203098297119
8990,-0.0461307391524314
8991,-0.0488029606640338
8992,-0.0842311307787895
8993,-0.0861415863037109
8994,-0.0106207942590117
8995,-0.0495926477015018
8996,-0.0792813822627067
8997,-0.0602771826088428
8998,-0.0690386071801185
8999,-0.0501457192003726
9000,-0.0799401178956031
9001,-0.0779066458344459
9002,-0.0577747970819473
9003,-0.0898086950182914
9004,-0.0578700117766857
9005,-0.0602687075734138
9006,-0.0113331712782382
9007,-0.0502746850252151
9008,-0.0766059532761573
9009,-0.0350691564381122
9010,-0.0699323117733001
9011,-0.0817961171269416
9012,-0.0691843479871749
9013,-0.0525557585060596
9014,-0.0504600666463375
9015,-0.0694426670670509
9016,-0.0660357624292373
9017,-0.0778781995177269
9018,-0.0531616061925888
9019,-0.1021839752793312
9020,-0.0602156333625316
9021,-0.0767692029476165
9022,-0.0777484104037284
9023,-0.077102318406105
9024,-0.0457521006464958
9025,-0.046659842133522
9026,-0.0605334900319576
9027,-0.0620647855103015
9028,-0.0552389211952686
9029,-0.0664892047643661
9030,-0.0749774053692817
9031,-0.0778983756899833
9032,-0.0476990565657615
9033,-0.0550894290208816
9034,-0.076480433344841
9035,-0.0460955090820789
9036,-0.0791658461093902
9037,-0.0712262317538261
9038,-0.0560838058590889
9039,-0.0826766118407249
9040,-0.0877196043729782
9041,-0.0389474555850029
9042,-0.0549386255443096
9043,-0.0661347955465316
9044,-0.076324850320816
9045,-0.0649170652031898
9046,-0.0974116697907447
9047,-0.0772253200411796
9048,-0.0697563737630844
9049,-0.042890727519989
9050,-0.0535480491816997
9051,-0.0568613074719905
9052,-0.0764135271310806
9053,-0.0697714313864708
9054,-0.0825676620006561
9055,-0.0595377869904041
9056,-0.1143517643213272
9057,-0.0700907558202743
9058,-0.0546325370669364
9059,-0.0639867633581161
9060,-0.070210263133049
9061,-0.0596163421869277
9062,-0.0647919327020645
9063,-0.0783128067851066
9064,-0.0722462609410286
9065,-0.0632311776280403
9066,-0.0731021761894226
9067,-0.0764324516057968
9068,-0.0646302998065948
9069,-0.1077925041317939
9070,-0.0793226510286331
9071,-0.0424906760454177
9072,-0.1129159405827522
9073,-0.0874356925487518
9074,-0.0490435250103473
9075,-0.0643425956368446
9076,-0.0856197625398635
9077,-0.0883690640330314
9078,-0.0227114222943782
9079,-0.0384909845888614
9080,-0.0563484616577625
9081,-0.0752873495221138
9082,-0.0859517231583595
9083,-0.0415166392922401
9084,-0.0729939118027687
9085,-0.0671273544430732
9086,-0.0667197555303573
9087,-0.0497038029134273
9088,-0.0799134448170661
9089,-0.0695094466209411
9090,-0.0733671262860298
9091,-0.0957492217421531
9092,-0.029824549332261
9093,-0.064127430319786
9094,-0.0540489107370376
9095,-0.027363421395421
9096,-0.0736510157585144
9097,-0.0329387001693248
9098,-0.0856004282832145
9099,-0.0768219679594039
9100,-0.0733830481767654
9101,-0.0688724145293235
9102,-0.0948352888226509
9103,-0.0306750014424324
9104,-0.0673154443502426
9105,-0.0703928098082542
9106,-0.0436541140079498
9107,-0.0832636877894401
9108,-0.0412718467414379
9109,-0.0586370229721069
9110,-0.0869827196002006
9111,-0.0577057003974914
9112,-0.0599826648831367
9113,-0.0446991808712482
9114,-0.0357577688992023
9115,-0.0651716291904449
9116,-0.0846758708357811
9117,-0.0423049814999103
9118,-0.0264759641140699
9119,-0.0733693689107894
9120,-0.0741905942559242
9121,-0.0637201443314552
9122,-0.0600380450487136
9123,-0.0368227623403072
9124,-0.0613015294075012
9125,-0.0711384564638137
9126,-0.0697597414255142
9127,-0.0820892229676246
9128,-0.0678015574812889
9129,-0.0735083520412445
9130,-0.0660247057676315
9131,-0.0829562693834304
9132,-0.044223703444004
9133,-0.0877822637557983
9134,-0.0373020954430103
9135,-0.048844788223505
9136,-0.0813323259353637
9137,-0.0831572711467742
9138,-0.0913690403103828
9139,-0.058841161429882
9140,-0.0857249870896339
9141,-0.0697309970855712
9142,-0.0942013710737228
9143,-0.0735503882169723
9144,-0.0749506056308746
9145,-0.0745653584599495
9146,-0.0501404330134391
9147,-0.0806774869561195
9148,-0.0570297911763191
9149,-0.05665859952569
9150,-0.0875298455357551
9151,-0.0746461153030395
9152,-0.0680217742919921
9153,-0.0738276541233062
9154,-0.0632744207978248
9155,-0.1018788591027259
9156,-0.0509961135685443
9157,-0.0226546619087457
9158,-0.0868268385529518
9159,-0.0247773211449384
9160,-0.0513760596513748
9161,-0.0446587987244129
9162,-0.0818499103188514
9163,-0.0896946117281913
9164,-0.0764394626021385
9165,-0.024970855563879
9166,-0.0532786026597023
9167,-0.0895896106958389
9168,-0.0993464291095733
9169,-0.0513962842524051
9170,-0.0446110628545284
9171,-0.0916412845253944
9172,-0.0589121058583259
9173,-0.0529428943991661
9174,-0.0744979456067085
9175,-0.0531399436295032
9176,-0.0464994199573993
9177,-0.0715239867568016
9178,-0.0832428485155105
9179,-0.1003980189561843
9180,-0.0792972818017005
9181,-0.078013576567173
9182,-0.0884623005986213
9183,-0.0780150145292282
9184,-0.0437137186527252
9185,-0.0800450891256332
9186,-0.0527345761656761
9187,-0.0514823645353317
9188,-0.0733785405755043
9189,-0.0620907135307788
9190,-0.0902909263968467
9191,-0.0953811407089233
9192,-0.0901742652058601
9193,-0.0752210691571235
9194,-0.0665474236011505
9195,-0.0750280395150184
9196,-0.0901236310601234
9197,-0.0400916747748851
9198,-0.0622990056872367
9199,-0.0719087272882461
9200,-0.0832927972078323
9201,-0.0715272203087806
9202,-0.0897431299090385
9203,-0.083607293665409
9204,-0.0558592416346073
9205,-0.0548898726701736
9206,-0.0470467209815979
9207,-0.0400645472109317
9208,-0.096101701259613
9209,-0.0405555181205272
9210,-0.0570171400904655
9211,-0.0417007505893707
9212,-0.0943269357085228
9213,-0.0814580768346786
9214,-0.0924868062138557
9215,-0.0354402549564838
9216,-0.0571094900369644
9217,-0.0355825908482074
9218,-0.0673257485032081
9219,-0.079397477209568
9220,-0.0770232006907463
9221,-0.0527760237455368
9222,-0.0104423528537154
9223,-0.0856024920940399
9224,-0.0502436943352222
9225,-0.0639976635575294
9226,-0.0796123296022415
9227,-0.0908897817134857
9228,-0.0948230922222137
9229,-0.0639689937233924
9230,-0.0493349358439445
9231,-0.0695879012346267
9232,-0.0957349836826324
9233,-0.0217841565608978
9234,-0.0781676098704338
9235,-0.0595656111836433
9236,-0.0722960606217384
9237,-0.0814935937523841
9238,-0.0798701345920562
9239,-0.0557962581515312
9240,-0.0824327245354652
9241,-0.0602293871343135
9242,-0.0741190090775489
9243,-0.0779305696487426
9244,-0.0521568730473518
9245,-0.0624332763254642
9246,-0.0884855613112449
9247,-0.0927386283874511
9248,-0.0463225394487381
9249,-0.0653596892952919
9250,-0.0603129751980304
9251,-0.0784242376685142
9252,-0.0753120481967926
9253,-0.053460244089365
9254,-0.0812605395913124
9255,-0.0698299333453178
9256,-0.0431006401777267
9257,-0.0709733515977859
9258,-0.111871413886547
9259,-0.0779791101813316
9260,-0.0961355865001678
9261,-0.0475381091237068
9262,-0.0577465817332267
9263,-0.0690484419465065
9264,-0.0726264715194702
9265,-0.0880840867757797
9266,-0.0699154064059257
9267,-0.0554619655013084
9268,-0.0591143704950809
9269,-0.0591669343411922
9270,-0.0745497941970825
9271,-0.0800628736615181
9272,-0.0464266128838062
9273,-0.0358922742307186
9274,-0.0741001740097999
9275,-0.0290306750684976
9276,-0.0383290387690067
9277,-0.0463920421898365
9278,-0.0804228335618972
9279,-0.0526915565133094
9280,-0.0602378323674202
9281,-0.0491515174508094
9282,-0.0626141354441642
9283,-0.0448497869074344
9284,-0.0128908278420567
9285,-0.0729110017418861
9286,-0.093974269926548
9287,-0.0435534156858921
9288,-0.0499592013657093
9289,-0.0598468855023384
9290,-0.0634218901395797
9291,-0.0619243197143077
9292,-0.0991733893752098
9293,-0.0701424852013588
9294,-0.0922776684165
9295,-0.054416686296463
9296,-0.0725034475326538
9297,-0.0870899632573127
9298,-0.046070922166109
9299,-0.0931547656655311
9300,-0.07663444429636
9301,-0.0488291308283805
9302,-0.0261509083211421
9303,-0.0666298046708107
9304,-0.0846939980983734
9305,-0.0781788825988769
9306,-0.0966792255640029
9307,-0.0686647519469261
9308,-0.099223606288433
9309,-0.0743184685707092
9310,-0.0978956371545791
9311,-0.0534086562693119
9312,-0.0950460359454155
9313,-0.0303598176687955
9314,-0.0766356587409973
9315,-0.0872401148080825
9316,-0.0624974183738231
9317,-0.0908338502049446
9318,-0.0775450319051742
9319,-0.0494355075061321
9320,-0.0342449620366096
9321,-0.0676122307777404
9322,-0.066915325820446
9323,-0.0752940475940704
9324,-0.0616458468139171
9325,-0.0786726325750351
9326,-0.07317416369915
9327,-0.0699837580323219
9328,-0.0649297684431076
9329,-0.0735517144203186
9330,-0.0755102038383483
9331,-0.0490331575274467
9332,-0.0199443344026803
9333,-0.0875406041741371
9334,-0.0818076580762863
9335,-0.0783542543649673
9336,-0.06663379073143
9337,-0.0568910576403141
9338,-0.0675099864602088
9339,-0.0751338526606559
9340,-0.0715770944952964
9341,-0.0484428070485591
9342,-0.0693413540720939
9343,-0.0664758160710334
9344,-0.0501013994216918
9345,-0.081410676240921
9346,-0.0610046796500682
9347,-0.0549642816185951
9348,-0.0240617729723453
9349,-0.0830372720956802
9350,-0.0577277354896068
9351,-0.0771651640534401
9352,-0.0793354585766792
9353,-0.0731396824121475
9354,-0.0739869996905326
9355,-0.0545160360634326
9356,-0.0457444489002227
9357,-0.0276210438460111
9358,-0.0687224045395851
9359,-0.0636596977710723
9360,-0.0586260296404361
9361,-0.0965216904878616
9362,-0.0497243665158748
9363,-0.0955310240387916
9364,-0.0479996986687183
9365,-0.0123481331393122
9366,-0.0454683899879455
9367,-0.0518327951431274
9368,-0.0680328607559204
9369,-0.0566098429262638
9370,-0.0700808688998222
9371,-0.0174734871834516
9372,-0.0694162994623184
9373,-0.0416763052344322
9374,-0.0784571468830108
9375,-0.0892563164234161
9376,-0.0375738181173801
9377,-0.0331473350524902
9378,-0.0732186585664749
9379,-0.0917618572711944
9380,-0.0553175471723079
9381,-0.060889832675457
9382,-0.0917561203241348
9383,-0.023918580263853
9384,-0.0837728604674339
9385,-0.0780181884765625
9386,-0.0376639403402805
9387,-0.0793471857905387
9388,-0.0485847331583499
9389,-0.0734537094831466
9390,-0.0351917408406734
9391,-0.0774529352784156
9392,-0.0775552168488502
9393,-0.0857303142547607
9394,-0.0335196033120155
9395,-0.0326199121773242
9396,-0.0650948137044906
9397,-0.0743803530931472
9398,-0.0723200589418411
9399,-0.0611449219286441
9400,-0.0694441944360733
9401,-0.0588604100048542
9402,-0.0844496637582779
9403,-0.0622338987886905
9404,-0.0672954320907592
9405,-0.0895821899175643
9406,-0.008119230158627
9407,-0.0575388744473457
9408,-0.0309095345437526
9409,-0.0528623275458812
9410,-0.0762248411774635
9411,-0.0371650196611881
9412,-0.0861260518431663
9413,-0.0852825120091438
9414,-0.0518793798983097
9415,-0.0465558394789695
9416,-0.085976630449295
9417,-0.0994787290692329
9418,-0.079982541501522
9419,-0.0726461112499237
9420,-0.0598064325749874
9421,-0.0738588944077491
9422,-0.0608250834047794
9423,-0.0657327324151992
9424,-0.0981916934251785
9425,-0.0522338338196277
9426,-0.036811213940382
9427,-0.0883087590336799
9428,-0.0301984082907438
9429,-0.0099607603624463
9430,-0.0616390518844127
9431,-0.0490548759698867
9432,-0.0456047318875789
9433,-0.0744513049721717
9434,-0.0535945110023021
9435,-0.0845417156815528
9436,-0.0647270828485488
9437,-0.0742595642805099
9438,-0.1227418854832649
9439,-0.0464392490684986
9440,-0.0714699253439903
9441,-0.0569444447755813
9442,-0.0846636146306991
9443,-0.0768876150250434
9444,-0.0721520408987999
9445,-0.060815904289484
9446,-0.0265834666788578
9447,-0.0819830074906349
9448,-0.0455013252794742
9449,-0.0809215083718299
9450,-0.0741569772362709
9451,-0.0883506834506988
9452,-0.0323490314185619
9453,-0.0524039082229137
9454,-0.0249705985188484
9455,-0.0793686881661415
9456,-0.0569896101951599
9457,-0.0726364627480506
9458,-0.0833815261721611
9459,-0.0750724449753761
9460,-0.0808495357632637
9461,-0.0956895276904106
9462,-0.0612608976662159
9463,-0.0617028139531612
9464,-0.0796915888786315
9465,-0.0746807307004928
9466,-0.0784099772572517
9467,-0.0806571021676063
9468,-0.0475571900606155
9469,-0.0164962969720363
9470,-0.0541890934109687
9471,-0.0719635933637619
9472,-0.0666638314723968
9473,-0.0606423690915107
9474,-0.0298972930759191
9475,-0.0613723583519458
9476,-0.0818593278527259
9477,-0.0726230889558792
9478,-0.0575992465019226
9479,-0.020062768831849
9480,-0.0799246802926063
9481,-0.085353709757328
9482,-0.0223132278770208
9483,-0.0491733364760875
9484,-0.076385386288166
9485,-0.0615465193986892
9486,-0.0710622817277908
9487,-0.063231348991394
9488,-0.0446783825755119
9489,-0.0587120838463306
9490,-0.0709796920418739
9491,-0.0508095137774944
9492,-0.0713749900460243
9493,-0.0889226719737052
9494,-0.04918172955513
9495,-0.0602260418236255
9496,-0.0813372805714607
9497,-0.0800931453704834
9498,-0.0814703777432441
9499,-0.0622762851417064
9500,-0.0818828791379928
9501,-0.0692808702588081
9502,-0.073964700102806
9503,-0.0781580358743667
9504,-0.029475774616003
9505,-0.0765615776181221
9506,-0.0620663352310657
9507,-0.0909624993801117
9508,-0.0738676339387893
9509,-0.0903120785951614
9510,-0.0621419809758663
9511,-0.0802664533257484
9512,-0.0452999360859394
9513,-0.0527203381061553
9514,-0.093178667128086
9515,-0.0394688174128532
9516,-0.0606329180300235
9517,-0.0724749416112899
9518,-0.0555454529821872
9519,-0.0362222753465175
9520,-0.0985776185989379
9521,-0.0265513062477111
9522,-0.0678212270140647
9523,-0.065905749797821
9524,-0.078491598367691
9525,-0.0634065419435501
9526,-0.0759046077728271
9527,-0.0901373997330665
9528,-0.0406497307121753
9529,-0.0458491183817386
9530,-0.0731260776519775
9531,-0.0170749276876449
9532,-0.0281745661050081
9533,-0.0680860877037048
9534,-0.0579298287630081
9535,-0.076573371887207
9536,-0.0482574999332428
9537,-0.0665047317743301
9538,-0.065589316189289
9539,-0.0882504135370254
9540,-0.0465292744338512
9541,-0.0108601143583655
9542,-0.0709291249513626
9543,-0.070628210902214
9544,-0.0402910597622394
9545,-0.0838828533887863
9546,-0.0752156153321266
9547,-0.0667361691594123
9548,-0.0811214819550514
9549,-0.0476042702794075
9550,-0.075574904680252
9551,-0.0740641728043556
9552,-0.0758927166461944
9553,-0.0613708905875682
9554,-0.0654107630252838
9555,-0.0305129718035459
9556,-0.0198712386190891
9557,-0.0415977388620376
9558,-0.051789853721857
9559,-0.067677691578865
9560,-0.0734896957874298
9561,-0.055815577507019
9562,-0.0860500410199165
9563,-0.0742871537804603
9564,-0.0558633394539356
9565,-0.0319668091833591
9566,-0.0394778661429882
9567,-0.0977572649717331
9568,-0.0705691576004028
9569,-0.101043976843357
9570,-0.0709404721856117
9571,-0.0895860567688942
9572,-0.0728707164525985
9573,-0.0854663029313087
9574,-0.0897193849086761
9575,-0.0759062990546226
9576,-0.0637193247675895
9577,-0.0330839753150939
9578,-0.0498835183680057
9579,-0.0398437269032001
9580,-0.0658761113882064
9581,-0.0477176569402217
9582,-0.079492412507534
9583,-0.0439959652721881
9584,-0.0569387227296829
9585,-0.0557043105363845
9586,-0.0087097585201263
9587,-0.0749657228589057
9588,-0.0611507482826709
9589,-0.060513325035572
9590,-0.0761926770210266
9591,-0.0557645037770271
9592,-0.0767655372619628
9593,-0.057277575135231
9594,-0.0799517631530761
9595,-0.0624497272074222
9596,-0.0596232302486896
9597,-0.0682112574577331
9598,-0.0631356239318847
9599,-0.0826537981629371
9600,-0.0444589219987392
9601,-0.0805925726890564
9602,-0.0264695957303047
9603,-0.0386964417994022
9604,-0.05713801831007
9605,-0.0731545537710189
9606,-0.0671445652842521
9607,-0.0340953283011913
9608,-0.0759543552994728
9609,-0.0531295388936996
9610,-0.0347020924091339
9611,-0.0770587399601936
9612,-0.0830484479665756
9613,-0.0621529556810855
9614,-0.0253869108855724
9615,-0.0622653439640998
9616,-0.0760317668318748
9617,-0.0674635171890258
9618,-0.1059885621070861
9619,-0.0668604746460914
9620,-0.023760775104165
9621,-0.0232448372989892
9622,-0.1081924811005592
9623,-0.0487657450139522
9624,-0.0725181922316551
9625,-0.0756905078887939
9626,-0.1225498542189598
9627,-0.0710037276148796
9628,-0.0692464336752891
9629,-0.0522087700664997
9630,-0.0748705640435218
9631,-0.0872481763362884
9632,-0.0696239620447158
9633,-0.0677163302898407
9634,-0.0421887189149856
9635,-0.0544142611324787
9636,-0.0919963419437408
9637,-0.0793967396020889
9638,-0.061689656227827
9639,-0.0816938802599906
9640,-0.0615488104522228
9641,-0.0786503329873085
9642,-0.0844139382243156
9643,-0.090711772441864
9644,-0.0682552903890609
9645,-0.0812716856598854
9646,-0.0761972218751907
9647,-0.0344232581555843
9648,-0.0700816437602043
9649,-0.0736959427595138
9650,-0.0747823342680931
9651,-0.0752447247505188
9652,-0.0612798854708671
9653,-0.1044924035668373
9654,-0.0802798271179199
9655,-0.0732571706175804
9656,-0.0527954585850238
9657,-0.1072676107287406
9658,-0.0316620133817195
9659,-0.0686220899224281
9660,-0.0474498383700847
9661,-0.0418579690158367
9662,-0.0521247573196888
9663,-0.0523166134953498
9664,-0.0361141748726367
9665,-0.060731928795576
9666,-0.0750807002186775
9667,-0.0584009625017643
9668,-0.0710453540086746
9669,-0.0414175689220428
9670,-0.0399019531905651
9671,-0.0668771341443061
9672,-0.074778713285923
9673,-0.0562791153788566
9674,-0.0100727695971727
9675,-0.0668976455926895
9676,-0.073174737393856
9677,-0.057714819908142
9678,-0.0940196812152862
9679,-0.0691418424248695
9680,-0.0602033287286758
9681,-0.0490304492413997
9682,-0.067483365535736
9683,-0.075967289507389
9684,-0.0467515811324119
9685,-0.0484086088836193
9686,-0.0568262599408626
9687,-0.094157226383686
9688,-0.0668896213173866
9689,-0.0769484713673591
9690,-0.078701801598072
9691,-0.0721275806427002
9692,-0.0476553961634635
9693,-0.0720155537128448
9694,-0.0560011751949787
9695,-0.0764059498906135
9696,-0.1111994087696075
9697,-0.0961298197507858
9698,-0.0792343840003013
9699,-0.0859793797135353
9700,-0.0949823036789894
9701,-0.0526445098221302
9702,-0.0175349824130535
9703,-0.033848337829113
9704,-0.0642429888248443
9705,-0.0735923200845718
9706,-0.0189702119678258
9707,-0.0516904778778553
9708,-0.0732979848980903
9709,-0.0722203031182289
9710,-0.0273406524211168
9711,-0.0742434188723564
9712,-0.0263288021087646
9713,-0.0763902813196182
9714,-0.0438839830458164
9715,-0.0826051831245422
9716,-0.0758700147271156
9717,-0.0720463097095489
9718,-0.0922935381531715
9719,-0.007976078428328
9720,-0.070547915995121
9721,-0.0560764223337173
9722,-0.069618783891201
9723,-0.0782135277986526
9724,-0.0568088106811046
9725,-0.0851716771721839
9726,-0.0922016650438308
9727,-0.0535122826695442
9728,-0.0662354826927185
9729,-0.0793895870447158
9730,-0.05707922950387
9731,-0.0635807290673255
9732,-0.033964455127716
9733,-0.0548682808876037
9734,-0.0608694702386856
9735,-0.0563866384327411
9736,-0.0415181443095207
9737,-0.0669998377561569
9738,-0.0754860416054725
9739,-0.071278229355812
9740,-0.0597161315381526
9741,-0.0459124632179737
9742,-0.0702368691563606
9743,-0.0194393675774335
9744,-0.078698992729187
9745,-0.0693031921982765
9746,-0.0401624329388141
9747,-0.0642006769776344
9748,-0.0834675356745719
9749,-0.0499410331249237
9750,-0.0594671554863452
9751,-0.0797388553619384
9752,-0.0711655989289283
9753,-0.0517145879566669
9754,-0.0619766190648078
9755,-0.0815753117203712
9756,-0.0943791791796684
9757,-0.0351010486483573
9758,-0.0695166885852813
9759,-0.0522942617535591
9760,-0.0604474544525146
9761,-0.0655602365732193
9762,-0.0946961566805839
9763,-0.0743444561958313
9764,-0.060340192168951
9765,-0.0417055562138557
9766,-0.0776410102844238
9767,-0.0768318101763725
9768,-0.0450269766151905
9769,-0.0898491814732551
9770,-0.0747851878404617
9771,-0.0126751782372593
9772,-0.0324619561433792
9773,-0.0986888483166694
9774,-0.041635625064373
9775,-0.0481582917273044
9776,-0.0956442728638649
9777,-0.0098302345722913
9778,-0.0866714492440223
9779,-0.0507059656083583
9780,-0.0702429190278053
9781,-0.0445364452898502
9782,-0.087542325258255
9783,-0.0234473478049039
9784,-0.0740504041314125
9785,-0.0726136341691017
9786,-0.0658326745033264
9787,-0.0800950899720192
9788,-0.0349727235734462
9789,-0.1012647151947021
9790,-0.0495135486125946
9791,-0.0670191198587417
9792,-0.0730555355548858
9793,-0.0983611196279525
9794,-0.009405349381268
9795,-0.028287461027503
9796,-0.0389548540115356
9797,-0.0602369308471679
9798,-0.0503532402217388
9799,-0.0763653293251991
9800,-0.0695361271500587
9801,-0.0529878139495849
9802,-0.0725283995270729
9803,-0.0767689645290374
9804,-0.0554242096841335
9805,-0.0672299712896347
9806,-0.077864833176136
9807,-0.0571624562144279
9808,-0.0423832088708877
9809,-0.0748867616057396
9810,-0.0470281578600406
9811,-0.0745295062661171
9812,-0.0389484986662864
9813,-0.0671841129660606
9814,-0.0695788636803627
9815,-0.0885591283440589
9816,-0.0758033022284507
9817,-0.0575383119285106
9818,-0.0579053647816181
9819,-0.103523351252079
9820,-0.0489213727414608
9821,-0.0658206567168235
9822,-0.0740579739212989
9823,-0.0935889706015586
9824,-0.0734960883855819
9825,-0.0698878392577171
9826,-0.0531875677406787
9827,-0.078367993235588
9828,-0.0670938491821289
9829,-0.0172466002404689
9830,-0.0832584872841835
9831,-0.0266970042139291
9832,-0.0723465085029602
9833,-0.0692866221070289
9834,-0.0426477380096912
9835,-0.0655752271413803
9836,-0.0785038098692894
9837,-0.0797123834490776
9838,-0.0934928134083747
9839,-0.0953336134552955
9840,-0.0506247729063034
9841,-0.0770923271775245
9842,-0.0801926255226135
9843,-0.0274065267294645
9844,-0.0531953498721122
9845,-0.0085776485502719
9846,-0.070319727063179
9847,-0.0786240547895431
9848,-0.0645219087600708
9849,-0.1153575181961059
9850,-0.0848300233483314
9851,-0.0757829397916793
9852,-0.0754735097289085
9853,-0.0762403160333633
9854,-0.0880541279911995
9855,-0.0484172590076923
9856,-0.0242367088794708
9857,-0.039652656763792
9858,-0.0582322217524051
9859,-0.0574272014200687
9860,-0.0771653652191162
9861,-0.0762992277741432
9862,-0.0935321003198623
9863,-0.075347326695919
9864,-0.0525964386761188
9865,-0.0791814029216766
9866,-0.0754250064492225
9867,-0.0701844543218612
9868,-0.0407841056585311
9869,-0.0757788866758346
9870,-0.0921317636966705
9871,-0.0473837107419967
9872,-0.0714573860168457
9873,-0.0149810658767819
9874,-0.0817594975233078
9875,-0.0611710436642169
9876,-0.0870325937867164
9877,-0.064918078482151
9878,-0.0288006272166967
9879,-0.0765638723969459
9880,-0.0785646364092826
9881,-0.0814059972763061
9882,-0.1231146678328514
9883,-0.0749954059720039
9884,-0.0654105693101883
9885,-0.0687386617064476
9886,-0.0572012662887573
9887,-0.0546995289623737
9888,-0.0910863876342773
9889,-0.0827818885445594
9890,-0.1250762641429901
9891,-0.1011780127882957
9892,-0.0709704011678695
9893,-0.0385673977434635
9894,-0.0931329056620597
9895,-0.0768712535500526
9896,-0.0659994557499885
9897,-0.0669209733605384
9898,-0.0212599281221628
9899,-0.0801141634583473
9900,-0.0898379683494567
9901,-0.0437010414898395
9902,-0.024250341579318
9903,-0.0408397018909454
9904,-0.0648950114846229
9905,-0.0325664021074771
9906,-0.093411736190319
9907,-0.0721204131841659
9908,-0.0689695179462432
9909,-0.0838757455348968
9910,-0.0461236238479614
9911,-0.0720088258385658
9912,-0.0693506151437759
9913,-0.0748481824994087
9914,-0.0447423420846462
9915,-0.0783552601933479
9916,-0.0784302502870559
9917,-0.0299450159072875
9918,-0.0843200236558914
9919,-0.07317466288805
9920,-0.0526715777814388
9921,-0.0471826195716857
9922,-0.1045525595545768
9923,-0.0732282176613807
9924,-0.0651034861803054
9925,-0.08123030513525
9926,-0.0562477894127368
9927,-0.0332953408360481
9928,-0.0777854099869728
9929,-0.0635365545749664
9930,-0.0499206781387329
9931,-0.0601281076669693
9932,-0.0174606814980506
9933,-0.0839342251420021
9934,-0.0129440175369381
9935,-0.0368928201496601
9936,-0.078677125275135
9937,-0.0676714181900024
9938,-0.011677948758006
9939,-0.0698130279779434
9940,-0.0428206920623779
9941,-0.0859768092632293
9942,-0.0735746622085571
9943,-0.0348016321659088
9944,-0.0918426662683487
9945,-0.0540844090282917
9946,-0.0444972440600395
9947,-0.0393406637012958
9948,-0.0727758035063743
9949,-0.0819494947791099
9950,-0.0441006198525428
9951,-0.0552590079605579
9952,-0.08961883187294
9953,-0.0372434966266155
9954,-0.1234989687800407
9955,-0.0368921160697937
9956,-0.0538377948105335
9957,-0.0545507557690143
9958,-0.0506366193294525
9959,-0.0735150128602981
9960,-0.0282093659043312
9961,-0.0465950928628444
9962,-0.0531885810196399
9963,-0.0803920179605484
9964,-0.0634520426392555
9965,-0.0280109122395515
9966,-0.0724058523774147
9967,-0.040777675807476
9968,-0.0622345097362995
9969,-0.0634684637188911
9970,-0.0514690950512886
9971,-0.0100896405056118
9972,-0.0726206749677658
9973,-0.0624112412333488
9974,-0.0493109039962291
9975,-0.0812043994665145
9976,-0.085221491754055
9977,-0.0192402657121419
9978,-0.0651861205697059
9979,-0.0441741421818733
9980,-0.0689386278390884
9981,-0.0914763584733009
9982,-0.0646043345332145
9983,-0.0969724431633949
9984,-0.0472577139735221
9985,-0.0503487177193164
9986,-0.0692759305238723
9987,-0.1107518970966339
9988,-0.0304955672472715
9989,-0.1031916067004203
9990,-0.0721484646201133
9991,-0.035604290664196
9992,-0.0790698081254959
9993,-0.0752288550138473
9994,-0.0679650455713272
9995,-0.0818400681018829
9996,-0.0753223374485969
9997,-0.0627847015857696
9998,-0.0675071850419044
9999,-0.0699917376041412
10000,-0.0327425934374332
10001,-0.043093416839838
10002,-0.0533800348639488
10003,-0.0528187938034534
10004,-0.0252966489642858
10005,-0.0795132890343666
10006,-0.0702263936400413
10007,-0.0984489470720291
10008,-0.0704388171434402
10009,-0.0468784421682357
10010,-0.0567451603710651
10011,-0.048004824668169
10012,-0.0815992727875709
10013,-0.0744611620903015
10014,-0.0336592532694339
10015,-0.0596491247415542
10016,-0.0758338794112205
10017,-0.0554771833121776
10018,-0.0639283955097198
10019,-0.0725642219185829
10020,-0.0388024151325225
10021,-0.0676488429307937
10022,-0.0394398123025894
10023,-0.0393973514437675
10024,-0.0744213610887527
10025,-0.0614405758678913
10026,-0.0772485360503196
10027,-0.0624534040689468
10028,-0.0437186434864997
10029,-0.0676881447434425
10030,-0.0569683201611042
10031,-0.0496619082987308
10032,-0.0697726607322692
10033,-0.0259704105556011
10034,-0.0140742762014269
10035,-0.0463977269828319
10036,-0.0404639728367328
10037,-0.0718460083007812
10038,-0.0319573655724525
10039,-0.0634407550096511
10040,-0.0821878910064697
10041,-0.0978968292474746
10042,-0.069437451660633
10043,-0.0826886966824531
10044,-0.0621669180691242
10045,-0.104364313185215
10046,-0.0726911500096321
10047,-0.0412465035915374
10048,-0.0237451959401369
10049,-0.0677342787384986
10050,-0.0697912946343422
10051,-0.0430586747825145
10052,-0.0497033186256885
10053,-0.08017498254776
10054,-0.0646395683288574
10055,-0.034277893602848
10056,-0.0734350904822349
10057,-0.0872562751173973
10058,-0.0313199050724506
10059,-0.0284885764122009
10060,-0.0529219135642051
10061,-0.08282982558012
10062,-0.0808276981115341
10063,-0.0454518981277942
10064,-0.0497527904808521
10065,-0.0274887457489967
10066,-0.0649541988968849
10067,-0.0894446745514869
10068,-0.0686048045754432
10069,-0.04627475887537
10070,-0.0149947851896286
10071,-0.0136412484571337
10072,-0.096047505736351
10073,-0.0334290936589241
10074,-0.0502411611378192
10075,-0.0990994945168495
10076,-0.0765018239617347
10077,-0.0955446362495422
10078,-0.0440939217805862
10079,-0.0271491054445505
10080,-0.0580559112131595
10081,-0.0807155445218086
10082,-0.0619226768612861
10083,-0.0472257509827613
10084,-0.0900465101003646
10085,-0.0764500498771667
10086,-0.071104846894741
10087,-0.1015962064266204
10088,-0.0433387048542499
10089,-0.0823167711496353
10090,-0.0573027618229389
10091,-0.0802984312176704
10092,-0.0733568295836448
10093,-0.0840024128556251
10094,-0.0564611703157424
10095,-0.0690401643514633
10096,-0.066357672214508
10097,-0.0694236457347869
10098,-0.0798918381333351
10099,-0.0925333872437477
10100,-0.0479002743959426
10101,-0.093451976776123
10102,-0.036757793277502
10103,-0.0470311902463436
10104,-0.0430842563509941
10105,-0.0556412525475025
10106,-0.0364237986505031
10107,-0.0749209746718406
10108,-0.0701818838715553
10109,-0.0146651538088917
10110,-0.0442353598773479
10111,-0.068066120147705
10112,-0.0412399321794509
10113,-0.0295594502240419
10114,-0.0828742831945419
10115,-0.0215215049684047
10116,-0.0515054799616336
10117,-0.0490353591740131
10118,-0.0577490404248237
10119,-0.0742151886224746
10120,-0.0504673607647419
10121,-0.0581175237894058
10122,-0.0409445092082023
10123,-0.0597236640751361
10124,-0.0535231903195381
10125,-0.0389660857617855
10126,-0.0725905373692512
10127,-0.072358563542366
10128,-0.0836260840296745
10129,-0.0637858361005783
10130,-0.0795605555176734
10131,-0.0532536171376705
10132,-0.0593243837356567
10133,-0.0646558180451393
10134,-0.079366385936737
10135,-0.0398653037846088
10136,-0.1051326170563697
10137,-0.069417618215084
10138,-0.0611732862889766
10139,-0.0409143418073654
10140,-0.0458504073321819
10141,-0.0769673287868499
10142,-0.0636859983205795
10143,-0.0821587517857551
10144,-0.080002523958683
10145,-0.0876873955130577
10146,-0.0713505670428276
10147,-0.0338202714920043
10148,-0.0733851790428161
10149,-0.0658949986100196
10150,-0.0609234720468521
10151,-0.0553184896707534
10152,-0.0820094645023346
10153,-0.1015518307685852
10154,-0.0442566908895969
10155,-0.0315778739750385
10156,-0.0794259458780288
10157,-0.0802419707179069
10158,-0.0831139907240867
10159,-0.0919910743832588
10160,-0.0571864433586597
10161,-0.0757385566830635
10162,-0.0310125052928924
10163,-0.0470866374671459
10164,-0.0926073268055915
10165,-0.0815920829772949
10166,-0.0615089200437068
10167,-0.07610934227705
10168,-0.0463883765041828
10169,-0.0713720321655273
10170,-0.0488188378512859
10171,-0.0772673413157463
10172,-0.0678395926952362
10173,-0.0817781388759613
10174,-0.0697536841034889
10175,-0.0559323690831661
10176,-0.0818924233317375
10177,-0.0742033496499061
10178,-0.0923527479171752
10179,-0.0843363776803016
10180,-0.0334060341119766
10181,-0.0711454525589943
10182,-0.0825110673904419
10183,-0.0784117057919502
10184,-0.0758985877037048
10185,-0.063203141093254
10186,-0.0810889676213264
10187,-0.0855389982461929
10188,-0.080251969397068
10189,-0.0593111775815486
10190,-0.0722335427999496
10191,-0.0562602691352367
10192,-0.0805924460291862
10193,-0.0769349560141563
10194,-0.0554505735635757
10195,-0.0699070170521736
10196,-0.0681431740522384
10197,-0.0577083975076675
10198,-0.0802793577313423
10199,-0.0628429949283599
10200,-0.0478544831275939
10201,-0.0579644851386547
10202,-0.0164073910564184
10203,-0.0807179436087608
10204,-0.0556817315518856
10205,-0.0225512590259313
10206,-0.0764052793383598
10207,-0.0731662511825561
10208,-0.0389107726514339
10209,-0.0596508979797363
10210,-0.0646575540304184
10211,-0.0705939307808876
10212,-0.0865660682320594
10213,-0.0932078883051872
10214,-0.0325862504541873
10215,-0.0872784331440925
10216,-0.0716708377003669
10217,-0.0636841431260109
10218,-0.0525850839912891
10219,-0.1294300109148025
10220,-0.0553106814622879
10221,-0.1078600883483886
10222,-0.0166413765400648
10223,-0.0388783402740955
10224,-0.0392763167619705
10225,-0.0704191699624061
10226,-0.0648342370986938
10227,-0.0579474493861198
10228,-0.0587901212275028
10229,-0.0455362312495708
10230,-0.0269120428711175
10231,-0.078804537653923
10232,-0.0755685716867446
10233,-0.0628521367907524
10234,-0.0721600353717804
10235,-0.031122887507081
10236,-0.0346897915005683
10237,-0.0517819114029407
10238,-0.0596982389688491
10239,-0.0692593231797218
10240,-0.0824823901057243
10241,-0.0985690876841545
10242,-0.0409133918583393
10243,-0.0367642380297184
10244,-0.0504071973264217
10245,-0.0552169866859912
10246,-0.0126364650204777
10247,-0.0379618294537067
10248,-0.0259409490972757
10249,-0.0859356075525283
10250,-0.0993956550955772
10251,-0.0582875534892082
10252,-0.0190068744122982
10253,-0.0541090853512287
10254,-0.0529673844575881
10255,-0.079594038426876
10256,-0.0902494415640831
10257,-0.0718912929296493
10258,-0.0567470975220203
10259,-0.0612365938723087
10260,-0.0585746355354785
10261,-0.0586919784545898
10262,-0.0725141987204551
10263,-0.0944262146949768
10264,-0.0753430649638176
10265,-0.0817176923155784
10266,-0.0371542572975158
10267,-0.0639221519231796
10268,-0.0657692849636077
10269,-0.0396032147109508
10270,-0.100282073020935
10271,-0.0455169156193733
10272,-0.0499778725206851
10273,-0.0817269757390022
10274,-0.0566124320030212
10275,-0.0405097305774688
10276,-0.0612307973206043
10277,-0.0646536201238632
10278,-0.0415805168449878
10279,-0.0542030818760395
10280,-0.0298034287989139
10281,-0.0422471724450588
10282,-0.029307659715414
10283,-0.0538877062499523
10284,-0.0493423603475093
10285,-0.0837099328637123
10286,-0.0708840191364288
10287,-0.0616875626146793
10288,-0.0932749286293983
10289,-0.0666714459657669
10290,-0.0913859382271766
10291,-0.0582810044288635
10292,-0.0852419435977935
10293,-0.0827415287494659
10294,-0.0359303317964077
10295,-0.0664690136909484
10296,-0.0456517897546291
10297,-0.0325900204479694
10298,-0.0845314413309097
10299,-0.038556020706892
10300,-0.0815064907073974
10301,-0.04979233071208
10302,-0.0388629361987113
10303,-0.0896003693342208
10304,-0.0811040475964546
10305,-0.0413652956485748
10306,-0.0422752313315868
10307,-0.0796131119132042
10308,-0.0800603255629539
10309,-0.0994226485490799
10310,-0.082430325448513
10311,-0.0651474446058273
10312,-0.053154818713665
10313,-0.0718616098165512
10314,-0.0813959389925003
10315,-0.0792089775204658
10316,-0.0711352378129959
10317,-0.0775679722428321
10318,-0.069914773106575
10319,-0.0622928328812122
10320,-0.0758084878325462
10321,-0.0282116439193487
10322,-0.0922417715191841
10323,-0.0366118289530277
10324,-0.0965230613946914
10325,-0.0806914940476417
10326,-0.0496340803802013
10327,-0.047859039157629
10328,-0.0628390908241272
10329,-0.0831681340932846
10330,-0.0683247968554496
10331,-0.0349088795483112
10332,-0.0771520882844924
10333,-0.0455038920044899
10334,-0.0766183510422706
10335,-0.0359732620418071
10336,-0.0443621538579463
10337,-0.0844138413667678
10338,-0.0639631003141403
10339,-0.0735693797469139
10340,-0.0358945578336715
10341,-0.027302298694849
10342,-0.0911364927887916
10343,-0.0823179483413696
10344,-0.0303448215126991
10345,-0.076446920633316
10346,-0.105396568775177
10347,-0.040572989732027
10348,-0.0736825764179229
10349,-0.0610321760177612
10350,-0.0743787735700607
10351,-0.0681931674480438
10352,-0.0873562768101692
10353,-0.0530399717390537
10354,-0.0584766156971454
10355,-0.0483305715024471
10356,-0.0403197109699249
10357,-0.0556420944631099
10358,-0.0167540367692708
10359,-0.0092299180105328
10360,-0.0925635918974876
10361,-0.0621737986803054
10362,-0.0253673046827316
10363,-0.0807300806045532
10364,-0.0998159125447273
10365,-0.0323215052485466
10366,-0.0533918663859367
10367,-0.0656358301639556
10368,-0.0074844905175268
10369,-0.0738566443324089
10370,-0.021667880937457
10371,-0.0430149771273136
10372,-0.0717978924512863
10373,-0.0568918325006961
10374,-0.0774191990494728
10375,-0.0772554576396942
10376,-0.0706005319952964
10377,-0.0718434900045394
10378,-0.0635609850287437
10379,-0.061691515147686
10380,-0.0677133351564407
10381,-0.0507820844650268
10382,-0.0855542346835136
10383,-0.0609119087457656
10384,-0.0825733244419097
10385,-0.075184017419815
10386,-0.0676453560590744
10387,-0.0831122174859047
10388,-0.1031513884663581
10389,-0.0561092644929885
10390,-0.0269726123660802
10391,-0.0587907247245311
10392,-0.058493748307228
10393,-0.0729277208447456
10394,-0.0385562367737293
10395,-0.050131507217884
10396,-0.0890834107995033
10397,-0.0587380677461624
10398,-0.0613284707069397
10399,-0.0746969729661941
10400,-0.0750192180275917
10401,-0.0873432531952858
10402,-0.071343220770359
10403,-0.0445321686565876
10404,-0.0633759349584579
10405,-0.071502961218357
10406,-0.0778344646096229
10407,-0.0734591260552406
10408,-0.063047170639038
10409,-0.0469023026525974
10410,-0.0326256901025772
10411,-0.032587856054306
10412,-0.0611700490117073
10413,-0.0890694633126258
10414,-0.076194167137146
10415,-0.0563289783895015
10416,-0.0760895982384681
10417,-0.058768656104803
10418,-0.0606418177485466
10419,-0.0580496937036514
10420,-0.0844839811325073
10421,-0.080285720527172
10422,-0.055130798369646
10423,-0.0712804123759269
10424,-0.0794778689742088
10425,-0.0494466125965118
10426,-0.0627012327313423
10427,-0.0398587509989738
10428,-0.0543581470847129
10429,-0.0829857587814331
10430,-0.0703033208847045
10431,-0.0771418064832687
10432,-0.074296049773693
10433,-0.053271684795618
10434,-0.0644885674118995
10435,-0.0555250234901905
10436,-0.0475630052387714
10437,-0.0483996421098709
10438,-0.0680361241102218
10439,-0.074844092130661
10440,-0.0689990818500518
10441,-0.0934979245066642
10442,-0.079512745141983
10443,-0.0469775274395942
10444,-0.0946895256638526
10445,-0.0378217920660972
10446,-0.0998643860220909
10447,-0.0827617421746254
10448,-0.04560312256217
10449,-0.0415085591375827
10450,-0.0746600404381752
10451,-0.0584215857088565
10452,-0.0971803441643714
10453,-0.0810108408331871
10454,-0.0728555545210838
10455,-0.0474791564047336
10456,-0.0995247736573219
10457,-0.0772711858153343
10458,-0.0905719622969627
10459,-0.0751699432730674
10460,-0.0684378817677497
10461,-0.0337713174521923
10462,-0.0838541984558105
10463,-0.0507605671882629
10464,-0.0367242023348808
10465,-0.0731782689690589
10466,-0.0323861353099346
10467,-0.0723692998290062
10468,-0.0444249100983142
10469,-0.0480299852788448
10470,-0.0912258028984069
10471,-0.0576714947819709
10472,-0.0678589418530464
10473,-0.0888129621744155
10474,-0.0389743484556674
10475,-0.076141819357872
10476,-0.0860779955983161
10477,-0.0458919666707515
10478,-0.0526445917785167
10479,-0.0703353285789489
10480,-0.0748991146683693
10481,-0.0805841460824012
10482,-0.055654514580965
10483,-0.0701183527708053
10484,-0.0190730951726436
10485,-0.0830474942922592
10486,-0.1012174561619758
10487,-0.094086930155754
10488,-0.0686610341072082
10489,-0.0778599828481674
10490,-0.0857068672776222
10491,-0.0416604578495025
10492,-0.0669117644429206
10493,-0.0816198959946632
10494,-0.0724439620971679
10495,-0.1007914543151855
10496,-0.0471616871654987
10497,-0.0640774518251419
10498,-0.0806038230657577
10499,-0.073219396173954
10500,-0.0659154504537582
10501,-0.0875857323408126
10502,-0.0820416435599327
10503,-0.0741380080580711
10504,-0.086488626897335
10505,-0.0415667034685611
10506,-0.0375014096498489
10507,-0.07530277967453
10508,-0.0573916956782341
10509,-0.0656319037079811
10510,-0.0866512358188629
10511,-0.0347844436764717
10512,-0.0499258376657962
10513,-0.0835178345441818
10514,-0.0739898756146431
10515,-0.0661022439599037
10516,-0.0523209571838378
10517,-0.0587921552360057
10518,-0.0253552850335836
10519,-0.0575584657490253
10520,-0.0679638758301734
10521,-0.0853090807795524
10522,-0.0281974021345376
10523,-0.0371719002723693
10524,-0.0233588255941867
10525,-0.0807915925979614
10526,-0.0702849403023719
10527,-0.065906785428524
10528,-0.0799500420689582
10529,-0.0940343961119651
10530,-0.0447777211666107
10531,-0.0731047689914703
10532,-0.0830791443586349
10533,-0.0626623779535293
10534,-0.0707346051931381
10535,-0.0842262282967567
10536,-0.0653779804706573
10537,-0.0932965129613876
10538,-0.0724892318248748
10539,-0.0957911685109138
10540,-0.0420532003045082
10541,-0.0561467558145523
10542,-0.0494727380573749
10543,-0.0342125184834003
10544,-0.0471663400530815
10545,-0.0636420622467994
10546,-0.0552340745925903
10547,-0.0793759822845459
10548,-0.1010074988007545
10549,-0.0854111686348915
10550,-0.0921051278710365
10551,-0.0329568646848201
10552,-0.0781306475400924
10553,-0.0668475478887558
10554,-0.0839646756649017
10555,-0.0792934596538543
10556,-0.0758281350135803
10557,-0.0515569038689136
10558,-0.0477238558232784
10559,-0.0484676882624626
10560,-0.0338652916252613
10561,-0.063923105597496
10562,-0.0720237046480178
10563,-0.0636986345052719
10564,-0.0504257977008819
10565,-0.0850433111190795
10566,-0.0472855754196643
10567,-0.0409661866724491
10568,-0.0627293735742569
10569,-0.0525882430374622
10570,-0.0871563628315925
10571,-0.0752831399440765
10572,-0.0630639120936393
10573,-0.0695259496569633
10574,-0.0626546368002891
10575,-0.0881474986672401
10576,-0.0752988904714584
10577,-0.0328060276806354
10578,-0.0677757710218429
10579,-0.0189055036753416
10580,-0.0845953449606895
10581,-0.0877542719244957
10582,-0.0734404101967811
10583,-0.0648576319217681
10584,-0.0602595955133438
10585,-0.0576456524431705
10586,-0.0650064721703529
10587,-0.0312050357460975
10588,-0.0650686249136924
10589,-0.0755350962281227
10590,-0.043268971145153
10591,-0.0464094579219818
10592,-0.073916383087635
10593,-0.071294829249382
10594,-0.0860328897833824
10595,-0.0811642259359359
10596,-0.0119005041196942
10597,-0.0469782799482345
10598,-0.0850680470466613
10599,-0.057644534856081
10600,-0.0753469169139862
10601,-0.0431513004004955
10602,-0.0790889635682106
10603,-0.0392052941024303
10604,-0.0647876635193824
10605,-0.0522149987518787
10606,-0.0425317250192165
10607,-0.0485804043710231
10608,-0.0632205158472061
10609,-0.038030207157135
10610,-0.0715173557400703
10611,-0.088275171816349
10612,-0.0350561551749706
10613,-0.0782611519098281
10614,-0.0580245517194271
10615,-0.0381990261375904
10616,-0.0828646942973136
10617,-0.0667173862457275
10618,-0.0798318907618522
10619,-0.0645079091191291
10620,-0.0673289969563484
10621,-0.080209769308567
10622,-0.0956784412264823
10623,-0.0716341808438301
10624,-0.0389786846935749
10625,-0.0597660280764102
10626,-0.0414640381932258
10627,-0.0390349365770816
10628,-0.0686035081744194
10629,-0.0961006134748458
10630,-0.0651307106018066
10631,-0.0664949342608451
10632,-0.0783003941178321
10633,-0.059382002800703
10634,-0.0275836996734142
10635,-0.0566957779228687
10636,-0.0421581752598285
10637,-0.0443052276968956
10638,-0.0565540976822376
10639,-0.0303554739803075
10640,-0.0766360238194465
10641,-0.0592182464897632
10642,-0.067508116364479
10643,-0.1039779037237167
10644,-0.0497109219431877
10645,-0.0640110448002815
10646,-0.0766835957765579
10647,-0.0709680318832397
10648,-0.0630350708961486
10649,-0.0775826871395111
10650,-0.0456086099147796
10651,-0.0778414234519004
10652,-0.0347611457109451
10653,-0.067252442240715
10654,-0.0972633361816406
10655,-0.0793235674500465
10656,-0.0536551140248775
10657,-0.0865938737988472
10658,-0.0695981755852699
10659,-0.0640782564878463
10660,-0.0848384648561477
10661,-0.0515090636909008
10662,-0.0508804246783256
10663,-0.0401134975254535
10664,-0.0368509255349636
10665,-0.030507082119584
10666,-0.0497145131230354
10667,-0.0209432169795036
10668,-0.0670242756605148
10669,-0.0336430855095386
10670,-0.0781120061874389
10671,-0.1119929552078247
10672,-0.0859486907720565
10673,-0.0752104371786117
10674,-0.073906734585762
10675,-0.065712034702301
10676,-0.066882200539112
10677,-0.0722376629710197
10678,-0.0282852817326784
10679,-0.0960094109177589
10680,-0.063735194504261
10681,-0.0819779857993125
10682,-0.1030147075653076
10683,-0.0538039617240428
10684,-0.0327682644128799
10685,-0.1072575226426124
10686,-0.0418984405696392
10687,-0.0871970206499099
10688,-0.0508601330220699
10689,-0.0447667427361011
10690,-0.0625805929303169
10691,-0.0966392531991005
10692,-0.0184352714568376
10693,-0.0757171586155891
10694,-0.0597289465367794
10695,-0.0668690577149391
10696,-0.0517374351620674
10697,-0.0914986133575439
10698,-0.0760261714458465
10699,-0.0532954148948192
10700,-0.0759065598249435
10701,-0.0509872175753116
10702,-0.0771465003490448
10703,-0.0815545544028282
10704,-0.0837507769465446
10705,-0.0595193989574909
10706,-0.0736168622970581
10707,-0.0895979776978492
10708,-0.0317360311746597
10709,-0.0585824772715568
10710,-0.0450365729629993
10711,-0.0553821474313735
10712,-0.0532809421420097
10713,-0.0451479852199554
10714,-0.0875187367200851
10715,-0.0638563483953476
10716,-0.0582850575447082
10717,-0.0691839009523391
10718,-0.0626047626137733
10719,-0.0383108891546726
10720,-0.0210964027792215
10721,-0.0428959093987941
10722,-0.0540462806820869
10723,-0.0619799755513668
10724,-0.0489896871149539
10725,-0.0895045325160026
10726,-0.0641519352793693
10727,-0.0791498944163322
10728,-0.070104606449604
10729,-0.0726974979043006
10730,-0.082272931933403
10731,-0.079089730978012
10732,-0.0844728499650955
10733,-0.0608307309448719
10734,-0.0473947934806346
10735,-0.0449086092412471
10736,-0.078337587416172
10737,-0.0584217980504035
10738,-0.0939554274082183
10739,-0.1041189804673194
10740,-0.0648013576865196
10741,-0.0424874350428581
10742,-0.0325293391942977
10743,-0.0768552497029304
10744,-0.1013337224721908
10745,-0.0951074734330177
10746,-0.0816064849495887
10747,-0.0692631974816322
10748,-0.0790022537112236
10749,-0.0208530984818935
10750,-0.0277880597859621
10751,-0.0675108730792999
10752,-0.0800596177577972
10753,-0.0584214478731155
10754,-0.0752348080277443
10755,-0.0566444918513298
10756,-0.0509069897234439
10757,-0.047653455287218
10758,-0.0325410477817058
10759,-0.1001675277948379
10760,-0.0801713392138481
10761,-0.0688129663467407
10762,-0.0748611390590667
10763,-0.0768104493618011
10764,-0.0803676769137382
10765,-0.0540193878114223
10766,-0.075416699051857
10767,-0.0821639597415924
10768,-0.1239821687340736
10769,-0.0773838013410568
10770,-0.0727197229862213
10771,-0.035505149513483
10772,-0.0612973757088184
10773,-0.1121798902750015
10774,-0.0149172144010663
10775,-0.0653286948800087
10776,-0.0558189079165458
10777,-0.044927679002285
10778,-0.0790954828262329
10779,-0.0660587921738624
10780,-0.0846840888261795
10781,-0.0869691744446754
10782,-0.0780065655708313
10783,-0.0768407881259918
10784,-0.0617211051285266
10785,-0.0595074780285358
10786,-0.0445959195494651
10787,-0.0526359528303146
10788,-0.0843295902013778
10789,-0.0641244798898696
10790,-0.0660854279994964
10791,-0.0379920788109302
10792,-0.0718747302889823
10793,-0.0819090232253074
10794,-0.0364555120468139
10795,-0.035718236118555
10796,-0.0710641294717788
10797,-0.0330319218337535
10798,-0.0799125656485557
10799,-0.0235425662249326
10800,-0.0544982850551605
10801,-0.0794842839241027
10802,-0.0322931818664073
10803,-0.0393498390913009
10804,-0.0855680629611015
10805,-0.0950271189212799
10806,-0.0564050674438476
10807,-0.0726488307118415
10808,-0.0469886250793933
10809,-0.0711520016193389
10810,-0.070468969643116
10811,-0.0818234458565712
10812,-0.0468320287764072
10813,-0.0258407983928918
10814,-0.0443019531667232
10815,-0.0652239397168159
10816,-0.0414118953049182
10817,-0.0406234711408615
10818,-0.029147645458579
10819,-0.0842931866645813
10820,-0.0454599037766456
10821,-0.0638065338134765
10822,-0.0558217950165271
10823,-0.0553844980895519
10824,-0.0369351804256439
10825,-0.0740146413445472
10826,-0.08529943972826
10827,-0.0790246278047561
10828,-0.0477808006107807
10829,-0.0703994482755661
10830,-0.0395511426031589
10831,-0.0745942741632461
10832,-0.0333737768232822
10833,-0.0487371608614921
10834,-0.0155296148732304
10835,-0.0906583964824676
10836,-0.0447511859238147
10837,-0.0676014050841331
10838,-0.0757404342293739
10839,-0.0710556134581565
10840,-0.0561062097549438
10841,-0.0419523306190967
10842,-0.068178042769432
10843,-0.0682797953486442
10844,-0.0717434734106063
10845,-0.0821525156497955
10846,-0.0967572331428527
10847,-0.0740898475050926
10848,-0.0518984980881214
10849,-0.0489115081727504
10850,-0.0603175684809684
10851,-0.0582198835909366
10852,-0.0698025375604629
10853,-0.0234372653067111
10854,-0.086308903992176
10855,-0.0312886424362659
10856,-0.0628459081053733
10857,-0.0458854585886001
10858,-0.0748599544167518
10859,-0.0274865720421075
10860,-0.0833123102784156
10861,-0.0662508681416511
10862,-0.0856148675084114
10863,-0.079371266067028
10864,-0.0821743085980415
10865,-0.0392943508923053
10866,-0.0804793909192085
10867,-0.0577160269021987
10868,-0.0613535828888416
10869,-0.0321352928876876
10870,-0.0516685508191585
10871,-0.055678654462099
10872,-0.073708027601242
10873,-0.0565300770103931
10874,-0.0936336815357208
10875,-0.0737160742282867
10876,-0.0602071098983287
10877,-0.01415013987571
10878,-0.0474696271121501
10879,-0.0784364566206932
10880,-0.0575093626976013
10881,-0.0848410278558731
10882,-0.0268624722957611
10883,-0.0392978526651859
10884,-0.071445532143116
10885,-0.0743595361709594
10886,-0.0851269215345382
10887,-0.0825864523649215
10888,-0.0489937216043472
10889,-0.0215321276336908
10890,-0.0493850857019424
10891,-0.0532062612473964
10892,-0.0958472266793251
10893,-0.0478612594306468
10894,-0.0520908422768116
10895,-0.0408574715256691
10896,-0.0372451171278953
10897,-0.0457043834030628
10898,-0.0397850945591926
10899,-0.0682118833065033
10900,-0.0690203532576561
10901,-0.0752322971820831
10902,-0.0406186245381832
10903,-0.0468251928687095
10904,-0.0474651232361793
10905,-0.0531770102679729
10906,-0.0345877818763256
10907,-0.0625464245676994
10908,-0.0862433388829231
10909,-0.1040346771478653
10910,-0.0672882944345474
10911,-0.052390668541193
10912,-0.068706102669239
10913,-0.0735840573906898
10914,-0.0630066618323326
10915,-0.0914245694875717
10916,-0.0393862910568714
10917,-0.0650428310036659
10918,-0.0865396410226821
10919,-0.1028114333748817
10920,-0.0818215906620025
10921,-0.0391569547355175
10922,-0.0481360629200935
10923,-0.0650757551193237
10924,-0.080571748316288
10925,-0.0839333832263946
10926,-0.0470908097922802
10927,-0.0618424601852893
10928,-0.0511686094105243
10929,-0.0808449313044548
10930,-0.0453151874244213
10931,-0.0566541291773319
10932,-0.0632125288248062
10933,-0.0556491538882255
10934,-0.0642061159014701
10935,-0.0765831768512725
10936,-0.0685442462563514
10937,-0.0877220854163169
10938,-0.0549181587994098
10939,-0.0796360969543457
10940,-0.0696310549974441
10941,-0.0814994648098945
10942,-0.0594413429498672
10943,-0.0901468768715858
10944,-0.0611983686685562
10945,-0.0357015021145343
10946,-0.0821743980050087
10947,-0.0081843547523021
10948,-0.0597006566822528
10949,-0.073318026959896
10950,-0.0227073896676301
10951,-0.0724370926618576
10952,-0.0596995279192924
10953,-0.0456289835274219
10954,-0.0544201917946338
10955,-0.083898164331913
10956,-0.0869441330432891
10957,-0.0499695725739002
10958,-0.048137005418539
10959,-0.0725723952054977
10960,-0.0614253692328929
10961,-0.0780960991978645
10962,-0.072074718773365
10963,-0.0405903346836566
10964,-0.0281829107552766
10965,-0.041272334754467
10966,-0.0635145902633667
10967,-0.0641817823052406
10968,-0.0709647163748741
10969,-0.0371350534260273
10970,-0.0834749415516853
10971,-0.0919369012117385
10972,-0.077853538095951
10973,-0.0713900700211525
10974,-0.0145270330831408
10975,-0.0743461027741432
10976,-0.0597913414239883
10977,-0.0644304230809211
10978,-0.1153154224157333
10979,-0.084041066467762
10980,-0.0662316679954528
10981,-0.0778578221797943
10982,-0.0669415518641471
10983,-0.0328760556876659
10984,-0.0684450045228004
10985,-0.0751236975193023
10986,-0.0516436770558357
10987,-0.0764484778046608
10988,-0.0618714019656181
10989,-0.0521694235503673
10990,-0.080517828464508
10991,-0.0906988233327865
10992,-0.0643276646733284
10993,-0.0584432296454906
10994,-0.0722757577896118
10995,-0.0933692976832389
10996,-0.0716800540685653
10997,-0.0757064148783683
10998,-0.0321573764085769
10999,-0.0511463731527328
11000,-0.0985774174332618
11001,-0.0693215951323509
11002,-0.0534422807395458
11003,-0.0654379203915596
11004,-0.0451130606234073
11005,-0.0704811811447143
11006,-0.069166362285614
11007,-0.0302071813493967
11008,-0.0796587690711021
11009,-0.0566621497273445
11010,-0.0859127938747406
11011,-0.0660603791475296
11012,-0.0962180346250534
11013,-0.0611218623816967
11014,-0.0548508837819099
11015,-0.0937532559037208
11016,-0.0857841968536377
11017,-0.06641386449337
11018,-0.0265581551939249
11019,-0.0931437313556671
11020,-0.0617449767887592
11021,-0.0594037175178527
11022,-0.0611398369073867
11023,-0.0739946663379669
11024,-0.0516333729028701
11025,-0.0691097825765609
11026,-0.0646644905209541
11027,-0.0214674323797225
11028,-0.0677404180169105
11029,-0.0698577761650085
11030,-0.0932401046156883
11031,-0.0636773258447647
11032,-0.0823932737112045
11033,-0.0887160971760749
11034,-0.0682592689990997
11035,-0.0574214048683643
11036,-0.074357159435749
11037,-0.0713351294398307
11038,-0.0414631776511669
11039,-0.0672627463936805
11040,-0.0766313374042511
11041,-0.0444089956581592
11042,-0.0471544452011585
11043,-0.0515473894774913
11044,-0.0390649437904357
11045,-0.0530550144612789
11046,-0.0575713440775871
11047,-0.0973208621144294
11048,-0.0320907533168792
11049,-0.0472002774477005
11050,-0.0720023959875106
11051,-0.0691180452704429
11052,-0.0422503948211669
11053,-0.0587849169969558
11054,-0.0538315400481224
11055,-0.0485665202140808
11056,-0.0732908770442009
11057,-0.0674419999122619
11058,-0.0479246228933334
11059,-0.0895847603678703
11060,-0.0493948720395565
11061,-0.0674208626151084
11062,-0.0124908993020653
11063,-0.0594814084470272
11064,-0.0333087854087352
11065,-0.0500397868454456
11066,-0.0691983997821807
11067,-0.0635607615113258
11068,-0.0535579174757003
11069,-0.0622518472373485
11070,-0.0833617746829986
11071,-0.0677575916051864
11072,-0.0685154944658279
11073,-0.0790422335267067
11074,-0.0392405577003955
11075,-0.0579695105552673
11076,-0.0666775330901146
11077,-0.0618253014981746
11078,-0.0758054032921791
11079,-0.0519633404910564
11080,-0.0707104802131652
11081,-0.0844635218381881
11082,-0.0691459029912948
11083,-0.069714069366455
11084,-0.03603320941329
11085,-0.0441531017422676
11086,-0.087333008646965
11087,-0.1042917147278785
11088,-0.0785562992095947
11089,-0.0443569384515285
11090,-0.0905509069561958
11091,-0.0660860985517501
11092,-0.0855478197336196
11093,-0.0768746361136436
11094,-0.0564885549247264
11095,-0.0655694380402565
11096,-0.0656722113490104
11097,-0.0672406107187271
11098,-0.054489117115736
11099,-0.080588974058628
11100,-0.0599763542413711
11101,-0.0622198171913623
11102,-0.0577171184122562
11103,-0.0805772319436073
11104,-0.0678320899605751
11105,-0.0727480724453926
11106,-0.0822924152016639
11107,-0.0410947985947132
11108,-0.0945443734526634
11109,-0.0694530010223388
11110,-0.1091214641928672
11111,-0.1006703749299049
11112,-0.0627841725945472
11113,-0.0779327601194381
11114,-0.0554112866520881
11115,-0.0636391416192054
11116,-0.0325892642140388
11117,-0.0359181575477123
11118,-0.0735194459557533
11119,-0.0580083318054676
11120,-0.089697927236557
11121,-0.0518492124974727
11122,-0.0506428256630897
11123,-0.0708557292819023
11124,-0.0601147897541523
11125,-0.0536590106785297
11126,-0.0401953496038913
11127,-0.0424633286893367
11128,-0.0827186480164527
11129,-0.0609448477625846
11130,-0.0846108198165893
11131,-0.070581741631031
11132,-0.0835607796907424
11133,-0.0456224121153354
11134,-0.0668142735958099
11135,-0.0120632778853178
11136,-0.0401392616331577
11137,-0.0450869239866733
11138,-0.0709951743483543
11139,-0.051795158535242
11140,-0.0786952152848243
11141,-0.0534588508307933
11142,-0.0616678670048713
11143,-0.0830980390310287
11144,-0.036940686404705
11145,-0.0220252070575952
11146,-0.0936134830117225
11147,-0.0583749487996101
11148,-0.0849319547414779
11149,-0.0710099563002586
11150,-0.0630720108747482
11151,-0.0463777519762516
11152,-0.0661676302552223
11153,-0.0762758255004882
11154,-0.1171425357460975
11155,-0.0720933526754379
11156,-0.066254548728466
11157,-0.0718641728162765
11158,-0.0479276478290557
11159,-0.0636136531829834
11160,-0.0509833954274654
11161,-0.0483620055019855
11162,-0.0473881922662258
11163,-0.0587617568671703
11164,-0.0464465282857418
11165,-0.0681351199746131
11166,-0.0750491544604301
11167,-0.0688799619674682
11168,-0.0878923907876014
11169,-0.0936080366373062
11170,-0.0884341895580291
11171,-0.0530063398182392
11172,-0.0813558548688888
11173,-0.0850595012307167
11174,-0.0487279184162616
11175,-0.0494790859520435
11176,-0.0895230174064636
11177,-0.0829490348696708
11178,-0.0715046226978302
11179,-0.0637775138020515
11180,-0.0814312696456909
11181,-0.0585741996765136
11182,-0.0931495800614357
11183,-0.131199762225151
11184,-0.0555913522839546
11185,-0.0674960985779762
11186,-0.076772503554821
11187,-0.0497153662145137
11188,-0.0801312252879142
11189,-0.0617363862693309
11190,-0.0253295302391052
11191,-0.0773835703730583
11192,-0.0325586199760437
11193,-0.0762547701597213
11194,-0.098572164773941
11195,-0.0785282850265502
11196,-0.0983467251062393
11197,-0.0366785190999507
11198,-0.0484074503183364
11199,-0.0657578259706497
11200,-0.0463000647723674
11201,-0.0561776049435138
11202,-0.078911580145359
11203,-0.1088292971253395
11204,-0.0675753131508827
11205,-0.0390289016067981
11206,-0.0614447146654129
11207,-0.0667108595371246
11208,-0.0779880955815315
11209,-0.0392973572015762
11210,-0.1070818677544593
11211,-0.0748311355710029
11212,-0.0474123544991016
11213,-0.0740336924791336
11214,-0.069137267768383
11215,-0.0521362610161304
11216,-0.0681346207857132
11217,-0.0740117728710174
11218,-0.075020708143711
11219,-0.0579047091305255
11220,-0.019864359870553
11221,-0.0477443635463714
11222,-0.0743720307946205
11223,-0.043210819363594
11224,-0.0422602482140064
11225,-0.0635762363672256
11226,-0.0483135655522346
11227,-0.0566610097885131
11228,-0.051820944994688
11229,-0.0733138397336006
11230,-0.0711472928524017
11231,-0.0358422435820102
11232,-0.0578081496059894
11233,-0.0733982324600219
11234,-0.0726708322763443
11235,-0.0842785239219665
11236,-0.1049100682139396
11237,-0.0723084062337875
11238,-0.0775485038757324
11239,-0.0709592550992965
11240,-0.0788590833544731
11241,-0.0864312574267387
11242,-0.0775117427110672
11243,-0.0870592668652534
11244,-0.064051330089569
11245,-0.0611478686332702
11246,-0.0514398515224456
11247,-0.0623027272522449
11248,-0.0481778979301452
11249,-0.0663065463304519
11250,-0.0752430260181427
11251,-0.0702103897929191
11252,-0.0782166197896003
11253,-0.0416910164058208
11254,-0.0692634880542755
11255,-0.0501925535500049
11256,-0.0774688571691513
11257,-0.0441655591130256
11258,-0.0413339473307132
11259,-0.0756111666560173
11260,-0.0731173232197761
11261,-0.0541914589703083
11262,-0.0383285172283649
11263,-0.0406677462160587
11264,-0.0595084019005298
11265,-0.0916325896978378
11266,-0.0401054210960865
11267,-0.0795671343803405
11268,-0.0697348043322563
11269,-0.0755367130041122
11270,-0.0781364813446998
11271,-0.0799382925033569
11272,-0.0369864553213119
11273,-0.058357611298561
11274,-0.0784982144832611
11275,-0.0684192106127739
11276,-0.061802327632904
11277,-0.0494473651051521
11278,-0.0347555950284004
11279,-0.0637216940522193
11280,-0.0395416431128978
11281,-0.0584727600216865
11282,-0.0771960988640785
11283,-0.0583181530237197
11284,-0.0302718710154294
11285,-0.0639032647013664
11286,-0.0674365013837814
11287,-0.0712603405117988
11288,-0.0486567206680774
11289,-0.0446718074381351
11290,-0.0781589895486831
11291,-0.0728326067328453
11292,-0.1188734918832779
11293,-0.0330193564295768
11294,-0.053213607519865
11295,-0.0868145823478698
11296,-0.0596570968627929
11297,-0.0494856424629688
11298,-0.0672643333673477
11299,-0.0296364594250917
11300,-0.0460214018821716
11301,-0.065465860068798
11302,-0.0738163664937019
11303,-0.0364322029054164
11304,-0.0964119955897331
11305,-0.0597122497856617
11306,-0.0638172999024391
11307,-0.0753758251667022
11308,-0.0651518926024437
11309,-0.0695724189281463
11310,-0.0625571832060813
11311,-0.07343440502882
11312,-0.0407477393746376
11313,-0.059376373887062
11314,-0.0718917697668075
11315,-0.0355465598404407
11316,-0.043194506317377
11317,-0.0355019122362136
11318,-0.0951821729540824
11319,-0.0405955463647842
11320,-0.0416376665234565
11321,-0.0737818479537963
11322,-0.041708119213581
11323,-0.113516055047512
11324,-0.0527732111513614
11325,-0.061187844723463
11326,-0.0786939263343811
11327,-0.0547805614769458
11328,-0.0886955112218856
11329,-0.0816962718963623
11330,-0.0628204196691513
11331,-0.0759227275848388
11332,-0.0450182780623436
11333,-0.0533065684139728
11334,-0.0704027190804481
11335,-0.0701451152563095
11336,-0.0660283640027046
11337,-0.0827758759260177
11338,-0.0469460003077983
11339,-0.045031301677227
11340,-0.0805668160319328
11341,-0.0673694387078285
11342,-0.0404746085405349
11343,-0.0651756599545478
11344,-0.0709379017353057
11345,-0.0758023634552955
11346,-0.046009324491024
11347,-0.084538497030735
11348,-0.0369902849197387
11349,-0.0569392964243888
11350,-0.0248610470443964
11351,-0.0437029711902141
11352,-0.0691318735480308
11353,-0.0260216258466243
11354,-0.0278177559375762
11355,-0.0806242451071739
11356,-0.0726824626326561
11357,-0.075656272470951
11358,-0.0509848892688751
11359,-0.0990009680390358
11360,-0.0203537661582231
11361,-0.0402858406305313
11362,-0.0634497255086898
11363,-0.0573646947741508
11364,-0.0777347460389137
11365,-0.0737278833985328
11366,-0.0173994973301887
11367,-0.0713472738862037
11368,-0.0700618177652359
11369,-0.0629392191767692
11370,-0.0532176382839679
11371,-0.0515901148319244
11372,-0.0355175696313381
11373,-0.0682036727666854
11374,-0.0643435567617416
11375,-0.0635151341557502
11376,-0.0747878476977348
11377,-0.0442707575857639
11378,-0.0700075924396514
11379,-0.0705645084381103
11380,-0.0763937383890152
11381,-0.0633155405521392
11382,-0.0506648160517215
11383,-0.0879649370908737
11384,-0.0988381132483482
11385,-0.0679267346858978
11386,-0.0697886124253273
11387,-0.0579091049730777
11388,-0.0773323327302932
11389,-0.0830828696489334
11390,-0.0373624339699745
11391,-0.0681593120098114
11392,-0.0692930296063423
11393,-0.0827088057994842
11394,-0.0654965490102768
11395,-0.0628973692655563
11396,-0.0398500747978687
11397,-0.0503436923027038
11398,-0.0810955017805099
11399,-0.0725274831056594
11400,-0.08953657746315
11401,-0.0592440851032733
11402,-0.0761676877737045
11403,-0.0659806877374649
11404,-0.1237317696213722
11405,-0.0807124376296997
11406,-0.0644971951842308
11407,-0.0749225094914436
11408,-0.0760522037744522
11409,-0.0728534683585167
11410,-0.0601995922625064
11411,-0.0444041155278682
11412,-0.0573926493525505
11413,-0.037771139293909
11414,-0.099768079817295
11415,-0.075619027018547
11416,-0.0581331253051757
11417,-0.0697247311472892
11418,-0.0487054921686649
11419,-0.0667066350579261
11420,-0.0490129068493843
11421,-0.0668719485402107
11422,-0.0328482575714588
11423,-0.056328110396862
11424,-0.0736828669905662
11425,-0.0481356717646122
11426,-0.0470998957753181
11427,-0.0719889253377914
11428,-0.0634546875953674
11429,-0.066368319094181
11430,-0.0858303681015968
11431,-0.0605151392519474
11432,-0.0686316788196563
11433,-0.0890241563320159
11434,-0.0880356654524803
11435,-0.0390875078737735
11436,-0.0845635756850242
11437,-0.0787489414215087
11438,-0.0456603839993476
11439,-0.0648443177342414
11440,-0.0306871477514505
11441,-0.0541389845311641
11442,-0.0800604000687599
11443,-0.0672963932156562
11444,-0.0292950477451086
11445,-0.0628774538636207
11446,-0.0225869361311197
11447,-0.0539270862936973
11448,-0.0619971640408039
11449,-0.0680193677544593
11450,-0.0833135023713111
11451,-0.0303967092186212
11452,-0.0461428314447402
11453,-0.0803875401616096
11454,-0.0843243971467018
11455,-0.0767102017998695
11456,-0.0740247443318367
11457,-0.0436352640390396
11458,-0.0823039561510086
11459,-0.0609228201210498
11460,-0.0832707807421684
11461,-0.0710508376359939
11462,-0.0606860592961311
11463,-0.0794454514980316
11464,-0.0762931108474731
11465,-0.0728526413440704
11466,-0.0662800595164299
11467,-0.0885507613420486
11468,-0.055849865078926
11469,-0.0839894190430641
11470,-0.0728799998760223
11471,-0.0608180165290832
11472,-0.0628554672002792
11473,-0.078170895576477
11474,-0.0761262327432632
11475,-0.0710236728191375
11476,-0.0731115937232971
11477,-0.0711695104837417
11478,-0.0707724466919899
11479,-0.0812287479639053
11480,-0.0694900602102279
11481,-0.0764062777161598
11482,-0.0739668980240821
11483,-0.0334447212517261
11484,-0.0443300791084766
11485,-0.0446346141397953
11486,-0.0308973398059606
11487,-0.0746137872338295
11488,-0.0652569159865379
11489,-0.0728109553456306
11490,-0.0760349854826927
11491,-0.0530781932175159
11492,-0.0430813208222389
11493,-0.0834163203835487
11494,-0.034161303192377
11495,-0.0809399187564849
11496,-0.0566367991268634
11497,-0.0340552814304828
11498,-0.040230669081211
11499,-0.065716303884983
11500,-0.0979800149798393
11501,-0.077660471200943
11502,-0.0671707764267921
11503,-0.087818406522274
11504,-0.039434190839529
11505,-0.0686629191040992
11506,-0.0666060969233512
11507,-0.0604111887514591
11508,-0.0696276947855949
11509,-0.0840037241578102
11510,-0.052670445293188
11511,-0.0463388040661811
11512,-0.0664305388927459
11513,-0.0789621993899345
11514,-0.0371511317789554
11515,-0.0547067187726497
11516,-0.0479728765785694
11517,-0.0741374939680099
11518,-0.0240529421716928
11519,-0.0531618259847164
11520,-0.0928246602416038
11521,-0.0109127080067992
11522,-0.0274264179170131
11523,-0.0655495673418045
11524,-0.0929076969623565
11525,-0.0616596266627311
11526,-0.0797989889979362
11527,-0.0457058884203434
11528,-0.0871482118964195
11529,-0.0834688171744346
11530,-0.0774852782487869
11531,-0.0693583860993385
11532,-0.0695153251290321
11533,-0.0292540732771158
11534,-0.0522607155144214
11535,-0.074272021651268
11536,-0.0099241593852639
11537,-0.0691410675644874
11538,-0.0812500342726707
11539,-0.0770804658532142
11540,-0.0420098192989826
11541,-0.0930509939789772
11542,-0.0765089765191078
11543,-0.036133375018835
11544,-0.0427969023585319
11545,-0.0420524068176746
11546,-0.0716200768947601
11547,-0.0727597996592521
11548,-0.0759403780102729
11549,-0.0309487283229827
11550,-0.067950464785099
11551,-0.0623186714947223
11552,-0.0560365803539752
11553,-0.0375251211225986
11554,-0.0307668056339025
11555,-0.0207284186035394
11556,-0.0473711751401424
11557,-0.0694379433989524
11558,-0.0493567772209644
11559,-0.0949930772185325
11560,-0.062043335288763
11561,-0.0422022528946399
11562,-0.0301246084272861
11563,-0.1143589541316032
11564,-0.0218364894390106
11565,-0.0649528205394744
11566,-0.0172157548367977
11567,-0.0893675908446312
11568,-0.0626513957977294
11569,-0.0866322070360183
11570,-0.0579123571515083
11571,-0.0377587899565696
11572,-0.0678295269608497
11573,-0.0618027970194816
11574,-0.051619429141283
11575,-0.0727527514100074
11576,-0.0653079748153686
11577,-0.0615194775164127
11578,-0.0873522087931633
11579,-0.0419641137123107
11580,-0.0497105717658996
11581,-0.1205723658204078
11582,-0.0246659610420465
11583,-0.0518777482211589
11584,-0.0501379556953907
11585,-0.0564408041536808
11586,-0.0757464468479156
11587,-0.0744159519672393
11588,-0.0822005197405815
11589,-0.0409921407699584
11590,-0.0739033967256546
11591,-0.0335826463997364
11592,-0.0837011188268661
11593,-0.0350289866328239
11594,-0.067233882844448
11595,-0.0634840428829193
11596,-0.0734402313828468
11597,-0.0381820648908615
11598,-0.0701924711465835
11599,-0.0303394924849271
11600,-0.0285705290734767
11601,-0.0915575921535492
11602,-0.0522098019719123
11603,-0.0327651910483837
11604,-0.0768253654241561
11605,-0.0372351184487342
11606,-0.0699148774147033
11607,-0.0532657802104949
11608,-0.0151170128956437
11609,-0.0511601753532886
11610,-0.0612155944108963
11611,-0.0796253010630607
11612,-0.0350068323314189
11613,-0.0342814661562442
11614,-0.0827753990888595
11615,-0.0931557193398475
11616,-0.0873123556375503
11617,-0.0734473317861557
11618,-0.0580001659691333
11619,-0.063819795846939
11620,-0.0625060573220253
11621,-0.0525059252977371
11622,-0.0682131722569465
11623,-0.0473374649882316
11624,-0.0605823136866092
11625,-0.0493528693914413
11626,-0.0323777981102466
11627,-0.0443216748535633
11628,-0.059529822319746
11629,-0.0509024932980537
11630,-0.0774057134985923
11631,-0.1097714900970459
11632,-0.0397503264248371
11633,-0.1008617654442787
11634,-0.0473576933145523
11635,-0.0601576305925846
11636,-0.0604398064315319
11637,-0.0820484682917594
11638,-0.0112269995734095
11639,-0.07811239361763
11640,-0.0862241312861442
11641,-0.0584909059107303
11642,-0.0417486540973186
11643,-0.0107539081946015
11644,-0.0557970330119133
11645,-0.0650259628891944
11646,-0.0724620372056961
11647,-0.0690966099500656
11648,-0.0524912551045417
11649,-0.0486391745507717
11650,-0.0833244174718856
11651,-0.0805803909897804
11652,-0.0464352741837501
11653,-0.0415145829319953
11654,-0.0670459941029548
11655,-0.0895157679915428
11656,-0.0518297031521797
11657,-0.0159387029707431
11658,-0.0296984184533357
11659,-0.0638825744390487
11660,-0.016420179978013
11661,-0.0406222566962242
11662,-0.0463958866894245
11663,-0.0449344888329505
11664,-0.0761949345469474
11665,-0.088167518377304
11666,-0.0400614067912101
11667,-0.0541123673319816
11668,-0.0668019726872444
11669,-0.0961540639400482
11670,-0.0715794041752815
11671,-0.0705029517412185
11672,-0.0956257209181785
11673,-0.0187554359436035
11674,-0.0558207184076309
11675,-0.0549005344510078
11676,-0.0649496689438819
11677,-0.0820234566926956
11678,-0.0327518321573734
11679,-0.0333287678658962
11680,-0.0501152426004409
11681,-0.0542760640382766
11682,-0.0461427234113216
11683,-0.0613990351557731
11684,-0.0682348683476448
11685,-0.0214397851377725
11686,-0.0829201117157936
11687,-0.0245443172752857
11688,-0.0756363570690155
11689,-0.1228169575333595
11690,-0.0833065062761306
11691,-0.0645628869533538
11692,-0.0537287145853042
11693,-0.0617955811321735
11694,-0.0531138889491558
11695,-0.0424701608717441
11696,-0.0446274429559707
11697,-0.0725883617997169
11698,-0.0412957370281219
11699,-0.0681002438068389
11700,-0.0581657625734806
11701,-0.0164153687655925
11702,-0.0202235262840986
11703,-0.046271551400423
11704,-0.0393673665821552
11705,-0.0272080246359109
11706,-0.0812018886208534
11707,-0.0654002726078033
11708,-0.066912330687046
11709,-0.0654885917901992
11710,-0.0637090802192688
11711,-0.0578563138842582
11712,-0.0707755759358406
11713,-0.0392922945320606
11714,-0.0830182209610939
11715,-0.0794462636113166
11716,-0.059683222323656
11717,-0.0428648255765438
11718,-0.0484951622784137
11719,-0.0664317980408668
11720,-0.0741913914680481
11721,-0.0299622844904661
11722,-0.056934792548418
11723,-0.0671530663967132
11724,-0.0470178872346878
11725,-0.0687518790364265
11726,-0.040313184261322
11727,-0.0760034695267677
11728,-0.0478830821812152
11729,-0.0582778379321098
11730,-0.0711374580860138
11731,-0.082633689045906
11732,-0.0534386374056339
11733,-0.0626584663987159
11734,-0.0455503240227699
11735,-0.0783566460013389
11736,-0.0698989927768707
11737,-0.0557121559977531
11738,-0.0747484043240547
11739,-0.0369462966918945
11740,-0.079879879951477
11741,-0.0807709693908691
11742,-0.065998874604702
11743,-0.047294944524765
11744,-0.0832795351743698
11745,-0.1038690283894538
11746,-0.0706387236714363
11747,-0.029701080173254
11748,-0.081694595515728
11749,-0.0525196529924869
11750,-0.0529569648206234
11751,-0.0495611429214477
11752,-0.0645796358585357
11753,-0.0482185371220111
11754,-0.0571152828633785
11755,-0.0841468796133995
11756,-0.0651153922080993
11757,-0.0711162462830543
11758,-0.0723767951130867
11759,-0.06745395809412
11760,-0.0796427056193351
11761,-0.0785917341709137
11762,-0.059551928192377
11763,-0.0836315900087356
11764,-0.070744015276432
11765,-0.1005836874246597
11766,-0.0679237619042396
11767,-0.0449173822999
11768,-0.0437933951616287
11769,-0.0356552079319953
11770,-0.0919065922498703
11771,-0.0579842068254947
11772,-0.0593835972249507
11773,-0.0806768909096717
11774,-0.0954928696155548
11775,-0.0413554310798645
11776,-0.0825288593769073
11777,-0.0634926408529281
11778,-0.0839268490672111
11779,-0.0885895416140556
11780,-0.0885203853249549
11781,-0.0962342992424964
11782,-0.0462542958557605
11783,-0.0810114815831184
11784,-0.0411898978054523
11785,-0.0501397065818309
11786,-0.0609946325421333
11787,-0.0878001600503921
11788,-0.070213496685028
11789,-0.0456489883363246
11790,-0.0705718696117401
11791,-0.0357514545321464
11792,-0.0981420129537582
11793,-0.0698187127709388
11794,-0.0691455155611038
11795,-0.0766225904226303
11796,-0.0693090483546257
11797,-0.0498070120811462
11798,-0.0464928112924099
11799,-0.06681489944458
11800,-0.0559433884918689
11801,-0.0702246725559234
11802,-0.0698220804333686
11803,-0.0742773860692977
11804,-0.0553107447922229
11805,-0.0780181512236595
11806,-0.0174090135842561
11807,-0.0495287701487541
11808,-0.0791573747992515
11809,-0.0409163273870945
11810,-0.0606247931718826
11811,-0.0344454981386661
11812,-0.0609289407730102
11813,-0.0728946253657341
11814,-0.071306899189949
11815,-0.0915136411786079
11816,-0.0849029645323753
11817,-0.062687911093235
11818,-0.0927357748150825
11819,-0.0355034880340099
11820,-0.0594839714467525
11821,-0.0709148123860359
11822,-0.0709144249558448
11823,-0.0641935989260673
11824,-0.0495033450424671
11825,-0.0210126377642154
11826,-0.1014963239431381
11827,-0.1419656574726104
11828,-0.0707472935318946
11829,-0.0752804279327392
11830,-0.046893585473299
11831,-0.06461663544178
11832,-0.0429631061851978
11833,-0.0502913892269134
11834,-0.0838348343968391
11835,-0.0447908081114292
11836,-0.0243958588689565
11837,-0.0547619797289371
11838,-0.0593123622238636
11839,-0.0444833263754844
11840,-0.0705278888344764
11841,-0.0879630297422409
11842,-0.0600449964404106
11843,-0.0510576926171779
11844,-0.0545619353652
11845,-0.0362265780568122
11846,-0.0714335888624191
11847,-0.0609977394342422
11848,-0.0513173677027225
11849,-0.0706892162561416
11850,-0.086753249168396
11851,-0.0738633349537849
11852,-0.0839411839842796
11853,-0.0119271678850054
11854,-0.0834147930145263
11855,-0.081033244729042
11856,-0.049023687839508
11857,-0.0547173433005809
11858,-0.0458422675728797
11859,-0.0703324228525161
11860,-0.0636550858616828
11861,-0.060059156268835
11862,-0.0862040221691131
11863,-0.0437907241284847
11864,-0.0770122185349464
11865,-0.1047655716538429
11866,-0.0623383857309818
11867,-0.0107467882335186
11868,-0.0813629403710365
11869,-0.0687640085816383
11870,-0.0268614273518323
11871,-0.0633276030421257
11872,-0.0777698457241058
11873,-0.0431439764797687
11874,-0.0372236669063568
11875,-0.0516761802136898
11876,-0.0236227102577686
11877,-0.0595841072499752
11878,-0.06806181371212
11879,-0.0769543796777725
11880,-0.0659033060073852
11881,-0.0267282985150814
11882,-0.0553973466157913
11883,-0.0455414243042469
11884,-0.0502168461680412
11885,-0.0633787885308265
11886,-0.019272331148386
11887,-0.0644857510924339
11888,-0.0501819103956222
11889,-0.0635717585682869
11890,-0.086724117398262
11891,-0.0083899712190032
11892,-0.0796325206756591
11893,-0.0723824799060821
11894,-0.0592846535146236
11895,-0.0697408020496368
11896,-0.076693870127201
11897,-0.030805068090558
11898,-0.0672443881630897
11899,-0.0584080815315246
11900,-0.0759132876992225
11901,-0.0995851084589958
11902,-0.0143003268167376
11903,-0.0303505305200815
11904,-0.0934044644236564
11905,-0.0823750272393226
11906,-0.0543522872030735
11907,-0.0216141976416111
11908,-0.0739510804414749
11909,-0.0875787734985351
11910,-0.081476129591465
11911,-0.0242120400071144
11912,-0.0800465494394302
11913,-0.0508911684155464
11914,-0.0514533221721649
11915,-0.0627137944102287
11916,-0.0706582516431808
11917,-0.0428147464990615
11918,-0.0770872980356216
11919,-0.0745646059513092
11920,-0.0632110685110092
11921,-0.0534184128046035
11922,-0.0949905961751937
11923,-0.0463988445699214
11924,-0.0929187387228012
11925,-0.0945242568850517
11926,-0.0433083958923816
11927,-0.0416374951601028
11928,-0.0815084502100944
11929,-0.0585965104401111
11930,-0.0786423981189727
11931,-0.0338821411132812
11932,-0.0528784841299057
11933,-0.0689819827675819
11934,-0.0600928738713264
11935,-0.0241430774331092
11936,-0.0813761055469513
11937,-0.0746843889355659
11938,-0.0616790540516376
11939,-0.0522484444081783
11940,-0.044237483292818
11941,-0.0495704039931297
11942,-0.0350286141037941
11943,-0.0678047686815261
11944,-0.073587991297245
11945,-0.1041755452752113
11946,-0.0981816723942756
11947,-0.1092935353517532
11948,-0.0582164712250232
11949,-0.0740221068263053
11950,-0.0471890345215797
11951,-0.0568900592625141
11952,-0.0525771453976631
11953,-0.0732505097985267
11954,-0.0615608505904674
11955,-0.0698210299015045
11956,-0.069265641272068
11957,-0.0462010353803634
11958,-0.0362287946045398
11959,-0.0771635547280311
11960,-0.1090563535690307
11961,-0.0586803629994392
11962,-0.0484884269535541
11963,-0.0146729089319705
11964,-0.0674789622426033
11965,-0.0507720075547695
11966,-0.0539655275642871
11967,-0.0505165979266166
11968,-0.0266777370125055
11969,-0.0699770003557205
11970,-0.063245452940464
11971,-0.0598403364419937
11972,-0.0719095095992088
11973,-0.0364784002304077
11974,-0.0538776330649852
11975,-0.0415309369564056
11976,-0.0100277047604322
11977,-0.0734354183077812
11978,-0.0327022224664688
11979,-0.0993675366044044
11980,-0.0682783424854278
11981,-0.0737626925110817
11982,-0.0758536830544471
11983,-0.0841399803757667
11984,-0.0691549107432365
11985,-0.0736263170838356
11986,-0.0721064433455467
11987,-0.0562452673912048
11988,-0.0811359658837318
11989,-0.0344718806445598
11990,-0.0331116206943988
11991,-0.0929493531584739
11992,-0.0766784325242042
11993,-0.0799569860100746
11994,-0.0564715452492237
11995,-0.0558107644319534
11996,-0.0832326039671897
11997,-0.0971035733819007
11998,-0.068761870265007
11999,-0.0832508504390716
12000,-0.04064317420125
12001,-0.0539387986063957
12002,-0.0473514273762702
12003,-0.096512995660305
12004,-0.094138465821743
12005,-0.0801854506134986
12006,-0.062019545584917
12007,-0.0755638256669044
12008,-0.0761130675673484
12009,-0.0667073801159858
12010,-0.0431219786405563
12011,-0.0463070161640644
12012,-0.0737060755491256
12013,-0.0637336000800132
12014,-0.075794905424118
12015,-0.0745171159505844
12016,-0.0751063451170921
12017,-0.0735617205500602
12018,-0.0730628967285156
12019,-0.0628966689109802
12020,-0.0875699147582054
12021,-0.0760548487305641
12022,-0.1000991910696029
12023,-0.014346775598824
12024,-0.0609681606292724
12025,-0.0341383963823318
12026,-0.0944763123989105
12027,-0.0688789412379264
12028,-0.0801807343959808
12029,-0.0718902423977851
12030,-0.0600534677505493
12031,-0.0685990452766418
12032,-0.0407488457858562
12033,-0.0743975415825843
12034,-0.0725064873695373
12035,-0.0636741891503334
12036,-0.0950484648346901
12037,-0.0572142750024795
12038,-0.0829665064811706
12039,-0.0760258436203002
12040,-0.0880923494696617
12041,-0.01583718881011
12042,-0.0795357897877693
12043,-0.0767046064138412
12044,-0.0853551775217056
12045,-0.0297505054622888
12046,-0.0555636808276176
12047,-0.0844610035419464
12048,-0.0684380382299423
12049,-0.0616418272256851
12050,-0.0068031582050025
12051,-0.062341883778572
12052,-0.0463814102113246
12053,-0.0776378586888313
12054,-0.0188041664659976
12055,-0.1097633317112922
12056,-0.0770455002784729
12057,-0.0270415414124727
12058,-0.0406211167573928
12059,-0.0496869534254074
12060,-0.0742895230650901
12061,-0.073724940419197
12062,-0.0426178909838199
12063,-0.1048118248581886
12064,-0.0682428330183029
12065,-0.0637159422039985
12066,-0.0363190956413745
12067,-0.0725729838013649
12068,-0.0496949777007103
12069,-0.0780271589756012
12070,-0.0083085335791111
12071,-0.0614810176193714
12072,-0.0672833174467086
12073,-0.0402620285749435
12074,-0.0761374309659004
12075,-0.048390444368124
12076,-0.020757520571351
12077,-0.0664134547114372
12078,-0.0867858827114105
12079,-0.0840323269367218
12080,-0.06378735601902
12081,-0.076479360461235
12082,-0.0647220760583877
12083,-0.0728771165013313
12084,-0.0661631152033805
12085,-0.0792272984981536
12086,-0.0573946386575698
12087,-0.0770417973399162
12088,-0.0198245253413915
12089,-0.0741137564182281
12090,-0.1387099772691726
12091,-0.0801969617605209
12092,-0.0709226354956626
12093,-0.0982352346181869
12094,-0.073211058974266
12095,-0.0222136601805686
12096,-0.0930872112512588
12097,-0.0791177228093147
12098,-0.0621265433728694
12099,-0.0826183930039405
12100,-0.0672324448823928
12101,-0.0522795803844928
12102,-0.0684733465313911
12103,-0.0533663220703601
12104,-0.0749175921082496
12105,-0.0494152009487152
12106,-0.0608408600091934
12107,-0.0625142753124237
12108,-0.0488217212259769
12109,-0.057885680347681
12110,-0.0606406331062316
12111,-0.0543568357825279
12112,-0.0599679090082645
12113,-0.0129781328141689
12114,-0.045336116105318
12115,-0.0776799768209457
12116,-0.0715528801083564
12117,-0.0320832021534442
12118,-0.0600780770182609
12119,-0.0712408423423767
12120,-0.0788035988807678
12121,-0.061404313892126
12122,-0.0935839489102363
12123,-0.1114830076694488
12124,-0.0796181410551071
12125,-0.0652444809675216
12126,-0.0687535256147384
12127,-0.0290500000119209
12128,-0.0888998731970787
12129,-0.0541453137993812
12130,-0.0448804460465908
12131,-0.074997991323471
12132,-0.0716044008731842
12133,-0.0532211549580097
12134,-0.0545530132949352
12135,-0.0591562874615192
12136,-0.0848686397075653
12137,-0.0538567192852497
12138,-0.0521279796957969
12139,-0.0889956131577491
12140,-0.0846695378422737
12141,-0.0776820853352546
12142,-0.0399058945477008
12143,-0.0922348499298095
12144,-0.074615977704525
12145,-0.0688408464193344
12146,-0.0491069555282592
12147,-0.0590473935008049
12148,-0.0793493762612342
12149,-0.0604148916900157
12150,-0.029722386971116
12151,-0.0376455336809158
12152,-0.0663634613156318
12153,-0.0451043210923671
12154,-0.0350706838071346
12155,-0.03790183365345
12156,-0.064984917640686
12157,-0.0718947649002075
12158,-0.0703403949737548
12159,-0.0398286022245883
12160,-0.0705655887722969
12161,-0.0161881223320961
12162,-0.0437961742281913
12163,-0.0440532453358173
12164,-0.0269653145223855
12165,-0.0790242105722427
12166,-0.0678900852799415
12167,-0.0668414011597633
12168,-0.0526091903448104
12169,-0.0677638426423072
12170,-0.0508148930966854
12171,-0.0577584095299243
12172,-0.0708579719066619
12173,-0.0752128139138221
12174,-0.0634200796484947
12175,-0.0349959917366504
12176,-0.053675603121519
12177,-0.0569403655827045
12178,-0.0857831239700317
12179,-0.0577284581959247
12180,-0.0811438784003257
12181,-0.0516037084162235
12182,-0.109420895576477
12183,-0.1215196996927261
12184,-0.0883267149329185
12185,-0.073360338807106
12186,-0.0359541587531566
12187,-0.0602962970733642
12188,-0.0631627067923545
12189,-0.0934288650751113
12190,-0.0716548860073089
12191,-0.0801789090037345
12192,-0.0734075829386711
12193,-0.0752844288945198
12194,-0.0765944570302963
12195,-0.0737544819712638
12196,-0.0662866532802581
12197,-0.0870202630758285
12198,-0.0124202650040388
12199,-0.0798425450921058
12200,-0.0979167595505714
12201,-0.0864701271057128
12202,-0.0658102184534072
12203,-0.0632849335670471
12204,-0.0398854315280914
12205,-0.0380752906203269
12206,-0.0579942129552364
12207,-0.0161815825849771
12208,-0.0915793403983116
12209,-0.0610933639109134
12210,-0.0436142683029174
12211,-0.0741354599595069
12212,-0.081131026148796
12213,-0.0495415292680263
12214,-0.0699708834290504
12215,-0.0688063949346542
12216,-0.0716982334852218
12217,-0.0744453221559524
12218,-0.0768628492951393
12219,-0.0446428805589675
12220,-0.0625551789999008
12221,-0.0586110018193721
12222,-0.0807251706719398
12223,-0.0577053353190422
12224,-0.0777380019426345
12225,-0.0425908528268337
12226,-0.0535346381366252
12227,-0.0760175585746765
12228,-0.060778260231018
12229,-0.1065476313233375
12230,-0.0519218631088733
12231,-0.0576817542314529
12232,-0.0555893592536449
12233,-0.0641784071922302
12234,-0.0714639276266098
12235,-0.0195250753313303
12236,-0.0807598084211349
12237,-0.0518990643322467
12238,-0.0421885512769222
12239,-0.0687198266386985
12240,-0.0653591156005859
12241,-0.0379050262272357
12242,-0.0664687976241111
12243,-0.0593614317476749
12244,-0.0584880523383617
12245,-0.089322343468666
12246,-0.050891425460577
12247,-0.0371946394443511
12248,-0.0594491846859455
12249,-0.093509517610073
12250,-0.0858223885297775
12251,-0.0760913267731666
12252,-0.0148524707183241
12253,-0.0468428879976272
12254,-0.0316587686538696
12255,-0.0334441326558589
12256,-0.0594979673624038
12257,-0.0608012937009334
12258,-0.0532036982476711
12259,-0.0691026747226715
12260,-0.026686817407608
12261,-0.0522336773574352
12262,-0.0814587250351905
12263,-0.0710273683071136
12264,-0.0551368482410907
12265,-0.0563385561108589
12266,-0.0545316375792026
12267,-0.0540146827697753
12268,-0.0741250291466713
12269,-0.1097918450832367
12270,-0.0686513632535934
12271,-0.0723322480916976
12272,-0.0369561985135078
12273,-0.0407331176102161
12274,-0.0634955838322639
12275,-0.0750470906496048
12276,-0.0459122881293296
12277,-0.1195850223302841
12278,-0.0377862118184566
12279,-0.0575027614831924
12280,-0.0621659085154533
12281,-0.0460326857864856
12282,-0.075861170887947
12283,-0.05805080011487
12284,-0.0508908405900001
12285,-0.0463930107653141
12286,-0.0850608795881271
12287,-0.0676469877362251
12288,-0.0667149648070335
12289,-0.0501020848751068
12290,-0.0330500788986682
12291,-0.0674993395805358
12292,-0.0617977045476436
12293,-0.034879196435213
12294,-0.0824646577239036
12295,-0.0706846714019775
12296,-0.0644667446613311
12297,-0.0733642950654029
12298,-0.0208467952907085
12299,-0.0670837238430976
12300,-0.0402868799865245
12301,-0.040425170212984
12302,-0.0251569543033838
12303,-0.0477663353085517
12304,-0.0691336542367935
12305,-0.0389717407524585
12306,-0.0396001525223255
12307,-0.0400676913559436
12308,-0.0642818883061409
12309,-0.073977880179882
12310,-0.0094928480684757
12311,-0.064526654779911
12312,-0.0482905507087707
12313,-0.0797710716724395
12314,-0.0523619838058948
12315,-0.0745722353458404
12316,-0.0622604042291641
12317,-0.072502501308918
12318,-0.0669111087918281
12319,-0.0702644288539886
12320,-0.0696582943201065
12321,-0.0438738614320755
12322,-0.0308147203177213
12323,-0.0332249626517295
12324,-0.084793135523796
12325,-0.0885466858744621
12326,-0.0696689039468765
12327,-0.049885094165802
12328,-0.0354722328484058
12329,-0.0790304988622665
12330,-0.0643733218312263
12331,-0.0687378048896789
12332,-0.0795523151755333
12333,-0.065170407295227
12334,-0.0652279481291771
12335,-0.0574821308255195
12336,-0.0716657489538192
12337,-0.0652752071619033
12338,-0.0666124150156974
12339,-0.0748263373970985
12340,-0.0469970554113388
12341,-0.0289670433849096
12342,-0.0516424849629402
12343,-0.0847863182425499
12344,-0.0639484897255897
12345,-0.0627886354923248
12346,-0.0442907102406024
12347,-0.0803918913006782
12348,-0.0793593078851699
12349,-0.0779511705040931
12350,-0.0616947412490844
12351,-0.071510761976242
12352,-0.0806007385253906
12353,-0.0362074375152587
12354,-0.0445448011159896
12355,-0.0199539139866828
12356,-0.0360687710344791
12357,-0.0663190111517906
12358,-0.0596633478999137
12359,-0.0664482787251472
12360,-0.0775658413767814
12361,-0.0660590231418609
12362,-0.0413965247571468
12363,-0.0577705316245555
12364,-0.0842254608869552
12365,-0.0438073463737964
12366,-0.0498574562370777
12367,-0.0850029662251472
12368,-0.0732621997594833
12369,-0.0688990876078605
12370,-0.0488609187304973
12371,-0.0763845741748809
12372,-0.0824847966432571
12373,-0.0661355480551719
12374,-0.0600296929478645
12375,-0.077339082956314
12376,-0.0747828334569931
12377,-0.083276130259037
12378,-0.0710398107767105
12379,-0.0419250354170799
12380,-0.0464502722024917
12381,-0.0709216967225074
12382,-0.0538154579699039
12383,-0.0903081521391868
12384,-0.0979139357805252
12385,-0.0839554294943809
12386,-0.0740211531519889
12387,-0.0457449965178966
12388,-0.0493596158921718
12389,-0.0847048312425613
12390,-0.063529223203659
12391,-0.0733632817864418
12392,-0.0094930008053779
12393,-0.0742652490735054
12394,-0.073547177016735
12395,-0.056709561496973
12396,-0.0550560504198074
12397,-0.0460929907858371
12398,-0.0495950952172279
12399,-0.0602615028619766
12400,-0.0808886140584945
12401,-0.0546259209513664
12402,-0.0568478181958198
12403,-0.0224392637610435
12404,-0.0600058920681476
12405,-0.0628831982612609
12406,-0.0803116708993911
12407,-0.0617776997387409
12408,-0.0717058777809143
12409,-0.0301005374640226
12410,-0.0152507042512297
12411,-0.0711520910263061
12412,-0.0821161642670631
12413,-0.0324571542441844
12414,-0.0741410255432128
12415,-0.0266482178121805
12416,-0.0977073013782501
12417,-0.0842444896697998
12418,-0.0909654423594474
12419,-0.0632635504007339
12420,-0.0797953158617019
12421,-0.0617275759577751
12422,-0.0554147772490978
12423,-0.0689917132258415
12424,-0.0633212104439735
12425,-0.0194522589445114
12426,-0.0553705878555774
12427,-0.0749323964118957
12428,-0.0687514916062355
12429,-0.0568719990551471
12430,-0.0625305473804473
12431,-0.0764473006129264
12432,-0.1067126765847206
12433,-0.0633401349186897
12434,-0.0694198682904243
12435,-0.0714794397354126
12436,-0.0786682739853859
12437,-0.0945231914520263
12438,-0.0905624255537986
12439,-0.0617427378892898
12440,-0.0754152536392211
12441,-0.0626929774880409
12442,-0.0660968199372291
12443,-0.0556329749524593
12444,-0.0507308430969715
12445,-0.0952328220009803
12446,-0.0594077184796333
12447,-0.0799206644296646
12448,-0.0621066503226757
12449,-0.0814833417534828
12450,-0.0858183801174163
12451,-0.0808065012097358
12452,-0.0899534001946449
12453,-0.0942991077899932
12454,-0.0716114714741706
12455,-0.070107378065586
12456,-0.0583908632397651
12457,-0.0389750339090824
12458,-0.0734104365110397
12459,-0.0678191557526588
12460,-0.1002115830779075
12461,-0.0239832159131765
12462,-0.0262711737304925
12463,-0.0562514215707778
12464,-0.0692259669303894
12465,-0.0658846572041511
12466,-0.0626760348677635
12467,-0.0449034608900547
12468,-0.0581757500767707
12469,-0.068695843219757
12470,-0.0577890276908874
12471,-0.0641874372959137
12472,-0.0743764713406562
12473,-0.0850116685032844
12474,-0.0265321638435125
12475,-0.0824916735291481
12476,-0.0770168676972389
12477,-0.0375423617660999
12478,-0.0785001367330551
12479,-0.0517855323851108
12480,-0.0881897509098053
12481,-0.0910241603851318
12482,-0.0896269604563713
12483,-0.0515882819890975
12484,-0.0668346360325813
12485,-0.0770459994673729
12486,-0.0671460032463073
12487,-0.0773057416081428
12488,-0.0629593431949615
12489,-0.0409610196948051
12490,-0.0708818063139915
12491,-0.0671150460839271
12492,-0.0725356712937355
12493,-0.0750178918242454
12494,-0.0539319775998592
12495,-0.1081578657031059
12496,-0.0578625947237014
12497,-0.0795867219567298
12498,-0.0749928727746009
12499,-0.0746190473437309
12500,-0.0811448395252227
12501,-0.0652416869997978
12502,-0.0818945989012718
12503,-0.0684476941823959
12504,-0.0784813165664672
12505,-0.058052122592926
12506,-0.0590049885213375
12507,-0.0591070242226123
12508,-0.0698988661170005
12509,-0.0745510905981063
12510,-0.0500780753791332
12511,-0.0576581172645092
12512,-0.0400596521794796
12513,-0.0763155296444892
12514,-0.0635272338986396
12515,-0.0780005902051925
12516,-0.0551487319171428
12517,-0.0443762205541133
12518,-0.0503564178943634
12519,-0.0840006917715072
12520,-0.0663575306534767
12521,-0.062350545078516
12522,-0.073854349553585
12523,-0.0790912881493568
12524,-0.0744163542985916
12525,-0.0735944584012031
12526,-0.0822992324829101
12527,-0.0357758924365043
12528,-0.0749918594956398
12529,-0.0546573735773563
12530,-0.0438533164560794
12531,-0.0800221413373947
12532,-0.0699410811066627
12533,-0.04904555529356
12534,-0.0714283362030983
12535,-0.0692354813218116
12536,-0.0379040651023387
12537,-0.0595303326845169
12538,-0.0842039808630943
12539,-0.0631686821579933
12540,-0.0794370248913765
12541,-0.0670156329870224
12542,-0.0857122093439102
12543,-0.0900907814502716
12544,-0.0712799802422523
12545,-0.0356678739190101
12546,-0.0810160338878631
12547,-0.0691803619265556
12548,-0.083959050476551
12549,-0.0641515105962753
12550,-0.0792515948414802
12551,-0.0864627733826637
12552,-0.0850819870829582
12553,-0.0820308029651641
12554,-0.0858765840530395
12555,-0.0652675926685333
12556,-0.0659289211034774
12557,-0.0581113435328006
12558,-0.0891471281647682
12559,-0.0332044623792171
12560,-0.0308170709758996
12561,-0.0859359055757522
12562,-0.0519042760133743
12563,-0.0127219855785369
12564,-0.0733805075287818
12565,-0.0593459531664848
12566,-0.0241505596786737
12567,-0.0613360293209552
12568,-0.0558404326438903
12569,-0.0782693400979042
12570,-0.0592011474072933
12571,-0.0582793429493904
12572,-0.0684450045228004
12573,-0.0558807328343391
12574,-0.0157539620995521
12575,-0.0543873347342014
12576,-0.0263723898679018
12577,-0.0792624726891517
12578,-0.0834079831838607
12579,-0.0813713297247886
12580,-0.0594613142311573
12581,-0.0707205384969711
12582,-0.0977306365966796
12583,-0.0529096908867359
12584,-0.075635440647602
12585,-0.0734308958053588
12586,-0.0855670347809791
12587,-0.0637760981917381
12588,-0.054383497685194
12589,-0.0827501192688942
12590,-0.0875073745846748
12591,-0.0997970029711723
12592,-0.0365773253142833
12593,-0.045645073056221
12594,-0.0659764558076858
12595,-0.0401154905557632
12596,-0.0404700636863708
12597,-0.0833520144224166
12598,-0.047821782529354
12599,-0.0776020959019661
12600,-0.0744671300053596
12601,-0.0625347271561622
12602,-0.0461337976157665
12603,-0.0685630142688751
12604,-0.0988345816731453
12605,-0.056457731872797
12606,-0.0437507033348083
12607,-0.050089031457901
12608,-0.0549481846392154
12609,-0.0715650767087936
12610,-0.0475120358169078
12611,-0.0511580035090446
12612,-0.0424660928547382
12613,-0.058348074555397
12614,-0.0345828011631965
12615,-0.0584964230656623
12616,-0.088812842965126
12617,-0.0860890969634056
12618,-0.0551897026598453
12619,-0.0812013149261474
12620,-0.063649483025074
12621,-0.0597036406397819
12622,-0.0878001600503921
12623,-0.0809535905718803
12624,-0.045884896069765
12625,-0.0476767607033252
12626,-0.0203328039497137
12627,-0.0670100077986717
12628,-0.0912918224930763
12629,-0.013236173428595
12630,-0.0525145791471004
12631,-0.0382090099155902
12632,-0.0356947258114814
12633,-0.0811966061592102
12634,-0.0818382874131202
12635,-0.0878918319940567
12636,-0.0460393242537975
12637,-0.075038306415081
12638,-0.036641139537096
12639,-0.0471904948353767
12640,-0.0703170970082283
12641,-0.0654351785778999
12642,-0.0677457228302955
12643,-0.0431795604526996
12644,-0.0776994824409484
12645,-0.0733091309666633
12646,-0.0780957713723182
12647,-0.0500594116747379
12648,-0.0674718618392944
12649,-0.0197758451104164
12650,-0.0548678822815418
12651,-0.0673878788948059
12652,-0.0564584732055664
12653,-0.0771448612213134
12654,-0.072426751255989
12655,-0.0732195004820823
12656,-0.112611636519432
12657,-0.044532835483551
12658,-0.0479060597717762
12659,-0.0615949220955371
12660,-0.0905262976884841
12661,-0.0806068778038024
12662,-0.0811285451054573
12663,-0.0505975969135761
12664,-0.0359884090721607
12665,-0.0512940622866153
12666,-0.0547141432762146
12667,-0.0888935998082161
12668,-0.07444828748703
12669,-0.1042455434799194
12670,-0.0968251898884773
12671,-0.0565271712839603
12672,-0.0505333542823791
12673,-0.0700242817401886
12674,-0.0567783899605274
12675,-0.0611829347908496
12676,-0.0822956338524818
12677,-0.0815558582544326
12678,-0.0389087349176406
12679,-0.0813081637024879
12680,-0.068799689412117
12681,-0.0671572312712669
12682,-0.0204103421419858
12683,-0.0261914525181055
12684,-0.0792877674102783
12685,-0.0317962244153022
12686,-0.0691780000925064
12687,-0.055664163082838
12688,-0.0347730293869972
12689,-0.0538753606379032
12690,-0.0879082456231117
12691,-0.0360271520912647
12692,-0.0937303006649017
12693,-0.0354003049433231
12694,-0.0693878903985023
12695,-0.0494903586804866
12696,-0.0517425090074539
12697,-0.0641815438866615
12698,-0.0479922294616699
12699,-0.0784097090363502
12700,-0.0635836198925972
12701,-0.0578156635165214
12702,-0.0685343071818351
12703,-0.0791793838143348
12704,-0.0712526962161064
12705,-0.0719095319509506
12706,-0.0611024312674999
12707,-0.0409749932587146
12708,-0.0266065243631601
12709,-0.0689983293414115
12710,-0.0523700304329395
12711,-0.0713877007365226
12712,-0.0662614479660987
12713,-0.0939617082476615
12714,-0.0895363315939903
12715,-0.029201341792941
12716,-0.0982631221413612
12717,-0.0294579938054084
12718,-0.0631533414125442
12719,-0.0837951600551605
12720,-0.0376623310148716
12721,-0.0457994900643825
12722,-0.0892210751771926
12723,-0.0688802450895309
12724,-0.0649137198925018
12725,-0.0669359937310218
12726,-0.0885953530669212
12727,-0.0567943044006824
12728,-0.049810666590929
12729,-0.0319506339728832
12730,-0.0451348200440406
12731,-0.060063574463129
12732,-0.0176702812314033
12733,-0.024848461151123
12734,-0.071388728916645
12735,-0.0749929845333099
12736,-0.0982622727751731
12737,-0.0535561740398407
12738,-0.0855647847056388
12739,-0.0636922940611839
12740,-0.1051270440220832
12741,-0.0788294523954391
12742,-0.0217402856796979
12743,-0.0812628120183944
12744,-0.0382753685116767
12745,-0.0712129473686218
12746,-0.0167422723025083
12747,-0.0786089822649955
12748,-0.0932444110512733
12749,-0.0714604258537292
12750,-0.064452551305294
12751,-0.0740140378475189
12752,-0.0773559957742691
12753,-0.0611224956810474
12754,-0.0590845085680484
12755,-0.0399817042052745
12756,-0.0757373198866844
12757,-0.0850483030080795
12758,-0.0698917135596275
12759,-0.0479077585041523
12760,-0.05955021828413
12761,-0.0399013943970203
12762,-0.053048238158226
12763,-0.0382732041180133
12764,-0.0928020551800727
12765,-0.0524178780615329
12766,-0.0676043257117271
12767,-0.0378162004053592
12768,-0.0823795869946479
12769,-0.0430484563112258
12770,-0.0275946762412786
12771,-0.0890369191765785
12772,-0.0595191642642021
12773,-0.0290939416736364
12774,-0.0697743743658065
12775,-0.0833978429436683
12776,-0.0530802048742771
12777,-0.0595115162432193
12778,-0.074249044060707
12779,-0.0532601736485958
12780,-0.0799818038940429
12781,-0.0595647282898426
12782,-0.0782747715711593
12783,-0.0594894364476203
12784,-0.1137053817510604
12785,-0.0701674818992614
12786,-0.0365137942135334
12787,-0.1357436925172805
12788,-0.0749058574438095
12789,-0.0681491792201995
12790,-0.0721828639507293
12791,-0.0699187517166137
12792,-0.0762936919927597
12793,-0.0507604144513607
12794,-0.0850014314055442
12795,-0.0626581758260726
12796,-0.0781398937106132
12797,-0.0753506049513816
12798,-0.0686138868331909
12799,-0.0253359209746122
12800,-0.0603218264877796
12801,-0.0722217336297035
12802,-0.0981093570590019
12803,-0.083418034017086
12804,-0.0888092443346977
12805,-0.0283339954912662
12806,-0.0464720837771892
12807,-0.0719286426901817
12808,-0.0745600834488868
12809,-0.0877586305141449
12810,-0.0855034962296485
12811,-0.0504338927567005
12812,-0.0496703535318374
12813,-0.0770623981952667
12814,-0.0462525971233844
12815,-0.0816873461008071
12816,-0.066379390656948
12817,-0.0468502752482891
12818,-0.0795058384537696
12819,-0.1006598696112632
12820,-0.0807170420885086
12821,-0.0882107689976692
12822,-0.0347286388278007
12823,-0.060638204216957
12824,-0.0440281070768833
12825,-0.0659265369176864
12826,-0.0400200262665748
12827,-0.032704222947359
12828,-0.057787287980318
12829,-0.0623876713216304
12830,-0.030932992696762
12831,-0.0700950175523758
12832,-0.0576449632644653
12833,-0.0764065161347389
12834,-0.0941524878144264
12835,-0.0877965465188026
12836,-0.0941721498966217
12837,-0.0529152452945709
12838,-0.0690034031867981
12839,-0.0688099041581153
12840,-0.0790358632802963
12841,-0.0757480487227439
12842,-0.0614562109112739
12843,-0.0670973658561706
12844,-0.0521292127668857
12845,-0.0449475347995758
12846,-0.0411526151001453
12847,-0.0736218392848968
12848,-0.0479828864336013
12849,-0.0572278760373592
12850,-0.0952507629990577
12851,-0.0589856393635273
12852,-0.0667128413915634
12853,-0.0383618623018264
12854,-0.0259512830525636
12855,-0.0367911830544471
12856,-0.0424962975084781
12857,-0.0842228382825851
12858,-0.0148532437160611
12859,-0.0610664151608943
12860,-0.0770425349473953
12861,-0.0731847956776619
12862,-0.0925272479653358
12863,-0.0601936839520931
12864,-0.065573513507843
12865,-0.0322321988642215
12866,-0.0384324863553047
12867,-0.0638392791152
12868,-0.0633294880390167
12869,-0.0724424198269844
12870,-0.0584336854517459
12871,-0.0993791446089744
12872,-0.0713397338986396
12873,-0.0625999122858047
12874,-0.0346130728721618
12875,-0.0782304257154464
12876,-0.0902168527245521
12877,-0.0836692228913307
12878,-0.0540420226752758
12879,-0.0762237161397934
12880,-0.0948337689042091
12881,-0.0715597718954086
12882,-0.0664417520165443
12883,-0.0530170425772666
12884,-0.0292117334902286
12885,-0.0115750720724463
12886,-0.0534031800925731
12887,-0.0572521947324276
12888,-0.05629538372159
12889,-0.0849097594618797
12890,-0.0714920237660408
12891,-0.0667368322610855
12892,-0.0668477416038513
12893,-0.0834893509745597
12894,-0.0812351256608963
12895,-0.0617055892944335
12896,-0.0698056444525718
12897,-0.0687344744801521
12898,-0.0765736624598503
12899,-0.0778555124998092
12900,-0.0503399446606636
12901,-0.0828208848834037
12902,-0.0896449834108352
12903,-0.0782231390476226
12904,-0.0399517454206943
12905,-0.0691644325852394
12906,-0.0429215505719184
12907,-0.0771816149353981
12908,-0.0835245475172996
12909,-0.0677963271737098
12910,-0.0711639449000358
12911,-0.0882308259606361
12912,-0.046059276908636
12913,-0.0682447776198387
12914,-0.0420074053108692
12915,-0.0626451820135116
12916,-0.0743245258927345
12917,-0.0816206112504005
12918,-0.0687235966324806
12919,-0.1104813069105148
12920,-0.0493975169956684
12921,-0.0884541645646095
12922,-0.0491506159305572
12923,-0.0676754042506218
12924,-0.0793446749448776
12925,-0.0492198467254638
12926,-0.0720321461558342
12927,-0.0549806170165538
12928,-0.0441246703267097
12929,-0.0425404459238052
12930,-0.0340264290571212
12931,-0.0219790153205394
12932,-0.0930887386202812
12933,-0.0871994793415069
12934,-0.0232109818607568
12935,-0.0957027897238731
12936,-0.0499869473278522
12937,-0.0801202282309532
12938,-0.0742015689611435
12939,-0.0933227092027664
12940,-0.0576069764792919
12941,-0.0614154264330863
12942,-0.0375180579721927
12943,-0.0807461440563201
12944,-0.079327143728733
12945,-0.0820646807551384
12946,-0.0276309214532375
12947,-0.0175567027181386
12948,-0.0312836468219757
12949,-0.0717174634337425
12950,-0.0641279965639114
12951,-0.066059373319149
12952,-0.0385110862553119
12953,-0.0777037292718887
12954,-0.0889948159456253
12955,-0.0664258226752281
12956,-0.0664396062493324
12957,-0.0751291885972023
12958,-0.0424777939915657
12959,-0.0788394585251808
12960,-0.0480582676827907
12961,-0.0583146475255489
12962,-0.0883707404136657
12963,-0.0535728000104427
12964,-0.0769090428948402
12965,-0.0756639689207077
12966,-0.0672749429941177
12967,-0.0729077830910682
12968,-0.0570012331008911
12969,-0.0402346104383468
12970,-0.0803463459014892
12971,-0.0436320789158344
12972,-0.0836444869637489
12973,-0.0128531763330101
12974,-0.0439192466437816
12975,-0.0574871115386486
12976,-0.0724654719233512
12977,-0.0391969755291938
12978,-0.0427715145051479
12979,-0.081896848976612
12980,-0.0741915479302406
12981,-0.0877877622842788
12982,-0.054438579827547
12983,-0.0506393201649189
12984,-0.0675888583064079
12985,-0.0988627895712852
12986,-0.0502341277897357
12987,-0.0668436959385871
12988,-0.0726904869079589
12989,-0.0170272905379533
12990,-0.0830395370721817
12991,-0.0655468702316284
12992,-0.0326221249997615
12993,-0.0928215086460113
12994,-0.0789125338196754
12995,-0.0384780801832675
12996,-0.0891735181212425
12997,-0.0840092673897743
12998,-0.0255591440945863
12999,-0.1045966669917106
13000,-0.0399566031992435
13001,-0.0720695108175277
13002,-0.0377984717488288
13003,-0.0796809867024421
13004,-0.0455154366791248
13005,-0.0611375458538532
13006,-0.0546814948320388
13007,-0.0614583492279052
13008,-0.0520107336342334
13009,-0.0704956948757171
13010,-0.0483632087707519
13011,-0.0838162377476692
13012,-0.0621378570795059
13013,-0.0706088319420814
13014,-0.05966692045331
13015,-0.076285682618618
13016,-0.0535924881696701
13017,-0.0605017207562923
13018,-0.0459639951586723
13019,-0.0331734269857406
13020,-0.0508475638926029
13021,-0.0652704089879989
13022,-0.0347110815346241
13023,-0.0529377050697803
13024,-0.0746198892593383
13025,-0.0427385941147804
13026,-0.074830949306488
13027,-0.0450171716511249
13028,-0.0623330660164356
13029,-0.094046339392662
13030,-0.0741440057754516
13031,-0.0755154564976692
13032,-0.0730861350893974
13033,-0.0444476157426834
13034,-0.0203204602003097
13035,-0.0594750382006168
13036,-0.0507799573242664
13037,-0.0747723430395126
13038,-0.0561435557901859
13039,-0.0667708590626716
13040,-0.0780437365174293
13041,-0.0711965039372444
13042,-0.0608711503446102
13043,-0.0392460823059082
13044,-0.0712377652525901
13045,-0.0762644186615943
13046,-0.073138877749443
13047,-0.0823171809315681
13048,-0.0636097267270088
13049,-0.0553202368319034
13050,-0.0741528645157814
13051,-0.0745579674839973
13052,-0.0305981375277042
13053,-0.0709269791841507
13054,-0.0261587034910917
13055,-0.0655633136630058
13056,-0.0997587442398071
13057,-0.0569943711161613
13058,-0.0765819326043129
13059,-0.0782371535897255
13060,-0.0248396042734384
13061,-0.0538421049714088
13062,-0.0660361945629119
13063,-0.1009819060564041
13064,-0.0553251281380653
13065,-0.0603443197906017
13066,-0.0640759915113449
13067,-0.0395374186336994
13068,-0.0473820492625236
13069,-0.0462047047913074
13070,-0.0762926414608955
13071,-0.0496272407472133
13072,-0.1216444596648216
13073,-0.0337180979549884
13074,-0.043043565005064
13075,-0.0395447015762329
13076,-0.0810595005750656
13077,-0.0835732445120811
13078,-0.0701659470796585
13079,-0.03875183314085
13080,-0.0315512903034687
13081,-0.0644779056310653
13082,-0.0670350790023803
13083,-0.0868155732750892
13084,-0.078492060303688
13085,-0.0712792426347732
13086,-0.0387983135879039
13087,-0.0685048550367355
13088,-0.0819913372397422
13089,-0.0279852878302335
13090,-0.0550689361989498
13091,-0.0583866238594055
13092,-0.0381846092641353
13093,-0.0730947479605674
13094,-0.065212070941925
13095,-0.0765405446290969
13096,-0.0165067985653877
13097,-0.0604574494063854
13098,-0.0413710325956344
13099,-0.0807673037052154
13100,-0.0489414073526859
13101,-0.0195183381438255
13102,-0.0545266568660736
13103,-0.075190246105194
13104,-0.092064581811428
13105,-0.0650777369737625
13106,-0.0482146628201007
13107,-0.0668344944715499
13108,-0.0855952277779579
13109,-0.0486913211643695
13110,-0.0751655325293541
13111,-0.0877585038542747
13112,-0.0466022975742816
13113,-0.0383609160780906
13114,-0.0642034411430358
13115,-0.0487173609435558
13116,-0.070977009832859
13117,-0.087105706334114
13118,-0.0454010888934135
13119,-0.0529163219034671
13120,-0.0574685335159301
13121,-0.0836855843663215
13122,-0.057986069470644
13123,-0.063871182501316
13124,-0.0569208860397338
13125,-0.0099022816866636
13126,-0.0637428760528564
13127,-0.0693048164248466
13128,-0.099346287548542
13129,-0.081115685403347
13130,-0.0559331253170967
13131,-0.0729613155126571
13132,-0.0676383078098297
13133,-0.0885844230651855
13134,-0.0644160881638526
13135,-0.055420808494091
13136,-0.0532063357532024
13137,-0.0165055394172668
13138,-0.0835416987538337
13139,-0.0602055266499519
13140,-0.0788166150450706
13141,-0.0415162406861782
13142,-0.0542466826736927
13143,-0.0794210582971572
13144,-0.0435415357351303
13145,-0.0658954158425331
13146,-0.0597839504480361
13147,-0.070349745452404
13148,-0.0662872195243835
13149,-0.0699235722422599
13150,-0.0810448750853538
13151,-0.0767965465784072
13152,-0.0440926328301429
13153,-0.059084840118885
13154,-0.0957699865102768
13155,-0.0451113767921924
13156,-0.0755211412906646
13157,-0.0461544059216976
13158,-0.0308341030031442
13159,-0.0173051301389932
13160,-0.0786224976181984
13161,-0.0917847380042076
13162,-0.0738500729203224
13163,-0.0718622282147407
13164,-0.0781261548399925
13165,-0.0905618146061897
13166,-0.0646326914429664
13167,-0.0696880519390106
13168,-0.0729903876781463
13169,-0.0761099681258201
13170,-0.0162718575447797
13171,-0.0788182988762855
13172,-0.0588069893419742
13173,-0.073075458407402
13174,-0.0579572208225727
13175,-0.057382483035326
13176,-0.0585545226931571
13177,-0.0436158329248428
13178,-0.0761959627270698
13179,-0.082423485815525
13180,-0.0480718947947025
13181,-0.0825543999671936
13182,-0.0279374364763498
13183,-0.0436168797314167
13184,-0.0687086880207061
13185,-0.0695099458098411
13186,-0.0891444236040115
13187,-0.0769725665450096
13188,-0.0819359198212623
13189,-0.012105880305171
13190,-0.0568139888346195
13191,-0.1101000905036926
13192,-0.0618636012077331
13193,-0.0693131238222122
13194,-0.0383146815001964
13195,-0.0180650018155574
13196,-0.0987137407064437
13197,-0.0968648046255111
13198,-0.0430247262120246
13199,-0.0228313505649566
13200,-0.0465234853327274
13201,-0.0737704262137413
13202,-0.0714436471462249
13203,-0.0756012871861457
13204,-0.0855496078729629
13205,-0.0737079232931137
13206,-0.0388005301356315
13207,-0.0931004807353019
13208,-0.0420728921890258
13209,-0.0588061548769474
13210,-0.0520679950714111
13211,-0.0752303972840309
13212,-0.070915974676609
13213,-0.0443029180169105
13214,-0.0867898687720298
13215,-0.0526240020990371
13216,-0.0731060430407524
13217,-0.0428354330360889
13218,-0.0429919697344303
13219,-0.0555801652371883
13220,-0.089959017932415
13221,-0.0654718875885009
13222,-0.0363759137690067
13223,-0.0688225999474525
13224,-0.0301608517765998
13225,-0.0669718831777572
13226,-0.0772421211004257
13227,-0.0779373124241828
13228,-0.0563996694982051
13229,-0.0170478001236915
13230,-0.0308069977909326
13231,-0.046665608882904
13232,-0.0548313744366169
13233,-0.0271753687411546
13234,-0.0697044730186462
13235,-0.08460284024477
13236,-0.0737655162811279
13237,-0.0565897300839424
13238,-0.0596115998923778
13239,-0.0387272760272026
13240,-0.0737581774592399
13241,-0.0737425461411476
13242,-0.0806145668029785
13243,-0.0863207504153251
13244,-0.0492959879338741
13245,-0.0717454031109809
13246,-0.0206368174403905
13247,-0.0691534131765365
13248,-0.0954707860946655
13249,-0.059975691139698
13250,-0.0789982602000236
13251,-0.0843094289302825
13252,-0.0822283700108528
13253,-0.0370877757668495
13254,-0.0874336585402488
13255,-0.1060535386204719
13256,-0.056241288781166
13257,-0.0692874565720558
13258,-0.0815162435173988
13259,-0.0757889077067375
13260,-0.0441731698811054
13261,-0.0535144470632076
13262,-0.0364935398101806
13263,-0.0812742710113525
13264,-0.0192719940096139
13265,-0.0771086513996124
13266,-0.1011706814169883
13267,-0.0905019864439964
13268,-0.0596348568797111
13269,-0.0620014145970344
13270,-0.0954461842775344
13271,-0.0882304161787033
13272,-0.0783314853906631
13273,-0.0682268515229225
13274,-0.0847039520740509
13275,-0.101378820836544
13276,-0.052135169506073
13277,-0.0618148446083068
13278,-0.0700736716389656
13279,-0.0382393300533294
13280,-0.0682638064026832
13281,-0.0793358460068702
13282,-0.0637323483824729
13283,-0.0463310256600379
13284,-0.0308902002871036
13285,-0.0266567301005125
13286,-0.0300584807991981
13287,-0.0754703283309936
13288,-0.0502592623233795
13289,-0.1030460372567176
13290,-0.0586053468286991
13291,-0.0504419282078743
13292,-0.0614742450416088
13293,-0.0162073504179716
13294,-0.0790500715374946
13295,-0.0478629656136035
13296,-0.0631797090172767
13297,-0.0602229833602905
13298,-0.043549820780754
13299,-0.0227252524346113
13300,-0.0468246899545192
13301,-0.0311767701059579
13302,-0.0449622087180614
13303,-0.0723962485790252
13304,-0.0514145791530609
13305,-0.0669083818793296
13306,-0.0841722935438156
13307,-0.076360784471035
13308,-0.0665295720100402
13309,-0.0608783848583698
13310,-0.0831056013703346
13311,-0.0775758549571037
13312,-0.0304430983960628
13313,-0.0229567680507898
13314,-0.0390232764184474
13315,-0.0500607229769229
13316,-0.0726158395409584
13317,-0.0563391521573066
13318,-0.0464403815567493
13319,-0.0648913756012916
13320,-0.1154377982020378
13321,-0.0618347004055976
13322,-0.0658339485526084
13323,-0.0492772944271564
13324,-0.0783083736896514
13325,-0.049372348934412
13326,-0.0788894742727279
13327,-0.0746927633881568
13328,-0.0457883365452289
13329,-0.0741052031517028
13330,-0.0673284903168678
13331,-0.1022640615701675
13332,-0.0576116777956485
13333,-0.0367281958460807
13334,-0.0512703955173492
13335,-0.0689369812607765
13336,-0.058734968304634
13337,-0.052272405475378
13338,-0.0456262826919555
13339,-0.0452122278511524
13340,-0.0590696074068546
13341,-0.0795942246913909
13342,-0.0341333448886871
13343,-0.0613233707845211
13344,-0.0349973775446414
13345,-0.0384563691914081
13346,-0.0657537132501602
13347,-0.0714101791381836
13348,-0.041695237159729
13349,-0.0550034530460834
13350,-0.0578157305717468
13351,-0.064040794968605
13352,-0.0317764170467853
13353,-0.0696453154087066
13354,-0.0792437568306922
13355,-0.0829997882246971
13356,-0.0694870799779892
13357,-0.0768112242221832
13358,-0.0479204133152961
13359,-0.042385958135128
13360,-0.063409186899662
13361,-0.0928975716233253
13362,-0.0744784027338028
13363,-0.0216330345720052
13364,-0.0691569522023201
13365,-0.011772233992815
13366,-0.0290616583079099
13367,-0.0558286719024181
13368,-0.0720976963639259
13369,-0.0858263671398162
13370,-0.0356915742158889
13371,-0.0686942115426063
13372,-0.0255250930786132
13373,-0.0512974746525287
13374,-0.0398526862263679
13375,-0.0870085060596466
13376,-0.0717935487627983
13377,-0.0662542432546615
13378,-0.0849573165178299
13379,-0.0711186081171035
13380,-0.0793888047337532
13381,-0.0929653197526931
13382,-0.0885015875101089
13383,-0.0782256200909614
13384,-0.0572256259620189
13385,-0.0594493821263313
13386,-0.0653468668460846
13387,-0.055832453072071
13388,-0.0668862462043762
13389,-0.0385097153484821
13390,-0.0365985035896301
13391,-0.0498447902500629
13392,-0.1000450700521469
13393,-0.0497163049876689
13394,-0.0270250346511602
13395,-0.0915664136409759
13396,-0.0287368595600128
13397,-0.1171443313360214
13398,-0.0650786161422729
13399,-0.0631888881325721
13400,-0.0616134889423847
13401,-0.0513109266757965
13402,-0.0506824739277362
13403,-0.0868065580725669
13404,-0.0584047511219978
13405,-0.0495547018945217
13406,-0.0178806316107511
13407,-0.1056767851114273
13408,-0.0701118186116218
13409,-0.0492752604186534
13410,-0.0674867257475853
13411,-0.0734393373131752
13412,-0.0358259938657283
13413,-0.0800536274909973
13414,-0.0572534091770648
13415,-0.0449689887464046
13416,-0.1037802472710609
13417,-0.034408189356327
13418,-0.0728346407413482
13419,-0.0793532505631446
13420,-0.069165363907814
13421,-0.0948980525135994
13422,-0.069540798664093
13423,-0.0605641677975654
13424,-0.0631046965718269
13425,-0.0411915965378284
13426,-0.0350663401186466
13427,-0.0723263546824455
13428,-0.0493126511573791
13429,-0.085300363600254
13430,-0.0260813292115926
13431,-0.0819048509001731
13432,-0.0557190366089344
13433,-0.059548869729042
13434,-0.0699823051691055
13435,-0.0668758600950241
13436,-0.0761344581842422
13437,-0.0582439303398132
13438,-0.0770284757018089
13439,-0.0271679461002349
13440,-0.0278264414519071
13441,-0.0635724142193794
13442,-0.0232168175280094
13443,-0.0802491307258606
13444,-0.0727755576372146
13445,-0.089426077902317
13446,-0.0311800371855497
13447,-0.0903408005833625
13448,-0.0701787918806076
13449,-0.0608064085245132
13450,-0.0901162400841713
13451,-0.0532415844500064
13452,-0.0689799860119819
13453,-0.0762105137109756
13454,-0.0589677616953849
13455,-0.0474213324487209
13456,-0.0732284560799598
13457,-0.0555486269295215
13458,-0.0914513170719146
13459,-0.0745778903365135
13460,-0.0068599642254412
13461,-0.0411490797996521
13462,-0.0658744797110557
13463,-0.0639189332723617
13464,-0.0546468012034893
13465,-0.0739816054701805
13466,-0.0564828850328922
13467,-0.0735272169113159
13468,-0.0537097975611686
13469,-0.044821310788393
13470,-0.0743229910731315
13471,-0.020856013521552
13472,-0.0502181835472583
13473,-0.0878243520855903
13474,-0.0562400631606578
13475,-0.0778795182704925
13476,-0.066207468509674
13477,-0.0715931802988052
13478,-0.0588253811001777
13479,-0.0371334180235862
13480,-0.0622773915529251
13481,-0.0834495574235916
13482,-0.0285076759755611
13483,-0.0499596484005451
13484,-0.0563559792935848
13485,-0.0676522627472877
13486,-0.057333018630743
13487,-0.0761226564645767
13488,-0.0885479971766471
13489,-0.0652625858783721
13490,-0.0427757576107978
13491,-0.0693399235606193
13492,-0.0656798705458641
13493,-0.0685776099562645
13494,-0.0479991659522056
13495,-0.0484594963490963
13496,-0.0734937191009521
13497,-0.065926045179367
13498,-0.0774698257446289
13499,-0.0113957608118653
13500,-0.0432243831455707
13501,-0.0740921646356582
13502,-0.0724295526742935
13503,-0.0348777323961257
13504,-0.037776555866003
13505,-0.0278670787811279
13506,-0.0850264355540275
13507,-0.0598132088780403
13508,-0.0869169309735298
13509,-0.0312490668147802
13510,-0.0760653614997863
13511,-0.0562894940376281
13512,-0.0445964820683002
13513,-0.0632322281599044
13514,-0.052244484424591
13515,-0.0772589966654777
13516,-0.0355302840471267
13517,-0.0612039752304554
13518,-0.0743510201573371
13519,-0.0572944208979606
13520,-0.0620905309915542
13521,-0.0299011040478944
13522,-0.0651201531291008
13523,-0.0279974211007356
13524,-0.0749104842543602
13525,-0.0635789856314659
13526,-0.0647463575005531
13527,-0.0981648415327072
13528,-0.0674564614892005
13529,-0.0752880945801734
13530,-0.077401615679264
13531,-0.0702365487813949
13532,-0.0834449231624603
13533,-0.0406415648758411
13534,-0.0686699077486991
13535,-0.0691915228962898
13536,-0.0571385957300663
13537,-0.0401915982365608
13538,-0.0779496654868125
13539,-0.0836973264813423
13540,-0.0591358691453933
13541,-0.0542652606964111
13542,-0.0550281889736652
13543,-0.0421218611299991
13544,-0.0425355844199657
13545,-0.0741903558373451
13546,-0.0734207555651664
13547,-0.0612632893025875
13548,-0.0562062598764896
13549,-0.0622485466301441
13550,-0.0742199122905731
13551,-0.0240541361272335
13552,-0.0629136189818382
13553,-0.0589657165110111
13554,-0.0444134138524532
13555,-0.0683505237102508
13556,-0.0883334130048751
13557,-0.0272595658898353
13558,-0.0608529597520828
13559,-0.0701204389333725
13560,-0.0670877620577812
13561,-0.1125303655862808
13562,-0.0754803717136383
13563,-0.0571924000978469
13564,-0.0677985697984695
13565,-0.0872268229722976
13566,-0.0761101767420768
13567,-0.068268708884716
13568,-0.062757097184658
13569,-0.0758868902921676
13570,-0.0644622519612312
13571,-0.014359001070261
13572,-0.0410852171480655
13573,-0.0629883632063865
13574,-0.0868194475769996
13575,-0.0712573751807212
13576,-0.1021531671285629
13577,-0.0611951276659965
13578,-0.0188026130199432
13579,-0.0322920978069305
13580,-0.0539961047470569
13581,-0.0583329200744628
13582,-0.0624434016644954
13583,-0.0743390396237373
13584,-0.0666455999016761
13585,-0.0739130303263664
13586,-0.0578861907124519
13587,-0.0541698224842548
13588,-0.0635182783007621
13589,-0.082206517457962
13590,-0.0847242921590805
13591,-0.0469300337135791
13592,-0.069749116897583
13593,-0.0580762103199958
13594,-0.0926999226212501
13595,-0.0773703828454017
13596,-0.0858567282557487
13597,-0.0922198444604873
13598,-0.0672483220696449
13599,-0.05995674431324
13600,-0.0900267362594604
13601,-0.0954606384038925
13602,-0.0941027179360389
13603,-0.0733298361301422
13604,-0.0823408216238021
13605,-0.0890613421797752
13606,-0.0600860528647899
13607,-0.066907525062561
13608,-0.0634509846568107
13609,-0.0750515908002853
13610,-0.0629359930753707
13611,-0.0449783615767955
13612,-0.0875638723373413
13613,-0.0891449749469757
13614,-0.0714263394474983
13615,-0.0511727258563041
13616,-0.04086185246706
13617,-0.0760202407836914
13618,-0.0842744633555412
13619,-0.047722652554512
13620,-0.074146457016468
13621,-0.0396346449851989
13622,-0.0739150717854499
13623,-0.0624385960400104
13624,-0.057959783822298
13625,-0.0785893201828002
13626,-0.0886979475617408
13627,-0.046551801264286
13628,-0.0769613161683082
13629,-0.0807745829224586
13630,-0.0479237549006938
13631,-0.0811272487044334
13632,-0.0502646826207637
13633,-0.0844514742493629
13634,-0.0585726499557495
13635,-0.0475409515202045
13636,-0.0840000361204147
13637,-0.0605036206543445
13638,-0.04164270311594
13639,-0.0583181381225585
13640,-0.0635354295372963
13641,-0.0585305839776992
13642,-0.0469579249620437
13643,-0.0397842973470687
13644,-0.0402881167829036
13645,-0.0104914046823978
13646,-0.0865905955433845
13647,-0.0630465373396873
13648,-0.0232357177883386
13649,-0.093420535326004
13650,-0.072011798620224
13651,-0.0268261656165123
13652,-0.0395476855337619
13653,-0.0638326704502105
13654,-0.080878734588623
13655,-0.0721851363778114
13656,-0.075400024652481
13657,-0.0639455690979957
13658,-0.0621258690953254
13659,-0.03965899720788
13660,-0.0822437331080436
13661,-0.0427654534578323
13662,-0.0281513333320617
13663,-0.0714205801486969
13664,-0.0957760214805603
13665,-0.0393557213246822
13666,-0.0764905884861946
13667,-0.0592941530048847
13668,-0.070486880838871
13669,-0.0519007332623004
13670,-0.0486238896846771
13671,-0.0497802309691906
13672,-0.0774321183562278
13673,-0.0551700182259082
13674,-0.1044881343841552
13675,-0.0600565336644649
13676,-0.0572747327387332
13677,-0.0505464635789394
13678,-0.0828190669417381
13679,-0.0938757434487342
13680,-0.0462140329182148
13681,-0.0727980509400367
13682,-0.1271248161792755
13683,-0.0884529128670692
13684,-0.0571412034332752
13685,-0.0433610752224922
13686,-0.0687013044953346
13687,-0.0549263022840023
13688,-0.085785686969757
13689,-0.0697512999176979
13690,-0.0709994509816169
13691,-0.0674903765320777
13692,-0.0492347031831741
13693,-0.0435021370649337
13694,-0.0813260078430175
13695,-0.0916465669870376
13696,-0.0751017108559608
13697,-0.0548575073480606
13698,-0.0772764310240745
13699,-0.0855130553245544
13700,-0.0287624672055244
13701,-0.0697831660509109
13702,-0.0934352651238441
13703,-0.0630307421088218
13704,-0.0772105306386947
13705,-0.0603337213397026
13706,-0.0639473348855972
13707,-0.0987727120518684
13708,-0.0745434463024139
13709,-0.018464958295226
13710,-0.0589881725609302
13711,-0.0414151698350906
13712,-0.0803972110152244
13713,-0.0692724511027336
13714,-0.0947972312569618
13715,-0.050745453685522
13716,-0.0755239501595497
13717,-0.0361011028289794
13718,-0.0591548345983028
13719,-0.0827737227082252
13720,-0.0964440107345581
13721,-0.0660611018538475
13722,-0.0216050986200571
13723,-0.0464711785316467
13724,-0.0612654834985733
13725,-0.0711273327469825
13726,-0.0620830804109573
13727,-0.0627187266945838
13728,-0.055747166275978
13729,-0.0982939079403877
13730,-0.0896644443273544
13731,-0.0759615302085876
13732,-0.0507647320628166
13733,-0.0887956395745277
13734,-0.0367058701813221
13735,-0.0385431312024593
13736,-0.0857735723257064
13737,-0.0755442008376121
13738,-0.0425233766436576
13739,-0.0295892488211393
13740,-0.0728633627295494
13741,-0.0243991073220968
13742,-0.0677662268280983
13743,-0.0423653051257133
13744,-0.0249615218490362
13745,-0.0631600990891456
13746,-0.0719606652855873
13747,-0.0470165759325027
13748,-0.083078034222126
13749,-0.0698862448334693
13750,-0.0671546384692192
13751,-0.067983940243721
13752,-0.0782485231757164
13753,-0.0337652638554573
13754,-0.0601390525698661
13755,-0.0366791449487209
13756,-0.0565645955502986
13757,-0.0476258918642997
13758,-0.0522737391293048
13759,-0.0684610605239868
13760,-0.0363249816000461
13761,-0.0131309395655989
13762,-0.0709879696369171
13763,-0.0782904624938964
13764,-0.0298548676073551
13765,-0.0728933066129684
13766,-0.0842615589499473
13767,-0.0564106293022632
13768,-0.0934148877859115
13769,-0.0167472194880247
13770,-0.042201854288578
13771,-0.036162007600069
13772,-0.030612776055932
13773,-0.0340469479560852
13774,-0.0651779994368553
13775,-0.0665034726262092
13776,-0.039513424038887
13777,-0.0240411348640918
13778,-0.070826843380928
13779,-0.058743979781866
13780,-0.0662672668695449
13781,-0.11395825445652
13782,-0.0697530135512352
13783,-0.0492989607155323
13784,-0.0539529919624328
13785,-0.0569748543202877
13786,-0.0327758900821208
13787,-0.075087584555149
13788,-0.0190268233418464
13789,-0.0705928280949592
13790,-0.0713541358709335
13791,-0.0327995419502258
13792,-0.0475210398435592
13793,-0.0243700817227363
13794,-0.0596853084862232
13795,-0.0213332157582044
13796,-0.0743947997689247
13797,-0.0927160456776619
13798,-0.0782194063067436
13799,-0.069612942636013
13800,-0.0360332205891609
13801,-0.0925465002655983
13802,-0.0728218853473663
13803,-0.0651274695992469
13804,-0.0410890392959117
13805,-0.0469037815928459
13806,-0.0465791895985603
13807,-0.0706934705376625
13808,-0.0566331408917903
13809,-0.053065113723278
13810,-0.087771326303482
13811,-0.0779018998146057
13812,-0.040611557662487
13813,-0.072646677494049
13814,-0.0474261716008186
13815,-0.0752569809556007
13816,-0.0569603629410266
13817,-0.0596603490412235
13818,-0.0882814079523086
13819,-0.0429621525108814
13820,-0.0727676525712013
13821,-0.0659171119332313
13822,-0.0742774084210395
13823,-0.0573650598526001
13824,-0.0756926164031028
13825,-0.0858181565999984
13826,-0.0642318353056907
13827,-0.0411807522177696
13828,-0.0321263559162616
13829,-0.0507947355508804
13830,-0.081362597644329
13831,-0.070803552865982
13832,-0.0601589232683181
13833,-0.0507482662796974
13834,-0.0650344043970108
13835,-0.0835467353463172
13836,-0.033880341798067
13837,-0.0388967879116535
13838,-0.0807365328073501
13839,-0.04987782984972
13840,-0.0854814201593399
13841,-0.0755767524242401
13842,-0.08394455909729
13843,-0.096486285328865
13844,-0.0816443189978599
13845,-0.0729427635669708
13846,-0.0723541602492332
13847,-0.0438887104392051
13848,-0.0629820972681045
13849,-0.067148670554161
13850,-0.0624482557177543
13851,-0.0525919124484062
13852,-0.0745989456772804
13853,-0.0677739158272743
13854,-0.0809326171875
13855,-0.0594443157315254
13856,-0.0445578098297119
13857,-0.0655624121427536
13858,-0.0470309518277645
13859,-0.0408401973545551
13860,-0.0278804507106542
13861,-0.0731996521353721
13862,-0.0703926682472229
13863,-0.0467145629227161
13864,-0.1005467101931572
13865,-0.0519161894917488
13866,-0.0572323612868785
13867,-0.067067727446556
13868,-0.0640168264508247
13869,-0.0454539991915226
13870,-0.045388851314783
13871,-0.1113345995545387
13872,-0.0683874264359474
13873,-0.0426847375929355
13874,-0.0731957480311393
13875,-0.0911967977881431
13876,-0.1153299808502197
13877,-0.0743349641561508
13878,-0.0769701972603797
13879,-0.0574770830571651
13880,-0.0732602179050445
13881,-0.0843345671892166
13882,-0.0774633958935737
13883,-0.0290577672421932
13884,-0.0784154012799263
13885,-0.0625865012407302
13886,-0.0716576874256134
13887,-0.0214650370180606
13888,-0.0907866433262825
13889,-0.0596007443964481
13890,-0.0402457900345325
13891,-0.0816322490572929
13892,-0.0591441318392753
13893,-0.0872094482183456
13894,-0.0645389854907989
13895,-0.0686580911278724
13896,-0.0858845338225364
13897,-0.0118477391079068
13898,-0.036203671246767
13899,-0.0436278469860553
13900,-0.039623312652111
13901,-0.06942680478096
13902,-0.0470939688384532
13903,-0.054566491395235
13904,-0.0776527896523475
13905,-0.0917227044701576
13906,-0.0296471789479255
13907,-0.0715380758047103
13908,-0.066457949578762
13909,-0.0466783866286277
13910,-0.0646816492080688
13911,-0.0119692869484424
13912,-0.042312566190958
13913,-0.0802030935883522
13914,-0.0600224807858467
13915,-0.0493010804057121
13916,-0.0831352844834327
13917,-0.0912317931652069
13918,-0.0220838002860546
13919,-0.0087858876213431
13920,-0.0495561100542545
13921,-0.0678217411041259
13922,-0.0366583094000816
13923,-0.0864346995949745
13924,-0.0611492283642292
13925,-0.0717782154679298
13926,-0.0438137203454971
13927,-0.0697713941335678
13928,-0.0770764201879501
13929,-0.0892064943909645
13930,-0.0573319680988788
13931,-0.0713451281189918
13932,-0.1111538410186767
13933,-0.0210269708186388
13934,-0.0793934762477874
13935,-0.0739984139800071
13936,-0.0548379831016063
13937,-0.0559707544744014
13938,-0.0453506894409656
13939,-0.0613871365785598
13940,-0.0684819519519805
13941,-0.0281185880303382
13942,-0.0736993849277496
13943,-0.0431822724640369
13944,-0.0421558879315853
13945,-0.055027563124895
13946,-0.0796609222888946
13947,-0.0633508786559104
13948,-0.0725737586617469
13949,-0.0593113824725151
13950,-0.0275035072118043
13951,-0.0784175246953964
13952,-0.0676031187176704
13953,-0.0667194947600364
13954,-0.051192607730627
13955,-0.0742168650031089
13956,-0.0572184734046459
13957,-0.0819581001996994
13958,-0.0351198315620422
13959,-0.0743313431739807
13960,-0.0471594743430614
13961,-0.0729088485240936
13962,-0.0829674527049064
13963,-0.0629385486245155
13964,-0.0815197229385376
13965,-0.0782697275280952
13966,-0.0835594534873962
13967,-0.0159817468374967
13968,-0.0622749328613281
13969,-0.027411300688982
13970,-0.0532387420535087
13971,-0.0774689242243766
13972,-0.029716495424509
13973,-0.045253038406372
13974,-0.0800737962126731
13975,-0.0921173766255378
13976,-0.0293235685676336
13977,-0.0791708454489708
13978,-0.0532866008579731
13979,-0.070131741464138
13980,-0.0870110765099525
13981,-0.0881593376398086
13982,-0.0775151997804641
13983,-0.0605829507112503
13984,-0.0706867799162864
13985,-0.043669257313013
13986,-0.0514099970459938
13987,-0.0767082273960113
13988,-0.07410229742527
13989,-0.0797424688935279
13990,-0.0713992640376091
13991,-0.0090455366298556
13992,-0.0586149580776691
13993,-0.0800783112645149
13994,-0.0738100633025169
13995,-0.0754907503724098
13996,-0.0696996822953224
13997,-0.1022848710417747
13998,-0.0643377751111984
13999,-0.0278887953609228
14000,-0.0576926991343498
14001,-0.0803728625178337
14002,-0.0730834379792213
14003,-0.0782942622900009
14004,-0.0547233000397682
14005,-0.0526787787675857
14006,-0.0406219474971294
14007,-0.0831544548273086
14008,-0.0633278042078018
14009,-0.0492715314030647
14010,-0.0764631703495979
14011,-0.0241698827594518
14012,-0.0764436796307563
14013,-0.0910990461707115
14014,-0.0807822793722152
14015,-0.090614341199398
14016,-0.0751238316297531
14017,-0.0792542323470115
14018,-0.0616252161562442
14019,-0.0590826421976089
14020,-0.0673374980688095
14021,-0.1186338812112808
14022,-0.0782264173030853
14023,-0.0686602443456649
14024,-0.0760704651474952
14025,-0.0820204764604568
14026,-0.0795343294739723
14027,-0.0624489933252334
14028,-0.063048243522644
14029,-0.028198953717947
14030,-0.0648614540696144
14031,-0.0985537618398666
14032,-0.0209029279649257
14033,-0.0531803853809833
14034,-0.0768635272979736
14035,-0.0552124306559562
14036,-0.0558940842747688
14037,-0.0457834303379058
14038,-0.0111081041395664
14039,-0.076709546148777
14040,-0.0710796043276786
14041,-0.0706333443522453
14042,-0.0793393701314926
14043,-0.067901886999607
14044,-0.0908067300915718
14045,-0.0719044953584671
14046,-0.0474920496344566
14047,-0.0151704587042331
14048,-0.0659902691841125
14049,-0.0675061866641044
14050,-0.0788923352956771
14051,-0.0099044842645525
14052,-0.0696767270565033
14053,-0.0619092769920825
14054,-0.0323515422642231
14055,-0.0615934319794178
14056,-0.0655998960137367
14057,-0.0840113162994384
14058,-0.0307053867727518
14059,-0.0432262010872364
14060,-0.0675137042999267
14061,-0.0761589258909225
14062,-0.069396935403347
14063,-0.0108614433556795
14064,-0.0927695259451866
14065,-0.0821897163987159
14066,-0.0707547664642334
14067,-0.0712283551692962
14068,-0.0436419621109962
14069,-0.0609240420162677
14070,-0.0280767679214477
14071,-0.0619460418820381
14072,-0.089673027396202
14073,-0.0151033140718936
14074,-0.0281273368746042
14075,-0.0646729841828346
14076,-0.0727411732077598
14077,-0.0656613409519195
14078,-0.0786856859922409
14079,-0.0621897056698799
14080,-0.0763023421168327
14081,-0.0643800273537635
14082,-0.0712335854768753
14083,-0.0245204735547304
14084,-0.0742138028144836
14085,-0.0782019272446632
14086,-0.036378126591444
14087,-0.0744117423892021
14088,-0.0359234698116779
14089,-0.1055928394198417
14090,-0.074113942682743
14091,-0.07017283141613
14092,-0.0543056279420852
14093,-0.0707119554281234
14094,-0.0666304379701614
14095,-0.0538386963307857
14096,-0.0751209110021591
14097,-0.0407276935875415
14098,-0.0707444101572036
14099,-0.0616865344345569
14100,-0.0798748731613159
14101,-0.0520194694399833
14102,-0.0688955560326576
14103,-0.0922185108065605
14104,-0.0517591089010238
14105,-0.07045928388834
14106,-0.0884300991892814
14107,-0.093942642211914
14108,-0.0574850365519523
14109,-0.0563139505684375
14110,-0.0234908070415258
14111,-0.0676833763718605
14112,-0.0628092065453529
14113,-0.0602851435542106
14114,-0.0544213540852069
14115,-0.0902125015854835
14116,-0.0618273541331291
14117,-0.0662564486265182
14118,-0.083322063088417
14119,-0.0502971857786178
14120,-0.0867161601781845
14121,-0.0371116772294044
14122,-0.0547165609896183
14123,-0.0733969584107399
14124,-0.0687131062150001
14125,-0.0656885579228401
14126,-0.0684785544872284
14127,-0.0263520516455173
14128,-0.101996012032032
14129,-0.0536714196205139
14130,-0.0614448525011539
14131,-0.0480389781296253
14132,-0.0755425691604614
14133,-0.0601936057209968
14134,-0.0510896332561969
14135,-0.094804361462593
14136,-0.0746207386255264
14137,-0.0487725883722305
14138,-0.0808325484395027
14139,-0.0127326743677258
14140,-0.0646574273705482
14141,-0.0391456447541713
14142,-0.0571666024625301
14143,-0.0689534768462181
14144,-0.0694826319813728
14145,-0.0766308829188346
14146,-0.0549677982926368
14147,-0.0396506376564502
14148,-0.0844161435961723
14149,-0.0764179825782775
14150,-0.0545554868876934
14151,-0.077989287674427
14152,-0.0616990476846694
14153,-0.0218950044363737
14154,-0.0828148648142814
14155,-0.078077532351017
14156,-0.0584624670445919
14157,-0.045406986027956
14158,-0.0723643153905868
14159,-0.0906196013092994
14160,-0.060301199555397
14161,-0.0657063648104667
14162,-0.0796444416046142
14163,-0.0476654730737209
14164,-0.0748679712414741
14165,-0.0911796391010284
14166,-0.0791447684168815
14167,-0.0371185839176178
14168,-0.0720329955220222
14169,-0.0744084119796752
14170,-0.0599806047976017
14171,-0.0415237322449684
14172,-0.0637145414948463
14173,-0.0817933455109596
14174,-0.0497990660369396
14175,-0.067084826529026
14176,-0.0462519712746143
14177,-0.077557124197483
14178,-0.0623570159077644
14179,-0.0681216344237327
14180,-0.0745531991124153
14181,-0.0708934888243675
14182,-0.0537747479975223
14183,-0.0712731033563613
14184,-0.0817723870277404
14185,-0.0345709212124347
14186,-0.0507956184446811
14187,-0.0492382124066352
14188,-0.0665507689118385
14189,-0.0816628783941268
14190,-0.0472860485315322
14191,-0.0725449919700622
14192,-0.0473306961357593
14193,-0.096737302839756
14194,-0.0729489624500274
14195,-0.0664788335561752
14196,-0.0909349769353866
14197,-0.0533775016665458
14198,-0.0613292381167411
14199,-0.0809803903102874
14200,-0.0678903236985206
14201,-0.0798970609903335
14202,-0.052119817584753
14203,-0.0913514271378517
14204,-0.0428003594279289
14205,-0.0704576149582862
14206,-0.018340989947319
14207,-0.0774446651339531
14208,-0.0885363593697547
14209,-0.049931414425373
14210,-0.0768915563821792
14211,-0.0298389866948127
14212,-0.0780666023492813
14213,-0.0641505569219589
14214,-0.0297417044639587
14215,-0.0520818419754505
14216,-0.0359024927020072
14217,-0.0640057623386383
14218,-0.0749492645263671
14219,-0.0646479576826095
14220,-0.0834924355149269
14221,-0.0621947795152664
14222,-0.0645791143178939
14223,-0.0613836236298084
14224,-0.0599743910133838
14225,-0.0802829563617706
14226,-0.0761510357260704
14227,-0.0630601271986961
14228,-0.0645828247070312
14229,-0.0443048924207687
14230,-0.0661349296569824
14231,-0.0772744342684745
14232,-0.0289758909493684
14233,-0.0505282171070575
14234,-0.0598004385828971
14235,-0.0652097016572952
14236,-0.0790127366781234
14237,-0.0531090386211872
14238,-0.0586508587002754
14239,-0.0200869776308536
14240,-0.0765818879008293
14241,-0.0709957256913185
14242,-0.0229235459119081
14243,-0.0616399049758911
14244,-0.0208432674407959
14245,-0.0373511910438537
14246,-0.0768818259239196
14247,-0.0415956526994705
14248,-0.0585015825927257
14249,-0.0704350546002388
14250,-0.0678545758128166
14251,-0.0779818594455719
14252,-0.0570472292602062
14253,-0.0576315335929393
14254,-0.0853434279561042
14255,-0.079869657754898
14256,-0.0739483460783958
14257,-0.0950759947299957
14258,-0.0521496161818504
14259,-0.0714761838316917
14260,-0.0611245445907115
14261,-0.1099890768527984
14262,-0.066489428281784
14263,-0.0503388121724128
14264,-0.0682596489787101
14265,-0.0811772868037223
14266,-0.0806027427315712
14267,-0.0599102303385734
14268,-0.0635332241654396
14269,-0.0627242252230644
14270,-0.0683715045452117
14271,-0.0461762659251689
14272,-0.0289626158773899
14273,-0.0771785452961921
14274,-0.0479514673352241
14275,-0.0753403976559639
14276,-0.0330039374530315
14277,-0.0186582431197166
14278,-0.0663382411003112
14279,-0.0420701429247856
14280,-0.0591591857373714
14281,-0.0571933798491954
14282,-0.0536708422005176
14283,-0.0732284784317016
14284,-0.0804515928030014
14285,-0.0583688542246818
14286,-0.0749419778585434
14287,-0.0750560462474823
14288,-0.0538317151367664
14289,-0.0346945784986019
14290,-0.0906522050499916
14291,-0.0532348752021789
14292,-0.1030901446938514
14293,-0.0470240674912929
14294,-0.0380259752273559
14295,-0.0567431971430778
14296,-0.074535995721817
14297,-0.0798560604453086
14298,-0.0592832453548908
14299,-0.0816703662276268
14300,-0.0417426750063896
14301,-0.0692009776830673
14302,-0.1197496429085731
14303,-0.0575750656425952
14304,-0.0508489049971103
14305,-0.0710856169462204
14306,-0.0524493269622325
14307,-0.0727565288543701
14308,-0.0488228537142276
14309,-0.0922723934054374
14310,-0.0630591437220573
14311,-0.0849874019622802
14312,-0.0583285763859748
14313,-0.0524348281323909
14314,-0.0613549090921878
14315,-0.0174974408000707
14316,-0.0652178525924682
14317,-0.0775254145264625
14318,-0.0572832375764846
14319,-0.0714784190058708
14320,-0.0683275610208511
14321,-0.0630798935890197
14322,-0.0389653369784355
14323,-0.1030134260654449
14324,-0.0992148593068122
14325,-0.0309836100786924
14326,-0.0551549382507801
14327,-0.0713371410965919
14328,-0.0746717825531959
14329,-0.0408146493136882
14330,-0.0822914019227027
14331,-0.0711404085159301
14332,-0.060694832354784
14333,-0.0879022702574729
14334,-0.035219170153141
14335,-0.0668382719159126
14336,-0.0720115825533866
14337,-0.0318678766489028
14338,-0.0626026690006256
14339,-0.041279811412096
14340,-0.0958445072174072
14341,-0.0852644369006156
14342,-0.0880614295601844
14343,-0.0560071803629398
14344,-0.078927494585514
14345,-0.0369554832577705
14346,-0.0520372539758682
14347,-0.0637452378869056
14348,-0.0389113202691078
14349,-0.1119701713323593
14350,-0.0542143657803535
14351,-0.0587815567851066
14352,-0.0672207847237587
14353,-0.0426802262663841
14354,-0.0659846141934394
14355,-0.0518525689840316
14356,-0.0669064372777938
14357,-0.0275374744087457
14358,-0.0772895142436027
14359,-0.0743705630302429
14360,-0.0904831066727638
14361,-0.0649908110499382
14362,-0.0490525551140308
14363,-0.0761464014649391
14364,-0.0818974077701568
14365,-0.0473396331071853
14366,-0.0832000374794006
14367,-0.0430955477058887
14368,-0.0690018311142921
14369,-0.0701320543885231
14370,-0.0409101471304893
14371,-0.0638163089752197
14372,-0.0610590390861034
14373,-0.0800767764449119
14374,-0.0629578009247779
14375,-0.060597188770771
14376,-0.1039622798562049
14377,-0.0247867405414581
14378,-0.0918886438012123
14379,-0.0491456128656864
14380,-0.0697904974222183
14381,-0.0568034574389457
14382,-0.0268982592970132
14383,-0.0466796085238456
14384,-0.0677531287074089
14385,-0.0632587894797325
14386,-0.0345091484487056
14387,-0.077345073223114
14388,-0.0888519436120987
14389,-0.0685407742857933
14390,-0.0853776782751083
14391,-0.0355998687446117
14392,-0.0658037662506103
14393,-0.0280143581330776
14394,-0.0447553284466266
14395,-0.0713631883263588
14396,-0.0826782137155532
14397,-0.0708987265825271
14398,-0.0697577521204948
14399,-0.0613255910575389
14400,-0.1023463010787963
14401,-0.0538985803723335
14402,-0.0733161121606826
14403,-0.0657359212636947
14404,-0.0678627490997314
14405,-0.0929886922240257
14406,-0.0705550536513328
14407,-0.0831264406442642
14408,-0.0683664977550506
14409,-0.0720402225852012
14410,-0.0875128209590911
14411,-0.0660115554928779
14412,-0.0306921266019344
14413,-0.0137158995494246
14414,-0.0588360764086246
14415,-0.0836636200547218
14416,-0.0869011357426643
14417,-0.0583236701786518
14418,-0.0868674516677856
14419,-0.053393580019474
14420,-0.0639768466353416
14421,-0.0615933462977409
14422,-0.0434908084571361
14423,-0.0678905025124549
14424,-0.0424909368157386
14425,-0.0692972540855407
14426,-0.0719259232282638
14427,-0.060691449791193
14428,-0.0841592326760292
14429,-0.1002273112535476
14430,-0.0604220889508724
14431,-0.0486180037260055
14432,-0.0634133666753768
14433,-0.0483380146324634
14434,-0.0646524578332901
14435,-0.0623316168785095
14436,-0.1116929203271865
14437,-0.0741941705346107
14438,-0.0682462751865387
14439,-0.0732667222619056
14440,-0.0454508066177368
14441,-0.041419256478548
14442,-0.0550201199948787
14443,-0.0861717090010643
14444,-0.0804287940263748
14445,-0.0375031605362892
14446,-0.0734790712594986
14447,-0.0450749285519123
14448,-0.0632276907563209
14449,-0.067827396094799
14450,-0.0395179875195026
14451,-0.0865201726555824
14452,-0.0838059186935424
14453,-0.0384700670838356
14454,-0.0375647731125354
14455,-0.0636714100837707
14456,-0.0615790821611881
14457,-0.0426058918237686
14458,-0.0528777055442333
14459,-0.0578651838004589
14460,-0.0845434218645095
14461,-0.0610785633325576
14462,-0.032140128314495
14463,-0.0455207228660583
14464,-0.0861229300498962
14465,-0.0471142679452896
14466,-0.0709726214408874
14467,-0.0295019280165433
14468,-0.0684451535344123
14469,-0.056607399135828
14470,-0.0833477079868316
14471,-0.0663272216916084
14472,-0.0520991198718547
14473,-0.1116004288196563
14474,-0.0713855996727943
14475,-0.0578182153403759
14476,-0.0425592623651027
14477,-0.0600508600473403
14478,-0.0659979879856109
14479,-0.0409558489918708
14480,-0.0500953681766986
14481,-0.069468080997467
14482,-0.0296761561185121
14483,-0.0786148384213447
14484,-0.085808016359806
14485,-0.0757370293140411
14486,-0.0569919869303703
14487,-0.0714795738458633
14488,-0.0499746017158031
14489,-0.0782850682735443
14490,-0.0658642277121543
14491,-0.0172501020133495
14492,-0.0981021299958229
14493,-0.0617194585502147
14494,-0.0772754922509193
14495,-0.0588524006307125
14496,-0.0338327549397945
14497,-0.0787750855088234
14498,-0.0521932542324066
14499,-0.0728813782334327
14500,-0.0611846968531608
14501,-0.0664472207427024
14502,-0.0564951114356517
14503,-0.077046975493431
14504,-0.0586959868669509
14505,-0.0524725057184696
14506,-0.0664262995123863
14507,-0.1157759577035904
14508,-0.0901651605963707
14509,-0.0588781125843524
14510,-0.029604161158204
14511,-0.0746962651610374
14512,-0.0753022581338882
14513,-0.0651831403374672
14514,-0.0633516833186149
14515,-0.0437519215047359
14516,-0.0260071288794279
14517,-0.0408855825662612
14518,-0.0275366846472024
14519,-0.0369839668273925
14520,-0.0803243592381477
14521,-0.0397892259061336
14522,-0.0236863493919372
14523,-0.0393485948443412
14524,-0.0635112822055816
14525,-0.0748291015625
14526,-0.0211629047989845
14527,-0.0646139159798622
14528,-0.0710657089948654
14529,-0.0518708750605583
14530,-0.0265437811613082
14531,-0.1158705130219459
14532,-0.0723373442888259
14533,-0.0735891088843345
14534,-0.0403838641941547
14535,-0.0490275062620639
14536,-0.0596734173595905
14537,-0.0736532136797905
14538,-0.0474006421864032
14539,-0.0868075713515281
14540,-0.0800199434161186
14541,-0.0727740153670311
14542,-0.1005937084555625
14543,-0.0186719167977571
14544,-0.091432400047779
14545,-0.0970194712281227
14546,-0.0850775614380836
14547,-0.0296478811651468
14548,-0.073519267141819
14549,-0.0224532354623079
14550,-0.0856759622693061
14551,-0.0858834162354469
14552,-0.0303786490112543
14553,-0.0696732327342033
14554,-0.0567974597215652
14555,-0.0862776339054107
14556,-0.0449290610849857
14557,-0.0730247721076011
14558,-0.017910111695528
14559,-0.0384611561894416
14560,-0.051131822168827
14561,-0.0720642432570457
14562,-0.0317520685493946
14563,-0.0695523023605346
14564,-0.07989052683115
14565,-0.075378805398941
14566,-0.049423299729824
14567,-0.0686874315142631
14568,-0.0425679981708526
14569,-0.0742523819208145
14570,-0.064900703728199
14571,-0.0591372922062873
14572,-0.0802747681736946
14573,-0.0699200555682182
14574,-0.0673503652215004
14575,-0.0722161829471588
14576,-0.0834791734814643
14577,-0.0476305112242698
14578,-0.1294160187244415
14579,-0.0501463375985622
14580,-0.0265522524714469
14581,-0.0786624327301979
14582,-0.0293201766908168
14583,-0.0684896558523178
14584,-0.0715894699096679
14585,-0.0496654063463211
14586,-0.0775265023112297
14587,-0.0712395533919334
14588,-0.0690604746341705
14589,-0.0874857679009437
14590,-0.0683351755142211
14591,-0.0667922124266624
14592,-0.0291407573968172
14593,-0.0916798412799835
14594,-0.0170284863561391
14595,-0.0451741516590118
14596,-0.0947183147072792
14597,-0.0817184522747993
14598,-0.0874521434307098
14599,-0.0616067200899124
14600,-0.0412330515682697
14601,-0.0345114469528198
14602,-0.0351072214543819
14603,-0.070981778204441
14604,-0.0622386001050472
14605,-0.0648905113339424
14606,-0.0462571717798709
14607,-0.1082203313708305
14608,-0.09293994307518
14609,-0.0664847269654274
14610,-0.0899461880326271
14611,-0.0542746558785438
14612,-0.0785541012883186
14613,-0.0661012455821037
14614,-0.0648082047700882
14615,-0.082353301346302
14616,-0.0805370584130287
14617,-0.0761464461684227
14618,-0.0657235160470008
14619,-0.0310745276510715
14620,-0.066988855600357
14621,-0.0540155358612537
14622,-0.0372147858142852
14623,-0.0473688170313835
14624,-0.0634532868862152
14625,-0.0766331478953361
14626,-0.0572195462882518
14627,-0.0253798309713602
14628,-0.0102203423157334
14629,-0.0942504778504371
14630,-0.0616144016385078
14631,-0.0792854130268096
14632,-0.0149230891838669
14633,-0.0272247921675443
14634,-0.0830413624644279
14635,-0.0702107846736908
14636,-0.0474186800420284
14637,-0.0885608866810798
14638,-0.0416058488190174
14639,-0.072350263595581
14640,-0.0332391746342182
14641,-0.0449124239385128
14642,-0.0853244960308075
14643,-0.0750951245427131
14644,-0.0451247580349445
14645,-0.0537975914776325
14646,-0.0498698949813842
14647,-0.0664602443575859
14648,-0.0734216794371604
14649,-0.0562735982239246
14650,-0.0644440352916717
14651,-0.0228797513991594
14652,-0.077680192887783
14653,-0.0501901656389236
14654,-0.070755660533905
14655,-0.0868149623274803
14656,-0.070204459130764
14657,-0.0410824045538902
14658,-0.0683998838067054
14659,-0.0772923603653907
14660,-0.0704247802495956
14661,-0.0307506527751684
14662,-0.0499297939240932
14663,-0.0892213881015777
14664,-0.0344870015978813
14665,-0.0570593662559986
14666,-0.0547527261078357
14667,-0.1259613335132599
14668,-0.0327925458550453
14669,-0.0768870487809181
14670,-0.0389004535973072
14671,-0.0723380744457244
14672,-0.0715788528323173
14673,-0.0654637292027473
14674,-0.0600888729095459
14675,-0.0577425844967365
14676,-0.0858540162444114
14677,-0.0271271970123052
14678,-0.024916173890233
14679,-0.0489633567631244
14680,-0.0712649524211883
14681,-0.0599836781620979
14682,-0.0944443866610527
14683,-0.0791624411940574
14684,-0.043618656694889
14685,-0.0516519248485565
14686,-0.073162093758583
14687,-0.0728825852274894
14688,-0.098201960325241
14689,-0.0663463547825813
14690,-0.0798385813832283
14691,-0.0676425695419311
14692,-0.0412035100162029
14693,-0.0262705888599157
14694,-0.0802942290902137
14695,-0.0942669212818145
14696,-0.0597694516181945
14697,-0.0889839604496955
14698,-0.0841701552271843
14699,-0.0382476858794689
14700,-0.0647705495357513
14701,-0.0815893039107322
14702,-0.0472630262374877
14703,-0.0772861391305923
14704,-0.0477245710790157
14705,-0.0490293726325035
14706,-0.0859013125300407
14707,-0.067442812025547
14708,-0.062667578458786
14709,-0.0480239428579807
14710,-0.0684621781110763
14711,-0.0677132382988929
14712,-0.1019832044839859
14713,-0.0807207971811294
14714,-0.0714612230658531
14715,-0.048152782022953
14716,-0.0762114971876144
14717,-0.0589693188667297
14718,-0.0578469038009643
14719,-0.0892561003565788
14720,-0.0659051090478897
14721,-0.0599518828094005
14722,-0.0524087287485599
14723,-0.0745270773768425
14724,-0.0600148178637027
14725,-0.0237376950681209
14726,-0.0533846504986286
14727,-0.0738979429006576
14728,-0.0523760057985782
14729,-0.0165675301104784
14730,-0.0396753102540969
14731,-0.0928578749299049
14732,-0.0356026701629161
14733,-0.0616749785840511
14734,-0.0708799362182617
14735,-0.05875676125288
14736,-0.0495998002588748
14737,-0.0718453750014305
14738,-0.0658640712499618
14739,-0.0743653625249862
14740,-0.0776127502322197
14741,-0.0857293978333473
14742,-0.057877779006958
14743,-0.0686651691794395
14744,-0.0783614516258239
14745,-0.0619810037314891
14746,-0.0817231461405754
14747,-0.0825881734490394
14748,-0.0809051170945167
14749,-0.0561231523752212
14750,-0.0604282803833484
14751,-0.0685211792588234
14752,-0.0165166221559047
14753,-0.0734510272741317
14754,-0.0754854157567024
14755,-0.0648385360836982
14756,-0.065636359155178
14757,-0.08173169195652
14758,-0.0636059567332267
14759,-0.0375430472195148
14760,-0.0282641015946865
14761,-0.0712053626775741
14762,-0.0819220095872879
14763,-0.075660340487957
14764,-0.0694091245532035
14765,-0.0990790724754333
14766,-0.0703881829977035
14767,-0.0449958592653274
14768,-0.0830299705266952
14769,-0.070486307144165
14770,-0.0197660885751247
14771,-0.041008248925209
14772,-0.0676273107528686
14773,-0.0716558545827865
14774,-0.007624888792634
14775,-0.0465113781392574
14776,-0.052323579788208
14777,-0.0727439895272255
14778,-0.0546828918159008
14779,-0.0263777468353509
14780,-0.0432468056678772
14781,-0.0820545330643653
14782,-0.0721636787056922
14783,-0.0696906074881553
14784,-0.0535829737782478
14785,-0.0748494267463684
14786,-0.1068166047334671
14787,-0.0445568040013313
14788,-0.0437155440449714
14789,-0.0525177903473377
14790,-0.0423526056110858
14791,-0.0740304365754127
14792,-0.0863842144608497
14793,-0.0531803555786609
14794,-0.0908356681466102
14795,-0.0630361512303352
14796,-0.053764808923006
14797,-0.0832888409495353
14798,-0.0527939684689044
14799,-0.0595597214996814
14800,-0.0711986646056175
14801,-0.0683992281556129
14802,-0.0193615406751632
14803,-0.0878524854779243
14804,-0.0776620954275131
14805,-0.060526318848133
14806,-0.0669577792286872
14807,-0.0253965333104133
14808,-0.0542792566120624
14809,-0.0529459901154041
14810,-0.0635945349931716
14811,-0.0539395883679389
14812,-0.0213850736618042
14813,-0.0203318763524293
14814,-0.0621427185833454
14815,-0.0639239847660064
14816,-0.0200802758336067
14817,-0.0609608106315135
14818,-0.0702214837074279
14819,-0.0449145585298538
14820,-0.0888289883732795
14821,-0.0598405487835407
14822,-0.0460329316556453
14823,-0.052018541842699
14824,-0.046292383223772
14825,-0.0476499944925308
14826,-0.0725082382559776
14827,-0.0578099153935909
14828,-0.0492765344679355
14829,-0.0284364651888608
14830,-0.0763686746358871
14831,-0.0207659378647804
14832,-0.0681965425610542
14833,-0.035937275737524
14834,-0.0654379874467849
14835,-0.0353355593979358
14836,-0.0490741282701492
14837,-0.0525000616908073
14838,-0.0878096595406532
14839,-0.084342785179615
14840,-0.0819684118032455
14841,-0.1087746173143386
14842,-0.0415831953287124
14843,-0.0777550414204597
14844,-0.0571554042398929
14845,-0.0551459863781929
14846,-0.0486174896359443
14847,-0.0755114555358886
14848,-0.0926441252231597
14849,-0.0679315403103828
14850,-0.0698042958974838
14851,-0.0608901269733905
14852,-0.0341617651283741
14853,-0.0459708906710147
14854,-0.0670896843075752
14855,-0.0397189520299434
14856,-0.0548495389521122
14857,-0.0760288760066032
14858,-0.0372744537889957
14859,-0.0169150996953248
14860,-0.0793490782380104
14861,-0.0728056579828262
14862,-0.0678758025169372
14863,-0.0613276958465576
14864,-0.05856229737401
14865,-0.0570878572762012
14866,-0.0679917931556701
14867,-0.0573032423853874
14868,-0.026498794555664
14869,-0.0388841331005096
14870,-0.0668511390686035
14871,-0.0516237094998359
14872,-0.0802178755402565
14873,-0.0524199344217777
14874,-0.0485050156712532
14875,-0.0436007790267467
14876,-0.0548968389630317
14877,-0.0894098058342933
14878,-0.0879875719547271
14879,-0.0752004086971283
14880,-0.0670272260904312
14881,-0.0333867855370044
14882,-0.0165581703186035
14883,-0.0467408448457717
14884,-0.0389694832265377
14885,-0.0353961177170276
14886,-0.0360643751919269
14887,-0.0659587979316711
14888,-0.053866684436798
14889,-0.0783703997731208
14890,-0.0470254607498645
14891,-0.0827469453215599
14892,-0.0654240250587463
14893,-0.0454404056072235
14894,-0.0417928323149681
14895,-0.0523432381451129
14896,-0.0487025715410709
14897,-0.087537981569767
14898,-0.0682648196816444
14899,-0.0363174378871917
14900,-0.0773456469178199
14901,-0.0797142386436462
14902,-0.0805539488792419
14903,-0.0729095116257667
14904,-0.0817868784070015
14905,-0.0710677206516265
14906,-0.0725529044866561
14907,-0.0474731400609016
14908,-0.070247933268547
14909,-0.0307330265641212
14910,-0.0512176863849163
14911,-0.0568281821906566
14912,-0.0786461234092712
14913,-0.0746423229575157
14914,-0.0803126394748687
14915,-0.0564271137118339
14916,-0.0586047656834125
14917,-0.0650350451469421
14918,-0.0600283294916152
14919,-0.0550656579434871
14920,-0.0521425195038318
14921,-0.0302862059324979
14922,-0.0744120255112648
14923,-0.0427368693053722
14924,-0.0705617442727088
14925,-0.086326465010643
14926,-0.0504886396229267
14927,-0.099142886698246
14928,-0.0702006742358207
14929,-0.0614830665290355
14930,-0.0694857090711593
14931,-0.0411004535853862
14932,-0.0576539374887943
14933,-0.079699121415615
14934,-0.0752418413758277
14935,-0.0309526491910219
14936,-0.0602702759206295
14937,-0.0645454749464988
14938,-0.0684972181916236
14939,-0.0565053224563598
14940,-0.0579883120954036
14941,-0.0618519596755504
14942,-0.0960949063301086
14943,-0.0430385991930961
14944,-0.0698147788643837
14945,-0.0367248132824897
14946,-0.054261777549982
14947,-0.0383498147130012
14948,-0.0693133994936943
14949,-0.0642739534378051
14950,-0.076499342918396
14951,-0.0708079040050506
14952,-0.0403118953108787
14953,-0.0729364901781082
14954,-0.0635057017207145
14955,-0.0515168830752372
14956,-0.0582492016255855
14957,-0.0710785165429115
14958,-0.0489151515066623
14959,-0.0378260277211666
14960,-0.04932102560997
14961,-0.0711698308587074
14962,-0.0713301077485084
14963,-0.0889729112386703
14964,-0.0499902591109275
14965,-0.0579292699694633
14966,-0.0818320736289024
14967,-0.0966247990727424
14968,-0.0711710453033447
14969,-0.0967815965414047
14970,-0.0752701833844184
14971,-0.0888715162873268
14972,-0.0779180973768234
14973,-0.0412497445940971
14974,-0.0728997588157653
14975,-0.0516679473221302
14976,-0.0919924303889274
14977,-0.0767834261059761
14978,-0.0933781042695045
14979,-0.0396189875900745
14980,-0.0617120750248432
14981,-0.0781814754009246
14982,-0.0681167021393776
14983,-0.071923054754734
14984,-0.0603895932435989
14985,-0.0607565455138683
14986,-0.0374237783253192
14987,-0.0431237444281578
14988,-0.0844836980104446
14989,-0.0595020242035388
14990,-0.0502982623875141
14991,-0.0705888047814369
14992,-0.0420758686959743
14993,-0.0498458221554756
14994,-0.0828665122389793
14995,-0.0514403320848941
14996,-0.0799907222390174
14997,-0.0618778951466083
14998,-0.0907689556479454
14999,-0.0386268682777881
15000,-0.0453126318752765
15001,-0.040592260658741
15002,-0.0572715997695922
15003,-0.0641413107514381
15004,-0.061356246471405
15005,-0.0847222134470939
15006,-0.0161595307290554
15007,-0.0693469494581222
15008,-0.0385432131588459
15009,-0.0781039968132972
15010,-0.1007101908326149
15011,-0.0724431052803993
15012,-0.0778161510825157
15013,-0.0157140139490365
15014,-0.0463440604507923
15015,-0.0558712370693683
15016,-0.0581970885396003
15017,-0.0844462364912033
15018,-0.0586030296981334
15019,-0.0423980206251144
15020,-0.0467815585434436
15021,-0.064842939376831
15022,-0.0665079653263092
15023,-0.1058469638228416
15024,-0.0967315435409545
15025,-0.0648251697421073
15026,-0.0535493455827236
15027,-0.0608307980000972
15028,-0.03762112185359
15029,-0.0742182731628418
15030,-0.059649109840393
15031,-0.0560639426112175
15032,-0.0734390541911125
15033,-0.0754946395754814
15034,-0.0367574021220207
15035,-0.0392718128859996
15036,-0.0562772303819656
15037,-0.0406785570085048
15038,-0.0845943465828895
15039,-0.0373702682554721
15040,-0.0713951736688613
15041,-0.0358582660555839
15042,-0.0630746707320213
15043,-0.0637635514140129
15044,-0.0744067952036857
15045,-0.063320554792881
15046,-0.0210040844976902
15047,-0.0392756611108779
15048,-0.1006402745842933
15049,-0.0543531030416488
15050,-0.0152415670454502
15051,-0.0518683865666389
15052,-0.0531826168298721
15053,-0.0639901235699653
15054,-0.0881563350558281
15055,-0.0891558602452278
15056,-0.0734688639640808
15057,-0.0621083863079547
15058,-0.0316619947552681
15059,-0.0842194855213165
15060,-0.0872817561030387
15061,-0.0730896592140197
15062,-0.0984616428613662
15063,-0.0451057441532611
15064,-0.0683139190077781
15065,-0.030161703005433
15066,-0.0724618881940841
15067,-0.0795949250459671
15068,-0.0517408140003681
15069,-0.0488709881901741
15070,-0.0833554789423942
15071,-0.1133886203169822
15072,-0.0787285417318344
15073,-0.0250361766666173
15074,-0.0743547976016998
15075,-0.0782826915383338
15076,-0.0800587311387062
15077,-0.0731463655829429
15078,-0.0761888027191162
15079,-0.0747853070497512
15080,-0.0718461498618125
15081,-0.0643893405795097
15082,-0.0457043014466762
15083,-0.0334678217768669
15084,-0.0346344523131847
15085,-0.0265403445810079
15086,-0.054637212306261
15087,-0.0468116141855716
15088,-0.0352422371506691
15089,-0.0560954697430133
15090,-0.0516048111021518
15091,-0.0966076403856277
15092,-0.0377813763916492
15093,-0.0444538481533527
15094,-0.0438014082610607
15095,-0.0485541932284832
15096,-0.0785199850797653
15097,-0.0750478655099868
15098,-0.0597149990499019
15099,-0.0441134646534919
15100,-0.0596506744623184
15101,-0.0867763832211494
15102,-0.0418347455561161
15103,-0.076138861477375
15104,-0.0788065865635871
15105,-0.068355992436409
15106,-0.04058688133955
15107,-0.0875811874866485
15108,-0.0667054802179336
15109,-0.0493018068373203
15110,-0.0340199805796146
15111,-0.0417425148189067
15112,-0.0656338483095169
15113,-0.0761697217822074
15114,-0.0612516589462757
15115,-0.0580366179347038
15116,-0.0476078726351261
15117,-0.0428194925189018
15118,-0.050345491617918
15119,-0.0572261959314346
15120,-0.0647366791963577
15121,-0.0742540657520294
15122,-0.0240124426782131
15123,-0.0966530814766883
15124,-0.0609553381800651
15125,-0.0881534144282341
15126,-0.0779511108994484
15127,-0.106987215578556
15128,-0.038416564464569
15129,-0.0460816361010074
15130,-0.0548695214092731
15131,-0.0733639150857925
15132,-0.0399406664073467
15133,-0.0276836734265089
15134,-0.0492061413824558
15135,-0.0428763926029205
15136,-0.0563973523676395
15137,-0.0477720685303211
15138,-0.0799657255411148
15139,-0.0479812510311603
15140,-0.0989938750863075
15141,-0.0736443996429443
15142,-0.0230507068336009
15143,-0.0942631959915161
15144,-0.038502600044012
15145,-0.0512847080826759
15146,-0.0682473555207252
15147,-0.0742150098085403
15148,-0.0351155847311019
15149,-0.0717902183532714
15150,-0.0866441503167152
15151,-0.0793075934052467
15152,-0.0626194104552269
15153,-0.0808443054556846
15154,-0.0765944048762321
15155,-0.0740845203399658
15156,-0.0688950717449188
15157,-0.0905712991952896
15158,-0.0437030866742134
15159,-0.0714845955371856
15160,-0.0727045014500618
15161,-0.0742076709866523
15162,-0.0335106439888477
15163,-0.0468393079936504
15164,-0.0808786079287529
15165,-0.0882679522037506
15166,-0.0747308880090713
15167,-0.0738086551427841
15168,-0.0787025317549705
15169,-0.0207896009087562
15170,-0.0899978205561637
15171,-0.0866228491067886
15172,-0.0770801231265068
15173,-0.073481447994709
15174,-0.0644530057907104
15175,-0.0378479734063148
15176,-0.0305420663207769
15177,-0.0938045755028724
15178,-0.0676914229989051
15179,-0.0783907696604728
15180,-0.0648337677121162
15181,-0.0662850514054298
15182,-0.065149500966072
15183,-0.0564662963151931
15184,-0.0831220969557762
15185,-0.0736963152885437
15186,-0.080658346414566
15187,-0.0589251071214675
15188,-0.0788558349013328
15189,-0.0697758197784423
15190,-0.0451907105743885
15191,-0.0437304526567459
15192,-0.0819687247276306
15193,-0.0146612375974655
15194,-0.0859993994235992
15195,-0.0728316903114318
15196,-0.0760162696242332
15197,-0.0164623111486434
15198,-0.073197416961193
15199,-0.0696646124124527
15200,-0.05042140558362
15201,-0.068380631506443
15202,-0.0601179078221321
15203,-0.0526104569435119
15204,-0.0687242522835731
15205,-0.042254377156496
15206,-0.1064253747463226
15207,-0.0434709377586841
15208,-0.0813139826059341
15209,-0.0626890808343887
15210,-0.0324021466076374
15211,-0.0689107924699783
15212,-0.0321049802005291
15213,-0.0818259492516517
15214,-0.0503786951303482
15215,-0.0366606973111629
15216,-0.0515883900225162
15217,-0.060979776084423
15218,-0.0518412590026855
15219,-0.0617849379777908
15220,-0.0958074331283569
15221,-0.0511982776224613
15222,-0.0722568705677986
15223,-0.0517850331962108
15224,-0.0716334283351898
15225,-0.0792314857244491
15226,-0.0392864309251308
15227,-0.0448759905993938
15228,-0.061243150383234
15229,-0.0761044546961784
15230,-0.0539055056869983
15231,-0.0578199811279773
15232,-0.0252898149192333
15233,-0.0948491096496582
15234,-0.047889906913042
15235,-0.0671173110604286
15236,-0.0755272284150123
15237,-0.0313620790839195
15238,-0.0746868625283241
15239,-0.0425944030284881
15240,-0.046938557177782
15241,-0.0745648294687271
15242,-0.0352809689939022
15243,-0.0591183826327323
15244,-0.0804927125573158
15245,-0.0780923143029213
15246,-0.0153959840536117
15247,-0.0500542782247066
15248,-0.0585925579071044
15249,-0.0505591332912445
15250,-0.0783250629901886
15251,-0.0717196837067604
15252,-0.0797851830720901
15253,-0.0544330440461635
15254,-0.0573232173919677
15255,-0.0618663094937801
15256,-0.0588539838790893
15257,-0.0839137658476829
15258,-0.0767087265849113
15259,-0.0272761285305023
15260,-0.0727947652339935
15261,-0.0586539581418037
15262,-0.0782817155122757
15263,-0.0747815817594528
15264,-0.0223061982542276
15265,-0.061684351414442
15266,-0.0898901522159576
15267,-0.0777545422315597
15268,-0.0638258755207061
15269,-0.0562154836952686
15270,-0.0128316469490528
15271,-0.1029370799660682
15272,-0.071481667459011
15273,-0.0722656100988388
15274,-0.0762551873922348
15275,-0.0762036740779876
15276,-0.0623480081558227
15277,-0.0557135939598083
15278,-0.0428554005920887
15279,-0.0590215139091014
15280,-0.0467840135097503
15281,-0.0313326343894004
15282,-0.0812483429908752
15283,-0.0663284435868263
15284,-0.072554737329483
15285,-0.0780080929398536
15286,-0.0299716535955667
15287,-0.0189502034336328
15288,-0.0782758370041847
15289,-0.0760179907083511
15290,-0.0927716344594955
15291,-0.0347776636481285
15292,-0.081942580640316
15293,-0.0583825260400772
15294,-0.0383399985730648
15295,-0.0222296398133039
15296,-0.0843745321035385
15297,-0.0758545622229576
15298,-0.0631361827254295
15299,-0.0634728893637657
15300,-0.0915904939174652
15301,-0.0658842176198959
15302,-0.0599766559898853
15303,-0.0974436104297638
15304,-0.081867404282093
15305,-0.0185894165188074
15306,-0.0366109795868396
15307,-0.0529218800365924
15308,-0.0689563527703285
15309,-0.0822122246026992
15310,-0.0343030504882335
15311,-0.0436601899564266
15312,-0.0494041331112384
15313,-0.1054472550749778
15314,-0.0594106987118721
15315,-0.0480714626610279
15316,-0.0587391853332519
15317,-0.0169844944030046
15318,-0.0192750599235296
15319,-0.0627849474549293
15320,-0.0585614591836929
15321,-0.0528335236012935
15322,-0.0833766981959343
15323,-0.021039692685008
15324,-0.0775120258331298
15325,-0.0765385702252388
15326,-0.0767574980854988
15327,-0.0496784336864948
15328,-0.0280909743160009
15329,-0.0582426376640796
15330,-0.0332692004740238
15331,-0.0880210772156715
15332,-0.0578749664127826
15333,-0.0776788368821144
15334,-0.081035241484642
15335,-0.0527805015444755
15336,-0.0835238546133041
15337,-0.0494274385273456
15338,-0.0324618034064769
15339,-0.0730996280908584
15340,-0.0648057088255882
15341,-0.063365489244461
15342,-0.0599544048309326
15343,-0.0738280862569809
15344,-0.0672579035162925
15345,-0.0847415700554847
15346,-0.0266627445816993
15347,-0.0696604251861572
15348,-0.0726429149508476
15349,-0.044258564710617
15350,-0.1093417406082153
15351,-0.0389285199344158
15352,-0.042670264840126
15353,-0.0782107040286064
15354,-0.0752265974879264
15355,-0.038166482001543
15356,-0.0471354871988296
15357,-0.0773787871003151
15358,-0.0417064204812049
15359,-0.0639013200998306
15360,-0.0127469422295689
15361,-0.0309766326099634
15362,-0.0281655490398406
15363,-0.1122180894017219
15364,-0.0806111991405487
15365,-0.0583979673683643
15366,-0.0234519243240356
15367,-0.067512072622776
15368,-0.0673324093222618
15369,-0.0679599344730377
15370,-0.0531888604164123
15371,-0.0590015798807144
15372,-0.1040277704596519
15373,-0.078297421336174
15374,-0.0632309094071388
15375,-0.0717745199799537
15376,-0.0415285490453243
15377,-0.067045122385025
15378,-0.0261634457856416
15379,-0.0669719651341438
15380,-0.0187127944082021
15381,-0.0188158769160509
15382,-0.0677719935774803
15383,-0.0830039978027343
15384,-0.0801795125007629
15385,-0.0879727154970169
15386,-0.0475090332329273
15387,-0.0794287323951721
15388,-0.0374869517982006
15389,-0.0584762021899223
15390,-0.0715523585677146
15391,-0.0752450600266456
15392,-0.0664422288537025
15393,-0.0511277802288532
15394,-0.079093262553215
15395,-0.0918072462081909
15396,-0.0740971192717552
15397,-0.0857434272766113
15398,-0.0155882025137543
15399,-0.0691028535366058
15400,-0.0518731884658336
15401,-0.0751612856984138
15402,-0.0406335480511188
15403,-0.0672793760895729
15404,-0.0751617699861526
15405,-0.0793457105755806
15406,-0.0875091552734375
15407,-0.0405701585114002
15408,-0.0815872251987457
15409,-0.0727552399039268
15410,-0.0060011367313563
15411,-0.0756563991308212
15412,-0.0702989473938942
15413,-0.0527138523757457
15414,-0.0471569076180458
15415,-0.0881245881319046
15416,-0.0856437608599662
15417,-0.1309408098459243
15418,-0.0715131014585495
15419,-0.0609348081052303
15420,-0.0805665329098701
15421,-0.0355956219136714
15422,-0.081011064350605
15423,-0.0900879278779029
15424,-0.0831382796168327
15425,-0.0458031073212623
15426,-0.0597726441919803
15427,-0.0607502274215221
15428,-0.0682413205504417
15429,-0.0780703797936439
15430,-0.0483604818582534
15431,-0.0728756338357925
15432,-0.0427566841244697
15433,-0.0690712705254554
15434,-0.0925801768898963
15435,-0.0632906481623649
15436,-0.0543196648359298
15437,-0.0263147447258234
15438,-0.0851660668849945
15439,-0.0873879790306091
15440,-0.0886005833745002
15441,-0.0467507615685462
15442,-0.0369128622114658
15443,-0.0591913983225822
15444,-0.0906262919306755
15445,-0.0642357841134071
15446,-0.0720932334661483
15447,-0.0333363302052021
15448,-0.0624023489654064
15449,-0.086743526160717
15450,-0.0556736513972282
15451,-0.0502378568053245
15452,-0.0696438997983932
15453,-0.0152313001453876
15454,-0.0200041346251964
15455,-0.0649191290140152
15456,-0.0467703230679035
15457,-0.0464593321084976
15458,-0.0458433516323566
15459,-0.0341846831142902
15460,-0.0794039741158485
15461,-0.0553950779139995
15462,-0.0455266423523426
15463,-0.0633056461811065
15464,-0.0768710151314735
15465,-0.0357124470174312
15466,-0.0708405449986457
15467,-0.0771084278821945
15468,-0.0815628319978714
15469,-0.0657491013407707
15470,-0.0562181621789932
15471,-0.0728173777461052
15472,-0.0422667153179645
15473,-0.060620043426752
15474,-0.0534557364881038
15475,-0.0222982373088598
15476,-0.037570409476757
15477,-0.07057835906744
15478,-0.082276165485382
15479,-0.079485036432743
15480,-0.0412382222712039
15481,-0.0514218136668205
15482,-0.0568299368023872
15483,-0.0844209566712379
15484,-0.114533320069313
15485,-0.0410688184201717
15486,-0.0560357123613357
15487,-0.0456572845578193
15488,-0.0646903589367866
15489,-0.0518472008407115
15490,-0.0831384435296058
15491,-0.0483790002763271
15492,-0.0535059012472629
15493,-0.0809259191155433
15494,-0.0429591238498687
15495,-0.1026030629873275
15496,-0.0657092556357383
15497,-0.0499888584017753
15498,-0.0460446327924728
15499,-0.0371611528098583
15500,-0.0591386444866657
15501,-0.0490317977964878
15502,-0.061398010700941
15503,-0.0833733230829238
15504,-0.0646389052271843
15505,-0.0582716614007949
15506,-0.0399281159043312
15507,-0.0874662771821022
15508,-0.0772678330540657
15509,-0.0777608156204223
15510,-0.0581231787800788
15511,-0.073724128305912
15512,-0.0800860300660133
15513,-0.063534066081047
15514,-0.0678015127778053
15515,-0.0655125975608825
15516,-0.0772417858242988
15517,-0.0553610809147357
15518,-0.0858088284730911
15519,-0.0321316979825496
15520,-0.0720469281077385
15521,-0.0365626402199268
15522,-0.0461420156061649
15523,-0.0530416145920753
15524,-0.0608934499323368
15525,-0.0080417906865477
15526,-0.0440838858485221
15527,-0.0894797816872596
15528,-0.0762203112244606
15529,-0.0684794709086418
15530,-0.0760919824242591
15531,-0.0582359507679939
15532,-0.0568664856255054
15533,-0.0365301892161369
15534,-0.0812120139598846
15535,-0.0723396316170692
15536,-0.0780378580093383
15537,-0.0527877658605575
15538,-0.0994137749075889
15539,-0.0704207420349121
15540,-0.0370610803365707
15541,-0.0513309389352798
15542,-0.0130146834999322
15543,-0.1195583492517471
15544,-0.0731833800673484
15545,-0.0264276135712862
15546,-0.0466126874089241
15547,-0.0909746661782264
15548,-0.0576028376817703
15549,-0.0981548354029655
15550,-0.0958368107676506
15551,-0.0667197480797767
15552,-0.0834572911262512
15553,-0.051369085907936
15554,-0.0728157982230186
15555,-0.0479722023010253
15556,-0.0822304338216781
15557,-0.0417609103024005
15558,-0.0409029386937618
15559,-0.0750564113259315
15560,-0.0568954683840274
15561,-0.0565786361694335
15562,-0.0623223111033439
15563,-0.0307943485677242
15564,-0.0456887632608413
15565,-0.0273841135203838
15566,-0.058351993560791
15567,-0.0402535796165466
15568,-0.0627632141113281
15569,-0.0810932293534278
15570,-0.0728044211864471
15571,-0.0679247751832008
15572,-0.070274993777275
15573,-0.0755941048264503
15574,-0.0686027184128761
15575,-0.0685754865407943
15576,-0.068068541586399
15577,-0.0692256018519401
15578,-0.0660912916064262
15579,-0.0434375815093517
15580,-0.0846007168292999
15581,-0.0785205364227294
15582,-0.0852323696017265
15583,-0.0488058142364025
15584,-0.0555431172251701
15585,-0.0351988151669502
15586,-0.073037713766098
15587,-0.0711181759834289
15588,-0.0892039164900779
15589,-0.0641507357358932
15590,-0.0716253817081451
15591,-0.0685368180274963
15592,-0.0193099547177553
15593,-0.0805670991539955
15594,-0.0906492844223976
15595,-0.0364659503102302
15596,-0.0760280862450599
15597,-0.0631513148546218
15598,-0.0813923850655555
15599,-0.0204886514693498
15600,-0.0488378405570983
15601,-0.0497043319046497
15602,-0.0377370007336139
15603,-0.0704872161149978
15604,-0.0689955651760101
15605,-0.050567653030157
15606,-0.0266731865704059
15607,-0.0612306483089923
15608,-0.0925846025347709
15609,-0.0359313897788524
15610,-0.0644403547048568
15611,-0.0536564774811267
15612,-0.0417609736323356
15613,-0.0540707185864448
15614,-0.0619304589927196
15615,-0.0775957927107811
15616,-0.0713709667325019
15617,-0.0394027680158615
15618,-0.0679446160793304
15619,-0.0584035702049732
15620,-0.1030058041214943
15621,-0.0733701512217521
15622,-0.0596968457102775
15623,-0.0423424988985061
15624,-0.0514412783086299
15625,-0.0812909826636314
15626,-0.0746480822563171
15627,-0.072484478354454
15628,-0.0531057231128215
15629,-0.0751913711428642
15630,-0.0807842090725898
15631,-0.0154533516615629
15632,-0.0114330630749464
15633,-0.0746000632643699
15634,-0.0814383178949356
15635,-0.0376194827258586
15636,-0.0691177099943161
15637,-0.0465574748814106
15638,-0.0285746920853853
15639,-0.0134959472343325
15640,-0.0845553055405616
15641,-0.065754123032093
15642,-0.0346866250038147
15643,-0.0445649959146976
15644,-0.0873451009392738
15645,-0.0747255533933639
15646,-0.062649630010128
15647,-0.024857260286808
15648,-0.0859642252326011
15649,-0.0796194970607757
15650,-0.0647435560822486
15651,-0.092935062944889
15652,-0.0809603407979011
15653,-0.0789857432246208
15654,-0.1186139062047004
15655,-0.0507289953529834
15656,-0.070380300283432
15657,-0.0774837583303451
15658,-0.0602601766586303
15659,-0.0799921452999115
15660,-0.0525689460337162
15661,-0.0782253518700599
15662,-0.0461104921996593
15663,-0.0524956583976745
15664,-0.0970671400427818
15665,-0.0500638224184513
15666,-0.0628479942679405
15667,-0.0691962912678718
15668,-0.0332690365612506
15669,-0.0394171550869941
15670,-0.0476007685065269
15671,-0.0618324540555477
15672,-0.0446980260312557
15673,-0.0804097279906272
15674,-0.080322228372097
15675,-0.0588478446006774
15676,-0.078394204378128
15677,-0.0644982233643531
15678,-0.0547229908406734
15679,-0.0634831339120864
15680,-0.0534439086914062
15681,-0.0646461024880409
15682,-0.0666501000523567
15683,-0.0396743193268775
15684,-0.0787089020013809
15685,-0.0777197331190109
15686,-0.0438812859356403
15687,-0.0563208125531673
15688,-0.0688541904091835
15689,-0.0712926015257835
15690,-0.0433169864118099
15691,-0.0555752925574779
15692,-0.0658240467309951
15693,-0.0847185105085372
15694,-0.0636684671044349
15695,-0.0855159983038902
15696,-0.0720001831650734
15697,-0.0698552131652832
15698,-0.0608341842889785
15699,-0.0599907524883747
15700,-0.0477547645568847
15701,-0.0202546771615743
15702,-0.0637715980410575
15703,-0.0668037310242652
15704,-0.0785595923662185
15705,-0.0391718931496143
15706,-0.0879595652222633
15707,-0.0752749219536781
15708,-0.0695760697126388
15709,-0.0720125809311866
15710,-0.0325815789401531
15711,-0.0396046377718448
15712,-0.060496263206005
15713,-0.1185328811407089
15714,-0.0771899223327636
15715,-0.0556513667106628
15716,-0.0429422296583652
15717,-0.0813472121953964
15718,-0.0201364625245332
15719,-0.0601404830813407
15720,-0.011026918888092
15721,-0.0466824658215045
15722,-0.0403358153998851
15723,-0.0821427628397941
15724,-0.091213546693325
15725,-0.0918395891785621
15726,-0.0895319804549217
15727,-0.0782137587666511
15728,-0.0638622790575027
15729,-0.0633826404809951
15730,-0.0743428319692611
15731,-0.071402758359909
15732,-0.0739713460206985
15733,-0.0607403665781021
15734,-0.0775236934423446
15735,-0.0524608232080936
15736,-0.0443332977592945
15737,-0.082230620086193
15738,-0.0246117264032363
15739,-0.0818464234471321
15740,-0.0501441210508346
15741,-0.0731956139206886
15742,-0.0757828131318092
15743,-0.1008013412356376
15744,-0.0433277525007724
15745,-0.0399226434528827
15746,-0.0718239918351173
15747,-0.0791485533118248
15748,-0.1058290377259254
15749,-0.057108249515295
15750,-0.0725919157266616
15751,-0.0297972224652767
15752,-0.0726919844746589
15753,-0.0468763299286365
15754,-0.0377117395401001
15755,-0.0417559556663036
15756,-0.0482101552188396
15757,-0.0687128752470016
15758,-0.0340116396546363
15759,-0.0673787370324134
15760,-0.0403098799288272
15761,-0.0685162171721458
15762,-0.0838564485311508
15763,-0.0769482627511024
15764,-0.0650660917162895
15765,-0.0326395221054554
15766,-0.0685877650976181
15767,-0.0610463432967662
15768,-0.0838524252176284
15769,-0.0924444571137428
15770,-0.0935599356889724
15771,-0.0663317069411277
15772,-0.0742056146264076
15773,-0.0725851655006408
15774,-0.0809068232774734
15775,-0.04451260343194
15776,-0.0619130879640579
15777,-0.0706565082073211
15778,-0.0488169975578784
15779,-0.0705426186323165
15780,-0.0760692134499549
15781,-0.0693703219294548
15782,-0.0389221459627151
15783,-0.0751341059803962
15784,-0.0524262376129627
15785,-0.0487391129136085
15786,-0.0898907035589218
15787,-0.0255334582179784
15788,-0.0835279524326324
15789,-0.0414660200476646
15790,-0.0731929391622543
15791,-0.0388735011219978
15792,-0.0874867811799049
15793,-0.0735837593674659
15794,-0.0597908906638622
15795,-0.0686525925993919
15796,-0.0707723870873451
15797,-0.0168869048357009
15798,-0.0809379667043685
15799,-0.0254260152578353
15800,-0.0756850913166999
15801,-0.084851749241352
15802,-0.0943559184670448
15803,-0.0808645561337471
15804,-0.0692313537001609
15805,-0.0693279206752777
15806,-0.0572441294789314
15807,-0.0635837689042091
15808,-0.0586026720702648
15809,-0.049844279885292
15810,-0.0956799536943435
15811,-0.0455119237303733
15812,-0.0614110641181468
15813,-0.0620912387967109
15814,-0.0425489880144596
15815,-0.0682133212685585
15816,-0.0935373231768608
15817,-0.0955959409475326
15818,-0.0606762319803237
15819,-0.040063552558422
15820,-0.0513366349041461
15821,-0.0408876352012157
15822,-0.077258326113224
15823,-0.0487058497965335
15824,-0.0272775720804929
15825,-0.041503831744194
15826,-0.0610414147377014
15827,-0.0785879269242286
15828,-0.0508163571357727
15829,-0.0502954944968223
15830,-0.0781687200069427
15831,-0.0298866871744394
15832,-0.0573215745389461
15833,-0.0413200072944164
15834,-0.0879789888858795
15835,-0.0437516644597053
15836,-0.0379237718880176
15837,-0.0559755712747573
15838,-0.0665237084031105
15839,-0.0574917867779731
15840,-0.0688281878829002
15841,-0.0970006361603736
15842,-0.0683364197611808
15843,-0.028081202879548
15844,-0.0632224529981613
15845,-0.0644896477460861
15846,-0.0624656602740287
15847,-0.0791247338056564
15848,-0.0771450847387313
15849,-0.0736565366387367
15850,-0.0677935630083084
15851,-0.0134263588115572
15852,-0.0219449698925018
15853,-0.0724001303315162
15854,-0.0634633749723434
15855,-0.0869880765676498
15856,-0.0593433044850826
15857,-0.0711899846792221
15858,-0.0422065518796443
15859,-0.0450794585049152
15860,-0.0625356882810592
15861,-0.0850339978933334
15862,-0.0368598848581314
15863,-0.0341226458549499
15864,-0.0533560290932655
15865,-0.0906170383095741
15866,-0.0813575163483619
15867,-0.0380748510360717
15868,-0.0865399911999702
15869,-0.0836946591734886
15870,-0.0756124630570411
15871,-0.0620279572904109
15872,-0.0276394374668598
15873,-0.0205820742994546
15874,-0.0327535644173622
15875,-0.0505718328058719
15876,-0.048227421939373
15877,-0.0442427359521389
15878,-0.0325853452086448
15879,-0.0856280326843261
15880,-0.033047642558813
15881,-0.0549689680337905
15882,-0.088454283773899
15883,-0.0351159162819385
15884,-0.0822103768587112
15885,-0.0892182439565658
15886,-0.0738114118576049
15887,-0.0629101768136024
15888,-0.0656655803322792
15889,-0.0581240728497505
15890,-0.077550821006298
15891,-0.0517260357737541
15892,-0.0760307684540748
15893,-0.0844732299447059
15894,-0.1071049124002456
15895,-0.0601226277649402
15896,-0.0806871429085731
15897,-0.0717333182692527
15898,-0.0641331896185875
15899,-0.0451743938028812
15900,-0.0438126921653747
15901,-0.0386666245758533
15902,-0.0125299589708447
15903,-0.066694401204586
15904,-0.0763415545225143
15905,-0.0806910768151283
15906,-0.0090969996526837
15907,-0.0488056279718875
15908,-0.0119845476001501
15909,-0.0111555578187108
15910,-0.0398061200976371
15911,-0.0576618202030658
15912,-0.0764638110995292
15913,-0.0858484953641891
15914,-0.0567822344601154
15915,-0.0651017799973487
15916,-0.0438604168593883
15917,-0.0244887787848711
15918,-0.0392047762870788
15919,-0.0713195875287056
15920,-0.0150585770606994
15921,-0.0945281162858009
15922,-0.0954164862632751
15923,-0.0758378133177757
15924,-0.1108777001500129
15925,-0.0491284690797328
15926,-0.089118093252182
15927,-0.0523878149688243
15928,-0.0753382518887519
15929,-0.0467686206102371
15930,-0.0883717611432075
15931,-0.0882487669587135
15932,-0.0671553388237953
15933,-0.087413489818573
15934,-0.0773182138800621
15935,-0.0644553378224372
15936,-0.0907387509942054
15937,-0.0684877634048461
15938,-0.0682146474719047
15939,-0.0295591559261083
15940,-0.0504173450171947
15941,-0.0882263258099556
15942,-0.071132943034172
15943,-0.0553661249577999
15944,-0.0525876060128212
15945,-0.0699515491724014
15946,-0.0352962687611579
15947,-0.0544163770973682
15948,-0.0971386805176734
15949,-0.0887723788619041
15950,-0.1099630370736122
15951,-0.0803194418549537
15952,-0.0589464493095874
15953,-0.074722409248352
15954,-0.0842952355742454
15955,-0.0531497113406658
15956,-0.0547512732446193
15957,-0.1153840869665145
15958,-0.0910027548670768
15959,-0.0775458589196205
15960,-0.0960305854678154
15961,-0.019692538306117
15962,-0.0669588819146156
15963,-0.0508591495454311
15964,-0.0483407564461231
15965,-0.0725889205932617
15966,-0.0519215986132621
15967,-0.0812883004546165
15968,-0.0706254094839096
15969,-0.0856345146894455
15970,-0.0600686147809028
15971,-0.061362512409687
15972,-0.0817417129874229
15973,-0.0432904101908206
15974,-0.0516222193837165
15975,-0.0666121393442154
15976,-0.0470472127199173
15977,-0.0407314524054527
15978,-0.0489633604884147
15979,-0.0894431322813034
15980,-0.0689464658498764
15981,-0.0355101376771926
15982,-0.0489341281354427
15983,-0.07854875177145
15984,-0.0532315410673618
15985,-0.1269299685955047
15986,-0.0805079117417335
15987,-0.0494955591857433
15988,-0.05223198980093
15989,-0.0734340474009513
15990,-0.0391987636685371
15991,-0.0437913127243518
15992,-0.0495116263628006
15993,-0.0717110782861709
15994,-0.0683233141899108
15995,-0.0495578795671463
15996,-0.0413459166884422
15997,-0.0633163228631019
15998,-0.0704683512449264
15999,-0.074275754392147
16000,-0.0380317941308021
16001,-0.0885512679815292
16002,-0.0348109975457191
16003,-0.0492128618061542
16004,-0.0516379624605178
16005,-0.0708858594298362
16006,-0.060179054737091
16007,-0.0751312896609306
16008,-0.0102641154080629
16009,-0.0622572042047977
16010,-0.0689965188503265
16011,-0.0354081317782402
16012,-0.0356612503528595
16013,-0.0945688709616661
16014,-0.0542109571397304
16015,-0.087990678846836
16016,-0.044209349900484
16017,-0.0290608275681734
16018,-0.0950244888663292
16019,-0.0559559874236583
16020,-0.0573835857212543
16021,-0.0596591494977474
16022,-0.0754877775907516
16023,-0.0748491734266281
16024,-0.0759348720312118
16025,-0.0581426694989204
16026,-0.0770642086863517
16027,-0.0561600066721439
16028,-0.0884365066885948
16029,-0.0635956153273582
16030,-0.0692203417420387
16031,-0.078734777867794
16032,-0.0632721856236457
16033,-0.0839170590043068
16034,-0.0830543935298919
16035,-0.0650792494416236
16036,-0.0729007795453071
16037,-0.086728811264038
16038,-0.0759409964084625
16039,-0.0841500833630561
16040,-0.0788201168179512
16041,-0.0211109723895788
16042,-0.0497132539749145
16043,-0.0366928800940513
16044,-0.04616205021739
16045,-0.0508578494191169
16046,-0.0748835057020187
16047,-0.079222097992897
16048,-0.0748830288648605
16049,-0.1044214442372322
16050,-0.0625197067856788
16051,-0.0426009185612201
16052,-0.0737016573548317
16053,-0.0590424463152885
16054,-0.0674091354012489
16055,-0.0781816989183425
16056,-0.0616438575088977
16057,-0.0889442265033721
16058,-0.0802936553955078
16059,-0.0769684836268425
16060,-0.0798539966344833
16061,-0.072158858180046
16062,-0.0775206908583641
16063,-0.0712650790810585
16064,-0.0340451151132583
16065,-0.0677856132388114
16066,-0.0594858452677726
16067,-0.0451453067362308
16068,-0.078105129301548
16069,-0.0594558119773864
16070,-0.0786290541291236
16071,-0.090469442307949
16072,-0.0671690478920936
16073,-0.0723860114812851
16074,-0.0224994625896215
16075,-0.0545843318104743
16076,-0.0665605664253234
16077,-0.0755363851785659
16078,-0.0286449361592531
16079,-0.0736148282885551
16080,-0.0334493406116962
16081,-0.0463663153350353
16082,-0.031594444066286
16083,-0.018793785944581
16084,-0.0470037832856178
16085,-0.0465009286999702
16086,-0.0895632281899452
16087,-0.0459495969116687
16088,-0.0618680790066719
16089,-0.0685409605503082
16090,-0.0807073339819908
16091,-0.0815777853131294
16092,-0.0397185273468494
16093,-0.0537048764526844
16094,-0.0720462426543235
16095,-0.0990223661065101
16096,-0.0591410137712955
16097,-0.0729938000440597
16098,-0.0484307780861854
16099,-0.0792001709342002
16100,-0.0754294693470001
16101,-0.0921480059623718
16102,-0.0591559335589408
16103,-0.0647720098495483
16104,-0.0585523843765258
16105,-0.0581272915005683
16106,-0.083199143409729
16107,-0.0726163238286972
16108,-0.0600630454719066
16109,-0.074250191450119
16110,-0.0465313196182251
16111,-0.0425297617912292
16112,-0.0518151931464672
16113,-0.0626484230160713
16114,-0.0814625695347786
16115,-0.0404250621795654
16116,-0.0761296227574348
16117,-0.0711516290903091
16118,-0.0215373951941728
16119,-0.0704927220940589
16120,-0.0914534106850624
16121,-0.0846819654107093
16122,-0.0689145773649215
16123,-0.0503573715686798
16124,-0.0704269558191299
16125,-0.0771688744425773
16126,-0.0489595644176006
16127,-0.0774792358279228
16128,-0.0419476106762886
16129,-0.0757577046751976
16130,-0.0842809006571769
16131,-0.0713012889027595
16132,-0.0522442050278186
16133,-0.0728390589356422
16134,-0.0386012941598892
16135,-0.0721154287457466
16136,-0.0808459892868995
16137,-0.0546993725001812
16138,-0.066917635500431
16139,-0.0370614267885685
16140,-0.0654616430401802
16141,-0.0955289229750633
16142,-0.0684014856815338
16143,-0.0809101462364196
16144,-0.0833571329712867
16145,-0.0547018907964229
16146,-0.0768848061561584
16147,-0.0769681185483932
16148,-0.0430531166493892
16149,-0.0920155346393585
16150,-0.111186534166336
16151,-0.0550818555057048
16152,-0.0993780642747879
16153,-0.0713736191391944
16154,-0.0641723498702049
16155,-0.0692134127020835
16156,-0.0664653331041336
16157,-0.0671993345022201
16158,-0.0220647994428873
16159,-0.0740901008248329
16160,-0.0745671316981315
16161,-0.0864003151655197
16162,-0.0934050306677818
16163,-0.0842485204339027
16164,-0.0924448147416114
16165,-0.0628900453448295
16166,-0.045039527118206
16167,-0.0741749331355094
16168,-0.0963473245501518
16169,-0.0604368448257446
16170,-0.1037477478384971
16171,-0.0605992227792739
16172,-0.0761291161179542
16173,-0.0998925492167472
16174,-0.0775719285011291
16175,-0.1162109524011612
16176,-0.0981534793972969
16177,-0.0797861889004707
16178,-0.0884564891457557
16179,-0.0946317091584205
16180,-0.0617378093302249
16181,-0.0743699446320533
16182,-0.0622252114117145
16183,-0.0738255083560943
16184,-0.0891416370868682
16185,-0.0716342031955719
16186,-0.0751338228583335
16187,-0.0964610204100608
16188,-0.0448868758976459
16189,-0.0784405767917633
16190,-0.0744145736098289
16191,-0.0539431497454643
16192,-0.0649645626544952
16193,-0.0175932869315147
16194,-0.05766336992383
16195,-0.0864521414041519
16196,-0.0201622024178504
16197,-0.036322958767414
16198,-0.0729525089263916
16199,-0.0763555541634559
16200,-0.091897465288639
16201,-0.0629240050911903
16202,-0.0425703041255474
16203,-0.042079608887434
16204,-0.0793644562363624
16205,-0.0259455572813749
16206,-0.0582787729799747
16207,-0.0585676953196525
16208,-0.0616344287991523
16209,-0.0355811454355716
16210,-0.0808357298374176
16211,-0.038936648517847
16212,-0.0490631312131881
16213,-0.0458186008036136
16214,-0.0483075492084026
16215,-0.0551406480371952
16216,-0.0773005411028862
16217,-0.0914636179804802
16218,-0.0640989243984222
16219,-0.0428197234869003
16220,-0.0682056918740272
16221,-0.0270775035023689
16222,-0.0816941261291503
16223,-0.0917453095316886
16224,-0.0384657904505729
16225,-0.0568511150777339
16226,-0.0575722977519035
16227,-0.0768171474337577
16228,-0.0612714104354381
16229,-0.0594465658068656
16230,-0.0406229235231876
16231,-0.0610827095806598
16232,-0.0535531044006347
16233,-0.0472388751804828
16234,-0.0745203047990799
16235,-0.0457982309162616
16236,-0.1157964244484901
16237,-0.0606877990067005
16238,-0.0188058950006961
16239,-0.078773058950901
16240,-0.0692179650068283
16241,-0.0835731327533721
16242,-0.0537267141044139
16243,-0.064113363623619
16244,-0.065320536494255
16245,-0.0322980843484401
16246,-0.0554548315703868
16247,-0.1148362159729003
16248,-0.0821190923452377
16249,-0.0781889334321022
16250,-0.0133699811995029
16251,-0.0361569598317146
16252,-0.081063188612461
16253,-0.0411608703434467
16254,-0.0773373916745185
16255,-0.0314737968146801
16256,-0.0510447993874549
16257,-0.0476073026657104
16258,-0.0242229383438825
16259,-0.0727070495486259
16260,-0.0549939200282096
16261,-0.107820801436901
16262,-0.0715062394738197
16263,-0.0686119794845581
16264,-0.0753687620162963
16265,-0.0915887504816055
16266,-0.0462977029383182
16267,-0.074853278696537
16268,-0.0908288061618805
16269,-0.049729648977518
16270,-0.0844035521149635
16271,-0.087347961962223
16272,-0.0183271411806345
16273,-0.0594874806702137
16274,-0.0547211058437824
16275,-0.0690708309412002
16276,-0.0465325117111206
16277,-0.0510184504091739
16278,-0.0680897086858749
16279,-0.0454252623021602
16280,-0.0543639846146106
16281,-0.0516912154853343
16282,-0.0723477378487587
16283,-0.0906082317233085
16284,-0.0785156264901161
16285,-0.0707711949944496
16286,-0.0360014922916889
16287,-0.0783434957265853
16288,-0.0798295363783836
16289,-0.0572572350502014
16290,-0.0780115351080894
16291,-0.0165851712226867
16292,-0.0688622817397117
16293,-0.0419945381581783
16294,-0.0344675555825233
16295,-0.0840761289000511
16296,-0.0693377554416656
16297,-0.0739194452762603
16298,-0.0663715749979019
16299,-0.0754189193248748
16300,-0.0418314225971698
16301,-0.0284183993935585
16302,-0.0880038365721702
16303,-0.1120477393269538
16304,-0.0777574926614761
16305,-0.0396032780408859
16306,-0.0753105878829956
16307,-0.0627152845263481
16308,-0.0758563056588172
16309,-0.0576453953981399
16310,-0.0938704833388328
16311,-0.073656216263771
16312,-0.0897671952843666
16313,-0.0354780107736587
16314,-0.0664038956165313
16315,-0.0349737368524074
16316,-0.0335780382156372
16317,-0.0684649273753166
16318,-0.0698552280664444
16319,-0.076891005039215
16320,-0.0895943045616149
16321,-0.0578068494796752
16322,-0.0630404725670814
16323,-0.0898114889860153
16324,-0.077161893248558
16325,-0.0703595206141471
16326,-0.052008394151926
16327,-0.0808748379349708
16328,-0.0666703060269355
16329,-0.0215246807783842
16330,-0.0776586309075355
16331,-0.0796602740883827
16332,-0.0275206211954355
16333,-0.0784926041960716
16334,-0.0719517394900322
16335,-0.0445091240108013
16336,-0.0740607231855392
16337,-0.0661492720246315
16338,-0.083923302590847
16339,-0.0806383118033409
16340,-0.08927533775568
16341,-0.0387316234409809
16342,-0.0506220683455467
16343,-0.0321821644902229
16344,-0.0478037782013416
16345,-0.0351749770343303
16346,-0.0844861045479774
16347,-0.0779900029301643
16348,-0.053422275930643
16349,-0.0837043598294258
16350,-0.0402561426162719
16351,-0.0514294803142547
16352,-0.0653212442994117
16353,-0.0883506089448928
16354,-0.0474179126322269
16355,-0.0617474243044853
16356,-0.0778830125927925
16357,-0.0732117071747779
16358,-0.0426693819463253
16359,-0.0626732259988784
16360,-0.0912701189517974
16361,-0.0742940902709961
16362,-0.0442680530250072
16363,-0.076699785888195
16364,-0.0624497085809707
16365,-0.0988430753350257
16366,-0.0739287957549095
16367,-0.065617635846138
16368,-0.0741961225867271
16369,-0.0239120200276374
16370,-0.0525969415903091
16371,-0.0672864243388176
16372,-0.0766707807779312
16373,-0.0934177041053772
16374,-0.0821340605616569
16375,-0.0745324417948722
16376,-0.0687810480594635
16377,-0.0207112021744251
16378,-0.046999879181385
16379,-0.0315461792051792
16380,-0.0816389024257659
16381,-0.0352175906300544
16382,-0.0812036097049713
16383,-0.0756493434309959
16384,-0.0560697317123413
16385,-0.0536566190421581
16386,-0.0516976304352283
16387,-0.0777797773480415
16388,-0.0337927676737308
16389,-0.0808743759989738
16390,-0.0494068004190921
16391,-0.0668349266052246
16392,-0.0677553713321685
16393,-0.0741060152649879
16394,-0.0496136546134948
16395,-0.0804894939064979
16396,-0.0677061155438423
16397,-0.0834775120019912
16398,-0.0176323261111974
16399,-0.0875514522194862
16400,-0.0411981344223022
16401,-0.0363861210644245
16402,-0.0774520486593246
16403,-0.0627466067671775
16404,-0.0538543052971363
16405,-0.0816686451435089
16406,-0.0678370893001556
16407,-0.0376252643764019
16408,-0.0528479926288127
16409,-0.0890986248850822
16410,-0.046969711780548
16411,-0.0839316993951797
16412,-0.0236977469176054
16413,-0.0767440646886825
16414,-0.0142376357689499
16415,-0.091838389635086
16416,-0.02790486253798
16417,-0.0589862614870071
16418,-0.0568682104349136
16419,-0.0733724236488342
16420,-0.0754379555583
16421,-0.0465643368661403
16422,-0.0757995024323463
16423,-0.0452587269246578
16424,-0.0808884873986244
16425,-0.0683695450425148
16426,-0.0365243218839168
16427,-0.0830157548189163
16428,-0.0765320807695388
16429,-0.0482566095888614
16430,-0.0959740504622459
16431,-0.0669268146157264
16432,-0.0955293029546737
16433,-0.0808258354663848
16434,-0.0447624027729034
16435,-0.0508457608520984
16436,-0.0836329385638237
16437,-0.070184513926506
16438,-0.067578412592411
16439,-0.052448458969593
16440,-0.0587531477212905
16441,-0.0244628060609102
16442,-0.0551298335194587
16443,-0.0871147140860557
16444,-0.0705821365118026
16445,-0.0677150413393974
16446,-0.0679301992058754
16447,-0.052679318934679
16448,-0.0976427644491195
16449,-0.0738154277205467
16450,-0.0375665426254272
16451,-0.0721305534243583
16452,-0.0745462775230407
16453,-0.0634357035160064
16454,-0.0463443584740161
16455,-0.0208691488951444
16456,-0.0935123637318611
16457,-0.0510159209370613
16458,-0.0698505714535713
16459,-0.0847334563732147
16460,-0.0813790932297706
16461,-0.0843551456928253
16462,-0.0544467978179454
16463,-0.0883578136563301
16464,-0.0516882911324501
16465,-0.0159106217324733
16466,-0.0767810121178627
16467,-0.0539197064936161
16468,-0.0759728252887725
16469,-0.1001418605446815
16470,-0.0482151806354522
16471,-0.078581303358078
16472,-0.0576795823872089
16473,-0.0692422240972518
16474,-0.0703112408518791
16475,-0.066761165857315
16476,-0.0832040235400199
16477,-0.0621051266789436
16478,-0.0581328459084034
16479,-0.0356279537081718
16480,-0.0718121528625488
16481,-0.0768944546580314
16482,-0.0909833312034607
16483,-0.0691060945391655
16484,-0.0489442162215709
16485,-0.0623876377940177
16486,-0.0614446550607681
16487,-0.0564382821321487
16488,-0.0202526319772005
16489,-0.077662706375122
16490,-0.0635099187493324
16491,-0.0548164062201976
16492,-0.0491840727627277
16493,-0.0273180864751338
16494,-0.0345193371176719
16495,-0.0586272291839122
16496,-0.0848040208220481
16497,-0.0792561024427414
16498,-0.0748599767684936
16499,-0.0426609925925731
16500,-0.0696186572313308
16501,-0.0740227252244949
16502,-0.0491608120501041
16503,-0.0627839490771293
16504,-0.037649992853403
16505,-0.0497603602707386
16506,-0.0566575527191162
16507,-0.0494808740913867
16508,-0.0939933136105537
16509,-0.0546461343765258
16510,-0.0671974495053291
16511,-0.0382865630090236
16512,-0.0164866894483566
16513,-0.0789639800786972
16514,-0.0553958341479301
16515,-0.0495572686195373
16516,-0.0537743121385574
16517,-0.0734552592039108
16518,-0.0902835130691528
16519,-0.0730828866362571
16520,-0.0824862569570541
16521,-0.0849272608757019
16522,-0.02294647321105
16523,-0.0558861680328846
16524,-0.055104162544012
16525,-0.0560919977724552
16526,-0.0523358471691608
16527,-0.0418816395103931
16528,-0.0762406438589096
16529,-0.0619534850120544
16530,-0.0556161552667617
16531,-0.046021718531847
16532,-0.0750652402639389
16533,-0.0832292586565017
16534,-0.0592525526881217
16535,-0.05450901389122
16536,-0.0653476566076278
16537,-0.0344301052391529
16538,-0.071837306022644
16539,-0.0649686902761459
16540,-0.0415873415768146
16541,-0.034183781594038
16542,-0.0771970897912979
16543,-0.0365685448050498
16544,-0.0301887392997741
16545,-0.0297769140452146
16546,-0.0419302992522716
16547,-0.0775857791304588
16548,-0.0691427588462829
16549,-0.0371900238096714
16550,-0.0797502025961875
16551,-0.0957299023866653
16552,-0.0533328428864479
16553,-0.06132073700428
16554,-0.059428870677948
16555,-0.0765395537018776
16556,-0.0774430781602859
16557,-0.041283156722784
16558,-0.0428416617214679
16559,-0.0683809220790863
16560,-0.030443288385868
16561,-0.0946375504136085
16562,-0.0717254355549812
16563,-0.0562415644526481
16564,-0.0814687386155128
16565,-0.0713268369436264
16566,-0.0584987588226795
16567,-0.0681375488638877
16568,-0.0811017453670501
16569,-0.0267165042459964
16570,-0.077087789773941
16571,-0.02100545540452
16572,-0.0709354951977729
16573,-0.0394304879009723
16574,-0.0641314834356308
16575,-0.0570751316845417
16576,-0.0677180588245391
16577,-0.0274250302463769
16578,-0.0482451058924198
16579,-0.0208057258278131
16580,-0.0624836422502994
16581,-0.0892621651291847
16582,-0.0589684322476387
16583,-0.0726435557007789
16584,-0.095733605325222
16585,-0.0717836022377014
16586,-0.0620646402239799
16587,-0.082802414894104
16588,-0.0680427476763725
16589,-0.0268448665738105
16590,-0.0542889423668384
16591,-0.0617041774094104
16592,-0.0791842192411422
16593,-0.0915394127368927
16594,-0.0845870748162269
16595,-0.0337120331823825
16596,-0.0410158708691597
16597,-0.0579530782997608
16598,-0.0257850158959627
16599,-0.0887048095464706
16600,-0.0992271527647972
16601,-0.0766609385609626
16602,-0.0774900987744331
16603,-0.0774346739053726
16604,-0.0589585825800895
16605,-0.0663645267486572
16606,-0.0769582763314247
16607,-0.0514740832149982
16608,-0.036037266254425
16609,-0.0708727315068245
16610,-0.0530475564301013
16611,-0.0658546462655067
16612,-0.0590095520019531
16613,-0.0729099065065383
16614,-0.0270794462412595
16615,-0.0573972798883914
16616,-0.0571548528969287
16617,-0.0317418463528156
16618,-0.0848451927304267
16619,-0.0535142682492733
16620,-0.0743354707956314
16621,-0.0525344461202621
16622,-0.0640586540102958
16623,-0.1063242927193641
16624,-0.0526281259953975
16625,-0.0532489158213138
16626,-0.0169193763285875
16627,-0.0889513716101646
16628,-0.0348757468163967
16629,-0.0607581548392772
16630,-0.0968087539076805
16631,-0.0491945222020149
16632,-0.0412236116826534
16633,-0.0564988851547241
16634,-0.1086373701691627
16635,-0.0640458241105079
16636,-0.0776436701416969
16637,-0.0619512721896171
16638,-0.0751660615205764
16639,-0.0669610723853111
16640,-0.0821641832590103
16641,-0.0582963153719902
16642,-0.0754319801926612
16643,-0.0780568495392799
16644,-0.0825326293706893
16645,-0.0665757656097412
16646,-0.1058893650770187
16647,-0.0645041912794113
16648,-0.0489027351140975
16649,-0.0978026166558265
16650,-0.0288143027573823
16651,-0.0871241763234138
16652,-0.0554653219878673
16653,-0.0511694811284542
16654,-0.0361597128212451
16655,-0.0862670168280601
16656,-0.0451532527804374
16657,-0.0531063713133335
16658,-0.0773953273892402
16659,-0.0299950409680604
16660,-0.0811396166682243
16661,-0.0691264197230339
16662,-0.0736528486013412
16663,-0.0902046263217926
16664,-0.0494876764714717
16665,-0.0367470569908618
16666,-0.0855400264263153
16667,-0.1148616224527359
16668,-0.0813210755586624
16669,-0.0280371103435754
16670,-0.0816350728273391
16671,-0.0707480236887931
16672,-0.0517641305923461
16673,-0.0627601444721221
16674,-0.0587566904723644
16675,-0.0754210352897644
16676,-0.1010937020182609
16677,-0.0497933737933635
16678,-0.0658733025193214
16679,-0.0677751004695892
16680,-0.0545972771942615
16681,-0.0478918701410293
16682,-0.0229106377810239
16683,-0.0562414117157459
16684,-0.0916026607155799
16685,-0.069094143807888
16686,-0.0605338960886001
16687,-0.021742433309555
16688,-0.0764866024255752
16689,-0.0285169743001461
16690,-0.0888629108667373
16691,-0.0666007474064827
16692,-0.0765349641442298
16693,-0.0510584004223346
16694,-0.0676557272672653
16695,-0.0579727366566658
16696,-0.0567209720611572
16697,-0.0960752442479133
16698,-0.05450189858675
16699,-0.0492576286196708
16700,-0.0732463672757148
16701,-0.0845720469951629
16702,-0.0680442750453949
16703,-0.0769780799746513
16704,-0.0733586177229881
16705,-0.0477291233837604
16706,-0.0483365058898925
16707,-0.0507281012833118
16708,-0.0635043680667877
16709,-0.0535547137260437
16710,-0.0802332311868667
16711,-0.0886760130524635
16712,-0.0861069038510322
16713,-0.041058849543333
16714,-0.0495218709111213
16715,-0.0294323433190584
16716,-0.0751337185502052
16717,-0.0571549721062183
16718,-0.0948729515075683
16719,-0.0691929161548614
16720,-0.1039575859904289
16721,-0.0532632805407047
16722,-0.0684842690825462
16723,-0.0635252296924591
16724,-0.0441119633615016
16725,-0.0727152600884437
16726,-0.0218615718185901
16727,-0.0237582735717296
16728,-0.0453469343483448
16729,-0.0761822462081909
16730,-0.0781024023890495
16731,-0.0686554685235023
16732,-0.0619703531265258
16733,-0.053013127297163
16734,-0.0288547817617654
16735,-0.0712361857295036
16736,-0.0445567332208156
16737,-0.0857477411627769
16738,-0.0729904845356941
16739,-0.0632810592651367
16740,-0.063809722661972
16741,-0.0556836724281311
16742,-0.0581071898341178
16743,-0.0329781845211982
16744,-0.0742032304406166
16745,-0.0662676244974136
16746,-0.0701102092862129
16747,-0.0738612785935401
16748,-0.0604220293462276
16749,-0.0512803010642528
16750,-0.0481269843876361
16751,-0.0697986930608749
16752,-0.0665590539574623
16753,-0.0606648810207843
16754,-0.0494534857571125
16755,-0.0719607174396514
16756,-0.0560932047665119
16757,-0.0530038885772228
16758,-0.0781948417425155
16759,-0.0800684988498687
16760,-0.0740420743823051
16761,-0.0949904546141624
16762,-0.0577729009091854
16763,-0.0865243524312973
16764,-0.0825704187154769
16765,-0.0486751347780227
16766,-0.0671343803405761
16767,-0.0690734684467315
16768,-0.1184120550751686
16769,-0.0763079300522804
16770,-0.0757281631231308
16771,-0.0469654463231563
16772,-0.084702655673027
16773,-0.0783006772398948
16774,-0.0673442631959915
16775,-0.0971002206206321
16776,-0.0553768947720527
16777,-0.0805567875504493
16778,-0.0486870072782039
16779,-0.0555412657558918
16780,-0.0492334254086017
16781,-0.0701707005500793
16782,-0.0754884630441665
16783,-0.0248757135123014
16784,-0.0645016804337501
16785,-0.0814434587955474
16786,-0.0851373001933097
16787,-0.0590567253530025
16788,-0.0592800639569759
16789,-0.0498465821146965
16790,-0.0789741575717926
16791,-0.0714890137314796
16792,-0.0761121585965156
16793,-0.0717443376779556
16794,-0.0870655924081802
16795,-0.0495248958468437
16796,-0.0198199544101953
16797,-0.0775789692997932
16798,-0.0684312209486961
16799,-0.0819434747099876
16800,-0.042539145797491
16801,-0.1143436804413795
16802,-0.070583239197731
16803,-0.0431650504469871
16804,-0.029815187677741
16805,-0.0747953131794929
16806,-0.0468670353293418
16807,-0.0558861158788204
16808,-0.0534146353602409
16809,-0.046132855117321
16810,-0.0739267095923423
16811,-0.0635444968938827
16812,-0.0487498231232166
16813,-0.0633749216794967
16814,-0.0495474971830844
16815,-0.0406501479446888
16816,-0.0640594437718391
16817,-0.0471084751188755
16818,-0.0563787706196308
16819,-0.0378151796758174
16820,-0.0837338045239448
16821,-0.0728969350457191
16822,-0.0593786761164665
16823,-0.0556701309978961
16824,-0.0786770358681678
16825,-0.0491488054394722
16826,-0.0431569293141365
16827,-0.0540981739759445
16828,-0.0727633759379386
16829,-0.0683551654219627
16830,-0.0830006599426269
16831,-0.0741405561566352
16832,-0.0193327106535434
16833,-0.0611082725226879
16834,-0.0698036924004554
16835,-0.0442612655460834
16836,-0.0461470410227775
16837,-0.0774428322911262
16838,-0.0784398093819618
16839,-0.0566829591989517
16840,-0.0495704934000968
16841,-0.0979017689824104
16842,-0.0901180505752563
16843,-0.0630707889795303
16844,-0.0561177991330623
16845,-0.0807137414813041
16846,-0.0806769207119941
16847,-0.0863791853189468
16848,-0.03467683121562
16849,-0.0706720948219299
16850,-0.0619425848126411
16851,-0.0549544021487236
16852,-0.0602399706840515
16853,-0.0427099056541919
16854,-0.0808630958199501
16855,-0.0570927672088146
16856,-0.0248268879950046
16857,-0.0891289263963699
16858,-0.0717941522598266
16859,-0.0959284454584121
16860,-0.0322242714464664
16861,-0.0334197990596294
16862,-0.0728154703974723
16863,-0.068443089723587
16864,-0.0417091436684131
16865,-0.0776480808854103
16866,-0.0139679498970508
16867,-0.067872829735279
16868,-0.055920235812664
16869,-0.0654079914093017
16870,-0.1077515855431556
16871,-0.0480643324553966
16872,-0.0519911013543605
16873,-0.0704249516129493
16874,-0.0181755069643259
16875,-0.0861746668815612
16876,-0.0779251679778099
16877,-0.0793152749538421
16878,-0.071284033358097
16879,-0.0550546310842037
16880,-0.0752790868282318
16881,-0.0360641367733478
16882,-0.0710119903087616
16883,-0.0376304388046264
16884,-0.0640174075961113
16885,-0.0382801033556461
16886,-0.0467789359390735
16887,-0.0775600969791412
16888,-0.0682684853672981
16889,-0.0549166910350322
16890,-0.0806713178753852
16891,-0.0687988772988319
16892,-0.070471167564392
16893,-0.0755428671836853
16894,-0.04819330945611
16895,-0.0486784651875495
16896,-0.0676954388618469
16897,-0.0978724732995033
16898,-0.0715938434004783
16899,-0.0566704273223876
16900,-0.059992603957653
16901,-0.033906128257513
16902,-0.0530222654342651
16903,-0.0742050781846046
16904,-0.1287796944379806
16905,-0.08083076775074
16906,-0.0500657744705677
16907,-0.0565418526530265
16908,-0.0653974637389183
16909,-0.0679882392287254
16910,-0.0710348188877105
16911,-0.0713135972619056
16912,-0.0802074298262596
16913,-0.0931059047579765
16914,-0.0527415759861469
16915,-0.0661226436495781
16916,-0.0618587136268615
16917,-0.0425356589257717
16918,-0.0592885687947273
16919,-0.0638884827494621
16920,-0.1261632740497589
16921,-0.0517985709011554
16922,-0.0258344709873199
16923,-0.0781112238764762
16924,-0.0363462045788764
16925,-0.0518436431884765
16926,-0.0697631016373634
16927,-0.0955828800797462
16928,-0.0531745925545692
16929,-0.074073888361454
16930,-0.0724511593580246
16931,-0.0476851426064968
16932,-0.0666365101933479
16933,-0.0389481820166111
16934,-0.0807150304317474
16935,-0.0921153724193573
16936,-0.0473450534045696
16937,-0.0635010451078414
16938,-0.081568457186222
16939,-0.072522796690464
16940,-0.0522591061890125
16941,-0.088523082435131
16942,-0.0764999762177467
16943,-0.0579466745257377
16944,-0.0775280967354774
16945,-0.0894822254776954
16946,-0.1129207909107208
16947,-0.048438224941492
16948,-0.0538889952003955
16949,-0.0755724087357521
16950,-0.0730317905545234
16951,-0.0104094827547669
16952,-0.0660265535116195
16953,-0.0812738910317421
16954,-0.018097685649991
16955,-0.0651952400803566
16956,-0.074137307703495
16957,-0.0757395103573799
16958,-0.0298455152660608
16959,-0.0852580145001411
16960,-0.0752877369523048
16961,-0.0339315086603164
16962,-0.0860501676797866
16963,-0.0390337780117988
16964,-0.1008716970682144
16965,-0.0899052992463111
16966,-0.0940149948000907
16967,-0.0485226139426231
16968,-0.0929277390241622
16969,-0.0173441972583532
16970,-0.0463453084230423
16971,-0.0600821040570735
16972,-0.0695174932479858
16973,-0.0556496195495128
16974,-0.0644769445061683
16975,-0.0824578031897544
16976,-0.0553447417914867
16977,-0.0811038017272949
16978,-0.0289275981485843
16979,-0.0862016528844833
16980,-0.0796381384134292
16981,-0.0609721206128597
16982,-0.057353276759386
16983,-0.0718279257416725
16984,-0.0124068455770611
16985,-0.0546791739761829
16986,-0.0715388134121894
16987,-0.0828288123011589
16988,-0.0697273984551429
16989,-0.0702971890568733
16990,-0.0592846199870109
16991,-0.0461955405771732
16992,-0.0965420380234718
16993,-0.0741870999336242
16994,-0.064684972167015
16995,-0.0861808657646179
16996,-0.0392530374228954
16997,-0.0632287710905075
16998,-0.0475390441715717
16999,-0.0666340887546539
17000,-0.0530492253601551
17001,-0.0726573914289474
17002,-0.0124875633046031
17003,-0.0609591268002986
17004,-0.069750927388668
17005,-0.0869067534804344
17006,-0.049631867557764
17007,-0.0416011065244674
17008,-0.0556000806391239
17009,-0.0633973032236099
17010,-0.0622584037482738
17011,-0.0730271115899086
17012,-0.0631722584366798
17013,-0.0423841886222362
17014,-0.0557975694537162
17015,-0.0079150767996907
17016,-0.0137747470289468
17017,-0.0321110188961029
17018,-0.0633081197738647
17019,-0.0594697520136833
17020,-0.0740510299801826
17021,-0.0861067250370979
17022,-0.0763444304466247
17023,-0.0260007083415985
17024,-0.0730524435639381
17025,-0.0982969775795936
17026,-0.0691516101360321
17027,-0.0486703217029571
17028,-0.0390238650143146
17029,-0.0790920630097389
17030,-0.0679986402392387
17031,-0.0381976626813411
17032,-0.0285598896443843
17033,-0.0458970442414283
17034,-0.1024745553731918
17035,-0.0335471369326114
17036,-0.0837910249829292
17037,-0.0893144086003303
17038,-0.0469226948916912
17039,-0.0265243612229824
17040,-0.0545637011528015
17041,-0.0783092752099037
17042,-0.0377687402069568
17043,-0.0759342759847641
17044,-0.0398743040859699
17045,-0.05336569622159
17046,-0.0499969981610775
17047,-0.0653428509831428
17048,-0.0590515621006488
17049,-0.072442926466465
17050,-0.0594523102045059
17051,-0.0847630277276039
17052,-0.094737984240055
17053,-0.0136771816760301
17054,-0.0714340209960937
17055,-0.0835833325982093
17056,-0.0709596946835517
17057,-0.0834345668554306
17058,-0.0622736029326915
17059,-0.0557356886565685
17060,-0.0995343625545501
17061,-0.0645870789885521
17062,-0.0690503641963005
17063,-0.0507959201931953
17064,-0.0580426342785358
17065,-0.0228271931409835
17066,-0.1214813813567161
17067,-0.0703887268900871
17068,-0.0640826374292373
17069,-0.0369005091488361
17070,-0.0762414187192916
17071,-0.0747238174080848
17072,-0.0346495807170867
17073,-0.0832955911755561
17074,-0.0404056496918201
17075,-0.0515811964869499
17076,-0.0501434728503227
17077,-0.0849687233567237
17078,-0.0716456621885299
17079,-0.0687539279460907
17080,-0.0758491531014442
17081,-0.0771058574318885
17082,-0.0867151767015457
17083,-0.0544098280370235
17084,-0.0600957013666629
17085,-0.0536431930959224
17086,-0.031678132712841
17087,-0.1064647585153579
17088,-0.0703049078583717
17089,-0.0890440717339515
17090,-0.0813666954636573
17091,-0.0890004932880401
17092,-0.0472919978201389
17093,-0.0382825545966625
17094,-0.0355782993137836
17095,-0.0437849164009094
17096,-0.0803360641002655
17097,-0.0748975425958633
17098,-0.0417637974023819
17099,-0.0500525571405887
17100,-0.0536330789327621
17101,-0.0814700946211814
17102,-0.0871047303080558
17103,-0.0726566165685653
17104,-0.0833823010325431
17105,-0.0770132318139076
17106,-0.101369559764862
17107,-0.041534025222063
17108,-0.0511902906000614
17109,-0.0625423565506935
17110,-0.0312813445925712
17111,-0.0634614080190658
17112,-0.0731445699930191
17113,-0.0579022169113159
17114,-0.0644245371222496
17115,-0.0745392218232154
17116,-0.0759368911385536
17117,-0.0745870694518089
17118,-0.0662904381752014
17119,-0.0358470641076564
17120,-0.0230717342346906
17121,-0.1026151850819587
17122,-0.0685929358005523
17123,-0.0622794218361377
17124,-0.0518933124840259
17125,-0.0520955584943294
17126,-0.0448522046208381
17127,-0.0537856072187423
17128,-0.0657920315861702
17129,-0.1079532653093338
17130,-0.0613175183534622
17131,-0.1052645966410636
17132,-0.0418756157159805
17133,-0.0644479990005493
17134,-0.0271744076162576
17135,-0.0760483220219612
17136,-0.0470518618822097
17137,-0.0672718733549118
17138,-0.0349318571388721
17139,-0.0463008172810077
17140,-0.0515300892293453
17141,-0.0832865163683891
17142,-0.032765943557024
17143,-0.0659764781594276
17144,-0.0423393063247203
17145,-0.0749443843960762
17146,-0.0876703783869743
17147,-0.0602442026138305
17148,-0.0804480388760566
17149,-0.0794730484485626
17150,-0.0296836663037538
17151,-0.0917320102453231
17152,-0.0368711277842521
17153,-0.0438550524413585
17154,-0.0651191845536232
17155,-0.0599134229123592
17156,-0.0770967155694961
17157,-0.0298050735145807
17158,-0.0457581877708435
17159,-0.0686035230755806
17160,-0.034193068742752
17161,-0.0709569677710533
17162,-0.035538125783205
17163,-0.0507612228393554
17164,-0.0095696588978171
17165,-0.0865034013986587
17166,-0.06248789280653
17167,-0.0406508333981037
17168,-0.0678662359714508
17169,-0.0751465559005737
17170,-0.0632237121462822
17171,-0.0511307753622531
17172,-0.0729172974824905
17173,-0.0475628040730953
17174,-0.0162687096744775
17175,-0.0739452317357063
17176,-0.0873408764600753
17177,-0.0624558478593826
17178,-0.0673204660415649
17179,-0.0751383602619171
17180,-0.0824297294020652
17181,-0.0830484107136726
17182,-0.0685636848211288
17183,-0.0714296177029609
17184,-0.0904195010662078
17185,-0.0825148597359657
17186,-0.098166637122631
17187,-0.0365473739802837
17188,-0.0597726516425609
17189,-0.0480273328721523
17190,-0.0248815920203924
17191,-0.0858462825417518
17192,-0.092641569674015
17193,-0.0930062234401702
17194,-0.0318421199917793
17195,-0.0483853816986084
17196,-0.0501462742686271
17197,-0.0865234062075614
17198,-0.0775797888636589
17199,-0.0701889172196388
17200,-0.0205839145928621
17201,-0.0426728762686252
17202,-0.0796428620815277
17203,-0.0722630023956298
17204,-0.0582980774343013
17205,-0.0616688057780265
17206,-0.0453772284090518
17207,-0.0672877877950668
17208,-0.095381960272789
17209,-0.0707694068551063
17210,-0.0721629634499549
17211,-0.0397449880838394
17212,-0.0216506421566009
17213,-0.0435072034597396
17214,-0.0381664596498012
17215,-0.0870670825242996
17216,-0.0648614540696144
17217,-0.0505172684788703
17218,-0.078555941581726
17219,-0.0603169724345207
17220,-0.0700604766607284
17221,-0.1352701783180236
17222,-0.0683815777301788
17223,-0.0830148234963417
17224,-0.0333807207643985
17225,-0.0777160078287124
17226,-0.0432083345949649
17227,-0.0534731037914752
17228,-0.0106282923370599
17229,-0.0811678916215896
17230,-0.0739592686295509
17231,-0.1191741228103637
17232,-0.0559988170862197
17233,-0.0760923773050308
17234,-0.0731392949819564
17235,-0.090547427535057
17236,-0.053074087947607
17237,-0.0722118839621543
17238,-0.0516300089657306
17239,-0.0700161680579185
17240,-0.0629779249429702
17241,-0.0758575722575187
17242,-0.0648213773965835
17243,-0.0091621614992618
17244,-0.049491960555315
17245,-0.0731951221823692
17246,-0.0801755115389823
17247,-0.0731024518609047
17248,-0.0378045104444026
17249,-0.0363601967692375
17250,-0.0827082172036171
17251,-0.0744834095239639
17252,-0.0386003069579601
17253,-0.0915960744023323
17254,-0.0574527382850647
17255,-0.042004644870758
17256,-0.0306402835994958
17257,-0.0876992121338844
17258,-0.0615786388516426
17259,-0.0768787935376167
17260,-0.0742881670594215
17261,-0.0729468315839767
17262,-0.0783193260431289
17263,-0.056203830987215
17264,-0.097497284412384
17265,-0.045159924775362
17266,-0.0678958594799041
17267,-0.0513934418559074
17268,-0.0798814296722412
17269,-0.076485276222229
17270,-0.0485230088233947
17271,-0.0624166913330554
17272,-0.089283563196659
17273,-0.0664137154817581
17274,-0.0793594196438789
17275,-0.0545220263302326
17276,-0.0414715223014354
17277,-0.0790544375777244
17278,-0.0701969861984252
17279,-0.0543620325624942
17280,-0.0377115793526172
17281,-0.0314603187143802
17282,-0.0424898862838745
17283,-0.0767009705305099
17284,-0.0484241805970668
17285,-0.0510707609355449
17286,-0.0759394541382789
17287,-0.0410959385335445
17288,-0.0802957490086555
17289,-0.0874640196561813
17290,-0.0747716203331947
17291,-0.0683009997010231
17292,-0.081995241343975
17293,-0.0647914931178093
17294,-0.0600761957466602
17295,-0.0712524354457855
17296,-0.085765391588211
17297,-0.0639931112527847
17298,-0.031518381088972
17299,-0.0363700538873672
17300,-0.0357280261814594
17301,-0.0817676559090614
17302,-0.0741995498538017
17303,-0.0785262435674667
17304,-0.0654613301157951
17305,-0.0870407447218895
17306,-0.0569750666618347
17307,-0.1009237766265869
17308,-0.0613240785896778
17309,-0.0499130822718143
17310,-0.0461862497031688
17311,-0.0562241412699222
17312,-0.068939670920372
17313,-0.0377168394625186
17314,-0.0394685417413711
17315,-0.0306177996098995
17316,-0.0389206744730472
17317,-0.0484509728848934
17318,-0.0545877330005168
17319,-0.0107424035668373
17320,-0.090857982635498
17321,-0.019557099789381
17322,-0.071626104414463
17323,-0.0630865767598152
17324,-0.0828742533922195
17325,-0.0674139112234115
17326,-0.0726591870188713
17327,-0.0925915762782096
17328,-0.0491619445383548
17329,-0.0803858786821365
17330,-0.0375565215945243
17331,-0.0682619139552116
17332,-0.0877609476447105
17333,-0.0374620780348777
17334,-0.0959241017699241
17335,-0.0591636896133422
17336,-0.0776845812797546
17337,-0.0908303409814834
17338,-0.0516169369220733
17339,-0.0428836159408092
17340,-0.0660020485520362
17341,-0.0541107542812824
17342,-0.0606469325721263
17343,-0.0195037387311458
17344,-0.0353293493390083
17345,-0.0680730566382408
17346,-0.0655016601085662
17347,-0.0901751145720481
17348,-0.0896769687533378
17349,-0.0242600254714489
17350,-0.0628400221467018
17351,-0.0750110819935798
17352,-0.0821048393845558
17353,-0.0807171612977981
17354,-0.0879767909646034
17355,-0.0539943911135196
17356,-0.0461413711309433
17357,-0.0679173246026039
17358,-0.0630417689681053
17359,-0.0595714189112186
17360,-0.0755575224757194
17361,-0.0991677716374397
17362,-0.0278008189052343
17363,-0.0798959881067276
17364,-0.0717275738716125
17365,-0.1027306765317916
17366,-0.0837866067886352
17367,-0.0509459003806114
17368,-0.0313497222959995
17369,-0.0613900944590568
17370,-0.0704303756356239
17371,-0.051233272999525
17372,-0.0484021417796611
17373,-0.0708676651120185
17374,-0.078287698328495
17375,-0.058528184890747
17376,-0.05614909902215
17377,-0.0733369067311286
17378,-0.0739341080188751
17379,-0.0637719705700874
17380,-0.0752338841557502
17381,-0.024749694392085
17382,-0.0412590540945529
17383,-0.0463722646236419
17384,-0.0651994496583938
17385,-0.0732430592179298
17386,-0.0801217705011367
17387,-0.0739602148532867
17388,-0.0475239306688308
17389,-0.0500519089400768
17390,-0.0548710897564888
17391,-0.0869807302951812
17392,-0.0926904529333114
17393,-0.0349018014967441
17394,-0.0884004086256027
17395,-0.0771012753248214
17396,-0.0822638124227523
17397,-0.0413821153342723
17398,-0.0490858294069767
17399,-0.0765510275959968
17400,-0.0875769853591919
17401,-0.0885316058993339
17402,-0.0630777180194854
17403,-0.0394030734896659
17404,-0.0798254832625389
17405,-0.0386245064437389
17406,-0.0864579081535339
17407,-0.0843924656510353
17408,-0.0704506635665893
17409,-0.0815890580415725
17410,-0.0285996571183204
17411,-0.0547805353999137
17412,-0.0633758753538131
17413,-0.0751668661832809
17414,-0.0504181385040283
17415,-0.0849809944629669
17416,-0.0966666936874389
17417,-0.0654008239507675
17418,-0.0414277464151382
17419,-0.0291112400591373
17420,-0.0883614420890808
17421,-0.0183035302907228
17422,-0.0825109258294105
17423,-0.0567719750106334
17424,-0.0792319625616073
17425,-0.0596012286841869
17426,-0.0705766603350639
17427,-0.0983346477150917
17428,-0.062906801700592
17429,-0.0105169201269745
17430,-0.0438135601580143
17431,-0.0642726421356201
17432,-0.0225439947098493
17433,-0.0425154231488704
17434,-0.0512738898396492
17435,-0.0443848073482513
17436,-0.0635164827108383
17437,-0.0426431857049465
17438,-0.0599200278520584
17439,-0.0729554891586303
17440,-0.0717497617006301
17441,-0.0588667392730712
17442,-0.0753574147820472
17443,-0.0747571662068367
17444,-0.0813061222434043
17445,-0.0684970840811729
17446,-0.0583212524652481
17447,-0.0769076496362686
17448,-0.0405465550720691
17449,-0.0856915339827537
17450,-0.0554080754518508
17451,-0.0537499189376831
17452,-0.0585577487945556
17453,-0.0551471039652824
17454,-0.0259691942483186
17455,-0.0709472596645355
17456,-0.0670389384031295
17457,-0.0822580158710479
17458,-0.0901834517717361
17459,-0.0579140931367874
17460,-0.0578992776572704
17461,-0.0781722366809845
17462,-0.0381899662315845
17463,-0.0775112360715866
17464,-0.0899539366364479
17465,-0.0761145055294036
17466,-0.0445499569177627
17467,-0.0955748483538627
17468,-0.0430823825299739
17469,-0.0667588785290718
17470,-0.0322288945317268
17471,-0.0324745699763298
17472,-0.0671897381544113
17473,-0.0735848397016525
17474,-0.0497975423932075
17475,-0.1141061261296272
17476,-0.0855188965797424
17477,-0.0408097803592681
17478,-0.0750232338905334
17479,-0.0840309709310531
17480,-0.0496624372899532
17481,-0.0467065647244453
17482,-0.0580066591501235
17483,-0.0782696604728698
17484,-0.0793724134564399
17485,-0.069028340280056
17486,-0.0242446921765804
17487,-0.029740460216999
17488,-0.0344611406326293
17489,-0.0884288549423217
17490,-0.0532546415925025
17491,-0.101816825568676
17492,-0.0456532649695873
17493,-0.0737897232174873
17494,-0.0859398990869522
17495,-0.033421341329813
17496,-0.0536261089146137
17497,-0.0623118206858634
17498,-0.039958156645298
17499,-0.0917133241891861
17500,-0.0405317470431327
17501,-0.0464858002960681
17502,-0.06319210678339
17503,-0.0835829153656959
17504,-0.063562273979187
17505,-0.0562463663518428
17506,-0.0618437081575393
17507,-0.0727462172508239
17508,-0.0481937229633331
17509,-0.0501956231892108
17510,-0.0718942508101463
17511,-0.0835228711366653
17512,-0.0609437972307205
17513,-0.0690114349126815
17514,-0.0715013444423675
17515,-0.1046862974762916
17516,-0.0761006698012352
17517,-0.0792943611741066
17518,-0.0842124596238136
17519,-0.0953479036688804
17520,-0.0771911814808845
17521,-0.0796697363257408
17522,-0.0925777480006218
17523,-0.0470229908823967
17524,-0.0769701972603797
17525,-0.0445356369018554
17526,-0.0688101947307586
17527,-0.1083353608846664
17528,-0.0593146421015262
17529,-0.0847771540284156
17530,-0.0694378763437271
17531,-0.0738955661654472
17532,-0.0856931507587432
17533,-0.0758831650018692
17534,-0.0321668870747089
17535,-0.0863992273807525
17536,-0.073719710111618
17537,-0.0723958984017372
17538,-0.0470552518963813
17539,-0.091820515692234
17540,-0.0737669095396995
17541,-0.071133516728878
17542,-0.0468046851456165
17543,-0.0893948003649711
17544,-0.0802134871482849
17545,-0.0369880571961402
17546,-0.046566117554903
17547,-0.0090494873002171
17548,-0.0389457754790782
17549,-0.0767543166875839
17550,-0.0100361173972487
17551,-0.068195916712284
17552,-0.0642696171998977
17553,-0.0678668841719627
17554,-0.0718054994940757
17555,-0.0687342062592506
17556,-0.0855694636702537
17557,-0.0632152184844017
17558,-0.0687900707125663
17559,-0.0739782825112342
17560,-0.0685179233551025
17561,-0.0477394051849842
17562,-0.0265072472393512
17563,-0.0769736543297767
17564,-0.0305520389229059
17565,-0.0620131380856037
17566,-0.0558074861764907
17567,-0.0639164224267005
17568,-0.0689865127205848
17569,-0.0334793142974376
17570,-0.0749556794762611
17571,-0.0813490524888038
17572,-0.0567331574857234
17573,-0.0654248818755149
17574,-0.0200829226523637
17575,-0.0182042215019464
17576,-0.0623768046498298
17577,-0.0587433986365795
17578,-0.0268335584551095
17579,-0.0649698302149772
17580,-0.0753926336765289
17581,-0.070869356393814
17582,-0.0311505738645792
17583,-0.0675948038697242
17584,-0.0451723523437976
17585,-0.0668177083134651
17586,-0.0815448611974716
17587,-0.0738776549696922
17588,-0.0405964590609073
17589,-0.0340302400290966
17590,-0.1078247502446174
17591,-0.0652475133538246
17592,-0.0550846830010414
17593,-0.0571989491581916
17594,-0.0737336724996566
17595,-0.0688363835215568
17596,-0.0113849667832255
17597,-0.0759148672223091
17598,-0.1027235239744186
17599,-0.0692376792430877
17600,-0.0843035578727722
17601,-0.0198722444474697
17602,-0.0606193616986274
17603,-0.0683774575591087
17604,-0.0435222499072551
17605,-0.0995351448655128
17606,-0.0344077572226524
17607,-0.0703520104289054
17608,-0.046812068670988
17609,-0.0867825746536254
17610,-0.0889430865645408
17611,-0.0754629895091056
17612,-0.0716245099902153
17613,-0.0707428008317947
17614,-0.0961743891239166
17615,-0.0755127295851707
17616,-0.0617177225649356
17617,-0.0467899106442928
17618,-0.0676152482628822
17619,-0.0726800858974456
17620,-0.0364683344960212
17621,-0.0789067819714546
17622,-0.0840900391340255
17623,-0.0586360953748226
17624,-0.0795882493257522
17625,-0.0732714533805847
17626,-0.0459976866841316
17627,-0.0813294425606727
17628,-0.0786126255989074
17629,-0.0486315414309501
17630,-0.0364483892917633
17631,-0.0624488778412342
17632,-0.0846379771828651
17633,-0.0688574612140655
17634,-0.0673917904496193
17635,-0.0527094192802906
17636,-0.0551013946533203
17637,-0.0394818037748336
17638,-0.0747486129403114
17639,-0.030279453843832
17640,-0.0534893386065959
17641,-0.0844604820013046
17642,-0.0842224061489105
17643,-0.068467229604721
17644,-0.0392247512936592
17645,-0.035501405596733
17646,-0.0601767115294933
17647,-0.0704429298639297
17648,-0.0413045771420002
17649,-0.0575770884752273
17650,-0.0296517871320247
17651,-0.0296897925436496
17652,-0.0597806386649608
17653,-0.0788048654794693
17654,-0.1002310141921043
17655,-0.0694106221199035
17656,-0.0531405247747898
17657,-0.0690428093075752
17658,-0.0757903382182121
17659,-0.0587228722870349
17660,-0.0353543050587177
17661,-0.0531208254396915
17662,-0.0809179171919822
17663,-0.0647484436631202
17664,-0.0442018248140811
17665,-0.0547012686729431
17666,-0.0702753514051437
17667,-0.0840001255273819
17668,-0.0610287450253963
17669,-0.0828199386596679
17670,-0.0790215134620666
17671,-0.0861987844109535
17672,-0.0741284936666488
17673,-0.0850832685828208
17674,-0.0787202194333076
17675,-0.0719844102859497
17676,-0.0922773405909538
17677,-0.0814807415008544
17678,-0.0308536421507596
17679,-0.0639273822307586
17680,-0.0719698816537857
17681,-0.0457521751523017
17682,-0.0497983582317829
17683,-0.0318748466670513
17684,-0.0474277213215827
17685,-0.0868931338191032
17686,-0.0594077445566654
17687,-0.0776460394263267
17688,-0.051599908620119
17689,-0.0184418950229883
17690,-0.0900506153702735
17691,-0.053118672221899
17692,-0.0440911576151847
17693,-0.0660358518362045
17694,-0.0638369619846344
17695,-0.082156516611576
17696,-0.0791042149066925
17697,-0.0772436037659645
17698,-0.0268097352236509
17699,-0.0391338393092155
17700,-0.0330213904380798
17701,-0.0580584742128849
17702,-0.0880683287978172
17703,-0.078296460211277
17704,-0.0901425406336784
17705,-0.0777939409017562
17706,-0.0775620713829994
17707,-0.0604554824531078
17708,-0.0855593159794807
17709,-0.0580948516726493
17710,-0.0787730067968368
17711,-0.0652911812067031
17712,-0.0853462368249893
17713,-0.0937629789113998
17714,-0.0527992434799671
17715,-0.0695449486374855
17716,-0.0820937156677246
17717,-0.0770911946892738
17718,-0.063772365450859
17719,-0.072855956852436
17720,-0.0560820959508419
17721,-0.0840710774064064
17722,-0.0813711658120155
17723,-0.0527576506137847
17724,-0.0104027139022946
17725,-0.0726661458611488
17726,-0.0721742734313011
17727,-0.0608360432088375
17728,-0.0594476200640201
17729,-0.0939853563904762
17730,-0.0641500428318977
17731,-0.0745510980486869
17732,-0.0962223187088966
17733,-0.0810511484742164
17734,-0.0574021525681018
17735,-0.0760047808289527
17736,-0.0789538547396659
17737,-0.0585423037409782
17738,-0.0788633003830909
17739,-0.0487756729125976
17740,-0.0568029806017875
17741,-0.1102905198931694
17742,-0.0932930335402488
17743,-0.0430154800415039
17744,-0.0708611011505127
17745,-0.0779613852500915
17746,-0.0659297332167625
17747,-0.1030824854969978
17748,-0.0844085365533828
17749,-0.0778488889336586
17750,-0.0327632948756217
17751,-0.0702285096049308
17752,-0.0556032657623291
17753,-0.0574987269937992
17754,-0.0846586003899574
17755,-0.0425317771732807
17756,-0.0809677615761756
17757,-0.076928049325943
17758,-0.0151970954611897
17759,-0.0436178408563137
17760,-0.078097254037857
17761,-0.1004345789551734
17762,-0.0249250717461109
17763,-0.0812327414751052
17764,-0.1061319410800933
17765,-0.0510138608515262
17766,-0.052915271371603
17767,-0.0571969673037529
17768,-0.078388012945652
17769,-0.0403473004698753
17770,-0.0724650621414184
17771,-0.0861553773283958
17772,-0.0633963197469711
17773,-0.0662770271301269
17774,-0.0874713212251663
17775,-0.0897262096405029
17776,-0.0459063425660133
17777,-0.0598343685269355
17778,-0.0755606517195701
17779,-0.0578460581600666
17780,-0.066520057618618
17781,-0.0604846365749836
17782,-0.0368092581629753
17783,-0.0493326038122177
17784,-0.0707188695669174
17785,-0.0941148325800895
17786,-0.0542718954384326
17787,-0.0466019138693809
17788,-0.0534542985260486
17789,-0.0903495624661445
17790,-0.0383147075772285
17791,-0.0623264387249946
17792,-0.0669919997453689
17793,-0.0422694310545921
17794,-0.0502793006598949
17795,-0.0310244299471378
17796,-0.0880749598145484
17797,-0.0422944612801075
17798,-0.0553706772625446
17799,-0.0497441701591014
17800,-0.0935402885079383
17801,-0.0660702437162399
17802,-0.0323794186115264
17803,-0.0375829227268695
17804,-0.0780458226799964
17805,-0.0608242079615592
17806,-0.0663228034973144
17807,-0.0687258020043373
17808,-0.0844414159655571
17809,-0.0762837752699852
17810,-0.0392104238271713
17811,-0.0806754231452941
17812,-0.0427724830806255
17813,-0.0696730986237526
17814,-0.0791325345635414
17815,-0.0538042001426219
17816,-0.0393363237380981
17817,-0.0813317149877548
17818,-0.0944216176867485
17819,-0.0753027498722076
17820,-0.0605934523046016
17821,-0.0653037950396537
17822,-0.0935301929712295
17823,-0.0792195722460746
17824,-0.0762513801455497
17825,-0.0516106635332107
17826,-0.0922738090157508
17827,-0.0929905101656913
17828,-0.0842339992523193
17829,-0.0597666911780834
17830,-0.0750027671456337
17831,-0.0463367290794849
17832,-0.0556566603481769
17833,-0.0762754827737808
17834,-0.0814975798130035
17835,-0.0659465938806533
17836,-0.0170310102403163
17837,-0.0896442234516143
17838,-0.0663775578141212
17839,-0.0722566619515419
17840,-0.0649304240942001
17841,-0.0484171696007251
17842,-0.0724278092384338
17843,-0.0639670491218566
17844,-0.02703876234591
17845,-0.0984930172562599
17846,-0.0740227475762367
17847,-0.0360270030796527
17848,-0.0774703025817871
17849,-0.0278288032859563
17850,-0.0334305055439472
17851,-0.0501198209822177
17852,-0.0419418737292289
17853,-0.0272273607552051
17854,-0.0680715888738632
17855,-0.0195439234375953
17856,-0.0255771223455667
17857,-0.0696922019124031
17858,-0.0837180837988853
17859,-0.0849783718585968
17860,-0.0597945526242256
17861,-0.071728304028511
17862,-0.0859359428286552
17863,-0.0534201264381408
17864,-0.0677047595381736
17865,-0.0543105155229568
17866,-0.0564732365310192
17867,-0.0612521097064018
17868,-0.0220495983958244
17869,-0.0529334731400013
17870,-0.0834500268101692
17871,-0.0751380696892738
17872,-0.0513673946261405
17873,-0.0350029952824115
17874,-0.0640629082918167
17875,-0.0303215477615594
17876,-0.0762181282043457
17877,-0.0648522078990936
17878,-0.0587808489799499
17879,-0.0612639859318733
17880,-0.0600297264754772
17881,-0.0562776513397693
17882,-0.0431500747799873
17883,-0.0873961001634597
17884,-0.0077375341206789
17885,-0.0372212529182434
17886,-0.084669329226017
17887,-0.0681207478046417
17888,-0.0549484714865684
17889,-0.0653016194701194
17890,-0.0316241644322872
17891,-0.0755479112267494
17892,-0.0580058433115482
17893,-0.0723383203148841
17894,-0.1053558066487312
17895,-0.0794508904218673
17896,-0.0650296211242675
17897,-0.0580081343650817
17898,-0.0574385412037372
17899,-0.0830903425812721
17900,-0.078641302883625
17901,-0.0668437778949737
17902,-0.0648028180003166
17903,-0.0459654591977596
17904,-0.0815218463540077
17905,-0.0774353146553039
17906,-0.0592284873127937
17907,-0.0347093604505062
17908,-0.0889283716678619
17909,-0.0834827199578285
17910,-0.0492529086768627
17911,-0.0683662220835685
17912,-0.0397762209177017
17913,-0.0769249871373176
17914,-0.0438265614211559
17915,-0.0617244131863117
17916,-0.0946742072701454
17917,-0.0785647183656692
17918,-0.0875402241945266
17919,-0.0717523768544197
17920,-0.077900156378746
17921,-0.0832560360431671
17922,-0.0543940551578998
17923,-0.0704594627022743
17924,-0.0410488843917846
17925,-0.0551629178225994
17926,-0.0807379335165023
17927,-0.0269865132868289
17928,-0.0831532329320907
17929,-0.071199283003807
17930,-0.0169117841869592
17931,-0.0680579245090484
17932,-0.0544339567422866
17933,-0.0457190573215484
17934,-0.0532062165439128
17935,-0.0327298529446125
17936,-0.0625458061695098
17937,-0.0814769566059112
17938,-0.0691407620906829
17939,-0.065535269677639
17940,-0.0743091404438018
17941,-0.0774883553385734
17942,-0.0746236070990562
17943,-0.0278149880468845
17944,-0.0962338075041771
17945,-0.0332122631371021
17946,-0.0459360182285308
17947,-0.054201390594244
17948,-0.0704686492681503
17949,-0.076589860022068
17950,-0.0973252579569816
17951,-0.0724545046687126
17952,-0.0446242876350879
17953,-0.0521667599678039
17954,-0.0185134001076221
17955,-0.072052925825119
17956,-0.0860223472118377
17957,-0.0844801887869834
17958,-0.059878084808588
17959,-0.0776505693793296
17960,-0.0180071163922548
17961,-0.0700522512197494
17962,-0.0573350451886653
17963,-0.0771123021841049
17964,-0.0252331458032131
17965,-0.0114016020670533
17966,-0.0853148028254509
17967,-0.044459544122219
17968,-0.0446541160345077
17969,-0.0921333134174346
17970,-0.0209122169762849
17971,-0.0388490930199623
17972,-0.0580322071909904
17973,-0.1075275391340255
17974,-0.0521538406610488
17975,-0.0663380548357963
17976,-0.1070283725857734
17977,-0.0207944177091121
17978,-0.0764041617512703
17979,-0.0706678926944732
17980,-0.0620860271155834
17981,-0.0656224861741066
17982,-0.0762541070580482
17983,-0.0459485910832881
17984,-0.0930346921086311
17985,-0.0613113231956958
17986,-0.0870545729994773
17987,-0.0715612322092056
17988,-0.0546476803719997
17989,-0.0177524518221616
17990,-0.0813471227884292
17991,-0.0459733270108699
17992,-0.0623421743512153
17993,-0.0590590499341487
17994,-0.0863325521349906
17995,-0.0921722128987312
17996,-0.0568800494074821
17997,-0.0402855388820171
17998,-0.0363752953708171
17999,-0.0577334426343441
18000,-0.0504900626838207
18001,-0.0487952977418899
18002,-0.0834698975086212
18003,-0.0710730999708175
18004,-0.0333973951637744
18005,-0.0547302141785621
18006,-0.0654264464974403
18007,-0.0721718147397041
18008,-0.0740073770284652
18009,-0.0686705484986305
18010,-0.0708984285593032
18011,-0.0356046594679355
18012,-0.036255270242691
18013,-0.0457622110843658
18014,-0.0525341220200061
18015,-0.0837429016828537
18016,-0.0210796520113945
18017,-0.0586966201663017
18018,-0.0494725070893764
18019,-0.0632892102003097
18020,-0.0214598011225461
18021,-0.0582083612680435
18022,-0.0335195064544677
18023,-0.1006656661629676
18024,-0.1309737563133239
18025,-0.0618204548954963
18026,-0.0521866716444492
18027,-0.0408996939659118
18028,-0.0758876875042915
18029,-0.1145427078008651
18030,-0.0132354414090514
18031,-0.0579299516975879
18032,-0.0833096653223037
18033,-0.0366758927702903
18034,-0.0591559410095214
18035,-0.0422283560037612
18036,-0.0448916479945182
18037,-0.0510809496045112
18038,-0.0921100080013275
18039,-0.084902286529541
18040,-0.0503737144172191
18041,-0.0753138586878776
18042,-0.0538706332445144
18043,-0.0562624409794807
18044,-0.0667853206396102
18045,-0.0430072806775569
18046,-0.0895024836063385
18047,-0.0505166910588741
18048,-0.0757207721471786
18049,-0.0547077879309654
18050,-0.0817468985915184
18051,-0.0773612707853317
18052,-0.0729423910379409
18053,-0.0801223665475845
18054,-0.0530509427189827
18055,-0.0785115733742713
18056,-0.0387316234409809
18057,-0.0779929384589195
18058,-0.0391512252390384
18059,-0.061523649841547
18060,-0.035585094243288
18061,-0.0416476540267467
18062,-0.0674135610461235
18063,-0.0779242739081382
18064,-0.0749437361955642
18065,-0.0617250949144363
18066,-0.0398362018167972
18067,-0.0609586238861084
18068,-0.0461023263633251
18069,-0.0517021492123603
18070,-0.0655476823449134
18071,-0.0496921874582767
18072,-0.0657853260636329
18073,-0.0804974660277366
18074,-0.0806218758225441
18075,-0.0354800298810005
18076,-0.0332877300679683
18077,-0.0807659924030304
18078,-0.0635529607534408
18079,-0.0600093081593513
18080,-0.0763471499085426
18081,-0.0793261155486106
18082,-0.0427089408040046
18083,-0.0571999438107013
18084,-0.0274696592241525
18085,-0.0515645630657672
18086,-0.0451353378593921
18087,-0.0479293763637542
18088,-0.0595962293446064
18089,-0.0461450777947902
18090,-0.0475501790642738
18091,-0.0286623369902372
18092,-0.0468291901051998
18093,-0.0588555000722408
18094,-0.0790321677923202
18095,-0.0580386072397232
18096,-0.0829612761735916
18097,-0.0629841163754463
18098,-0.0706098824739456
18099,-0.0424243174493312
18100,-0.0688624456524849
18101,-0.0300704278051853
18102,-0.0460036993026733
18103,-0.0506479926407337
18104,-0.0596295781433582
18105,-0.0325573608279228
18106,-0.0796729251742363
18107,-0.0665654689073562
18108,-0.0234817862510681
18109,-0.0408398918807506
18110,-0.058285754173994
18111,-0.0907393544912338
18112,-0.0874862223863601
18113,-0.0750697925686836
18114,-0.0897584035992622
18115,-0.0616161413490772
18116,-0.0595248863101005
18117,-0.0841675624251365
18118,-0.083691693842411
18119,-0.0615191720426082
18120,-0.0401468686759471
18121,-0.058881614357233
18122,-0.0144136054441332
18123,-0.0596557073295116
18124,-0.0735563561320304
18125,-0.075888767838478
18126,-0.0434619411826133
18127,-0.0630325898528099
18128,-0.0770053118467331
18129,-0.0449320040643215
18130,-0.0683168768882751
18131,-0.0200959891080856
18132,-0.0814883187413215
18133,-0.1012807041406631
18134,-0.0423337407410144
18135,-0.0649816021323204
18136,-0.0733308717608451
18137,-0.0651234984397888
18138,-0.081573486328125
18139,-0.0845958143472671
18140,-0.0539407022297382
18141,-0.0637775063514709
18142,-0.0380150526762008
18143,-0.0720817148685455
18144,-0.0893823951482772
18145,-0.0692563876509666
18146,-0.0602432154119014
18147,-0.0339573509991169
18148,-0.0383259244263172
18149,-0.0464717485010623
18150,-0.0645385757088661
18151,-0.0608334876596927
18152,-0.0658672153949737
18153,-0.0343306772410869
18154,-0.0999568924307823
18155,-0.0683018937706947
18156,-0.0274889338761568
18157,-0.0359922386705875
18158,-0.0335328765213489
18159,-0.0095230806618928
18160,-0.0719423070549964
18161,-0.0265297722071409
18162,-0.067254789173603
18163,-0.0826584696769714
18164,-0.047945387661457
18165,-0.066738523542881
18166,-0.0730213448405265
18167,-0.0603661686182022
18168,-0.0197098422795534
18169,-0.0577123314142227
18170,-0.0853514745831489
18171,-0.0346059463918209
18172,-0.0234085787087678
18173,-0.0867874473333358
18174,-0.0587849169969558
18175,-0.0666592344641685
18176,-0.0778864994645118
18177,-0.0606202147901058
18178,-0.0550361759960651
18179,-0.0522135086357593
18180,-0.0399831496179103
18181,-0.0880456492304802
18182,-0.0603715069591999
18183,-0.0572598502039909
18184,-0.0886047855019569
18185,-0.0967759266495704
18186,-0.0685685947537422
18187,-0.1208991780877113
18188,-0.086729384958744
18189,-0.0191698931157588
18190,-0.0652745440602302
18191,-0.0735692381858825
18192,-0.0481821782886981
18193,-0.0225414875894784
18194,-0.0707081779837608
18195,-0.0895685255527496
18196,-0.0335115008056163
18197,-0.077346421778202
18198,-0.040479265153408
18199,-0.0582395009696483
18200,-0.0620339326560497
18201,-0.0705159157514572
18202,-0.0733839944005012
18203,-0.0540963187813758
18204,-0.087391972541809
18205,-0.0907761454582214
18206,-0.0276129450649023
18207,-0.0914404541254043
18208,-0.0911626145243644
18209,-0.0633491054177284
18210,-0.0578824803233146
18211,-0.0553682930767536
18212,-0.0498122908174991
18213,-0.0250504333525896
18214,-0.0707447379827499
18215,-0.0371302217245101
18216,-0.0743405446410179
18217,-0.0606048293411731
18218,-0.0677590444684028
18219,-0.057750828564167
18220,-0.06397495418787
18221,-0.0806308537721633
18222,-0.0623202323913574
18223,-0.0818965807557106
18224,-0.0730108544230461
18225,-0.0777297765016555
18226,-0.0722272545099258
18227,-0.0479113981127738
18228,-0.0236183032393455
18229,-0.0818693861365318
18230,-0.086773507297039
18231,-0.04437767714262
18232,-0.075346253812313
18233,-0.0453738085925579
18234,-0.0141166662797331
18235,-0.0812446847558021
18236,-0.0848796442151069
18237,-0.0283964537084102
18238,-0.0607660897076129
18239,-0.0781566277146339
18240,-0.0651999488472938
18241,-0.0862567573785781
18242,-0.064908780157566
18243,-0.0464182831346988
18244,-0.0824016854166984
18245,-0.0935219302773475
18246,-0.0820069909095764
18247,-0.0747232511639595
18248,-0.0263620987534523
18249,-0.0714683607220649
18250,-0.0322957374155521
18251,-0.0649594441056251
18252,-0.0467101857066154
18253,-0.0795825943350792
18254,-0.0797454938292503
18255,-0.0894873812794685
18256,-0.0515800677239894
18257,-0.0604103133082389
18258,-0.0749949589371681
18259,-0.0767599269747734
18260,-0.0664178505539894
18261,-0.0576769299805164
18262,-0.0697372034192085
18263,-0.0531491935253143
18264,-0.0603508092463016
18265,-0.0547449514269828
18266,-0.0580917410552501
18267,-0.092111125588417
18268,-0.0592640712857246
18269,-0.0485262647271156
18270,-0.0953128486871719
18271,-0.0846767947077751
18272,-0.0636686459183693
18273,-0.0343809053301811
18274,-0.0670148432254791
18275,-0.0530448816716671
18276,-0.0903905406594276
18277,-0.0751200169324874
18278,-0.0946559831500053
18279,-0.0645531415939331
18280,-0.0704333633184433
18281,-0.0400322154164314
18282,-0.0444226339459419
18283,-0.06075444445014
18284,-0.0811167806386947
18285,-0.0549981333315372
18286,-0.0687501057982444
18287,-0.0774987787008285
18288,-0.0417892970144748
18289,-0.0792802944779396
18290,-0.0643704235553741
18291,-0.0751213207840919
18292,-0.0611812882125377
18293,-0.0797610357403755
18294,-0.082296997308731
18295,-0.0728638917207717
18296,-0.0082577019929885
18297,-0.0474618300795555
18298,-0.0519576258957386
18299,-0.0600935295224189
18300,-0.0427423939108848
18301,-0.060491245239973
18302,-0.047219555824995
18303,-0.0831920281052589
18304,-0.0633165016770362
18305,-0.0731494426727294
18306,-0.0775104612112045
18307,-0.0678261891007423
18308,-0.0644461289048194
18309,-0.0629688873887062
18310,-0.0167987290769815
18311,-0.0712472349405288
18312,-0.1071347370743751
18313,-0.0397468693554401
18314,-0.0753435492515564
18315,-0.0316992625594139
18316,-0.0712406039237976
18317,-0.0530946180224418
18318,-0.065767265856266
18319,-0.078614704310894
18320,-0.0775185599923133
18321,-0.0625444799661636
18322,-0.0398158617317676
18323,-0.0706579461693763
18324,-0.0551587007939815
18325,-0.0871118605136871
18326,-0.0775367990136146
18327,-0.0918632745742797
18328,-0.0697138085961341
18329,-0.0807107537984848
18330,-0.0606412440538406
18331,-0.0355091504752635
18332,-0.0495887026190757
18333,-0.0754051953554153
18334,-0.0368625409901142
18335,-0.0535603091120719
18336,-0.0424783639609813
18337,-0.0687982812523841
18338,-0.0390371680259704
18339,-0.0826097428798675
18340,-0.0673030018806457
18341,-0.0597450993955135
18342,-0.0298236552625894
18343,-0.0782562792301178
18344,-0.0639783665537834
18345,-0.0794178619980812
18346,-0.0615397579967975
18347,-0.0408954545855522
18348,-0.0702798888087272
18349,-0.0589115880429744
18350,-0.0290307104587554
18351,-0.0724338814616203
18352,-0.0756029486656189
18353,-0.0444562025368213
18354,-0.0712929815053939
18355,-0.0253988038748502
18356,-0.0660744681954383
18357,-0.0662066787481308
18358,-0.0759060755372047
18359,-0.0674105882644653
18360,-0.0506964512169361
18361,-0.0764994397759437
18362,-0.0372037403285503
18363,-0.0653369203209877
18364,-0.0826469361782074
18365,-0.0874819159507751
18366,-0.0709341615438461
18367,-0.0532475300133228
18368,-0.0460692681372165
18369,-0.0651641339063644
18370,-0.0848653391003608
18371,-0.0095609324052929
18372,-0.0867697671055793
18373,-0.0162347927689552
18374,-0.0384653657674789
18375,-0.0908906236290931
18376,-0.0720010921359062
18377,-0.0542753487825393
18378,-0.0504666529595851
18379,-0.042449951171875
18380,-0.0589588955044746
18381,-0.0748070925474166
18382,-0.0683117881417274
18383,-0.0585110262036323
18384,-0.0326221473515033
18385,-0.0358595438301563
18386,-0.071499653160572
18387,-0.0923443138599395
18388,-0.0846948996186256
18389,-0.056982722133398
18390,-0.0686279609799385
18391,-0.0289325080811977
18392,-0.0166001077741384
18393,-0.0476279146969318
18394,-0.0639197453856468
18395,-0.059600580483675
18396,-0.0615198500454425
18397,-0.0516889579594135
18398,-0.0728986337780952
18399,-0.0832989811897277
18400,-0.1100434884428978
18401,-0.0705485641956329
18402,-0.0594135336577892
18403,-0.0691318288445472
18404,-0.0383669883012771
18405,-0.1159820333123207
18406,-0.0195834711194038
18407,-0.0496197119355201
18408,-0.0245886426419019
18409,-0.0663949251174926
18410,-0.0888636857271194
18411,-0.0322308987379074
18412,-0.0708189010620117
18413,-0.0855209454894065
18414,-0.051852960139513
18415,-0.071678802371025
18416,-0.0552010871469974
18417,-0.065061055123806
18418,-0.0718906074762344
18419,-0.0401278622448444
18420,-0.0695726126432418
18421,-0.0611725598573684
18422,-0.0746699720621109
18423,-0.1513768434524536
18424,-0.0663833022117614
18425,-0.0759011879563331
18426,-0.0686730071902275
18427,-0.0862037241458892
18428,-0.062198918312788
18429,-0.0433420427143573
18430,-0.1048902422189712
18431,-0.0624332763254642
18432,-0.0393262691795825
18433,-0.0706201717257499
18434,-0.0284803509712219
18435,-0.079848788678646
18436,-0.0291181579232215
18437,-0.0630570352077484
18438,-0.0570053532719612
18439,-0.0477147810161113
18440,-0.0377011597156524
18441,-0.1164507493376731
18442,-0.0641359090805053
18443,-0.0774479135870933
18444,-0.071737453341484
18445,-0.0322990119457244
18446,-0.1045465767383575
18447,-0.0774819329380989
18448,-0.0916412472724914
18449,-0.0617105364799499
18450,-0.0888327360153198
18451,-0.0596196800470352
18452,-0.0754652395844459
18453,-0.0636897087097168
18454,-0.0572731755673885
18455,-0.0888180062174797
18456,-0.0848520472645759
18457,-0.0858265683054924
18458,-0.0659232139587402
18459,-0.0824938714504242
18460,-0.056653194129467
18461,-0.0927243530750274
18462,-0.0460789538919925
18463,-0.0330028124153614
18464,-0.0430602580308914
18465,-0.0804466381669044
18466,-0.0429281070828437
18467,-0.0525817759335041
18468,-0.078915812075138
18469,-0.0180557798594236
18470,-0.0663602501153945
18471,-0.076856680214405
18472,-0.039993729442358
18473,-0.0429287813603878
18474,-0.0548614412546157
18475,-0.0819786563515663
18476,-0.0656144544482231
18477,-0.0345744304358959
18478,-0.0511195249855518
18479,-0.0473186187446117
18480,-0.0520971193909645
18481,-0.0839348211884498
18482,-0.0629779323935508
18483,-0.0905981212854385
18484,-0.0812921896576881
18485,-0.0590115338563919
18486,-0.0864787474274635
18487,-0.1003184616565704
18488,-0.0084860995411872
18489,-0.0607787184417247
18490,-0.0546214133501052
18491,-0.1340094357728958
18492,-0.0597026497125625
18493,-0.0745086967945098
18494,-0.0098463082686066
18495,-0.0751838907599449
18496,-0.0502419881522655
18497,-0.0763494148850441
18498,-0.0556983947753906
18499,-0.044272992759943
18500,-0.0608211830258369
18501,-0.0335677452385425
18502,-0.0463520996272563
18503,-0.0806760340929031
18504,-0.0474977679550647
18505,-0.057504553347826
18506,-0.0493047721683979
18507,-0.0611844062805175
18508,-0.0423585064709186
18509,-0.0383917801082134
18510,-0.060304258018732
18511,-0.0711893066763877
18512,-0.0807970240712165
18513,-0.0598136521875858
18514,-0.0480496920645237
18515,-0.0257174409925937
18516,-0.0461492203176021
18517,-0.0546681769192218
18518,-0.0794242769479751
18519,-0.0359720773994922
18520,-0.0233924239873886
18521,-0.0690133795142173
18522,-0.0567504093050956
18523,-0.0934662073850631
18524,-0.0693389698863029
18525,-0.06427763402462
18526,-0.0696786269545555
18527,-0.0271326173096895
18528,-0.0772122517228126
18529,-0.0483758933842182
18530,-0.1018363237380981
18531,-0.0598537512123584
18532,-0.0989351645112037
18533,-0.0462239794433116
18534,-0.0775768086314201
18535,-0.106732040643692
18536,-0.0934139192104339
18537,-0.0889206156134605
18538,-0.0833947360515594
18539,-0.0669705718755722
18540,-0.0660092607140541
18541,-0.0217621233314275
18542,-0.0822531059384346
18543,-0.1217306032776832
18544,-0.0334265530109405
18545,-0.0393038317561149
18546,-0.0820054858922958
18547,-0.0852578058838844
18548,-0.0802018865942955
18549,-0.0184708461165428
18550,-0.0774881616234779
18551,-0.0983642116189003
18552,-0.0754885748028755
18553,-0.0845819115638732
18554,-0.0511567778885364
18555,-0.0373668707907199
18556,-0.0837445631623268
18557,-0.0423012003302574
18558,-0.0809558406472206
18559,-0.0454662702977657
18560,-0.0745350494980812
18561,-0.0474694408476352
18562,-0.0654455125331878
18563,-0.0611587651073932
18564,-0.0478170737624168
18565,-0.0756970271468162
18566,-0.0657509937882423
18567,-0.0582371354103088
18568,-0.0820571556687355
18569,-0.0647265389561653
18570,-0.0731920003890991
18571,-0.0662890449166297
18572,-0.0779179707169532
18573,-0.0340942330658435
18574,-0.0777834504842758
18575,-0.0505338460206985
18576,-0.0414496548473835
18577,-0.0715505257248878
18578,-0.084676869213581
18579,-0.0728811994194984
18580,-0.0744006857275962
18581,-0.0733600631356239
18582,-0.0314334891736507
18583,-0.0458412170410156
18584,-0.0738107338547706
18585,-0.0333426780998706
18586,-0.097111202776432
18587,-0.0608308054506778
18588,-0.091203361749649
18589,-0.0861997082829475
18590,-0.0637935549020767
18591,-0.0614863708615303
18592,-0.0880082622170448
18593,-0.0698238909244537
18594,-0.0672378316521644
18595,-0.0649628937244415
18596,-0.0838111713528633
18597,-0.0586933903396129
18598,-0.0479372292757034
18599,-0.0516006983816623
18600,-0.0806908905506134
18601,-0.0494536086916923
18602,-0.0952146053314209
18603,-0.0763651356101036
18604,-0.078115202486515
18605,-0.0676454901695251
18606,-0.0853850096464157
18607,-0.0798834711313247
18608,-0.0855864658951759
18609,-0.0549342222511768
18610,-0.0572781637310981
18611,-0.0265501551330089
18612,-0.0589496307075023
18613,-0.0618795305490493
18614,-0.0824254527688026
18615,-0.0875137969851493
18616,-0.0749540105462074
18617,-0.0896041542291641
18618,-0.0831155776977539
18619,-0.0827047452330589
18620,-0.0609908886253833
18621,-0.0527456291019916
18622,-0.0476122796535491
18623,-0.0434446148574352
18624,-0.0836557000875473
18625,-0.0808313861489296
18626,-0.0750555992126464
18627,-0.0700191035866737
18628,-0.0496597550809383
18629,-0.0846783518791198
18630,-0.0177545715123415
18631,-0.0742648094892501
18632,-0.0339921750128269
18633,-0.0909446999430656
18634,-0.1046443581581115
18635,-0.0527740530669689
18636,-0.0328424386680126
18637,-0.067800149321556
18638,-0.0848802998661995
18639,-0.0711433663964271
18640,-0.0739332735538482
18641,-0.0175638478249311
18642,-0.0817465782165527
18643,-0.0584560185670852
18644,-0.0836308002471923
18645,-0.0872875973582267
18646,-0.07953542470932
18647,-0.0663885399699211
18648,-0.0540601164102554
18649,-0.0394248180091381
18650,-0.0696068778634071
18651,-0.0834650099277496
18652,-0.0758575275540351
18653,-0.0264886189252138
18654,-0.0504788756370544
18655,-0.0627747252583503
18656,-0.0786042585968971
18657,-0.0425818376243114
18658,-0.0645530521869659
18659,-0.035954225808382
18660,-0.0903222858905792
18661,-0.0570750907063484
18662,-0.0785383954644203
18663,-0.0828309431672096
18664,-0.0617298558354377
18665,-0.0585884265601635
18666,-0.1023060977458953
18667,-0.0472326017916202
18668,-0.0780647546052932
18669,-0.0475179478526115
18670,-0.0876704156398773
18671,-0.0925002098083496
18672,-0.0621865727007389
18673,-0.0275039039552211
18674,-0.093440905213356
18675,-0.0578342750668525
18676,-0.0500793531537056
18677,-0.0714301466941833
18678,-0.0808757469058036
18679,-0.0591514259576797
18680,-0.0802607089281082
18681,-0.0711090415716171
18682,-0.0432314872741699
18683,-0.0905251502990722
18684,-0.0948537439107894
18685,-0.0395129844546318
18686,-0.0375903248786926
18687,-0.0796282738447189
18688,-0.0613159015774726
18689,-0.0883710905909538
18690,-0.0771792978048324
18691,-0.0502360463142395
18692,-0.0807884559035301
18693,-0.0511536039412021
18694,-0.0400370508432388
18695,-0.079457864165306
18696,-0.0595402717590332
18697,-0.0544489249587059
18698,-0.0904787480831146
18699,-0.0471499450504779
18700,-0.0561725161969661
18701,-0.0870051011443138
18702,-0.0636573135852813
18703,-0.0690497532486915
18704,-0.078180231153965
18705,-0.0603466294705867
18706,-0.0947941243648529
18707,-0.0773825198411941
18708,-0.0890464633703231
18709,-0.0588708706200122
18710,-0.0639339610934257
18711,-0.0563930533826351
18712,-0.0426277220249176
18713,-0.0188173744827508
18714,-0.051559641957283
18715,-0.1028318107128143
18716,-0.0679995790123939
18717,-0.0692657753825187
18718,-0.0698171183466911
18719,-0.0672496929764747
18720,-0.030610991641879
18721,-0.0789849907159805
18722,-0.0368695445358753
18723,-0.0863355547189712
18724,-0.0394613668322563
18725,-0.1195840165019035
18726,-0.0072506684809923
18727,-0.0624443776905536
18728,-0.070936694741249
18729,-0.0642498955130577
18730,-0.0835793912410736
18731,-0.0245454590767622
18732,-0.0835424661636352
18733,-0.0313058048486709
18734,-0.0685758292675018
18735,-0.0913026705384254
18736,-0.0818714275956153
18737,-0.0259675588458776
18738,-0.0276230406016111
18739,-0.0535256043076515
18740,-0.0661642923951149
18741,-0.0832359418272972
18742,-0.0844630673527717
18743,-0.1046039685606956
18744,-0.0833270475268364
18745,-0.075575366616249
18746,-0.0697370022535324
18747,-0.0730471387505531
18748,-0.0712597221136093
18749,-0.0578314810991287
18750,-0.0613879151642322
18751,-0.0596974045038223
18752,-0.0823754370212555
18753,-0.0459981150925159
18754,-0.077136106789112
18755,-0.0416998155415058
18756,-0.0803622975945472
18757,-0.0750532001256942
18758,-0.0245877727866172
18759,-0.0409688390791416
18760,-0.0565476678311824
18761,-0.072726659476757
18762,-0.0487305521965026
18763,-0.0805675834417343
18764,-0.0285250637680292
18765,-0.0321291759610176
18766,-0.0674971863627433
18767,-0.0467842668294906
18768,-0.0779000520706176
18769,-0.0737725496292114
18770,-0.0629726499319076
18771,-0.0299881044775247
18772,-0.0606667324900627
18773,-0.0716648176312446
18774,-0.0195511225610971
18775,-0.0411363132297992
18776,-0.0980610623955726
18777,-0.0754258260130882
18778,-0.1082213893532753
18779,-0.0715907290577888
18780,-0.0635795965790748
18781,-0.031866330653429
18782,-0.0799145475029945
18783,-0.0483523793518543
18784,-0.0482065118849277
18785,-0.061882484704256
18786,-0.0638248026371002
18787,-0.0509569570422172
18788,-0.0567479021847248
18789,-0.0638330057263374
18790,-0.0325602777302265
18791,-0.0812873914837837
18792,-0.0725651606917381
18793,-0.0668867602944374
18794,-0.0689757913351059
18795,-0.0772849842905998
18796,-0.0704350247979164
18797,-0.0283850077539682
18798,-0.0679738372564315
18799,-0.0692897215485572
18800,-0.0218539889901876
18801,-0.0653501600027084
18802,-0.0751182958483696
18803,-0.0491567514836788
18804,-0.033349048346281
18805,-0.0529051683843135
18806,-0.0793519988656044
18807,-0.0728951171040535
18808,-0.0500035546720027
18809,-0.0518132373690605
18810,-0.0434067733585834
18811,-0.0698670595884323
18812,-0.0528171919286251
18813,-0.09446582198143
18814,-0.0331885479390621
18815,-0.0911522284150123
18816,-0.0899122729897499
18817,-0.066133826971054
18818,-0.0790440291166305
18819,-0.0745263546705246
18820,-0.0653549209237098
18821,-0.1075456887483596
18822,-0.0427199713885784
18823,-0.0563832707703113
18824,-0.0828366428613662
18825,-0.0690214708447456
18826,-0.0698865428566932
18827,-0.0211669281125068
18828,-0.0514659695327281
18829,-0.0970607623457908
18830,-0.0387287810444831
18831,-0.0384718999266624
18832,-0.0890687853097915
18833,-0.0627783611416816
18834,-0.0458989851176738
18835,-0.0813742876052856
18836,-0.0793625563383102
18837,-0.047078464180231
18838,-0.0609414391219615
18839,-0.0463455505669117
18840,-0.0717150941491127
18841,-0.0848756358027458
18842,-0.0740924179553985
18843,-0.0662009865045547
18844,-0.0708773657679557
18845,-0.0720196589827537
18846,-0.0843287706375122
18847,-0.0961774587631225
18848,-0.0527006573975086
18849,-0.0879180878400802
18850,-0.0770063698291778
18851,-0.0733256638050079
18852,-0.0392361916601657
18853,-0.0511954426765441
18854,-0.0636866316199302
18855,-0.0546081811189651
18856,-0.0708922371268272
18857,-0.0957625582814216
18858,-0.0787060931324958
18859,-0.0431728325784206
18860,-0.0755299106240272
18861,-0.0749736502766609
18862,-0.0824373960494995
18863,-0.0570986270904541
18864,-0.0818836987018585
18865,-0.0772026553750038
18866,-0.0551430061459541
18867,-0.0816225782036781
18868,-0.088252805173397
18869,-0.0527547188103199
18870,-0.0595393106341362
18871,-0.1011556759476661
18872,-0.0564281828701496
18873,-0.0691545456647872
18874,-0.0185226816684007
18875,-0.0495956018567085
18876,-0.0634368509054184
18877,-0.0689208135008812
18878,-0.042383886873722
18879,-0.0404469482600688
18880,-0.0799871459603309
18881,-0.0808279663324356
18882,-0.0704283937811851
18883,-0.0895991995930671
18884,-0.0434213988482952
18885,-0.0717194154858589
18886,-0.0712471306324005
18887,-0.0836902633309364
18888,-0.0685454234480857
18889,-0.0266770254820585
18890,-0.0805375948548317
18891,-0.061903815716505
18892,-0.0303744152188301
18893,-0.0760414972901344
18894,-0.0348037593066692
18895,-0.0619877912104129
18896,-0.0874884352087974
18897,-0.0623324438929557
18898,-0.0478375293314456
18899,-0.0806650817394256
18900,-0.0484056659042835
18901,-0.0424594730138778
18902,-0.0608930177986621
18903,-0.0817454010248184
18904,-0.060491781681776
18905,-0.0704684779047966
18906,-0.077456034719944
18907,-0.0215045399963855
18908,-0.0773613974452018
18909,-0.0828854441642761
18910,-0.0353583358228206
18911,-0.0576571971178054
18912,-0.0398460738360881
18913,-0.0636173784732818
18914,-0.105564035475254
18915,-0.063293419778347
18916,-0.0656953826546669
18917,-0.0616004206240177
18918,-0.0439622476696968
18919,-0.033418595790863
18920,-0.0518943294882774
18921,-0.053442470729351
18922,-0.117966391146183
18923,-0.0319884903728961
18924,-0.047042679041624
18925,-0.0687563270330429
18926,-0.0791260376572609
18927,-0.0642375126481056
18928,-0.1257383823394775
18929,-0.0639458447694778
18930,-0.0780715867877006
18931,-0.0328662656247615
18932,-0.0486112050712108
18933,-0.0720143169164657
18934,-0.091971680521965
18935,-0.096041165292263
18936,-0.0131888072937726
18937,-0.0840137675404548
18938,-0.0646239295601844
18939,-0.08311478048563
18940,-0.0848463103175163
18941,-0.0379391871392726
18942,-0.042744405567646
18943,-0.0759305953979492
18944,-0.0933132544159889
18945,-0.0573040246963501
18946,-0.0845145285129547
18947,-0.0700744464993476
18948,-0.064666174352169
18949,-0.0990854278206825
18950,-0.0606447607278823
18951,-0.0694231837987899
18952,-0.0809009000658989
18953,-0.0574500299990177
18954,-0.0697032511234283
18955,-0.0656077936291694
18956,-0.054072618484497
18957,-0.1096080243587493
18958,-0.0118321646004915
18959,-0.0444093234837055
18960,-0.0791708007454872
18961,-0.0795981362462043
18962,-0.0883790403604507
18963,-0.0699610635638237
18964,-0.0556122548878192
18965,-0.0936256423592567
18966,-0.0719565898180008
18967,-0.0645670145750045
18968,-0.0705242753028869
18969,-0.0491803511977195
18970,-0.0437431260943412
18971,-0.015201830305159
18972,-0.0439662262797355
18973,-0.0916111096739769
18974,-0.1415570229291916
18975,-0.0684031471610069
18976,-0.0372048541903495
18977,-0.0584691949188709
18978,-0.0906556695699691
18979,-0.0816734060645103
18980,-0.0262492466717958
18981,-0.0843919143080711
18982,-0.0603272132575511
18983,-0.0600201226770877
18984,-0.0487236268818378
18985,-0.0813909322023391
18986,-0.0390317067503929
18987,-0.0849503055214881
18988,-0.0656739622354507
18989,-0.0892479866743087
18990,-0.0751693099737167
18991,-0.0631317943334579
18992,-0.0765872150659561
18993,-0.0628926306962966
18994,-0.0588728711009025
18995,-0.0764096081256866
18996,-0.0837936177849769
18997,-0.0437310822308063
18998,-0.0496562011539936
18999,-0.0102068670094013
19000,-0.0985540822148323
19001,-0.0706682130694389
19002,-0.0791814550757408
19003,-0.0457587726414203
19004,-0.0744685977697372
19005,-0.048367079347372
19006,-0.0820211544632911
19007,-0.0664605870842933
19008,-0.0710772052407264
19009,-0.0874976962804794
19010,-0.0793515816330909
19011,-0.0535279884934425
19012,-0.0798735618591308
19013,-0.0535501763224601
19014,-0.0504902862012386
19015,-0.0491633228957653
19016,-0.0557513572275638
19017,-0.069960668683052
19018,-0.0622878223657608
19019,-0.0823436975479126
19020,-0.0499649457633495
19021,-0.0731585100293159
19022,-0.0310500990599393
19023,-0.0336635299026966
19024,-0.0443329215049743
19025,-0.0744604393839836
19026,-0.0862425565719604
19027,-0.0645555183291435
19028,-0.1018367931246757
19029,-0.0535153746604919
19030,-0.0533576011657714
19031,-0.0689401105046272
19032,-0.0501037165522575
19033,-0.0735358595848083
19034,-0.0990668833255767
19035,-0.0740796104073524
19036,-0.0595949478447437
19037,-0.0613208934664726
19038,-0.0752128884196281
19039,-0.0725378766655922
19040,-0.0768925547599792
19041,-0.0281399749219417
19042,-0.0625993534922599
19043,-0.0587257668375968
19044,-0.0481212511658668
19045,-0.0322522856295108
19046,-0.0808011442422866
19047,-0.0400176905095577
19048,-0.0845590680837631
19049,-0.0435741245746612
19050,-0.0811309143900871
19051,-0.0884345546364784
19052,-0.0459148548543453
19053,-0.0847171023488044
19054,-0.0889899730682373
19055,-0.061639230698347
19056,-0.0936387851834297
19057,-0.0389951355755329
19058,-0.0974111855030059
19059,-0.0483888201415538
19060,-0.0196387656033039
19061,-0.0692922845482826
19062,-0.0742870792746543
19063,-0.0489526130259037
19064,-0.0534998923540115
19065,-0.1002011448144912
19066,-0.0298374835401773
19067,-0.0959313586354255
19068,-0.069095641374588
19069,-0.0825110450387001
19070,-0.0365805551409721
19071,-0.0817504450678825
19072,-0.0321219563484191
19073,-0.0718443393707275
19074,-0.0914005041122436
19075,-0.0755815878510475
19076,-0.0354304127395153
19077,-0.0846511051058769
19078,-0.0845885872840881
19079,-0.0348232723772525
19080,-0.0495075061917305
19081,-0.0453110747039318
19082,-0.0186994392424821
19083,-0.0709289088845253
19084,-0.0083313919603824
19085,-0.0773989111185073
19086,-0.0220919195562601
19087,-0.0817353576421737
19088,-0.0666011124849319
19089,-0.0575973056256771
19090,-0.0777473822236061
19091,-0.0889390781521797
19092,-0.0745613873004913
19093,-0.0654141083359718
19094,-0.0710475668311119
19095,-0.0543756484985351
19096,-0.0409033223986625
19097,-0.0579058527946472
19098,-0.0682367086410522
19099,-0.0876395404338836
19100,-0.0703826919198036
19101,-0.0799440294504165
19102,-0.0581302642822265
19103,-0.0811906829476356
19104,-0.0638428702950477
19105,-0.0461898185312747
19106,-0.0826322063803672
19107,-0.0842363834381103
19108,-0.0805821269750595
19109,-0.0715886130928993
19110,-0.0734627246856689
19111,-0.0589821152389049
19112,-0.0739752426743507
19113,-0.0696281716227531
19114,-0.0760915428400039
19115,-0.0718275159597396
19116,-0.0306801591068506
19117,-0.078264944255352
19118,-0.0187534745782613
19119,-0.0457714721560478
19120,-0.0688647255301475
19121,-0.0791128501296043
19122,-0.060912013053894
19123,-0.0740230754017829
19124,-0.0305286217480897
19125,-0.0778809189796447
19126,-0.0648687481880188
19127,-0.0599767714738845
19128,-0.0493488050997257
19129,-0.0491696782410144
19130,-0.0726485177874565
19131,-0.0609072595834732
19132,-0.069933958351612
19133,-0.0801711753010749
19134,-0.0680162757635116
19135,-0.0735822096467018
19136,-0.0503054112195968
19137,-0.0716681480407714
19138,-0.0819249004125595
19139,-0.0931490510702133
19140,-0.0657640248537063
19141,-0.0103011401370167
19142,-0.0501440949738025
19143,-0.079666867852211
19144,-0.0254059080034494
19145,-0.0657298043370246
19146,-0.0570707917213439
19147,-0.0667077973484993
19148,-0.0629021599888801
19149,-0.0602801702916622
19150,-0.0599705129861831
19151,-0.0737946555018425
19152,-0.0927371457219123
19153,-0.0771980956196785
19154,-0.1051494032144546
19155,-0.0889020264148712
19156,-0.0559546612203121
19157,-0.059995386749506
19158,-0.0474398247897625
19159,-0.0516629107296466
19160,-0.0679671764373779
19161,-0.0754458233714103
19162,-0.074307195842266
19163,-0.0556226633489131
19164,-0.0704553052783012
19165,-0.0307046249508857
19166,-0.0515309497714042
19167,-0.0412610657513141
19168,-0.0302750710397958
19169,-0.0730088055133819
19170,-0.0773924067616462
19171,-0.0483507588505744
19172,-0.0074604325927793
19173,-0.0342247486114501
19174,-0.0983981639146804
19175,-0.0679541453719139
19176,-0.0409462265670299
19177,-0.0590957589447498
19178,-0.0671353638172149
19179,-0.0953740999102592
19180,-0.0458483919501304
19181,-0.0549286901950836
19182,-0.0208012703806161
19183,-0.0663263648748397
19184,-0.0890082418918609
19185,-0.0625703185796737
19186,-0.0843760073184967
19187,-0.0727771818637847
19188,-0.0769617035984993
19189,-0.0599502474069595
19190,-0.0801912322640419
19191,-0.0868704840540885
19192,-0.0719322338700294
19193,-0.0576420091092586
19194,-0.0723620653152465
19195,-0.0723564997315406
19196,-0.0579456351697444
19197,-0.0698962286114692
19198,-0.0568536855280399
19199,-0.0841886773705482
19200,-0.0692840591073036
19201,-0.0693863555788993
19202,-0.0656254813075065
19203,-0.0516941472887992
19204,-0.0798607617616653
19205,-0.0727269425988197
19206,-0.0395040325820446
19207,-0.0557037740945816
19208,-0.073750615119934
19209,-0.0690120309591293
19210,-0.0131738306954503
19211,-0.069980502128601
19212,-0.043882843106985
19213,-0.0809163823723793
19214,-0.0697540491819381
19215,-0.0383321456611156
19216,-0.1068200841546058
19217,-0.0533709600567817
19218,-0.0487875156104564
19219,-0.0739032626152038
19220,-0.0702862218022346
19221,-0.0830162093043327
19222,-0.0749624744057655
19223,-0.0770144462585449
19224,-0.0719365179538726
19225,-0.0549831241369247
19226,-0.0658772736787796
19227,-0.0551874116063118
19228,-0.0307204201817512
19229,-0.0856335759162902
19230,-0.0490993857383728
19231,-0.070411704480648
19232,-0.0516223609447479
19233,-0.0746749639511108
19234,-0.0790392532944679
19235,-0.0719365999102592
19236,-0.0456611439585685
19237,-0.0739968046545982
19238,-0.0833870992064476
19239,-0.0777506083250045
19240,-0.050949040800333
19241,-0.0264040362089872
19242,-0.0952065736055374
19243,-0.0551042482256889
19244,-0.0713805556297302
19245,-0.068208135664463
19246,-0.0838269963860511
19247,-0.0387743115425109
19248,-0.0955141484737396
19249,-0.0414314344525337
19250,-0.0799576193094253
19251,-0.0447307489812374
19252,-0.0508280731737613
19253,-0.0847082510590553
19254,-0.0598805956542491
19255,-0.0746000334620475
19256,-0.0624694116413593
19257,-0.0382065437734127
19258,-0.1056284829974174
19259,-0.0763561353087425
19260,-0.0451619364321231
19261,-0.0857389718294143
19262,-0.0876796171069145
19263,-0.0784107595682144
19264,-0.0329034477472305
19265,-0.0377504490315914
19266,-0.0653278604149818
19267,-0.0453559346497058
19268,-0.0836000442504882
19269,-0.0496264584362506
19270,-0.0279807224869728
19271,-0.0416779108345508
19272,-0.0901406109333038
19273,-0.0252655446529388
19274,-0.0909242630004882
19275,-0.0524852685630321
19276,-0.0581314973533153
19277,-0.0439482629299163
19278,-0.0905059948563575
19279,-0.0734299197793006
19280,-0.0528206974267959
19281,-0.0422229245305061
19282,-0.0704681798815727
19283,-0.0776557475328445
19284,-0.0715529099106788
19285,-0.0749417915940284
19286,-0.0453096367418766
19287,-0.0718340054154396
19288,-0.0748011246323585
19289,-0.0466255284845829
19290,-0.0784759819507598
19291,-0.0740507543087005
19292,-0.0607523508369922
19293,-0.0684417784214019
19294,-0.0512662790715694
19295,-0.0878160372376442
19296,-0.0954306498169899
19297,-0.0336811281740665
19298,-0.0664820447564125
19299,-0.0407982654869556
19300,-0.0562211275100708
19301,-0.0777707025408744
19302,-0.0760733410716056
19303,-0.0614993311464786
19304,-0.0640614777803421
19305,-0.0656249374151229
19306,-0.075975976884365
19307,-0.0545390285551548
19308,-0.0695888698101043
19309,-0.0500177554786205
19310,-0.0573165826499462
19311,-0.0408189930021762
19312,-0.0108230235055089
19313,-0.0695932582020759
19314,-0.0709116235375404
19315,-0.0583377964794635
19316,-0.0916428938508033
19317,-0.0723790898919105
19318,-0.074358582496643
19319,-0.067851647734642
19320,-0.0712424665689468
19321,-0.0295566264539957
19322,-0.073147177696228
19323,-0.0347988903522491
19324,-0.0925887450575828
19325,-0.0694091245532035
19326,-0.1066620871424675
19327,-0.0787106081843376
19328,-0.0574451945722103
19329,-0.0676157921552658
19330,-0.0467025898396968
19331,-0.0467820167541503
19332,-0.055332850664854
19333,-0.0546174310147762
19334,-0.0775066241621971
19335,-0.0847122147679328
19336,-0.0552315898239612
19337,-0.070003293454647
19338,-0.0388127043843269
19339,-0.068630464375019
19340,-0.0224840845912694
19341,-0.0754065588116645
19342,-0.0302381906658411
19343,-0.0995624884963035
19344,-0.0693942457437515
19345,-0.0827272087335586
19346,-0.0765338614583015
19347,-0.049500860273838
19348,-0.099183589220047
19349,-0.0925729274749755
19350,-0.0532958917319774
19351,-0.0771495476365089
19352,-0.0553869530558586
19353,-0.0655804648995399
19354,-0.0214392226189374
19355,-0.075859822332859
19356,-0.0711313635110855
19357,-0.0670969635248184
19358,-0.0944019481539726
19359,-0.0860698744654655
19360,-0.0625653341412544
19361,-0.0800900086760521
19362,-0.0640031620860099
19363,-0.0412224866449832
19364,-0.0229795761406421
19365,-0.0734459608793258
19366,-0.0840762183070182
19367,-0.0524113215506076
19368,-0.0747816786170005
19369,-0.0677942112088203
19370,-0.0708191618323326
19371,-0.077979065477848
19372,-0.0504189617931842
19373,-0.0986997187137603
19374,-0.0726735070347786
19375,-0.0726185292005539
19376,-0.0763433426618576
19377,-0.0565062686800956
19378,-0.0282356273382902
19379,-0.0631334632635116
19380,-0.0494297742843627
19381,-0.0155937476083636
19382,-0.0688848942518234
19383,-0.0490513443946838
19384,-0.1029947474598884
19385,-0.0588332936167717
19386,-0.0712283924221992
19387,-0.0413835607469081
19388,-0.0462601482868194
19389,-0.0880945920944213
19390,-0.0471742339432239
19391,-0.0790491178631782
19392,-0.0749937668442726
19393,-0.067605473101139
19394,-0.0725458860397338
19395,-0.0889503732323646
19396,-0.0294313300400972
19397,-0.0483941845595836
19398,-0.069983072578907
19399,-0.0823104754090309
19400,-0.0192393064498901
19401,-0.0970521792769432
19402,-0.088936261832714
19403,-0.0414143092930316
19404,-0.0683776661753654
19405,-0.0288027394562959
19406,-0.0799968764185905
19407,-0.0839807167649269
19408,-0.076325386762619
19409,-0.0281425919383764
19410,-0.0896577015519142
19411,-0.0368842743337154
19412,-0.0174201242625713
19413,-0.0673805624246597
19414,-0.0933850780129432
19415,-0.0691419467329979
19416,-0.0424779243767261
19417,-0.0703581944108009
19418,-0.0723217129707336
19419,-0.0888221785426139
19420,-0.0122740073129534
19421,-0.0593006685376167
19422,-0.0245329234749078
19423,-0.0698894038796424
19424,-0.0773138478398323
19425,-0.0722005069255828
19426,-0.0481527633965015
19427,-0.0808902308344841
19428,-0.053875882178545
19429,-0.0808914676308631
19430,-0.0287817250937223
19431,-0.072807565331459
19432,-0.0871249809861183
19433,-0.0262067001312971
19434,-0.0447106957435607
19435,-0.0274065602570772
19436,-0.0619250126183033
19437,-0.1068048551678657
19438,-0.0708497241139411
19439,-0.0763648524880409
19440,-0.0633410736918449
19441,-0.0780554860830307
19442,-0.0274577680975198
19443,-0.0323341600596904
19444,-0.0738064348697662
19445,-0.0453286059200763
19446,-0.0567634366452693
19447,-0.0788503661751747
19448,-0.0453233942389488
19449,-0.0945203304290771
19450,-0.087709717452526
19451,-0.0750526413321495
19452,-0.0838518887758255
19453,-0.0308807753026485
19454,-0.0614652521908283
19455,-0.0693327337503433
19456,-0.0151395667344331
19457,-0.0547271557152271
19458,-0.10140360891819
19459,-0.0775278583168983
19460,-0.076025865972042
19461,-0.0837618038058281
19462,-0.0528601892292499
19463,-0.0574647523462772
19464,-0.036095593124628
19465,-0.0594137720763683
19466,-0.0810361355543136
19467,-0.061494905501604
19468,-0.0655774548649787
19469,-0.0567256622016429
19470,-0.0375837571918964
19471,-0.0465484596788883
19472,-0.0896796882152557
19473,-0.0784386098384857
19474,-0.0564772374927997
19475,-0.0507436171174049
19476,-0.0552425310015678
19477,-0.0814521834254264
19478,-0.0595214255154132
19479,-0.0910928770899772
19480,-0.0759249553084373
19481,-0.0641927495598793
19482,-0.0414166450500488
19483,-0.0498829968273639
19484,-0.0640918612480163
19485,-0.0628285259008407
19486,-0.0486176274716854
19487,-0.0424998141825199
19488,-0.0808610692620277
19489,-0.0474514886736869
19490,-0.0760471522808075
19491,-0.0484497733414173
19492,-0.0715387016534805
19493,-0.0405202992260456
19494,-0.0414632707834243
19495,-0.0740537941455841
19496,-0.0133836828172206
19497,-0.0807101279497146
19498,-0.0507227852940559
19499,-0.0683808699250221
19500,-0.0907261073589325
19501,-0.0730169638991355
19502,-0.0726652517914772
19503,-0.0787766426801681
19504,-0.062169749289751
19505,-0.0537226386368274
19506,-0.0321719236671924
19507,-0.046642005443573
19508,-0.0771737247705459
19509,-0.0849949270486831
19510,-0.076772429049015
19511,-0.0403234548866748
19512,-0.0773616954684257
19513,-0.0861187875270843
19514,-0.0829917937517166
19515,-0.0791673362255096
19516,-0.0550140999257564
19517,-0.0537414327263832
19518,-0.0778454691171646
19519,-0.0658894106745719
19520,-0.0458852648735046
19521,-0.0655863657593727
19522,-0.0454868413507938
19523,-0.0755658149719238
19524,-0.0518052466213703
19525,-0.0844690725207328
19526,-0.0800277665257453
19527,-0.0307648386806249
19528,-0.0792588144540786
19529,-0.0176122244447469
19530,-0.0767032355070114
19531,-0.0296450890600681
19532,-0.0789878070354461
19533,-0.108994036912918
19534,-0.0749241411685943
19535,-0.0392792373895645
19536,-0.0731264129281044
19537,-0.0737611427903175
19538,-0.0692550614476203
19539,-0.0769295468926429
19540,-0.0672343000769615
19541,-0.0716123059391975
19542,-0.0501297786831855
19543,-0.0337112359702587
19544,-0.0776781886816024
19545,-0.0446550399065017
19546,-0.0808158442378044
19547,-0.068046860396862
19548,-0.0480529479682445
19549,-0.0463954359292984
19550,-0.0703933089971542
19551,-0.0653027817606926
19552,-0.0632621422410011
19553,-0.0768781304359436
19554,-0.0809864550828933
19555,-0.0596743486821651
19556,-0.0751577615737915
19557,-0.0650500953197479
19558,-0.0825148597359657
19559,-0.0629432797431945
19560,-0.0632214099168777
19561,-0.0734046176075935
19562,-0.1054500266909599
19563,-0.1079933941364288
19564,-0.0313790179789066
19565,-0.0746933445334434
19566,-0.0862418562173843
19567,-0.0642769113183021
19568,-0.0784176811575889
19569,-0.0857869088649749
19570,-0.0994013920426368
19571,-0.0829483568668365
19572,-0.0721243023872375
19573,-0.041326630860567
19574,-0.0516344904899597
19575,-0.0405747406184673
19576,-0.0805793106555938
19577,-0.0426274836063385
19578,-0.0431625470519065
19579,-0.032755721360445
19580,-0.0780445486307144
19581,-0.0477433577179908
19582,-0.043249987065792
19583,-0.0413823649287223
19584,-0.083338014781475
19585,-0.0356629639863967
19586,-0.0678881183266639
19587,-0.0732428655028343
19588,-0.0533727779984474
19589,-0.0664143487811088
19590,-0.0640712156891822
19591,-0.052909143269062
19592,-0.0819058865308761
19593,-0.082762598991394
19594,-0.0379490964114666
19595,-0.0667638629674911
19596,-0.0801356807351112
19597,-0.0442706160247325
19598,-0.0485353358089923
19599,-0.0802317038178443
19600,-0.0546173676848411
19601,-0.0786007419228553
19602,-0.0694438889622688
19603,-0.0617643073201179
19604,-0.0458465814590454
19605,-0.0317659676074981
19606,-0.0739239752292633
19607,-0.0970433205366134
19608,-0.070975586771965
19609,-0.0604865886270999
19610,-0.0436427257955074
19611,-0.0601492188870906
19612,-0.0610586665570735
19613,-0.0630697309970855
19614,-0.0713944211602211
19615,-0.0173675082623958
19616,-0.0465082600712776
19617,-0.0889879465103149
19618,-0.0778608545660972
19619,-0.0764578357338905
19620,-0.0729780569672584
19621,-0.0792485177516937
19622,-0.0664955079555511
19623,-0.0754538401961326
19624,-0.061157576739788
19625,-0.0486788861453533
19626,-0.06925980001688
19627,-0.0276073925197124
19628,-0.1024091616272926
19629,-0.0460076332092285
19630,-0.0364746376872062
19631,-0.0687367469072341
19632,-0.0718279629945755
19633,-0.0729012340307235
19634,-0.0770502761006355
19635,-0.048974759876728
