ID,score
0,0.07771991193294525
1,0.06793276220560074
2,0.04525651037693024
3,0.02263779379427433
4,0.0828607901930809
5,0.05657638981938362
6,0.03126273676753044
7,0.07265380769968033
8,0.08042319864034653
9,0.0767609253525734
10,0.11075779795646667
11,0.04235856980085373
12,0.09674164652824402
13,0.07675189524888992
14,0.07216127961874008
15,0.03834391385316849
16,0.07317053526639938
17,0.07717106491327286
18,0.07357556372880936
19,0.02892296202480793
20,0.046433594077825546
21,0.07730960845947266
22,0.0567389614880085
23,0.06652722507715225
24,0.0583384707570076
25,0.0735837072134018
26,0.08320922404527664
27,0.08400224149227142
28,0.07796694338321686
29,0.0724920779466629
30,0.05533045902848244
31,0.04272354021668434
32,0.04366088658571243
33,0.07064563035964966
34,0.06495746225118637
35,0.04858457297086716
36,0.08168373256921768
37,0.047195155173540115
38,0.01879936456680298
39,0.08235425502061844
40,0.05689728260040283
41,0.08373697847127914
42,0.046951550990343094
43,0.0222537312656641
44,0.05341866984963417
45,0.01973525620996952
46,0.08090749382972717
47,0.0265482310205698
48,0.05523930490016937
49,0.07650390267372131
50,0.06764689087867737
51,0.04907209798693657
52,0.0728784129023552
53,0.08394328504800797
54,0.08874204754829407
55,0.08568860590457916
56,0.068582683801651
57,0.03757103160023689
58,0.06425388902425766
59,0.07160079479217529
60,0.07910547405481339
61,0.08204419910907745
62,0.06692329794168472
63,0.07514915615320206
64,0.05419052019715309
65,0.08455110341310501
66,0.07089812308549881
67,0.08046212792396545
68,0.019223546609282494
69,0.06028435751795769
70,0.09089288860559464
71,0.06103157997131348
72,0.040870655328035355
73,0.09073087573051453
74,0.0871695950627327
75,0.023966338485479355
76,0.07951769232749939
77,0.06292181462049484
78,0.0741318091750145
79,0.012460768222808838
80,0.04575909301638603
81,0.0683082714676857
82,0.06850836426019669
83,0.042766034603118896
84,0.042802248150110245
85,0.05518915504217148
86,0.08032096922397614
87,0.03812166303396225
88,0.05556758865714073
89,0.0951734334230423
90,0.015603948384523392
91,0.02712029218673706
92,0.07822118699550629
93,0.034451812505722046
94,0.07317141443490982
95,0.07539855688810349
96,0.06988263130187988
97,0.07550785690546036
98,0.061275772750377655
99,0.07156015932559967
100,0.04676509276032448
101,0.04622867330908775
102,0.08153452724218369
103,0.05828603729605675
104,0.0806274488568306
105,0.038346000015735626
106,0.04994002729654312
107,0.052378665655851364
108,0.027720503509044647
109,0.07232806831598282
110,0.06871455162763596
111,0.07839018106460571
112,0.013821282424032688
113,0.07414457201957703
114,0.05970780923962593
115,0.08137432485818863
116,0.08108217269182205
117,0.029314512386918068
118,0.05559574440121651
119,0.05105669051408768
120,0.08666594326496124
121,0.07842746376991272
122,0.05966378003358841
123,0.08381155133247375
124,0.06293430179357529
125,0.05885264649987221
126,0.07388809323310852
127,0.04934220388531685
128,0.07664324343204498
129,0.0735417976975441
130,0.0708417296409607
131,0.08554939180612564
132,0.0752473920583725
133,0.08892294019460678
134,0.09238738566637039
135,0.060395173728466034
136,0.06928889453411102
137,0.07580947875976562
138,0.11178873479366302
139,0.09732121229171753
140,0.05905183032155037
141,0.04446146637201309
142,0.04405129328370094
143,0.02970064990222454
144,0.04106295108795166
145,0.05108851194381714
146,0.05010179802775383
147,0.0737992376089096
148,0.04723240062594414
149,0.07216826826334
150,0.06743572652339935
151,0.06792804598808289
152,0.07927889376878738
153,0.09563092142343521
154,0.05184992030262947
155,0.069410540163517
156,0.07716596126556396
157,0.07863073796033859
158,0.050536587834358215
159,0.07118821144104004
160,0.08511471748352051
161,0.010843236930668354
162,0.04699051380157471
163,0.07053235918283463
164,0.046201519668102264
165,0.05559493601322174
166,0.08368788659572601
167,0.09281062334775925
168,0.007982009090483189
169,0.022861488163471222
170,0.07552030682563782
171,0.05931447073817253
172,0.06528111547231674
173,0.05628585070371628
174,0.0839538499712944
175,0.03456835076212883
176,0.03651560842990875
177,0.030934089794754982
178,0.05662332847714424
179,0.07729417830705643
180,0.044994886964559555
181,0.07479999214410782
182,0.06253418326377869
183,0.06503976136445999
184,0.03360924869775772
185,0.06263145059347153
186,0.0728999450802803
187,0.0482388399541378
188,0.09278959780931473
189,0.07322567701339722
190,0.02206846885383129
191,0.029593612998723984
192,0.044768184423446655
193,0.07818925380706787
194,0.012394595891237259
195,0.07753148674964905
196,0.0767357349395752
197,0.06136798858642578
198,0.080628402531147
199,0.06311161071062088
200,0.06097036600112915
201,0.05716175585985184
202,0.05539454519748688
203,0.033132970333099365
204,0.025538751855492592
205,0.07932929694652557
206,0.12375783920288086
207,0.054497070610523224
208,0.10601989179849625
209,0.08484721183776855
210,0.04488789662718773
211,0.07058796286582947
212,0.04052800312638283
213,0.02087421715259552
214,0.08112720400094986
215,0.06971468031406403
216,0.07916602492332458
217,0.07646235823631287
218,0.060605552047491074
219,0.0734037533402443
220,0.04435437545180321
221,0.082033172249794
222,0.06515569984912872
223,0.04668493941426277
224,0.04499414935708046
225,0.05946274474263191
226,0.043915025889873505
227,0.05101880803704262
228,0.1018264889717102
229,0.03593279793858528
230,0.08024190366268158
231,0.07069728523492813
232,0.050908561795949936
233,0.11356160789728165
234,0.0510481521487236
235,0.04896016791462898
236,0.07800570875406265
237,0.07437906414270401
238,0.043213266879320145
239,0.05638294667005539
240,0.06708171218633652
241,0.046078067272901535
242,0.12789125740528107
243,0.07766947150230408
244,0.11046438664197922
245,0.06523118168115616
246,0.056401412934064865
247,0.049120694398880005
248,0.02972247824072838
249,0.04464216157793999
250,0.06438256800174713
251,0.05723707005381584
252,0.04737943410873413
253,0.09015966206789017
254,0.06877222657203674
255,0.021986037492752075
256,0.0332023985683918
257,0.03538324311375618
258,0.06915467977523804
259,0.08080880343914032
260,0.0799529179930687
261,0.05377209931612015
262,0.06742491573095322
263,0.07124767452478409
264,0.06276092678308487
265,0.07008758932352066
266,0.08292166143655777
267,0.06734917312860489
268,0.024529898539185524
269,0.0805647149682045
270,0.026151781901717186
271,0.06607728451490402
272,0.06161687150597572
273,0.07119984924793243
274,0.04067278653383255
275,0.08377472311258316
276,0.06779392063617706
277,0.07684148102998734
278,0.03528672084212303
279,0.04218925163149834
280,0.030985994264483452
281,0.07152215391397476
282,0.07558468729257584
283,0.08373157680034637
284,0.05792903155088425
285,0.009509395807981491
286,0.04481923580169678
287,0.0743861272931099
288,0.053300950676202774
289,0.07278332859277725
290,0.06266520917415619
291,0.042224135249853134
292,0.029903719201683998
293,0.0778684988617897
294,0.03496793657541275
295,0.06851886212825775
296,0.02593342214822769
297,0.08259798586368561
298,0.06757068634033203
299,0.07077986747026443
300,0.030952032655477524
301,0.05915313959121704
302,0.03693068027496338
303,0.037052664905786514
304,0.10394711047410965
305,0.05824071168899536
306,0.07815244048833847
307,0.06882522255182266
308,0.05628626421093941
309,0.06241605058312416
310,0.07775846868753433
311,0.03656064718961716
312,0.09821930527687073
313,0.07729139178991318
314,0.09391440451145172
315,0.07289187610149384
316,0.024819638580083847
317,0.06780276447534561
318,0.06563251465559006
319,0.057890668511390686
320,0.0682481899857521
321,0.09861326217651367
322,0.07009200006723404
323,0.11004624515771866
324,0.045421112328767776
325,0.055092956870794296
326,0.01056541409343481
327,0.11279336363077164
328,0.08010242134332657
329,0.07052518427371979
330,0.05221862345933914
331,0.05799143761396408
332,0.044894635677337646
333,0.08350370824337006
334,0.06515016406774521
335,0.02564840205013752
336,0.09353893250226974
337,0.06995847821235657
338,0.07986421138048172
339,0.051174696534872055
340,0.08152905106544495
341,0.022266341373324394
342,0.08570074290037155
343,0.09396293759346008
344,0.06958099454641342
345,0.06360939145088196
346,0.10195014625787735
347,0.07919694483280182
348,0.07315152883529663
349,0.015709854662418365
350,0.03892768919467926
351,0.07618411630392075
352,0.06672097742557526
353,0.0751088336110115
354,0.0638507753610611
355,0.07867900282144547
356,0.07370754331350327
357,0.05817963555455208
358,0.06316188722848892
359,0.07106129825115204
360,0.06937650591135025
361,0.0704069510102272
362,0.07847525179386139
363,0.06584618985652924
364,0.04259456694126129
365,0.04799428954720497
366,0.07911603897809982
367,0.05294635146856308
368,0.0833112895488739
369,0.07356388121843338
370,0.09452710300683975
371,0.06059114262461662
372,0.054814763367176056
373,0.042348235845565796
374,0.06146279349923134
375,0.07804479449987411
376,0.06027834862470627
377,0.05857964977622032
378,0.03192833438515663
379,0.0588684156537056
380,0.07383564114570618
381,0.06707640737295151
382,0.0642121434211731
383,0.0646759569644928
384,0.05087156966328621
385,0.01682400330901146
386,0.08104602247476578
387,0.07739905267953873
388,0.07333788275718689
389,0.06998147070407867
390,0.04984404891729355
391,0.1015855222940445
392,0.062116581946611404
393,0.06797827780246735
394,0.04569898545742035
395,0.0942511186003685
396,0.03486473113298416
397,0.0476701520383358
398,0.07042013108730316
399,0.07112833112478256
400,0.014006376266479492
401,0.06267467886209488
402,0.05424743890762329
403,0.067668117582798
404,0.06590943038463593
405,0.029864324256777763
406,0.07032737135887146
407,0.07221321016550064
408,0.07573127746582031
409,0.07440333813428879
410,0.05432843044400215
411,0.07044462114572525
412,0.04070407152175903
413,0.07133892178535461
414,0.06305792182683945
415,0.0560009740293026
416,0.07920967787504196
417,0.01900542341172695
418,0.06810077279806137
419,0.08360793441534042
420,0.07683862745761871
421,0.07554150372743607
422,0.06860921531915665
423,0.07881806045770645
424,0.08761773258447647
425,0.07867243885993958
426,0.08365927636623383
427,0.08425841480493546
428,0.05129902437329292
429,0.06680965423583984
430,0.07060310989618301
431,0.053513336926698685
432,0.12636151909828186
433,0.10488220304250717
434,0.07108016312122345
435,0.08578626066446304
436,0.06846725195646286
437,0.0768139511346817
438,0.06809283792972565
439,0.043203938752412796
440,0.07712552696466446
441,0.07056915760040283
442,0.07167083024978638
443,0.08675368875265121
444,0.06541941314935684
445,0.08667729794979095
446,0.076016865670681
447,0.018457233905792236
448,0.029741525650024414
449,0.028653685003519058
450,0.0916130468249321
451,0.06034252420067787
452,0.01810847409069538
453,0.05440866947174072
454,0.059279490262269974
455,0.04688038304448128
456,0.07778529077768326
457,0.08107487112283707
458,0.09578011184930801
459,0.0937056690454483
460,0.09723445028066635
461,0.06127448379993439
462,0.06097044050693512
463,0.04821194335818291
464,0.07350993156433105
465,0.05020201951265335
466,0.08443444222211838
467,0.052080873399972916
468,0.08464111387729645
469,0.06351052969694138
470,0.07838684320449829
471,0.0703999251127243
472,0.05723469704389572
473,0.0911288633942604
474,0.05138493329286575
475,0.04683346301317215
476,0.08386564999818802
477,0.05063048377633095
478,0.07226073741912842
479,0.0428469255566597
480,0.050225839018821716
481,0.07753536850214005
482,0.05130000784993172
483,0.07194459438323975
484,0.04037051275372505
485,0.07300641387701035
486,0.05002029985189438
487,0.06799089908599854
488,0.06329278647899628
489,0.09366878122091293
490,0.07265321165323257
491,0.047815244644880295
492,0.048449140042066574
493,0.03929358348250389
494,0.09108021855354309
495,0.07962868362665176
496,0.05995481088757515
497,0.07474226504564285
498,0.06955991685390472
499,0.09375941753387451
500,0.04244743287563324
501,0.04013267531991005
502,0.05932372063398361
503,0.051894962787628174
504,0.05276157334446907
505,0.07033620774745941
506,0.06767294555902481
507,0.06587506830692291
508,0.07347039133310318
509,0.03653484210371971
510,0.06737224012613297
511,0.08137530833482742
512,0.07418040186166763
513,0.07824455946683884
514,0.05483682453632355
515,0.0871761217713356
516,0.06302767246961594
517,0.03596954047679901
518,0.07353147119283676
519,0.050416260957717896
520,0.09553047269582748
521,0.052634697407484055
522,0.05491122603416443
523,0.03291148319840431
524,0.0777910128235817
525,0.07872112840414047
526,0.03914373740553856
527,0.020061945542693138
528,0.07852691411972046
529,0.060951340943574905
530,0.05317196622490883
531,0.050362199544906616
532,0.08279383182525635
533,0.07023248821496964
534,0.09505641460418701
535,0.06094180420041084
536,0.053123753517866135
537,0.074706070125103
538,0.033290304243564606
539,0.06368324905633926
540,0.059334270656108856
541,0.07075577974319458
542,0.05378571152687073
543,0.07364355772733688
544,0.07258925586938858
545,0.030477596446871758
546,0.0706658586859703
547,0.016084784641861916
548,0.07497133314609528
549,0.02748403139412403
550,0.07668238133192062
551,0.030494345352053642
552,0.05610896646976471
553,0.05372452735900879
554,0.027759380638599396
555,0.05633392557501793
556,0.050437796860933304
557,0.09807465225458145
558,0.057872992008924484
559,0.05372059345245361
560,0.081808902323246
561,0.0225693229585886
562,0.05600865185260773
563,0.07482321560382843
564,0.04072410613298416
565,0.07113185524940491
566,0.04369650036096573
567,0.07911505550146103
568,0.07122111320495605
569,0.06106036901473999
570,0.08371982723474503
571,0.061783891171216965
572,0.06514666229486465
573,0.06761347502470016
574,0.07074020057916641
575,0.08036696910858154
576,0.08016882091760635
577,0.05864934250712395
578,0.03885401412844658
579,0.07661841809749603
580,0.08129242807626724
581,0.06959817558526993
582,0.09464696049690247
583,0.05070781707763672
584,0.02501620724797249
585,0.08790028095245361
586,0.056386809796094894
587,0.06486030668020248
588,0.08935121446847916
589,0.076776422560215
590,0.0799800381064415
591,0.0649385154247284
592,0.06238998472690582
593,0.03497065603733063
594,0.04815946891903877
595,0.08719490468502045
596,0.0752081573009491
597,0.04521430656313896
598,0.06487314403057098
599,0.0792425200343132
600,0.04153917357325554
601,0.030583372339606285
602,0.059544384479522705
603,0.1048550233244896
604,0.0796947181224823
605,0.06391820311546326
606,0.0520278625190258
607,0.06607380509376526
608,0.036289047449827194
609,0.07526538521051407
610,0.08459128439426422
611,0.027794327586889267
612,0.07624129205942154
613,0.08040441572666168
614,0.07806302607059479
615,0.03590049967169762
616,0.021710673347115517
617,0.05007420852780342
618,0.05640672519803047
619,0.0716608464717865
620,0.07483664900064468
621,0.03266914188861847
622,0.021437136456370354
623,0.049173347651958466
624,0.061800453811883926
625,0.053254831582307816
626,0.0724010020494461
627,0.05523616075515747
628,0.02794339880347252
629,0.06578152626752853
630,0.07306013256311417
631,0.09000619500875473
632,0.09413367509841919
633,0.0853823870420456
634,0.07534186542034149
635,0.04342540353536606
636,0.0829831212759018
637,0.060093868523836136
638,0.08490393310785294
639,0.05410867929458618
640,0.05216243863105774
641,0.03181002289056778
642,0.044526830315589905
643,0.08379629999399185
644,0.04866486042737961
645,0.09135963767766953
646,0.10790274292230606
647,0.05748506262898445
648,0.05425706133246422
649,0.07601554691791534
650,0.03364384546875954
651,0.06836381554603577
652,0.05708543583750725
653,0.04428355023264885
654,0.02729615941643715
655,0.09448453783988953
656,0.07744220644235611
657,0.0639156922698021
658,0.060609765350818634
659,0.04379616305232048
660,0.0769263356924057
661,0.06717339903116226
662,0.06270497292280197
663,0.08919935673475266
664,0.07592161744832993
665,0.05555574223399162
666,0.06723114103078842
667,0.09062468260526657
668,0.07844007015228271
669,0.08416493237018585
670,0.07218620181083679
671,0.06815604120492935
672,0.04448831453919411
673,0.07957849651575089
674,0.0796390026807785
675,0.0652797594666481
676,0.049678903073072433
677,0.06367746740579605
678,0.07655029743909836
679,0.07389738410711288
680,0.059607625007629395
681,0.057863328605890274
682,0.011955146677792072
683,0.06810081005096436
684,0.07521257549524307
685,0.057951927185058594
686,0.09858355671167374
687,0.07753796130418777
688,0.08553706109523773
689,0.07807278633117676
690,0.07002439349889755
691,0.04634666442871094
692,0.08138513565063477
693,0.06277070194482803
694,0.08374451100826263
695,0.10199287533760071
696,0.08041729778051376
697,0.08733648806810379
698,0.08142831921577454
699,0.014231771230697632
700,0.06500605493783951
701,0.06929299980401993
702,0.07256761193275452
703,0.08057400584220886
704,0.06360190361738205
705,0.04550417885184288
706,0.05532817915081978
707,0.07925215363502502
708,0.08191737532615662
709,0.07828284054994583
710,0.027618033811450005
711,0.10128728300333023
712,0.05157683789730072
713,0.0717010572552681
714,0.08496744185686111
715,0.03639679774641991
716,0.014891424216330051
717,0.047587454319000244
718,0.08547519892454147
719,0.08815634250640869
720,0.05246983841061592
721,0.0798845887184143
722,0.06935941427946091
723,0.07716081291437149
724,0.06805159151554108
725,0.07385582476854324
726,0.09361372143030167
727,0.10384765267372131
728,0.05175770819187164
729,0.053011808544397354
730,0.0810125395655632
731,0.08113757520914078
732,0.08659034967422485
733,0.0826277881860733
734,0.08193273842334747
735,0.05312338098883629
736,0.06344364583492279
737,0.05175621435046196
738,0.06018412113189697
739,0.10652025789022446
740,0.04245897755026817
741,0.0666755810379982
742,0.06478448212146759
743,0.07301552593708038
744,0.07419499009847641
745,0.07103221863508224
746,0.0406377837061882
747,0.08615357428789139
748,0.07484216243028641
749,0.06266666948795319
750,0.07209865748882294
751,0.058870330452919006
752,0.10611838102340698
753,0.04869731888175011
754,0.05088328197598457
755,0.031428031623363495
756,0.02347741834819317
757,0.059084732085466385
758,0.07552836090326309
759,0.06080542132258415
760,0.05652150884270668
761,0.07381885498762131
762,0.06011173501610756
763,0.07790398597717285
764,0.05404266342520714
765,0.04424484074115753
766,0.03646431490778923
767,0.04848926514387131
768,0.07102396339178085
769,0.042403947561979294
770,0.09109066426753998
771,0.05876477435231209
772,0.07716087251901627
773,0.03680605813860893
774,0.07567454874515533
775,0.06624747812747955
776,0.08081456273794174
777,0.07554026693105698
778,0.06408140063285828
779,0.030447836965322495
780,0.06723083555698395
781,0.05988689884543419
782,0.025040559470653534
783,0.06756781041622162
784,0.06819892674684525
785,0.06101881340146065
786,0.050327952951192856
787,0.08329935371875763
788,0.09902802854776382
789,0.05827964097261429
790,0.05599520727992058
791,0.0595419816672802
792,0.06846805661916733
793,0.07027535140514374
794,0.07288166880607605
795,0.04567055031657219
796,0.08880231529474258
797,0.08403665572404861
798,0.08076206594705582
799,0.0515323206782341
800,0.0625145211815834
801,0.07818084210157394
802,0.05904111638665199
803,0.038908470422029495
804,0.08060852438211441
805,0.06125469505786896
806,0.04640995338559151
807,0.07306014001369476
808,0.07622940093278885
809,0.06680498272180557
810,0.05640969052910805
811,0.0257945004850626
812,0.06579019129276276
813,0.06578757613897324
814,0.0342077799141407
815,0.06254786252975464
816,0.05483713001012802
817,0.07656270265579224
818,0.07308448851108551
819,0.06753970682621002
820,0.05644064396619797
821,0.08729977905750275
822,0.07738426327705383
823,0.04396548867225647
824,0.06671372056007385
825,0.04959344118833542
826,0.09175442904233932
827,0.034312326461076736
828,0.01057975459843874
829,0.039135921746492386
830,0.05435263365507126
831,0.023759063333272934
832,0.028818858787417412
833,0.05328874662518501
834,0.0776485800743103
835,0.06598575413227081
836,0.030213363468647003
837,0.05161803215742111
838,0.057688552886247635
839,0.09546660631895065
840,0.08340727537870407
841,0.05870063975453377
842,0.0779079869389534
843,0.08955668658018112
844,0.05712871998548508
845,0.07957711070775986
846,0.03403526917099953
847,0.05538925155997276
848,0.09503602981567383
849,0.013056617230176926
850,0.06374063342809677
851,0.034375980496406555
852,0.041989538818597794
853,0.0411735437810421
854,0.04921289160847664
855,0.0727156549692154
856,0.06969182938337326
857,0.10411227494478226
858,0.024650320410728455
859,0.06583858281373978
860,0.05901139974594116
861,0.07619623094797134
862,0.0876181498169899
863,0.06320555508136749
864,0.06393090635538101
865,0.05117645487189293
866,0.06089285388588905
867,0.05454960837960243
868,0.06007390469312668
869,0.0416872538626194
870,0.06055315211415291
871,0.07592043280601501
872,0.02477465383708477
873,0.08456543833017349
874,0.08216958492994308
875,0.04175747558474541
876,0.055936653167009354
877,0.048195142298936844
878,0.06214623525738716
879,0.08457156270742416
880,0.08263605087995529
881,0.04415251687169075
882,0.032685279846191406
883,0.0834059864282608
884,0.07741272449493408
885,0.09260240942239761
886,0.030988289043307304
887,0.05848022177815437
888,0.08995900303125381
889,0.03901326656341553
890,0.05310662090778351
891,0.07497255504131317
892,0.07998659461736679
893,0.029090335592627525
894,0.05624580383300781
895,0.06159396469593048
896,0.062489498406648636
897,0.044142674654722214
898,0.07757814228534698
899,0.08668231219053268
900,0.08133583515882492
901,0.09170905500650406
902,0.04869838431477547
903,0.0912848636507988
904,0.07960287481546402
905,0.06752829253673553
906,0.058673758059740067
907,0.07243385165929794
908,0.030820105224847794
909,0.066487617790699
910,0.018072661012411118
911,0.06893189251422882
912,0.04945622757077217
913,0.08005235344171524
914,0.02699475921690464
915,0.08044282346963882
916,0.06780616194009781
917,0.09042858332395554
918,0.06019918993115425
919,0.050560347735881805
920,0.06817035377025604
921,0.07431942224502563
922,0.06403798609972
923,0.06970269232988358
924,0.016203759238123894
925,0.013180580921471119
926,0.07125971466302872
927,0.08145082741975784
928,0.05447884276509285
929,0.09492376446723938
930,0.016283629462122917
931,0.08183838427066803
932,0.08037611097097397
933,0.041981033980846405
934,0.036307159811258316
935,0.06953185796737671
936,0.06052657589316368
937,0.0450235940515995
938,0.0627494528889656
939,0.04950582981109619
940,0.043270837515592575
941,0.07781936228275299
942,0.03807762265205383
943,0.08036499470472336
944,0.06307060271501541
945,0.05227834731340408
946,0.06478343158960342
947,0.03051711432635784
948,0.09615425765514374
949,0.03478115424513817
950,0.052601996809244156
951,0.08343525975942612
952,0.05142883583903313
953,0.08897578716278076
954,0.03517720475792885
955,0.03928482532501221
956,0.0838310644030571
957,0.06294433027505875
958,0.08284810185432434
959,0.07368803769350052
960,0.06872280687093735
961,0.06579527258872986
962,0.07569390535354614
963,0.060579996556043625
964,0.06916980445384979
965,0.04145537689328194
966,0.055986497551202774
967,0.08020748198032379
968,0.07595859467983246
969,0.08512518554925919
970,0.048982542008161545
971,0.02487064339220524
972,0.04437459632754326
973,0.06426315754652023
974,0.03925248235464096
975,0.04363681375980377
976,0.014161300845444202
977,0.07788898795843124
978,0.057265281677246094
979,0.05692925676703453
980,0.0708068236708641
981,0.0818360224366188
982,0.07847358286380768
983,0.05154603347182274
984,0.08047650754451752
985,0.07107977569103241
986,0.05073126032948494
987,0.08612482994794846
988,0.0757647156715393
989,0.09111080318689346
990,0.05442218855023384
991,0.07990358769893646
992,0.06710775196552277
993,0.06702639907598495
994,0.060716379433870316
995,0.03281201794743538
996,0.08228053897619247
997,0.06590089946985245
998,0.06994731724262238
999,0.06551989167928696
1000,0.04513170197606087
1001,0.0505678728222847
1002,0.0420878529548645
1003,0.0822070762515068
1004,0.06140990927815437
1005,0.06490573287010193
1006,0.08362740278244019
1007,0.09544230997562408
1008,0.04748547077178955
1009,0.07164143025875092
1010,0.06665203720331192
1011,0.06714475154876709
1012,0.07103220373392105
1013,0.07632861286401749
1014,0.07652422785758972
1015,0.05155843868851662
1016,0.06962218880653381
1017,0.03589310124516487
1018,0.04010913893580437
1019,0.08187253028154373
1020,0.08052308112382889
1021,0.04298901557922363
1022,0.05965729430317879
1023,0.06530877947807312
1024,0.07710739970207214
1025,0.06305717676877975
1026,0.058434657752513885
1027,0.03770152106881142
1028,0.05251822993159294
1029,0.07235082983970642
1030,0.03609456866979599
1031,0.07623622566461563
1032,0.06851392984390259
1033,0.0419544018805027
1034,0.04323211684823036
1035,0.025029877200722694
1036,0.008029205724596977
1037,0.09999891370534897
1038,0.07149575650691986
1039,0.03311382979154587
1040,0.09021077305078506
1041,0.08209990710020065
1042,0.08542724698781967
1043,0.07901330292224884
1044,0.08784948289394379
1045,0.08002927899360657
1046,0.05611121654510498
1047,0.051832862198352814
1048,0.0816359743475914
1049,0.0739060789346695
1050,0.06270553171634674
1051,0.07662498950958252
1052,0.07445243000984192
1053,0.05197817087173462
1054,0.10176581144332886
1055,0.10206031799316406
1056,0.06487923115491867
1057,0.036897554993629456
1058,0.04527904838323593
1059,0.057678062468767166
1060,0.022268006578087807
1061,0.0582985021173954
1062,0.08014584332704544
1063,0.07990580797195435
1064,0.06629358232021332
1065,0.08212631195783615
1066,0.0549146942794323
1067,0.07158573716878891
1068,0.07546815276145935
1069,0.10475663095712662
1070,0.061635203659534454
1071,0.0793217197060585
1072,0.033523499965667725
1073,0.0947810485959053
1074,0.09150074422359467
1075,0.02693879045546055
1076,0.09240113198757172
1077,0.07526669651269913
1078,0.07330108433961868
1079,0.05263903737068176
1080,0.061489470303058624
1081,0.084866002202034
1082,0.05734271556138992
1083,0.0718206837773323
1084,0.06849945336580276
1085,0.072099469602108
1086,0.08165222406387329
1087,0.10472995787858963
1088,0.07639440894126892
1089,0.07877042889595032
1090,0.06988412886857986
1091,0.01182700227946043
1092,0.08285503834486008
1093,0.020501399412751198
1094,0.0640140250325203
1095,0.07107575237751007
1096,0.06669049710035324
1097,0.09658274799585342
1098,0.061881113797426224
1099,0.05351501703262329
1100,0.04853131249547005
1101,0.01971079781651497
1102,0.07680396735668182
1103,0.07999163866043091
1104,0.0942361056804657
1105,0.08400486409664154
1106,0.06410685926675797
1107,0.07381852716207504
1108,0.041565123945474625
1109,0.011843794025480747
1110,0.03344525769352913
1111,0.0766361653804779
1112,0.03468871861696243
1113,0.038396645337343216
1114,0.03436648100614548
1115,0.07379632443189621
1116,0.07697758823633194
1117,0.07282039523124695
1118,0.052459750324487686
1119,0.05701823905110359
1120,0.05115656927227974
1121,0.0342496782541275
1122,0.06937757134437561
1123,0.06524937599897385
1124,0.0839771032333374
1125,0.03776486590504646
1126,0.08533023297786713
1127,0.05980541929602623
1128,0.04893343895673752
1129,0.06419382244348526
1130,0.08972055464982986
1131,0.021666934713721275
1132,0.08336992561817169
1133,0.07313036918640137
1134,0.07694756984710693
1135,0.07246310263872147
1136,0.08669876307249069
1137,0.1235666275024414
1138,0.02957223914563656
1139,0.07745950669050217
1140,0.055670805275440216
1141,0.06556304544210434
1142,0.08142125606536865
1143,0.0749308317899704
1144,0.05966140329837799
1145,0.06979268789291382
1146,0.07062818855047226
1147,0.0862242728471756
1148,0.05708407238125801
1149,0.06520659476518631
1150,0.07447629421949387
1151,0.02936331368982792
1152,0.07237158715724945
1153,0.07205715030431747
1154,0.06890863180160522
1155,0.06324770301580429
1156,0.04494219645857811
1157,0.0620068795979023
1158,0.08065777271986008
1159,0.08204615861177444
1160,0.08644574880599976
1161,0.03389408066868782
1162,0.08046218007802963
1163,0.07179447263479233
1164,0.08657423406839371
1165,0.07552783936262131
1166,0.05338431894779205
1167,0.07031352072954178
1168,0.07548824697732925
1169,0.037836700677871704
1170,0.08540860563516617
1171,0.06884663552045822
1172,0.06041376665234566
1173,0.04525243490934372
1174,0.0616639070212841
1175,0.06795630604028702
1176,0.06622220575809479
1177,0.04962063580751419
1178,0.05494874343276024
1179,0.035053182393312454
1180,0.05159110575914383
1181,0.08949686586856842
1182,0.05773424357175827
1183,0.01323212031275034
1184,0.08639372885227203
1185,0.09669646620750427
1186,0.07377524673938751
1187,0.06713414192199707
1188,0.060115355998277664
1189,0.0490470752120018
1190,0.050869762897491455
1191,0.0777205228805542
1192,0.05817461758852005
1193,0.10618983209133148
1194,0.02858482114970684
1195,0.07716527581214905
1196,0.07210157066583633
1197,0.03349940851330757
1198,0.06610479205846786
1199,0.10243705660104752
1200,0.05930236354470253
1201,0.08998121321201324
1202,0.08491244912147522
1203,0.022466398775577545
1204,0.07342847436666489
1205,0.08473742753267288
1206,0.029845863580703735
1207,0.06668964773416519
1208,0.06504741311073303
1209,0.11316327005624771
1210,0.07423854619264603
1211,0.0916730985045433
1212,0.053817689418792725
1213,0.0788567066192627
1214,0.041231561452150345
1215,0.09691549092531204
1216,0.07186297327280045
1217,0.0869852602481842
1218,0.09356776624917984
1219,0.07768803834915161
1220,0.07288705557584763
1221,0.03343998268246651
1222,0.07602132111787796
1223,0.06654833257198334
1224,0.07692907750606537
1225,0.04389669746160507
1226,0.058945704251527786
1227,0.07904889434576035
1228,0.03935704752802849
1229,0.08207488805055618
1230,0.0279843769967556
1231,0.06992524117231369
1232,0.06633725762367249
1233,0.06258683651685715
1234,0.07936229556798935
1235,0.062919020652771
1236,0.058924198150634766
1237,0.043227680027484894
1238,0.06804600358009338
1239,0.0846802145242691
1240,0.07301074266433716
1241,0.1187528669834137
1242,0.05140760913491249
1243,0.06005353480577469
1244,0.0247937124222517
1245,0.04748096317052841
1246,0.08237463980913162
1247,0.05817147716879845
1248,0.08027973026037216
1249,0.04735652729868889
1250,0.0749518871307373
1251,0.05510430410504341
1252,0.08810316026210785
1253,0.07247710227966309
1254,0.08594928681850433
1255,0.05420517176389694
1256,0.04028068110346794
1257,0.0757695883512497
1258,0.03170596808195114
1259,0.0513061098754406
1260,0.08191965520381927
1261,0.044505275785923004
1262,0.042789898812770844
1263,0.07044422626495361
1264,0.06043853983283043
1265,0.08505190908908844
1266,0.07303120195865631
1267,0.07824347913265228
1268,0.10561405122280121
1269,0.09117919951677322
1270,0.09626880288124084
1271,0.06598630547523499
1272,0.1022743433713913
1273,0.08450809866189957
1274,0.07062690705060959
1275,0.04953400418162346
1276,0.06258706748485565
1277,0.08614066988229752
1278,0.07718659192323685
1279,0.05204285308718681
1280,0.07704055309295654
1281,0.0919279009103775
1282,0.07738127559423447
1283,0.06740754097700119
1284,0.09035343676805496
1285,0.09033693373203278
1286,0.033470410853624344
1287,0.04891030862927437
1288,0.07913072407245636
1289,0.08848913758993149
1290,0.0850428119301796
1291,0.09014967828989029
1292,0.02399582602083683
1293,0.0876179113984108
1294,0.06257649511098862
1295,0.06947741657495499
1296,0.06364700943231583
1297,0.09698624908924103
1298,0.06470439583063126
1299,0.05404262617230415
1300,0.05175697058439255
1301,0.05882059410214424
1302,0.046862974762916565
1303,0.07270170003175735
1304,0.09267730265855789
1305,0.06461533904075623
1306,0.055332232266664505
1307,0.02342873625457287
1308,0.08112283796072006
1309,0.08357881009578705
1310,0.03284531459212303
1311,0.035255346447229385
1312,0.023205513134598732
1313,0.07477400451898575
1314,0.05286668986082077
1315,0.046754565089941025
1316,0.049432627856731415
1317,0.0725741982460022
1318,0.07241640985012054
1319,0.03724631294608116
1320,0.0720750242471695
1321,0.07159614562988281
1322,0.07020477205514908
1323,0.07500652223825455
1324,0.0784362182021141
1325,0.07526188343763351
1326,0.05973215773701668
1327,0.06065851449966431
1328,0.06362801045179367
1329,0.059229347854852676
1330,0.06637070327997208
1331,0.07505539804697037
1332,0.08452873677015305
1333,0.07102762162685394
1334,0.07136867940425873
1335,0.04748116806149483
1336,0.05167420208454132
1337,0.0659550204873085
1338,0.07428029179573059
1339,0.0462261438369751
1340,0.06561717391014099
1341,0.03277590498328209
1342,0.011219369247555733
1343,0.059181272983551025
1344,0.08828035742044449
1345,0.05863967910408974
1346,0.04485803097486496
1347,0.05100122094154358
1348,0.08830065280199051
1349,0.06900544464588165
1350,0.08544731885194778
1351,0.07434971630573273
1352,0.054308269172906876
1353,0.04301127418875694
1354,0.07625874131917953
1355,0.05758942663669586
1356,0.09806206822395325
1357,0.06543455272912979
1358,0.06373376399278641
1359,0.052844513207674026
1360,0.03313622251152992
1361,0.06671223044395447
1362,0.07979462295770645
1363,0.052284903824329376
1364,0.08250829577445984
1365,0.06239703670144081
1366,0.020604083314538002
1367,0.04026949405670166
1368,0.04802015423774719
1369,0.06280187517404556
1370,0.07481548935174942
1371,0.03446067124605179
1372,0.05956961587071419
1373,0.08327469974756241
1374,0.07186393439769745
1375,0.04632733389735222
1376,0.06324414163827896
1377,0.05447372794151306
1378,0.0891769602894783
1379,0.049213703721761703
1380,0.04900825396180153
1381,0.09084400534629822
1382,0.08446694910526276
1383,0.06766549497842789
1384,0.05918622761964798
1385,0.06104722246527672
1386,0.0697198212146759
1387,0.037413276731967926
1388,0.06848111748695374
1389,0.01701473630964756
1390,0.06801030784845352
1391,0.07846466451883316
1392,0.08411459624767303
1393,0.07499983161687851
1394,0.06405613571405411
1395,0.04965344816446304
1396,0.05373721942305565
1397,0.07017675042152405
1398,0.06367884576320648
1399,0.05151759460568428
1400,0.09812189638614655
1401,0.0772155299782753
1402,0.0340556763112545
1403,0.08533496409654617
1404,0.041701238602399826
1405,0.06197841838002205
1406,0.07586464285850525
1407,0.04165469482541084
1408,0.10007021576166153
1409,0.04285993054509163
1410,0.05464049056172371
1411,0.07514749467372894
1412,0.06346651911735535
1413,0.044522419571876526
1414,0.022082418203353882
1415,0.08130653202533722
1416,0.0692407563328743
1417,0.14381572604179382
1418,0.08579684793949127
1419,0.08411607146263123
1420,0.054502591490745544
1421,0.057775285094976425
1422,0.06236889585852623
1423,0.06523478031158447
1424,0.07487748563289642
1425,0.07262035459280014
1426,0.013808471150696278
1427,0.07165637612342834
1428,0.0603567436337471
1429,0.03728422150015831
1430,0.08038238435983658
1431,0.07277198880910873
1432,0.038173429667949677
1433,0.06181282550096512
1434,0.07627926766872406
1435,0.08023758232593536
1436,0.08943698555231094
1437,0.02571336179971695
1438,0.02884470857679844
1439,0.0438210628926754
1440,0.08983884751796722
1441,0.05512160435318947
1442,0.06258569657802582
1443,0.044120993465185165
1444,0.07255938649177551
1445,0.0665467157959938
1446,0.05009269714355469
1447,0.09975768625736237
1448,0.03849847987294197
1449,0.04973169043660164
1450,0.07742799818515778
1451,0.03420867770910263
1452,0.06088031083345413
1453,0.08245056122541428
1454,0.05881331488490105
1455,0.09102997928857803
1456,0.06000204756855965
1457,0.07012654840946198
1458,0.04235144332051277
1459,0.04210340604186058
1460,0.06687364727258682
1461,0.08903583139181137
1462,0.029237085953354836
1463,0.0349184088408947
1464,0.07866237312555313
1465,0.08399495482444763
1466,0.06784465163946152
1467,0.05953757092356682
1468,0.08848439902067184
1469,0.062314968556165695
1470,0.0693170428276062
1471,0.06896582245826721
1472,0.06783577054738998
1473,0.06964286416769028
1474,0.06593852490186691
1475,0.07281192392110825
1476,0.05066070333123207
1477,0.027036430314183235
1478,0.06924966722726822
1479,0.07214520126581192
1480,0.07686115056276321
1481,0.07588984072208405
1482,0.06881840527057648
1483,0.08174148201942444
1484,0.028841009363532066
1485,0.052552931010723114
1486,0.08714260905981064
1487,0.060331497341394424
1488,0.049064185470342636
1489,0.07660935074090958
1490,0.05757859721779823
1491,0.05089410021901131
1492,0.08023783564567566
1493,0.09173580259084702
1494,0.026641590520739555
1495,0.08227765560150146
1496,0.0743560865521431
1497,0.08104104548692703
1498,0.09400194138288498
1499,0.06489640474319458
1500,0.09395749866962433
1501,0.07964527606964111
1502,0.0855361595749855
1503,0.06730204075574875
1504,0.08097571134567261
1505,0.0661713033914566
1506,0.07270711660385132
1507,0.067784883081913
1508,0.06683439016342163
1509,0.05944447964429855
1510,0.01086247805505991
1511,0.06930793821811676
1512,0.051388468593358994
1513,0.07944492250680923
1514,0.044680405408144
1515,0.06788478791713715
1516,0.05050352215766907
1517,0.04881683364510536
1518,0.048443228006362915
1519,0.07003311812877655
1520,0.07925229519605637
1521,0.07278399914503098
1522,0.022492775693535805
1523,0.06150870770215988
1524,0.07821199297904968
1525,0.01676931418478489
1526,0.05858021229505539
1527,0.07872642576694489
1528,0.04602697864174843
1529,0.037340350449085236
1530,0.05983712896704674
1531,0.08506224304437637
1532,0.05917820706963539
1533,0.08093183487653732
1534,0.0478348545730114
1535,0.10943535715341568
1536,0.05878071114420891
1537,0.07252105325460434
1538,0.06009130924940109
1539,0.027085719630122185
1540,0.03606913238763809
1541,0.0522228479385376
1542,0.10540586709976196
1543,0.05185137316584587
1544,0.09649334102869034
1545,0.07891928404569626
1546,0.08444482833147049
1547,0.0926176905632019
1548,0.03219800442457199
1549,0.05373113974928856
1550,0.04170668125152588
1551,0.06990543007850647
1552,0.03511111065745354
1553,0.04544925317168236
1554,0.048045139759778976
1555,0.08295514434576035
1556,0.06281627714633942
1557,0.08678088337182999
1558,0.06471946090459824
1559,0.09726087749004364
1560,0.0788542702794075
1561,0.031924329698085785
1562,0.062070686370134354
1563,0.04624533653259277
1564,0.058618154376745224
1565,0.04957950487732887
1566,0.090153269469738
1567,0.03032313473522663
1568,0.07839267700910568
1569,0.07034965604543686
1570,0.018963076174259186
1571,0.07888960838317871
1572,0.042991507798433304
1573,0.0581592321395874
1574,0.05987297371029854
1575,0.07361253350973129
1576,0.06310496479272842
1577,0.05588390305638313
1578,0.04199089854955673
1579,0.07135453075170517
1580,0.056961286813020706
1581,0.07096615433692932
1582,0.07569364458322525
1583,0.061394572257995605
1584,0.06936703622341156
1585,0.06330819427967072
1586,0.04530875384807587
1587,0.05188273265957832
1588,0.0841154083609581
1589,0.0718558132648468
1590,0.0802735909819603
1591,0.04722746089100838
1592,0.07502420991659164
1593,0.07100097090005875
1594,0.06063299626111984
1595,0.041122809052467346
1596,0.0465557835996151
1597,0.056580234318971634
1598,0.06902176141738892
1599,0.04445994645357132
1600,0.026663027703762054
1601,0.06669158488512039
1602,0.06940749287605286
1603,0.09246000647544861
1604,0.07571959495544434
1605,0.033608514815568924
1606,0.05826013162732124
1607,0.10366753488779068
1608,0.05724816396832466
1609,0.03412698581814766
1610,0.04927082732319832
1611,0.0923200249671936
1612,0.06763124465942383
1613,0.05952027067542076
1614,0.10088449716567993
1615,0.0370066873729229
1616,0.05925247445702553
1617,0.07054974138736725
1618,0.09192204475402832
1619,0.07559714466333389
1620,0.062468186020851135
1621,0.09290800243616104
1622,0.040180936455726624
1623,0.06571071594953537
1624,0.07276618480682373
1625,0.08721599727869034
1626,0.05308112874627113
1627,0.06575755029916763
1628,0.0681554526090622
1629,0.05807839706540108
1630,0.06120866537094116
1631,0.04054378718137741
1632,0.0654236450791359
1633,0.08434225618839264
1634,0.04955213516950607
1635,0.045575086027383804
1636,0.09077779203653336
1637,0.06270989030599594
1638,0.03676525503396988
1639,0.08283603191375732
1640,0.04328332468867302
1641,0.0454675666987896
1642,0.04016922786831856
1643,0.08127196878194809
1644,0.03939647227525711
1645,0.0594898946583271
1646,0.04830160364508629
1647,0.03710451349616051
1648,0.0506613627076149
1649,0.09158772230148315
1650,0.07561390101909637
1651,0.03981432318687439
1652,0.05067151039838791
1653,0.05267078056931496
1654,0.057248760014772415
1655,0.061554472893476486
1656,0.06241703778505325
1657,0.09634668380022049
1658,0.0676732137799263
1659,0.07010222971439362
1660,0.027765698730945587
1661,0.08991578966379166
1662,0.07367020100355148
1663,0.03164614737033844
1664,0.04121902585029602
1665,0.07608941942453384
1666,0.033243194222450256
1667,0.08140925318002701
1668,0.020245682448148727
1669,0.07732764631509781
1670,0.04595155268907547
1671,0.06304912269115448
1672,0.05698911473155022
1673,0.09374519437551498
1674,0.062042705714702606
1675,0.07064922899007797
1676,0.06007518991827965
1677,0.05517294630408287
1678,0.03347530588507652
1679,0.08160117268562317
1680,0.0541059710085392
1681,0.06549817323684692
1682,0.0424218475818634
1683,0.059591758996248245
1684,0.10053856670856476
1685,0.09193367511034012
1686,0.07870045304298401
1687,0.0730891302227974
1688,0.07408006489276886
1689,0.07009576261043549
1690,0.07620466500520706
1691,0.06601772457361221
1692,0.031162576749920845
1693,0.09130843728780746
1694,0.0816921666264534
1695,0.07191542536020279
1696,0.05312675982713699
1697,0.07122419774532318
1698,0.031566072255373
1699,0.06761292368173599
1700,0.04937680438160896
1701,0.0658995732665062
1702,0.07756362110376358
1703,0.05094160884618759
1704,0.014693276956677437
1705,0.0796966701745987
1706,0.05236583948135376
1707,0.07256113737821579
1708,0.05548695847392082
1709,0.07012985646724701
1710,0.09350927919149399
1711,0.04800919070839882
1712,0.040933430194854736
1713,0.0779157280921936
1714,0.058910395950078964
1715,0.052051614969968796
1716,0.0780416801571846
1717,0.06482037901878357
1718,0.024149872362613678
1719,0.04619219899177551
1720,0.08377428352832794
1721,0.0594605952501297
1722,0.0854845866560936
1723,0.02786032296717167
1724,0.11874156445264816
1725,0.07018838077783585
1726,0.07315463572740555
1727,0.08310718089342117
1728,0.07229063659906387
1729,0.08852358162403107
1730,0.037479374557733536
1731,0.07599041610956192
1732,0.01823480613529682
1733,0.03246380761265755
1734,0.0207127146422863
1735,0.0495748445391655
1736,0.06590999662876129
1737,0.055285122245550156
1738,0.013440740294754505
1739,0.04225225746631622
1740,0.0652289092540741
1741,0.06435992568731308
1742,0.03046804666519165
1743,0.08231516927480698
1744,0.08491066843271255
1745,0.07375441491603851
1746,0.0774611383676529
1747,0.07033225148916245
1748,0.05717455595731735
1749,0.05713626369833946
1750,0.08958382904529572
1751,0.10841552168130875
1752,0.07145482301712036
1753,0.08468300849199295
1754,0.07893132418394089
1755,0.07283900678157806
1756,0.10635983943939209
1757,0.07303685694932938
1758,0.05458696186542511
1759,0.03610960766673088
1760,0.057402241975069046
1761,0.01240356732159853
1762,0.07697953283786774
1763,0.08275125920772552
1764,0.06495121121406555
1765,0.05532107129693031
1766,0.044529400765895844
1767,0.05779815465211868
1768,0.052299950271844864
1769,0.06460493803024292
1770,0.041415031999349594
1771,0.0922931432723999
1772,0.051707614213228226
1773,0.07541004568338394
1774,0.08296389132738113
1775,0.04092973843216896
1776,0.09614920616149902
1777,0.09611582010984421
1778,0.09326206147670746
1779,0.058056242763996124
1780,0.06984424591064453
1781,0.04897109791636467
1782,0.07556924968957901
1783,0.06149083375930786
1784,0.055148396641016006
1785,0.06366363167762756
1786,0.0783480554819107
1787,0.07238742709159851
1788,0.06224009767174721
1789,0.08162186294794083
1790,0.04911865293979645
1791,0.060902465134859085
1792,0.08365119248628616
1793,0.04645507410168648
1794,0.05971725285053253
1795,0.04314950853586197
1796,0.0655556172132492
1797,0.08996278047561646
1798,0.04551035165786743
1799,0.060939908027648926
1800,0.04317491129040718
1801,0.09421601891517639
1802,0.06495532393455505
1803,0.08178827911615372
1804,0.05989009141921997
1805,0.055188585072755814
1806,0.06715141981840134
1807,0.07172826677560806
1808,0.068994902074337
1809,0.07084421068429947
1810,0.09003905951976776
1811,0.04305785894393921
1812,0.06253931671380997
1813,0.06552956253290176
1814,0.07145525515079498
1815,0.03728795051574707
1816,0.08723018318414688
1817,0.07938216626644135
1818,0.071538545191288
1819,0.0762312039732933
1820,0.07033965736627579
1821,0.10390714555978775
1822,0.0812729150056839
1823,0.08175520598888397
1824,0.09162187576293945
1825,0.07414849102497101
1826,0.06901951879262924
1827,0.060136668384075165
1828,0.07184485346078873
1829,0.0770077183842659
1830,0.06725607067346573
1831,0.056757669895887375
1832,0.05439192056655884
1833,0.0224140752106905
1834,0.06867081671953201
1835,0.07478778809309006
1836,0.08723623305559158
1837,0.07670975476503372
1838,0.0486607663333416
1839,0.06479775905609131
1840,0.03819283843040466
1841,0.031591787934303284
1842,0.07050136476755142
1843,0.0876801535487175
1844,0.0641302689909935
1845,0.03317192941904068
1846,0.05877945199608803
1847,0.07546675205230713
1848,0.06331095099449158
1849,0.06350333243608475
1850,0.0574599988758564
1851,0.0647246316075325
1852,0.045700591057538986
1853,0.05477375164628029
1854,0.07426322251558304
1855,0.04154199734330177
1856,0.05230826884508133
1857,0.04376770183444023
1858,0.06642357259988785
1859,0.08300503343343735
1860,0.05220834165811539
1861,0.08487498015165329
1862,0.07898889482021332
1863,0.035348474979400635
1864,0.06762752681970596
1865,0.05543723329901695
1866,0.08845662325620651
1867,0.0618324875831604
1868,0.08386239409446716
1869,0.0679841861128807
1870,0.02492392435669899
1871,0.05369448661804199
1872,0.07388908416032791
1873,0.044548776000738144
1874,0.0743231549859047
1875,0.05591911822557449
1876,0.07907624542713165
1877,0.10546567291021347
1878,0.0871560201048851
1879,0.043495189398527145
1880,0.10200048983097076
1881,0.07985030859708786
1882,0.07270341366529465
1883,0.06874916702508926
1884,0.05293640121817589
1885,0.041417814791202545
1886,0.055605240166187286
1887,0.07794203609228134
1888,0.019619954749941826
1889,0.0737873762845993
1890,0.0556633286178112
1891,0.0778345912694931
1892,0.08497203141450882
1893,0.06515120714902878
1894,0.0757538229227066
1895,0.08082109689712524
1896,0.0852130651473999
1897,0.09966184943914413
1898,0.04846427962183952
1899,0.037876058369874954
1900,0.06660820543766022
1901,0.07138921320438385
1902,0.03922538831830025
1903,0.10935253649950027
1904,0.09346069395542145
1905,0.03324754908680916
1906,0.0680091455578804
1907,0.11721532791852951
1908,0.08365718275308609
1909,0.07390215247869492
1910,0.08791474997997284
1911,0.0755828395485878
1912,0.04747188091278076
1913,0.0709051862359047
1914,0.07531942427158356
1915,0.05975271016359329
1916,0.035272110253572464
1917,0.05582161620259285
1918,0.0663989707827568
1919,0.08416938036680222
1920,0.029398798942565918
1921,0.07014746963977814
1922,0.06087563559412956
1923,0.06780161708593369
1924,0.05931680276989937
1925,0.07283846288919449
1926,0.08439858257770538
1927,0.06755656749010086
1928,0.056872036308050156
1929,0.06950536370277405
1930,0.09822773188352585
1931,0.08271229267120361
1932,0.06511428207159042
1933,0.0865241289138794
1934,0.08481170237064362
1935,0.06337390094995499
1936,0.07512858510017395
1937,0.054437559098005295
1938,0.07028088718652725
1939,0.06949649006128311
1940,0.03774643316864967
1941,0.10172884166240692
1942,0.07719526439905167
1943,0.09219382703304291
1944,0.08909158408641815
1945,0.06239920109510422
1946,0.050834424793720245
1947,0.03782378509640694
1948,0.04703342542052269
1949,0.04953408241271973
1950,0.02638605609536171
1951,0.08172744512557983
1952,0.09468034654855728
1953,0.022003792226314545
1954,0.09290321916341782
1955,0.06714177131652832
1956,0.03303513303399086
1957,0.05521402508020401
1958,0.04194856435060501
1959,0.07335717976093292
1960,0.0806085541844368
1961,0.08188458532094955
1962,0.06461156904697418
1963,0.08197565376758575
1964,0.062172215431928635
1965,0.06574002653360367
1966,0.08892808109521866
1967,0.05243635177612305
1968,0.037120431661605835
1969,0.08211038261651993
1970,0.08290719240903854
1971,0.04835820570588112
1972,0.07140595465898514
1973,0.11012468487024307
1974,0.05072430148720741
1975,0.048406701534986496
1976,0.08141865581274033
1977,0.024662736803293228
1978,0.05357770994305611
1979,0.039894189685583115
1980,0.04610511288046837
1981,0.04730569198727608
1982,0.06076698377728462
1983,0.07016631215810776
1984,0.03640810772776604
1985,0.08173158019781113
1986,0.0897412970662117
1987,0.08859691768884659
1988,0.07601406425237656
1989,0.0506826713681221
1990,0.06803104281425476
1991,0.06191932037472725
1992,0.07801292836666107
1993,0.07833365350961685
1994,0.0757012590765953
1995,0.011215701699256897
1996,0.03384309634566307
1997,0.06367036700248718
1998,0.08321278542280197
1999,0.037495095282793045
2000,0.0548904687166214
2001,0.058706190437078476
2002,0.08351711183786392
2003,0.07983863353729248
2004,0.04926745593547821
2005,0.06822145730257034
2006,0.03694964945316315
2007,0.0910458043217659
2008,0.07389230281114578
2009,0.06260132044553757
2010,0.03508032113313675
2011,0.027684444561600685
2012,0.04892165958881378
2013,0.0560634545981884
2014,0.026949258521199226
2015,0.08328429609537125
2016,0.07086559385061264
2017,0.06092012673616409
2018,0.0794597938656807
2019,0.0756998062133789
2020,0.0741783082485199
2021,0.060395658016204834
2022,0.04515065252780914
2023,0.07126317918300629
2024,0.06384434551000595
2025,0.04074104130268097
2026,0.0392489917576313
2027,0.04029948264360428
2028,0.06367810815572739
2029,0.028853366151452065
2030,0.04430149123072624
2031,0.08673538267612457
2032,0.06446848809719086
2033,0.053177766501903534
2034,0.05087251961231232
2035,0.06658194214105606
2036,0.0619509220123291
2037,0.05499773472547531
2038,0.06911464780569077
2039,0.05926906317472458
2040,0.08263839781284332
2041,0.07993258535861969
2042,0.09382262825965881
2043,0.07694020122289658
2044,0.05749192461371422
2045,0.013251145370304585
2046,0.062152400612831116
2047,0.04845254123210907
2048,0.09780368208885193
2049,0.07307251542806625
2050,0.0314999558031559
2051,0.043469544500112534
2052,0.05295548215508461
2053,0.06811610609292984
2054,0.04140973091125488
2055,0.04417910799384117
2056,0.07277592271566391
2057,0.03931489959359169
2058,0.05019809678196907
2059,0.053331442177295685
2060,0.0871424600481987
2061,0.07855959981679916
2062,0.03401200845837593
2063,0.07565805315971375
2064,0.05974749103188515
2065,0.08094755560159683
2066,0.03091638907790184
2067,0.058436937630176544
2068,0.07235652953386307
2069,0.04616793617606163
2070,0.07433043420314789
2071,0.04169020429253578
2072,0.09190382808446884
2073,0.04601586237549782
2074,0.054978400468826294
2075,0.07348204404115677
2076,0.06358925998210907
2077,0.06175144389271736
2078,0.08484966307878494
2079,0.059510987251996994
2080,0.06197177618741989
2081,0.07388375699520111
2082,0.0749557688832283
2083,0.05788516253232956
2084,0.034966468811035156
2085,0.0364791601896286
2086,0.052771080285310745
2087,0.06277256458997726
2088,0.053095195442438126
2089,0.08588816225528717
2090,0.05978372320532799
2091,0.04987526684999466
2092,0.07554959505796432
2093,0.07524041086435318
2094,0.03110967017710209
2095,0.0974874347448349
2096,0.05434777960181236
2097,0.06704633682966232
2098,0.08667729794979095
2099,0.059385914355516434
2100,0.07423979789018631
2101,0.07693631201982498
2102,0.05046656355261803
2103,0.07917582988739014
2104,0.04477698355913162
2105,0.05358549579977989
2106,0.049587417393922806
2107,0.06619776785373688
2108,0.0525701530277729
2109,0.07650845497846603
2110,0.056079667061567307
2111,0.10625602304935455
2112,0.09085200726985931
2113,0.05249635502696037
2114,0.08901521563529968
2115,0.09082385152578354
2116,0.064771868288517
2117,0.051304567605257034
2118,0.07102131843566895
2119,0.04942929372191429
2120,0.04005347564816475
2121,0.08924996852874756
2122,0.05464354529976845
2123,0.08284322172403336
2124,0.06358746439218521
2125,0.07202772051095963
2126,0.04078250378370285
2127,0.09186097979545593
2128,0.06659526377916336
2129,0.07461029291152954
2130,0.06680500507354736
2131,0.058731548488140106
2132,0.04722011461853981
2133,0.03746854141354561
2134,0.08288352191448212
2135,0.0786074548959732
2136,0.04496098309755325
2137,0.0516480877995491
2138,0.03183719143271446
2139,0.040923111140728
2140,0.07194321602582932
2141,0.040413983166217804
2142,0.08782568573951721
2143,0.045459944754838943
2144,0.08359376341104507
2145,0.09617902338504791
2146,0.021116802468895912
2147,0.056659501045942307
2148,0.055032916367053986
2149,0.05162713676691055
2150,0.06235375627875328
2151,0.0797097384929657
2152,0.05506114289164543
2153,0.0800580233335495
2154,0.08614999800920486
2155,0.06980106979608536
2156,0.07203028351068497
2157,0.047572314739227295
2158,0.07879038155078888
2159,0.08141887187957764
2160,0.07933013886213303
2161,0.07599107176065445
2162,0.06306759268045425
2163,0.028273722156882286
2164,0.03200654312968254
2165,0.03862913325428963
2166,0.06239158660173416
2167,0.022234447300434113
2168,0.06399241089820862
2169,0.07306904345750809
2170,0.05815219134092331
2171,0.0456906259059906
2172,0.05681817606091499
2173,0.011830541305243969
2174,0.09949630498886108
2175,0.06453928351402283
2176,0.049479346722364426
2177,0.04414942115545273
2178,0.0598975233733654
2179,0.06410787999629974
2180,0.06557939946651459
2181,0.03738434612751007
2182,0.06246865540742874
2183,0.062899149954319
2184,0.07653390616178513
2185,0.033641207963228226
2186,0.08461055904626846
2187,0.017263105139136314
2188,0.09633522480726242
2189,0.11571478843688965
2190,0.0636558085680008
2191,0.046918291598558426
2192,0.06114688143134117
2193,0.08679649978876114
2194,0.037758078426122665
2195,0.09388942271471024
2196,0.05150914937257767
2197,0.034025151282548904
2198,0.05715527758002281
2199,0.06910234689712524
2200,0.027475697919726372
2201,0.06641337275505066
2202,0.09706830978393555
2203,0.0936066210269928
2204,0.07774627208709717
2205,0.07086408883333206
2206,0.05813794583082199
2207,0.08267749100923538
2208,0.045118093490600586
2209,0.07947497814893723
2210,0.05137991905212402
2211,0.07629624009132385
2212,0.014679561369121075
2213,0.04192141443490982
2214,0.06495890766382217
2215,0.09385192394256592
2216,0.06416036188602448
2217,0.04808375611901283
2218,0.0801587626338005
2219,0.0500057153403759
2220,0.10076259076595306
2221,0.08374831825494766
2222,0.0694575309753418
2223,0.024450834840536118
2224,0.08142375946044922
2225,0.0730445459485054
2226,0.05377769470214844
2227,0.056822340935468674
2228,0.05014171078801155
2229,0.07509954273700714
2230,0.08868137747049332
2231,0.04617999121546745
2232,0.08327968418598175
2233,0.049932606518268585
2234,0.07103864848613739
2235,0.06532921642065048
2236,0.07189573347568512
2237,0.07084343582391739
2238,0.08004344254732132
2239,0.02639465034008026
2240,0.09716140478849411
2241,0.05982596427202225
2242,0.044912371784448624
2243,0.042749933898448944
2244,0.07407990097999573
2245,0.03833553567528725
2246,0.07139578461647034
2247,0.05401343107223511
2248,0.04172498360276222
2249,0.02852782979607582
2250,0.05351000279188156
2251,0.08749613910913467
2252,0.09639570116996765
2253,0.07929666340351105
2254,0.06690873950719833
2255,0.044281356036663055
2256,0.04754561558365822
2257,0.07979181408882141
2258,0.07546564936637878
2259,0.05766083300113678
2260,0.08269967138767242
2261,0.09107225388288498
2262,0.008561315946280956
2263,0.07452327013015747
2264,0.09802673012018204
2265,0.040023889392614365
2266,0.06986827403306961
2267,0.04724178835749626
2268,0.08335331827402115
2269,0.07400190085172653
2270,0.0918157771229744
2271,0.050657495856285095
2272,0.02901456132531166
2273,0.06923530250787735
2274,0.07563640177249908
2275,0.07047147303819656
2276,0.036892812699079514
2277,0.07370647042989731
2278,0.05326217785477638
2279,0.06158614903688431
2280,0.0915263369679451
2281,0.04637083038687706
2282,0.04243364557623863
2283,0.06555943936109543
2284,0.08392056822776794
2285,0.09891010820865631
2286,0.08691497892141342
2287,0.08387710899114609
2288,0.06576922535896301
2289,0.09078354388475418
2290,0.036350149661302567
2291,0.04225224256515503
2292,0.07618656754493713
2293,0.035078950226306915
2294,0.042402949184179306
2295,0.06683345884084702
2296,0.04417809471487999
2297,0.0673588290810585
2298,0.08651438355445862
2299,0.05880311504006386
2300,0.08346962183713913
2301,0.07904559373855591
2302,0.0867314338684082
2303,0.04741869494318962
2304,0.08138372749090195
2305,0.04500417411327362
2306,0.07092693448066711
2307,0.044499240815639496
2308,0.07274328917264938
2309,0.08111725747585297
2310,0.07578816264867783
2311,0.07237467914819717
2312,0.053865719586610794
2313,0.04598897695541382
2314,0.05200335010886192
2315,0.045324333012104034
2316,0.049538660794496536
2317,0.04668711498379707
2318,0.028634632006287575
2319,0.07852687686681747
2320,0.1066177561879158
2321,0.04408358410000801
2322,0.038699325174093246
2323,0.06065770611166954
2324,0.09152239561080933
2325,0.052450116723775864
2326,0.06348124891519547
2327,0.058142438530921936
2328,0.03761133924126625
2329,0.058715540915727615
2330,0.07312970608472824
2331,0.07791727781295776
2332,0.07301593571901321
2333,0.05899539962410927
2334,0.07171165943145752
2335,0.09066922962665558
2336,0.05713919177651405
2337,0.08067499101161957
2338,0.06390905380249023
2339,0.08735626190900803
2340,0.048994824290275574
2341,0.07466887682676315
2342,0.07379655539989471
2343,0.0319528691470623
2344,0.05553729832172394
2345,0.0681871697306633
2346,0.07177633047103882
2347,0.0497397854924202
2348,0.07434104382991791
2349,0.08330190181732178
2350,0.06554786115884781
2351,0.11371102929115295
2352,0.08762986212968826
2353,0.0543411560356617
2354,0.06524909287691116
2355,0.05464079603552818
2356,0.05244763195514679
2357,0.04056626185774803
2358,0.07556530088186264
2359,0.07273534685373306
2360,0.06760944426059723
2361,0.06222124770283699
2362,0.07505753636360168
2363,0.019561899825930595
2364,0.09079260379076004
2365,0.07837934046983719
2366,0.05945851281285286
2367,0.03492627665400505
2368,0.08508796989917755
2369,0.048019714653491974
2370,0.07207858562469482
2371,0.0742424875497818
2372,0.04213196411728859
2373,0.0728577971458435
2374,0.031573355197906494
2375,0.05193585529923439
2376,0.04927332326769829
2377,0.06545614451169968
2378,0.07604887336492538
2379,0.059762921184301376
2380,0.05916315317153931
2381,0.03905440866947174
2382,0.07063586264848709
2383,0.07548686116933823
2384,0.08297644555568695
2385,0.051048506051301956
2386,0.07572143524885178
2387,0.03215716406702995
2388,0.031443167477846146
2389,0.05366300791501999
2390,0.07947906851768494
2391,0.05911201238632202
2392,0.12009673565626144
2393,0.050856947898864746
2394,0.07211164385080338
2395,0.0960247814655304
2396,0.061431724578142166
2397,0.03731156140565872
2398,0.07095102220773697
2399,0.047835417091846466
2400,0.025310328230261803
2401,0.08048275858163834
2402,0.051225002855062485
2403,0.08094499260187149
2404,0.0745667889714241
2405,0.06511528789997101
2406,0.10258028656244278
2407,0.08134724199771881
2408,0.039800312370061874
2409,0.06964100897312164
2410,0.0668611228466034
2411,0.08324329555034637
2412,0.05745008960366249
2413,0.06671888381242752
2414,0.04390256479382515
2415,0.08595971018075943
2416,0.06093331053853035
2417,0.00731858192011714
2418,0.07123037427663803
2419,0.07671301066875458
2420,0.0607663132250309
2421,0.08605953305959702
2422,0.08148415386676788
2423,0.07252215594053268
2424,0.05319525673985481
2425,0.06094524636864662
2426,0.05740563943982124
2427,0.031034912914037704
2428,0.0810358002781868
2429,0.07094327360391617
2430,0.09320751577615738
2431,0.04145581275224686
2432,0.06799310445785522
2433,0.11371617764234543
2434,0.07103180140256882
2435,0.06520157307386398
2436,0.062447529286146164
2437,0.018773749470710754
2438,0.05428900197148323
2439,0.07379321753978729
2440,0.07754941284656525
2441,0.08215734362602234
2442,0.07927343994379044
2443,0.029901806265115738
2444,0.06418683379888535
2445,0.04556908831000328
2446,0.05071571096777916
2447,0.07455131411552429
2448,0.08648829907178879
2449,0.04304282367229462
2450,0.04728317633271217
2451,0.03371032699942589
2452,0.0582435317337513
2453,0.07517687231302261
2454,0.08168262988328934
2455,0.0911618024110794
2456,0.08204401284456253
2457,0.07693854719400406
2458,0.05943138897418976
2459,0.09087562561035156
2460,0.04346495494246483
2461,0.07156489044427872
2462,0.08070660382509232
2463,0.08022332191467285
2464,0.08041919767856598
2465,0.06632424890995026
2466,0.0505547896027565
2467,0.05678365007042885
2468,0.06271732598543167
2469,0.07068127393722534
2470,0.09562128782272339
2471,0.08199963718652725
2472,0.05830196663737297
2473,0.027790464460849762
2474,0.07185438275337219
2475,0.05698143318295479
2476,0.06076279655098915
2477,0.0696105808019638
2478,0.0835302546620369
2479,0.0798816829919815
2480,0.08529416471719742
2481,0.0663970559835434
2482,0.07323238253593445
2483,0.04702293500304222
2484,0.0376424714922905
2485,0.0726279690861702
2486,0.07274965941905975
2487,0.07846634835004807
2488,0.07651810348033905
2489,0.10532638430595398
2490,0.05142294988036156
2491,0.018769869580864906
2492,0.060000307857990265
2493,0.07170557230710983
2494,0.059168994426727295
2495,0.06605061888694763
2496,0.07727004587650299
2497,0.06973626464605331
2498,0.08345500379800797
2499,0.06916334480047226
2500,0.06670434027910233
2501,0.06164829060435295
2502,0.07091942429542542
2503,0.07959719002246857
2504,0.08014430105686188
2505,0.0893571600317955
2506,0.07824353873729706
2507,0.08105826377868652
2508,0.0954836830496788
2509,0.045016150921583176
2510,0.0692601352930069
2511,0.061473309993743896
2512,0.08281304687261581
2513,0.0757850706577301
2514,0.03675242140889168
2515,0.06303872168064117
2516,0.06904266029596329
2517,0.09919381141662598
2518,0.05690350756049156
2519,0.049680519849061966
2520,0.0792975202202797
2521,0.03340081125497818
2522,0.0705672949552536
2523,0.054324425756931305
2524,0.06408923864364624
2525,0.041430167853832245
2526,0.08253063261508942
2527,0.07109005749225616
2528,0.07353311777114868
2529,0.08434663712978363
2530,0.05908398702740669
2531,0.07313152402639389
2532,0.04639125242829323
2533,0.07247737795114517
2534,0.08810797333717346
2535,0.04766298085451126
2536,0.06724414974451065
2537,0.07073851674795151
2538,0.0171117652207613
2539,0.049662258476018906
2540,0.014433594420552254
2541,0.0667479932308197
2542,0.10199712216854095
2543,0.05931005999445915
2544,0.04507795721292496
2545,0.0907631516456604
2546,0.08949527889490128
2547,0.05268408730626106
2548,0.06766844540834427
2549,0.06530127674341202
2550,0.07239746302366257
2551,0.04952782392501831
2552,0.07200209051370621
2553,0.08784011751413345
2554,0.02536660246551037
2555,0.07562748342752457
2556,0.06423471122980118
2557,0.07069138437509537
2558,0.06847885251045227
2559,0.07761582732200623
2560,0.08100881427526474
2561,0.07161438465118408
2562,0.11423824727535248
2563,0.08594705909490585
2564,0.07118555158376694
2565,0.05402879789471626
2566,0.08470415323972702
2567,0.06835008412599564
2568,0.07235950231552124
2569,0.04773741215467453
2570,0.0828099176287651
2571,0.07102416455745697
2572,0.07913601398468018
2573,0.07637026160955429
2574,0.0522470660507679
2575,0.04965510591864586
2576,0.08013109117746353
2577,0.06403802335262299
2578,0.10122538357973099
2579,0.049413230270147324
2580,0.08169469982385635
2581,0.07739226520061493
2582,0.07298114150762558
2583,0.05347756668925285
2584,0.07735337316989899
2585,0.06154314801096916
2586,0.042673707008361816
2587,0.05467510595917702
2588,0.07306728512048721
2589,0.05673316493630409
2590,0.05441888049244881
2591,0.0659799873828888
2592,0.04425046592950821
2593,0.05913764238357544
2594,0.06452340632677078
2595,0.04552733153104782
2596,0.10190722346305847
2597,0.07131132483482361
2598,0.07449821382761002
2599,0.06378510594367981
2600,0.06537330895662308
2601,0.05727200582623482
2602,0.06236159801483154
2603,0.06260419636964798
2604,0.06687092036008835
2605,0.06518054008483887
2606,0.07140837609767914
2607,0.05714908614754677
2608,0.06820210069417953
2609,0.08130957186222076
2610,0.06228530406951904
2611,0.05554889887571335
2612,0.0860116109251976
2613,0.08031360059976578
2614,0.03692428395152092
2615,0.08395365625619888
2616,0.03918364271521568
2617,0.02273591421544552
2618,0.09037376940250397
2619,0.037665724754333496
2620,0.06188736483454704
2621,0.07560243457555771
2622,0.08079416304826736
2623,0.04219521954655647
2624,0.07340410351753235
2625,0.060620903968811035
2626,0.0658528283238411
2627,0.05550416186451912
2628,0.06077142059803009
2629,0.04611125960946083
2630,0.07114285975694656
2631,0.00981499906629324
2632,0.05344289913773537
2633,0.040998972952365875
2634,0.0566316582262516
2635,0.0500924177467823
2636,0.07537636905908585
2637,0.07458443939685822
2638,0.09265638887882233
2639,0.07982753217220306
2640,0.11340446025133133
2641,0.07024148106575012
2642,0.08855888992547989
2643,0.07331927865743637
2644,0.07536926865577698
2645,0.094569131731987
2646,0.06185012310743332
2647,0.037060465663671494
2648,0.0478006973862648
2649,0.03564590588212013
2650,0.05463768169283867
2651,0.05081852898001671
2652,0.06060536578297615
2653,0.08344332873821259
2654,0.04872047156095505
2655,0.10239600390195847
2656,0.06140883266925812
2657,0.04415297508239746
2658,0.07071015983819962
2659,0.10209587961435318
2660,0.025287801399827003
2661,0.0488603338599205
2662,0.08722753822803497
2663,0.09072914719581604
2664,0.06171048432588577
2665,0.06839583814144135
2666,0.0703544020652771
2667,0.07121160626411438
2668,0.09004006534814835
2669,0.0585097074508667
2670,0.02219568006694317
2671,0.056564681231975555
2672,0.07273995876312256
2673,0.05731642246246338
2674,0.05862988904118538
2675,0.08174983412027359
2676,0.049641821533441544
2677,0.04505437612533569
2678,0.013931512832641602
2679,0.06706841289997101
2680,0.08272454887628555
2681,0.07770953327417374
2682,0.09000791609287262
2683,0.07425427436828613
2684,0.05129732936620712
2685,0.074752077460289
2686,0.06832262873649597
2687,0.07854112237691879
2688,0.06248966231942177
2689,0.020165197551250458
2690,0.10554099082946777
2691,0.03584872558712959
2692,0.07074838131666183
2693,0.06047401204705238
2694,0.049758244305849075
2695,0.017770856618881226
2696,0.0567045621573925
2697,0.06023048609495163
2698,0.04436817392706871
2699,0.0721462294459343
2700,0.05615966394543648
2701,0.02764059230685234
2702,0.030859239399433136
2703,0.07143958657979965
2704,0.09548244625329971
2705,0.0994059219956398
2706,0.07125003635883331
2707,0.03523958846926689
2708,0.09006830304861069
2709,0.054065436124801636
2710,0.07261861860752106
2711,0.06677662581205368
2712,0.09380699694156647
2713,0.06591394543647766
2714,0.049083162099123
2715,0.04919524863362312
2716,0.01895449124276638
2717,0.10783051699399948
2718,0.046432748436927795
2719,0.07912273705005646
2720,0.07344264537096024
2721,0.08267540484666824
2722,0.06492577493190765
2723,0.06501396745443344
2724,0.07085273414850235
2725,0.06342604756355286
2726,0.02392638847231865
2727,0.07953470200300217
2728,0.059943437576293945
2729,0.05146487057209015
2730,0.07482931762933731
2731,0.08250004798173904
2732,0.05487748607993126
2733,0.1028403714299202
2734,0.030138138681650162
2735,0.08773722499608994
2736,0.0704093724489212
2737,0.03362933546304703
2738,0.05923186615109444
2739,0.05373126640915871
2740,0.07421904057264328
2741,0.06815628707408905
2742,0.03961220383644104
2743,0.046957310289144516
2744,0.06448246538639069
2745,0.06904701143503189
2746,0.05355449393391609
2747,0.07639172673225403
2748,0.09336374700069427
2749,0.031186379492282867
2750,0.07316655665636063
2751,0.08094511181116104
2752,0.06751680374145508
2753,0.10585043579339981
2754,0.08710063248872757
2755,0.08516203612089157
2756,0.08366135507822037
2757,0.03287059813737869
2758,0.06870285421609879
2759,0.03938604146242142
2760,0.06699354201555252
2761,0.04071006923913956
2762,0.04167487472295761
2763,0.045273177325725555
2764,0.05792688578367233
2765,0.05139333754777908
2766,0.062208641320466995
2767,0.052250832319259644
2768,0.0669671967625618
2769,0.0631101131439209
2770,0.05930702015757561
2771,0.0889940932393074
2772,0.07281984388828278
2773,0.07953619956970215
2774,0.04323463886976242
2775,0.044122885912656784
2776,0.05495370924472809
2777,0.0797477662563324
2778,0.08156654983758926
2779,0.05160908028483391
2780,0.05697433277964592
2781,0.09802291542291641
2782,0.0645059123635292
2783,0.06530868262052536
2784,0.1149769127368927
2785,0.049615345895290375
2786,0.05929425731301308
2787,0.07273637503385544
2788,0.07103553414344788
2789,0.08990145474672318
2790,0.07376835495233536
2791,0.055539391934871674
2792,0.04322405904531479
2793,0.054234232753515244
2794,0.0810476690530777
2795,0.019877487793564796
2796,0.06114094704389572
2797,0.07310990989208221
2798,0.06849008798599243
2799,0.07906041294336319
2800,0.03864577040076256
2801,0.08608017861843109
2802,0.08122316002845764
2803,0.02151239849627018
2804,0.06612000614404678
2805,0.05935968831181526
2806,0.05895814672112465
2807,0.05212950333952904
2808,0.0854894295334816
2809,0.07668957114219666
2810,0.050456441938877106
2811,0.057826850563287735
2812,0.06576960533857346
2813,0.07754625380039215
2814,0.07115522027015686
2815,0.05133577063679695
2816,0.042259182780981064
2817,0.06378539651632309
2818,0.07218758016824722
2819,0.048275597393512726
2820,0.07537484169006348
2821,0.0316644050180912
2822,0.023239629343152046
2823,0.0645463839173317
2824,0.03168673440814018
2825,0.06939639151096344
2826,0.07170390337705612
2827,0.07071851193904877
2828,0.05305361747741699
2829,0.06488560140132904
2830,0.062335532158613205
2831,0.09002063423395157
2832,0.04830611124634743
2833,0.04075216129422188
2834,0.07767679542303085
2835,0.01790061593055725
2836,0.03028828836977482
2837,0.0588504858314991
2838,0.05703236535191536
2839,0.013153640553355217
2840,0.054799120873212814
2841,0.07038792222738266
2842,0.07598049938678741
2843,0.042177341878414154
2844,0.0673266053199768
2845,0.06214262545108795
2846,0.04055638983845711
2847,0.03146578371524811
2848,0.05480838567018509
2849,0.058716315776109695
2850,0.0657821074128151
2851,0.05997397005558014
2852,0.08573658764362335
2853,0.05393427982926369
2854,0.08942218124866486
2855,0.04671206697821617
2856,0.06521632522344589
2857,0.014939084649085999
2858,0.0806925892829895
2859,0.056225452572107315
2860,0.06924217194318771
2861,0.035207513719797134
2862,0.06039920076727867
2863,0.07396898418664932
2864,0.07789607346057892
2865,0.08158397674560547
2866,0.06712811440229416
2867,0.05900410935282707
2868,0.07626276463270187
2869,0.06732583045959473
2870,0.10582683235406876
2871,0.01395080704241991
2872,0.0483119897544384
2873,0.07601328939199448
2874,0.07149676978588104
2875,0.016608549281954765
2876,0.05308220162987709
2877,0.028477970510721207
2878,0.02100236341357231
2879,0.0755850300192833
2880,0.06153995543718338
2881,0.054327186197042465
2882,0.08738844841718674
2883,0.0560859851539135
2884,0.07806871086359024
2885,0.08391554653644562
2886,0.06621105223894119
2887,0.07862930744886398
2888,0.072230763733387
2889,0.040023837238550186
2890,0.08666668832302094
2891,0.08531414717435837
2892,0.06187819689512253
2893,0.06185971572995186
2894,0.07713191956281662
2895,0.06175454333424568
2896,0.07724731415510178
2897,0.05463690310716629
2898,0.0664074644446373
2899,0.05190293490886688
2900,0.08548001199960709
2901,0.06601499021053314
2902,0.06213611364364624
2903,0.036980386823415756
2904,0.09176109731197357
2905,0.06868014484643936
2906,0.03178523853421211
2907,0.06732235103845596
2908,0.029698282480239868
2909,0.08186278492212296
2910,0.0909242108464241
2911,0.06809128820896149
2912,0.07530239224433899
2913,0.07006459683179855
2914,0.021230900660157204
2915,0.08207409083843231
2916,0.04300101473927498
2917,0.047627322375774384
2918,0.07255152612924576
2919,0.045921821147203445
2920,0.051798392087221146
2921,0.03597842529416084
2922,0.08443199098110199
2923,0.015094665810465813
2924,0.07493511587381363
2925,0.077225461602211
2926,0.056321363896131516
2927,0.07750916481018066
2928,0.029388265684247017
2929,0.06961900740861893
2930,0.04222823679447174
2931,0.0672786608338356
2932,0.06665776669979095
2933,0.06862735748291016
2934,0.024067094549536705
2935,0.09167072921991348
2936,0.0360727459192276
2937,0.08081816881895065
2938,0.08029098063707352
2939,0.03918026015162468
2940,0.04886656254529953
2941,0.08098571002483368
2942,0.07452575117349625
2943,0.07199300825595856
2944,0.08292136341333389
2945,0.05198248103260994
2946,0.07945125550031662
2947,0.06599374860525131
2948,0.07072757184505463
2949,0.09116297215223312
2950,0.06077035143971443
2951,0.07917720824480057
2952,0.02208356000483036
2953,0.08082335442304611
2954,0.08528084307909012
2955,0.07931848615407944
2956,0.05608377978205681
2957,0.07556813955307007
2958,0.09066987037658691
2959,0.04321758821606636
2960,0.06616709381341934
2961,0.07122133672237396
2962,0.06627781689167023
2963,0.06496898829936981
2964,0.097333624958992
2965,0.08842221647500992
2966,0.07508299499750137
2967,0.08933709561824799
2968,0.05260622873902321
2969,0.08813367038965225
2970,0.06903432309627533
2971,0.06022258475422859
2972,0.07441636174917221
2973,0.04656117036938667
2974,0.0889323502779007
2975,0.08057590574026108
2976,0.05829504504799843
2977,0.07952859252691269
2978,0.06564389169216156
2979,0.07511385530233383
2980,0.030224379152059555
2981,0.026181647554039955
2982,0.065493144094944
2983,0.09341908991336823
2984,0.05545618012547493
2985,0.07240922749042511
2986,0.06491737812757492
2987,0.0889001190662384
2988,0.03854607045650482
2989,0.07524958997964859
2990,0.0663968175649643
2991,0.07722901552915573
2992,0.06929522752761841
2993,0.07487498223781586
2994,0.08005940169095993
2995,0.09732898324728012
2996,0.07016265392303467
2997,0.0284518264234066
2998,0.033139340579509735
2999,0.07440284639596939
3000,0.06653936952352524
3001,0.09316620230674744
3002,0.07264839857816696
3003,0.05548090487718582
3004,0.04814522713422775
3005,0.08979930728673935
3006,0.04246808588504791
3007,0.07437504827976227
3008,0.0425073467195034
3009,0.07479032129049301
3010,0.04010605812072754
3011,0.07677704095840454
3012,0.08407954126596451
3013,0.05300417169928551
3014,0.09807530045509338
3015,0.08323583751916885
3016,0.08393833041191101
3017,0.08285357803106308
3018,0.10454286634922028
3019,0.026268495246767998
3020,0.04706503823399544
3021,0.026762597262859344
3022,0.07158804684877396
3023,0.07100092619657516
3024,0.09133003652095795
3025,0.032167039811611176
3026,0.07150580734014511
3027,0.029860934242606163
3028,0.06056426838040352
3029,0.07879585027694702
3030,0.06641557067632675
3031,0.05969453603029251
3032,0.08063464611768723
3033,0.046735964715480804
3034,0.0770106092095375
3035,0.06023459509015083
3036,0.09060461074113846
3037,0.05234577879309654
3038,0.07632261514663696
3039,0.03771062567830086
3040,0.04308072850108147
3041,0.05319327861070633
3042,0.01846224069595337
3043,0.07213301956653595
3044,0.06984870135784149
3045,0.08305591344833374
3046,0.08377442508935928
3047,0.06354684382677078
3048,0.06442362070083618
3049,0.05346513167023659
3050,0.06623636931180954
3051,0.07384371757507324
3052,0.11850106716156006
3053,0.06601371616125107
3054,0.09456411004066467
3055,0.06089630350470543
3056,0.08024069666862488
3057,0.08154869079589844
3058,0.10039180517196655
3059,0.049929674714803696
3060,0.07248910516500473
3061,0.10308796167373657
3062,0.08157340437173843
3063,0.07392317056655884
3064,0.02893938682973385
3065,0.0628005638718605
3066,0.05016820877790451
3067,0.09030064195394516
3068,0.02680775709450245
3069,0.06596699357032776
3070,0.03741136193275452
3071,0.07102999091148376
3072,0.02257266268134117
3073,0.09161171317100525
3074,0.08663780242204666
3075,0.06949088722467422
3076,0.028130322694778442
3077,0.1010708287358284
3078,0.07497010380029678
3079,0.0754651203751564
3080,0.052819158881902695
3081,0.061004288494586945
3082,0.05066854506731033
3083,0.03867124393582344
3084,0.04409368336200714
3085,0.0338643342256546
3086,0.088385671377182
3087,0.06967606395483017
3088,0.03767910972237587
3089,0.07701990753412247
3090,0.06626097857952118
3091,0.07958873361349106
3092,0.06148533150553703
3093,0.02773904614150524
3094,0.048861805349588394
3095,0.052397243678569794
3096,0.06891141831874847
3097,0.08314411342144012
3098,0.07190369814634323
3099,0.061317119747400284
3100,0.03583330661058426
3101,0.06767912209033966
3102,0.09549817442893982
3103,0.062312450259923935
3104,0.0801994577050209
3105,0.09301543235778809
3106,0.0507182702422142
3107,0.06337634474039078
3108,0.08271870762109756
3109,0.041153684258461
3110,0.07255140691995621
3111,0.06410940736532211
3112,0.07770247012376785
3113,0.06454453617334366
3114,0.06770817190408707
3115,0.07968633621931076
3116,0.01985243707895279
3117,0.0793452113866806
3118,0.03990330174565315
3119,0.07440482079982758
3120,0.018348826095461845
3121,0.024305908009409904
3122,0.049296099692583084
3123,0.08108571916818619
3124,0.08125308901071548
3125,0.10433290153741837
3126,0.06771576404571533
3127,0.05722133442759514
3128,0.10527730733156204
3129,0.07422947883605957
3130,0.055896859616041183
3131,0.07084133476018906
3132,0.08490732312202454
3133,0.0799577534198761
3134,0.0677613690495491
3135,0.06789282709360123
3136,0.05580438673496246
3137,0.04541069641709328
3138,0.054907042533159256
3139,0.07567059993743896
3140,0.08099597692489624
3141,0.09406806528568268
3142,0.07598788291215897
3143,0.03426772728562355
3144,0.08004244416952133
3145,0.020435042679309845
3146,0.08317124843597412
3147,0.0698351040482521
3148,0.06324074417352676
3149,0.08289656043052673
3150,0.08389071375131607
3151,0.062099386006593704
3152,0.0479600615799427
3153,0.07926104962825775
3154,0.07079843431711197
3155,0.06098783016204834
3156,0.05011611804366112
3157,0.0705634132027626
3158,0.0751323252916336
3159,0.08557702600955963
3160,0.09706089645624161
3161,0.07941748946905136
3162,0.07744388282299042
3163,0.07164784520864487
3164,0.08309522271156311
3165,0.0660763531923294
3166,0.048940084874629974
3167,0.06730399280786514
3168,0.0398738831281662
3169,0.05848943069577217
3170,0.05927397683262825
3171,0.0631549134850502
3172,0.06971622258424759
3173,0.05894121900200844
3174,0.05841365084052086
3175,0.06929565221071243
3176,0.07300613820552826
3177,0.05701186880469322
3178,0.0659378319978714
3179,0.06165679171681404
3180,0.0651533231139183
3181,0.0820159837603569
3182,0.018693875521421432
3183,0.030542591586709023
3184,0.07729280740022659
3185,0.07456779479980469
3186,0.0675843134522438
3187,0.06747198104858398
3188,0.04246101900935173
3189,0.055526819080114365
3190,0.0885719433426857
3191,0.08627287298440933
3192,0.08267629146575928
3193,0.08441371470689774
3194,0.026318801566958427
3195,0.056997764855623245
3196,0.09247678518295288
3197,0.07174672186374664
3198,0.012977826409041882
3199,0.051211290061473846
3200,0.07103155553340912
3201,0.02617993764579296
3202,0.04856790602207184
3203,0.08400049805641174
3204,0.03314538300037384
3205,0.07256212830543518
3206,0.06611604243516922
3207,0.0298019889742136
3208,0.053578153252601624
3209,0.08370280265808105
3210,0.06203165277838707
3211,0.07083169370889664
3212,0.055352821946144104
3213,0.06986663490533829
3214,0.07834989577531815
3215,0.06587987393140793
3216,0.05925767496228218
3217,0.04669495299458504
3218,0.054617296904325485
3219,0.050676558166742325
3220,0.080012746155262
3221,0.058840591460466385
3222,0.06937406212091446
3223,0.08091095834970474
3224,0.04761071875691414
3225,0.10360948741436005
3226,0.07505946606397629
3227,0.07936148345470428
3228,0.050986699759960175
3229,0.08601733297109604
3230,0.10035634785890579
3231,0.04362165927886963
3232,0.061130113899707794
3233,0.06777849048376083
3234,0.08794926106929779
3235,0.07750771194696426
3236,0.09391018748283386
3237,0.08348599821329117
3238,0.08178894221782684
3239,0.04895011708140373
3240,0.0797693282365799
3241,0.07059351354837418
3242,0.07854150980710983
3243,0.07073409855365753
3244,0.048518285155296326
3245,0.07362356781959534
3246,0.09510792791843414
3247,0.08042199909687042
3248,0.08751944452524185
3249,0.14208465814590454
3250,0.09405621886253357
3251,0.05791347473859787
3252,0.036377862095832825
3253,0.07396656274795532
3254,0.09454548358917236
3255,0.029419025406241417
3256,0.07038836926221848
3257,0.060664575546979904
3258,0.0833529606461525
3259,0.07453727722167969
3260,0.04383118823170662
3261,0.09009353816509247
3262,0.06860838830471039
3263,0.0844622328877449
3264,0.07455236464738846
3265,0.07451031357049942
3266,0.05497517064213753
3267,0.034594301134347916
3268,0.09806226938962936
3269,0.06124870106577873
3270,0.05065082013607025
3271,0.0584237240254879
3272,0.04036455228924751
3273,0.07873328030109406
3274,0.07629846781492233
3275,0.06698033213615417
3276,0.08539137989282608
3277,0.03574305772781372
3278,0.04059240221977234
3279,0.03711358830332756
3280,0.06820518523454666
3281,0.027403324842453003
3282,0.05973290652036667
3283,0.06734777987003326
3284,0.07013320922851562
3285,0.05542702227830887
3286,0.07140987366437912
3287,0.08389471471309662
3288,0.03570017218589783
3289,0.09335657209157944
3290,0.07506400346755981
3291,0.02196650207042694
3292,0.08379923552274704
3293,0.016273880377411842
3294,0.08234477788209915
3295,0.07716159522533417
3296,0.08755134046077728
3297,0.01911686547100544
3298,0.07711297273635864
3299,0.02617896907031536
3300,0.03718797490000725
3301,0.08411041647195816
3302,0.05249740183353424
3303,0.07635322958230972
3304,0.08963731676340103
3305,0.06157134845852852
3306,0.04262359440326691
3307,0.08826947212219238
3308,0.07489139586687088
3309,0.04793795570731163
3310,0.049918703734874725
3311,0.04331596568226814
3312,0.04032072797417641
3313,0.056030526757240295
3314,0.051267530769109726
3315,0.07329045236110687
3316,0.06895575672388077
3317,0.0561482235789299
3318,0.03801007568836212
3319,0.07561708986759186
3320,0.07142223417758942
3321,0.08401799947023392
3322,0.06381960213184357
3323,0.06453637778759003
3324,0.07512582093477249
3325,0.07117237895727158
3326,0.06260855495929718
3327,0.052107930183410645
3328,0.07306432723999023
3329,0.10201206803321838
3330,0.09800387918949127
3331,0.06994742900133133
3332,0.10555578768253326
3333,0.07681552320718765
3334,0.01859358325600624
3335,0.04789760336279869
3336,0.0771893709897995
3337,0.04580669105052948
3338,0.1011291891336441
3339,0.07189968973398209
3340,0.054951418191194534
3341,0.077262282371521
3342,0.05193132534623146
3343,0.051604826003313065
3344,0.06556152552366257
3345,0.03804176300764084
3346,0.07989690452814102
3347,0.05968387797474861
3348,0.06230567768216133
3349,0.06968357414007187
3350,0.07988739758729935
3351,0.04443689063191414
3352,0.054612670093774796
3353,0.04774775728583336
3354,0.03557305037975311
3355,0.07454529404640198
3356,0.06715893745422363
3357,0.07917895913124084
3358,0.06515593081712723
3359,0.06962845474481583
3360,0.05705787241458893
3361,0.03789084032177925
3362,0.045005254447460175
3363,0.045022640377283096
3364,0.030792322009801865
3365,0.06752917915582657
3366,0.08517609536647797
3367,0.03232165426015854
3368,0.05685516819357872
3369,0.025647226721048355
3370,0.032548654824495316
3371,0.0729164257645607
3372,0.04432249814271927
3373,0.05835521221160889
3374,0.06712136417627335
3375,0.050288304686546326
3376,0.08645724505186081
3377,0.03687821701169014
3378,0.0661892220377922
3379,0.07111520320177078
3380,0.06591080129146576
3381,0.0842348113656044
3382,0.03162505850195885
3383,0.058977916836738586
3384,0.0683351680636406
3385,0.041957516223192215
3386,0.07060018926858902
3387,0.06614157557487488
3388,0.07472459971904755
3389,0.05548711121082306
3390,0.08371943980455399
3391,0.07657863199710846
3392,0.058147694915533066
3393,0.028138061985373497
3394,0.061210546642541885
3395,0.05764607712626457
3396,0.05929720401763916
3397,0.08785668760538101
3398,0.06785085052251816
3399,0.09102371335029602
3400,0.09459073096513748
3401,0.07160864025354385
3402,0.04449083283543587
3403,0.02643551491200924
3404,0.08152159303426743
3405,0.07847677916288376
3406,0.07630596309900284
3407,0.08049936592578888
3408,0.08354738354682922
3409,0.07590065151453018
3410,0.06658783555030823
3411,0.06920352578163147
3412,0.1089283749461174
3413,0.01772003248333931
3414,0.07348638027906418
3415,0.085431769490242
3416,0.06707565486431122
3417,0.07711739093065262
3418,0.06839559227228165
3419,0.08753969520330429
3420,0.08796342462301254
3421,0.04214227944612503
3422,0.06602662801742554
3423,0.07688391208648682
3424,0.012919523753225803
3425,0.042515553534030914
3426,0.0808977261185646
3427,0.07116635888814926
3428,0.04073553532361984
3429,0.08814916759729385
3430,0.0777660682797432
3431,0.0713561549782753
3432,0.06596022099256516
3433,0.06303318589925766
3434,0.048586878925561905
3435,0.057662785053253174
3436,0.06306636333465576
3437,0.0831495150923729
3438,0.048148561269044876
3439,0.07570529729127884
3440,0.07965705543756485
3441,0.07002084702253342
3442,0.04184015467762947
3443,0.07034603506326675
3444,0.08501694351434708
3445,0.05714807286858559
3446,0.032141659408807755
3447,0.04648847505450249
3448,0.06120831519365311
3449,0.07120268046855927
3450,0.0491209477186203
3451,0.07874105870723724
3452,0.088527150452137
3453,0.06466015428304672
3454,0.08857093751430511
3455,0.07764457911252975
3456,0.014395488426089287
3457,0.05979369208216667
3458,0.08161593973636627
3459,0.08222106844186783
3460,0.0759013295173645
3461,0.08229556679725647
3462,0.10102300345897675
3463,0.05828048661351204
3464,0.07819899171590805
3465,0.06065817549824715
3466,0.04840058088302612
3467,0.034728437662124634
3468,0.05225865915417671
3469,0.09092632681131363
3470,0.07153477519750595
3471,0.05289938300848007
3472,0.0618164949119091
3473,0.059566956013441086
3474,0.05013870447874069
3475,0.08191931992769241
3476,0.09158479422330856
3477,0.04568599909543991
3478,0.06450293958187103
3479,0.052268583327531815
3480,0.04987474903464317
3481,0.03651249781250954
3482,0.05910211801528931
3483,0.04742324352264404
3484,0.07017741352319717
3485,0.020187590271234512
3486,0.05779806897044182
3487,0.07105554640293121
3488,0.039184726774692535
3489,0.04880566522479057
3490,0.05018775537610054
3491,0.0710933580994606
3492,0.09403698891401291
3493,0.0682402178645134
3494,0.05123127996921539
3495,0.015301229432225227
3496,0.07705466449260712
3497,0.03595801070332527
3498,0.05634716525673866
3499,0.05374117195606232
3500,0.07221698015928268
3501,0.07084914296865463
3502,0.03488432243466377
3503,0.06670213490724564
3504,0.033441975712776184
3505,0.0734361931681633
3506,0.07089989632368088
3507,0.07760272175073624
3508,0.061140406876802444
3509,0.05331741273403168
3510,0.0627390518784523
3511,0.0248428788036108
3512,0.05808079242706299
3513,0.057589009404182434
3514,0.08764955401420593
3515,0.0908951610326767
3516,0.05854841694235802
3517,0.07424452155828476
3518,0.06888890266418457
3519,0.08265140652656555
3520,0.06358274072408676
3521,0.05352627858519554
3522,0.06432698667049408
3523,0.04464902728796005
3524,0.04602256044745445
3525,0.07282048463821411
3526,0.0311537217348814
3527,0.018161499872803688
3528,0.0583076998591423
3529,0.07098101079463959
3530,0.07108458131551743
3531,0.08406911790370941
3532,0.04214238002896309
3533,0.0608721561729908
3534,0.0653371512889862
3535,0.06382355839014053
3536,0.07205619663000107
3537,0.07194887101650238
3538,0.06983136385679245
3539,0.03978748247027397
3540,0.08621563762426376
3541,0.08234363049268723
3542,0.01765386201441288
3543,0.09764213860034943
3544,0.03318329527974129
3545,0.09253491461277008
3546,0.10607340931892395
3547,0.039567988365888596
3548,0.06393694877624512
3549,0.014556639827787876
3550,0.04218185693025589
3551,0.06663016229867935
3552,0.024111352860927582
3553,0.09045486897230148
3554,0.028628796339035034
3555,0.08272282779216766
3556,0.04824473336338997
3557,0.04617879167199135
3558,0.0705668032169342
3559,0.06929884850978851
3560,0.04705315828323364
3561,0.05399111285805702
3562,0.0988968163728714
3563,0.060911085456609726
3564,0.09564962983131409
3565,0.0694907084107399
3566,0.08674486726522446
3567,0.06073885038495064
3568,0.06749776005744934
3569,0.10577908903360367
3570,0.05813557654619217
3571,0.09544873237609863
3572,0.04151620343327522
3573,0.05660264939069748
3574,0.03498997911810875
3575,0.04412129148840904
3576,0.07522531598806381
3577,0.03750680759549141
3578,0.0746702328324318
3579,0.05449806526303291
3580,0.0476393960416317
3581,0.014268577098846436
3582,0.07503566890954971
3583,0.07244116067886353
3584,0.038426391780376434
3585,0.09045839309692383
3586,0.07564080506563187
3587,0.0824294164776802
3588,0.08662042766809464
3589,0.035533830523490906
3590,0.07736318558454514
3591,0.04068966582417488
3592,0.0534152016043663
3593,0.04160354658961296
3594,0.07942260056734085
3595,0.022798340767621994
3596,0.0523575022816658
3597,0.06705226004123688
3598,0.07400373369455338
3599,0.07803463935852051
3600,0.0815654918551445
3601,0.10841894149780273
3602,0.07274994999170303
3603,0.07857516407966614
3604,0.024089809507131577
3605,0.05981156602501869
3606,0.07723060250282288
3607,0.08447118103504181
3608,0.050363946706056595
3609,0.07255875319242477
3610,0.06092383340001106
3611,0.06405762583017349
3612,0.0809568390250206
3613,0.055677760392427444
3614,0.03346210718154907
3615,0.044671714305877686
3616,0.07908031344413757
3617,0.015698030591011047
3618,0.07482338696718216
3619,0.06403350830078125
3620,0.028284559026360512
3621,0.11241454631090164
3622,0.06447017192840576
3623,0.031959906220436096
3624,0.07840275019407272
3625,0.06579451262950897
3626,0.05019790679216385
3627,0.053755391389131546
3628,0.08483027666807175
3629,0.05794236436486244
3630,0.09523752331733704
3631,0.04441007599234581
3632,0.09121844917535782
3633,0.08007102459669113
3634,0.07651267945766449
3635,0.03795281797647476
3636,0.06806022673845291
3637,0.0333990640938282
3638,0.05604099482297897
3639,0.07066542655229568
3640,0.07389835268259048
3641,0.0869397446513176
3642,0.013016264885663986
3643,0.08497444540262222
3644,0.08851531893014908
3645,0.0755796805024147
3646,0.08277782052755356
3647,0.07741063833236694
3648,0.046688783913850784
3649,0.013095577247440815
3650,0.08308238536119461
3651,0.07933589071035385
3652,0.0732441321015358
3653,0.06742778420448303
3654,0.049667708575725555
3655,0.03822577744722366
3656,0.027211854234337807
3657,0.06900117546319962
3658,0.03445464372634888
3659,0.06446965783834457
3660,0.04169859364628792
3661,0.08890591561794281
3662,0.05447069928050041
3663,0.07596834003925323
3664,0.08704282343387604
3665,0.048061490058898926
3666,0.08284290134906769
3667,0.016024449840188026
3668,0.07010088115930557
3669,0.07136235386133194
3670,0.06882432103157043
3671,0.07542835175991058
3672,0.05819084867835045
3673,0.10433509945869446
3674,0.06701773405075073
3675,0.07765351235866547
3676,0.03022894635796547
3677,0.07695034891366959
3678,0.052418146282434464
3679,0.05249164626002312
3680,0.05521451309323311
3681,0.06754080951213837
3682,0.06180701032280922
3683,0.07554467767477036
3684,0.07708866894245148
3685,0.07357929646968842
3686,0.07763016223907471
3687,0.07152251899242401
3688,0.04362332820892334
3689,0.06642257422208786
3690,0.08617360889911652
3691,0.03338855132460594
3692,0.04048658534884453
3693,0.06942479312419891
3694,0.07457641512155533
3695,0.06210371479392052
3696,0.08701024949550629
3697,0.03595744073390961
3698,0.09156845510005951
3699,0.08041252195835114
3700,0.11864646524190903
3701,0.08227601647377014
3702,0.07158144563436508
3703,0.011070843786001205
3704,0.07370662689208984
3705,0.09929084777832031
3706,0.07567944377660751
3707,0.04903116077184677
3708,0.0644262433052063
3709,0.07440364360809326
3710,0.03881871700286865
3711,0.053928203880786896
3712,0.06008840352296829
3713,0.07478540390729904
3714,0.06682605296373367
3715,0.026938186958432198
3716,0.07938424497842789
3717,0.04395326226949692
3718,0.0435902401804924
3719,0.06657199561595917
3720,0.0636148750782013
3721,0.038439519703388214
3722,0.062385398894548416
3723,0.06632321327924728
3724,0.07603014260530472
3725,0.03493274003267288
3726,0.06429580599069595
3727,0.08648686110973358
3728,0.06680040061473846
3729,0.06972827017307281
3730,0.047187719494104385
3731,0.03208155557513237
3732,0.084058977663517
3733,0.08108951151371002
3734,0.060334961861371994
3735,0.06948137283325195
3736,0.06616028398275375
3737,0.07740266621112823
3738,0.05156879499554634
3739,0.09542671591043472
3740,0.05059942975640297
3741,0.047218985855579376
3742,0.0561838336288929
3743,0.0707414299249649
3744,0.05091742426156998
3745,0.08411287516355515
3746,0.09348718076944351
3747,0.035403937101364136
3748,0.0983952209353447
3749,0.0720859095454216
3750,0.07076616585254669
3751,0.07438327372074127
3752,0.05861833319067955
3753,0.07042485475540161
3754,0.054692793637514114
3755,0.027742454782128334
3756,0.07972634583711624
3757,0.06855793297290802
3758,0.0742117166519165
3759,0.03145087882876396
3760,0.10425177961587906
3761,0.07791870832443237
3762,0.07384616136550903
3763,0.06307096034288406
3764,0.08966527134180069
3765,0.04163186997175217
3766,0.029459472745656967
3767,0.02046007663011551
3768,0.0674295723438263
3769,0.06946781277656555
3770,0.0409100316464901
3771,0.07290098816156387
3772,0.07767311483621597
3773,0.10961486399173737
3774,0.07989389449357986
3775,0.07261563837528229
3776,0.05428330972790718
3777,0.07052785158157349
3778,0.040807731449604034
3779,0.07115951925516129
3780,0.049001846462488174
3781,0.09254541248083115
3782,0.03763263300061226
3783,0.06740216165781021
3784,0.03912024945020676
3785,0.060763053596019745
3786,0.06187817081809044
3787,0.06588738411664963
3788,0.07289506494998932
3789,0.03789229691028595
3790,0.06884167343378067
3791,0.0423719622194767
3792,0.06756793707609177
3793,0.056080181151628494
3794,0.03631078079342842
3795,0.016555095091462135
3796,0.09236598014831543
3797,0.07576408982276917
3798,0.05344710871577263
3799,0.0736396461725235
3800,0.06766286492347717
3801,0.0670289695262909
3802,0.07005064189434052
3803,0.068750761449337
3804,0.0801716074347496
3805,0.10271582752466202
3806,0.0687863677740097
3807,0.08945836871862411
3808,0.07650623470544815
3809,0.060723382979631424
3810,0.07292293012142181
3811,0.0547877661883831
3812,0.09348893165588379
3813,0.05853751674294472
3814,0.06871951371431351
3815,0.06566883623600006
3816,0.07791092991828918
3817,0.059476155787706375
3818,0.0616738460958004
3819,0.023511720821261406
3820,0.07331118732690811
3821,0.0770072266459465
3822,0.06409921497106552
3823,0.09298446029424667
3824,0.07511834800243378
3825,0.04003394767642021
3826,0.05362384766340256
3827,0.07621368020772934
3828,0.05694715306162834
3829,0.012920291163027287
3830,0.09142854809761047
3831,0.07202914357185364
3832,0.06715525686740875
3833,0.05821811035275459
3834,0.09110137820243835
3835,0.07335115969181061
3836,0.025135988369584084
3837,0.07076164335012436
3838,0.05920080468058586
3839,0.07665567100048065
3840,0.06948072463274002
3841,0.08127725124359131
3842,0.049934908747673035
3843,0.061748333275318146
3844,0.02655796706676483
3845,0.08864419907331467
3846,0.019838614389300346
3847,0.07999631762504578
3848,0.07063671201467514
3849,0.04134060814976692
3850,0.043242890387773514
3851,0.08927171677350998
3852,0.09219083935022354
3853,0.042519696056842804
3854,0.06699492037296295
3855,0.0951298177242279
3856,0.05916821211576462
3857,0.08917976915836334
3858,0.07698667049407959
3859,0.02003999799489975
3860,0.0862763300538063
3861,0.056297771632671356
3862,0.04869890213012695
3863,0.07154679298400879
3864,0.05608983710408211
3865,0.0467008538544178
3866,0.06213836744427681
3867,0.05402325838804245
3868,0.07552817463874817
3869,0.05739794299006462
3870,0.07946673780679703
3871,0.09814007580280304
3872,0.05718335136771202
3873,0.044611070305109024
3874,0.07949040085077286
3875,0.0345902182161808
3876,0.08186856657266617
3877,0.08046886324882507
3878,0.07521313428878784
3879,0.039260584861040115
3880,0.09331760555505753
3881,0.023861074820160866
3882,0.08054346591234207
3883,0.083841972053051
3884,0.07423707097768784
3885,0.0813228040933609
3886,0.0808679610490799
3887,0.03490793704986572
3888,0.06713011115789413
3889,0.06194312125444412
3890,0.02829444408416748
3891,0.03733303025364876
3892,0.0327090360224247
3893,0.07380107045173645
3894,0.07066760957241058
3895,0.07099772989749908
3896,0.04285561293363571
3897,0.13133291900157928
3898,0.054969821125268936
3899,0.032999299466609955
3900,0.060283489525318146
3901,0.043735604733228683
3902,0.0812707394361496
3903,0.07508553564548492
3904,0.05837208032608032
3905,0.07938164472579956
3906,0.0514923594892025
3907,0.016912775114178658
3908,0.05791764333844185
3909,0.06832470744848251
3910,0.07871455699205399
3911,0.05001303181052208
3912,0.05532560124993324
3913,0.06728050112724304
3914,0.03812422230839729
3915,0.059217315167188644
3916,0.05366381257772446
3917,0.08509840071201324
3918,0.09702322632074356
3919,0.05335737764835358
3920,0.06651590764522552
3921,0.04091138765215874
3922,0.07843097299337387
3923,0.045203376561403275
3924,0.07904527336359024
3925,0.046339601278305054
3926,0.07891733944416046
3927,0.02314108796417713
3928,0.07073496282100677
3929,0.02427266351878643
3930,0.056375231593847275
3931,0.06712367385625839
3932,0.07713887840509415
3933,0.11167846620082855
3934,0.07941187173128128
3935,0.06551317125558853
3936,0.0674416795372963
3937,0.04515545442700386
3938,0.022975776344537735
3939,0.01665634661912918
3940,0.058086566627025604
3941,0.08545207977294922
3942,0.0797039121389389
3943,0.0612255334854126
3944,0.07919660955667496
3945,0.05088931694626808
3946,0.06292520463466644
3947,0.028490683063864708
3948,0.08970669656991959
3949,0.04659734293818474
3950,0.047194018959999084
3951,0.061798810958862305
3952,0.05068017914891243
3953,0.06546176224946976
3954,0.045917052775621414
3955,0.06107666715979576
3956,0.08309473097324371
3957,0.0628608763217926
3958,0.08416163921356201
3959,0.08016379922628403
3960,0.06582450866699219
3961,0.04598277807235718
3962,0.03794663026928902
3963,0.045306239277124405
3964,0.009126843884587288
3965,0.08285164833068848
3966,0.04252218082547188
3967,0.04845734313130379
3968,0.0683487057685852
3969,0.06040080264210701
3970,0.04361893609166145
3971,0.07542109489440918
3972,0.08217038214206696
3973,0.06834031641483307
3974,0.10405487567186356
3975,0.08462467789649963
3976,0.07708463817834854
3977,0.029637791216373444
3978,0.07616382092237473
3979,0.05128020420670509
3980,0.0675760954618454
3981,0.05565778538584709
3982,0.09433197975158691
3983,0.06274627149105072
3984,0.06962115317583084
3985,0.05664540082216263
3986,0.0803312435746193
3987,0.01879817247390747
3988,0.03510824590921402
3989,0.08668400347232819
3990,0.08050265908241272
3991,0.07028524577617645
3992,0.05785762146115303
3993,0.04102390259504318
3994,0.07477141171693802
3995,0.017315801233053207
3996,0.08537204563617706
3997,0.07641470432281494
3998,0.03846793249249458
3999,0.06045730412006378
4000,0.04244263842701912
4001,0.06359899789094925
4002,0.06026836112141609
4003,0.07719950377941132
4004,0.07092978060245514
4005,0.07787998765707016
4006,0.037846434861421585
4007,0.06374266743659973
4008,0.022140158340334892
4009,0.061358943581581116
4010,0.08696980774402618
4011,0.07845363765954971
4012,0.02386678010225296
4013,0.05871557071805
4014,0.022013647481799126
4015,0.08087307214736938
4016,0.06393184512853622
4017,0.042457547038793564
4018,0.04655797779560089
4019,0.059817202389240265
4020,0.06612958014011383
4021,0.08906356990337372
4022,0.049358539283275604
4023,0.045297276228666306
4024,0.0568922683596611
4025,0.05022604018449783
4026,0.02342255227267742
4027,0.01489044539630413
4028,0.06278922408819199
4029,0.04893837869167328
4030,0.07692908495664597
4031,0.038206975907087326
4032,0.051877330988645554
4033,0.08893441408872604
4034,0.0573081374168396
4035,0.043396733701229095
4036,0.08800996840000153
4037,0.08340878784656525
4038,0.05849086120724678
4039,0.11315663903951645
4040,0.05515570938587189
4041,0.04868684709072113
4042,0.05637822672724724
4043,0.03151904419064522
4044,0.039333004504442215
4045,0.07750161737203598
4046,0.061319272965192795
4047,0.03840463608503342
4048,0.043309979140758514
4049,0.07744903117418289
4050,0.07196925580501556
4051,0.02757730334997177
4052,0.06594190001487732
4053,0.07624609023332596
4054,0.07684126496315002
4055,0.027246737852692604
4056,0.05835007503628731
4057,0.07692494243383408
4058,0.0752122551202774
4059,0.059733979403972626
4060,0.07481124997138977
4061,0.027597371488809586
4062,0.07322287559509277
4063,0.07735685259103775
4064,0.02962633967399597
4065,0.018489841371774673
4066,0.06905919313430786
4067,0.08185214549303055
4068,0.062303364276885986
4069,0.09175696223974228
4070,0.05190473049879074
4071,0.041863925755023956
4072,0.035336147993803024
4073,0.06823987513780594
4074,0.07736366242170334
4075,0.0443771667778492
4076,0.07852933555841446
4077,0.07990013062953949
4078,0.04725067690014839
4079,0.038357485085725784
4080,0.08449829369783401
4081,0.07177481055259705
4082,0.03849627450108528
4083,0.07559813559055328
4084,0.0993390828371048
4085,0.06907503306865692
4086,0.06595253199338913
4087,0.04897638410329819
4088,0.03398234769701958
4089,0.06565092504024506
4090,0.05612989142537117
4091,0.0707351341843605
4092,0.07427933812141418
4093,0.08236289024353027
4094,0.05616313964128494
4095,0.0682612881064415
4096,0.050067298114299774
4097,0.07555476576089859
4098,0.07722765952348709
4099,0.06358752399682999
4100,0.07544833421707153
4101,0.08155102282762527
4102,0.0702158734202385
4103,0.09182103723287582
4104,0.09244328737258911
4105,0.03021989017724991
4106,0.02747436799108982
4107,0.03733710199594498
4108,0.03180790692567825
4109,0.05432029813528061
4110,0.07994414865970612
4111,0.08175894618034363
4112,0.049721408635377884
4113,0.08041530102491379
4114,0.0420050285756588
4115,0.06991434842348099
4116,0.08012093603610992
4117,0.08725029975175858
4118,0.03682462498545647
4119,0.027682485058903694
4120,0.08392675966024399
4121,0.07665129750967026
4122,0.0960145816206932
4123,0.04259388521313667
4124,0.04976367577910423
4125,0.07001063227653503
4126,0.07517245411872864
4127,0.05129166692495346
4128,0.07442403584718704
4129,0.03111875429749489
4130,0.0439559742808342
4131,0.0835827961564064
4132,0.02362779527902603
4133,0.06300806999206543
4134,0.054281022399663925
4135,0.07818318158388138
4136,0.07265354692935944
4137,0.03622936084866524
4138,0.027524301782250404
4139,0.041763123124837875
4140,0.06331191211938858
4141,0.07958433032035828
4142,0.09582410007715225
4143,0.09390967339277267
4144,0.04396023228764534
4145,0.07067757844924927
4146,0.0781613364815712
4147,0.05059906467795372
4148,0.07301468402147293
4149,0.05822477862238884
4150,0.06883251667022705
4151,0.04823153093457222
4152,0.03485424816608429
4153,0.09355935454368591
4154,0.09791416674852371
4155,0.06851057708263397
4156,0.09719321876764297
4157,0.08429951965808868
4158,0.07948354631662369
4159,0.07851465791463852
4160,0.07064066082239151
4161,0.07998810708522797
4162,0.03863772377371788
4163,0.07457789033651352
4164,0.07134294509887695
4165,0.08525180071592331
4166,0.044734008610248566
4167,0.03243747353553772
4168,0.07701323181390762
4169,0.05555102601647377
4170,0.07857344299554825
4171,0.0494803786277771
4172,0.013275046832859516
4173,0.06050640344619751
4174,0.0688040629029274
4175,0.0634530559182167
4176,0.03899681568145752
4177,0.07879706472158432
4178,0.06861347705125809
4179,0.05499996617436409
4180,0.061864230781793594
4181,0.0746859684586525
4182,0.016420835629105568
4183,0.06686023622751236
4184,0.07444819062948227
4185,0.0494258776307106
4186,0.07889659702777863
4187,0.08266947418451309
4188,0.07310458272695541
4189,0.07181018590927124
4190,0.05837337300181389
4191,0.08174673467874527
4192,0.031966015696525574
4193,0.06133510172367096
4194,0.04989054426550865
4195,0.0711330696940422
4196,0.02154078520834446
4197,0.07991553097963333
4198,0.07504035532474518
4199,0.08241675794124603
4200,0.07879781723022461
4201,0.07928820699453354
4202,0.059972524642944336
4203,0.02360842563211918
4204,0.03117820993065834
4205,0.054468780755996704
4206,0.08675262331962585
4207,0.0960722416639328
4208,0.00899860542267561
4209,0.018815476447343826
4210,0.09427199512720108
4211,0.07361976057291031
4212,0.07724010199308395
4213,0.053032346069812775
4214,0.057734932750463486
4215,0.06873001158237457
4216,0.041131313890218735
4217,0.06722453981637955
4218,0.06036664545536041
4219,0.09928499162197113
4220,0.06521441042423248
4221,0.025428466498851776
4222,0.07348739355802536
4223,0.1224818080663681
4224,0.06806977838277817
4225,0.015731800347566605
4226,0.0723131000995636
4227,0.04481371119618416
4228,0.06871090084314346
4229,0.10675989091396332
4230,0.07672229409217834
4231,0.02686714567244053
4232,0.05920454487204552
4233,0.0524572916328907
4234,0.023102199658751488
4235,0.06361383199691772
4236,0.05687012895941734
4237,0.07282044738531113
4238,0.0788901224732399
4239,0.08049751818180084
4240,0.07701262831687927
4241,0.058188874274492264
4242,0.03881218284368515
4243,0.01425302866846323
4244,0.08649193495512009
4245,0.049360912293195724
4246,0.06919920444488525
4247,0.07350410521030426
4248,0.05280148237943649
4249,0.07799296826124191
4250,0.07606405019760132
4251,0.028660360723733902
4252,0.036515504121780396
4253,0.07286097854375839
4254,0.06511405110359192
4255,0.07559266686439514
4256,0.030162572860717773
4257,0.07741173356771469
4258,0.03989133983850479
4259,0.10518199950456619
4260,0.10142640769481659
4261,0.058016691356897354
4262,0.0706019178032875
4263,0.07837814837694168
4264,0.035778120160102844
4265,0.06935039907693863
4266,0.015402285382151604
4267,0.08930797129869461
4268,0.1113952174782753
4269,0.07290807366371155
4270,0.08349683880805969
4271,0.04765889421105385
4272,0.0736197903752327
4273,0.07045628130435944
4274,0.05176476761698723
4275,0.07860558480024338
4276,0.07541163265705109
4277,0.08943983167409897
4278,0.07182342559099197
4279,0.05435223504900932
4280,0.08996795862913132
4281,0.07017522305250168
4282,0.05646268650889397
4283,0.010146163403987885
4284,0.07513421028852463
4285,0.07539788633584976
4286,0.05716048553586006
4287,0.04076685383915901
4288,0.029469911009073257
4289,0.020465480163693428
4290,0.08554563671350479
4291,0.07233021408319473
4292,0.010182988829910755
4293,0.07045518606901169
4294,0.07141849398612976
4295,0.09555170685052872
4296,0.057120826095342636
4297,0.08856020122766495
4298,0.04778452217578888
4299,0.07691670209169388
4300,0.08018963038921356
4301,0.08672913163900375
4302,0.08121176809072495
4303,0.06903204321861267
4304,0.03682363033294678
4305,0.0749918594956398
4306,0.06792162358760834
4307,0.08194277435541153
4308,0.06689176708459854
4309,0.0803094133734703
4310,0.05377968028187752
4311,0.05885470658540726
4312,0.06569746881723404
4313,0.02487126924097538
4314,0.07798393815755844
4315,0.08909046649932861
4316,0.07941851764917374
4317,0.05124346539378166
4318,0.07609673589468002
4319,0.07527085393667221
4320,0.06505685299634933
4321,0.015039850026369095
4322,0.07977008819580078
4323,0.06280947476625443
4324,0.03236708045005798
4325,0.07261822372674942
4326,0.037841685116291046
4327,0.06508009880781174
4328,0.027113504707813263
4329,0.08341578394174576
4330,0.0887036845088005
4331,0.057966914027929306
4332,0.07402623444795609
4333,0.07223112881183624
4334,0.09873110800981522
4335,0.09189609438180923
4336,0.069952093064785
4337,0.0984773263335228
4338,0.06548165529966354
4339,0.06945861876010895
4340,0.08362269401550293
4341,0.02916308306157589
4342,0.06451692432165146
4343,0.026828711852431297
4344,0.08733475208282471
4345,0.07604271918535233
4346,0.06965187937021255
4347,0.024777529761195183
4348,0.04223935678601265
4349,0.086186982691288
4350,0.0681382492184639
4351,0.045697882771492004
4352,0.02610727772116661
4353,0.08666058629751205
4354,0.07359615713357925
4355,0.06806129962205887
4356,0.028168434277176857
4357,0.07887029647827148
4358,0.053272929042577744
4359,0.07810761034488678
4360,0.08372161537408829
4361,0.06501160562038422
4362,0.012133177369832993
4363,0.04656510800123215
4364,0.07374666631221771
4365,0.04087841510772705
4366,0.08183640986680984
4367,0.05337033420801163
4368,0.04426058009266853
4369,0.028514700010418892
4370,0.03893642872571945
4371,0.08498683571815491
4372,0.05424407497048378
4373,0.05923667177557945
4374,0.06643639504909515
4375,0.09745217859745026
4376,0.07507933676242828
4377,0.09320254623889923
4378,0.09775326400995255
4379,0.04464191198348999
4380,0.042954910546541214
4381,0.08259664475917816
4382,0.030912794172763824
4383,0.07971479743719101
4384,0.06532885134220123
4385,0.08011066913604736
4386,0.04460851475596428
4387,0.08965439349412918
4388,0.05890682712197304
4389,0.07343953102827072
4390,0.08090624958276749
4391,0.06239069998264313
4392,0.06664460152387619
4393,0.04109235480427742
4394,0.07633324712514877
4395,0.05072746425867081
4396,0.029750555753707886
4397,0.05716651678085327
4398,0.04005010426044464
4399,0.08504264801740646
4400,0.06577363610267639
4401,0.08307544887065887
4402,0.05960983783006668
4403,0.07832755148410797
4404,0.07299291342496872
4405,0.07824085652828217
4406,0.0378074124455452
4407,0.01582968607544899
4408,0.06106286495923996
4409,0.07010721415281296
4410,0.0765160471200943
4411,0.07485423237085342
4412,0.03177440166473389
4413,0.08061590790748596
4414,0.06270644813776016
4415,0.08092548698186874
4416,0.06619054079055786
4417,0.0697077289223671
4418,0.047755561769008636
4419,0.08253047615289688
4420,0.05266560614109039
4421,0.06416789442300797
4422,0.039469409734010696
4423,0.0736132487654686
4424,0.06644711643457413
4425,0.04995148256421089
4426,0.019325321540236473
4427,0.058579280972480774
4428,0.05568096414208412
4429,0.05178968980908394
4430,0.03685619309544563
4431,0.06129724532365799
4432,0.04115574434399605
4433,0.053644854575395584
4434,0.018235009163618088
4435,0.09477628022432327
4436,0.041732028126716614
4437,0.07225856930017471
4438,0.06432417780160904
4439,0.06530597805976868
4440,0.04263579100370407
4441,0.05179264023900032
4442,0.060585398226976395
4443,0.05638750270009041
4444,0.050499241799116135
4445,0.05974164232611656
4446,0.08546217530965805
4447,0.06304345279932022
4448,0.03658335655927658
4449,0.07969532907009125
4450,0.03351955860853195
4451,0.07057791203260422
4452,0.05986051633954048
4453,0.08269047737121582
4454,0.0821714699268341
4455,0.06182904914021492
4456,0.07497773319482803
4457,0.06817608326673508
4458,0.09098141640424728
4459,0.06406139582395554
4460,0.06597427278757095
4461,0.05390748381614685
4462,0.03282975032925606
4463,0.053662531077861786
4464,0.029438069090247154
4465,0.06648372113704681
4466,0.0903603583574295
4467,0.04889543727040291
4468,0.04178694635629654
4469,0.06664540618658066
4470,0.05899331346154213
4471,0.07820729911327362
4472,0.0708300769329071
4473,0.0809749886393547
4474,0.07482092827558517
4475,0.05148041620850563
4476,0.047344911843538284
4477,0.0656341090798378
4478,0.05647628754377365
4479,0.07247764617204666
4480,0.07030189037322998
4481,0.049951840192079544
4482,0.06271491199731827
4483,0.014202479273080826
4484,0.09820530563592911
4485,0.07875379174947739
4486,0.06169331818819046
4487,0.10223153233528137
4488,0.03729243949055672
4489,0.06920050829648972
4490,0.05365649610757828
4491,0.06897930800914764
4492,0.0765969529747963
4493,0.01744713820517063
4494,0.08174590021371841
4495,0.061812739819288254
4496,0.040775831788778305
4497,0.07972327619791031
4498,0.06907564401626587
4499,0.07292880117893219
4500,0.07973287254571915
4501,0.05715668201446533
4502,0.057767439633607864
4503,0.06613249331712723
4504,0.07834446430206299
4505,0.08625836670398712
4506,0.06528236716985703
4507,0.07845205813646317
4508,0.08241356909275055
4509,0.03786751627922058
4510,0.07997292280197144
4511,0.0728139877319336
4512,0.06036785617470741
4513,0.029893139377236366
4514,0.07648123800754547
4515,0.06194037199020386
4516,0.08324749767780304
4517,0.0567069910466671
4518,0.07227396219968796
4519,0.08122984319925308
4520,0.060029104351997375
4521,0.07113144546747208
4522,0.032086052000522614
4523,0.04232454672455788
4524,0.07930593192577362
4525,0.053579553961753845
4526,0.05196847394108772
4527,0.029771367087960243
4528,0.026064231991767883
4529,0.04681546241044998
4530,0.0596281960606575
4531,0.041227489709854126
4532,0.0489589162170887
4533,0.08056734502315521
4534,0.08053138852119446
4535,0.07437918335199356
4536,0.06478042900562286
4537,0.01825760304927826
4538,0.03550909087061882
4539,0.07483059167861938
4540,0.059771373867988586
4541,0.0711078941822052
4542,0.06285078078508377
4543,0.06165875867009163
4544,0.01607145182788372
4545,0.05492768436670303
4546,0.07770923525094986
4547,0.08647603541612625
4548,0.04983784630894661
4549,0.04154951870441437
4550,0.07118102163076401
4551,0.08881733566522598
4552,0.08497975021600723
4553,0.051222652196884155
4554,0.030009912326931953
4555,0.07483997195959091
4556,0.0906740054488182
4557,0.07475479692220688
4558,0.07658802717924118
4559,0.09534924477338791
4560,0.08565423637628555
4561,0.06402043253183365
4562,0.07570445537567139
4563,0.07298941910266876
4564,0.05984683334827423
4565,0.043386321514844894
4566,0.056715693324804306
4567,0.0638461485505104
4568,0.04830934479832649
4569,0.04679729416966438
4570,0.08670571446418762
4571,0.04363089054822922
4572,0.11450893431901932
4573,0.06094321981072426
4574,0.0668252483010292
4575,0.05210717394948006
4576,0.0642314925789833
4577,0.04967883229255676
4578,0.01698892191052437
4579,0.07708416134119034
4580,0.0628267452120781
4581,0.08245272189378738
4582,0.07396247982978821
4583,0.07327847927808762
4584,0.0814955085515976
4585,0.011352346278727055
4586,0.060374319553375244
4587,0.0567031092941761
4588,0.023276174440979958
4589,0.015760336071252823
4590,0.06014414131641388
4591,0.03587846830487251
4592,0.04036538675427437
4593,0.023878969252109528
4594,0.03320971131324768
4595,0.06399516016244888
4596,0.04947957769036293
4597,0.013141345232725143
4598,0.049432508647441864
4599,0.07381570339202881
4600,0.07195679098367691
4601,0.08609108626842499
4602,0.05480857193470001
4603,0.03156603127717972
4604,0.0212580356746912
4605,0.04618261009454727
4606,0.09670467674732208
4607,0.07830578088760376
4608,0.08254013955593109
4609,0.022026294842362404
4610,0.07474859058856964
4611,0.01765519566833973
4612,0.07874983549118042
4613,0.06617552787065506
4614,0.05201912298798561
4615,0.034594081342220306
4616,0.0296403206884861
4617,0.058009784668684006
4618,0.058914799243211746
4619,0.08059476315975189
4620,0.07259959727525711
4621,0.08171585202217102
4622,0.09496857225894928
4623,0.07538417726755142
4624,0.0627644881606102
4625,0.05424296110868454
4626,0.03556486964225769
4627,0.04211951419711113
4628,0.054097846150398254
4629,0.06279037147760391
4630,0.039241522550582886
4631,0.04725872352719307
4632,0.06740961968898773
4633,0.07394599914550781
4634,0.040985554456710815
4635,0.06876131147146225
4636,0.09892593324184418
4637,0.08070941269397736
4638,0.07217736542224884
4639,0.07147308439016342
4640,0.048371609300374985
4641,0.028179164975881577
4642,0.0768669918179512
4643,0.008556784130632877
4644,0.035486917942762375
4645,0.03678671270608902
4646,0.10061948746442795
4647,0.05076580494642258
4648,0.069889597594738
4649,0.08621882647275925
4650,0.03114362619817257
4651,0.060613054782152176
4652,0.04937249422073364
4653,0.06485974788665771
4654,0.053748615086078644
4655,0.048089075833559036
4656,0.09256722778081894
4657,0.04780540242791176
4658,0.07200589030981064
4659,0.07577061653137207
4660,0.11588321626186371
4661,0.07528714090585709
4662,0.03717892989516258
4663,0.05772682651877403
4664,0.07191143184900284
4665,0.03755342960357666
4666,0.08497311919927597
4667,0.0717802345752716
4668,0.03224989399313927
4669,0.09565175324678421
4670,0.0513729527592659
4671,0.043612197041511536
4672,0.06946016848087311
4673,0.07155130058526993
4674,0.0704575777053833
4675,0.08667895942926407
4676,0.04823623597621918
4677,0.058392658829689026
4678,0.06344917416572571
4679,0.09197787195444107
4680,0.034740567207336426
4681,0.06496012955904007
4682,0.06944283097982407
4683,0.060844726860523224
4684,0.04364004358649254
4685,0.03915247693657875
4686,0.10421159863471985
4687,0.06061302497982979
4688,0.06687785685062408
4689,0.08027075231075287
4690,0.08226827532052994
4691,0.08906100690364838
4692,0.08498281240463257
4693,0.05486594885587692
4694,0.09644118696451187
4695,0.03125309571623802
4696,0.08400264382362366
4697,0.048053860664367676
4698,0.0873265191912651
4699,0.050006307661533356
4700,0.07296252250671387
4701,0.07117209583520889
4702,0.04974137991666794
4703,0.07646918296813965
4704,0.0789790078997612
4705,0.07330638915300369
4706,0.06194734573364258
4707,0.041154421865940094
4708,0.07172207534313202
4709,0.059730153530836105
4710,0.06512609869241714
4711,0.059607189148664474
4712,0.07506732642650604
4713,0.09427265077829361
4714,0.05728483945131302
4715,0.08269808441400528
4716,0.029511988162994385
4717,0.051469285041093826
4718,0.04871875047683716
4719,0.10631884634494781
4720,0.06199190393090248
4721,0.05322253704071045
4722,0.054126255214214325
4723,0.0430976040661335
4724,0.07256216555833817
4725,0.054614532738924026
4726,0.04215449467301369
4727,0.06616375595331192
4728,0.07954319566488266
4729,0.08388886600732803
4730,0.045141249895095825
4731,0.062044091522693634
4732,0.05697143077850342
4733,0.06905603408813477
4734,0.07798405736684799
4735,0.051506657153367996
4736,0.06234407424926758
4737,0.07610838860273361
4738,0.08779501914978027
4739,0.05342313274741173
4740,0.08062524348497391
4741,0.08950559049844742
4742,0.08621881157159805
4743,0.08184614777565002
4744,0.05890392139554024
4745,0.04472851753234863
4746,0.03246336430311203
4747,0.06810435652732849
4748,0.06790352612733841
4749,0.08469431102275848
4750,0.07021088153123856
4751,0.04081373289227486
4752,0.04288144409656525
4753,0.07047521322965622
4754,0.08358249813318253
4755,0.06276663392782211
4756,0.05768126994371414
4757,0.06377778202295303
4758,0.07591338455677032
4759,0.06959079205989838
4760,0.07625369727611542
4761,0.011402253992855549
4762,0.07678419351577759
4763,0.0488625094294548
4764,0.04545055329799652
4765,0.1090136170387268
4766,0.08708129078149796
4767,0.07382408529520035
4768,0.04768196865916252
4769,0.06691236793994904
4770,0.07693280279636383
4771,0.04949299618601799
4772,0.02819354087114334
4773,0.062072113156318665
4774,0.03924311324954033
4775,0.07759138941764832
4776,0.055037517100572586
4777,0.05769597738981247
4778,0.05936481058597565
4779,0.039447665214538574
4780,0.030995512381196022
4781,0.0722743347287178
4782,0.06940165162086487
4783,0.04562938213348389
4784,0.037166763097047806
4785,0.049660343676805496
4786,0.07111039012670517
4787,0.06635716557502747
4788,0.08754080533981323
4789,0.027930432930588722
4790,0.06128120422363281
4791,0.06364025920629501
4792,0.0905136838555336
4793,0.06932252645492554
4794,0.06767813116312027
4795,0.05106273666024208
4796,0.07170800864696503
4797,0.10779094696044922
4798,0.012319057248532772
4799,0.10470946878194809
4800,0.11635010689496994
4801,0.04781202971935272
4802,0.03913874179124832
4803,0.06966304033994675
4804,0.07215581834316254
4805,0.07958292216062546
4806,0.05125819519162178
4807,0.03193475678563118
4808,0.07068953663110733
4809,0.08402450382709503
4810,0.02400844357907772
4811,0.06814698129892349
4812,0.07841254770755768
4813,0.052917301654815674
4814,0.03611442446708679
4815,0.08249397575855255
4816,0.08519941568374634
4817,0.03110094927251339
4818,0.06825355440378189
4819,0.06261897087097168
4820,0.06404383480548859
4821,0.040361955761909485
4822,0.061979327350854874
4823,0.07959756255149841
4824,0.09269271790981293
4825,0.0757586881518364
4826,0.07543996721506119
4827,0.07970226556062698
4828,0.05254514515399933
4829,0.09002625942230225
4830,0.08323100954294205
4831,0.09298980236053467
4832,0.06808395683765411
4833,0.07390511780977249
4834,0.08592168241739273
4835,0.06184566766023636
4836,0.02949000708758831
4837,0.06687236577272415
4838,0.05758630111813545
4839,0.04530208930373192
4840,0.06045341491699219
4841,0.029598083347082138
4842,0.07484175264835358
4843,0.026650475338101387
4844,0.0858764797449112
4845,0.07151525467634201
4846,0.06701398640871048
4847,0.05278629809617996
4848,0.07326147705316544
4849,0.06624344736337662
4850,0.06038310006260872
4851,0.07875647395849228
4852,0.03560110181570053
4853,0.12089897692203522
4854,0.047397565096616745
4855,0.042633380740880966
4856,0.078399159014225
4857,0.08988668024539948
4858,0.023928383365273476
4859,0.1036301702260971
4860,0.08550656586885452
4861,0.028381049633026123
4862,0.08231794834136963
4863,0.11462443321943283
4864,0.04758988320827484
4865,0.06395712494850159
4866,0.05625748634338379
4867,0.05229731276631355
4868,0.06263293325901031
4869,0.07246766239404678
4870,0.03456170856952667
4871,0.04955127462744713
4872,0.011858820915222168
4873,0.08569234609603882
4874,0.09471399337053299
4875,0.06354673951864243
4876,0.056640930473804474
4877,0.04073590040206909
4878,0.06321080774068832
4879,0.07123742997646332
4880,0.05375506356358528
4881,0.01806749403476715
4882,0.055025745183229446
4883,0.06747262924909592
4884,0.0965023785829544
4885,0.06306693702936172
4886,0.04098578169941902
4887,0.042689964175224304
4888,0.06033948436379433
4889,0.06162744015455246
4890,0.0306130051612854
4891,0.11233876645565033
4892,0.03347170725464821
4893,0.04730188846588135
4894,0.05029650032520294
4895,0.06542720645666122
4896,0.02803211845457554
4897,0.049847569316625595
4898,0.08058711886405945
4899,0.05059369280934334
4900,0.09206755459308624
4901,0.04788341000676155
4902,0.039274170994758606
4903,0.050078339874744415
4904,0.08093442767858505
4905,0.043754298239946365
4906,0.027447694912552834
4907,0.04018349200487137
4908,0.06015034392476082
4909,0.06959552317857742
4910,0.0439445935189724
4911,0.08007735759019852
4912,0.02614913322031498
4913,0.10265748202800751
4914,0.034568436443805695
4915,0.06975600868463516
4916,0.06502143293619156
4917,0.060445792973041534
4918,0.08716756850481033
4919,0.08253850042819977
4920,0.07716398686170578
4921,0.06455997377634048
4922,0.06619255989789963
4923,0.04333290457725525
4924,0.0961635559797287
4925,0.08588269352912903
4926,0.07461970299482346
4927,0.038562703877687454
4928,0.06598837673664093
4929,0.0740484967827797
4930,0.056466035544872284
4931,0.07139114290475845
4932,0.056644584983587265
4933,0.07611427456140518
4934,0.06866077333688736
4935,0.053394511342048645
4936,0.08710459619760513
4937,0.054523248225450516
4938,0.09977763146162033
4939,0.07820985466241837
4940,0.08851689845323563
4941,0.06835833191871643
4942,0.08696639537811279
4943,0.09538344293832779
4944,0.05355139821767807
4945,0.08858270943164825
4946,0.06381956487894058
4947,0.03711532801389694
4948,0.08111543953418732
4949,0.05523969605565071
4950,0.0642988458275795
4951,0.05721269175410271
4952,0.04693910852074623
4953,0.007121953647583723
4954,0.050790783017873764
4955,0.0652257651090622
4956,0.05890428274869919
4957,0.09180197864770889
4958,0.0547480508685112
4959,0.03574008122086525
4960,0.07978685945272446
4961,0.06659296154975891
4962,0.0726211816072464
4963,0.08857724070549011
4964,0.0578494556248188
4965,0.12385037541389465
4966,0.030536426231265068
4967,0.057509176433086395
4968,0.0841737687587738
4969,0.041716091334819794
4970,0.07573554664850235
4971,0.05039387196302414
4972,0.05364237353205681
4973,0.10035727173089981
4974,0.07070990651845932
4975,0.035601455718278885
4976,0.040895141661167145
4977,0.06124274060130119
4978,0.07666460424661636
4979,0.04925742372870445
4980,0.08484615385532379
4981,0.0907144844532013
4982,0.08044623583555222
4983,0.09708447009325027
4984,0.07671994715929031
4985,0.06713154911994934
4986,0.08066870272159576
4987,0.014817297458648682
4988,0.051309745758771896
4989,0.07283798605203629
4990,0.05138714611530304
4991,0.012098233215510845
4992,0.053518492728471756
4993,0.06393221765756607
4994,0.06405264139175415
4995,0.06881667673587799
4996,0.06040370464324951
4997,0.02886357344686985
4998,0.09488533437252045
4999,0.059892669320106506
5000,0.05410797894001007
5001,0.07316353172063828
5002,0.08501516282558441
5003,0.03847983479499817
5004,0.023139867931604385
5005,0.07576482743024826
5006,0.04392518103122711
5007,0.04951063171029091
5008,0.017801903188228607
5009,0.07330293208360672
5010,0.04814277961850166
5011,0.08005854487419128
5012,0.06569389253854752
5013,0.07226979732513428
5014,0.0680987760424614
5015,0.08743072301149368
5016,0.03672404959797859
5017,0.07363377511501312
5018,0.05543815344572067
5019,0.0697646513581276
5020,0.053621526807546616
5021,0.06741885095834732
5022,0.07631585001945496
5023,0.08176715672016144
5024,0.06722941249608994
5025,0.07300902158021927
5026,0.042447373270988464
5027,0.0650186687707901
5028,0.030915843322873116
5029,0.059168849140405655
5030,0.03756622225046158
5031,0.03982515633106232
5032,0.06978251785039902
5033,0.0757044330239296
5034,0.060344796627759933
5035,0.08000219613313675
5036,0.04507488012313843
5037,0.0714145228266716
5038,0.08200064301490784
5039,0.07648708671331406
5040,0.08400369435548782
5041,0.07283353060483932
5042,0.03886016085743904
5043,0.07368165999650955
5044,0.10580968856811523
5045,0.08436987549066544
5046,0.09882759302854538
5047,0.07632499933242798
5048,0.0900869369506836
5049,0.07994212955236435
5050,0.09009620547294617
5051,0.055762581527233124
5052,0.07945387065410614
5053,0.0643933117389679
5054,0.048884518444538116
5055,0.043709006160497665
5056,0.07436614483594894
5057,0.044689226895570755
5058,0.09378741681575775
5059,0.04235309734940529
5060,0.062421415001153946
5061,0.0604318268597126
5062,0.07214673608541489
5063,0.10124688595533371
5064,0.09769447892904282
5065,0.058554042130708694
5066,0.059637296944856644
5067,0.0331256277859211
5068,0.08852022886276245
5069,0.06957263499498367
5070,0.0777672529220581
5071,0.017227083444595337
5072,0.07421568781137466
5073,0.08405820280313492
5074,0.06477130949497223
5075,0.04684421047568321
5076,0.05513497069478035
5077,0.04866424947977066
5078,0.05098306015133858
5079,0.07709965109825134
5080,0.05200931057333946
5081,0.03833756595849991
5082,0.05926137417554855
5083,0.06594923883676529
5084,0.06216699630022049
5085,0.03863992169499397
5086,0.05950213968753815
5087,0.08124315738677979
5088,0.07892465591430664
5089,0.057470519095659256
5090,0.07570483535528183
5091,0.07051989436149597
5092,0.06825770437717438
5093,0.09426280856132507
5094,0.0678430125117302
5095,0.06794814020395279
5096,0.05285051465034485
5097,0.07108864188194275
5098,0.08951912075281143
5099,0.03808855637907982
5100,0.10164180397987366
5101,0.0833786129951477
5102,0.0688849687576294
5103,0.05175493285059929
5104,0.06785380095243454
5105,0.07077886909246445
5106,0.08424916863441467
5107,0.042281217873096466
5108,0.04834509268403053
5109,0.039683930575847626
5110,0.030432572588324547
5111,0.04745585471391678
5112,0.05585397034883499
5113,0.09696224331855774
5114,0.03505411744117737
5115,0.06327225267887115
5116,0.0896354615688324
5117,0.07952222973108292
5118,0.048076558858156204
5119,0.07093233615159988
5120,0.07663179188966751
5121,0.07670306414365768
5122,0.07968057692050934
5123,0.04320419579744339
5124,0.06864503771066666
5125,0.07781367748975754
5126,0.02711467258632183
5127,0.03533824160695076
5128,0.05605732277035713
5129,0.07865273207426071
5130,0.07393421977758408
5131,0.0739504024386406
5132,0.07450152933597565
5133,0.07268337160348892
5134,0.08000650256872177
5135,0.06402351707220078
5136,0.0731673613190651
5137,0.06896284222602844
5138,0.038266099989414215
5139,0.07457078993320465
5140,0.05692197382450104
5141,0.06506940722465515
5142,0.06961926817893982
5143,0.07541324198246002
5144,0.06745442003011703
5145,0.06247614696621895
5146,0.07657978683710098
5147,0.062439508736133575
5148,0.03151514753699303
5149,0.03748079389333725
5150,0.0880255475640297
5151,0.06371763348579407
5152,0.09050973504781723
5153,0.07008680701255798
5154,0.07226763665676117
5155,0.05377384275197983
5156,0.044541213661432266
5157,0.03966298699378967
5158,0.05012771114706993
5159,0.06933898478746414
5160,0.045623887330293655
5161,0.047572746872901917
5162,0.058120209723711014
5163,0.05521775409579277
5164,0.02599269151687622
5165,0.09358370304107666
5166,0.06550297141075134
5167,0.07129216194152832
5168,0.07062622159719467
5169,0.08217088133096695
5170,0.0823376253247261
5171,0.08244287967681885
5172,0.07184433937072754
5173,0.05731835588812828
5174,0.06773941963911057
5175,0.07967976480722427
5176,0.06519521772861481
5177,0.09902256727218628
5178,0.07012417912483215
5179,0.05487418174743652
5180,0.05127047747373581
5181,0.07009372115135193
5182,0.09545031934976578
5183,0.04709669575095177
5184,0.0716886892914772
5185,0.06229444965720177
5186,0.07865386456251144
5187,0.04711524397134781
5188,0.05215945467352867
5189,0.05353919789195061
5190,0.055892277508974075
5191,0.07777617871761322
5192,0.059608664363622665
5193,0.06722953915596008
5194,0.04505346342921257
5195,0.10233622789382935
5196,0.05942894518375397
5197,0.0724128857254982
5198,0.023318009451031685
5199,0.05143612623214722
5200,0.02326752431690693
5201,0.08339808881282806
5202,0.04269077256321907
5203,0.04878230765461922
5204,0.07291712611913681
5205,0.04313886910676956
5206,0.08120030164718628
5207,0.07909390330314636
5208,0.07470144331455231
5209,0.07346001267433167
5210,0.07853588461875916
5211,0.06081390380859375
5212,0.06655822694301605
5213,0.038565658032894135
5214,0.05105599761009216
5215,0.08169092237949371
5216,0.05824105069041252
5217,0.051552873104810715
5218,0.0711159035563469
5219,0.06348861753940582
5220,0.06428323686122894
5221,0.0966150239109993
5222,0.04526076465845108
5223,0.04548531025648117
5224,0.06250566244125366
5225,0.02383074164390564
5226,0.07857828587293625
5227,0.07049093395471573
5228,0.07550743967294693
5229,0.07788603752851486
5230,0.08078836649656296
5231,0.09494955837726593
5232,0.0688842162489891
5233,0.04312147572636604
5234,0.06034063175320625
5235,0.021496079862117767
5236,0.056697674095630646
5237,0.062128856778144836
5238,0.06142913177609444
5239,0.07453955709934235
5240,0.08231651782989502
5241,0.07255173474550247
5242,0.05617398023605347
5243,0.06664889305830002
5244,0.04522165656089783
5245,0.09034816920757294
5246,0.06373973190784454
5247,0.08779142051935196
5248,0.04594411328434944
5249,0.06963344663381577
5250,0.07639352232217789
5251,0.03757770359516144
5252,0.06489575654268265
5253,0.045899100601673126
5254,0.06480412930250168
5255,0.07613851875066757
5256,0.07196260988712311
5257,0.07313511520624161
5258,0.07742549479007721
5259,0.03446943312883377
5260,0.06923925876617432
5261,0.048166848719120026
5262,0.06681426614522934
5263,0.05060115084052086
5264,0.06837432831525803
5265,0.08551397174596786
5266,0.08676347136497498
5267,0.07740806043148041
5268,0.07167289406061172
5269,0.07652857899665833
5270,0.051965463906526566
5271,0.023009106516838074
5272,0.0886119082570076
5273,0.07100474834442139
5274,0.07617855817079544
5275,0.06727678328752518
5276,0.07139908522367477
5277,0.04844875633716583
5278,0.04758930206298828
5279,0.07807906717061996
5280,0.04901541396975517
5281,0.07604926079511642
5282,0.07160649448633194
5283,0.08139240741729736
5284,0.058059826493263245
5285,0.053079862147569656
5286,0.06634055823087692
5287,0.06798940151929855
5288,0.08693797141313553
5289,0.07290848344564438
5290,0.03668413311243057
5291,0.08335396647453308
5292,0.0902169942855835
5293,0.06825561821460724
5294,0.04754376783967018
5295,0.09519659727811813
5296,0.05004291981458664
5297,0.03466484323143959
5298,0.04996677115559578
5299,0.028384612873196602
5300,0.06471162289381027
5301,0.06225060671567917
5302,0.0793081745505333
5303,0.031018521636724472
5304,0.07446910440921783
5305,0.06837213039398193
5306,0.08210812509059906
5307,0.07457368820905685
5308,0.05531289428472519
5309,0.0740758627653122
5310,0.046857934445142746
5311,0.07322793453931808
5312,0.07999346405267715
5313,0.05149223282933235
5314,0.03525792434811592
5315,0.06247307360172272
5316,0.12352817505598068
5317,0.05237554758787155
5318,0.07611338794231415
5319,0.05521534010767937
5320,0.06895134598016739
5321,0.0685272216796875
5322,0.03293760493397713
5323,0.06423169374465942
5324,0.08116631954908371
5325,0.08298829942941666
5326,0.06512106955051422
5327,0.03352458029985428
5328,0.06213745102286339
5329,0.08445367217063904
5330,0.04850076511502266
5331,0.05493040755391121
5332,0.05345931276679039
5333,0.06561922281980515
5334,0.076271191239357
5335,0.07765219360589981
5336,0.09913849830627441
5337,0.04225125163793564
5338,0.028975993394851685
5339,0.07165206968784332
5340,0.05155158042907715
5341,0.06882673501968384
5342,0.08288926631212234
5343,0.06265023350715637
5344,0.04769381508231163
5345,0.09426923096179962
5346,0.07075217366218567
5347,0.08328025043010712
5348,0.04682113975286484
5349,0.05264832824468613
5350,0.08491387218236923
5351,0.08189889788627625
5352,0.05409131944179535
5353,0.05691613629460335
5354,0.09220084547996521
5355,0.013514717109501362
5356,0.07804891467094421
5357,0.04475729167461395
5358,0.048575110733509064
5359,0.06654570251703262
5360,0.04062562435865402
5361,0.0784861370921135
5362,0.05201870948076248
5363,0.05136369913816452
5364,0.07949786633253098
5365,0.06641510128974915
5366,0.04250124841928482
5367,0.04202458634972572
5368,0.06228284910321236
5369,0.06465430557727814
5370,0.09258744865655899
5371,0.08042947202920914
5372,0.08294491469860077
5373,0.044999632984399796
5374,0.03212771192193031
5375,0.06345172971487045
5376,0.011618155986070633
5377,0.0346587710082531
5378,0.03088962472975254
5379,0.08435721695423126
5380,0.07140031456947327
5381,0.04739772900938988
5382,0.04518137499690056
5383,0.07589282095432281
5384,0.03857182711362839
5385,0.07962547987699509
5386,0.06887500733137131
5387,0.08092021942138672
5388,0.06504393368959427
5389,0.08005078881978989
5390,0.07006287574768066
5391,0.055346742272377014
5392,0.0740865170955658
5393,0.07733110338449478
5394,0.06654641777276993
5395,0.07504592090845108
5396,0.06440756469964981
5397,0.059590715914964676
5398,0.058371979743242264
5399,0.06247201934456825
5400,0.048923175781965256
5401,0.020740125328302383
5402,0.07574620842933655
5403,0.03935625031590462
5404,0.07499939948320389
5405,0.012816760689020157
5406,0.07517538219690323
5407,0.07735075056552887
5408,0.07045897096395493
5409,0.05373762920498848
5410,0.07880344986915588
5411,0.09002948552370071
5412,0.06745265424251556
5413,0.06242971867322922
5414,0.08850280940532684
5415,0.045181673020124435
5416,0.05599403381347656
5417,0.08176527917385101
5418,0.07311350852251053
5419,0.03939961642026901
5420,0.06133757904171944
5421,0.07690613716840744
5422,0.07677579671144485
5423,0.03892644867300987
5424,0.026610618457198143
5425,0.0808035209774971
5426,0.07361487299203873
5427,0.057281509041786194
5428,0.04792084917426109
5429,0.038960814476013184
5430,0.06679514795541763
5431,0.07384811341762543
5432,0.03785841912031174
5433,0.043041158467531204
5434,0.04291832447052002
5435,0.08202076703310013
5436,0.07625185698270798
5437,0.04228688403964043
5438,0.07239047437906265
5439,0.02891208417713642
5440,0.05135868862271309
5441,0.05813875421881676
5442,0.05599045008420944
5443,0.043937087059020996
5444,0.06239861249923706
5445,0.07283560931682587
5446,0.10312512516975403
5447,0.03805258497595787
5448,0.06394197791814804
5449,0.07884707301855087
5450,0.06537612527608871
5451,0.07468897849321365
5452,0.08277127891778946
5453,0.05639909580349922
5454,0.06721047312021255
5455,0.03433440998196602
5456,0.06713958829641342
5457,0.056205086410045624
5458,0.030447090044617653
5459,0.060345496982336044
5460,0.09926813840866089
5461,0.09385401755571365
5462,0.0741746798157692
5463,0.08021382242441177
5464,0.07790549844503403
5465,0.09130861610174179
5466,0.04375562444329262
5467,0.09016018360853195
5468,0.05205327272415161
5469,0.04329143837094307
5470,0.06867396086454391
5471,0.024984626099467278
5472,0.08406510204076767
5473,0.04692171886563301
5474,0.08518610894680023
5475,0.07849545031785965
5476,0.03446939215064049
5477,0.05730868875980377
5478,0.079729825258255
5479,0.07391911745071411
5480,0.09572402387857437
5481,0.0647960752248764
5482,0.07738347351551056
5483,0.0844327062368393
5484,0.09189922362565994
5485,0.045252930372953415
5486,0.09127800911664963
5487,0.08315835893154144
5488,0.06019548699259758
5489,0.07733405381441116
5490,0.04650571569800377
5491,0.08608373254537582
5492,0.07376842200756073
5493,0.07505428045988083
5494,0.06325192749500275
5495,0.0683579072356224
5496,0.0727604404091835
5497,0.05639393627643585
5498,0.0645255371928215
5499,0.08318311721086502
5500,0.08757652342319489
5501,0.02482643723487854
5502,0.07225624471902847
5503,0.07511069625616074
5504,0.038916248828172684
5505,0.02612891234457493
5506,0.05537348985671997
5507,0.03887117654085159
5508,0.048763301223516464
5509,0.047101423144340515
5510,0.07359819114208221
5511,0.02431427501142025
5512,0.07652997970581055
5513,0.04592211917042732
5514,0.08813151717185974
5515,0.04995317757129669
5516,0.04798335209488869
5517,0.09130651503801346
5518,0.039183832705020905
5519,0.08707623183727264
5520,0.0746629387140274
5521,0.09880723804235458
5522,0.07078646868467331
5523,0.05187855288386345
5524,0.017716852948069572
5525,0.03971818462014198
5526,0.07612718641757965
5527,0.07905036211013794
5528,0.09132895618677139
5529,0.051184311509132385
5530,0.037973422557115555
5531,0.09329819679260254
5532,0.055228590965270996
5533,0.08472851663827896
5534,0.04236462339758873
5535,0.06842400878667831
5536,0.03939357027411461
5537,0.07171466946601868
5538,0.07087188214063644
5539,0.04059600830078125
5540,0.02792336605489254
5541,0.08340117335319519
5542,0.05481908097863197
5543,0.05801285803318024
5544,0.02042900025844574
5545,0.07228216528892517
5546,0.06973665207624435
5547,0.06480424106121063
5548,0.05268043279647827
5549,0.02257668413221836
5550,0.041822195053100586
5551,0.07071563601493835
5552,0.08713225275278091
5553,0.09174104779958725
5554,0.05335570126771927
5555,0.04117969423532486
5556,0.08924592286348343
5557,0.06090891361236572
5558,0.042469900101423264
5559,0.048329927027225494
5560,0.07449820637702942
5561,0.07515637576580048
5562,0.07295137643814087
5563,0.07982481271028519
5564,0.07422709465026855
5565,0.05553298071026802
5566,0.08474396914243698
5567,0.07674241065979004
5568,0.04377876594662666
5569,0.07384837418794632
5570,0.027228806167840958
5571,0.08279315382242203
5572,0.04014218971133232
5573,0.05513207986950874
5574,0.04147389531135559
5575,0.08070383965969086
5576,0.07191698253154755
5577,0.062015730887651443
5578,0.023711107671260834
5579,0.057856667786836624
5580,0.034863121807575226
5581,0.044451553374528885
5582,0.0402994304895401
5583,0.0598379448056221
5584,0.026888946071267128
5585,0.018530623987317085
5586,0.05734901502728462
5587,0.05213914066553116
5588,0.03262382000684738
5589,0.040585294365882874
5590,0.05116291344165802
5591,0.0718565508723259
5592,0.035290926694869995
5593,0.04803870990872383
5594,0.08584343641996384
5595,0.07535923272371292
5596,0.05557527765631676
5597,0.04944390431046486
5598,0.09216195344924927
5599,0.06371019035577774
5600,0.08206237107515335
5601,0.023047134280204773
5602,0.08452730625867844
5603,0.03599769249558449
5604,0.06687772274017334
5605,0.04484275355935097
5606,0.10073117166757584
5607,0.039724916219711304
5608,0.0740692988038063
5609,0.04992510378360748
5610,0.06186375394463539
5611,0.0878354087471962
5612,0.035190120339393616
5613,0.04083416238427162
5614,0.06437985599040985
5615,0.08158449083566666
5616,0.041313428431749344
5617,0.06242171302437782
5618,0.05389203503727913
5619,0.08103027939796448
5620,0.08672366291284561
5621,0.047706685960292816
5622,0.0862022265791893
5623,0.05447860062122345
5624,0.06635984033346176
5625,0.09456656128168106
5626,0.10036658495664597
5627,0.058080971240997314
5628,0.06100320816040039
5629,0.08224807679653168
5630,0.0740133598446846
5631,0.019820908084511757
5632,0.05453331023454666
5633,0.041846808046102524
5634,0.06066858768463135
5635,0.0827348381280899
5636,0.07836487889289856
5637,0.08468988537788391
5638,0.09506640583276749
5639,0.0644335076212883
5640,0.06831521540880203
5641,0.07963903993368149
5642,0.03500284254550934
5643,0.0700337216258049
5644,0.08131812512874603
5645,0.039213765412569046
5646,0.025651780888438225
5647,0.06200086325407028
5648,0.09036006033420563
5649,0.07990586757659912
5650,0.0689159408211708
5651,0.03787682577967644
5652,0.05020950362086296
5653,0.034456539899110794
5654,0.08069844543933868
5655,0.07324691861867905
5656,0.08045104891061783
5657,0.060546278953552246
5658,0.06232441961765289
5659,0.09681454300880432
5660,0.0741342157125473
5661,0.03890187665820122
5662,0.08122346550226212
5663,0.03948304429650307
5664,0.07647621631622314
5665,0.065703846514225
5666,0.05500442907214165
5667,0.025390326976776123
5668,0.091316819190979
5669,0.04425756260752678
5670,0.07954091578722
5671,0.05551208555698395
5672,0.05478987470269203
5673,0.06072824448347092
5674,0.06727562099695206
5675,0.07147657871246338
5676,0.041569292545318604
5677,0.0761716365814209
5678,0.10912234336137772
5679,0.05367812141776085
5680,0.046912919729948044
5681,0.023899102583527565
5682,0.048532892018556595
5683,0.011220447719097137
5684,0.039929889142513275
5685,0.0475909598171711
5686,0.13153189420700073
5687,0.0485641211271286
5688,0.08672330528497696
5689,0.07347366958856583
5690,0.08650487661361694
5691,0.1016232967376709
5692,0.04363735765218735
5693,0.05236446484923363
5694,0.034372348338365555
5695,0.06253067404031754
5696,0.0799737274646759
5697,0.08092258125543594
5698,0.06356679648160934
5699,0.09197402000427246
5700,0.0559341236948967
5701,0.03933647647500038
5702,0.0908830538392067
5703,0.07343673706054688
5704,0.037151895463466644
5705,0.08145403116941452
5706,0.037732165306806564
5707,0.06944304704666138
5708,0.030269546434283257
5709,0.02305242046713829
5710,0.11713826656341553
5711,0.04560914635658264
5712,0.0630408525466919
5713,0.07289533317089081
5714,0.07720265537500381
5715,0.07411003112792969
5716,0.07402211427688599
5717,0.09297731518745422
5718,0.0735105350613594
5719,0.06126036122441292
5720,0.035213589668273926
5721,0.06996609270572662
5722,0.052327897399663925
5723,0.05941349267959595
5724,0.08121062070131302
5725,0.041657645255327225
5726,0.07180587202310562
5727,0.07226983457803726
5728,0.08347257226705551
5729,0.07335906475782394
5730,0.09173606336116791
5731,0.0795641541481018
5732,0.10550467669963837
5733,0.07757345587015152
5734,0.03364650905132294
5735,0.05276426672935486
5736,0.03345878794789314
5737,0.11466600000858307
5738,0.04363435134291649
5739,0.09351543337106705
5740,0.07054275274276733
5741,0.07484295219182968
5742,0.07286948710680008
5743,0.05949915200471878
5744,0.03852644935250282
5745,0.06566973030567169
5746,0.05137324705719948
5747,0.07435328513383865
5748,0.0809306874871254
5749,0.08284081518650055
5750,0.04800380766391754
5751,0.027614081278443336
5752,0.07424046099185944
5753,0.06281213462352753
5754,0.08831951767206192
5755,0.07772865146398544
5756,0.07832305878400803
5757,0.025780629366636276
5758,0.07361370325088501
5759,0.07665326446294785
5760,0.07610289752483368
5761,0.03290943056344986
5762,0.0662240982055664
5763,0.0833597481250763
5764,0.07552027702331543
5765,0.08274156600236893
5766,0.05064559727907181
5767,0.08355265110731125
5768,0.044203463941812515
5769,0.07188910245895386
5770,0.04822471737861633
5771,0.08753881603479385
5772,0.07536086440086365
5773,0.06857918202877045
5774,0.06635366380214691
5775,0.07664769142866135
5776,0.06460242718458176
5777,0.04102401062846184
5778,0.07877854257822037
5779,0.03121860884130001
5780,0.07748010754585266
5781,0.05600733309984207
5782,0.1220451071858406
5783,0.048019085079431534
5784,0.06263246387243271
5785,0.0808606818318367
5786,0.10886767506599426
5787,0.06843041628599167
5788,0.06643649190664291
5789,0.0891730934381485
5790,0.04421965032815933
5791,0.08109267801046371
5792,0.04212692752480507
5793,0.07718995213508606
5794,0.04749865457415581
5795,0.09612621366977692
5796,0.05999774485826492
5797,0.060125403106212616
5798,0.0714201107621193
5799,0.051766522228717804
5800,0.03612762689590454
5801,0.0494161881506443
5802,0.05143745243549347
5803,0.08713041990995407
5804,0.07340577989816666
5805,0.07227858155965805
5806,0.04910552501678467
5807,0.08145210891962051
5808,0.08159824460744858
5809,0.07864439487457275
5810,0.09143936634063721
5811,0.057351257652044296
5812,0.03156988322734833
5813,0.07178785651922226
5814,0.034375037997961044
5815,0.061745498329401016
5816,0.06950543820858002
5817,0.03692162409424782
5818,0.07330727577209473
5819,0.041308630257844925
5820,0.08483733236789703
5821,0.07296189665794373
5822,0.07496131211519241
5823,0.04896935820579529
5824,0.034175772219896317
5825,0.05209735408425331
5826,0.06962358951568604
5827,0.06911514699459076
5828,0.06777510792016983
5829,0.06383702903985977
5830,0.07624468952417374
5831,0.05978589132428169
5832,0.06405500322580338
5833,0.06792613118886948
5834,0.029520001262426376
5835,0.05021029710769653
5836,0.0852331593632698
5837,0.05440798029303551
5838,0.03923340514302254
5839,0.07616667449474335
5840,0.07681554555892944
5841,0.07351262122392654
5842,0.07653669267892838
5843,0.07809825986623764
5844,0.022277934476733208
5845,0.06758593022823334
5846,0.07649142295122147
5847,0.0679762214422226
5848,0.02425222285091877
5849,0.07831788063049316
5850,0.07852879911661148
5851,0.032998353242874146
5852,0.13462576270103455
5853,0.04637860134243965
5854,0.07315908372402191
5855,0.07403954118490219
5856,0.06162819638848305
5857,0.0590277835726738
5858,0.07032380253076553
5859,0.06865022331476212
5860,0.0552673377096653
5861,0.05754527822136879
5862,0.08195023983716965
5863,0.09471147507429123
5864,0.037246644496917725
5865,0.024460159242153168
5866,0.0577373169362545
5867,0.06930495798587799
5868,0.06809096038341522
5869,0.05808909237384796
5870,0.060305655002593994
5871,0.07364140450954437
5872,0.09156235307455063
5873,0.05491357669234276
5874,0.049381356686353683
5875,0.048513248562812805
5876,0.06298188865184784
5877,0.041825808584690094
5878,0.08014734834432602
5879,0.06252219527959824
5880,0.08504121750593185
5881,0.06038578972220421
5882,0.06518848985433578
5883,0.07317572832107544
5884,0.06707911193370819
5885,0.043217211961746216
5886,0.029181841760873795
5887,0.07002679258584976
5888,0.07010263204574585
5889,0.05396042391657829
5890,0.0893341600894928
5891,0.04114730656147003
5892,0.05957833305001259
5893,0.027501968666911125
5894,0.0672161653637886
5895,0.014569451101124287
5896,0.025519290938973427
5897,0.054358940571546555
5898,0.05792389437556267
5899,0.051557108759880066
5900,0.05182575434446335
5901,0.054173875600099564
5902,0.044076915830373764
5903,0.04801764339208603
5904,0.0971471443772316
5905,0.052270736545324326
5906,0.06233496218919754
5907,0.09100740402936935
5908,0.0766918808221817
5909,0.039530448615550995
5910,0.04320457950234413
5911,0.07096092402935028
5912,0.067416250705719
5913,0.05673711746931076
5914,0.05151783302426338
5915,0.08040495961904526
5916,0.07354165613651276
5917,0.03897005319595337
5918,0.06162593886256218
5919,0.07701878249645233
5920,0.05385060980916023
5921,0.07280679792165756
5922,0.016865471377968788
5923,0.07191403210163116
5924,0.0697719007730484
5925,0.03950003162026405
5926,0.07668029516935349
5927,0.09358540177345276
5928,0.06673480570316315
5929,0.08087792247533798
5930,0.07229612022638321
5931,0.048726391047239304
5932,0.060807302594184875
5933,0.06824389100074768
5934,0.07039661705493927
5935,0.08737047016620636
5936,0.10980242490768433
5937,0.06742125004529953
5938,0.05776253715157509
5939,0.07903406023979187
5940,0.07122461497783661
5941,0.03661497309803963
5942,0.05920529365539551
5943,0.08242297917604446
5944,0.0698353499174118
5945,0.0690479427576065
5946,0.0805986225605011
5947,0.07944582402706146
5948,0.0735037699341774
5949,0.07674920558929443
5950,0.06437674909830093
5951,0.08034656941890717
5952,0.0559789277613163
5953,0.03457874804735184
5954,0.07770080119371414
5955,0.07696979492902756
5956,0.05790238454937935
5957,0.057653188705444336
5958,0.09225354343652725
5959,0.07871744781732559
5960,0.060556259006261826
5961,0.07475142180919647
5962,0.07455044239759445
5963,0.08399983495473862
5964,0.08078499883413315
5965,0.07844440639019012
5966,0.12693113088607788
5967,0.058778949081897736
5968,0.09235397726297379
5969,0.02526940032839775
5970,0.06402587890625
5971,0.08259345591068268
5972,0.07731758058071136
5973,0.05155375599861145
5974,0.05774499475955963
5975,0.04490114748477936
5976,0.035691551864147186
5977,0.07321158796548843
5978,0.04818524420261383
5979,0.09019780158996582
5980,0.0969390943646431
5981,0.06417576223611832
5982,0.050652552396059036
5983,0.07910099625587463
5984,0.07591939717531204
5985,0.056300096213817596
5986,0.057564571499824524
5987,0.057930536568164825
5988,0.07712981104850769
5989,0.08223835378885269
5990,0.04538945481181145
5991,0.03874983638525009
5992,0.05415404587984085
5993,0.08948180079460144
5994,0.05413885787129402
5995,0.05746149271726608
5996,0.07819909602403641
5997,0.08073911815881729
5998,0.07759407162666321
5999,0.08336017280817032
6000,0.05007859319448471
6001,0.03929310292005539
6002,0.08739355206489563
6003,0.09086722135543823
6004,0.09787916392087936
6005,0.06722426414489746
6006,0.08680390566587448
6007,0.0685686320066452
6008,0.0794605165719986
6009,0.08525204658508301
6010,0.04822416976094246
6011,0.09557784348726273
6012,0.029859360307455063
6013,0.05921812355518341
6014,0.042487192898988724
6015,0.027525216341018677
6016,0.08263713866472244
6017,0.05440652370452881
6018,0.06026162579655647
6019,0.06509609520435333
6020,0.08325057476758957
6021,0.049953289330005646
6022,0.04826345667243004
6023,0.06849609315395355
6024,0.07385428994894028
6025,0.035642169415950775
6026,0.08008600026369095
6027,0.05237104371190071
6028,0.011194257996976376
6029,0.03154541924595833
6030,0.05001942440867424
6031,0.06598973274230957
6032,0.056845296174287796
6033,0.07852134108543396
6034,0.0734938532114029
6035,0.07110549509525299
6036,0.09181597828865051
6037,0.07966749370098114
6038,0.039750296622514725
6039,0.04647425189614296
6040,0.0799606591463089
6041,0.052619416266679764
6042,0.06591052561998367
6043,0.07158198952674866
6044,0.064570851624012
6045,0.07956578582525253
6046,0.05020379647612572
6047,0.06270811706781387
6048,0.06858114153146744
6049,0.07627806812524796
6050,0.04574775695800781
6051,0.06483148038387299
6052,0.07639838755130768
6053,0.08235377073287964
6054,0.019143613055348396
6055,0.06425300240516663
6056,0.08181148022413254
6057,0.06438902765512466
6058,0.02184966392815113
6059,0.08608666807413101
6060,0.08163905888795853
6061,0.05591626837849617
6062,0.07504917681217194
6063,0.057011622935533524
6064,0.09910689294338226
6065,0.07021967321634293
6066,0.08194044232368469
6067,0.03709736838936806
6068,0.09362085908651352
6069,0.06754369288682938
6070,0.07473288476467133
6071,0.07409613579511642
6072,0.06600508838891983
6073,0.08710917830467224
6074,0.052862148731946945
6075,0.06565562635660172
6076,0.05358092114329338
6077,0.07844564318656921
6078,0.07875272631645203
6079,0.02832130342721939
6080,0.06381276994943619
6081,0.09755703806877136
6082,0.07289686053991318
6083,0.028389278799295425
6084,0.08505747467279434
6085,0.04948745295405388
6086,0.07065299153327942
6087,0.057361893355846405
6088,0.06936541199684143
6089,0.06723356246948242
6090,0.08340299129486084
6091,0.08980194479227066
6092,0.09760881960391998
6093,0.02079116739332676
6094,0.05701473727822304
6095,0.025449899956583977
6096,0.07111470401287079
6097,0.06773930042982101
6098,0.07270938158035278
6099,0.054452188313007355
6100,0.07413776963949203
6101,0.0837799459695816
6102,0.046101246029138565
6103,0.07381738722324371
6104,0.07138985395431519
6105,0.07674261927604675
6106,0.03413624316453934
6107,0.017912376672029495
6108,0.05929915979504585
6109,0.06146090477705002
6110,0.014096460305154324
6111,0.06322646141052246
6112,0.05118262395262718
6113,0.0753074586391449
6114,0.06910809874534607
6115,0.090534508228302
6116,0.0850817859172821
6117,0.05231689289212227
6118,0.04652721434831619
6119,0.07241014391183853
6120,0.07081390917301178
6121,0.07183246314525604
6122,0.062264058738946915
6123,0.04303939640522003
6124,0.037584416568279266
6125,0.06760381162166595
6126,0.10750855505466461
6127,0.08204620331525803
6128,0.08926080912351608
6129,0.07042409479618073
6130,0.08062779903411865
6131,0.042508430778980255
6132,0.05478557571768761
6133,0.06669817119836807
6134,0.08349192142486572
6135,0.09150794893503189
6136,0.07772789150476456
6137,0.042906370013952255
6138,0.020586451515555382
6139,0.08910519629716873
6140,0.07290533930063248
6141,0.07085148245096207
6142,0.06449287384748459
6143,0.05700846388936043
6144,0.07795120775699615
6145,0.03738238289952278
6146,0.07564419507980347
6147,0.08334144204854965
6148,0.056540437042713165
6149,0.05586375668644905
6150,0.06452027708292007
6151,0.06896092742681503
6152,0.08066955953836441
6153,0.08129366487264633
6154,0.04870888218283653
6155,0.08405853807926178
6156,0.07287152856588364
6157,0.059640754014253616
6158,0.09922324120998383
6159,0.08035306632518768
6160,0.05561060458421707
6161,0.051544997841119766
6162,0.026647115126252174
6163,0.06462062895298004
6164,0.07840199768543243
6165,0.06058216094970703
6166,0.04913554713129997
6167,0.07999520003795624
6168,0.06605140119791031
6169,0.06908805668354034
6170,0.06625828891992569
6171,0.04383762553334236
6172,0.06773308664560318
6173,0.06419633328914642
6174,0.07827423512935638
6175,0.08782370388507843
6176,0.06387472152709961
6177,0.020330797880887985
6178,0.06051715090870857
6179,0.06427466869354248
6180,0.026819774881005287
6181,0.09674352407455444
6182,0.03961876407265663
6183,0.03819971904158592
6184,0.02940022572875023
6185,0.07330084592103958
6186,0.1008620634675026
6187,0.06253179907798767
6188,0.0523490235209465
6189,0.060273103415966034
6190,0.030242715030908585
6191,0.059835534542798996
6192,0.06061442196369171
6193,0.020261555910110474
6194,0.05319612845778465
6195,0.058928921818733215
6196,0.0653221607208252
6197,0.08332385867834091
6198,0.058159101754426956
6199,0.09272362291812897
6200,0.06413612514734268
6201,0.10657767206430435
6202,0.07294557243585587
6203,0.062309928238391876
6204,0.07482542097568512
6205,0.05942442640662193
6206,0.04395465925335884
6207,0.07067276537418365
6208,0.032576173543930054
6209,0.031418077647686005
6210,0.05658363178372383
6211,0.07225150614976883
6212,0.04482631757855415
6213,0.08424348384141922
6214,0.06037624180316925
6215,0.04036635905504227
6216,0.0754956379532814
6217,0.04609813168644905
6218,0.06620623171329498
6219,0.06206279993057251
6220,0.062234751880168915
6221,0.06612415611743927
6222,0.049906689673662186
6223,0.10047454386949539
6224,0.08449403196573257
6225,0.024431202560663223
6226,0.050462108105421066
6227,0.07600835710763931
6228,0.07351764291524887
6229,0.07029999047517776
6230,0.028879795223474503
6231,0.05317195504903793
6232,0.08548364788293839
6233,0.07170666009187698
6234,0.07415924966335297
6235,0.026004090905189514
6236,0.08548495173454285
6237,0.07452747970819473
6238,0.07052555680274963
6239,0.060366757214069366
6240,0.0496312715113163
6241,0.07372088730335236
6242,0.034073639661073685
6243,0.039983928203582764
6244,0.07093439251184464
6245,0.06576389074325562
6246,0.058583345264196396
6247,0.07478798180818558
6248,0.06881937384605408
6249,0.05614010617136955
6250,0.05088157206773758
6251,0.053987909108400345
6252,0.08032902330160141
6253,0.07077053934335709
6254,0.07316748052835464
6255,0.055806856602430344
6256,0.06711205095052719
6257,0.05059703066945076
6258,0.07492692768573761
6259,0.06284116208553314
6260,0.05586405470967293
6261,0.03359394893050194
6262,0.03514237701892853
6263,0.04208207130432129
6264,0.07609298080205917
6265,0.05393396317958832
6266,0.08069906383752823
6267,0.04636843502521515
6268,0.08081357926130295
6269,0.036954570561647415
6270,0.05469098314642906
6271,0.017627011984586716
6272,0.0466122031211853
6273,0.060494158416986465
6274,0.09106603264808655
6275,0.081413134932518
6276,0.06557229161262512
6277,0.06974267214536667
6278,0.08177969604730606
6279,0.07274320721626282
6280,0.08950295299291611
6281,0.09059666097164154
6282,0.07076343894004822
6283,0.06518622487783432
6284,0.052428606897592545
6285,0.07065805047750473
6286,0.07373209297657013
6287,0.07270850241184235
6288,0.06220211088657379
6289,0.07523423433303833
6290,0.07785144448280334
6291,0.06849487870931625
6292,0.06885550171136856
6293,0.08353636413812637
6294,0.07512307912111282
6295,0.040385205298662186
6296,0.10822631418704987
6297,0.11115307360887527
6298,0.09093208611011505
6299,0.06942226737737656
6300,0.06195987015962601
6301,0.09798286855220795
6302,0.03538757562637329
6303,0.07677014917135239
6304,0.044733285903930664
6305,0.06613133102655411
6306,0.06887662410736084
6307,0.08742950111627579
6308,0.08103648573160172
6309,0.09289523959159851
6310,0.049164287745952606
6311,0.07782682031393051
6312,0.031112441793084145
6313,0.05521653965115547
6314,0.048523202538490295
6315,0.06505187600851059
6316,0.05308760702610016
6317,0.08113088458776474
6318,0.02863156795501709
6319,0.043528396636247635
6320,0.03781523182988167
6321,0.07764322310686111
6322,0.06958717852830887
6323,0.03436197340488434
6324,0.08164484053850174
6325,0.06350938975811005
6326,0.043111324310302734
6327,0.06638822704553604
6328,0.06832612305879593
6329,0.06208903342485428
6330,0.035486239939928055
6331,0.04481919854879379
6332,0.045811641961336136
6333,0.06341598182916641
6334,0.06604035198688507
6335,0.0465528666973114
6336,0.06946396827697754
6337,0.06548728048801422
6338,0.027724290266633034
6339,0.04471633955836296
6340,0.07579533010721207
6341,0.07212692499160767
6342,0.056741636246442795
6343,0.04120444133877754
6344,0.0700659304857254
6345,0.06343422085046768
6346,0.03649334982037544
6347,0.053504593670368195
6348,0.06501439213752747
6349,0.03890778496861458
6350,0.06977937370538712
6351,0.03611377999186516
6352,0.08751564472913742
6353,0.052941370755434036
6354,0.07120883464813232
6355,0.032219283282756805
6356,0.07047557830810547
6357,0.07431536912918091
6358,0.07671753317117691
6359,0.03914528340101242
6360,0.07435029745101929
6361,0.03460201993584633
6362,0.04761369898915291
6363,0.06890644133090973
6364,0.07715503126382828
6365,0.04960726946592331
6366,0.08140053600072861
6367,0.05853816494345665
6368,0.06878826767206192
6369,0.06718448549509048
6370,0.08639825880527496
6371,0.05718980357050896
6372,0.07371433079242706
6373,0.04715002328157425
6374,0.0623055025935173
6375,0.06421253830194473
6376,0.1104583591222763
6377,0.09034808725118637
6378,0.06830940395593643
6379,0.10056370496749878
6380,0.07645434886217117
6381,0.08112231642007828
6382,0.0712207704782486
6383,0.05750434845685959
6384,0.05649038031697273
6385,0.07231219112873077
6386,0.06847762316465378
6387,0.07482268661260605
6388,0.05713284760713577
6389,0.08548927307128906
6390,0.04724510386586189
6391,0.0960460901260376
6392,0.08318953216075897
6393,0.06338349729776382
6394,0.03723474219441414
6395,0.07364103198051453
6396,0.04435385391116142
6397,0.05766535550355911
6398,0.09224652498960495
6399,0.08031707257032394
6400,0.0644441619515419
6401,0.07301433384418488
6402,0.036975935101509094
6403,0.06190808117389679
6404,0.07728754729032516
6405,0.05150985345244408
6406,0.0821249783039093
6407,0.08098515123128891
6408,0.02915305830538273
6409,0.06962314993143082
6410,0.06821153312921524
6411,0.06329534202814102
6412,0.03778626769781113
6413,0.08165202289819717
6414,0.06193837895989418
6415,0.08273038268089294
6416,0.06381923705339432
6417,0.014070031233131886
6418,0.09685736894607544
6419,0.09621616452932358
6420,0.08300638198852539
6421,0.07953821867704391
6422,0.07142366468906403
6423,0.07697118818759918
6424,0.08805114775896072
6425,0.06395872682332993
6426,0.044709596782922745
6427,0.087056003510952
6428,0.08148422837257385
6429,0.08811607956886292
6430,0.06532062590122223
6431,0.07223168015480042
6432,0.08486855775117874
6433,0.043421246111392975
6434,0.10334224253892899
6435,0.0464358814060688
6436,0.07314318418502808
6437,0.07207313179969788
6438,0.04741222411394119
6439,0.07152966409921646
6440,0.052923813462257385
6441,0.06156785041093826
6442,0.09010645747184753
6443,0.08738624304533005
6444,0.06511495262384415
6445,0.034705061465501785
6446,0.028345193713903427
6447,0.03520551323890686
6448,0.042787641286849976
6449,0.06623639911413193
6450,0.06178167089819908
6451,0.0972043052315712
6452,0.05490081012248993
6453,0.0741453766822815
6454,0.07021088153123856
6455,0.07395914196968079
6456,0.09456077963113785
6457,0.07715419679880142
6458,0.04187526926398277
6459,0.012227674014866352
6460,0.03615998104214668
6461,0.06643353402614594
6462,0.062189895659685135
6463,0.08180277049541473
6464,0.06279461830854416
6465,0.0701376423239708
6466,0.03590233996510506
6467,0.08838988095521927
6468,0.07576221227645874
6469,0.08311416208744049
6470,0.06971587985754013
6471,0.07158015668392181
6472,0.08373703807592392
6473,0.05117015540599823
6474,0.08359233289957047
6475,0.04798530414700508
6476,0.05002276599407196
6477,0.08008696883916855
6478,0.07685741037130356
6479,0.04149175062775612
6480,0.06604638695716858
6481,0.07477901875972748
6482,0.04045884683728218
6483,0.07290869206190109
6484,0.08336202055215836
6485,0.042741019278764725
6486,0.0688377097249031
6487,0.07383880764245987
6488,0.08578573167324066
6489,0.07867268472909927
6490,0.06957859545946121
6491,0.14129066467285156
6492,0.0709909126162529
6493,0.03743624687194824
6494,0.06764629483222961
6495,0.0548589825630188
6496,0.013986710458993912
6497,0.04983660206198692
6498,0.1042090430855751
6499,0.071323461830616
6500,0.07980778068304062
6501,0.06956484913825989
6502,0.0620848722755909
6503,0.044383902102708817
6504,0.028305789455771446
6505,0.08576363325119019
6506,0.0663064494729042
6507,0.09214906394481659
6508,0.06286964565515518
6509,0.056674472987651825
6510,0.05563116818666458
6511,0.04048151150345802
6512,0.05874132364988327
6513,0.0771622285246849
6514,0.06463291496038437
6515,0.06248994544148445
6516,0.07323190569877625
6517,0.052346594631671906
6518,0.06421978026628494
6519,0.04204319044947624
6520,0.03944215551018715
6521,0.06368733942508698
6522,0.07352226972579956
6523,0.08423495292663574
6524,0.07371407002210617
6525,0.04875587671995163
6526,0.0589560866355896
6527,0.05377214029431343
6528,0.06747507303953171
6529,0.0652681365609169
6530,0.05231702700257301
6531,0.04222046583890915
6532,0.04561427980661392
6533,0.06999476999044418
6534,0.08691320568323135
6535,0.04751700162887573
6536,0.06414303928613663
6537,0.06542561203241348
6538,0.04127590358257294
6539,0.050246238708496094
6540,0.07791103422641754
6541,0.07269631326198578
6542,0.08244751393795013
6543,0.04616929218173027
6544,0.037249885499477386
6545,0.08477430045604706
6546,0.07149189710617065
6547,0.07511061429977417
6548,0.05068020895123482
6549,0.08732891082763672
6550,0.08654875308275223
6551,0.07318036258220673
6552,0.04335904121398926
6553,0.07681514322757721
6554,0.04117410629987717
6555,0.0727250874042511
6556,0.055962298065423965
6557,0.107613205909729
6558,0.048121750354766846
6559,0.07256752997636795
6560,0.04849974811077118
6561,0.033889878541231155
6562,0.07381109148263931
6563,0.059352677315473557
6564,0.06514233350753784
6565,0.019748054444789886
6566,0.027388567104935646
6567,0.08116103708744049
6568,0.08979636430740356
6569,0.016639165580272675
6570,0.072991743683815
6571,0.11499634385108948
6572,0.06631539016962051
6573,0.07022065669298172
6574,0.07615441083908081
6575,0.05607917532324791
6576,0.04199742153286934
6577,0.06731811165809631
6578,0.03716229274868965
6579,0.07496120780706406
6580,0.06950017809867859
6581,0.08139083534479141
6582,0.086567223072052
6583,0.07635599374771118
6584,0.054828863590955734
6585,0.07482856512069702
6586,0.06744807958602905
6587,0.05835180729627609
6588,0.062018830329179764
6589,0.0475882813334465
6590,0.07395531237125397
6591,0.03954752907156944
6592,0.07416633516550064
6593,0.05414282903075218
6594,0.015450526960194111
6595,0.08900494873523712
6596,0.06028140336275101
6597,0.03800199180841446
6598,0.08199534565210342
6599,0.049952778965234756
6600,0.07070062309503555
6601,0.06880798935890198
6602,0.07557407766580582
6603,0.10691670328378677
6604,0.06084940955042839
6605,0.08111997693777084
6606,0.057161927223205566
6607,0.07214346528053284
6608,0.09816676378250122
6609,0.05779329314827919
6610,0.08361420780420303
6611,0.07552877068519592
6612,0.07231386750936508
6613,0.07878737896680832
6614,0.07122727483510971
6615,0.0811421275138855
6616,0.0332949161529541
6617,0.057427406311035156
6618,0.04486862197518349
6619,0.06818542629480362
6620,0.06240619719028473
6621,0.05001448839902878
6622,0.0655471682548523
6623,0.07801239937543869
6624,0.04549527168273926
6625,0.06779386848211288
6626,0.08612112700939178
6627,0.05068781226873398
6628,0.07176001369953156
6629,0.04978744313120842
6630,0.0363408662378788
6631,0.062013521790504456
6632,0.08277445286512375
6633,0.0714566633105278
6634,0.06049470230937004
6635,0.07034473121166229
6636,0.08636084944009781
6637,0.09436430037021637
6638,0.08362386375665665
6639,0.07460208237171173
6640,0.03322801738977432
6641,0.08714839816093445
6642,0.03275066986680031
6643,0.05397609993815422
6644,0.06132488325238228
6645,0.07459721714258194
6646,0.05524016171693802
6647,0.028106698766350746
6648,0.044245291501283646
6649,0.08145163953304291
6650,0.0688483864068985
6651,0.07201531529426575
6652,0.07646056264638901
6653,0.06830738484859467
6654,0.06110331788659096
6655,0.07513482123613358
6656,0.07805120199918747
6657,0.07608778774738312
6658,0.059261832386255264
6659,0.08286229521036148
6660,0.10057631880044937
6661,0.0698508694767952
6662,0.07369590550661087
6663,0.07843834906816483
6664,0.07069727778434753
6665,0.05403218790888786
6666,0.041175439953804016
6667,0.0515669509768486
6668,0.08564988523721695
6669,0.02796280011534691
6670,0.08219362795352936
6671,0.06262359768152237
6672,0.08048943430185318
6673,0.08342406153678894
6674,0.06061519682407379
6675,0.07965166121721268
6676,0.06887374818325043
6677,0.03935560956597328
6678,0.0620579868555069
6679,0.06369580328464508
6680,0.045743897557258606
6681,0.04008830711245537
6682,0.08301201462745667
6683,0.020182106643915176
6684,0.10102525353431702
6685,0.09565910696983337
6686,0.058493033051490784
6687,0.0451337993144989
6688,0.06947184354066849
6689,0.07458606362342834
6690,0.06802251935005188
6691,0.06448575109243393
6692,0.06745263189077377
6693,0.05507313460111618
6694,0.07909142971038818
6695,0.045793402940034866
6696,0.08087486028671265
6697,0.06594709306955338
6698,0.10246632993221283
6699,0.08283606916666031
6700,0.07064148038625717
6701,0.05060602352023125
6702,0.10674239695072174
6703,0.039742063730955124
6704,0.08973098546266556
6705,0.07791119068861008
6706,0.0709603950381279
6707,0.07885191589593887
6708,0.0766858235001564
6709,0.05502987653017044
6710,0.07937897741794586
6711,0.07573120296001434
6712,0.05989602580666542
6713,0.04615768417716026
6714,0.07677946984767914
6715,0.04032943397760391
6716,0.08452294766902924
6717,0.06967166066169739
6718,0.07779325544834137
6719,0.07222527265548706
6720,0.06955448538064957
6721,0.07402714341878891
6722,0.09286085516214371
6723,0.04188484326004982
6724,0.11058039218187332
6725,0.045964546501636505
6726,0.09338469058275223
6727,0.050354160368442535
6728,0.04305893927812576
6729,0.06001871079206467
6730,0.03772338107228279
6731,0.07698644697666168
6732,0.11210209876298904
6733,0.04495646059513092
6734,0.0803036019206047
6735,0.07397347688674927
6736,0.04990864545106888
6737,0.05061188340187073
6738,0.07116733491420746
6739,0.0828644260764122
6740,0.083868108689785
6741,0.08375411480665207
6742,0.0663047805428505
6743,0.07104460150003433
6744,0.10138634592294693
6745,0.07187936455011368
6746,0.06300022453069687
6747,0.07904661446809769
6748,0.013952442444860935
6749,0.04954453930258751
6750,0.02571309357881546
6751,0.05095309391617775
6752,0.04857097938656807
6753,0.12849336862564087
6754,0.048812080174684525
6755,0.023655444383621216
6756,0.048889171332120895
6757,0.09990055114030838
6758,0.08178180456161499
6759,0.07244512438774109
6760,0.13274593651294708
6761,0.06364820897579193
6762,0.06174664571881294
6763,0.07534879446029663
6764,0.014006351120769978
6765,0.07419370859861374
6766,0.06169326603412628
6767,0.022529909387230873
6768,0.07047192007303238
6769,0.05305926501750946
6770,0.03066960722208023
6771,0.08706625550985336
6772,0.07445972412824631
6773,0.03779131919145584
6774,0.1278483271598816
6775,0.06497035175561905
6776,0.07656584680080414
6777,0.09041237831115723
6778,0.07481811195611954
6779,0.05900992453098297
6780,0.07203810662031174
6781,0.04006146267056465
6782,0.04119359329342842
6783,0.06751487404108047
6784,0.026533430442214012
6785,0.05977969244122505
6786,0.07368996739387512
6787,0.06884616613388062
6788,0.02671552635729313
6789,0.05954582244157791
6790,0.06738074868917465
6791,0.034062571823596954
6792,0.08355726301670074
6793,0.07113431394100189
6794,0.0673321783542633
6795,0.06782814860343933
6796,0.09038259834051132
6797,0.05423040688037872
6798,0.05443338304758072
6799,0.06334402412176132
6800,0.06863218545913696
6801,0.07067172229290009
6802,0.054683320224285126
6803,0.10211176425218582
6804,0.08239392191171646
6805,0.052633676677942276
6806,0.07169117033481598
6807,0.05432702973484993
6808,0.03490319475531578
6809,0.07011014223098755
6810,0.08560653775930405
6811,0.050422780215740204
6812,0.06652303785085678
6813,0.05696282908320427
6814,0.05594341829419136
6815,0.023540817201137543
6816,0.06694742292165756
6817,0.049291063100099564
6818,0.07293727248907089
6819,0.08241857588291168
6820,0.047489065676927567
6821,0.024656491354107857
6822,0.09044510126113892
6823,0.0580192469060421
6824,0.07486539334058762
6825,0.03504297509789467
6826,0.02755362167954445
6827,0.08644083887338638
6828,0.06018086150288582
6829,0.044168442487716675
6830,0.08259086310863495
6831,0.06554654240608215
6832,0.051822859793901443
6833,0.06903750449419022
6834,0.05981144681572914
6835,0.01514678355306387
6836,0.05496698617935181
6837,0.07386359572410583
6838,0.044627659022808075
6839,0.04200112819671631
6840,0.07403293251991272
6841,0.08002272993326187
6842,0.09918879717588425
6843,0.053093280643224716
6844,0.0855623111128807
6845,0.09529901295900345
6846,0.05850862339138985
6847,0.07512246072292328
6848,0.0716257095336914
6849,0.06997548043727875
6850,0.016049915924668312
6851,0.05216098204255104
6852,0.0695415809750557
6853,0.03589709475636482
6854,0.04965059831738472
6855,0.07618845254182816
6856,0.06203785166144371
6857,0.07307618856430054
6858,0.029952066019177437
6859,0.06833595782518387
6860,0.05318903550505638
6861,0.05273072049021721
6862,0.0504608154296875
6863,0.046058591455221176
6864,0.07906351238489151
6865,0.06743273884057999
6866,0.07739795744419098
6867,0.07244744896888733
6868,0.04686884209513664
6869,0.07136329263448715
6870,0.03939296677708626
6871,0.02122798003256321
6872,0.06252624094486237
6873,0.0823611170053482
6874,0.07249089330434799
6875,0.04696664586663246
6876,0.10982928425073624
6877,0.009689443744719028
6878,0.07914898544549942
6879,0.07195845991373062
6880,0.07707307487726212
6881,0.08588140457868576
6882,0.01914612203836441
6883,0.10999622941017151
6884,0.012286028824746609
6885,0.017230324447155
6886,0.06500832736492157
6887,0.0746065080165863
6888,0.0788327157497406
6889,0.05394420400261879
6890,0.04089995101094246
6891,0.06533918529748917
6892,0.026353368535637856
6893,0.06818101555109024
6894,0.01904110424220562
6895,0.048952508717775345
6896,0.07829408347606659
6897,0.06739765405654907
6898,0.040938932448625565
6899,0.05141535773873329
6900,0.05137623846530914
6901,0.03038589097559452
6902,0.07130847871303558
6903,0.06909219175577164
6904,0.072112075984478
6905,0.06767117977142334
6906,0.06136716157197952
6907,0.030779212713241577
6908,0.07084781676530838
6909,0.07577301561832428
6910,0.051986146718263626
6911,0.06569694727659225
6912,0.05015517398715019
6913,0.086890809237957
6914,0.04822687432169914
6915,0.07839471846818924
6916,0.07633624970912933
6917,0.04351845011115074
6918,0.08217806369066238
6919,0.061181340366601944
6920,0.05347033217549324
6921,0.057913415133953094
6922,0.06603536754846573
6923,0.04620093107223511
6924,0.067509226500988
6925,0.016201326623558998
6926,0.029561307281255722
6927,0.04143266752362251
6928,0.07284695655107498
6929,0.06542917340993881
6930,0.06306002289056778
6931,0.07406207174062729
6932,0.030244814231991768
6933,0.08003345876932144
6934,0.07383982092142105
6935,0.07777699828147888
6936,0.07387152314186096
6937,0.05308328941464424
6938,0.08080874383449554
6939,0.056795649230480194
6940,0.07832388579845428
6941,0.06841976195573807
6942,0.07763044536113739
6943,0.0895347073674202
6944,0.05301191285252571
6945,0.06615632027387619
6946,0.05934124067425728
6947,0.061438098549842834
6948,0.05664884299039841
6949,0.0855623409152031
6950,0.03891383856534958
6951,0.01690005511045456
6952,0.0750916376709938
6953,0.05980415642261505
6954,0.04049450159072876
6955,0.05421854183077812
6956,0.08133015781641006
6957,0.0649736225605011
6958,0.06550747901201248
6959,0.07212455570697784
6960,0.08645353466272354
6961,0.04537856578826904
6962,0.06932128220796585
6963,0.08825450390577316
6964,0.08514952659606934
6965,0.061894841492176056
6966,0.06893055140972137
6967,0.07124654203653336
6968,0.07262465357780457
6969,0.09564186632633209
6970,0.08285466581583023
6971,0.06471961736679077
6972,0.0683065727353096
6973,0.041460320353507996
6974,0.09624525159597397
6975,0.05661408230662346
6976,0.04263364151120186
6977,0.0314381904900074
6978,0.05978161841630936
6979,0.016499899327754974
6980,0.08519825339317322
6981,0.07783646881580353
6982,0.05380585417151451
6983,0.06983653455972672
6984,0.04282628744840622
6985,0.0741804912686348
6986,0.023183273151516914
6987,0.034013424068689346
6988,0.061622254550457
6989,0.09639612585306168
6990,0.07257088273763657
6991,0.06828932464122772
6992,0.06383012235164642
6993,0.07623952627182007
6994,0.06144334748387337
6995,0.04986884817481041
6996,0.07466216385364532
6997,0.07210913300514221
6998,0.03364432975649834
6999,0.06650096923112869
7000,0.06576798856258392
7001,0.03254539147019386
7002,0.07864386588335037
7003,0.05604933947324753
7004,0.07574157416820526
7005,0.03141582012176514
7006,0.049025461077690125
7007,0.04732163995504379
7008,0.06654289364814758
7009,0.08615032583475113
7010,0.059883058071136475
7011,0.030561238527297974
7012,0.0740022137761116
7013,0.05197005346417427
7014,0.07486778497695923
7015,0.04627678915858269
7016,0.06059383600950241
7017,0.01619574800133705
7018,0.05006999149918556
7019,0.05357460305094719
7020,0.07391030341386795
7021,0.06508590281009674
7022,0.03783924877643585
7023,0.04774731770157814
7024,0.0612555630505085
7025,0.09031741321086884
7026,0.04345881938934326
7027,0.02614857256412506
7028,0.07918848097324371
7029,0.076588474214077
7030,0.07276522368192673
7031,0.06608188152313232
7032,0.09262942522764206
7033,0.08454243093729019
7034,0.041533444076776505
7035,0.02514168992638588
7036,0.06356596946716309
7037,0.08353720605373383
7038,0.07191279530525208
7039,0.07377000898122787
7040,0.03505432978272438
7041,0.04019567370414734
7042,0.05378362908959389
7043,0.07218360900878906
7044,0.06907010078430176
7045,0.059923265129327774
7046,0.09371355175971985
7047,0.03245808556675911
7048,0.07313625514507294
7049,0.05474457889795303
7050,0.06593374162912369
7051,0.07224855571985245
7052,0.07986777275800705
7053,0.07931951433420181
7054,0.05713982135057449
7055,0.04699277877807617
7056,0.0713336318731308
7057,0.07394370436668396
7058,0.06130506470799446
7059,0.046154968440532684
7060,0.07953543961048126
7061,0.09159998595714569
7062,0.06843723356723785
7063,0.034536540508270264
7064,0.029869595542550087
7065,0.07727295905351639
7066,0.0510483980178833
7067,0.03765435889363289
7068,0.03929399698972702
7069,0.07682659476995468
7070,0.06928100436925888
7071,0.08310718089342117
7072,0.08548152446746826
7073,0.06938015669584274
7074,0.05671127513051033
7075,0.08227619528770447
7076,0.06305036693811417
7077,0.04109882935881615
7078,0.05433030426502228
7079,0.04894395172595978
7080,0.047423530369997025
7081,0.05495234578847885
7082,0.06282217055559158
7083,0.041818175464868546
7084,0.03421861305832863
7085,0.06088176742196083
7086,0.050651755183935165
7087,0.09368371963500977
7088,0.06819959729909897
7089,0.047673121094703674
7090,0.0548291951417923
7091,0.02411886677145958
7092,0.05363157019019127
7093,0.03672773391008377
7094,0.06326624006032944
7095,0.0844867080450058
7096,0.02564021199941635
7097,0.06252075731754303
7098,0.0601520873606205
7099,0.09733474254608154
7100,0.06690412014722824
7101,0.09490112215280533
7102,0.05510932579636574
7103,0.04608534649014473
7104,0.07460594922304153
7105,0.08299803733825684
7106,0.08552001416683197
7107,0.05474761128425598
7108,0.07905761897563934
7109,0.08825740963220596
7110,0.06486838310956955
7111,0.06639043241739273
7112,0.03433149307966232
7113,0.06598544865846634
7114,0.0422164723277092
7115,0.016294116154313087
7116,0.09411833435297012
7117,0.09899159520864487
7118,0.0382276214659214
7119,0.07945248484611511
7120,0.09376728534698486
7121,0.07125864923000336
7122,0.0444449782371521
7123,0.05672464147210121
7124,0.08355625718832016
7125,0.0378221794962883
7126,0.0109459413215518
7127,0.1001337543129921
7128,0.04153119772672653
7129,0.03246881067752838
7130,0.0733468309044838
7131,0.07893047481775284
7132,0.07069986313581467
7133,0.05351949855685234
7134,0.07433862239122391
7135,0.06700124591588974
7136,0.04376222938299179
7137,0.0662895143032074
7138,0.056216418743133545
7139,0.05801932141184807
7140,0.06072404608130455
7141,0.04468772932887077
7142,0.026713291183114052
7143,0.008955344557762146
7144,0.0718112364411354
7145,0.059902291744947433
7146,0.09199783951044083
7147,0.06625669449567795
7148,0.02561155892908573
7149,0.09150436520576477
7150,0.0565839558839798
7151,0.05361350253224373
7152,0.08036588132381439
7153,0.09840357303619385
7154,0.05402545630931854
7155,0.03338606655597687
7156,0.03792445734143257
7157,0.07702759653329849
7158,0.05082737281918526
7159,0.0679793506860733
7160,0.09757379442453384
7161,0.031281374394893646
7162,0.0275576151907444
7163,0.025166353210806847
7164,0.08200610429048538
7165,0.07933808863162994
7166,0.03534949570894241
7167,0.05880242586135864
7168,0.07642020285129547
7169,0.09042146056890488
7170,0.02776283770799637
7171,0.07638758420944214
7172,0.026652725413441658
7173,0.03341257572174072
7174,0.08690670877695084
7175,0.08045569062232971
7176,0.04775894433259964
7177,0.04028229042887688
7178,0.053184766322374344
7179,0.07287446409463882
7180,0.04989098757505417
7181,0.05486337095499039
7182,0.08038733154535294
7183,0.04399973526597023
7184,0.1063491702079773
7185,0.09065201878547668
7186,0.020790686830878258
7187,0.06548090279102325
7188,0.07173006981611252
7189,0.0823078528046608
7190,0.08077871799468994
7191,0.05836949869990349
7192,0.04506506398320198
7193,0.04481663554906845
7194,0.027196604758501053
7195,0.06918304413557053
7196,0.0637032687664032
7197,0.07370322197675705
7198,0.079352468252182
7199,0.06428471952676773
7200,0.022924387827515602
7201,0.07250729948282242
7202,0.042112160474061966
7203,0.040619395673274994
7204,0.0687723383307457
7205,0.06181185320019722
7206,0.053747132420539856
7207,0.06285097450017929
7208,0.021463321521878242
7209,0.06680667400360107
7210,0.05159050598740578
7211,0.04204680025577545
7212,0.04815678671002388
7213,0.05996475741267204
7214,0.06601084023714066
7215,0.07616735249757767
7216,0.09463052451610565
7217,0.05500919371843338
7218,0.03438446298241615
7219,0.05115262791514397
7220,0.009647898375988007
7221,0.07617364078760147
7222,0.06146908551454544
7223,0.033257268369197845
7224,0.05186447128653526
7225,0.08194581419229507
7226,0.055076293647289276
7227,0.07275394350290298
7228,0.05826779082417488
7229,0.039927925914525986
7230,0.059910859912633896
7231,0.06491012871265411
7232,0.07523570954799652
7233,0.05846836790442467
7234,0.06560666859149933
7235,0.04279090464115143
7236,0.07653168588876724
7237,0.07825281471014023
7238,0.06820552796125412
7239,0.09083173424005508
7240,0.03648620843887329
7241,0.0851578339934349
7242,0.08074217289686203
7243,0.07306504249572754
7244,0.06435288488864899
7245,0.042051929980516434
7246,0.047143545001745224
7247,0.07697176933288574
7248,0.050264038145542145
7249,0.0970991849899292
7250,0.06945662945508957
7251,0.07082340866327286
7252,0.07928517460823059
7253,0.05072728917002678
7254,0.08806043118238449
7255,0.06040855124592781
7256,0.0748237892985344
7257,0.06218729540705681
7258,0.01632171869277954
7259,0.06642422825098038
7260,0.07831508666276932
7261,0.03319716453552246
7262,0.09309767931699753
7263,0.08300130069255829
7264,0.0776386633515358
7265,0.030298607423901558
7266,0.07742612063884735
7267,0.06670460850000381
7268,0.023680491372942924
7269,0.06863675266504288
7270,0.0763344019651413
7271,0.0727912187576294
7272,0.07307196408510208
7273,0.06613586843013763
7274,0.032266780734062195
7275,0.08206126093864441
7276,0.06368137896060944
7277,0.05795930698513985
7278,0.08077917993068695
7279,0.06090831011533737
7280,0.06523803621530533
7281,0.04338613525032997
7282,0.05240244045853615
7283,0.03481285274028778
7284,0.06580374389886856
7285,0.08911624550819397
7286,0.08200246095657349
7287,0.03949853405356407
7288,0.06995688378810883
7289,0.038216330111026764
7290,0.04145446792244911
7291,0.03314634785056114
7292,0.06335339695215225
7293,0.062230587005615234
7294,0.05358519032597542
7295,0.08150429278612137
7296,0.06342462450265884
7297,0.07642931491136551
7298,0.04210495576262474
7299,0.07410765439271927
7300,0.08394179493188858
7301,0.0562518835067749
7302,0.04867083579301834
7303,0.06775979697704315
7304,0.08660023659467697
7305,0.07075745612382889
7306,0.08698126673698425
7307,0.06263188272714615
7308,0.058491066098213196
7309,0.07349231094121933
7310,0.046757735311985016
7311,0.0816279798746109
7312,0.0697455182671547
7313,0.06050935015082359
7314,0.08022681623697281
7315,0.07973170280456543
7316,0.0705919861793518
7317,0.094220831990242
7318,0.06593062728643417
7319,0.04516110196709633
7320,0.08782167732715607
7321,0.06315351277589798
7322,0.06005857512354851
7323,0.08721903711557388
7324,0.055295128375291824
7325,0.049994662404060364
7326,0.06960518658161163
7327,0.04612012580037117
7328,0.06964753568172455
7329,0.0863555371761322
7330,0.06329260021448135
7331,0.017733165994286537
7332,0.00896767433732748
7333,0.06873670965433121
7334,0.06315010040998459
7335,0.05680885538458824
7336,0.08700855821371078
7337,0.06555034220218658
7338,0.06888320297002792
7339,0.07968520373106003
7340,0.04879729822278023
7341,0.02947598323225975
7342,0.06657367199659348
7343,0.061802055686712265
7344,0.07679968327283859
7345,0.07965043932199478
7346,0.06994806975126266
7347,0.07252207398414612
7348,0.053898490965366364
7349,0.03787617385387421
7350,0.0687163695693016
7351,0.08391477167606354
7352,0.11156688630580902
7353,0.021462010219693184
7354,0.06737225502729416
7355,0.026785263791680336
7356,0.07383888214826584
7357,0.07979582250118256
7358,0.04930834844708443
7359,0.07755526155233383
7360,0.03952115401625633
7361,0.0766337513923645
7362,0.04860736429691315
7363,0.055902931839227676
7364,0.06848203390836716
7365,0.05796153098344803
7366,0.0860908105969429
7367,0.04818560555577278
7368,0.049614615738391876
7369,0.06559288501739502
7370,0.06844645738601685
7371,0.08331191539764404
7372,0.043563783168792725
7373,0.06495130807161331
7374,0.04724790155887604
7375,0.050164248794317245
7376,0.07327014952898026
7377,0.08521357923746109
7378,0.06723504513502121
7379,0.062366511672735214
7380,0.0554443821310997
7381,0.03540392592549324
7382,0.07551179081201553
7383,0.06639129668474197
7384,0.07273752242326736
7385,0.08395810425281525
7386,0.06298545747995377
7387,0.030108749866485596
7388,0.0743352547287941
7389,0.061263542622327805
7390,0.04922110587358475
7391,0.06064383313059807
7392,0.050391241908073425
7393,0.07971622794866562
7394,0.022902460768818855
7395,0.0872756689786911
7396,0.03851844742894173
7397,0.08962620794773102
7398,0.06445778906345367
7399,0.08019474893808365
7400,0.03219073638319969
7401,0.06259015202522278
7402,0.045676589012145996
7403,0.05050000175833702
7404,0.07266087085008621
7405,0.03649233654141426
7406,0.06981346011161804
7407,0.07096850872039795
7408,0.07068575918674469
7409,0.061558909714221954
7410,0.06944531202316284
7411,0.03880634158849716
7412,0.09662289172410965
7413,0.05740181729197502
7414,0.05599188804626465
7415,0.0691392794251442
7416,0.09270445257425308
7417,0.07373547554016113
7418,0.10493502020835876
7419,0.062135908752679825
7420,0.07839683443307877
7421,0.06081061810255051
7422,0.06846579909324646
7423,0.05845193192362785
7424,0.08010115474462509
7425,0.07188055664300919
7426,0.08070971816778183
7427,0.08117695897817612
7428,0.07488923519849777
7429,0.07104484736919403
7430,0.04175327718257904
7431,0.06430241465568542
7432,0.03866640478372574
7433,0.06932870298624039
7434,0.07615496963262558
7435,0.03453657403588295
7436,0.07181844115257263
7437,0.02744167111814022
7438,0.07398568093776703
7439,0.04853616654872894
7440,0.04456473886966705
7441,0.08077134191989899
7442,0.06982110440731049
7443,0.07858560234308243
7444,0.056728072464466095
7445,0.04109855368733406
7446,0.020341582596302032
7447,0.08557504415512085
7448,0.0762687623500824
7449,0.07338418066501617
7450,0.03500915318727493
7451,0.019588137045502663
7452,0.05173048377037048
7453,0.07648131996393204
7454,0.09739217907190323
7455,0.08227893710136414
7456,0.04399463161826134
7457,0.08038859814405441
7458,0.05409812554717064
7459,0.06659477949142456
7460,0.06028356775641441
7461,0.07776147127151489
7462,0.07395194470882416
7463,0.056139007210731506
7464,0.062117353081703186
7465,0.0726446583867073
7466,0.03827565908432007
7467,0.05995455011725426
7468,0.03455047681927681
7469,0.06013854220509529
7470,0.05339576303958893
7471,0.043001558631658554
7472,0.06959224492311478
7473,0.08071570843458176
7474,0.042417604476213455
7475,0.0695502758026123
7476,0.08499810844659805
7477,0.05687461420893669
7478,0.07868384569883347
7479,0.0830346941947937
7480,0.07879862934350967
7481,0.0772845447063446
7482,0.09703294187784195
7483,0.07969456911087036
7484,0.09007113426923752
7485,0.0635143518447876
7486,0.09476685523986816
7487,0.02824506163597107
7488,0.06581893563270569
7489,0.033586639910936356
7490,0.06607112288475037
7491,0.0786653533577919
7492,0.029959460720419884
7493,0.05878399685025215
7494,0.05305517464876175
7495,0.09730669111013412
7496,0.07394066452980042
7497,0.06335581094026566
7498,0.03420242667198181
7499,0.05406931787729263
7500,0.0482604093849659
7501,0.03396163880825043
7502,0.06992743909358978
7503,0.08308196067810059
7504,0.0762104019522667
7505,0.047295909374952316
7506,0.06446117907762527
7507,0.10833690315485
7508,0.06714979559183121
7509,0.09940801560878754
7510,0.08093587309122086
7511,0.08229885250329971
7512,0.16258783638477325
7513,0.039246924221515656
7514,0.06969743967056274
7515,0.07685130834579468
7516,0.05190305411815643
7517,0.05345844104886055
7518,0.057820599526166916
7519,0.036642130464315414
7520,0.06577763706445694
7521,0.04658075049519539
7522,0.0906321182847023
7523,0.0269310399889946
7524,0.06489875912666321
7525,0.03224050626158714
7526,0.07061150670051575
7527,0.030576474964618683
7528,0.04780777916312218
7529,0.07162623852491379
7530,0.05358648672699928
7531,0.06444905698299408
7532,0.08196163177490234
7533,0.07972010225057602
7534,0.07029742747545242
7535,0.08170630037784576
7536,0.07608149945735931
7537,0.06200035288929939
7538,0.016463812440633774
7539,0.06620921194553375
7540,0.08005121350288391
7541,0.036845359951257706
7542,0.03491629660129547
7543,0.08756285905838013
7544,0.05564732104539871
7545,0.07785419374704361
7546,0.03869416564702988
7547,0.05529274418950081
7548,0.05832959711551666
7549,0.047188401222229004
7550,0.08235606551170349
7551,0.07877358049154282
7552,0.0771760493516922
7553,0.0344230942428112
7554,0.035450685769319534
7555,0.08036095649003983
7556,0.07459016889333725
7557,0.02925499901175499
7558,0.04808638617396355
7559,0.07857110351324081
7560,0.08018652349710464
7561,0.06809450685977936
7562,0.06455657631158829
7563,0.07384564727544785
7564,0.06604854017496109
7565,0.06944042444229126
7566,0.04037810489535332
7567,0.08035396784543991
7568,0.03752496466040611
7569,0.05934234336018562
7570,0.03495575115084648
7571,0.11615023761987686
7572,0.05513221397995949
7573,0.04788975417613983
7574,0.04940081387758255
7575,0.08684859424829483
7576,0.06970177590847015
7577,0.04173186793923378
7578,0.08737536519765854
7579,0.06958812475204468
7580,0.07701461017131805
7581,0.05304451659321785
7582,0.06445560604333878
7583,0.07653190940618515
7584,0.06000540032982826
7585,0.049902405589818954
7586,0.06762585043907166
7587,0.021326405927538872
7588,0.07183974981307983
7589,0.04735970497131348
7590,0.08392522484064102
7591,0.03906366601586342
7592,0.04940066486597061
7593,0.021657975390553474
7594,0.08555088937282562
7595,0.028996573761105537
7596,0.08999904245138168
7597,0.07773373275995255
7598,0.12186234444379807
7599,0.029465751722455025
7600,0.06996139138936996
7601,0.06891725212335587
7602,0.043061718344688416
7603,0.06398144364356995
7604,0.06774238497018814
7605,0.058539118617773056
7606,0.07963819056749344
7607,0.07906023412942886
7608,0.07051610946655273
7609,0.11131172627210617
7610,0.0654839351773262
7611,0.06379564851522446
7612,0.05928470566868782
7613,0.029165664687752724
7614,0.07325545698404312
7615,0.042623721063137054
7616,0.06471158564090729
7617,0.0689045712351799
7618,0.0919715091586113
7619,0.06376468390226364
7620,0.06990758329629898
7621,0.045552197843790054
7622,0.08469108492136002
7623,0.04433995112776756
7624,0.09395577758550644
7625,0.08043435961008072
7626,0.08089195936918259
7627,0.07417105883359909
7628,0.06385842710733414
7629,0.07685545831918716
7630,0.08621275424957275
7631,0.0504646934568882
7632,0.0554867722094059
7633,0.050280142575502396
7634,0.027625957503914833
7635,0.07054197788238525
7636,0.049108464270830154
7637,0.06693146377801895
7638,0.08012808114290237
7639,0.07133960723876953
7640,0.06392820924520493
7641,0.0278420839458704
7642,0.07605690509080887
7643,0.027038756757974625
7644,0.08845172077417374
7645,0.08363643288612366
7646,0.07818140834569931
7647,0.06786448508501053
7648,0.07655058801174164
7649,0.05577476695179939
7650,0.03518402576446533
7651,0.0460209883749485
7652,0.08386284112930298
7653,0.055027421563863754
7654,0.029369940981268883
7655,0.07799527794122696
7656,0.08655677735805511
7657,0.08019963651895523
7658,0.06325070559978485
7659,0.06332983076572418
7660,0.06953993439674377
7661,0.06805477291345596
7662,0.06267306953668594
7663,0.04290391877293587
7664,0.0745314285159111
7665,0.061872441321611404
7666,0.06306248158216476
7667,0.01298614963889122
7668,0.0891362652182579
7669,0.06543842703104019
7670,0.06622885912656784
7671,0.05195877328515053
7672,0.06732344627380371
7673,0.10707030445337296
7674,0.042074158787727356
7675,0.04205656051635742
7676,0.07200966030359268
7677,0.050841063261032104
7678,0.06966608762741089
7679,0.06846608221530914
7680,0.08241621404886246
7681,0.03810061886906624
7682,0.03727179020643234
7683,0.04328795149922371
7684,0.07604820281267166
7685,0.07992402464151382
7686,0.05284050107002258
7687,0.06341556459665298
7688,0.07680413872003555
7689,0.03877705708146095
7690,0.02595866098999977
7691,0.05753413960337639
7692,0.08913357555866241
7693,0.065128393471241
7694,0.05775260925292969
7695,0.09035634994506836
7696,0.07241682708263397
7697,0.06707500666379929
7698,0.06524010747671127
7699,0.05816761031746864
7700,0.08377442508935928
7701,0.06108379364013672
7702,0.0804038867354393
7703,0.07388889044523239
7704,0.06065474823117256
7705,0.07831957936286926
7706,0.059557199478149414
7707,0.06105102598667145
7708,0.07216553390026093
7709,0.0554131455719471
7710,0.07452411204576492
7711,0.027265386655926704
7712,0.0545911081135273
7713,0.08180327713489532
7714,0.03660527244210243
7715,0.028732124716043472
7716,0.08904530853033066
7717,0.062450338155031204
7718,0.06321422010660172
7719,0.11674657464027405
7720,0.06930020451545715
7721,0.07804177701473236
7722,0.053982723504304886
7723,0.025834932923316956
7724,0.016545681282877922
7725,0.09074203670024872
7726,0.05600667744874954
7727,0.05799677595496178
7728,0.05957290902733803
7729,0.042583394795656204
7730,0.04311935231089592
7731,0.05719517543911934
7732,0.055663950741291046
7733,0.09309087693691254
7734,0.04888048768043518
7735,0.08474262058734894
7736,0.0689413920044899
7737,0.06985305994749069
7738,0.07426051795482635
7739,0.07434798032045364
7740,0.06712543964385986
7741,0.07358483970165253
7742,0.047167982906103134
7743,0.06574372202157974
7744,0.06268811225891113
7745,0.06655643880367279
7746,0.02763357013463974
7747,0.021924087777733803
7748,0.08766523748636246
7749,0.04024643450975418
7750,0.041174549609422684
7751,0.07325450330972672
7752,0.08321661502122879
7753,0.02349846623837948
7754,0.027407793328166008
7755,0.08878546208143234
7756,0.03789826110005379
7757,0.06159539893269539
7758,0.09123025834560394
7759,0.04498310387134552
7760,0.01695469580590725
7761,0.08907140791416168
7762,0.050923846662044525
7763,0.08435636758804321
7764,0.061615217477083206
7765,0.05727234110236168
7766,0.07678738981485367
7767,0.0614825040102005
7768,0.0715399757027626
7769,0.06829185038805008
7770,0.08672882616519928
7771,0.07174620032310486
7772,0.07221599668264389
7773,0.07068733125925064
7774,0.058713775128126144
7775,0.05142700672149658
7776,0.07338041067123413
7777,0.0678303986787796
7778,0.07329463958740234
7779,0.08089633285999298
7780,0.0725623145699501
7781,0.047166187316179276
7782,0.050926391035318375
7783,0.053536176681518555
7784,0.036698341369628906
7785,0.045451074838638306
7786,0.08016107976436615
7787,0.07951516658067703
7788,0.07258474826812744
7789,0.0632416307926178
7790,0.054304905235767365
7791,0.0628373920917511
7792,0.05158069357275963
7793,0.0401296429336071
7794,0.04859243333339691
7795,0.08703090995550156
7796,0.06622299551963806
7797,0.0731639638543129
7798,0.046108465641736984
7799,0.0715772956609726
7800,0.05513928458094597
7801,0.06282882392406464
7802,0.060975585132837296
7803,0.08273342996835709
7804,0.017642615363001823
7805,0.09233900904655457
7806,0.07491810619831085
7807,0.0820033922791481
7808,0.07573816180229187
7809,0.026814764365553856
7810,0.025768615305423737
7811,0.02136150933802128
7812,0.04416399076581001
7813,0.04368758574128151
7814,0.05894864350557327
7815,0.05665821582078934
7816,0.03800646960735321
7817,0.07877722382545471
7818,0.0602678544819355
7819,0.06871536374092102
7820,0.07877103239297867
7821,0.06249221786856651
7822,0.06522086262702942
7823,0.07264936715364456
7824,0.053559474647045135
7825,0.056541282683610916
7826,0.06293324381113052
7827,0.07524055242538452
7828,0.06869816780090332
7829,0.06598935276269913
7830,0.11134389042854309
7831,0.03791040927171707
7832,0.022024357691407204
7833,0.06434419751167297
7834,0.07580689340829849
7835,0.05370907112956047
7836,0.07612404972314835
7837,0.049204375594854355
7838,0.057256896048784256
7839,0.08224596083164215
7840,0.07263942807912827
7841,0.07763618975877762
7842,0.07030332088470459
7843,0.05541578307747841
7844,0.07317043095827103
7845,0.07120486348867416
7846,0.079728864133358
7847,0.07503094524145126
7848,0.07375078648328781
7849,0.08717957884073257
7850,0.07913336157798767
7851,0.10741536319255829
7852,0.07392029464244843
7853,0.09384984523057938
7854,0.0875205472111702
7855,0.06048104539513588
7856,0.029016265645623207
7857,0.0821719542145729
7858,0.05386846512556076
7859,0.09218069911003113
7860,0.06799601018428802
7861,0.0862911120057106
7862,0.07885108143091202
7863,0.04967417195439339
7864,0.08386889845132828
7865,0.063426673412323
7866,0.06117808073759079
7867,0.06634622812271118
7868,0.06767793744802475
7869,0.09427125006914139
7870,0.08193143457174301
7871,0.05331096425652504
7872,0.045121029019355774
7873,0.06997934728860855
7874,0.08361551910638809
7875,0.07783041894435883
7876,0.035850394517183304
7877,0.0632043108344078
7878,0.03072984702885151
7879,0.07761871814727783
7880,0.05110488459467888
7881,0.08346879482269287
7882,0.08838331699371338
7883,0.09033826738595963
7884,0.10692273080348969
7885,0.04509061947464943
7886,0.08410842716693878
7887,0.06772792339324951
7888,0.07019049674272537
7889,0.04303954169154167
7890,0.07849240303039551
7891,0.1042788177728653
7892,0.09890104830265045
7893,0.09924609214067459
7894,0.021286683157086372
7895,0.06802450865507126
7896,0.07054294645786285
7897,0.06948481500148773
7898,0.071038618683815
7899,0.06971064954996109
7900,0.08740213513374329
7901,0.08851753175258636
7902,0.07208167016506195
7903,0.07891163229942322
7904,0.09780512005090714
7905,0.07461594045162201
7906,0.07545529305934906
7907,0.064252108335495
7908,0.06380198150873184
7909,0.0589119978249073
7910,0.05074704438447952
7911,0.04554469510912895
7912,0.07837127149105072
7913,0.032972291111946106
7914,0.06197848543524742
7915,0.05794529989361763
7916,0.08338925987482071
7917,0.043241824954748154
7918,0.09419717639684677
7919,0.075955830514431
7920,0.0674363225698471
7921,0.054817963391542435
7922,0.06871793419122696
7923,0.048262160271406174
7924,0.08717236667871475
7925,0.03164904937148094
7926,0.09534498304128647
7927,0.0383799746632576
7928,0.07361850887537003
7929,0.06841712445020676
7930,0.04498821496963501
7931,0.04621463268995285
7932,0.06605063378810883
7933,0.030862079933285713
7934,0.06888442486524582
7935,0.02803363837301731
7936,0.07765523344278336
7937,0.07581803947687149
7938,0.014507709071040154
7939,0.05564653128385544
7940,0.014922099187970161
7941,0.08071243762969971
7942,0.08552207052707672
7943,0.06343226134777069
7944,0.010377130471169949
7945,0.06558535993099213
7946,0.03935369476675987
7947,0.0551997609436512
7948,0.07478693127632141
7949,0.0772830992937088
7950,0.05288979783654213
7951,0.07628390938043594
7952,0.06372944265604019
7953,0.0665922537446022
7954,0.08576391637325287
7955,0.0864458978176117
7956,0.07008055597543716
7957,0.08460226655006409
7958,0.06093171611428261
7959,0.020564595237374306
7960,0.06375991553068161
7961,0.07744765281677246
7962,0.07935946434736252
7963,0.04966070130467415
7964,0.04636257141828537
7965,0.031704649329185486
7966,0.07050430774688721
7967,0.06669433414936066
7968,0.04664740338921547
7969,0.03972533717751503
7970,0.048146311193704605
7971,0.03706008195877075
7972,0.046820152550935745
7973,0.04374979808926582
7974,0.048964448273181915
7975,0.06840133666992188
7976,0.059955451637506485
7977,0.07931309193372726
7978,0.06425685435533524
7979,0.07413703203201294
7980,0.0514821857213974
7981,0.07596514374017715
7982,0.08226341009140015
7983,0.03896283358335495
7984,0.08019791543483734
7985,0.07922385632991791
7986,0.054479554295539856
7987,0.06779550015926361
7988,0.07292870432138443
7989,0.05410506948828697
7990,0.04817069321870804
7991,0.08955851942300797
7992,0.08405239880084991
7993,0.08898313343524933
7994,0.038947828114032745
7995,0.06288952380418777
7996,0.07524551451206207
7997,0.0425596684217453
7998,0.07068642973899841
7999,0.013840327970683575
8000,0.0720333531498909
8001,0.056418292224407196
8002,0.062273960560560226
8003,0.03670043498277664
8004,0.0727161094546318
8005,0.07607550173997879
8006,0.04286867380142212
8007,0.02468998171389103
8008,0.0835166871547699
8009,0.09231042116880417
8010,0.05869828537106514
8011,0.052424073219299316
8012,0.05270946025848389
8013,0.09235958755016327
8014,0.08882473409175873
8015,0.0649532750248909
8016,0.08276116102933884
8017,0.08012209087610245
8018,0.03021012805402279
8019,0.0723385438323021
8020,0.07939550280570984
8021,0.08783227205276489
8022,0.055770594626665115
8023,0.038977980613708496
8024,0.0775652527809143
8025,0.0776505246758461
8026,0.06496396660804749
8027,0.08429006487131119
8028,0.06711834669113159
8029,0.05222971737384796
8030,0.06889655441045761
8031,0.0794527530670166
8032,0.06698431074619293
8033,0.025420939549803734
8034,0.061117757111787796
8035,0.0826754942536354
8036,0.08043777942657471
8037,0.07896564155817032
8038,0.0704803317785263
8039,0.07265985012054443
8040,0.01796654798090458
8041,0.03556268662214279
8042,0.05280273035168648
8043,0.08378653228282928
8044,0.09665071219205856
8045,0.0376194603741169
8046,0.05515572801232338
8047,0.09588644653558731
8048,0.09409972280263901
8049,0.05466856807470322
8050,0.07813623547554016
8051,0.06779541075229645
8052,0.10288901627063751
8053,0.07433370500802994
8054,0.07220692932605743
8055,0.029808657243847847
8056,0.0666075125336647
8057,0.07829374819993973
8058,0.04867865517735481
8059,0.08473817259073257
8060,0.08903087675571442
8061,0.046853773295879364
8062,0.062095217406749725
8063,0.05731626972556114
8064,0.0718710795044899
8065,0.08914658427238464
8066,0.013333751820027828
8067,0.060858555138111115
8068,0.07570830732584
8069,0.039599429816007614
8070,0.07696222513914108
8071,0.08414038270711899
8072,0.07804323732852936
8073,0.06680093705654144
8074,0.04144730046391487
8075,0.09162762016057968
8076,0.030678655952215195
8077,0.05937451124191284
8078,0.07492717355489731
8079,0.052687373012304306
8080,0.07354460656642914
8081,0.08208753168582916
8082,0.05702202767133713
8083,0.08701318502426147
8084,0.06327240914106369
8085,0.07904867082834244
8086,0.026962948963046074
8087,0.07034321874380112
8088,0.074623242020607
8089,0.046908702701330185
8090,0.05543012171983719
8091,0.05902258679270744
8092,0.06138532608747482
8093,0.1072683110833168
8094,0.08086701482534409
8095,0.07126639783382416
8096,0.07973217219114304
8097,0.0812687948346138
8098,0.02633007988333702
8099,0.052849192172288895
8100,0.05362686514854431
8101,0.0570000596344471
8102,0.08931473642587662
8103,0.10663530975580215
8104,0.12682126462459564
8105,0.08159413188695908
8106,0.0814494863152504
8107,0.07128489017486572
8108,0.05954890325665474
8109,0.09926293790340424
8110,0.05470029264688492
8111,0.07396161556243896
8112,0.06505338102579117
8113,0.03899247944355011
8114,0.028896676376461983
8115,0.06780889630317688
8116,0.07553332298994064
8117,0.05466649308800697
8118,0.06572704017162323
8119,0.07619621604681015
8120,0.0692417249083519
8121,0.0774560496211052
8122,0.12744024395942688
8123,0.07013016194105148
8124,0.05090155452489853
8125,0.01442060898989439
8126,0.04869680479168892
8127,0.017538536339998245
8128,0.10606207698583603
8129,0.049988165497779846
8130,0.06319219619035721
8131,0.06507255136966705
8132,0.06363865733146667
8133,0.057563889771699905
8134,0.06794433295726776
8135,0.0673067718744278
8136,0.05714981630444527
8137,0.07652024179697037
8138,0.07264259457588196
8139,0.031858887523412704
8140,0.034178927540779114
8141,0.07472709566354752
8142,0.06721697002649307
8143,0.07333651185035706
8144,0.062187500298023224
8145,0.0790269523859024
8146,0.07494129985570908
8147,0.08212869614362717
8148,0.03767131268978119
8149,0.07086671888828278
8150,0.0692935511469841
8151,0.05039653182029724
8152,0.13877424597740173
8153,0.04173015058040619
8154,0.09811714291572571
8155,0.024075107648968697
8156,0.043022170662879944
8157,0.018871093168854713
8158,0.06416540592908859
8159,0.10025133192539215
8160,0.0396418534219265
8161,0.0502447634935379
8162,0.06711374223232269
8163,0.046876855194568634
8164,0.06753109395503998
8165,0.049692533910274506
8166,0.05944561958312988
8167,0.05565643310546875
8168,0.035032887011766434
8169,0.040804311633110046
8170,0.028550922870635986
8171,0.044916752725839615
8172,0.06752309948205948
8173,0.10057798773050308
8174,0.08582460880279541
8175,0.03786622732877731
8176,0.04136306419968605
8177,0.07500530779361725
8178,0.09538265317678452
8179,0.07293583452701569
8180,0.08979141712188721
8181,0.04780081287026405
8182,0.08185018599033356
8183,0.07405081391334534
8184,0.07632401585578918
8185,0.054726649075746536
8186,0.10350929200649261
8187,0.014422857202589512
8188,0.07078225910663605
8189,0.08482218533754349
8190,0.08031028509140015
8191,0.07149958610534668
8192,0.09037593752145767
8193,0.049960289150476456
8194,0.08987084776163101
8195,0.081576406955719
8196,0.06464416533708572
8197,0.07530985027551651
8198,0.08385977894067764
8199,0.09075699001550674
8200,0.03495321795344353
8201,0.08292029052972794
8202,0.056588880717754364
8203,0.06513336300849915
8204,0.029073232784867287
8205,0.08043686300516129
8206,0.02473188005387783
8207,0.07388300448656082
8208,0.08430205285549164
8209,0.07546337693929672
8210,0.047088075429201126
8211,0.0728226751089096
8212,0.0726066380739212
8213,0.045208416879177094
8214,0.02645093761384487
8215,0.020615989342331886
8216,0.053409144282341
8217,0.03298491984605789
8218,0.0505276620388031
8219,0.015302389860153198
8220,0.07714328914880753
8221,0.050285063683986664
8222,0.06256086379289627
8223,0.04898962751030922
8224,0.05324530601501465
8225,0.08435938507318497
8226,0.08256468176841736
8227,0.07712271064519882
8228,0.03329455107450485
8229,0.046747855842113495
8230,0.08336150646209717
8231,0.04349105432629585
8232,0.06575924903154373
8233,0.0653027668595314
8234,0.039837904274463654
8235,0.10288140922784805
8236,0.07310117781162262
8237,0.045005351305007935
8238,0.07552693039178848
8239,0.06560198217630386
8240,0.08559689670801163
8241,0.05049696937203407
8242,0.06956854462623596
8243,0.0808316245675087
8244,0.03092571161687374
8245,0.07610250264406204
8246,0.061502259224653244
8247,0.07408463954925537
8248,0.07953472435474396
8249,0.05292180925607681
8250,0.08486796170473099
8251,0.06272932142019272
8252,0.09319821745157242
8253,0.05661541223526001
8254,0.08060314506292343
8255,0.04135396331548691
8256,0.0790352001786232
8257,0.046404771506786346
8258,0.07726219296455383
8259,0.0837094783782959
8260,0.06193241849541664
8261,0.061895132064819336
8262,0.0792444571852684
8263,0.05897080898284912
8264,0.008422682993113995
8265,0.0891183391213417
8266,0.0678880587220192
8267,0.08653081953525543
8268,0.05975610762834549
8269,0.008641471154987812
8270,0.08319754898548126
8271,0.05713288113474846
8272,0.05255939066410065
8273,0.08305756002664566
8274,0.0736069604754448
8275,0.051745545119047165
8276,0.08472024649381638
8277,0.06869532912969589
8278,0.04105586186051369
8279,0.031046148389577866
8280,0.07115275412797928
8281,0.014798355288803577
8282,0.07477680593729019
8283,0.06465206295251846
8284,0.13228504359722137
8285,0.05990242213010788
8286,0.06477602571249008
8287,0.07586383819580078
8288,0.06716562807559967
8289,0.08435428142547607
8290,0.07347764819860458
8291,0.06748256832361221
8292,0.06754922866821289
8293,0.06897253543138504
8294,0.05004509165883064
8295,0.08046825975179672
8296,0.09213685989379883
8297,0.07409653812646866
8298,0.07700929790735245
8299,0.09915328025817871
8300,0.014938298612833023
8301,0.061589665710926056
8302,0.08206158131361008
8303,0.06482768803834915
8304,0.01116123516112566
8305,0.010289434343576431
8306,0.08593524247407913
8307,0.04117780178785324
8308,0.07252264022827148
8309,0.04270757734775543
8310,0.08732683211565018
8311,0.0651373639702797
8312,0.06737582385540009
8313,0.07374551892280579
8314,0.04916055500507355
8315,0.07571335881948471
8316,0.07194337993860245
8317,0.06833214312791824
8318,0.05612592771649361
8319,0.06367683410644531
8320,0.06639279425144196
8321,0.042275261133909225
8322,0.08068013936281204
8323,0.08572173118591309
8324,0.06746178865432739
8325,0.025326572358608246
8326,0.07654523849487305
8327,0.05550133064389229
8328,0.048884667456150055
8329,0.05971827730536461
8330,0.07122389227151871
8331,0.0662989541888237
8332,0.0714835450053215
8333,0.08248773962259293
8334,0.06796944886445999
8335,0.075005903840065
8336,0.046316295862197876
8337,0.0697474554181099
8338,0.06179141253232956
8339,0.05545571818947792
8340,0.08423036336898804
8341,0.07523170858621597
8342,0.05206935107707977
8343,0.044513918459415436
8344,0.0620134063065052
8345,0.03991866484284401
8346,0.07015372812747955
8347,0.07452988624572754
8348,0.034395668655633926
8349,0.04436720907688141
8350,0.08802507072687149
8351,0.07289694249629974
8352,0.08657843619585037
8353,0.0730685219168663
8354,0.07746598869562149
8355,0.04582199081778526
8356,0.07160644978284836
8357,0.07254640012979507
8358,0.02349637821316719
8359,0.06712083518505096
8360,0.04147328808903694
8361,0.07622431963682175
8362,0.07153099775314331
8363,0.08787129074335098
8364,0.05260131135582924
8365,0.05743437260389328
8366,0.06372994929552078
8367,0.031923819333314896
8368,0.05768338218331337
8369,0.06902804970741272
8370,0.09420185536146164
8371,0.05930858105421066
8372,0.006779371295124292
8373,0.06320909410715103
8374,0.09792158752679825
8375,0.06832791119813919
8376,0.12125321477651596
8377,0.07753552496433258
8378,0.06230597943067551
8379,0.08418761938810349
8380,0.07854028791189194
8381,0.06983575969934464
8382,0.06407971680164337
8383,0.0722096785902977
8384,0.0346873477101326
8385,0.0575152225792408
8386,0.0854245200753212
8387,0.038418617099523544
8388,0.0866900235414505
8389,0.05754801258444786
8390,0.06488782912492752
8391,0.06182120367884636
8392,0.05932898074388504
8393,0.06736356765031815
8394,0.01661192812025547
8395,0.06544200330972672
8396,0.09127769619226456
8397,0.0721648633480072
8398,0.02693082019686699
8399,0.08776295930147171
8400,0.06542685627937317
8401,0.04748187214136124
8402,0.060575082898139954
8403,0.07068222016096115
8404,0.03074943646788597
8405,0.061156969517469406
8406,0.05180854722857475
8407,0.07408972829580307
8408,0.04138534516096115
8409,0.06263160705566406
8410,0.06402179598808289
8411,0.05997353047132492
8412,0.03353353217244148
8413,0.055339835584163666
8414,0.05794546380639076
8415,0.023704340681433678
8416,0.07982340455055237
8417,0.03964880108833313
8418,0.042813852429389954
8419,0.04852927848696709
8420,0.07717985659837723
8421,0.06307832151651382
8422,0.07019606977701187
8423,0.06084633618593216
8424,0.06650979071855545
8425,0.03721637278795242
8426,0.0865144282579422
8427,0.07918164879083633
8428,0.058115191757678986
8429,0.06674875319004059
8430,0.07250913977622986
8431,0.08150679618120193
8432,0.0368487685918808
8433,0.06135924160480499
8434,0.05949331074953079
8435,0.0736878514289856
8436,0.04261032119393349
8437,0.060483839362859726
8438,0.05466514825820923
8439,0.09441066533327103
8440,0.02877643145620823
8441,0.07983524352312088
8442,0.08283738046884537
8443,0.06120205670595169
8444,0.07129701972007751
8445,0.06787347048521042
8446,0.07652226835489273
8447,0.079129658639431
8448,0.02821648120880127
8449,0.05543078854680061
8450,0.0817771703004837
8451,0.08153537660837173
8452,0.07946117967367172
8453,0.08036975562572479
8454,0.05884062126278877
8455,0.059058427810668945
8456,0.033185143023729324
8457,0.07261747866868973
8458,0.05136466026306152
8459,0.04247196391224861
8460,0.07669134438037872
8461,0.04660000652074814
8462,0.07652446627616882
8463,0.09413451701402664
8464,0.04173348471522331
8465,0.052783627063035965
8466,0.05030205100774765
8467,0.08383138477802277
8468,0.09088975936174393
8469,0.04767225682735443
8470,0.07098230719566345
8471,0.08523797988891602
8472,0.06658800691366196
8473,0.06082817539572716
8474,0.061808161437511444
8475,0.07970289140939713
8476,0.10591874271631241
8477,0.06580957770347595
8478,0.077849842607975
8479,0.05443648621439934
8480,0.07832210510969162
8481,0.07570666074752808
8482,0.0632353201508522
8483,0.08052375912666321
8484,0.0720236524939537
8485,0.0723639726638794
8486,0.07494854927062988
8487,0.07305210828781128
8488,0.07031740248203278
8489,0.08391674607992172
8490,0.01563631184399128
8491,0.06421081721782684
8492,0.06972907483577728
8493,0.07299449294805527
8494,0.05478059500455856
8495,0.05522719398140907
8496,0.07689128071069717
8497,0.07088492065668106
8498,0.10066727548837662
8499,0.07197803258895874
8500,0.04921412467956543
8501,0.08815407007932663
8502,0.0675245001912117
8503,0.07548871636390686
8504,0.03814582899212837
8505,0.0477016307413578
8506,0.07248780131340027
8507,0.06229076161980629
8508,0.026394590735435486
8509,0.07760252058506012
8510,0.033693183213472366
8511,0.0777018591761589
8512,0.052624884992837906
8513,0.08185449242591858
8514,0.10048197954893112
8515,0.067117840051651
8516,0.07739458233118057
8517,0.027973778545856476
8518,0.09240154922008514
8519,0.025018658488988876
8520,0.10522101074457169
8521,0.050243377685546875
8522,0.06968279927968979
8523,0.04819382727146149
8524,0.06371387094259262
8525,0.049523837864398956
8526,0.034871552139520645
8527,0.024763310328125954
8528,0.03221728652715683
8529,0.09300681203603745
8530,0.07670275866985321
8531,0.06752992421388626
8532,0.06715336441993713
8533,0.07064776867628098
8534,0.09219441562891006
8535,0.06224818527698517
8536,0.051165346056222916
8537,0.048093147575855255
8538,0.012069039046764374
8539,0.07925263792276382
8540,0.07734912633895874
8541,0.030281739309430122
8542,0.08659186214208603
8543,0.06794915348291397
8544,0.11205429583787918
8545,0.03813363239169121
8546,0.03327908739447594
8547,0.11309071630239487
8548,0.07164469361305237
8549,0.09104446321725845
8550,0.08706291764974594
8551,0.06876644492149353
8552,0.08676591515541077
8553,0.07351859658956528
8554,0.07713183760643005
8555,0.01438996009528637
8556,0.05305295065045357
8557,0.06145591288805008
8558,0.07875648885965347
8559,0.06357963383197784
8560,0.07766769081354141
8561,0.08257334679365158
8562,0.0729672908782959
8563,0.08423341810703278
8564,0.05393020436167717
8565,0.06903472542762756
8566,0.07600710541009903
8567,0.04387395456433296
8568,0.05778704956173897
8569,0.06874103099107742
8570,0.054432738572359085
8571,0.056517865508794785
8572,0.0452374629676342
8573,0.06138426065444946
8574,0.05909803882241249
8575,0.06116523966193199
8576,0.06138359382748604
8577,0.08975867182016373
8578,0.07547900825738907
8579,0.051156479865312576
8580,0.06447125971317291
8581,0.08159540593624115
8582,0.05007430538535118
8583,0.0308912955224514
8584,0.08547034859657288
8585,0.027575572952628136
8586,0.0801825076341629
8587,0.06720361858606339
8588,0.057143907994031906
8589,0.03749627247452736
8590,0.06769879907369614
8591,0.10354731231927872
8592,0.06442912667989731
8593,0.08493737131357193
8594,0.04570433124899864
8595,0.100932277739048
8596,0.07032820582389832
8597,0.05511220917105675
8598,0.08171088993549347
8599,0.0901569128036499
8600,0.056476905941963196
8601,0.07567189633846283
8602,0.06895476579666138
8603,0.07452095299959183
8604,0.06176488474011421
8605,0.04907676950097084
8606,0.04562859982252121
8607,0.07504980266094208
8608,0.0635070949792862
8609,0.07104504108428955
8610,0.048545680940151215
8611,0.08523964881896973
8612,0.07700762897729874
8613,0.054334696382284164
8614,0.08064776659011841
8615,0.06438511610031128
8616,0.07135765254497528
8617,0.05380716547369957
8618,0.07537976652383804
8619,0.08211831003427505
8620,0.06447920948266983
8621,0.050796426832675934
8622,0.08926189690828323
8623,0.048826608806848526
8624,0.06592068821191788
8625,0.07798368483781815
8626,0.03921511769294739
8627,0.07799383252859116
8628,0.039881858974695206
8629,0.08064154535531998
8630,0.03427555039525032
8631,0.03486812114715576
8632,0.09322711080312729
8633,0.05911356955766678
8634,0.06046797335147858
8635,0.025263363495469093
8636,0.08628276735544205
8637,0.07874689996242523
8638,0.06467781215906143
8639,0.09606578946113586
8640,0.04154776781797409
8641,0.03530992940068245
8642,0.04789205268025398
8643,0.07449209690093994
8644,0.028661319985985756
8645,0.08688417077064514
8646,0.035637591034173965
8647,0.07334022969007492
8648,0.07704729586839676
8649,0.06529642641544342
8650,0.07626674324274063
8651,0.01196714211255312
8652,0.07158543169498444
8653,0.07382740825414658
8654,0.0670848935842514
8655,0.06673906743526459
8656,0.06382254511117935
8657,0.0373661108314991
8658,0.05701359733939171
8659,0.07358778268098831
8660,0.05399065092206001
8661,0.06512998789548874
8662,0.05183062702417374
8663,0.07264816015958786
8664,0.07145503908395767
8665,0.06427638977766037
8666,0.0681070014834404
8667,0.05894492194056511
8668,0.03633756563067436
8669,0.046729691326618195
8670,0.07434765994548798
8671,0.09236039221286774
8672,0.045896369963884354
8673,0.07869336754083633
8674,0.07767844945192337
8675,0.11783520132303238
8676,0.05504085123538971
8677,0.05861639976501465
8678,0.037817809730768204
8679,0.08712907135486603
8680,0.05625032261013985
8681,0.06484425067901611
8682,0.07867676764726639
8683,0.06778919696807861
8684,0.045943859964609146
8685,0.06370137631893158
8686,0.07313065230846405
8687,0.07163470983505249
8688,0.08734891563653946
8689,0.04991402104496956
8690,0.0770619660615921
8691,0.07540559023618698
8692,0.025495115667581558
8693,0.050127752125263214
8694,0.07593352347612381
8695,0.09548857808113098
8696,0.034599367529153824
8697,0.07481063157320023
8698,0.039389267563819885
8699,0.07138025015592575
8700,0.10751564055681229
8701,0.023897621780633926
8702,0.025233926251530647
8703,0.11230628937482834
8704,0.02777489461004734
8705,0.09705772995948792
8706,0.07433619350194931
8707,0.10978204756975174
8708,0.09827600419521332
8709,0.0684606060385704
8710,0.047412533313035965
8711,0.07727152854204178
8712,0.0677417516708374
8713,0.08022678643465042
8714,0.07945318520069122
8715,0.06027689203619957
8716,0.05320025980472565
8717,0.07160262018442154
8718,0.09919723868370056
8719,0.05753817781805992
8720,0.10473162680864334
8721,0.06284110993146896
8722,0.03380684182047844
8723,0.03448479622602463
8724,0.07918456941843033
8725,0.06243831664323807
8726,0.09120842069387436
8727,0.06003831699490547
8728,0.07474887371063232
8729,0.07782115787267685
8730,0.05847018212080002
8731,0.030948443338274956
8732,0.055905163288116455
8733,0.0649765208363533
8734,0.06476785242557526
8735,0.07627715915441513
8736,0.07320006191730499
8737,0.06088850274682045
8738,0.06212063506245613
8739,0.0762733519077301
8740,0.05249045789241791
8741,0.07596316933631897
8742,0.07544871419668198
8743,0.08249714970588684
8744,0.020539170131087303
8745,0.0655558779835701
8746,0.0680176392197609
8747,0.037452373653650284
8748,0.06524504721164703
8749,0.08692609518766403
8750,0.07080473750829697
8751,0.07078090310096741
8752,0.07886214554309845
8753,0.07783117890357971
8754,0.09982052445411682
8755,0.0410282239317894
8756,0.08578167855739594
8757,0.05745573341846466
8758,0.06883266568183899
8759,0.012108986265957355
8760,0.04737508296966553
8761,0.07824323326349258
8762,0.04258089140057564
8763,0.07420399785041809
8764,0.036847639828920364
8765,0.08763519674539566
8766,0.06970944255590439
8767,0.08171866089105606
8768,0.07083361595869064
8769,0.08217602223157883
8770,0.06680266559123993
8771,0.07329375296831131
8772,0.07241622358560562
8773,0.06276413798332214
8774,0.046017471700906754
8775,0.06157909706234932
8776,0.07395414263010025
8777,0.081209696829319
8778,0.028122875839471817
8779,0.041452907025814056
8780,0.06096974387764931
8781,0.09888386726379395
8782,0.07100927829742432
8783,0.050068359822034836
8784,0.07466218620538712
8785,0.0672827810049057
8786,0.07395420223474503
8787,0.08880455046892166
8788,0.07955661416053772
8789,0.0795033872127533
8790,0.08562316000461578
8791,0.0594945028424263
8792,0.08770675212144852
8793,0.03335939720273018
8794,0.05839802324771881
8795,0.0833510085940361
8796,0.07779382169246674
8797,0.06689479947090149
8798,0.026022398844361305
8799,0.10401440411806107
8800,0.06789029389619827
8801,0.01814638078212738
8802,0.08920543640851974
8803,0.058828454464673996
8804,0.047359779477119446
8805,0.04752221331000328
8806,0.08470437675714493
8807,0.041097111999988556
8808,0.07694870233535767
8809,0.08492180705070496
8810,0.10466603189706802
8811,0.046406909823417664
8812,0.0567583367228508
8813,0.07545734196901321
8814,0.06688572466373444
8815,0.03787503018975258
8816,0.06668681651353836
8817,0.03503168746829033
8818,0.042005810886621475
8819,0.08335668593645096
8820,0.04850494861602783
8821,0.07390467822551727
8822,0.05199100449681282
8823,0.05816484987735748
8824,0.09067282825708389
8825,0.0643533244729042
8826,0.0700058788061142
8827,0.03389407694339752
8828,0.07836204022169113
8829,0.061001505702733994
8830,0.07228931039571762
8831,0.06679333746433258
8832,0.08919361233711243
8833,0.07815082371234894
8834,0.041999299079179764
8835,0.07147172838449478
8836,0.06578481197357178
8837,0.018288008868694305
8838,0.0855664387345314
8839,0.07032307237386703
8840,0.06033213436603546
8841,0.10968396067619324
8842,0.08199527114629745
8843,0.07730577141046524
8844,0.026596227660775185
8845,0.03970981389284134
8846,0.035479430109262466
8847,0.04291601851582527
8848,0.05779198184609413
8849,0.05270479992032051
8850,0.08698014914989471
8851,0.0834757387638092
8852,0.05341532453894615
8853,0.056612782180309296
8854,0.08456756919622421
8855,0.061640892177820206
8856,0.0706920176744461
8857,0.025638587772846222
8858,0.05958189442753792
8859,0.07850746810436249
8860,0.036226559430360794
8861,0.08323495090007782
8862,0.0765332281589508
8863,0.026967303827404976
8864,0.06391871720552444
8865,0.11596924811601639
8866,0.03120877407491207
8867,0.06550496816635132
8868,0.08674906194210052
8869,0.08044300228357315
8870,0.03905654698610306
8871,0.07743548601865768
8872,0.08024469763040543
8873,0.07086118310689926
8874,0.08104994893074036
8875,0.0631503239274025
8876,0.09783435612916946
8877,0.0443885512650013
8878,0.09096589684486389
8879,0.03295205906033516
8880,0.05921647325158119
8881,0.08053535968065262
8882,0.07950501888990402
8883,0.08070584386587143
8884,0.09730862826108932
8885,0.0697203129529953
8886,0.09253253042697906
8887,0.02948620915412903
8888,0.08817952871322632
8889,0.05777985602617264
8890,0.07187582552433014
8891,0.07583343982696533
8892,0.07996831089258194
8893,0.07561464607715607
8894,0.026999548077583313
8895,0.08429447561502457
8896,0.05039118602871895
8897,0.06760503351688385
8898,0.09507618099451065
8899,0.04910743236541748
8900,0.013721679337322712
8901,0.026609517633914948
8902,0.07323859632015228
8903,0.061172597110271454
8904,0.071947380900383
8905,0.06611092388629913
8906,0.08751130849123001
8907,0.07587449252605438
8908,0.0708957239985466
8909,0.07509150356054306
8910,0.07342684268951416
8911,0.07515694946050644
8912,0.08187221735715866
8913,0.07633509486913681
8914,0.06404977291822433
8915,0.06410171836614609
8916,0.05548055097460747
8917,0.032421261072158813
8918,0.013996569439768791
8919,0.05215756595134735
8920,0.04651949182152748
8921,0.04793312028050423
8922,0.05971141532063484
8923,0.08526860177516937
8924,0.04033998027443886
8925,0.05032350495457649
8926,0.032596588134765625
8927,0.06391189247369766
8928,0.07864972203969955
8929,0.06418255716562271
8930,0.07476390898227692
8931,0.06611450761556625
8932,0.08005566895008087
8933,0.06594514846801758
8934,0.06938520818948746
8935,0.0429677739739418
8936,0.07443798333406448
8937,0.0715426579117775
8938,0.03689311444759369
8939,0.07690548151731491
8940,0.054867081344127655
8941,0.022963734343647957
8942,0.06843923777341843
8943,0.09275911003351212
8944,0.06829977035522461
8945,0.08600447326898575
8946,0.09570346772670746
8947,0.08430458605289459
8948,0.07018043845891953
8949,0.06383374333381653
8950,0.0740123838186264
8951,0.044105373322963715
8952,0.09242526441812515
8953,0.020994186401367188
8954,0.08330885320901871
8955,0.0429566353559494
8956,0.05589639022946358
8957,0.07077181339263916
8958,0.07859619706869125
8959,0.058621473610401154
8960,0.09223703294992447
8961,0.051778022199869156
8962,0.029882576316595078
8963,0.07367198914289474
8964,0.06533952802419662
8965,0.06021434813737869
8966,0.048000939190387726
8967,0.07039806246757507
8968,0.08684362471103668
8969,0.04298605024814606
8970,0.05331333726644516
8971,0.0782543271780014
8972,0.06860024482011795
8973,0.071011021733284
8974,0.0379643440246582
8975,0.09807906299829483
8976,0.058165617287158966
8977,0.06563401222229004
8978,0.07266495376825333
8979,0.05540938302874565
8980,0.03446400910615921
8981,0.06657914072275162
8982,0.08863246440887451
8983,0.08394970744848251
8984,0.04482559487223625
8985,0.06319791078567505
8986,0.07140050828456879
8987,0.07677812874317169
8988,0.050446122884750366
8989,0.08362030982971191
8990,0.04613073915243149
8991,0.04880296066403389
8992,0.08423113077878952
8993,0.08614158630371094
8994,0.010620794259011745
8995,0.049592647701501846
8996,0.07928138226270676
8997,0.06027718260884285
8998,0.06903860718011856
8999,0.050145719200372696
9000,0.07994011789560318
9001,0.07790664583444595
9002,0.05777479708194733
9003,0.08980869501829147
9004,0.057870011776685715
9005,0.06026870757341385
9006,0.011333171278238297
9007,0.05027468502521515
9008,0.07660595327615738
9009,0.03506915643811226
9010,0.06993231177330017
9011,0.08179611712694168
9012,0.06918434798717499
9013,0.05255575850605965
9014,0.05046006664633751
9015,0.06944266706705093
9016,0.06603576242923737
9017,0.0778781995177269
9018,0.053161606192588806
9019,0.10218397527933121
9020,0.06021563336253166
9021,0.07676920294761658
9022,0.07774841040372849
9023,0.07710231840610504
9024,0.04575210064649582
9025,0.046659842133522034
9026,0.060533490031957626
9027,0.06206478551030159
9028,0.05523892119526863
9029,0.06648920476436615
9030,0.07497740536928177
9031,0.07789837568998337
9032,0.047699056565761566
9033,0.05508942902088165
9034,0.076480433344841
9035,0.046095509082078934
9036,0.07916584610939026
9037,0.07122623175382614
9038,0.0560838058590889
9039,0.08267661184072495
9040,0.08771960437297821
9041,0.0389474555850029
9042,0.054938625544309616
9043,0.06613479554653168
9044,0.07632485032081604
9045,0.06491706520318985
9046,0.09741166979074478
9047,0.07722532004117966
9048,0.06975637376308441
9049,0.042890727519989014
9050,0.05354804918169975
9051,0.056861307471990585
9052,0.07641352713108063
9053,0.0697714313864708
9054,0.08256766200065613
9055,0.05953778699040413
9056,0.11435176432132721
9057,0.07009075582027435
9058,0.05463253706693649
9059,0.06398676335811615
9060,0.07021026313304901
9061,0.059616342186927795
9062,0.06479193270206451
9063,0.07831280678510666
9064,0.0722462609410286
9065,0.06323117762804031
9066,0.07310217618942261
9067,0.07643245160579681
9068,0.06463029980659485
9069,0.10779250413179398
9070,0.07932265102863312
9071,0.042490676045417786
9072,0.11291594058275223
9073,0.08743569254875183
9074,0.049043525010347366
9075,0.06434259563684464
9076,0.08561976253986359
9077,0.08836906403303146
9078,0.02271142229437828
9079,0.038490984588861465
9080,0.05634846165776253
9081,0.0752873495221138
9082,0.08595172315835953
9083,0.04151663929224014
9084,0.07299391180276871
9085,0.06712735444307327
9086,0.06671975553035736
9087,0.04970380291342735
9088,0.07991344481706619
9089,0.06950944662094116
9090,0.07336712628602982
9091,0.09574922174215317
9092,0.029824549332261086
9093,0.06412743031978607
9094,0.05404891073703766
9095,0.027363421395421028
9096,0.0736510157585144
9097,0.032938700169324875
9098,0.08560042828321457
9099,0.07682196795940399
9100,0.07338304817676544
9101,0.06887241452932358
9102,0.09483528882265091
9103,0.030675001442432404
9104,0.06731544435024261
9105,0.07039280980825424
9106,0.04365411400794983
9107,0.08326368778944016
9108,0.04127184674143791
9109,0.058637022972106934
9110,0.08698271960020065
9111,0.057705700397491455
9112,0.05998266488313675
9113,0.044699180871248245
9114,0.03575776889920235
9115,0.06517162919044495
9116,0.0846758708357811
9117,0.042304981499910355
9118,0.02647596411406994
9119,0.07336936891078949
9120,0.07419059425592422
9121,0.06372014433145523
9122,0.060038045048713684
9123,0.036822762340307236
9124,0.06130152940750122
9125,0.07113845646381378
9126,0.06975974142551422
9127,0.08208922296762466
9128,0.06780155748128891
9129,0.0735083520412445
9130,0.06602470576763153
9131,0.08295626938343048
9132,0.04422370344400406
9133,0.08778226375579834
9134,0.03730209544301033
9135,0.04884478822350502
9136,0.08133232593536377
9137,0.08315727114677429
9138,0.09136904031038284
9139,0.05884116142988205
9140,0.08572498708963394
9141,0.06973099708557129
9142,0.09420137107372284
9143,0.07355038821697235
9144,0.07495060563087463
9145,0.0745653584599495
9146,0.05014043301343918
9147,0.08067748695611954
9148,0.05702979117631912
9149,0.05665859952569008
9150,0.08752984553575516
9151,0.07464611530303955
9152,0.06802177429199219
9153,0.07382765412330627
9154,0.06327442079782486
9155,0.10187885910272598
9156,0.05099611356854439
9157,0.022654661908745766
9158,0.08682683855295181
9159,0.02477732114493847
9160,0.05137605965137482
9161,0.04465879872441292
9162,0.08184991031885147
9163,0.08969461172819138
9164,0.07643946260213852
9165,0.024970855563879013
9166,0.0532786026597023
9167,0.08958961069583893
9168,0.09934642910957336
9169,0.05139628425240517
9170,0.04461106285452843
9171,0.09164128452539444
9172,0.05891210585832596
9173,0.05294289439916611
9174,0.07449794560670853
9175,0.05313994362950325
9176,0.04649941995739937
9177,0.0715239867568016
9178,0.08324284851551056
9179,0.10039801895618439
9180,0.07929728180170059
9181,0.078013576567173
9182,0.08846230059862137
9183,0.07801501452922821
9184,0.04371371865272522
9185,0.08004508912563324
9186,0.05273457616567612
9187,0.051482364535331726
9188,0.0733785405755043
9189,0.062090713530778885
9190,0.09029092639684677
9191,0.09538114070892334
9192,0.09017426520586014
9193,0.07522106915712357
9194,0.06654742360115051
9195,0.07502803951501846
9196,0.09012363106012344
9197,0.04009167477488518
9198,0.062299005687236786
9199,0.07190872728824615
9200,0.08329279720783234
9201,0.07152722030878067
9202,0.08974312990903854
9203,0.08360729366540909
9204,0.055859241634607315
9205,0.054889872670173645
9206,0.0470467209815979
9207,0.04006454721093178
9208,0.09610170125961304
9209,0.04055551812052727
9210,0.057017140090465546
9211,0.04170075058937073
9212,0.0943269357085228
9213,0.08145807683467865
9214,0.09248680621385574
9215,0.03544025495648384
9216,0.057109490036964417
9217,0.035582590848207474
9218,0.06732574850320816
9219,0.07939747720956802
9220,0.07702320069074631
9221,0.052776023745536804
9222,0.01044235285371542
9223,0.08560249209403992
9224,0.050243694335222244
9225,0.06399766355752945
9226,0.07961232960224152
9227,0.09088978171348572
9228,0.09482309222221375
9229,0.06396899372339249
9230,0.04933493584394455
9231,0.06958790123462677
9232,0.09573498368263245
9233,0.021784156560897827
9234,0.07816760987043381
9235,0.05956561118364334
9236,0.07229606062173843
9237,0.08149359375238419
9238,0.07987013459205627
9239,0.05579625815153122
9240,0.08243272453546524
9241,0.06022938713431358
9242,0.07411900907754898
9243,0.07793056964874268
9244,0.05215687304735184
9245,0.06243327632546425
9246,0.08848556131124496
9247,0.09273862838745117
9248,0.0463225394487381
9249,0.0653596892952919
9250,0.06031297519803047
9251,0.07842423766851425
9252,0.0753120481967926
9253,0.053460244089365005
9254,0.08126053959131241
9255,0.06982993334531784
9256,0.043100640177726746
9257,0.07097335159778595
9258,0.11187141388654709
9259,0.07797911018133163
9260,0.09613558650016785
9261,0.04753810912370682
9262,0.057746581733226776
9263,0.0690484419465065
9264,0.07262647151947021
9265,0.08808408677577972
9266,0.06991540640592575
9267,0.05546196550130844
9268,0.05911437049508095
9269,0.059166934341192245
9270,0.07454979419708252
9271,0.0800628736615181
9272,0.04642661288380623
9273,0.03589227423071861
9274,0.07410017400979996
9275,0.029030675068497658
9276,0.03832903876900673
9277,0.0463920421898365
9278,0.08042283356189728
9279,0.05269155651330948
9280,0.0602378323674202
9281,0.04915151745080948
9282,0.06261413544416428
9283,0.044849786907434464
9284,0.012890827842056751
9285,0.07291100174188614
9286,0.093974269926548
9287,0.043553415685892105
9288,0.049959201365709305
9289,0.05984688550233841
9290,0.06342189013957977
9291,0.061924319714307785
9292,0.09917338937520981
9293,0.0701424852013588
9294,0.09227766841650009
9295,0.05441668629646301
9296,0.07250344753265381
9297,0.08708996325731277
9298,0.046070922166109085
9299,0.09315476566553116
9300,0.07663444429636002
9301,0.048829130828380585
9302,0.026150908321142197
9303,0.0666298046708107
9304,0.08469399809837341
9305,0.07817888259887695
9306,0.09667922556400299
9307,0.06866475194692612
9308,0.09922360628843307
9309,0.07431846857070923
9310,0.09789563715457916
9311,0.053408656269311905
9312,0.0950460359454155
9313,0.030359817668795586
9314,0.07663565874099731
9315,0.08724011480808258
9316,0.062497418373823166
9317,0.09083385020494461
9318,0.07754503190517426
9319,0.049435507506132126
9320,0.03424496203660965
9321,0.06761223077774048
9322,0.06691532582044601
9323,0.07529404759407043
9324,0.06164584681391716
9325,0.0786726325750351
9326,0.07317416369915009
9327,0.06998375803232193
9328,0.0649297684431076
9329,0.0735517144203186
9330,0.07551020383834839
9331,0.04903315752744675
9332,0.019944334402680397
9333,0.08754060417413712
9334,0.08180765807628632
9335,0.07835425436496735
9336,0.06663379073143005
9337,0.0568910576403141
9338,0.06750998646020889
9339,0.07513385266065598
9340,0.07157709449529648
9341,0.04844280704855919
9342,0.06934135407209396
9343,0.06647581607103348
9344,0.050101399421691895
9345,0.08141067624092102
9346,0.06100467965006828
9347,0.05496428161859512
9348,0.024061772972345352
9349,0.08303727209568024
9350,0.05772773548960686
9351,0.0771651640534401
9352,0.07933545857667923
9353,0.07313968241214752
9354,0.07398699969053268
9355,0.054516036063432693
9356,0.04574444890022278
9357,0.027621043846011162
9358,0.06872240453958511
9359,0.06365969777107239
9360,0.05862602964043617
9361,0.09652169048786163
9362,0.04972436651587486
9363,0.09553102403879166
9364,0.04799969866871834
9365,0.012348133139312267
9366,0.04546838998794556
9367,0.05183279514312744
9368,0.06803286075592041
9369,0.05660984292626381
9370,0.07008086889982224
9371,0.017473487183451653
9372,0.06941629946231842
9373,0.04167630523443222
9374,0.07845714688301086
9375,0.08925631642341614
9376,0.03757381811738014
9377,0.033147335052490234
9378,0.07321865856647491
9379,0.09176185727119446
9380,0.05531754717230797
9381,0.060889832675457
9382,0.09175612032413483
9383,0.023918580263853073
9384,0.08377286046743393
9385,0.0780181884765625
9386,0.03766394034028053
9387,0.07934718579053879
9388,0.04858473315834999
9389,0.07345370948314667
9390,0.03519174084067345
9391,0.07745293527841568
9392,0.07755521684885025
9393,0.08573031425476074
9394,0.03351960331201553
9395,0.032619912177324295
9396,0.06509481370449066
9397,0.07438035309314728
9398,0.07232005894184113
9399,0.06114492192864418
9400,0.0694441944360733
9401,0.0588604100048542
9402,0.0844496637582779
9403,0.06223389878869057
9404,0.06729543209075928
9405,0.08958218991756439
9406,0.008119230158627033
9407,0.057538874447345734
9408,0.03090953454375267
9409,0.05286232754588127
9410,0.07622484117746353
9411,0.037165019661188126
9412,0.08612605184316635
9413,0.08528251200914383
9414,0.05187937989830971
9415,0.046555839478969574
9416,0.08597663044929504
9417,0.09947872906923294
9418,0.07998254150152206
9419,0.0726461112499237
9420,0.05980643257498741
9421,0.07385889440774918
9422,0.060825083404779434
9423,0.06573273241519928
9424,0.09819169342517853
9425,0.05223383381962776
9426,0.036811213940382004
9427,0.08830875903367996
9428,0.030198408290743828
9429,0.009960760362446308
9430,0.061639051884412766
9431,0.04905487596988678
9432,0.045604731887578964
9433,0.07445130497217178
9434,0.05359451100230217
9435,0.08454171568155289
9436,0.06472708284854889
9437,0.07425956428050995
9438,0.12274188548326492
9439,0.04643924906849861
9440,0.07146992534399033
9441,0.05694444477558136
9442,0.08466361463069916
9443,0.07688761502504349
9444,0.0721520408987999
9445,0.060815904289484024
9446,0.026583466678857803
9447,0.08198300749063492
9448,0.04550132527947426
9449,0.08092150837182999
9450,0.0741569772362709
9451,0.08835068345069885
9452,0.032349031418561935
9453,0.05240390822291374
9454,0.02497059851884842
9455,0.07936868816614151
9456,0.05698961019515991
9457,0.07263646274805069
9458,0.0833815261721611
9459,0.07507244497537613
9460,0.0808495357632637
9461,0.09568952769041061
9462,0.0612608976662159
9463,0.06170281395316124
9464,0.07969158887863159
9465,0.07468073070049286
9466,0.07840997725725174
9467,0.08065710216760635
9468,0.04755719006061554
9469,0.01649629697203636
9470,0.05418909341096878
9471,0.0719635933637619
9472,0.06666383147239685
9473,0.06064236909151077
9474,0.02989729307591915
9475,0.06137235835194588
9476,0.08185932785272598
9477,0.07262308895587921
9478,0.05759924650192261
9479,0.020062768831849098
9480,0.07992468029260635
9481,0.08535370975732803
9482,0.022313227877020836
9483,0.04917333647608757
9484,0.07638538628816605
9485,0.06154651939868927
9486,0.07106228172779083
9487,0.06323134899139404
9488,0.04467838257551193
9489,0.05871208384633064
9490,0.07097969204187393
9491,0.05080951377749443
9492,0.07137499004602432
9493,0.08892267197370529
9494,0.049181729555130005
9495,0.060226041823625565
9496,0.08133728057146072
9497,0.0800931453704834
9498,0.08147037774324417
9499,0.06227628514170647
9500,0.08188287913799286
9501,0.06928087025880814
9502,0.07396470010280609
9503,0.07815803587436676
9504,0.029475774616003036
9505,0.0765615776181221
9506,0.06206633523106575
9507,0.0909624993801117
9508,0.07386763393878937
9509,0.09031207859516144
9510,0.06214198097586632
9511,0.08026645332574844
9512,0.04529993608593941
9513,0.052720338106155396
9514,0.09317866712808609
9515,0.03946881741285324
9516,0.060632918030023575
9517,0.07247494161128998
9518,0.05554545298218727
9519,0.03622227534651756
9520,0.09857761859893799
9521,0.02655130624771118
9522,0.06782122701406479
9523,0.06590574979782104
9524,0.07849159836769104
9525,0.06340654194355011
9526,0.07590460777282715
9527,0.09013739973306656
9528,0.04064973071217537
9529,0.04584911838173866
9530,0.07312607765197754
9531,0.01707492768764496
9532,0.028174566105008125
9533,0.06808608770370483
9534,0.05792982876300812
9535,0.07657337188720703
9536,0.0482574999332428
9537,0.06650473177433014
9538,0.06558931618928909
9539,0.08825041353702545
9540,0.04652927443385124
9541,0.010860114358365536
9542,0.07092912495136261
9543,0.07062821090221405
9544,0.040291059762239456
9545,0.08388285338878632
9546,0.07521561533212662
9547,0.06673616915941238
9548,0.08112148195505142
9549,0.0476042702794075
9550,0.07557490468025208
9551,0.07406417280435562
9552,0.07589271664619446
9553,0.06137089058756828
9554,0.06541076302528381
9555,0.030512971803545952
9556,0.019871238619089127
9557,0.04159773886203766
9558,0.05178985372185707
9559,0.06767769157886505
9560,0.07348969578742981
9561,0.05581557750701904
9562,0.08605004101991653
9563,0.07428715378046036
9564,0.05586333945393562
9565,0.031966809183359146
9566,0.039477866142988205
9567,0.0977572649717331
9568,0.07056915760040283
9569,0.10104397684335709
9570,0.07094047218561172
9571,0.0895860567688942
9572,0.07287071645259857
9573,0.08546630293130875
9574,0.08971938490867615
9575,0.07590629905462265
9576,0.06371932476758957
9577,0.033083975315093994
9578,0.04988351836800575
9579,0.03984372690320015
9580,0.06587611138820648
9581,0.047717656940221786
9582,0.07949241250753403
9583,0.04399596527218819
9584,0.05693872272968292
9585,0.05570431053638458
9586,0.008709758520126343
9587,0.07496572285890579
9588,0.061150748282670975
9589,0.06051332503557205
9590,0.07619267702102661
9591,0.05576450377702713
9592,0.07676553726196289
9593,0.05727757513523102
9594,0.07995176315307617
9595,0.062449727207422256
9596,0.05962323024868965
9597,0.06821125745773315
9598,0.06313562393188477
9599,0.08265379816293716
9600,0.04445892199873924
9601,0.0805925726890564
9602,0.026469595730304718
9603,0.03869644179940224
9604,0.05713801831007004
9605,0.07315455377101898
9606,0.06714456528425217
9607,0.03409532830119133
9608,0.07595435529947281
9609,0.053129538893699646
9610,0.03470209240913391
9611,0.07705873996019363
9612,0.08304844796657562
9613,0.06215295568108559
9614,0.025386910885572433
9615,0.062265343964099884
9616,0.07603176683187485
9617,0.06746351718902588
9618,0.10598856210708618
9619,0.06686047464609146
9620,0.023760775104165077
9621,0.023244837298989296
9622,0.10819248110055923
9623,0.048765745013952255
9624,0.07251819223165512
9625,0.07569050788879395
9626,0.12254985421895981
9627,0.07100372761487961
9628,0.06924643367528915
9629,0.05220877006649971
9630,0.07487056404352188
9631,0.08724817633628845
9632,0.06962396204471588
9633,0.0677163302898407
9634,0.04218871891498566
9635,0.054414261132478714
9636,0.09199634194374084
9637,0.07939673960208893
9638,0.06168965622782707
9639,0.08169388025999069
9640,0.061548810452222824
9641,0.0786503329873085
9642,0.08441393822431564
9643,0.09071177244186401
9644,0.06825529038906097
9645,0.0812716856598854
9646,0.07619722187519073
9647,0.034423258155584335
9648,0.07008164376020432
9649,0.07369594275951385
9650,0.07478233426809311
9651,0.0752447247505188
9652,0.06127988547086716
9653,0.10449240356683731
9654,0.08027982711791992
9655,0.07325717061758041
9656,0.05279545858502388
9657,0.10726761072874069
9658,0.03166201338171959
9659,0.06862208992242813
9660,0.04744983837008476
9661,0.041857969015836716
9662,0.0521247573196888
9663,0.052316613495349884
9664,0.036114174872636795
9665,0.060731928795576096
9666,0.07508070021867752
9667,0.0584009625017643
9668,0.07104535400867462
9669,0.04141756892204285
9670,0.03990195319056511
9671,0.06687713414430618
9672,0.074778713285923
9673,0.05627911537885666
9674,0.010072769597172737
9675,0.06689764559268951
9676,0.07317473739385605
9677,0.05771481990814209
9678,0.09401968121528625
9679,0.06914184242486954
9680,0.06020332872867584
9681,0.049030449241399765
9682,0.06748336553573608
9683,0.07596728950738907
9684,0.04675158113241196
9685,0.04840860888361931
9686,0.056826259940862656
9687,0.09415722638368607
9688,0.06688962131738663
9689,0.07694847136735916
9690,0.07870180159807205
9691,0.0721275806427002
9692,0.04765539616346359
9693,0.07201555371284485
9694,0.056001175194978714
9695,0.07640594989061356
9696,0.11119940876960754
9697,0.09612981975078583
9698,0.07923438400030136
9699,0.08597937971353531
9700,0.09498230367898941
9701,0.0526445098221302
9702,0.017534982413053513
9703,0.03384833782911301
9704,0.06424298882484436
9705,0.07359232008457184
9706,0.01897021196782589
9707,0.0516904778778553
9708,0.07329798489809036
9709,0.07222030311822891
9710,0.02734065242111683
9711,0.07424341887235641
9712,0.02632880210876465
9713,0.07639028131961823
9714,0.04388398304581642
9715,0.08260518312454224
9716,0.07587001472711563
9717,0.07204630970954895
9718,0.09229353815317154
9719,0.007976078428328037
9720,0.070547915995121
9721,0.056076422333717346
9722,0.06961878389120102
9723,0.07821352779865265
9724,0.05680881068110466
9725,0.08517167717218399
9726,0.09220166504383087
9727,0.05351228266954422
9728,0.0662354826927185
9729,0.07938958704471588
9730,0.05707922950387001
9731,0.06358072906732559
9732,0.033964455127716064
9733,0.05486828088760376
9734,0.06086947023868561
9735,0.056386638432741165
9736,0.04151814430952072
9737,0.06699983775615692
9738,0.07548604160547256
9739,0.07127822935581207
9740,0.059716131538152695
9741,0.04591246321797371
9742,0.07023686915636063
9743,0.019439367577433586
9744,0.07869899272918701
9745,0.06930319219827652
9746,0.04016243293881416
9747,0.06420067697763443
9748,0.08346753567457199
9749,0.049941033124923706
9750,0.05946715548634529
9751,0.07973885536193848
9752,0.07116559892892838
9753,0.051714587956666946
9754,0.06197661906480789
9755,0.08157531172037125
9756,0.09437917917966843
9757,0.03510104864835739
9758,0.06951668858528137
9759,0.05229426175355911
9760,0.06044745445251465
9761,0.0655602365732193
9762,0.09469615668058395
9763,0.0743444561958313
9764,0.060340192168951035
9765,0.04170555621385574
9766,0.07764101028442383
9767,0.07683181017637253
9768,0.045026976615190506
9769,0.08984918147325516
9770,0.07478518784046173
9771,0.012675178237259388
9772,0.03246195614337921
9773,0.09868884831666946
9774,0.041635625064373016
9775,0.04815829172730446
9776,0.0956442728638649
9777,0.009830234572291374
9778,0.08667144924402237
9779,0.05070596560835838
9780,0.07024291902780533
9781,0.044536445289850235
9782,0.087542325258255
9783,0.023447347804903984
9784,0.0740504041314125
9785,0.07261363416910172
9786,0.06583267450332642
9787,0.0800950899720192
9788,0.034972723573446274
9789,0.10126471519470215
9790,0.049513548612594604
9791,0.06701911985874176
9792,0.07305553555488586
9793,0.09836111962795258
9794,0.009405349381268024
9795,0.028287461027503014
9796,0.038954854011535645
9797,0.06023693084716797
9798,0.050353240221738815
9799,0.07636532932519913
9800,0.06953612715005875
9801,0.05298781394958496
9802,0.0725283995270729
9803,0.07676896452903748
9804,0.05542420968413353
9805,0.0672299712896347
9806,0.07786483317613602
9807,0.05716245621442795
9808,0.042383208870887756
9809,0.0748867616057396
9810,0.047028157860040665
9811,0.0745295062661171
9812,0.03894849866628647
9813,0.06718411296606064
9814,0.0695788636803627
9815,0.08855912834405899
9816,0.07580330222845078
9817,0.057538311928510666
9818,0.05790536478161812
9819,0.10352335125207901
9820,0.0489213727414608
9821,0.06582065671682358
9822,0.07405797392129898
9823,0.09358897060155869
9824,0.07349608838558197
9825,0.06988783925771713
9826,0.05318756774067879
9827,0.07836799323558807
9828,0.0670938491821289
9829,0.01724660024046898
9830,0.0832584872841835
9831,0.026697004213929176
9832,0.0723465085029602
9833,0.06928662210702896
9834,0.04264773800969124
9835,0.06557522714138031
9836,0.0785038098692894
9837,0.0797123834490776
9838,0.09349281340837479
9839,0.09533361345529556
9840,0.050624772906303406
9841,0.07709232717752457
9842,0.08019262552261353
9843,0.02740652672946453
9844,0.053195349872112274
9845,0.008577648550271988
9846,0.07031972706317902
9847,0.07862405478954315
9848,0.0645219087600708
9849,0.11535751819610596
9850,0.08483002334833145
9851,0.07578293979167938
9852,0.07547350972890854
9853,0.07624031603336334
9854,0.0880541279911995
9855,0.04841725900769234
9856,0.024236708879470825
9857,0.03965265676379204
9858,0.05823222175240517
9859,0.05742720142006874
9860,0.07716536521911621
9861,0.07629922777414322
9862,0.09353210031986237
9863,0.07534732669591904
9864,0.05259643867611885
9865,0.07918140292167664
9866,0.07542500644922256
9867,0.07018445432186127
9868,0.04078410565853119
9869,0.07577888667583466
9870,0.09213176369667053
9871,0.047383710741996765
9872,0.0714573860168457
9873,0.01498106587678194
9874,0.0817594975233078
9875,0.061171043664216995
9876,0.08703259378671646
9877,0.06491807848215103
9878,0.02880062721669674
9879,0.07656387239694595
9880,0.07856463640928268
9881,0.08140599727630615
9882,0.12311466783285141
9883,0.07499540597200394
9884,0.0654105693101883
9885,0.0687386617064476
9886,0.057201266288757324
9887,0.054699528962373734
9888,0.09108638763427734
9889,0.08278188854455948
9890,0.1250762641429901
9891,0.10117801278829575
9892,0.07097040116786957
9893,0.038567397743463516
9894,0.09313290566205978
9895,0.07687125355005264
9896,0.06599945574998856
9897,0.06692097336053848
9898,0.02125992812216282
9899,0.08011416345834732
9900,0.08983796834945679
9901,0.043701041489839554
9902,0.024250341579318047
9903,0.040839701890945435
9904,0.06489501148462296
9905,0.03256640210747719
9906,0.09341173619031906
9907,0.07212041318416595
9908,0.06896951794624329
9909,0.08387574553489685
9910,0.046123623847961426
9911,0.07200882583856583
9912,0.06935061514377594
9913,0.07484818249940872
9914,0.044742342084646225
9915,0.07835526019334793
9916,0.07843025028705597
9917,0.029945015907287598
9918,0.08432002365589142
9919,0.07317466288805008
9920,0.05267157778143883
9921,0.04718261957168579
9922,0.10455255955457687
9923,0.07322821766138077
9924,0.06510348618030548
9925,0.08123030513525009
9926,0.05624778941273689
9927,0.033295340836048126
9928,0.07778540998697281
9929,0.06353655457496643
9930,0.04992067813873291
9931,0.0601281076669693
9932,0.01746068149805069
9933,0.0839342251420021
9934,0.01294401753693819
9935,0.03689282014966011
9936,0.07867712527513504
9937,0.06767141819000244
9938,0.011677948758006096
9939,0.06981302797794342
9940,0.04282069206237793
9941,0.08597680926322937
9942,0.07357466220855713
9943,0.034801632165908813
9944,0.0918426662683487
9945,0.0540844090282917
9946,0.04449724406003952
9947,0.03934066370129585
9948,0.07277580350637436
9949,0.08194949477910995
9950,0.04410061985254288
9951,0.05525900796055794
9952,0.08961883187294006
9953,0.037243496626615524
9954,0.12349896878004074
9955,0.0368921160697937
9956,0.053837794810533524
9957,0.05455075576901436
9958,0.050636619329452515
9959,0.07351501286029816
9960,0.028209365904331207
9961,0.04659509286284447
9962,0.05318858101963997
9963,0.0803920179605484
9964,0.06345204263925552
9965,0.028010912239551544
9966,0.0724058523774147
9967,0.040777675807476044
9968,0.062234509736299515
9969,0.06346846371889114
9970,0.051469095051288605
9971,0.010089640505611897
9972,0.07262067496776581
9973,0.062411241233348846
9974,0.04931090399622917
9975,0.08120439946651459
9976,0.08522149175405502
9977,0.01924026571214199
9978,0.06518612056970596
9979,0.04417414218187332
9980,0.06893862783908844
9981,0.09147635847330093
9982,0.06460433453321457
9983,0.09697244316339493
9984,0.047257713973522186
9985,0.05034871771931648
9986,0.06927593052387238
9987,0.11075189709663391
9988,0.030495567247271538
9989,0.10319160670042038
9990,0.07214846462011337
9991,0.035604290664196014
9992,0.07906980812549591
9993,0.07522885501384735
9994,0.06796504557132721
9995,0.08184006810188293
9996,0.07532233744859695
9997,0.06278470158576965
9998,0.06750718504190445
9999,0.06999173760414124
10000,0.03274259343743324
10001,0.04309341683983803
10002,0.05338003486394882
10003,0.052818793803453445
10004,0.02529664896428585
10005,0.07951328903436661
10006,0.07022639364004135
10007,0.09844894707202911
10008,0.07043881714344025
10009,0.04687844216823578
10010,0.05674516037106514
10011,0.04800482466816902
10012,0.08159927278757095
10013,0.07446116209030151
10014,0.033659253269433975
10015,0.05964912474155426
10016,0.07583387941122055
10017,0.05547718331217766
10018,0.06392839550971985
10019,0.07256422191858292
10020,0.03880241513252258
10021,0.06764884293079376
10022,0.039439812302589417
10023,0.03939735144376755
10024,0.07442136108875275
10025,0.06144057586789131
10026,0.07724853605031967
10027,0.06245340406894684
10028,0.043718643486499786
10029,0.06768814474344254
10030,0.0569683201611042
10031,0.04966190829873085
10032,0.06977266073226929
10033,0.02597041055560112
10034,0.014074276201426983
10035,0.046397726982831955
10036,0.040463972836732864
10037,0.07184600830078125
10038,0.031957365572452545
10039,0.06344075500965118
10040,0.08218789100646973
10041,0.09789682924747467
10042,0.06943745166063309
10043,0.08268869668245316
10044,0.06216691806912422
10045,0.104364313185215
10046,0.07269115000963211
10047,0.041246503591537476
10048,0.02374519594013691
10049,0.06773427873849869
10050,0.0697912946343422
10051,0.04305867478251457
10052,0.04970331862568855
10053,0.08017498254776001
10054,0.06463956832885742
10055,0.03427789360284805
10056,0.07343509048223495
10057,0.08725627511739731
10058,0.03131990507245064
10059,0.028488576412200928
10060,0.05292191356420517
10061,0.08282982558012009
10062,0.08082769811153412
10063,0.045451898127794266
10064,0.04975279048085213
10065,0.027488745748996735
10066,0.06495419889688492
10067,0.08944467455148697
10068,0.06860480457544327
10069,0.046274758875370026
10070,0.014994785189628601
10071,0.01364124845713377
10072,0.09604750573635101
10073,0.0334290936589241
10074,0.05024116113781929
10075,0.09909949451684952
10076,0.07650182396173477
10077,0.09554463624954224
10078,0.04409392178058624
10079,0.027149105444550514
10080,0.05805591121315956
10081,0.08071554452180862
10082,0.06192267686128616
10083,0.04722575098276138
10084,0.09004651010036469
10085,0.07645004987716675
10086,0.07110484689474106
10087,0.10159620642662048
10088,0.043338704854249954
10089,0.08231677114963531
10090,0.05730276182293892
10091,0.08029843121767044
10092,0.07335682958364487
10093,0.08400241285562515
10094,0.05646117031574249
10095,0.06904016435146332
10096,0.06635767221450806
10097,0.06942364573478699
10098,0.07989183813333511
10099,0.09253338724374771
10100,0.04790027439594269
10101,0.09345197677612305
10102,0.03675779327750206
10103,0.04703119024634361
10104,0.04308425635099411
10105,0.05564125254750252
10106,0.03642379865050316
10107,0.07492097467184067
10108,0.07018188387155533
10109,0.014665153808891773
10110,0.044235359877347946
10111,0.06806612014770508
10112,0.04123993217945099
10113,0.02955945022404194
10114,0.08287428319454193
10115,0.02152150496840477
10116,0.05150547996163368
10117,0.04903535917401314
10118,0.05774904042482376
10119,0.07421518862247467
10120,0.0504673607647419
10121,0.05811752378940582
10122,0.04094450920820236
10123,0.059723664075136185
10124,0.053523190319538116
10125,0.03896608576178551
10126,0.07259053736925125
10127,0.07235856354236603
10128,0.08362608402967453
10129,0.06378583610057831
10130,0.07956055551767349
10131,0.05325361713767052
10132,0.05932438373565674
10133,0.06465581804513931
10134,0.07936638593673706
10135,0.03986530378460884
10136,0.10513261705636978
10137,0.06941761821508408
10138,0.06117328628897667
10139,0.04091434180736542
10140,0.04585040733218193
10141,0.07696732878684998
10142,0.06368599832057953
10143,0.08215875178575516
10144,0.08000252395868301
10145,0.08768739551305771
10146,0.0713505670428276
10147,0.033820271492004395
10148,0.07338517904281616
10149,0.06589499861001968
10150,0.06092347204685211
10151,0.05531848967075348
10152,0.0820094645023346
10153,0.1015518307685852
10154,0.04425669088959694
10155,0.03157787397503853
10156,0.07942594587802887
10157,0.08024197071790695
10158,0.08311399072408676
10159,0.09199107438325882
10160,0.057186443358659744
10161,0.07573855668306351
10162,0.031012505292892456
10163,0.04708663746714592
10164,0.09260732680559158
10165,0.08159208297729492
10166,0.061508920043706894
10167,0.07610934227705002
10168,0.046388376504182816
10169,0.07137203216552734
10170,0.048818837851285934
10171,0.07726734131574631
10172,0.0678395926952362
10173,0.0817781388759613
10174,0.06975368410348892
10175,0.05593236908316612
10176,0.08189242333173752
10177,0.07420334964990616
10178,0.09235274791717529
10179,0.08433637768030167
10180,0.033406034111976624
10181,0.0711454525589943
10182,0.0825110673904419
10183,0.07841170579195023
10184,0.07589858770370483
10185,0.06320314109325409
10186,0.08108896762132645
10187,0.08553899824619293
10188,0.08025196939706802
10189,0.05931117758154869
10190,0.07223354279994965
10191,0.05626026913523674
10192,0.08059244602918625
10193,0.07693495601415634
10194,0.055450573563575745
10195,0.06990701705217361
10196,0.06814317405223846
10197,0.05770839750766754
10198,0.08027935773134232
10199,0.06284299492835999
10200,0.047854483127593994
10201,0.05796448513865471
10202,0.01640739105641842
10203,0.08071794360876083
10204,0.055681731551885605
10205,0.02255125902593136
10206,0.07640527933835983
10207,0.07316625118255615
10208,0.038910772651433945
10209,0.05965089797973633
10210,0.0646575540304184
10211,0.0705939307808876
10212,0.08656606823205948
10213,0.09320788830518723
10214,0.03258625045418739
10215,0.08727843314409256
10216,0.07167083770036697
10217,0.0636841431260109
10218,0.05258508399128914
10219,0.12943001091480255
10220,0.0553106814622879
10221,0.10786008834838867
10222,0.01664137654006481
10223,0.038878340274095535
10224,0.03927631676197052
10225,0.07041916996240616
10226,0.06483423709869385
10227,0.05794744938611984
10228,0.05879012122750282
10229,0.04553623124957085
10230,0.026912042871117592
10231,0.07880453765392303
10232,0.07556857168674469
10233,0.06285213679075241
10234,0.0721600353717804
10235,0.031122887507081032
10236,0.03468979150056839
10237,0.05178191140294075
10238,0.05969823896884918
10239,0.06925932317972183
10240,0.08248239010572433
10241,0.09856908768415451
10242,0.04091339185833931
10243,0.0367642380297184
10244,0.05040719732642174
10245,0.05521698668599129
10246,0.012636465020477772
10247,0.03796182945370674
10248,0.025940949097275734
10249,0.08593560755252838
10250,0.09939565509557724
10251,0.05828755348920822
10252,0.019006874412298203
10253,0.054109085351228714
10254,0.052967384457588196
10255,0.07959403842687607
10256,0.0902494415640831
10257,0.07189129292964935
10258,0.05674709752202034
10259,0.06123659387230873
10260,0.05857463553547859
10261,0.058691978454589844
10262,0.07251419872045517
10263,0.0944262146949768
10264,0.0753430649638176
10265,0.08171769231557846
10266,0.03715425729751587
10267,0.06392215192317963
10268,0.06576928496360779
10269,0.03960321471095085
10270,0.10028207302093506
10271,0.04551691561937332
10272,0.049977872520685196
10273,0.08172697573900223
10274,0.05661243200302124
10275,0.04050973057746887
10276,0.061230797320604324
10277,0.06465362012386322
10278,0.04158051684498787
10279,0.054203081876039505
10280,0.029803428798913956
10281,0.04224717244505882
10282,0.029307659715414047
10283,0.053887706249952316
10284,0.049342360347509384
10285,0.08370993286371231
10286,0.07088401913642883
10287,0.06168756261467934
10288,0.09327492862939835
10289,0.0666714459657669
10290,0.09138593822717667
10291,0.058281004428863525
10292,0.08524194359779358
10293,0.08274152874946594
10294,0.0359303317964077
10295,0.06646901369094849
10296,0.045651789754629135
10297,0.03259002044796944
10298,0.08453144133090973
10299,0.038556020706892014
10300,0.08150649070739746
10301,0.04979233071208
10302,0.038862936198711395
10303,0.08960036933422089
10304,0.08110404759645462
10305,0.04136529564857483
10306,0.04227523133158684
10307,0.0796131119132042
10308,0.08006032556295395
10309,0.0994226485490799
10310,0.08243032544851303
10311,0.06514744460582733
10312,0.05315481871366501
10313,0.07186160981655121
10314,0.0813959389925003
10315,0.07920897752046585
10316,0.07113523781299591
10317,0.07756797224283218
10318,0.06991477310657501
10319,0.062292832881212234
10320,0.07580848783254623
10321,0.028211643919348717
10322,0.09224177151918411
10323,0.036611828953027725
10324,0.09652306139469147
10325,0.08069149404764175
10326,0.04963408038020134
10327,0.04785903915762901
10328,0.0628390908241272
10329,0.0831681340932846
10330,0.06832479685544968
10331,0.034908879548311234
10332,0.07715208828449249
10333,0.0455038920044899
10334,0.07661835104227066
10335,0.035973262041807175
10336,0.044362153857946396
10337,0.08441384136676788
10338,0.06396310031414032
10339,0.07356937974691391
10340,0.03589455783367157
10341,0.027302298694849014
10342,0.09113649278879166
10343,0.08231794834136963
10344,0.030344821512699127
10345,0.07644692063331604
10346,0.105396568775177
10347,0.040572989732027054
10348,0.07368257641792297
10349,0.06103217601776123
10350,0.07437877357006073
10351,0.06819316744804382
10352,0.08735627681016922
10353,0.053039971739053726
10354,0.05847661569714546
10355,0.04833057150244713
10356,0.04031971096992493
10357,0.05564209446310997
10358,0.016754036769270897
10359,0.009229918010532856
10360,0.09256359189748764
10361,0.06217379868030548
10362,0.02536730468273163
10363,0.08073008060455322
10364,0.09981591254472733
10365,0.0323215052485466
10366,0.05339186638593674
10367,0.06563583016395569
10368,0.007484490517526865
10369,0.0738566443324089
10370,0.021667880937457085
10371,0.043014977127313614
10372,0.07179789245128632
10373,0.05689183250069618
10374,0.07741919904947281
10375,0.07725545763969421
10376,0.07060053199529648
10377,0.07184349000453949
10378,0.06356098502874374
10379,0.061691515147686005
10380,0.06771333515644073
10381,0.050782084465026855
10382,0.08555423468351364
10383,0.060911908745765686
10384,0.08257332444190979
10385,0.07518401741981506
10386,0.0676453560590744
10387,0.0831122174859047
10388,0.10315138846635818
10389,0.056109264492988586
10390,0.026972612366080284
10391,0.058790724724531174
10392,0.05849374830722809
10393,0.07292772084474564
10394,0.038556236773729324
10395,0.050131507217884064
10396,0.08908341079950333
10397,0.058738067746162415
10398,0.0613284707069397
10399,0.07469697296619415
10400,0.0750192180275917
10401,0.0873432531952858
10402,0.07134322077035904
10403,0.0445321686565876
10404,0.06337593495845795
10405,0.07150296121835709
10406,0.07783446460962296
10407,0.07345912605524063
10408,0.06304717063903809
10409,0.04690230265259743
10410,0.03262569010257721
10411,0.03258785605430603
10412,0.061170049011707306
10413,0.08906946331262589
10414,0.076194167137146
10415,0.05632897838950157
10416,0.07608959823846817
10417,0.058768656104803085
10418,0.0606418177485466
10419,0.05804969370365143
10420,0.08448398113250732
10421,0.08028572052717209
10422,0.05513079836964607
10423,0.07128041237592697
10424,0.07947786897420883
10425,0.04944661259651184
10426,0.06270123273134232
10427,0.039858750998973846
10428,0.05435814708471298
10429,0.0829857587814331
10430,0.07030332088470459
10431,0.07714180648326874
10432,0.07429604977369308
10433,0.05327168479561806
10434,0.06448856741189957
10435,0.055525023490190506
10436,0.04756300523877144
10437,0.04839964210987091
10438,0.06803612411022186
10439,0.07484409213066101
10440,0.06899908185005188
10441,0.09349792450666428
10442,0.07951274514198303
10443,0.04697752743959427
10444,0.09468952566385269
10445,0.03782179206609726
10446,0.09986438602209091
10447,0.0827617421746254
10448,0.04560312256217003
10449,0.04150855913758278
10450,0.0746600404381752
10451,0.05842158570885658
10452,0.09718034416437149
10453,0.0810108408331871
10454,0.07285555452108383
10455,0.04747915640473366
10456,0.09952477365732193
10457,0.07727118581533432
10458,0.09057196229696274
10459,0.07516994327306747
10460,0.06843788176774979
10461,0.033771317452192307
10462,0.08385419845581055
10463,0.05076056718826294
10464,0.03672420233488083
10465,0.07317826896905899
10466,0.032386135309934616
10467,0.0723692998290062
10468,0.044424910098314285
10469,0.04802998527884483
10470,0.09122580289840698
10471,0.05767149478197098
10472,0.06785894185304642
10473,0.08881296217441559
10474,0.038974348455667496
10475,0.07614181935787201
10476,0.08607799559831619
10477,0.04589196667075157
10478,0.05264459177851677
10479,0.07033532857894897
10480,0.0748991146683693
10481,0.08058414608240128
10482,0.05565451458096504
10483,0.07011835277080536
10484,0.01907309517264366
10485,0.08304749429225922
10486,0.10121745616197586
10487,0.09408693015575409
10488,0.06866103410720825
10489,0.07785998284816742
10490,0.08570686727762222
10491,0.041660457849502563
10492,0.06691176444292068
10493,0.08161989599466324
10494,0.07244396209716797
10495,0.10079145431518555
10496,0.047161687165498734
10497,0.0640774518251419
10498,0.08060382306575775
10499,0.07321939617395401
10500,0.06591545045375824
10501,0.08758573234081268
10502,0.08204164355993271
10503,0.07413800805807114
10504,0.08648862689733505
10505,0.04156670346856117
10506,0.03750140964984894
10507,0.07530277967453003
10508,0.0573916956782341
10509,0.06563190370798111
10510,0.08665123581886292
10511,0.03478444367647171
10512,0.04992583766579628
10513,0.08351783454418182
10514,0.0739898756146431
10515,0.06610224395990372
10516,0.05232095718383789
10517,0.05879215523600578
10518,0.02535528503358364
10519,0.057558465749025345
10520,0.06796387583017349
10521,0.08530908077955246
10522,0.028197402134537697
10523,0.037171900272369385
10524,0.023358825594186783
10525,0.08079159259796143
10526,0.07028494030237198
10527,0.06590678542852402
10528,0.07995004206895828
10529,0.09403439611196518
10530,0.04477772116661072
10531,0.07310476899147034
10532,0.08307914435863495
10533,0.06266237795352936
10534,0.07073460519313812
10535,0.08422622829675674
10536,0.06537798047065735
10537,0.09329651296138763
10538,0.07248923182487488
10539,0.09579116851091385
10540,0.04205320030450821
10541,0.05614675581455231
10542,0.049472738057374954
10543,0.034212518483400345
10544,0.04716634005308151
10545,0.06364206224679947
10546,0.05523407459259033
10547,0.0793759822845459
10548,0.10100749880075455
10549,0.08541116863489151
10550,0.09210512787103653
10551,0.032956864684820175
10552,0.07813064754009247
10553,0.0668475478887558
10554,0.08396467566490173
10555,0.07929345965385437
10556,0.07582813501358032
10557,0.05155690386891365
10558,0.04772385582327843
10559,0.048467688262462616
10560,0.03386529162526131
10561,0.06392310559749603
10562,0.07202370464801788
10563,0.06369863450527191
10564,0.05042579770088196
10565,0.08504331111907959
10566,0.04728557541966438
10567,0.04096618667244911
10568,0.0627293735742569
10569,0.052588243037462234
10570,0.08715636283159256
10571,0.07528313994407654
10572,0.06306391209363937
10573,0.06952594965696335
10574,0.06265463680028915
10575,0.08814749866724014
10576,0.07529889047145844
10577,0.03280602768063545
10578,0.06777577102184296
10579,0.018905503675341606
10580,0.08459534496068954
10581,0.0877542719244957
10582,0.07344041019678116
10583,0.06485763192176819
10584,0.06025959551334381
10585,0.05764565244317055
10586,0.06500647217035294
10587,0.031205035746097565
10588,0.06506862491369247
10589,0.07553509622812271
10590,0.043268971145153046
10591,0.04640945792198181
10592,0.07391638308763504
10593,0.07129482924938202
10594,0.08603288978338242
10595,0.08116422593593597
10596,0.011900504119694233
10597,0.04697827994823456
10598,0.08506804704666138
10599,0.05764453485608101
10600,0.0753469169139862
10601,0.04315130040049553
10602,0.0790889635682106
10603,0.039205294102430344
10604,0.06478766351938248
10605,0.05221499875187874
10606,0.04253172501921654
10607,0.04858040437102318
10608,0.06322051584720612
10609,0.03803020715713501
10610,0.07151735574007034
10611,0.08827517181634903
10612,0.03505615517497063
10613,0.07826115190982819
10614,0.05802455171942711
10615,0.03819902613759041
10616,0.08286469429731369
10617,0.06671738624572754
10618,0.07983189076185226
10619,0.06450790911912918
10620,0.06732899695634842
10621,0.08020976930856705
10622,0.09567844122648239
10623,0.07163418084383011
10624,0.038978684693574905
10625,0.059766028076410294
10626,0.04146403819322586
10627,0.03903493657708168
10628,0.0686035081744194
10629,0.09610061347484589
10630,0.06513071060180664
10631,0.06649493426084518
10632,0.07830039411783218
10633,0.05938200280070305
10634,0.02758369967341423
10635,0.05669577792286873
10636,0.04215817525982857
10637,0.0443052276968956
10638,0.056554097682237625
10639,0.03035547398030758
10640,0.07663602381944656
10641,0.05921824648976326
10642,0.06750811636447906
10643,0.10397790372371674
10644,0.049710921943187714
10645,0.06401104480028152
10646,0.07668359577655792
10647,0.07096803188323975
10648,0.06303507089614868
10649,0.07758268713951111
10650,0.04560860991477966
10651,0.07784142345190048
10652,0.03476114571094513
10653,0.06725244224071503
10654,0.09726333618164062
10655,0.07932356745004654
10656,0.05365511402487755
10657,0.0865938737988472
10658,0.06959817558526993
10659,0.06407825648784637
10660,0.08483846485614777
10661,0.0515090636909008
10662,0.05088042467832565
10663,0.04011349752545357
10664,0.03685092553496361
10665,0.030507082119584084
10666,0.04971451312303543
10667,0.02094321697950363
10668,0.06702427566051483
10669,0.03364308550953865
10670,0.07811200618743896
10671,0.11199295520782471
10672,0.08594869077205658
10673,0.07521043717861176
10674,0.07390673458576202
10675,0.06571203470230103
10676,0.06688220053911209
10677,0.07223766297101974
10678,0.028285281732678413
10679,0.09600941091775894
10680,0.06373519450426102
10681,0.08197798579931259
10682,0.10301470756530762
10683,0.05380396172404289
10684,0.032768264412879944
10685,0.10725752264261246
10686,0.041898440569639206
10687,0.08719702064990997
10688,0.05086013302206993
10689,0.04476674273610115
10690,0.06258059293031693
10691,0.0966392531991005
10692,0.018435271456837654
10693,0.07571715861558914
10694,0.059728946536779404
10695,0.06686905771493912
10696,0.05173743516206741
10697,0.09149861335754395
10698,0.07602617144584656
10699,0.05329541489481926
10700,0.07590655982494354
10701,0.05098721757531166
10702,0.0771465003490448
10703,0.08155455440282822
10704,0.08375077694654465
10705,0.05951939895749092
10706,0.0736168622970581
10707,0.08959797769784927
10708,0.03173603117465973
10709,0.058582477271556854
10710,0.045036572962999344
10711,0.055382147431373596
10712,0.053280942142009735
10713,0.045147985219955444
10714,0.08751873672008514
10715,0.0638563483953476
10716,0.05828505754470825
10717,0.06918390095233917
10718,0.06260476261377335
10719,0.03831088915467262
10720,0.021096402779221535
10721,0.042895909398794174
10722,0.054046280682086945
10723,0.061979975551366806
10724,0.048989687114953995
10725,0.08950453251600266
10726,0.06415193527936935
10727,0.07914989441633224
10728,0.07010460644960403
10729,0.07269749790430069
10730,0.08227293193340302
10731,0.07908973097801208
10732,0.08447284996509552
10733,0.0608307309448719
10734,0.04739479348063469
10735,0.04490860924124718
10736,0.07833758741617203
10737,0.058421798050403595
10738,0.09395542740821838
10739,0.10411898046731949
10740,0.06480135768651962
10741,0.042487435042858124
10742,0.03252933919429779
10743,0.07685524970293045
10744,0.10133372247219086
10745,0.09510747343301773
10746,0.08160648494958878
10747,0.06926319748163223
10748,0.0790022537112236
10749,0.02085309848189354
10750,0.027788059785962105
10751,0.06751087307929993
10752,0.08005961775779724
10753,0.05842144787311554
10754,0.0752348080277443
10755,0.0566444918513298
10756,0.050906989723443985
10757,0.047653455287218094
10758,0.032541047781705856
10759,0.10016752779483795
10760,0.08017133921384811
10761,0.06881296634674072
10762,0.07486113905906677
10763,0.07681044936180115
10764,0.08036767691373825
10765,0.05401938781142235
10766,0.075416699051857
10767,0.08216395974159241
10768,0.12398216873407364
10769,0.07738380134105682
10770,0.07271972298622131
10771,0.03550514951348305
10772,0.061297375708818436
10773,0.11217989027500153
10774,0.014917214401066303
10775,0.0653286948800087
10776,0.05581890791654587
10777,0.044927679002285004
10778,0.07909548282623291
10779,0.06605879217386246
10780,0.0846840888261795
10781,0.08696917444467545
10782,0.0780065655708313
10783,0.07684078812599182
10784,0.06172110512852669
10785,0.05950747802853584
10786,0.04459591954946518
10787,0.052635952830314636
10788,0.08432959020137787
10789,0.06412447988986969
10790,0.06608542799949646
10791,0.03799207881093025
10792,0.07187473028898239
10793,0.08190902322530746
10794,0.036455512046813965
10795,0.03571823611855507
10796,0.07106412947177887
10797,0.033031921833753586
10798,0.07991256564855576
10799,0.02354256622493267
10800,0.05449828505516052
10801,0.07948428392410278
10802,0.032293181866407394
10803,0.039349839091300964
10804,0.08556806296110153
10805,0.09502711892127991
10806,0.056405067443847656
10807,0.07264883071184158
10808,0.04698862507939339
10809,0.07115200161933899
10810,0.070468969643116
10811,0.0818234458565712
10812,0.04683202877640724
10813,0.025840798392891884
10814,0.04430195316672325
10815,0.06522393971681595
10816,0.04141189530491829
10817,0.04062347114086151
10818,0.029147645458579063
10819,0.0842931866645813
10820,0.04545990377664566
10821,0.06380653381347656
10822,0.055821795016527176
10823,0.055384498089551926
10824,0.03693518042564392
10825,0.07401464134454727
10826,0.08529943972826004
10827,0.07902462780475616
10828,0.047780800610780716
10829,0.0703994482755661
10830,0.03955114260315895
10831,0.07459427416324615
10832,0.03337377682328224
10833,0.04873716086149216
10834,0.015529614873230457
10835,0.09065839648246765
10836,0.044751185923814774
10837,0.06760140508413315
10838,0.07574043422937393
10839,0.07105561345815659
10840,0.05610620975494385
10841,0.041952330619096756
10842,0.06817804276943207
10843,0.06827979534864426
10844,0.07174347341060638
10845,0.08215251564979553
10846,0.09675723314285278
10847,0.07408984750509262
10848,0.051898498088121414
10849,0.04891150817275047
10850,0.060317568480968475
10851,0.05821988359093666
10852,0.06980253756046295
10853,0.023437265306711197
10854,0.08630890399217606
10855,0.031288642436265945
10856,0.06284590810537338
10857,0.04588545858860016
10858,0.07485995441675186
10859,0.027486572042107582
10860,0.08331231027841568
10861,0.06625086814165115
10862,0.08561486750841141
10863,0.07937126606702805
10864,0.08217430859804153
10865,0.039294350892305374
10866,0.08047939091920853
10867,0.05771602690219879
10868,0.06135358288884163
10869,0.03213529288768768
10870,0.051668550819158554
10871,0.055678654462099075
10872,0.07370802760124207
10873,0.05653007701039314
10874,0.09363368153572083
10875,0.07371607422828674
10876,0.06020710989832878
10877,0.01415013987571001
10878,0.04746962711215019
10879,0.0784364566206932
10880,0.05750936269760132
10881,0.08484102785587311
10882,0.02686247229576111
10883,0.03929785266518593
10884,0.071445532143116
10885,0.07435953617095947
10886,0.08512692153453827
10887,0.08258645236492157
10888,0.04899372160434723
10889,0.021532127633690834
10890,0.049385085701942444
10891,0.05320626124739647
10892,0.0958472266793251
10893,0.047861259430646896
10894,0.0520908422768116
10895,0.0408574715256691
10896,0.037245117127895355
10897,0.04570438340306282
10898,0.03978509455919266
10899,0.0682118833065033
10900,0.0690203532576561
10901,0.07523229718208313
10902,0.04061862453818321
10903,0.046825192868709564
10904,0.04746512323617935
10905,0.053177010267972946
10906,0.03458778187632561
10907,0.06254642456769943
10908,0.08624333888292313
10909,0.1040346771478653
10910,0.06728829443454742
10911,0.05239066854119301
10912,0.06870610266923904
10913,0.07358405739068985
10914,0.06300666183233261
10915,0.09142456948757172
10916,0.039386291056871414
10917,0.06504283100366592
10918,0.08653964102268219
10919,0.10281143337488174
10920,0.08182159066200256
10921,0.0391569547355175
10922,0.048136062920093536
10923,0.06507575511932373
10924,0.080571748316288
10925,0.08393338322639465
10926,0.0470908097922802
10927,0.06184246018528938
10928,0.05116860941052437
10929,0.0808449313044548
10930,0.04531518742442131
10931,0.056654129177331924
10932,0.06321252882480621
10933,0.055649153888225555
10934,0.06420611590147018
10935,0.07658317685127258
10936,0.06854424625635147
10937,0.08772208541631699
10938,0.054918158799409866
10939,0.0796360969543457
10940,0.06963105499744415
10941,0.08149946480989456
10942,0.05944134294986725
10943,0.09014687687158585
10944,0.06119836866855621
10945,0.03570150211453438
10946,0.0821743980050087
10947,0.00818435475230217
10948,0.059700656682252884
10949,0.07331802695989609
10950,0.022707389667630196
10951,0.0724370926618576
10952,0.05969952791929245
10953,0.04562898352742195
10954,0.054420191794633865
10955,0.083898164331913
10956,0.08694413304328918
10957,0.04996957257390022
10958,0.04813700541853905
10959,0.07257239520549774
10960,0.06142536923289299
10961,0.07809609919786453
10962,0.07207471877336502
10963,0.04059033468365669
10964,0.02818291075527668
10965,0.04127233475446701
10966,0.0635145902633667
10967,0.06418178230524063
10968,0.07096471637487411
10969,0.0371350534260273
10970,0.08347494155168533
10971,0.09193690121173859
10972,0.07785353809595108
10973,0.0713900700211525
10974,0.01452703308314085
10975,0.07434610277414322
10976,0.05979134142398834
10977,0.06443042308092117
10978,0.11531542241573334
10979,0.084041066467762
10980,0.06623166799545288
10981,0.07785782217979431
10982,0.06694155186414719
10983,0.03287605568766594
10984,0.06844500452280045
10985,0.07512369751930237
10986,0.051643677055835724
10987,0.0764484778046608
10988,0.061871401965618134
10989,0.052169423550367355
10990,0.08051782846450806
10991,0.09069882333278656
10992,0.0643276646733284
10993,0.058443229645490646
10994,0.07227575778961182
10995,0.09336929768323898
10996,0.07168005406856537
10997,0.07570641487836838
10998,0.032157376408576965
10999,0.05114637315273285
11000,0.09857741743326187
11001,0.06932159513235092
11002,0.05344228073954582
11003,0.0654379203915596
11004,0.045113060623407364
11005,0.07048118114471436
11006,0.06916636228561401
11007,0.030207181349396706
11008,0.07965876907110214
11009,0.05666214972734451
11010,0.0859127938747406
11011,0.0660603791475296
11012,0.0962180346250534
11013,0.0611218623816967
11014,0.05485088378190994
11015,0.09375325590372086
11016,0.0857841968536377
11017,0.06641386449337006
11018,0.026558155193924904
11019,0.09314373135566711
11020,0.06174497678875923
11021,0.05940371751785278
11022,0.06113983690738678
11023,0.07399466633796692
11024,0.05163337290287018
11025,0.06910978257656097
11026,0.06466449052095413
11027,0.021467432379722595
11028,0.06774041801691055
11029,0.06985777616500854
11030,0.09324010461568832
11031,0.06367732584476471
11032,0.08239327371120453
11033,0.08871609717607498
11034,0.06825926899909973
11035,0.057421404868364334
11036,0.07435715943574905
11037,0.07133512943983078
11038,0.041463177651166916
11039,0.06726274639368057
11040,0.0766313374042511
11041,0.044408995658159256
11042,0.047154445201158524
11043,0.05154738947749138
11044,0.03906494379043579
11045,0.053055014461278915
11046,0.05757134407758713
11047,0.09732086211442947
11048,0.03209075331687927
11049,0.0472002774477005
11050,0.07200239598751068
11051,0.06911804527044296
11052,0.04225039482116699
11053,0.05878491699695587
11054,0.053831540048122406
11055,0.04856652021408081
11056,0.0732908770442009
11057,0.06744199991226196
11058,0.047924622893333435
11059,0.08958476036787033
11060,0.0493948720395565
11061,0.06742086261510849
11062,0.012490899302065372
11063,0.059481408447027206
11064,0.033308785408735275
11065,0.05003978684544563
11066,0.06919839978218079
11067,0.06356076151132584
11068,0.05355791747570038
11069,0.062251847237348557
11070,0.08336177468299866
11071,0.06775759160518646
11072,0.06851549446582794
11073,0.0790422335267067
11074,0.039240557700395584
11075,0.057969510555267334
11076,0.0666775330901146
11077,0.06182530149817467
11078,0.07580540329217911
11079,0.05196334049105644
11080,0.07071048021316528
11081,0.08446352183818817
11082,0.06914590299129486
11083,0.06971406936645508
11084,0.036033209413290024
11085,0.04415310174226761
11086,0.08733300864696503
11087,0.10429171472787857
11088,0.07855629920959473
11089,0.04435693845152855
11090,0.09055090695619583
11091,0.06608609855175018
11092,0.08554781973361969
11093,0.07687463611364365
11094,0.056488554924726486
11095,0.0655694380402565
11096,0.06567221134901047
11097,0.06724061071872711
11098,0.05448911711573601
11099,0.08058897405862808
11100,0.059976354241371155
11101,0.06221981719136238
11102,0.05771711841225624
11103,0.08057723194360733
11104,0.0678320899605751
11105,0.07274807244539261
11106,0.08229241520166397
11107,0.04109479859471321
11108,0.09454437345266342
11109,0.06945300102233887
11110,0.10912146419286728
11111,0.10067037492990494
11112,0.06278417259454727
11113,0.07793276011943817
11114,0.055411286652088165
11115,0.06363914161920547
11116,0.03258926421403885
11117,0.035918157547712326
11118,0.07351944595575333
11119,0.058008331805467606
11120,0.089697927236557
11121,0.05184921249747276
11122,0.05064282566308975
11123,0.07085572928190231
11124,0.0601147897541523
11125,0.05365901067852974
11126,0.04019534960389137
11127,0.04246332868933678
11128,0.08271864801645279
11129,0.060944847762584686
11130,0.08461081981658936
11131,0.07058174163103104
11132,0.08356077969074249
11133,0.045622412115335464
11134,0.06681427359580994
11135,0.012063277885317802
11136,0.04013926163315773
11137,0.045086923986673355
11138,0.07099517434835434
11139,0.05179515853524208
11140,0.07869521528482437
11141,0.05345885083079338
11142,0.06166786700487137
11143,0.08309803903102875
11144,0.03694068640470505
11145,0.022025207057595253
11146,0.09361348301172256
11147,0.05837494879961014
11148,0.08493195474147797
11149,0.07100995630025864
11150,0.06307201087474823
11151,0.0463777519762516
11152,0.06616763025522232
11153,0.07627582550048828
11154,0.11714253574609756
11155,0.07209335267543793
11156,0.06625454872846603
11157,0.07186417281627655
11158,0.047927647829055786
11159,0.0636136531829834
11160,0.05098339542746544
11161,0.04836200550198555
11162,0.047388192266225815
11163,0.058761756867170334
11164,0.046446528285741806
11165,0.06813511997461319
11166,0.07504915446043015
11167,0.06887996196746826
11168,0.08789239078760147
11169,0.09360803663730621
11170,0.08843418955802917
11171,0.05300633981823921
11172,0.08135585486888885
11173,0.0850595012307167
11174,0.04872791841626167
11175,0.04947908595204353
11176,0.08952301740646362
11177,0.08294903486967087
11178,0.0715046226978302
11179,0.06377751380205154
11180,0.08143126964569092
11181,0.05857419967651367
11182,0.0931495800614357
11183,0.13119976222515106
11184,0.05559135228395462
11185,0.06749609857797623
11186,0.07677250355482101
11187,0.04971536621451378
11188,0.08013122528791428
11189,0.06173638626933098
11190,0.025329530239105225
11191,0.07738357037305832
11192,0.0325586199760437
11193,0.07625477015972137
11194,0.09857216477394104
11195,0.07852828502655029
11196,0.09834672510623932
11197,0.03667851909995079
11198,0.04840745031833649
11199,0.06575782597064972
11200,0.04630006477236748
11201,0.05617760494351387
11202,0.07891158014535904
11203,0.10882929712533951
11204,0.06757531315088272
11205,0.03902890160679817
11206,0.0614447146654129
11207,0.06671085953712463
11208,0.07798809558153152
11209,0.03929735720157623
11210,0.10708186775445938
11211,0.07483113557100296
11212,0.04741235449910164
11213,0.0740336924791336
11214,0.06913726776838303
11215,0.05213626101613045
11216,0.0681346207857132
11217,0.07401177287101746
11218,0.07502070814371109
11219,0.05790470913052559
11220,0.019864359870553017
11221,0.04774436354637146
11222,0.07437203079462051
11223,0.043210819363594055
11224,0.042260248214006424
11225,0.06357623636722565
11226,0.04831356555223465
11227,0.056661009788513184
11228,0.051820944994688034
11229,0.07331383973360062
11230,0.07114729285240173
11231,0.03584224358201027
11232,0.057808149605989456
11233,0.07339823246002197
11234,0.0726708322763443
11235,0.08427852392196655
11236,0.10491006821393967
11237,0.07230840623378754
11238,0.07754850387573242
11239,0.07095925509929657
11240,0.07885908335447311
11241,0.08643125742673874
11242,0.0775117427110672
11243,0.08705926686525345
11244,0.06405133008956909
11245,0.061147868633270264
11246,0.05143985152244568
11247,0.06230272725224495
11248,0.048177897930145264
11249,0.06630654633045197
11250,0.0752430260181427
11251,0.07021038979291916
11252,0.07821661978960037
11253,0.04169101640582085
11254,0.06926348805427551
11255,0.05019255355000496
11256,0.0774688571691513
11257,0.044165559113025665
11258,0.04133394733071327
11259,0.0756111666560173
11260,0.07311732321977615
11261,0.054191458970308304
11262,0.038328517228364944
11263,0.04066774621605873
11264,0.05950840190052986
11265,0.09163258969783783
11266,0.0401054210960865
11267,0.07956713438034058
11268,0.06973480433225632
11269,0.07553671300411224
11270,0.07813648134469986
11271,0.07993829250335693
11272,0.03698645532131195
11273,0.058357611298561096
11274,0.07849821448326111
11275,0.0684192106127739
11276,0.06180232763290405
11277,0.04944736510515213
11278,0.03475559502840042
11279,0.06372169405221939
11280,0.03954164311289787
11281,0.058472760021686554
11282,0.07719609886407852
11283,0.05831815302371979
11284,0.030271871015429497
11285,0.06390326470136642
11286,0.06743650138378143
11287,0.07126034051179886
11288,0.04865672066807747
11289,0.04467180743813515
11290,0.07815898954868317
11291,0.0728326067328453
11292,0.1188734918832779
11293,0.033019356429576874
11294,0.053213607519865036
11295,0.08681458234786987
11296,0.05965709686279297
11297,0.049485642462968826
11298,0.06726433336734772
11299,0.029636459425091743
11300,0.04602140188217163
11301,0.06546586006879807
11302,0.07381636649370193
11303,0.03643220290541649
11304,0.09641199558973312
11305,0.0597122497856617
11306,0.06381729990243912
11307,0.07537582516670227
11308,0.0651518926024437
11309,0.06957241892814636
11310,0.06255718320608139
11311,0.07343440502882004
11312,0.040747739374637604
11313,0.05937637388706207
11314,0.07189176976680756
11315,0.03554655984044075
11316,0.04319450631737709
11317,0.035501912236213684
11318,0.09518217295408249
11319,0.04059554636478424
11320,0.041637666523456573
11321,0.07378184795379639
11322,0.041708119213581085
11323,0.11351605504751205
11324,0.052773211151361465
11325,0.06118784472346306
11326,0.0786939263343811
11327,0.05478056147694588
11328,0.08869551122188568
11329,0.0816962718963623
11330,0.0628204196691513
11331,0.07592272758483887
11332,0.0450182780623436
11333,0.053306568413972855
11334,0.07040271908044815
11335,0.07014511525630951
11336,0.06602836400270462
11337,0.08277587592601776
11338,0.046946000307798386
11339,0.04503130167722702
11340,0.08056681603193283
11341,0.06736943870782852
11342,0.04047460854053497
11343,0.06517565995454788
11344,0.07093790173530579
11345,0.07580236345529556
11346,0.04600932449102402
11347,0.08453849703073502
11348,0.03699028491973877
11349,0.056939296424388885
11350,0.0248610470443964
11351,0.04370297119021416
11352,0.06913187354803085
11353,0.026021625846624374
11354,0.027817755937576294
11355,0.08062424510717392
11356,0.0726824626326561
11357,0.07565627247095108
11358,0.05098488926887512
11359,0.0990009680390358
11360,0.020353766158223152
11361,0.04028584063053131
11362,0.06344972550868988
11363,0.05736469477415085
11364,0.07773474603891373
11365,0.07372788339853287
11366,0.01739949733018875
11367,0.07134727388620377
11368,0.0700618177652359
11369,0.06293921917676926
11370,0.05321763828396797
11371,0.05159011483192444
11372,0.03551756963133812
11373,0.06820367276668549
11374,0.06434355676174164
11375,0.06351513415575027
11376,0.07478784769773483
11377,0.04427075758576393
11378,0.07000759243965149
11379,0.07056450843811035
11380,0.0763937383890152
11381,0.06331554055213928
11382,0.05066481605172157
11383,0.08796493709087372
11384,0.09883811324834824
11385,0.06792673468589783
11386,0.0697886124253273
11387,0.057909104973077774
11388,0.07733233273029327
11389,0.08308286964893341
11390,0.03736243396997452
11391,0.0681593120098114
11392,0.06929302960634232
11393,0.08270880579948425
11394,0.0654965490102768
11395,0.06289736926555634
11396,0.03985007479786873
11397,0.05034369230270386
11398,0.08109550178050995
11399,0.07252748310565948
11400,0.08953657746315002
11401,0.05924408510327339
11402,0.07616768777370453
11403,0.0659806877374649
11404,0.12373176962137222
11405,0.08071243762969971
11406,0.0644971951842308
11407,0.07492250949144363
11408,0.07605220377445221
11409,0.0728534683585167
11410,0.060199592262506485
11411,0.04440411552786827
11412,0.05739264935255051
11413,0.03777113929390907
11414,0.09976807981729507
11415,0.07561902701854706
11416,0.05813312530517578
11417,0.06972473114728928
11418,0.04870549216866493
11419,0.06670663505792618
11420,0.04901290684938431
11421,0.06687194854021072
11422,0.032848257571458817
11423,0.05632811039686203
11424,0.07368286699056625
11425,0.0481356717646122
11426,0.047099895775318146
11427,0.07198892533779144
11428,0.06345468759536743
11429,0.06636831909418106
11430,0.08583036810159683
11431,0.0605151392519474
11432,0.06863167881965637
11433,0.08902415633201599
11434,0.08803566545248032
11435,0.039087507873773575
11436,0.08456357568502426
11437,0.07874894142150879
11438,0.04566038399934769
11439,0.06484431773424149
11440,0.03068714775145054
11441,0.05413898453116417
11442,0.08006040006875992
11443,0.06729639321565628
11444,0.029295047745108604
11445,0.06287745386362076
11446,0.022586936131119728
11447,0.05392708629369736
11448,0.06199716404080391
11449,0.06801936775445938
11450,0.08331350237131119
11451,0.030396709218621254
11452,0.046142831444740295
11453,0.08038754016160965
11454,0.08432439714670181
11455,0.07671020179986954
11456,0.0740247443318367
11457,0.04363526403903961
11458,0.0823039561510086
11459,0.06092282012104988
11460,0.08327078074216843
11461,0.07105083763599396
11462,0.060686059296131134
11463,0.07944545149803162
11464,0.07629311084747314
11465,0.07285264134407043
11466,0.0662800595164299
11467,0.08855076134204865
11468,0.055849865078926086
11469,0.08398941904306412
11470,0.07287999987602234
11471,0.06081801652908325
11472,0.06285546720027924
11473,0.07817089557647705
11474,0.07612623274326324
11475,0.07102367281913757
11476,0.07311159372329712
11477,0.07116951048374176
11478,0.0707724466919899
11479,0.08122874796390533
11480,0.06949006021022797
11481,0.07640627771615982
11482,0.07396689802408218
11483,0.03344472125172615
11484,0.04433007910847664
11485,0.0446346141397953
11486,0.030897339805960655
11487,0.0746137872338295
11488,0.06525691598653793
11489,0.07281095534563065
11490,0.07603498548269272
11491,0.053078193217515945
11492,0.04308132082223892
11493,0.08341632038354874
11494,0.03416130319237709
11495,0.08093991875648499
11496,0.05663679912686348
11497,0.034055281430482864
11498,0.04023066908121109
11499,0.06571630388498306
11500,0.09798001497983932
11501,0.077660471200943
11502,0.06717077642679214
11503,0.08781840652227402
11504,0.03943419083952904
11505,0.06866291910409927
11506,0.06660609692335129
11507,0.06041118875145912
11508,0.06962769478559494
11509,0.08400372415781021
11510,0.052670445293188095
11511,0.04633880406618118
11512,0.06643053889274597
11513,0.07896219938993454
11514,0.03715113177895546
11515,0.054706718772649765
11516,0.04797287657856941
11517,0.07413749396800995
11518,0.024052942171692848
11519,0.053161825984716415
11520,0.09282466024160385
11521,0.010912708006799221
11522,0.02742641791701317
11523,0.0655495673418045
11524,0.09290769696235657
11525,0.06165962666273117
11526,0.07979898899793625
11527,0.0457058884203434
11528,0.08714821189641953
11529,0.08346881717443466
11530,0.07748527824878693
11531,0.06935838609933853
11532,0.06951532512903214
11533,0.029254073277115822
11534,0.05226071551442146
11535,0.074272021651268
11536,0.00992415938526392
11537,0.06914106756448746
11538,0.08125003427267075
11539,0.07708046585321426
11540,0.04200981929898262
11541,0.0930509939789772
11542,0.07650897651910782
11543,0.03613337501883507
11544,0.04279690235853195
11545,0.04205240681767464
11546,0.07162007689476013
11547,0.07275979965925217
11548,0.07594037801027298
11549,0.030948728322982788
11550,0.06795046478509903
11551,0.062318671494722366
11552,0.056036580353975296
11553,0.03752512112259865
11554,0.03076680563390255
11555,0.020728418603539467
11556,0.04737117514014244
11557,0.06943794339895248
11558,0.04935677722096443
11559,0.09499307721853256
11560,0.062043335288763046
11561,0.04220225289463997
11562,0.030124608427286148
11563,0.11435895413160324
11564,0.02183648943901062
11565,0.06495282053947449
11566,0.017215754836797714
11567,0.0893675908446312
11568,0.06265139579772949
11569,0.08663220703601837
11570,0.05791235715150833
11571,0.03775878995656967
11572,0.06782952696084976
11573,0.06180279701948166
11574,0.051619429141283035
11575,0.07275275141000748
11576,0.06530797481536865
11577,0.061519477516412735
11578,0.0873522087931633
11579,0.04196411371231079
11580,0.04971057176589966
11581,0.12057236582040787
11582,0.024665961042046547
11583,0.05187774822115898
11584,0.0501379556953907
11585,0.0564408041536808
11586,0.07574644684791565
11587,0.07441595196723938
11588,0.08220051974058151
11589,0.040992140769958496
11590,0.0739033967256546
11591,0.033582646399736404
11592,0.08370111882686615
11593,0.035028986632823944
11594,0.06723388284444809
11595,0.06348404288291931
11596,0.07344023138284683
11597,0.03818206489086151
11598,0.07019247114658356
11599,0.030339492484927177
11600,0.02857052907347679
11601,0.0915575921535492
11602,0.052209801971912384
11603,0.03276519104838371
11604,0.07682536542415619
11605,0.03723511844873428
11606,0.06991487741470337
11607,0.053265780210494995
11608,0.015117012895643711
11609,0.05116017535328865
11610,0.0612155944108963
11611,0.07962530106306076
11612,0.03500683233141899
11613,0.03428146615624428
11614,0.08277539908885956
11615,0.09315571933984756
11616,0.08731235563755035
11617,0.0734473317861557
11618,0.05800016596913338
11619,0.06381979584693909
11620,0.0625060573220253
11621,0.05250592529773712
11622,0.06821317225694656
11623,0.04733746498823166
11624,0.06058231368660927
11625,0.049352869391441345
11626,0.03237779811024666
11627,0.04432167485356331
11628,0.05952982231974602
11629,0.05090249329805374
11630,0.07740571349859238
11631,0.1097714900970459
11632,0.03975032642483711
11633,0.10086176544427872
11634,0.04735769331455231
11635,0.06015763059258461
11636,0.060439806431531906
11637,0.08204846829175949
11638,0.011226999573409557
11639,0.07811239361763
11640,0.08622413128614426
11641,0.05849090591073036
11642,0.04174865409731865
11643,0.010753908194601536
11644,0.0557970330119133
11645,0.06502596288919449
11646,0.0724620372056961
11647,0.06909660995006561
11648,0.05249125510454178
11649,0.04863917455077171
11650,0.08332441747188568
11651,0.08058039098978043
11652,0.04643527418375015
11653,0.04151458293199539
11654,0.06704599410295486
11655,0.08951576799154282
11656,0.05182970315217972
11657,0.01593870297074318
11658,0.029698418453335762
11659,0.06388257443904877
11660,0.01642017997801304
11661,0.04062225669622421
11662,0.046395886689424515
11663,0.04493448883295059
11664,0.07619493454694748
11665,0.08816751837730408
11666,0.040061406791210175
11667,0.05411236733198166
11668,0.06680197268724442
11669,0.09615406394004822
11670,0.07157940417528152
11671,0.07050295174121857
11672,0.09562572091817856
11673,0.018755435943603516
11674,0.05582071840763092
11675,0.05490053445100784
11676,0.06494966894388199
11677,0.08202345669269562
11678,0.03275183215737343
11679,0.033328767865896225
11680,0.05011524260044098
11681,0.05427606403827667
11682,0.04614272341132164
11683,0.06139903515577316
11684,0.0682348683476448
11685,0.02143978513777256
11686,0.08292011171579361
11687,0.02454431727528572
11688,0.0756363570690155
11689,0.12281695753335953
11690,0.08330650627613068
11691,0.06456288695335388
11692,0.05372871458530426
11693,0.06179558113217354
11694,0.05311388894915581
11695,0.042470160871744156
11696,0.044627442955970764
11697,0.07258836179971695
11698,0.04129573702812195
11699,0.06810024380683899
11700,0.058165762573480606
11701,0.016415368765592575
11702,0.020223526284098625
11703,0.04627155140042305
11704,0.03936736658215523
11705,0.027208024635910988
11706,0.08120188862085342
11707,0.06540027260780334
11708,0.06691233068704605
11709,0.06548859179019928
11710,0.0637090802192688
11711,0.05785631388425827
11712,0.0707755759358406
11713,0.03929229453206062
11714,0.0830182209610939
11715,0.07944626361131668
11716,0.05968322232365608
11717,0.04286482557654381
11718,0.04849516227841377
11719,0.06643179804086685
11720,0.0741913914680481
11721,0.029962284490466118
11722,0.056934792548418045
11723,0.06715306639671326
11724,0.047017887234687805
11725,0.06875187903642654
11726,0.04031318426132202
11727,0.07600346952676773
11728,0.047883082181215286
11729,0.05827783793210983
11730,0.0711374580860138
11731,0.08263368904590607
11732,0.053438637405633926
11733,0.06265846639871597
11734,0.04555032402276993
11735,0.07835664600133896
11736,0.06989899277687073
11737,0.05571215599775314
11738,0.07474840432405472
11739,0.03694629669189453
11740,0.07987987995147705
11741,0.08077096939086914
11742,0.065998874604702
11743,0.047294944524765015
11744,0.08327953517436981
11745,0.10386902838945389
11746,0.07063872367143631
11747,0.029701080173254013
11748,0.081694595515728
11749,0.052519652992486954
11750,0.0529569648206234
11751,0.049561142921447754
11752,0.06457963585853577
11753,0.048218537122011185
11754,0.057115282863378525
11755,0.0841468796133995
11756,0.06511539220809937
11757,0.07111624628305435
11758,0.0723767951130867
11759,0.06745395809412003
11760,0.07964270561933517
11761,0.0785917341709137
11762,0.05955192819237709
11763,0.08363159000873566
11764,0.07074401527643204
11765,0.10058368742465973
11766,0.06792376190423965
11767,0.044917382299900055
11768,0.04379339516162872
11769,0.03565520793199539
11770,0.0919065922498703
11771,0.057984206825494766
11772,0.05938359722495079
11773,0.08067689090967178
11774,0.09549286961555481
11775,0.0413554310798645
11776,0.08252885937690735
11777,0.06349264085292816
11778,0.08392684906721115
11779,0.08858954161405563
11780,0.08852038532495499
11781,0.09623429924249649
11782,0.046254295855760574
11783,0.08101148158311844
11784,0.04118989780545235
11785,0.05013970658183098
11786,0.06099463254213333
11787,0.08780016005039215
11788,0.07021349668502808
11789,0.04564898833632469
11790,0.07057186961174011
11791,0.035751454532146454
11792,0.09814201295375824
11793,0.06981871277093887
11794,0.06914551556110382
11795,0.07662259042263031
11796,0.0693090483546257
11797,0.04980701208114624
11798,0.0464928112924099
11799,0.06681489944458008
11800,0.05594338849186897
11801,0.07022467255592346
11802,0.06982208043336868
11803,0.07427738606929779
11804,0.05531074479222298
11805,0.07801815122365952
11806,0.017409013584256172
11807,0.04952877014875412
11808,0.07915737479925156
11809,0.0409163273870945
11810,0.06062479317188263
11811,0.03444549813866615
11812,0.060928940773010254
11813,0.0728946253657341
11814,0.07130689918994904
11815,0.09151364117860794
11816,0.08490296453237534
11817,0.06268791109323502
11818,0.09273577481508255
11819,0.035503488034009933
11820,0.05948397144675255
11821,0.07091481238603592
11822,0.07091442495584488
11823,0.06419359892606735
11824,0.04950334504246712
11825,0.02101263776421547
11826,0.10149632394313812
11827,0.14196565747261047
11828,0.07074729353189468
11829,0.07528042793273926
11830,0.046893585473299026
11831,0.06461663544178009
11832,0.04296310618519783
11833,0.05029138922691345
11834,0.08383483439683914
11835,0.044790808111429214
11836,0.024395858868956566
11837,0.05476197972893715
11838,0.0593123622238636
11839,0.04448332637548447
11840,0.07052788883447647
11841,0.0879630297422409
11842,0.060044996440410614
11843,0.05105769261717796
11844,0.05456193536520004
11845,0.036226578056812286
11846,0.07143358886241913
11847,0.06099773943424225
11848,0.05131736770272255
11849,0.07068921625614166
11850,0.086753249168396
11851,0.07386333495378494
11852,0.08394118398427963
11853,0.011927167885005474
11854,0.08341479301452637
11855,0.08103324472904205
11856,0.04902368783950806
11857,0.05471734330058098
11858,0.04584226757287979
11859,0.07033242285251617
11860,0.06365508586168289
11861,0.06005915626883507
11862,0.08620402216911316
11863,0.043790724128484726
11864,0.07701221853494644
11865,0.10476557165384293
11866,0.06233838573098183
11867,0.0107467882335186
11868,0.08136294037103653
11869,0.06876400858163834
11870,0.02686142735183239
11871,0.0633276030421257
11872,0.07776984572410583
11873,0.04314397647976875
11874,0.03722366690635681
11875,0.051676180213689804
11876,0.02362271025776863
11877,0.059584107249975204
11878,0.06806181371212006
11879,0.07695437967777252
11880,0.06590330600738525
11881,0.026728298515081406
11882,0.05539734661579132
11883,0.0455414243042469
11884,0.05021684616804123
11885,0.06337878853082657
11886,0.019272331148386
11887,0.06448575109243393
11888,0.05018191039562225
11889,0.0635717585682869
11890,0.08672411739826202
11891,0.0083899712190032
11892,0.07963252067565918
11893,0.07238247990608215
11894,0.05928465351462364
11895,0.06974080204963684
11896,0.07669387012720108
11897,0.030805068090558052
11898,0.06724438816308975
11899,0.05840808153152466
11900,0.07591328769922256
11901,0.09958510845899582
11902,0.014300326816737652
11903,0.03035053052008152
11904,0.09340446442365646
11905,0.08237502723932266
11906,0.0543522872030735
11907,0.0216141976416111
11908,0.07395108044147491
11909,0.08757877349853516
11910,0.081476129591465
11911,0.02421204000711441
11912,0.08004654943943024
11913,0.05089116841554642
11914,0.05145332217216492
11915,0.06271379441022873
11916,0.07065825164318085
11917,0.042814746499061584
11918,0.07708729803562164
11919,0.0745646059513092
11920,0.06321106851100922
11921,0.05341841280460358
11922,0.09499059617519379
11923,0.046398844569921494
11924,0.09291873872280121
11925,0.09452425688505173
11926,0.04330839589238167
11927,0.041637495160102844
11928,0.08150845021009445
11929,0.05859651044011116
11930,0.07864239811897278
11931,0.03388214111328125
11932,0.0528784841299057
11933,0.06898198276758194
11934,0.06009287387132645
11935,0.024143077433109283
11936,0.0813761055469513
11937,0.07468438893556595
11938,0.06167905405163765
11939,0.05224844440817833
11940,0.04423748329281807
11941,0.04957040399312973
11942,0.0350286141037941
11943,0.06780476868152618
11944,0.07358799129724503
11945,0.10417554527521133
11946,0.09818167239427567
11947,0.10929353535175323
11948,0.05821647122502327
11949,0.07402210682630539
11950,0.04718903452157974
11951,0.056890059262514114
11952,0.052577145397663116
11953,0.07325050979852676
11954,0.06156085059046745
11955,0.06982102990150452
11956,0.06926564127206802
11957,0.046201035380363464
11958,0.03622879460453987
11959,0.07716355472803116
11960,0.10905635356903076
11961,0.05868036299943924
11962,0.04848842695355415
11963,0.014672908931970596
11964,0.0674789622426033
11965,0.050772007554769516
11966,0.053965527564287186
11967,0.05051659792661667
11968,0.02667773701250553
11969,0.06997700035572052
11970,0.06324545294046402
11971,0.05984033644199371
11972,0.07190950959920883
11973,0.036478400230407715
11974,0.053877633064985275
11975,0.04153093695640564
11976,0.010027704760432243
11977,0.07343541830778122
11978,0.03270222246646881
11979,0.09936753660440445
11980,0.06827834248542786
11981,0.0737626925110817
11982,0.07585368305444717
11983,0.08413998037576675
11984,0.06915491074323654
11985,0.0736263170838356
11986,0.07210644334554672
11987,0.056245267391204834
11988,0.08113596588373184
11989,0.03447188064455986
11990,0.03311162069439888
11991,0.09294935315847397
11992,0.07667843252420425
11993,0.07995698601007462
11994,0.05647154524922371
11995,0.05581076443195343
11996,0.08323260396718979
11997,0.09710357338190079
11998,0.06876187026500702
11999,0.08325085043907166
12000,0.040643174201250076
12001,0.05393879860639572
12002,0.047351427376270294
12003,0.09651299566030502
12004,0.09413846582174301
12005,0.08018545061349869
12006,0.06201954558491707
12007,0.07556382566690445
12008,0.07611306756734848
12009,0.06670738011598587
12010,0.043121978640556335
12011,0.04630701616406441
12012,0.07370607554912567
12013,0.06373360008001328
12014,0.07579490542411804
12015,0.07451711595058441
12016,0.07510634511709213
12017,0.07356172055006027
12018,0.07306289672851562
12019,0.06289666891098022
12020,0.08756991475820541
12021,0.07605484873056412
12022,0.10009919106960297
12023,0.014346775598824024
12024,0.06096816062927246
12025,0.03413839638233185
12026,0.09447631239891052
12027,0.06887894123792648
12028,0.08018073439598083
12029,0.07189024239778519
12030,0.060053467750549316
12031,0.06859904527664185
12032,0.04074884578585625
12033,0.07439754158258438
12034,0.07250648736953735
12035,0.0636741891503334
12036,0.0950484648346901
12037,0.05721427500247955
12038,0.08296650648117065
12039,0.07602584362030029
12040,0.08809234946966171
12041,0.015837188810110092
12042,0.07953578978776932
12043,0.07670460641384125
12044,0.08535517752170563
12045,0.029750505462288857
12046,0.055563680827617645
12047,0.08446100354194641
12048,0.06843803822994232
12049,0.06164182722568512
12050,0.006803158205002546
12051,0.06234188377857208
12052,0.04638141021132469
12053,0.07763785868883133
12054,0.018804166465997696
12055,0.10976333171129227
12056,0.0770455002784729
12057,0.027041541412472725
12058,0.04062111675739288
12059,0.04968695342540741
12060,0.07428952306509018
12061,0.07372494041919708
12062,0.04261789098381996
12063,0.10481182485818863
12064,0.06824283301830292
12065,0.06371594220399857
12066,0.03631909564137459
12067,0.0725729838013649
12068,0.0496949777007103
12069,0.0780271589756012
12070,0.0083085335791111
12071,0.061481017619371414
12072,0.06728331744670868
12073,0.04026202857494354
12074,0.07613743096590042
12075,0.04839044436812401
12076,0.02075752057135105
12077,0.06641345471143723
12078,0.08678588271141052
12079,0.0840323269367218
12080,0.06378735601902008
12081,0.07647936046123505
12082,0.06472207605838776
12083,0.07287711650133133
12084,0.06616311520338058
12085,0.07922729849815369
12086,0.057394638657569885
12087,0.07704179733991623
12088,0.019824525341391563
12089,0.07411375641822815
12090,0.13870997726917267
12091,0.08019696176052094
12092,0.07092263549566269
12093,0.09823523461818695
12094,0.07321105897426605
12095,0.022213660180568695
12096,0.09308721125125885
12097,0.07911772280931473
12098,0.06212654337286949
12099,0.08261839300394058
12100,0.06723244488239288
12101,0.052279580384492874
12102,0.06847334653139114
12103,0.053366322070360184
12104,0.07491759210824966
12105,0.04941520094871521
12106,0.06084086000919342
12107,0.0625142753124237
12108,0.048821721225976944
12109,0.057885680347681046
12110,0.06064063310623169
12111,0.054356835782527924
12112,0.05996790900826454
12113,0.01297813281416893
12114,0.04533611610531807
12115,0.07767997682094574
12116,0.07155288010835648
12117,0.03208320215344429
12118,0.060078077018260956
12119,0.07124084234237671
12120,0.07880359888076782
12121,0.06140431389212608
12122,0.09358394891023636
12123,0.11148300766944885
12124,0.07961814105510712
12125,0.06524448096752167
12126,0.06875352561473846
12127,0.02905000001192093
12128,0.0888998731970787
12129,0.054145313799381256
12130,0.044880446046590805
12131,0.07499799132347107
12132,0.0716044008731842
12133,0.05322115495800972
12134,0.054553013294935226
12135,0.05915628746151924
12136,0.08486863970756531
12137,0.05385671928524971
12138,0.05212797969579697
12139,0.08899561315774918
12140,0.08466953784227371
12141,0.07768208533525467
12142,0.03990589454770088
12143,0.09223484992980957
12144,0.074615977704525
12145,0.06884084641933441
12146,0.04910695552825928
12147,0.0590473935008049
12148,0.07934937626123428
12149,0.06041489169001579
12150,0.029722386971116066
12151,0.03764553368091583
12152,0.06636346131563187
12153,0.04510432109236717
12154,0.03507068380713463
12155,0.03790183365345001
12156,0.06498491764068604
12157,0.07189476490020752
12158,0.07034039497375488
12159,0.039828602224588394
12160,0.0705655887722969
12161,0.0161881223320961
12162,0.043796174228191376
12163,0.04405324533581734
12164,0.026965314522385597
12165,0.07902421057224274
12166,0.06789008527994156
12167,0.06684140115976334
12168,0.052609190344810486
12169,0.06776384264230728
12170,0.05081489309668541
12171,0.05775840952992439
12172,0.07085797190666199
12173,0.07521281391382217
12174,0.06342007964849472
12175,0.03499599173665047
12176,0.05367560312151909
12177,0.056940365582704544
12178,0.08578312397003174
12179,0.05772845819592476
12180,0.08114387840032578
12181,0.051603708416223526
12182,0.10942089557647705
12183,0.12151969969272614
12184,0.08832671493291855
12185,0.07336033880710602
12186,0.03595415875315666
12187,0.06029629707336426
12188,0.06316270679235458
12189,0.09342886507511139
12190,0.07165488600730896
12191,0.08017890900373459
12192,0.07340758293867111
12193,0.0752844288945198
12194,0.07659445703029633
12195,0.07375448197126389
12196,0.06628665328025818
12197,0.08702026307582855
12198,0.01242026500403881
12199,0.07984254509210587
12200,0.09791675955057144
12201,0.08647012710571289
12202,0.06581021845340729
12203,0.06328493356704712
12204,0.03988543152809143
12205,0.038075290620326996
12206,0.057994212955236435
12207,0.01618158258497715
12208,0.09157934039831161
12209,0.06109336391091347
12210,0.04361426830291748
12211,0.07413545995950699
12212,0.08113102614879608
12213,0.04954152926802635
12214,0.06997088342905045
12215,0.06880639493465424
12216,0.07169823348522186
12217,0.07444532215595245
12218,0.07686284929513931
12219,0.04464288055896759
12220,0.06255517899990082
12221,0.05861100181937218
12222,0.08072517067193985
12223,0.057705335319042206
12224,0.07773800194263458
12225,0.042590852826833725
12226,0.05353463813662529
12227,0.07601755857467651
12228,0.060778260231018066
12229,0.10654763132333755
12230,0.05192186310887337
12231,0.05768175423145294
12232,0.05558935925364494
12233,0.06417840719223022
12234,0.0714639276266098
12235,0.0195250753313303
12236,0.08075980842113495
12237,0.05189906433224678
12238,0.042188551276922226
12239,0.06871982663869858
12240,0.06535911560058594
12241,0.037905026227235794
12242,0.06646879762411118
12243,0.05936143174767494
12244,0.05848805233836174
12245,0.08932234346866608
12246,0.05089142546057701
12247,0.037194639444351196
12248,0.05944918468594551
12249,0.09350951761007309
12250,0.08582238852977753
12251,0.07609132677316666
12252,0.014852470718324184
12253,0.04684288799762726
12254,0.03165876865386963
12255,0.033444132655858994
12256,0.05949796736240387
12257,0.060801293700933456
12258,0.05320369824767113
12259,0.06910267472267151
12260,0.026686817407608032
12261,0.052233677357435226
12262,0.08145872503519058
12263,0.07102736830711365
12264,0.055136848241090775
12265,0.05633855611085892
12266,0.05453163757920265
12267,0.05401468276977539
12268,0.0741250291466713
12269,0.1097918450832367
12270,0.06865136325359344
12271,0.07233224809169769
12272,0.03695619851350784
12273,0.04073311761021614
12274,0.06349558383226395
12275,0.0750470906496048
12276,0.04591228812932968
12277,0.11958502233028412
12278,0.03778621181845665
12279,0.057502761483192444
12280,0.06216590851545334
12281,0.04603268578648567
12282,0.07586117088794708
12283,0.05805080011487007
12284,0.05089084059000015
12285,0.0463930107653141
12286,0.08506087958812714
12287,0.06764698773622513
12288,0.06671496480703354
12289,0.05010208487510681
12290,0.03305007889866829
12291,0.06749933958053589
12292,0.06179770454764366
12293,0.03487919643521309
12294,0.08246465772390366
12295,0.07068467140197754
12296,0.06446674466133118
12297,0.07336429506540298
12298,0.020846795290708542
12299,0.06708372384309769
12300,0.04028687998652458
12301,0.040425170212984085
12302,0.025156954303383827
12303,0.04776633530855179
12304,0.06913365423679352
12305,0.03897174075245857
12306,0.039600152522325516
12307,0.04006769135594368
12308,0.0642818883061409
12309,0.07397788017988205
12310,0.009492848068475723
12311,0.06452665477991104
12312,0.04829055070877075
12313,0.07977107167243958
12314,0.05236198380589485
12315,0.07457223534584045
12316,0.062260404229164124
12317,0.072502501308918
12318,0.06691110879182816
12319,0.07026442885398865
12320,0.0696582943201065
12321,0.0438738614320755
12322,0.030814720317721367
12323,0.033224962651729584
12324,0.08479313552379608
12325,0.08854668587446213
12326,0.06966890394687653
12327,0.049885094165802
12328,0.03547223284840584
12329,0.07903049886226654
12330,0.06437332183122635
12331,0.06873780488967896
12332,0.0795523151755333
12333,0.06517040729522705
12334,0.0652279481291771
12335,0.05748213082551956
12336,0.07166574895381927
12337,0.06527520716190338
12338,0.06661241501569748
12339,0.07482633739709854
12340,0.046997055411338806
12341,0.02896704338490963
12342,0.051642484962940216
12343,0.0847863182425499
12344,0.06394848972558975
12345,0.06278863549232483
12346,0.04429071024060249
12347,0.08039189130067825
12348,0.07935930788516998
12349,0.07795117050409317
12350,0.06169474124908447
12351,0.07151076197624207
12352,0.08060073852539062
12353,0.03620743751525879
12354,0.044544801115989685
12355,0.019953913986682892
12356,0.03606877103447914
12357,0.06631901115179062
12358,0.05966334789991379
12359,0.06644827872514725
12360,0.07756584137678146
12361,0.06605902314186096
12362,0.041396524757146835
12363,0.05777053162455559
12364,0.08422546088695526
12365,0.04380734637379646
12366,0.04985745623707771
12367,0.08500296622514725
12368,0.07326219975948334
12369,0.06889908760786057
12370,0.04886091873049736
12371,0.07638457417488098
12372,0.08248479664325714
12373,0.06613554805517197
12374,0.06002969294786453
12375,0.07733908295631409
12376,0.0747828334569931
12377,0.08327613025903702
12378,0.07103981077671051
12379,0.041925035417079926
12380,0.04645027220249176
12381,0.07092169672250748
12382,0.053815457969903946
12383,0.09030815213918686
12384,0.09791393578052521
12385,0.08395542949438095
12386,0.07402115315198898
12387,0.04574499651789665
12388,0.04935961589217186
12389,0.08470483124256134
12390,0.06352922320365906
12391,0.0733632817864418
12392,0.00949300080537796
12393,0.0742652490735054
12394,0.07354717701673508
12395,0.05670956149697304
12396,0.055056050419807434
12397,0.04609299078583717
12398,0.049595095217227936
12399,0.060261502861976624
12400,0.08088861405849457
12401,0.054625920951366425
12402,0.056847818195819855
12403,0.02243926376104355
12404,0.06000589206814766
12405,0.06288319826126099
12406,0.08031167089939117
12407,0.06177769973874092
12408,0.0717058777809143
12409,0.030100537464022636
12410,0.015250704251229763
12411,0.07115209102630615
12412,0.08211616426706314
12413,0.032457154244184494
12414,0.07414102554321289
12415,0.02664821781218052
12416,0.09770730137825012
12417,0.0842444896697998
12418,0.09096544235944748
12419,0.06326355040073395
12420,0.07979531586170197
12421,0.061727575957775116
12422,0.055414777249097824
12423,0.06899171322584152
12424,0.06332121044397354
12425,0.019452258944511414
12426,0.05537058785557747
12427,0.07493239641189575
12428,0.0687514916062355
12429,0.05687199905514717
12430,0.06253054738044739
12431,0.07644730061292648
12432,0.10671267658472061
12433,0.06334013491868973
12434,0.06941986829042435
12435,0.0714794397354126
12436,0.0786682739853859
12437,0.09452319145202637
12438,0.09056242555379868
12439,0.061742737889289856
12440,0.07541525363922119
12441,0.06269297748804092
12442,0.06609681993722916
12443,0.055632974952459335
12444,0.05073084309697151
12445,0.09523282200098038
12446,0.05940771847963333
12447,0.07992066442966461
12448,0.062106650322675705
12449,0.08148334175348282
12450,0.08581838011741638
12451,0.08080650120973587
12452,0.08995340019464493
12453,0.09429910778999329
12454,0.07161147147417068
12455,0.07010737806558609
12456,0.05839086323976517
12457,0.03897503390908241
12458,0.07341043651103973
12459,0.06781915575265884
12460,0.10021158307790756
12461,0.023983215913176537
12462,0.026271173730492592
12463,0.05625142157077789
12464,0.0692259669303894
12465,0.06588465720415115
12466,0.06267603486776352
12467,0.0449034608900547
12468,0.05817575007677078
12469,0.06869584321975708
12470,0.05778902769088745
12471,0.0641874372959137
12472,0.07437647134065628
12473,0.08501166850328445
12474,0.026532163843512535
12475,0.0824916735291481
12476,0.07701686769723892
12477,0.03754236176609993
12478,0.07850013673305511
12479,0.051785532385110855
12480,0.0881897509098053
12481,0.09102416038513184
12482,0.08962696045637131
12483,0.051588281989097595
12484,0.06683463603258133
12485,0.0770459994673729
12486,0.06714600324630737
12487,0.07730574160814285
12488,0.06295934319496155
12489,0.040961019694805145
12490,0.07088180631399155
12491,0.06711504608392715
12492,0.0725356712937355
12493,0.07501789182424545
12494,0.05393197759985924
12495,0.10815786570310593
12496,0.05786259472370148
12497,0.07958672195672989
12498,0.07499287277460098
12499,0.07461904734373093
12500,0.08114483952522278
12501,0.06524168699979782
12502,0.08189459890127182
12503,0.06844769418239594
12504,0.07848131656646729
12505,0.058052122592926025
12506,0.05900498852133751
12507,0.05910702422261238
12508,0.06989886611700058
12509,0.07455109059810638
12510,0.050078075379133224
12511,0.0576581172645092
12512,0.0400596521794796
12513,0.07631552964448929
12514,0.06352723389863968
12515,0.07800059020519257
12516,0.05514873191714287
12517,0.04437622055411339
12518,0.0503564178943634
12519,0.08400069177150726
12520,0.06635753065347672
12521,0.062350545078516006
12522,0.07385434955358505
12523,0.07909128814935684
12524,0.07441635429859161
12525,0.07359445840120316
12526,0.08229923248291016
12527,0.035775892436504364
12528,0.0749918594956398
12529,0.05465737357735634
12530,0.04385331645607948
12531,0.08002214133739471
12532,0.06994108110666275
12533,0.04904555529356003
12534,0.0714283362030983
12535,0.06923548132181168
12536,0.03790406510233879
12537,0.05953033268451691
12538,0.08420398086309433
12539,0.06316868215799332
12540,0.0794370248913765
12541,0.0670156329870224
12542,0.08571220934391022
12543,0.0900907814502716
12544,0.07127998024225235
12545,0.03566787391901016
12546,0.08101603388786316
12547,0.06918036192655563
12548,0.08395905047655106
12549,0.06415151059627533
12550,0.07925159484148026
12551,0.08646277338266373
12552,0.08508198708295822
12553,0.08203080296516418
12554,0.08587658405303955
12555,0.06526759266853333
12556,0.06592892110347748
12557,0.058111343532800674
12558,0.08914712816476822
12559,0.03320446237921715
12560,0.030817070975899696
12561,0.08593590557575226
12562,0.05190427601337433
12563,0.012721985578536987
12564,0.07338050752878189
12565,0.05934595316648483
12566,0.024150559678673744
12567,0.061336029320955276
12568,0.05584043264389038
12569,0.0782693400979042
12570,0.05920114740729332
12571,0.05827934294939041
12572,0.06844500452280045
12573,0.05588073283433914
12574,0.015753962099552155
12575,0.05438733473420143
12576,0.026372389867901802
12577,0.07926247268915176
12578,0.08340798318386078
12579,0.08137132972478867
12580,0.0594613142311573
12581,0.07072053849697113
12582,0.09773063659667969
12583,0.052909690886735916
12584,0.07563544064760208
12585,0.07343089580535889
12586,0.08556703478097916
12587,0.06377609819173813
12588,0.054383497685194016
12589,0.0827501192688942
12590,0.08750737458467484
12591,0.09979700297117233
12592,0.03657732531428337
12593,0.04564507305622101
12594,0.06597645580768585
12595,0.040115490555763245
12596,0.04047006368637085
12597,0.08335201442241669
12598,0.047821782529354095
12599,0.0776020959019661
12600,0.07446713000535965
12601,0.06253472715616226
12602,0.046133797615766525
12603,0.06856301426887512
12604,0.0988345816731453
12605,0.05645773187279701
12606,0.04375070333480835
12607,0.050089031457901
12608,0.05494818463921547
12609,0.07156507670879364
12610,0.04751203581690788
12611,0.05115800350904465
12612,0.042466092854738235
12613,0.058348074555397034
12614,0.034582801163196564
12615,0.058496423065662384
12616,0.08881284296512604
12617,0.08608909696340561
12618,0.05518970265984535
12619,0.08120131492614746
12620,0.063649483025074
12621,0.05970364063978195
12622,0.08780016005039215
12623,0.08095359057188034
12624,0.04588489606976509
12625,0.04767676070332527
12626,0.020332803949713707
12627,0.06701000779867172
12628,0.09129182249307632
12629,0.013236173428595066
12630,0.05251457914710045
12631,0.038209009915590286
12632,0.035694725811481476
12633,0.0811966061592102
12634,0.08183828741312027
12635,0.0878918319940567
12636,0.04603932425379753
12637,0.07503830641508102
12638,0.036641139537096024
12639,0.04719049483537674
12640,0.0703170970082283
12641,0.06543517857789993
12642,0.06774572283029556
12643,0.04317956045269966
12644,0.07769948244094849
12645,0.07330913096666336
12646,0.07809577137231827
12647,0.05005941167473793
12648,0.06747186183929443
12649,0.019775845110416412
12650,0.054867882281541824
12651,0.06738787889480591
12652,0.056458473205566406
12653,0.07714486122131348
12654,0.07242675125598907
12655,0.07321950048208237
12656,0.11261163651943207
12657,0.044532835483551025
12658,0.0479060597717762
12659,0.061594922095537186
12660,0.09052629768848419
12661,0.08060687780380249
12662,0.0811285451054573
12663,0.050597596913576126
12664,0.03598840907216072
12665,0.05129406228661537
12666,0.0547141432762146
12667,0.0888935998082161
12668,0.07444828748703003
12669,0.10424554347991943
12670,0.09682518988847733
12671,0.05652717128396034
12672,0.05053335428237915
12673,0.0700242817401886
12674,0.05677838996052742
12675,0.061182934790849686
12676,0.08229563385248184
12677,0.08155585825443268
12678,0.038908734917640686
12679,0.08130816370248795
12680,0.068799689412117
12681,0.06715723127126694
12682,0.020410342141985893
12683,0.026191452518105507
12684,0.07928776741027832
12685,0.03179622441530228
12686,0.06917800009250641
12687,0.05566416308283806
12688,0.03477302938699722
12689,0.053875360637903214
12690,0.08790824562311172
12691,0.036027152091264725
12692,0.09373030066490173
12693,0.035400304943323135
12694,0.06938789039850235
12695,0.04949035868048668
12696,0.05174250900745392
12697,0.06418154388666153
12698,0.04799222946166992
12699,0.07840970903635025
12700,0.0635836198925972
12701,0.057815663516521454
12702,0.06853430718183517
12703,0.07917938381433487
12704,0.07125269621610641
12705,0.07190953195095062
12706,0.061102431267499924
12707,0.040974993258714676
12708,0.026606524363160133
12709,0.06899832934141159
12710,0.05237003043293953
12711,0.07138770073652267
12712,0.06626144796609879
12713,0.09396170824766159
12714,0.08953633159399033
12715,0.029201341792941093
12716,0.09826312214136124
12717,0.029457993805408478
12718,0.06315334141254425
12719,0.08379516005516052
12720,0.0376623310148716
12721,0.04579949006438255
12722,0.08922107517719269
12723,0.06888024508953094
12724,0.06491371989250183
12725,0.06693599373102188
12726,0.08859535306692123
12727,0.05679430440068245
12728,0.04981066659092903
12729,0.031950633972883224
12730,0.04513482004404068
12731,0.060063574463129044
12732,0.01767028123140335
12733,0.024848461151123047
12734,0.07138872891664505
12735,0.07499298453330994
12736,0.09826227277517319
12737,0.0535561740398407
12738,0.08556478470563889
12739,0.06369229406118393
12740,0.10512704402208328
12741,0.07882945239543915
12742,0.02174028567969799
12743,0.08126281201839447
12744,0.03827536851167679
12745,0.07121294736862183
12746,0.016742272302508354
12747,0.07860898226499557
12748,0.09324441105127335
12749,0.07146042585372925
12750,0.06445255130529404
12751,0.07401403784751892
12752,0.0773559957742691
12753,0.06112249568104744
12754,0.05908450856804848
12755,0.03998170420527458
12756,0.07573731988668442
12757,0.08504830300807953
12758,0.06989171355962753
12759,0.0479077585041523
12760,0.059550218284130096
12761,0.03990139439702034
12762,0.05304823815822601
12763,0.03827320411801338
12764,0.09280205518007278
12765,0.052417878061532974
12766,0.06760432571172714
12767,0.03781620040535927
12768,0.08237958699464798
12769,0.04304845631122589
12770,0.02759467624127865
12771,0.08903691917657852
12772,0.05951916426420212
12773,0.029093941673636436
12774,0.06977437436580658
12775,0.08339784294366837
12776,0.053080204874277115
12777,0.059511516243219376
12778,0.07424904406070709
12779,0.05326017364859581
12780,0.07998180389404297
12781,0.059564728289842606
12782,0.07827477157115936
12783,0.05948943644762039
12784,0.11370538175106049
12785,0.07016748189926147
12786,0.0365137942135334
12787,0.13574369251728058
12788,0.07490585744380951
12789,0.06814917922019958
12790,0.07218286395072937
12791,0.06991875171661377
12792,0.0762936919927597
12793,0.0507604144513607
12794,0.08500143140554428
12795,0.06265817582607269
12796,0.07813989371061325
12797,0.07535060495138168
12798,0.06861388683319092
12799,0.025335920974612236
12800,0.06032182648777962
12801,0.07222173362970352
12802,0.09810935705900192
12803,0.08341803401708603
12804,0.08880924433469772
12805,0.02833399549126625
12806,0.046472083777189255
12807,0.07192864269018173
12808,0.07456008344888687
12809,0.0877586305141449
12810,0.08550349622964859
12811,0.050433892756700516
12812,0.04967035353183746
12813,0.07706239819526672
12814,0.046252597123384476
12815,0.08168734610080719
12816,0.06637939065694809
12817,0.04685027524828911
12818,0.07950583845376968
12819,0.10065986961126328
12820,0.0807170420885086
12821,0.08821076899766922
12822,0.03472863882780075
12823,0.06063820421695709
12824,0.044028107076883316
12825,0.06592653691768646
12826,0.04002002626657486
12827,0.032704222947359085
12828,0.05778728798031807
12829,0.06238767132163048
12830,0.030932992696762085
12831,0.0700950175523758
12832,0.05764496326446533
12833,0.07640651613473892
12834,0.09415248781442642
12835,0.08779654651880264
12836,0.0941721498966217
12837,0.05291524529457092
12838,0.0690034031867981
12839,0.06880990415811539
12840,0.07903586328029633
12841,0.07574804872274399
12842,0.061456210911273956
12843,0.06709736585617065
12844,0.05212921276688576
12845,0.044947534799575806
12846,0.04115261510014534
12847,0.07362183928489685
12848,0.04798288643360138
12849,0.05722787603735924
12850,0.09525076299905777
12851,0.0589856393635273
12852,0.06671284139156342
12853,0.03836186230182648
12854,0.025951283052563667
12855,0.036791183054447174
12856,0.042496297508478165
12857,0.08422283828258514
12858,0.014853243716061115
12859,0.061066415160894394
12860,0.07704253494739532
12861,0.0731847956776619
12862,0.09252724796533585
12863,0.060193683952093124
12864,0.06557351350784302
12865,0.03223219886422157
12866,0.03843248635530472
12867,0.06383927911520004
12868,0.06332948803901672
12869,0.0724424198269844
12870,0.05843368545174599
12871,0.09937914460897446
12872,0.07133973389863968
12873,0.06259991228580475
12874,0.034613072872161865
12875,0.07823042571544647
12876,0.09021685272455215
12877,0.08366922289133072
12878,0.0540420226752758
12879,0.0762237161397934
12880,0.09483376890420914
12881,0.07155977189540863
12882,0.06644175201654434
12883,0.05301704257726669
12884,0.029211733490228653
12885,0.011575072072446346
12886,0.053403180092573166
12887,0.0572521947324276
12888,0.05629538372159004
12889,0.08490975946187973
12890,0.0714920237660408
12891,0.06673683226108551
12892,0.06684774160385132
12893,0.08348935097455978
12894,0.0812351256608963
12895,0.061705589294433594
12896,0.06980564445257187
12897,0.06873447448015213
12898,0.07657366245985031
12899,0.07785551249980927
12900,0.050339944660663605
12901,0.08282088488340378
12902,0.08964498341083527
12903,0.07822313904762268
12904,0.03995174542069435
12905,0.06916443258523941
12906,0.04292155057191849
12907,0.0771816149353981
12908,0.08352454751729965
12909,0.06779632717370987
12910,0.07116394490003586
12911,0.08823082596063614
12912,0.04605927690863609
12913,0.06824477761983871
12914,0.04200740531086922
12915,0.06264518201351166
12916,0.07432452589273453
12917,0.08162061125040054
12918,0.06872359663248062
12919,0.11048130691051483
12920,0.04939751699566841
12921,0.08845416456460953
12922,0.04915061593055725
12923,0.0676754042506218
12924,0.07934467494487762
12925,0.04921984672546387
12926,0.0720321461558342
12927,0.05498061701655388
12928,0.04412467032670975
12929,0.04254044592380524
12930,0.03402642905712128
12931,0.021979015320539474
12932,0.09308873862028122
12933,0.08719947934150696
12934,0.023210981860756874
12935,0.09570278972387314
12936,0.04998694732785225
12937,0.08012022823095322
12938,0.0742015689611435
12939,0.09332270920276642
12940,0.057606976479291916
12941,0.061415426433086395
12942,0.037518057972192764
12943,0.08074614405632019
12944,0.07932714372873306
12945,0.0820646807551384
12946,0.027630921453237534
12947,0.017556702718138695
12948,0.03128364682197571
12949,0.07171746343374252
12950,0.06412799656391144
12951,0.06605937331914902
12952,0.038511086255311966
12953,0.07770372927188873
12954,0.0889948159456253
12955,0.06642582267522812
12956,0.06643960624933243
12957,0.0751291885972023
12958,0.042477793991565704
12959,0.07883945852518082
12960,0.048058267682790756
12961,0.058314647525548935
12962,0.08837074041366577
12963,0.053572800010442734
12964,0.07690904289484024
12965,0.0756639689207077
12966,0.06727494299411774
12967,0.07290778309106827
12968,0.05700123310089111
12969,0.04023461043834686
12970,0.08034634590148926
12971,0.04363207891583443
12972,0.08364448696374893
12973,0.012853176333010197
12974,0.04391924664378166
12975,0.057487111538648605
12976,0.07246547192335129
12977,0.03919697552919388
12978,0.042771514505147934
12979,0.08189684897661209
12980,0.07419154793024063
12981,0.08778776228427887
12982,0.05443857982754707
12983,0.0506393201649189
12984,0.06758885830640793
12985,0.09886278957128525
12986,0.050234127789735794
12987,0.06684369593858719
12988,0.07269048690795898
12989,0.017027290537953377
12990,0.0830395370721817
12991,0.06554687023162842
12992,0.03262212499976158
12993,0.09282150864601135
12994,0.07891253381967545
12995,0.03847808018326759
12996,0.08917351812124252
12997,0.08400926738977432
12998,0.025559144094586372
12999,0.10459666699171066
13000,0.039956603199243546
13001,0.07206951081752777
13002,0.03779847174882889
13003,0.07968098670244217
13004,0.04551543667912483
13005,0.061137545853853226
13006,0.05468149483203888
13007,0.06145834922790527
13008,0.052010733634233475
13009,0.07049569487571716
13010,0.04836320877075195
13011,0.08381623774766922
13012,0.06213785707950592
13013,0.07060883194208145
13014,0.05966692045331001
13015,0.07628568261861801
13016,0.053592488169670105
13017,0.06050172075629234
13018,0.04596399515867233
13019,0.03317342698574066
13020,0.05084756389260292
13021,0.06527040898799896
13022,0.0347110815346241
13023,0.05293770506978035
13024,0.07461988925933838
13025,0.042738594114780426
13026,0.07483094930648804
13027,0.045017171651124954
13028,0.06233306601643562
13029,0.09404633939266205
13030,0.07414400577545166
13031,0.07551545649766922
13032,0.07308613508939743
13033,0.04444761574268341
13034,0.020320460200309753
13035,0.05947503820061684
13036,0.050779957324266434
13037,0.07477234303951263
13038,0.05614355579018593
13039,0.06677085906267166
13040,0.07804373651742935
13041,0.07119650393724442
13042,0.060871150344610214
13043,0.0392460823059082
13044,0.07123776525259018
13045,0.07626441866159439
13046,0.07313887774944305
13047,0.08231718093156815
13048,0.06360972672700882
13049,0.05532023683190346
13050,0.0741528645157814
13051,0.07455796748399734
13052,0.03059813752770424
13053,0.0709269791841507
13054,0.026158703491091728
13055,0.06556331366300583
13056,0.09975874423980713
13057,0.056994371116161346
13058,0.0765819326043129
13059,0.0782371535897255
13060,0.024839604273438454
13061,0.053842104971408844
13062,0.06603619456291199
13063,0.10098190605640411
13064,0.05532512813806534
13065,0.06034431979060173
13066,0.06407599151134491
13067,0.03953741863369942
13068,0.04738204926252365
13069,0.04620470479130745
13070,0.07629264146089554
13071,0.049627240747213364
13072,0.12164445966482162
13073,0.03371809795498848
13074,0.04304356500506401
13075,0.03954470157623291
13076,0.08105950057506561
13077,0.08357324451208115
13078,0.07016594707965851
13079,0.03875183314085007
13080,0.031551290303468704
13081,0.06447790563106537
13082,0.06703507900238037
13083,0.08681557327508926
13084,0.07849206030368805
13085,0.07127924263477325
13086,0.038798313587903976
13087,0.06850485503673553
13088,0.08199133723974228
13089,0.027985287830233574
13090,0.055068936198949814
13091,0.05838662385940552
13092,0.03818460926413536
13093,0.07309474796056747
13094,0.06521207094192505
13095,0.07654054462909698
13096,0.016506798565387726
13097,0.06045744940638542
13098,0.04137103259563446
13099,0.08076730370521545
13100,0.04894140735268593
13101,0.01951833814382553
13102,0.05452665686607361
13103,0.07519024610519409
13104,0.09206458181142807
13105,0.06507773697376251
13106,0.048214662820100784
13107,0.06683449447154999
13108,0.08559522777795792
13109,0.04869132116436958
13110,0.0751655325293541
13111,0.08775850385427475
13112,0.04660229757428169
13113,0.03836091607809067
13114,0.06420344114303589
13115,0.04871736094355583
13116,0.07097700983285904
13117,0.08710570633411407
13118,0.045401088893413544
13119,0.05291632190346718
13120,0.057468533515930176
13121,0.08368558436632156
13122,0.057986069470644
13123,0.06387118250131607
13124,0.05692088603973389
13125,0.009902281686663628
13126,0.06374287605285645
13127,0.06930481642484665
13128,0.09934628754854202
13129,0.08111568540334702
13130,0.05593312531709671
13131,0.07296131551265717
13132,0.06763830780982971
13133,0.08858442306518555
13134,0.06441608816385269
13135,0.055420808494091034
13136,0.05320633575320244
13137,0.016505539417266846
13138,0.08354169875383377
13139,0.060205526649951935
13140,0.07881661504507065
13141,0.04151624068617821
13142,0.0542466826736927
13143,0.07942105829715729
13144,0.04354153573513031
13145,0.06589541584253311
13146,0.059783950448036194
13147,0.07034974545240402
13148,0.06628721952438354
13149,0.06992357224225998
13150,0.08104487508535385
13151,0.07679654657840729
13152,0.044092632830142975
13153,0.05908484011888504
13154,0.0957699865102768
13155,0.04511137679219246
13156,0.07552114129066467
13157,0.04615440592169762
13158,0.030834103003144264
13159,0.017305130138993263
13160,0.0786224976181984
13161,0.09178473800420761
13162,0.07385007292032242
13163,0.07186222821474075
13164,0.07812615483999252
13165,0.09056181460618973
13166,0.06463269144296646
13167,0.06968805193901062
13168,0.07299038767814636
13169,0.07610996812582016
13170,0.016271857544779778
13171,0.07881829887628555
13172,0.05880698934197426
13173,0.07307545840740204
13174,0.05795722082257271
13175,0.057382483035326004
13176,0.058554522693157196
13177,0.043615832924842834
13178,0.07619596272706985
13179,0.08242348581552505
13180,0.04807189479470253
13181,0.0825543999671936
13182,0.02793743647634983
13183,0.0436168797314167
13184,0.06870868802070618
13185,0.06950994580984116
13186,0.08914442360401154
13187,0.07697256654500961
13188,0.08193591982126236
13189,0.012105880305171013
13190,0.05681398883461952
13191,0.11010009050369263
13192,0.061863601207733154
13193,0.06931312382221222
13194,0.03831468150019646
13195,0.01806500181555748
13196,0.09871374070644379
13197,0.09686480462551117
13198,0.04302472621202469
13199,0.022831350564956665
13200,0.04652348533272743
13201,0.0737704262137413
13202,0.07144364714622498
13203,0.07560128718614578
13204,0.08554960787296295
13205,0.07370792329311371
13206,0.03880053013563156
13207,0.09310048073530197
13208,0.04207289218902588
13209,0.0588061548769474
13210,0.05206799507141113
13211,0.07523039728403091
13212,0.07091597467660904
13213,0.04430291801691055
13214,0.08678986877202988
13215,0.05262400209903717
13216,0.07310604304075241
13217,0.042835433036088943
13218,0.04299196973443031
13219,0.05558016523718834
13220,0.08995901793241501
13221,0.06547188758850098
13222,0.03637591376900673
13223,0.06882259994745255
13224,0.030160851776599884
13225,0.06697188317775726
13226,0.07724212110042572
13227,0.07793731242418289
13228,0.056399669498205185
13229,0.01704780012369156
13230,0.030806997790932655
13231,0.04666560888290405
13232,0.0548313744366169
13233,0.02717536874115467
13234,0.06970447301864624
13235,0.08460284024477005
13236,0.07376551628112793
13237,0.05658973008394241
13238,0.05961159989237785
13239,0.038727276027202606
13240,0.07375817745923996
13241,0.07374254614114761
13242,0.08061456680297852
13243,0.08632075041532516
13244,0.04929598793387413
13245,0.07174540311098099
13246,0.020636817440390587
13247,0.06915341317653656
13248,0.09547078609466553
13249,0.05997569113969803
13250,0.07899826020002365
13251,0.08430942893028259
13252,0.08222837001085281
13253,0.03708777576684952
13254,0.08743365854024887
13255,0.10605353862047195
13256,0.05624128878116608
13257,0.06928745657205582
13258,0.08151624351739883
13259,0.07578890770673752
13260,0.04417316988110542
13261,0.053514447063207626
13262,0.036493539810180664
13263,0.08127427101135254
13264,0.01927199400961399
13265,0.07710865139961243
13266,0.10117068141698837
13267,0.09050198644399643
13268,0.05963485687971115
13269,0.062001414597034454
13270,0.09544618427753448
13271,0.08823041617870331
13272,0.07833148539066315
13273,0.06822685152292252
13274,0.0847039520740509
13275,0.10137882083654404
13276,0.052135169506073
13277,0.061814844608306885
13278,0.0700736716389656
13279,0.03823933005332947
13280,0.06826380640268326
13281,0.07933584600687027
13282,0.06373234838247299
13283,0.046331025660037994
13284,0.030890200287103653
13285,0.026656730100512505
13286,0.03005848079919815
13287,0.07547032833099365
13288,0.05025926232337952
13289,0.10304603725671768
13290,0.05860534682869911
13291,0.0504419282078743
13292,0.06147424504160881
13293,0.01620735041797161
13294,0.07905007153749466
13295,0.04786296561360359
13296,0.06317970901727676
13297,0.06022298336029053
13298,0.04354982078075409
13299,0.02272525243461132
13300,0.04682468995451927
13301,0.031176770105957985
13302,0.04496220871806145
13303,0.07239624857902527
13304,0.05141457915306091
13305,0.06690838187932968
13306,0.08417229354381561
13307,0.076360784471035
13308,0.06652957201004028
13309,0.06087838485836983
13310,0.08310560137033463
13311,0.07757585495710373
13312,0.03044309839606285
13313,0.022956768050789833
13314,0.039023276418447495
13315,0.05006072297692299
13316,0.0726158395409584
13317,0.05633915215730667
13318,0.046440381556749344
13319,0.06489137560129166
13320,0.11543779820203781
13321,0.06183470040559769
13322,0.06583394855260849
13323,0.04927729442715645
13324,0.07830837368965149
13325,0.049372348934412
13326,0.07888947427272797
13327,0.07469276338815689
13328,0.04578833654522896
13329,0.07410520315170288
13330,0.06732849031686783
13331,0.10226406157016754
13332,0.057611677795648575
13333,0.03672819584608078
13334,0.05127039551734924
13335,0.06893698126077652
13336,0.058734968304634094
13337,0.052272405475378036
13338,0.045626282691955566
13339,0.04521222785115242
13340,0.05906960740685463
13341,0.07959422469139099
13342,0.034133344888687134
13343,0.0613233707845211
13344,0.034997377544641495
13345,0.03845636919140816
13346,0.06575371325016022
13347,0.0714101791381836
13348,0.041695237159729004
13349,0.05500345304608345
13350,0.057815730571746826
13351,0.06404079496860504
13352,0.031776417046785355
13353,0.06964531540870667
13354,0.07924375683069229
13355,0.08299978822469711
13356,0.0694870799779892
13357,0.07681122422218323
13358,0.04792041331529617
13359,0.04238595813512802
13360,0.06340918689966202
13361,0.09289757162332535
13362,0.0744784027338028
13363,0.021633034572005272
13364,0.0691569522023201
13365,0.011772233992815018
13366,0.029061658307909966
13367,0.05582867190241814
13368,0.07209769636392593
13369,0.08582636713981628
13370,0.03569157421588898
13371,0.06869421154260635
13372,0.02552509307861328
13373,0.05129747465252876
13374,0.03985268622636795
13375,0.0870085060596466
13376,0.07179354876279831
13377,0.06625424325466156
13378,0.0849573165178299
13379,0.07111860811710358
13380,0.0793888047337532
13381,0.09296531975269318
13382,0.08850158751010895
13383,0.07822562009096146
13384,0.05722562596201897
13385,0.05944938212633133
13386,0.0653468668460846
13387,0.055832453072071075
13388,0.06688624620437622
13389,0.03850971534848213
13390,0.03659850358963013
13391,0.04984479025006294
13392,0.10004507005214691
13393,0.04971630498766899
13394,0.02702503465116024
13395,0.09156641364097595
13396,0.028736859560012817
13397,0.11714433133602142
13398,0.06507861614227295
13399,0.06318888813257217
13400,0.06161348894238472
13401,0.05131092667579651
13402,0.05068247392773628
13403,0.08680655807256699
13404,0.05840475112199783
13405,0.04955470189452171
13406,0.017880631610751152
13407,0.10567678511142731
13408,0.07011181861162186
13409,0.04927526041865349
13410,0.0674867257475853
13411,0.0734393373131752
13412,0.03582599386572838
13413,0.08005362749099731
13414,0.057253409177064896
13415,0.04496898874640465
13416,0.10378024727106094
13417,0.03440818935632706
13418,0.07283464074134827
13419,0.07935325056314468
13420,0.06916536390781403
13421,0.0948980525135994
13422,0.06954079866409302
13423,0.06056416779756546
13424,0.06310469657182693
13425,0.041191596537828445
13426,0.03506634011864662
13427,0.07232635468244553
13428,0.04931265115737915
13429,0.08530036360025406
13430,0.026081329211592674
13431,0.08190485090017319
13432,0.0557190366089344
13433,0.05954886972904205
13434,0.06998230516910553
13435,0.06687586009502411
13436,0.07613445818424225
13437,0.05824393033981323
13438,0.07702847570180893
13439,0.027167946100234985
13440,0.027826441451907158
13441,0.06357241421937943
13442,0.023216817528009415
13443,0.0802491307258606
13444,0.07277555763721466
13445,0.08942607790231705
13446,0.031180037185549736
13447,0.09034080058336258
13448,0.0701787918806076
13449,0.060806408524513245
13450,0.0901162400841713
13451,0.053241584450006485
13452,0.06897998601198196
13453,0.07621051371097565
13454,0.05896776169538498
13455,0.04742133244872093
13456,0.07322845607995987
13457,0.05554862692952156
13458,0.09145131707191467
13459,0.07457789033651352
13460,0.006859964225441217
13461,0.0411490797996521
13462,0.06587447971105576
13463,0.06391893327236176
13464,0.054646801203489304
13465,0.07398160547018051
13466,0.05648288503289223
13467,0.07352721691131592
13468,0.05370979756116867
13469,0.04482131078839302
13470,0.07432299107313156
13471,0.020856013521552086
13472,0.05021818354725838
13473,0.08782435208559036
13474,0.05624006316065788
13475,0.07787951827049255
13476,0.06620746850967407
13477,0.07159318029880524
13478,0.058825381100177765
13479,0.03713341802358627
13480,0.06227739155292511
13481,0.08344955742359161
13482,0.028507675975561142
13483,0.04995964840054512
13484,0.056355979293584824
13485,0.06765226274728775
13486,0.05733301863074303
13487,0.07612265646457672
13488,0.08854799717664719
13489,0.06526258587837219
13490,0.04277575761079788
13491,0.06933992356061935
13492,0.0656798705458641
13493,0.0685776099562645
13494,0.04799916595220566
13495,0.0484594963490963
13496,0.07349371910095215
13497,0.06592604517936707
13498,0.0774698257446289
13499,0.01139576081186533
13500,0.043224383145570755
13501,0.07409216463565826
13502,0.07242955267429352
13503,0.03487773239612579
13504,0.037776555866003036
13505,0.02786707878112793
13506,0.08502643555402756
13507,0.059813208878040314
13508,0.08691693097352982
13509,0.031249066814780235
13510,0.07606536149978638
13511,0.056289494037628174
13512,0.04459648206830025
13513,0.06323222815990448
13514,0.052244484424591064
13515,0.07725899666547775
13516,0.03553028404712677
13517,0.0612039752304554
13518,0.07435102015733719
13519,0.05729442089796066
13520,0.06209053099155426
13521,0.029901104047894478
13522,0.0651201531291008
13523,0.027997421100735664
13524,0.0749104842543602
13525,0.06357898563146591
13526,0.06474635750055313
13527,0.09816484153270721
13528,0.06745646148920059
13529,0.07528809458017349
13530,0.07740161567926407
13531,0.07023654878139496
13532,0.08344492316246033
13533,0.04064156487584114
13534,0.06866990774869919
13535,0.06919152289628983
13536,0.0571385957300663
13537,0.04019159823656082
13538,0.07794966548681259
13539,0.08369732648134232
13540,0.05913586914539337
13541,0.05426526069641113
13542,0.05502818897366524
13543,0.04212186112999916
13544,0.042535584419965744
13545,0.07419035583734512
13546,0.07342075556516647
13547,0.06126328930258751
13548,0.05620625987648964
13549,0.06224854663014412
13550,0.07421991229057312
13551,0.024054136127233505
13552,0.06291361898183823
13553,0.058965716511011124
13554,0.04441341385245323
13555,0.06835052371025085
13556,0.08833341300487518
13557,0.027259565889835358
13558,0.060852959752082825
13559,0.0701204389333725
13560,0.06708776205778122
13561,0.11253036558628082
13562,0.0754803717136383
13563,0.057192400097846985
13564,0.06779856979846954
13565,0.08722682297229767
13566,0.07611017674207687
13567,0.06826870888471603
13568,0.06275709718465805
13569,0.07588689029216766
13570,0.06446225196123123
13571,0.014359001070261002
13572,0.04108521714806557
13573,0.06298836320638657
13574,0.08681944757699966
13575,0.07125737518072128
13576,0.10215316712856293
13577,0.06119512766599655
13578,0.018802613019943237
13579,0.03229209780693054
13580,0.05399610474705696
13581,0.05833292007446289
13582,0.06244340166449547
13583,0.07433903962373734
13584,0.06664559990167618
13585,0.07391303032636642
13586,0.057886190712451935
13587,0.05416982248425484
13588,0.06351827830076218
13589,0.08220651745796204
13590,0.0847242921590805
13591,0.04693003371357918
13592,0.06974911689758301
13593,0.05807621031999588
13594,0.09269992262125015
13595,0.07737038284540176
13596,0.08585672825574875
13597,0.09221984446048737
13598,0.06724832206964493
13599,0.05995674431324005
13600,0.09002673625946045
13601,0.09546063840389252
13602,0.09410271793603897
13603,0.07332983613014221
13604,0.08234082162380219
13605,0.08906134217977524
13606,0.06008605286478996
13607,0.06690752506256104
13608,0.06345098465681076
13609,0.07505159080028534
13610,0.06293599307537079
13611,0.04497836157679558
13612,0.08756387233734131
13613,0.08914497494697571
13614,0.07142633944749832
13615,0.05117272585630417
13616,0.04086185246706009
13617,0.0760202407836914
13618,0.08427446335554123
13619,0.047722652554512024
13620,0.07414645701646805
13621,0.039634644985198975
13622,0.07391507178544998
13623,0.06243859604001045
13624,0.05795978382229805
13625,0.07858932018280029
13626,0.08869794756174088
13627,0.04655180126428604
13628,0.07696131616830826
13629,0.08077458292245865
13630,0.04792375490069389
13631,0.08112724870443344
13632,0.05026468262076378
13633,0.08445147424936295
13634,0.05857264995574951
13635,0.047540951520204544
13636,0.08400003612041473
13637,0.06050362065434456
13638,0.041642703115940094
13639,0.058318138122558594
13640,0.0635354295372963
13641,0.05853058397769928
13642,0.04695792496204376
13643,0.03978429734706879
13644,0.04028811678290367
13645,0.010491404682397842
13646,0.08659059554338455
13647,0.06304653733968735
13648,0.02323571778833866
13649,0.09342053532600403
13650,0.072011798620224
13651,0.0268261656165123
13652,0.03954768553376198
13653,0.06383267045021057
13654,0.08087873458862305
13655,0.07218513637781143
13656,0.07540002465248108
13657,0.06394556909799576
13658,0.06212586909532547
13659,0.03965899720788002
13660,0.08224373310804367
13661,0.042765453457832336
13662,0.028151333332061768
13663,0.0714205801486969
13664,0.0957760214805603
13665,0.039355721324682236
13666,0.07649058848619461
13667,0.05929415300488472
13668,0.070486880838871
13669,0.05190073326230049
13670,0.048623889684677124
13671,0.0497802309691906
13672,0.07743211835622787
13673,0.05517001822590828
13674,0.10448813438415527
13675,0.06005653366446495
13676,0.05727473273873329
13677,0.05054646357893944
13678,0.08281906694173813
13679,0.09387574344873428
13680,0.0462140329182148
13681,0.07279805094003677
13682,0.1271248161792755
13683,0.08845291286706924
13684,0.05714120343327522
13685,0.04336107522249222
13686,0.06870130449533463
13687,0.054926302284002304
13688,0.08578568696975708
13689,0.0697512999176979
13690,0.07099945098161697
13691,0.06749037653207779
13692,0.04923470318317413
13693,0.04350213706493378
13694,0.08132600784301758
13695,0.09164656698703766
13696,0.07510171085596085
13697,0.05485750734806061
13698,0.07727643102407455
13699,0.08551305532455444
13700,0.028762467205524445
13701,0.06978316605091095
13702,0.09343526512384415
13703,0.06303074210882187
13704,0.07721053063869476
13705,0.060333721339702606
13706,0.06394733488559723
13707,0.09877271205186844
13708,0.07454344630241394
13709,0.018464958295226097
13710,0.05898817256093025
13711,0.04141516983509064
13712,0.08039721101522446
13713,0.06927245110273361
13714,0.09479723125696182
13715,0.05074545368552208
13716,0.07552395015954971
13717,0.03610110282897949
13718,0.05915483459830284
13719,0.08277372270822525
13720,0.0964440107345581
13721,0.0660611018538475
13722,0.021605098620057106
13723,0.04647117853164673
13724,0.0612654834985733
13725,0.07112733274698257
13726,0.062083080410957336
13727,0.06271872669458389
13728,0.05574716627597809
13729,0.09829390794038773
13730,0.08966444432735443
13731,0.07596153020858765
13732,0.05076473206281662
13733,0.08879563957452774
13734,0.0367058701813221
13735,0.038543131202459335
13736,0.08577357232570648
13737,0.07554420083761215
13738,0.042523376643657684
13739,0.029589248821139336
13740,0.07286336272954941
13741,0.024399107322096825
13742,0.0677662268280983
13743,0.04236530512571335
13744,0.024961521849036217
13745,0.06316009908914566
13746,0.07196066528558731
13747,0.04701657593250275
13748,0.08307803422212601
13749,0.06988624483346939
13750,0.06715463846921921
13751,0.06798394024372101
13752,0.0782485231757164
13753,0.033765263855457306
13754,0.06013905256986618
13755,0.03667914494872093
13756,0.05656459555029869
13757,0.047625891864299774
13758,0.052273739129304886
13759,0.06846106052398682
13760,0.03632498160004616
13761,0.013130939565598965
13762,0.07098796963691711
13763,0.07829046249389648
13764,0.029854867607355118
13765,0.07289330661296844
13766,0.08426155894994736
13767,0.05641062930226326
13768,0.09341488778591156
13769,0.01674721948802471
13770,0.04220185428857803
13771,0.036162007600069046
13772,0.030612776055932045
13773,0.034046947956085205
13774,0.06517799943685532
13775,0.06650347262620926
13776,0.039513424038887024
13777,0.024041134864091873
13778,0.07082684338092804
13779,0.058743979781866074
13780,0.06626726686954498
13781,0.11395825445652008
13782,0.0697530135512352
13783,0.0492989607155323
13784,0.05395299196243286
13785,0.056974854320287704
13786,0.032775890082120895
13787,0.07508758455514908
13788,0.019026823341846466
13789,0.07059282809495926
13790,0.07135413587093353
13791,0.03279954195022583
13792,0.047521039843559265
13793,0.02437008172273636
13794,0.05968530848622322
13795,0.02133321575820446
13796,0.07439479976892471
13797,0.0927160456776619
13798,0.07821940630674362
13799,0.06961294263601303
13800,0.03603322058916092
13801,0.0925465002655983
13802,0.07282188534736633
13803,0.06512746959924698
13804,0.04108903929591179
13805,0.04690378159284592
13806,0.04657918959856033
13807,0.0706934705376625
13808,0.05663314089179039
13809,0.053065113723278046
13810,0.08777132630348206
13811,0.07790189981460571
13812,0.04061155766248703
13813,0.07264667749404907
13814,0.047426171600818634
13815,0.07525698095560074
13816,0.05696036294102669
13817,0.059660349041223526
13818,0.08828140795230865
13819,0.042962152510881424
13820,0.07276765257120132
13821,0.06591711193323135
13822,0.07427740842103958
13823,0.0573650598526001
13824,0.07569261640310287
13825,0.08581815659999847
13826,0.06423183530569077
13827,0.04118075221776962
13828,0.03212635591626167
13829,0.05079473555088043
13830,0.08136259764432907
13831,0.07080355286598206
13832,0.060158923268318176
13833,0.05074826627969742
13834,0.0650344043970108
13835,0.08354673534631729
13836,0.03388034179806709
13837,0.03889678791165352
13838,0.08073653280735016
13839,0.04987782984972
13840,0.0854814201593399
13841,0.07557675242424011
13842,0.08394455909729004
13843,0.09648628532886505
13844,0.08164431899785995
13845,0.07294276356697083
13846,0.07235416024923325
13847,0.04388871043920517
13848,0.06298209726810455
13849,0.06714867055416107
13850,0.062448255717754364
13851,0.05259191244840622
13852,0.07459894567728043
13853,0.06777391582727432
13854,0.0809326171875
13855,0.05944431573152542
13856,0.044557809829711914
13857,0.0655624121427536
13858,0.04703095182776451
13859,0.04084019735455513
13860,0.02788045071065426
13861,0.07319965213537216
13862,0.0703926682472229
13863,0.04671456292271614
13864,0.1005467101931572
13865,0.05191618949174881
13866,0.057232361286878586
13867,0.06706772744655609
13868,0.06401682645082474
13869,0.0454539991915226
13870,0.045388851314783096
13871,0.11133459955453873
13872,0.06838742643594742
13873,0.04268473759293556
13874,0.07319574803113937
13875,0.09119679778814316
13876,0.11532998085021973
13877,0.07433496415615082
13878,0.07697019726037979
13879,0.057477083057165146
13880,0.07326021790504456
13881,0.08433456718921661
13882,0.07746339589357376
13883,0.029057767242193222
13884,0.0784154012799263
13885,0.06258650124073029
13886,0.0716576874256134
13887,0.021465037018060684
13888,0.0907866433262825
13889,0.059600744396448135
13890,0.04024579003453255
13891,0.08163224905729294
13892,0.05914413183927536
13893,0.08720944821834564
13894,0.06453898549079895
13895,0.06865809112787247
13896,0.08588453382253647
13897,0.011847739107906818
13898,0.036203671246767044
13899,0.043627846986055374
13900,0.03962331265211105
13901,0.06942680478096008
13902,0.04709396883845329
13903,0.05456649139523506
13904,0.07765278965234756
13905,0.09172270447015762
13906,0.029647178947925568
13907,0.07153807580471039
13908,0.06645794957876205
13909,0.04667838662862778
13910,0.06468164920806885
13911,0.011969286948442459
13912,0.04231256619095802
13913,0.0802030935883522
13914,0.06002248078584671
13915,0.04930108040571213
13916,0.08313528448343277
13917,0.09123179316520691
13918,0.02208380028605461
13919,0.008785887621343136
13920,0.04955611005425453
13921,0.06782174110412598
13922,0.036658309400081635
13923,0.08643469959497452
13924,0.0611492283642292
13925,0.07177821546792984
13926,0.04381372034549713
13927,0.06977139413356781
13928,0.07707642018795013
13929,0.08920649439096451
13930,0.05733196809887886
13931,0.07134512811899185
13932,0.11115384101867676
13933,0.0210269708186388
13934,0.07939347624778748
13935,0.07399841398000717
13936,0.05483798310160637
13937,0.055970754474401474
13938,0.04535068944096565
13939,0.061387136578559875
13940,0.06848195195198059
13941,0.028118588030338287
13942,0.07369938492774963
13943,0.04318227246403694
13944,0.04215588793158531
13945,0.055027563124895096
13946,0.07966092228889465
13947,0.06335087865591049
13948,0.07257375866174698
13949,0.059311382472515106
13950,0.02750350721180439
13951,0.07841752469539642
13952,0.06760311871767044
13953,0.06671949476003647
13954,0.05119260773062706
13955,0.07421686500310898
13956,0.05721847340464592
13957,0.0819581001996994
13958,0.035119831562042236
13959,0.07433134317398071
13960,0.04715947434306145
13961,0.07290884852409363
13962,0.08296745270490646
13963,0.06293854862451553
13964,0.0815197229385376
13965,0.07826972752809525
13966,0.08355945348739624
13967,0.015981746837496758
13968,0.062274932861328125
13969,0.02741130068898201
13970,0.05323874205350876
13971,0.07746892422437668
13972,0.02971649542450905
13973,0.04525303840637207
13974,0.08007379621267319
13975,0.09211737662553787
13976,0.02932356856763363
13977,0.0791708454489708
13978,0.0532866008579731
13979,0.07013174146413803
13980,0.08701107650995255
13981,0.08815933763980865
13982,0.07751519978046417
13983,0.060582950711250305
13984,0.07068677991628647
13985,0.04366925731301308
13986,0.051409997045993805
13987,0.07670822739601135
13988,0.07410229742527008
13989,0.07974246889352798
13990,0.0713992640376091
13991,0.009045536629855633
13992,0.058614958077669144
13993,0.08007831126451492
13994,0.07381006330251694
13995,0.07549075037240982
13996,0.06969968229532242
13997,0.10228487104177475
13998,0.06433777511119843
13999,0.027888795360922813
14000,0.05769269913434982
14001,0.08037286251783371
14002,0.07308343797922134
14003,0.07829426229000092
14004,0.05472330003976822
14005,0.052678778767585754
14006,0.04062194749712944
14007,0.08315445482730865
14008,0.06332780420780182
14009,0.04927153140306473
14010,0.07646317034959793
14011,0.024169882759451866
14012,0.07644367963075638
14013,0.09109904617071152
14014,0.08078227937221527
14015,0.09061434119939804
14016,0.07512383162975311
14017,0.07925423234701157
14018,0.06162521615624428
14019,0.05908264219760895
14020,0.06733749806880951
14021,0.11863388121128082
14022,0.07822641730308533
14023,0.06866024434566498
14024,0.07607046514749527
14025,0.08202047646045685
14026,0.07953432947397232
14027,0.06244899332523346
14028,0.06304824352264404
14029,0.028198953717947006
14030,0.06486145406961441
14031,0.09855376183986664
14032,0.020902927964925766
14033,0.05318038538098335
14034,0.07686352729797363
14035,0.05521243065595627
14036,0.05589408427476883
14037,0.045783430337905884
14038,0.011108104139566422
14039,0.07670954614877701
14040,0.07107960432767868
14041,0.07063334435224533
14042,0.07933937013149261
14043,0.06790188699960709
14044,0.09080673009157181
14045,0.0719044953584671
14046,0.047492049634456635
14047,0.01517045870423317
14048,0.06599026918411255
14049,0.06750618666410446
14050,0.07889233529567719
14051,0.009904484264552593
14052,0.0696767270565033
14053,0.061909276992082596
14054,0.0323515422642231
14055,0.0615934319794178
14056,0.06559989601373672
14057,0.08401131629943848
14058,0.030705386772751808
14059,0.043226201087236404
14060,0.06751370429992676
14061,0.07615892589092255
14062,0.06939693540334702
14063,0.010861443355679512
14064,0.09276952594518661
14065,0.08218971639871597
14066,0.0707547664642334
14067,0.07122835516929626
14068,0.043641962110996246
14069,0.060924042016267776
14070,0.028076767921447754
14071,0.061946041882038116
14072,0.08967302739620209
14073,0.015103314071893692
14074,0.028127336874604225
14075,0.06467298418283463
14076,0.07274117320775986
14077,0.06566134095191956
14078,0.0786856859922409
14079,0.06218970566987991
14080,0.07630234211683273
14081,0.06438002735376358
14082,0.0712335854768753
14083,0.024520473554730415
14084,0.07421380281448364
14085,0.07820192724466324
14086,0.036378126591444016
14087,0.07441174238920212
14088,0.03592346981167793
14089,0.10559283941984177
14090,0.07411394268274307
14091,0.07017283141613007
14092,0.054305627942085266
14093,0.07071195542812347
14094,0.06663043797016144
14095,0.05383869633078575
14096,0.07512091100215912
14097,0.04072769358754158
14098,0.07074441015720367
14099,0.06168653443455696
14100,0.07987487316131592
14101,0.05201946943998337
14102,0.06889555603265762
14103,0.09221851080656052
14104,0.051759108901023865
14105,0.07045928388834
14106,0.08843009918928146
14107,0.09394264221191406
14108,0.05748503655195236
14109,0.056313950568437576
14110,0.02349080704152584
14111,0.0676833763718605
14112,0.06280920654535294
14113,0.06028514355421066
14114,0.054421354085206985
14115,0.09021250158548355
14116,0.06182735413312912
14117,0.06625644862651825
14118,0.08332206308841705
14119,0.05029718577861786
14120,0.08671616017818451
14121,0.03711167722940445
14122,0.0547165609896183
14123,0.0733969584107399
14124,0.06871310621500015
14125,0.06568855792284012
14126,0.0684785544872284
14127,0.02635205164551735
14128,0.10199601203203201
14129,0.053671419620513916
14130,0.061444852501153946
14131,0.04803897812962532
14132,0.07554256916046143
14133,0.06019360572099686
14134,0.051089633256196976
14135,0.09480436146259308
14136,0.07462073862552643
14137,0.04877258837223053
14138,0.08083254843950272
14139,0.01273267436772585
14140,0.06465742737054825
14141,0.03914564475417137
14142,0.057166602462530136
14143,0.06895347684621811
14144,0.06948263198137283
14145,0.07663088291883469
14146,0.05496779829263687
14147,0.03965063765645027
14148,0.08441614359617233
14149,0.07641798257827759
14150,0.054555486887693405
14151,0.07798928767442703
14152,0.061699047684669495
14153,0.02189500443637371
14154,0.08281486481428146
14155,0.078077532351017
14156,0.058462467044591904
14157,0.04540698602795601
14158,0.07236431539058685
14159,0.09061960130929947
14160,0.060301199555397034
14161,0.06570636481046677
14162,0.07964444160461426
14163,0.04766547307372093
14164,0.07486797124147415
14165,0.09117963910102844
14166,0.07914476841688156
14167,0.0371185839176178
14168,0.07203299552202225
14169,0.07440841197967529
14170,0.0599806047976017
14171,0.041523732244968414
14172,0.06371454149484634
14173,0.08179334551095963
14174,0.04979906603693962
14175,0.06708482652902603
14176,0.046251971274614334
14177,0.07755712419748306
14178,0.062357015907764435
14179,0.06812163442373276
14180,0.07455319911241531
14181,0.07089348882436752
14182,0.053774747997522354
14183,0.07127310335636139
14184,0.08177238702774048
14185,0.03457092121243477
14186,0.05079561844468117
14187,0.049238212406635284
14188,0.06655076891183853
14189,0.08166287839412689
14190,0.04728604853153229
14191,0.07254499197006226
14192,0.047330696135759354
14193,0.09673730283975601
14194,0.07294896245002747
14195,0.06647883355617523
14196,0.09093497693538666
14197,0.05337750166654587
14198,0.06132923811674118
14199,0.08098039031028748
14200,0.06789032369852066
14201,0.07989706099033356
14202,0.052119817584753036
14203,0.09135142713785172
14204,0.042800359427928925
14205,0.07045761495828629
14206,0.01834098994731903
14207,0.0774446651339531
14208,0.08853635936975479
14209,0.04993141442537308
14210,0.07689155638217926
14211,0.029838986694812775
14212,0.07806660234928131
14213,0.06415055692195892
14214,0.02974170446395874
14215,0.052081841975450516
14216,0.035902492702007294
14217,0.0640057623386383
14218,0.07494926452636719
14219,0.06464795768260956
14220,0.08349243551492691
14221,0.06219477951526642
14222,0.06457911431789398
14223,0.061383623629808426
14224,0.059974391013383865
14225,0.08028295636177063
14226,0.0761510357260704
14227,0.06306012719869614
14228,0.06458282470703125
14229,0.04430489242076874
14230,0.06613492965698242
14231,0.07727443426847458
14232,0.028975890949368477
14233,0.05052821710705757
14234,0.059800438582897186
14235,0.06520970165729523
14236,0.07901273667812347
14237,0.05310903862118721
14238,0.05865085870027542
14239,0.020086977630853653
14240,0.07658188790082932
14241,0.07099572569131851
14242,0.02292354591190815
14243,0.06163990497589111
14244,0.0208432674407959
14245,0.03735119104385376
14246,0.07688182592391968
14247,0.04159565269947052
14248,0.058501582592725754
14249,0.0704350546002388
14250,0.06785457581281662
14251,0.0779818594455719
14252,0.05704722926020622
14253,0.05763153359293938
14254,0.08534342795610428
14255,0.07986965775489807
14256,0.07394834607839584
14257,0.09507599472999573
14258,0.05214961618185043
14259,0.07147618383169174
14260,0.061124544590711594
14261,0.10998907685279846
14262,0.06648942828178406
14263,0.05033881217241287
14264,0.06825964897871017
14265,0.08117728680372238
14266,0.0806027427315712
14267,0.059910230338573456
14268,0.0635332241654396
14269,0.06272422522306442
14270,0.06837150454521179
14271,0.04617626592516899
14272,0.028962615877389908
14273,0.07717854529619217
14274,0.04795146733522415
14275,0.0753403976559639
14276,0.03300393745303154
14277,0.018658243119716644
14278,0.06633824110031128
14279,0.042070142924785614
14280,0.059159185737371445
14281,0.05719337984919548
14282,0.053670842200517654
14283,0.07322847843170166
14284,0.0804515928030014
14285,0.058368854224681854
14286,0.0749419778585434
14287,0.0750560462474823
14288,0.053831715136766434
14289,0.03469457849860191
14290,0.09065220504999161
14291,0.053234875202178955
14292,0.10309014469385147
14293,0.047024067491292953
14294,0.03802597522735596
14295,0.05674319714307785
14296,0.07453599572181702
14297,0.07985606044530869
14298,0.05928324535489082
14299,0.0816703662276268
14300,0.04174267500638962
14301,0.06920097768306732
14302,0.11974964290857315
14303,0.05757506564259529
14304,0.05084890499711037
14305,0.0710856169462204
14306,0.05244932696223259
14307,0.07275652885437012
14308,0.048822853714227676
14309,0.09227239340543747
14310,0.06305914372205734
14311,0.08498740196228027
14312,0.058328576385974884
14313,0.052434828132390976
14314,0.06135490909218788
14315,0.017497440800070763
14316,0.06521785259246826
14317,0.07752541452646255
14318,0.05728323757648468
14319,0.07147841900587082
14320,0.06832756102085114
14321,0.06307989358901978
14322,0.038965336978435516
14323,0.10301342606544495
14324,0.09921485930681229
14325,0.030983610078692436
14326,0.055154938250780106
14327,0.07133714109659195
14328,0.07467178255319595
14329,0.04081464931368828
14330,0.08229140192270279
14331,0.07114040851593018
14332,0.06069483235478401
14333,0.08790227025747299
14334,0.03521917015314102
14335,0.06683827191591263
14336,0.07201158255338669
14337,0.03186787664890289
14338,0.06260266900062561
14339,0.041279811412096024
14340,0.09584450721740723
14341,0.08526443690061569
14342,0.08806142956018448
14343,0.056007180362939835
14344,0.07892749458551407
14345,0.03695548325777054
14346,0.052037253975868225
14347,0.06374523788690567
14348,0.03891132026910782
14349,0.11197017133235931
14350,0.054214365780353546
14351,0.05878155678510666
14352,0.0672207847237587
14353,0.042680226266384125
14354,0.06598461419343948
14355,0.05185256898403168
14356,0.06690643727779388
14357,0.027537474408745766
14358,0.07728951424360275
14359,0.07437056303024292
14360,0.09048310667276382
14361,0.0649908110499382
14362,0.04905255511403084
14363,0.07614640146493912
14364,0.08189740777015686
14365,0.047339633107185364
14366,0.08320003747940063
14367,0.04309554770588875
14368,0.06900183111429214
14369,0.0701320543885231
14370,0.04091014713048935
14371,0.06381630897521973
14372,0.06105903908610344
14373,0.08007677644491196
14374,0.06295780092477798
14375,0.06059718877077103
14376,0.10396227985620499
14377,0.02478674054145813
14378,0.09188864380121231
14379,0.04914561286568642
14380,0.06979049742221832
14381,0.05680345743894577
14382,0.026898259297013283
14383,0.04667960852384567
14384,0.0677531287074089
14385,0.06325878947973251
14386,0.03450914844870567
14387,0.07734507322311401
14388,0.0888519436120987
14389,0.0685407742857933
14390,0.08537767827510834
14391,0.03559986874461174
14392,0.06580376625061035
14393,0.02801435813307762
14394,0.04475532844662666
14395,0.0713631883263588
14396,0.08267821371555328
14397,0.07089872658252716
14398,0.06975775212049484
14399,0.061325591057538986
14400,0.10234630107879639
14401,0.05389858037233353
14402,0.07331611216068268
14403,0.06573592126369476
14404,0.06786274909973145
14405,0.09298869222402573
14406,0.07055505365133286
14407,0.08312644064426422
14408,0.06836649775505066
14409,0.07204022258520126
14410,0.08751282095909119
14411,0.06601155549287796
14412,0.030692126601934433
14413,0.013715899549424648
14414,0.05883607640862465
14415,0.08366362005472183
14416,0.08690113574266434
14417,0.05832367017865181
14418,0.08686745166778564
14419,0.05339358001947403
14420,0.06397684663534164
14421,0.061593346297740936
14422,0.043490808457136154
14423,0.06789050251245499
14424,0.04249093681573868
14425,0.06929725408554077
14426,0.07192592322826385
14427,0.06069144979119301
14428,0.0841592326760292
14429,0.10022731125354767
14430,0.06042208895087242
14431,0.048618003726005554
14432,0.06341336667537689
14433,0.048338014632463455
14434,0.0646524578332901
14435,0.06233161687850952
14436,0.11169292032718658
14437,0.07419417053461075
14438,0.0682462751865387
14439,0.07326672226190567
14440,0.045450806617736816
14441,0.04141925647854805
14442,0.05502011999487877
14443,0.0861717090010643
14444,0.08042879402637482
14445,0.037503160536289215
14446,0.0734790712594986
14447,0.04507492855191231
14448,0.06322769075632095
14449,0.06782739609479904
14450,0.03951798751950264
14451,0.08652017265558243
14452,0.08380591869354248
14453,0.0384700670838356
14454,0.03756477311253548
14455,0.06367141008377075
14456,0.061579082161188126
14457,0.042605891823768616
14458,0.05287770554423332
14459,0.05786518380045891
14460,0.08454342186450958
14461,0.06107856333255768
14462,0.03214012831449509
14463,0.04552072286605835
14464,0.08612293004989624
14465,0.04711426794528961
14466,0.07097262144088745
14467,0.02950192801654339
14468,0.06844515353441238
14469,0.05660739913582802
14470,0.08334770798683167
14471,0.06632722169160843
14472,0.05209911987185478
14473,0.11160042881965637
14474,0.07138559967279434
14475,0.0578182153403759
14476,0.04255926236510277
14477,0.06005086004734039
14478,0.06599798798561096
14479,0.04095584899187088
14480,0.050095368176698685
14481,0.06946808099746704
14482,0.029676156118512154
14483,0.07861483842134476
14484,0.08580801635980606
14485,0.07573702931404114
14486,0.05699198693037033
14487,0.07147957384586334
14488,0.049974601715803146
14489,0.07828506827354431
14490,0.06586422771215439
14491,0.017250102013349533
14492,0.0981021299958229
14493,0.06171945855021477
14494,0.07727549225091934
14495,0.05885240063071251
14496,0.03383275493979454
14497,0.0787750855088234
14498,0.052193254232406616
14499,0.07288137823343277
14500,0.06118469685316086
14501,0.06644722074270248
14502,0.05649511143565178
14503,0.07704697549343109
14504,0.05869598686695099
14505,0.05247250571846962
14506,0.06642629951238632
14507,0.1157759577035904
14508,0.0901651605963707
14509,0.05887811258435249
14510,0.02960416115820408
14511,0.07469626516103745
14512,0.07530225813388824
14513,0.0651831403374672
14514,0.06335168331861496
14515,0.04375192150473595
14516,0.02600712887942791
14517,0.04088558256626129
14518,0.027536684647202492
14519,0.03698396682739258
14520,0.08032435923814774
14521,0.03978922590613365
14522,0.023686349391937256
14523,0.03934859484434128
14524,0.06351128220558167
14525,0.0748291015625
14526,0.021162904798984528
14527,0.06461391597986221
14528,0.07106570899486542
14529,0.05187087506055832
14530,0.02654378116130829
14531,0.11587051302194595
14532,0.07233734428882599
14533,0.07358910888433456
14534,0.04038386419415474
14535,0.04902750626206398
14536,0.05967341735959053
14537,0.0736532136797905
14538,0.047400642186403275
14539,0.08680757135152817
14540,0.08001994341611862
14541,0.0727740153670311
14542,0.10059370845556259
14543,0.01867191679775715
14544,0.09143240004777908
14545,0.09701947122812271
14546,0.08507756143808365
14547,0.029647881165146828
14548,0.073519267141819
14549,0.02245323546230793
14550,0.08567596226930618
14551,0.08588341623544693
14552,0.03037864901125431
14553,0.06967323273420334
14554,0.05679745972156525
14555,0.08627763390541077
14556,0.04492906108498573
14557,0.07302477210760117
14558,0.01791011169552803
14559,0.03846115618944168
14560,0.05113182216882706
14561,0.07206424325704575
14562,0.03175206854939461
14563,0.06955230236053467
14564,0.07989052683115005
14565,0.07537880539894104
14566,0.049423299729824066
14567,0.06868743151426315
14568,0.04256799817085266
14569,0.07425238192081451
14570,0.064900703728199
14571,0.059137292206287384
14572,0.08027476817369461
14573,0.06992005556821823
14574,0.0673503652215004
14575,0.07221618294715881
14576,0.08347917348146439
14577,0.04763051122426987
14578,0.12941601872444153
14579,0.05014633759856224
14580,0.02655225247144699
14581,0.0786624327301979
14582,0.02932017669081688
14583,0.06848965585231781
14584,0.07158946990966797
14585,0.049665406346321106
14586,0.0775265023112297
14587,0.07123955339193344
14588,0.06906047463417053
14589,0.08748576790094376
14590,0.06833517551422119
14591,0.06679221242666245
14592,0.029140757396817207
14593,0.09167984127998352
14594,0.017028486356139183
14595,0.04517415165901184
14596,0.0947183147072792
14597,0.08171845227479935
14598,0.08745214343070984
14599,0.061606720089912415
14600,0.04123305156826973
14601,0.034511446952819824
14602,0.03510722145438194
14603,0.07098177820444107
14604,0.062238600105047226
14605,0.06489051133394241
14606,0.04625717177987099
14607,0.10822033137083054
14608,0.09293994307518005
14609,0.0664847269654274
14610,0.0899461880326271
14611,0.054274655878543854
14612,0.07855410128831863
14613,0.06610124558210373
14614,0.0648082047700882
14615,0.08235330134630203
14616,0.08053705841302872
14617,0.0761464461684227
14618,0.06572351604700089
14619,0.03107452765107155
14620,0.06698885560035706
14621,0.05401553586125374
14622,0.03721478581428528
14623,0.047368817031383514
14624,0.06345328688621521
14625,0.07663314789533615
14626,0.05721954628825188
14627,0.025379830971360207
14628,0.010220342315733433
14629,0.09425047785043716
14630,0.06161440163850784
14631,0.07928541302680969
14632,0.014923089183866978
14633,0.027224792167544365
14634,0.08304136246442795
14635,0.0702107846736908
14636,0.04741868004202843
14637,0.08856088668107986
14638,0.04160584881901741
14639,0.07235026359558105
14640,0.033239174634218216
14641,0.0449124239385128
14642,0.0853244960308075
14643,0.07509512454271317
14644,0.045124758034944534
14645,0.05379759147763252
14646,0.04986989498138428
14647,0.06646024435758591
14648,0.07342167943716049
14649,0.05627359822392464
14650,0.06444403529167175
14651,0.02287975139915943
14652,0.07768019288778305
14653,0.050190165638923645
14654,0.07075566053390503
14655,0.08681496232748032
14656,0.07020445913076401
14657,0.04108240455389023
14658,0.06839988380670547
14659,0.07729236036539078
14660,0.07042478024959564
14661,0.03075065277516842
14662,0.049929793924093246
14663,0.08922138810157776
14664,0.03448700159788132
14665,0.05705936625599861
14666,0.05475272610783577
14667,0.1259613335132599
14668,0.03279254585504532
14669,0.07688704878091812
14670,0.038900453597307205
14671,0.07233807444572449
14672,0.07157885283231735
14673,0.06546372920274734
14674,0.0600888729095459
14675,0.057742584496736526
14676,0.08585401624441147
14677,0.02712719701230526
14678,0.02491617389023304
14679,0.048963356763124466
14680,0.07126495242118835
14681,0.05998367816209793
14682,0.0944443866610527
14683,0.07916244119405746
14684,0.04361865669488907
14685,0.05165192484855652
14686,0.07316209375858307
14687,0.07288258522748947
14688,0.09820196032524109
14689,0.06634635478258133
14690,0.0798385813832283
14691,0.06764256954193115
14692,0.04120351001620293
14693,0.026270588859915733
14694,0.08029422909021378
14695,0.09426692128181458
14696,0.05976945161819458
14697,0.08898396044969559
14698,0.0841701552271843
14699,0.03824768587946892
14700,0.06477054953575134
14701,0.08158930391073227
14702,0.04726302623748779
14703,0.07728613913059235
14704,0.04772457107901573
14705,0.04902937263250351
14706,0.08590131253004074
14707,0.06744281202554703
14708,0.06266757845878601
14709,0.04802394285798073
14710,0.06846217811107635
14711,0.06771323829889297
14712,0.1019832044839859
14713,0.08072079718112946
14714,0.07146122306585312
14715,0.04815278202295303
14716,0.07621149718761444
14717,0.058969318866729736
14718,0.057846903800964355
14719,0.08925610035657883
14720,0.06590510904788971
14721,0.05995188280940056
14722,0.05240872874855995
14723,0.0745270773768425
14724,0.060014817863702774
14725,0.023737695068120956
14726,0.053384650498628616
14727,0.07389794290065765
14728,0.05237600579857826
14729,0.0165675301104784
14730,0.039675310254096985
14731,0.09285787492990494
14732,0.035602670162916183
14733,0.06167497858405113
14734,0.07087993621826172
14735,0.058756761252880096
14736,0.04959980025887489
14737,0.07184537500143051
14738,0.06586407124996185
14739,0.07436536252498627
14740,0.0776127502322197
14741,0.08572939783334732
14742,0.05787777900695801
14743,0.06866516917943954
14744,0.07836145162582397
14745,0.06198100373148918
14746,0.08172314614057541
14747,0.08258817344903946
14748,0.08090511709451675
14749,0.05612315237522125
14750,0.060428280383348465
14751,0.0685211792588234
14752,0.01651662215590477
14753,0.07345102727413177
14754,0.07548541575670242
14755,0.06483853608369827
14756,0.06563635915517807
14757,0.08173169195652008
14758,0.06360595673322678
14759,0.03754304721951485
14760,0.028264101594686508
14761,0.07120536267757416
14762,0.0819220095872879
14763,0.075660340487957
14764,0.06940912455320358
14765,0.09907907247543335
14766,0.07038818299770355
14767,0.044995859265327454
14768,0.08302997052669525
14769,0.07048630714416504
14770,0.01976608857512474
14771,0.041008248925209045
14772,0.06762731075286865
14773,0.07165585458278656
14774,0.00762488879263401
14775,0.04651137813925743
14776,0.05232357978820801
14777,0.0727439895272255
14778,0.0546828918159008
14779,0.02637774683535099
14780,0.0432468056678772
14781,0.08205453306436539
14782,0.07216367870569229
14783,0.06969060748815536
14784,0.05358297377824783
14785,0.07484942674636841
14786,0.1068166047334671
14787,0.04455680400133133
14788,0.043715544044971466
14789,0.05251779034733772
14790,0.04235260561108589
14791,0.07403043657541275
14792,0.08638421446084976
14793,0.053180355578660965
14794,0.09083566814661026
14795,0.06303615123033524
14796,0.05376480892300606
14797,0.08328884094953537
14798,0.052793968468904495
14799,0.05955972149968147
14800,0.07119866460561752
14801,0.06839922815561295
14802,0.01936154067516327
14803,0.08785248547792435
14804,0.07766209542751312
14805,0.06052631884813309
14806,0.06695777922868729
14807,0.02539653331041336
14808,0.054279256612062454
14809,0.05294599011540413
14810,0.06359453499317169
14811,0.053939588367938995
14812,0.0213850736618042
14813,0.02033187635242939
14814,0.06214271858334541
14815,0.06392398476600647
14816,0.02008027583360672
14817,0.060960810631513596
14818,0.07022148370742798
14819,0.04491455852985382
14820,0.08882898837327957
14821,0.059840548783540726
14822,0.04603293165564537
14823,0.05201854184269905
14824,0.04629238322377205
14825,0.04764999449253082
14826,0.07250823825597763
14827,0.05780991539359093
14828,0.04927653446793556
14829,0.028436465188860893
14830,0.07636867463588715
14831,0.020765937864780426
14832,0.06819654256105423
14833,0.03593727573752403
14834,0.06543798744678497
14835,0.03533555939793587
14836,0.04907412827014923
14837,0.05250006169080734
14838,0.08780965954065323
14839,0.08434278517961502
14840,0.08196841180324554
14841,0.10877461731433868
14842,0.04158319532871246
14843,0.07775504142045975
14844,0.05715540423989296
14845,0.0551459863781929
14846,0.048617489635944366
14847,0.07551145553588867
14848,0.09264412522315979
14849,0.06793154031038284
14850,0.06980429589748383
14851,0.06089012697339058
14852,0.0341617651283741
14853,0.045970890671014786
14854,0.06708968430757523
14855,0.039718952029943466
14856,0.0548495389521122
14857,0.07602887600660324
14858,0.03727445378899574
14859,0.016915099695324898
14860,0.0793490782380104
14861,0.07280565798282623
14862,0.06787580251693726
14863,0.06132769584655762
14864,0.058562297374010086
14865,0.05708785727620125
14866,0.06799179315567017
14867,0.05730324238538742
14868,0.026498794555664062
14869,0.038884133100509644
14870,0.06685113906860352
14871,0.05162370949983597
14872,0.0802178755402565
14873,0.052419934421777725
14874,0.048505015671253204
14875,0.04360077902674675
14876,0.05489683896303177
14877,0.08940980583429337
14878,0.08798757195472717
14879,0.0752004086971283
14880,0.06702722609043121
14881,0.03338678553700447
14882,0.016558170318603516
14883,0.04674084484577179
14884,0.038969483226537704
14885,0.035396117717027664
14886,0.036064375191926956
14887,0.06595879793167114
14888,0.053866684436798096
14889,0.07837039977312088
14890,0.04702546074986458
14891,0.0827469453215599
14892,0.06542402505874634
14893,0.04544040560722351
14894,0.04179283231496811
14895,0.05234323814511299
14896,0.04870257154107094
14897,0.087537981569767
14898,0.06826481968164444
14899,0.03631743788719177
14900,0.07734564691781998
14901,0.07971423864364624
14902,0.08055394887924194
14903,0.07290951162576675
14904,0.0817868784070015
14905,0.07106772065162659
14906,0.07255290448665619
14907,0.04747314006090164
14908,0.07024793326854706
14909,0.030733026564121246
14910,0.051217686384916306
14911,0.05682818219065666
14912,0.07864612340927124
14913,0.07464232295751572
14914,0.08031263947486877
14915,0.056427113711833954
14916,0.05860476568341255
14917,0.06503504514694214
14918,0.060028329491615295
14919,0.05506565794348717
14920,0.05214251950383186
14921,0.030286205932497978
14922,0.0744120255112648
14923,0.04273686930537224
14924,0.07056174427270889
14925,0.086326465010643
14926,0.05048863962292671
14927,0.099142886698246
14928,0.07020067423582077
14929,0.06148306652903557
14930,0.06948570907115936
14931,0.041100453585386276
14932,0.05765393748879433
14933,0.07969912141561508
14934,0.07524184137582779
14935,0.03095264919102192
14936,0.0602702759206295
14937,0.06454547494649887
14938,0.06849721819162369
14939,0.05650532245635986
14940,0.05798831209540367
14941,0.06185195967555046
14942,0.09609490633010864
14943,0.04303859919309616
14944,0.0698147788643837
14945,0.03672481328248978
14946,0.05426177754998207
14947,0.03834981471300125
14948,0.0693133994936943
14949,0.06427395343780518
14950,0.076499342918396
14951,0.07080790400505066
14952,0.040311895310878754
14953,0.07293649017810822
14954,0.06350570172071457
14955,0.051516883075237274
14956,0.058249201625585556
14957,0.07107851654291153
14958,0.04891515150666237
14959,0.03782602772116661
14960,0.04932102560997009
14961,0.07116983085870743
14962,0.07133010774850845
14963,0.08897291123867035
14964,0.04999025911092758
14965,0.05792926996946335
14966,0.08183207362890244
14967,0.09662479907274246
14968,0.07117104530334473
14969,0.09678159654140472
14970,0.07527018338441849
14971,0.08887151628732681
14972,0.07791809737682343
14973,0.04124974459409714
14974,0.07289975881576538
14975,0.0516679473221302
14976,0.09199243038892746
14977,0.0767834261059761
14978,0.09337810426950455
14979,0.03961898759007454
14980,0.061712075024843216
14981,0.07818147540092468
14982,0.0681167021393776
14983,0.07192305475473404
14984,0.06038959324359894
14985,0.06075654551386833
14986,0.03742377832531929
14987,0.043123744428157806
14988,0.08448369801044464
14989,0.059502024203538895
14990,0.050298262387514114
14991,0.07058880478143692
14992,0.04207586869597435
14993,0.049845822155475616
14994,0.08286651223897934
14995,0.05144033208489418
14996,0.07999072223901749
14997,0.06187789514660835
14998,0.0907689556479454
14999,0.03862686827778816
15000,0.045312631875276566
15001,0.040592260658741
15002,0.057271599769592285
15003,0.06414131075143814
15004,0.06135624647140503
15005,0.08472221344709396
15006,0.016159530729055405
15007,0.06934694945812225
15008,0.0385432131588459
15009,0.07810399681329727
15010,0.1007101908326149
15011,0.07244310528039932
15012,0.07781615108251572
15013,0.015714013949036598
15014,0.04634406045079231
15015,0.05587123706936836
15016,0.05819708853960037
15017,0.08444623649120331
15018,0.05860302969813347
15019,0.04239802062511444
15020,0.04678155854344368
15021,0.06484293937683105
15022,0.0665079653263092
15023,0.10584696382284164
15024,0.09673154354095459
15025,0.06482516974210739
15026,0.05354934558272362
15027,0.060830798000097275
15028,0.03762112185359001
15029,0.0742182731628418
15030,0.059649109840393066
15031,0.0560639426112175
15032,0.07343905419111252
15033,0.07549463957548141
15034,0.03675740212202072
15035,0.03927181288599968
15036,0.05627723038196564
15037,0.04067855700850487
15038,0.08459434658288956
15039,0.03737026825547218
15040,0.07139517366886139
15041,0.035858266055583954
15042,0.06307467073202133
15043,0.06376355141401291
15044,0.07440679520368576
15045,0.06332055479288101
15046,0.0210040844976902
15047,0.03927566111087799
15048,0.10064027458429337
15049,0.054353103041648865
15050,0.01524156704545021
15051,0.05186838656663895
15052,0.05318261682987213
15053,0.06399012356996536
15054,0.0881563350558281
15055,0.08915586024522781
15056,0.07346886396408081
15057,0.06210838630795479
15058,0.0316619947552681
15059,0.08421948552131653
15060,0.08728175610303879
15061,0.07308965921401978
15062,0.09846164286136627
15063,0.045105744153261185
15064,0.06831391900777817
15065,0.030161703005433083
15066,0.07246188819408417
15067,0.0795949250459671
15068,0.05174081400036812
15069,0.0488709881901741
15070,0.08335547894239426
15071,0.11338862031698227
15072,0.07872854173183441
15073,0.025036176666617393
15074,0.07435479760169983
15075,0.07828269153833389
15076,0.08005873113870621
15077,0.07314636558294296
15078,0.07618880271911621
15079,0.07478530704975128
15080,0.07184614986181259
15081,0.06438934057950974
15082,0.045704301446676254
15083,0.03346782177686691
15084,0.03463445231318474
15085,0.026540344581007957
15086,0.05463721230626106
15087,0.04681161418557167
15088,0.0352422371506691
15089,0.05609546974301338
15090,0.05160481110215187
15091,0.09660764038562775
15092,0.037781376391649246
15093,0.04445384815335274
15094,0.043801408261060715
15095,0.0485541932284832
15096,0.07851998507976532
15097,0.07504786550998688
15098,0.05971499904990196
15099,0.044113464653491974
15100,0.05965067446231842
15101,0.08677638322114944
15102,0.041834745556116104
15103,0.07613886147737503
15104,0.07880658656358719
15105,0.068355992436409
15106,0.04058688133955002
15107,0.08758118748664856
15108,0.06670548021793365
15109,0.04930180683732033
15110,0.03401998057961464
15111,0.041742514818906784
15112,0.0656338483095169
15113,0.07616972178220749
15114,0.06125165894627571
15115,0.05803661793470383
15116,0.047607872635126114
15117,0.042819492518901825
15118,0.050345491617918015
15119,0.05722619593143463
15120,0.06473667919635773
15121,0.07425406575202942
15122,0.02401244267821312
15123,0.09665308147668839
15124,0.060955338180065155
15125,0.0881534144282341
15126,0.0779511108994484
15127,0.10698721557855606
15128,0.03841656446456909
15129,0.04608163610100746
15130,0.05486952140927315
15131,0.07336391508579254
15132,0.039940666407346725
15133,0.027683673426508904
15134,0.049206141382455826
15135,0.04287639260292053
15136,0.05639735236763954
15137,0.04777206853032112
15138,0.07996572554111481
15139,0.047981251031160355
15140,0.09899387508630753
15141,0.07364439964294434
15142,0.023050706833600998
15143,0.09426319599151611
15144,0.03850260004401207
15145,0.051284708082675934
15146,0.06824735552072525
15147,0.07421500980854034
15148,0.03511558473110199
15149,0.07179021835327148
15150,0.08664415031671524
15151,0.07930759340524673
15152,0.0626194104552269
15153,0.08084430545568466
15154,0.07659440487623215
15155,0.07408452033996582
15156,0.06889507174491882
15157,0.09057129919528961
15158,0.04370308667421341
15159,0.07148459553718567
15160,0.0727045014500618
15161,0.07420767098665237
15162,0.03351064398884773
15163,0.046839307993650436
15164,0.0808786079287529
15165,0.08826795220375061
15166,0.07473088800907135
15167,0.07380865514278412
15168,0.07870253175497055
15169,0.020789600908756256
15170,0.08999782055616379
15171,0.08662284910678864
15172,0.0770801231265068
15173,0.07348144799470901
15174,0.06445300579071045
15175,0.03784797340631485
15176,0.03054206632077694
15177,0.09380457550287247
15178,0.06769142299890518
15179,0.07839076966047287
15180,0.06483376771211624
15181,0.06628505140542984
15182,0.06514950096607208
15183,0.056466296315193176
15184,0.08312209695577621
15185,0.0736963152885437
15186,0.08065834641456604
15187,0.05892510712146759
15188,0.07885583490133286
15189,0.06977581977844238
15190,0.045190710574388504
15191,0.04373045265674591
15192,0.08196872472763062
15193,0.014661237597465515
15194,0.08599939942359924
15195,0.07283169031143188
15196,0.07601626962423325
15197,0.016462311148643494
15198,0.07319741696119308
15199,0.0696646124124527
15200,0.05042140558362007
15201,0.06838063150644302
15202,0.06011790782213211
15203,0.05261045694351196
15204,0.06872425228357315
15205,0.04225437715649605
15206,0.10642537474632263
15207,0.04347093775868416
15208,0.08131398260593414
15209,0.06268908083438873
15210,0.032402146607637405
15211,0.06891079246997833
15212,0.0321049802005291
15213,0.08182594925165176
15214,0.050378695130348206
15215,0.03666069731116295
15216,0.05158839002251625
15217,0.060979776084423065
15218,0.05184125900268555
15219,0.06178493797779083
15220,0.09580743312835693
15221,0.05119827762246132
15222,0.07225687056779861
15223,0.05178503319621086
15224,0.07163342833518982
15225,0.07923148572444916
15226,0.039286430925130844
15227,0.044875990599393845
15228,0.061243150383234024
15229,0.07610445469617844
15230,0.05390550568699837
15231,0.05781998112797737
15232,0.025289814919233322
15233,0.0948491096496582
15234,0.04788990691304207
15235,0.06711731106042862
15236,0.07552722841501236
15237,0.031362079083919525
15238,0.07468686252832413
15239,0.04259440302848816
15240,0.04693855717778206
15241,0.07456482946872711
15242,0.035280968993902206
15243,0.05911838263273239
15244,0.08049271255731583
15245,0.0780923143029213
15246,0.015395984053611755
15247,0.05005427822470665
15248,0.05859255790710449
15249,0.05055913329124451
15250,0.0783250629901886
15251,0.0717196837067604
15252,0.07978518307209015
15253,0.05443304404616356
15254,0.05732321739196777
15255,0.061866309493780136
15256,0.058853983879089355
15257,0.08391376584768295
15258,0.07670872658491135
15259,0.02727612853050232
15260,0.07279476523399353
15261,0.05865395814180374
15262,0.0782817155122757
15263,0.07478158175945282
15264,0.022306198254227638
15265,0.06168435141444206
15266,0.08989015221595764
15267,0.07775454223155975
15268,0.06382587552070618
15269,0.05621548369526863
15270,0.01283164694905281
15271,0.10293707996606827
15272,0.07148166745901108
15273,0.0722656100988388
15274,0.0762551873922348
15275,0.07620367407798767
15276,0.062348008155822754
15277,0.05571359395980835
15278,0.0428554005920887
15279,0.059021513909101486
15280,0.046784013509750366
15281,0.03133263438940048
15282,0.08124834299087524
15283,0.06632844358682632
15284,0.07255473732948303
15285,0.07800809293985367
15286,0.02997165359556675
15287,0.01895020343363285
15288,0.07827583700418472
15289,0.07601799070835114
15290,0.09277163445949554
15291,0.03477766364812851
15292,0.08194258064031601
15293,0.05838252604007721
15294,0.038339998573064804
15295,0.022229639813303947
15296,0.08437453210353851
15297,0.07585456222295761
15298,0.06313618272542953
15299,0.06347288936376572
15300,0.09159049391746521
15301,0.06588421761989594
15302,0.05997665598988533
15303,0.0974436104297638
15304,0.08186740428209305
15305,0.01858941651880741
15306,0.036610979586839676
15307,0.052921880036592484
15308,0.06895635277032852
15309,0.08221222460269928
15310,0.034303050488233566
15311,0.04366018995642662
15312,0.04940413311123848
15313,0.10544725507497787
15314,0.0594106987118721
15315,0.04807146266102791
15316,0.05873918533325195
15317,0.016984494403004646
15318,0.019275059923529625
15319,0.06278494745492935
15320,0.05856145918369293
15321,0.052833523601293564
15322,0.0833766981959343
15323,0.02103969268500805
15324,0.07751202583312988
15325,0.0765385702252388
15326,0.07675749808549881
15327,0.04967843368649483
15328,0.02809097431600094
15329,0.058242637664079666
15330,0.03326920047402382
15331,0.08802107721567154
15332,0.05787496641278267
15333,0.07767883688211441
15334,0.08103524148464203
15335,0.052780501544475555
15336,0.08352385461330414
15337,0.04942743852734566
15338,0.032461803406476974
15339,0.07309962809085846
15340,0.06480570882558823
15341,0.06336548924446106
15342,0.05995440483093262
15343,0.0738280862569809
15344,0.06725790351629257
15345,0.08474157005548477
15346,0.02666274458169937
15347,0.06966042518615723
15348,0.07264291495084763
15349,0.044258564710617065
15350,0.10934174060821533
15351,0.03892851993441582
15352,0.04267026484012604
15353,0.07821070402860641
15354,0.07522659748792648
15355,0.038166482001543045
15356,0.04713548719882965
15357,0.0773787871003151
15358,0.04170642048120499
15359,0.06390132009983063
15360,0.012746942229568958
15361,0.030976632609963417
15362,0.028165549039840698
15363,0.11221808940172195
15364,0.0806111991405487
15365,0.058397967368364334
15366,0.023451924324035645
15367,0.06751207262277603
15368,0.06733240932226181
15369,0.06795993447303772
15370,0.053188860416412354
15371,0.059001579880714417
15372,0.10402777045965195
15373,0.07829742133617401
15374,0.06323090940713882
15375,0.07177451997995377
15376,0.041528549045324326
15377,0.06704512238502502
15378,0.02616344578564167
15379,0.06697196513414383
15380,0.01871279440820217
15381,0.01881587691605091
15382,0.06777199357748032
15383,0.08300399780273438
15384,0.08017951250076294
15385,0.0879727154970169
15386,0.04750903323292732
15387,0.07942873239517212
15388,0.03748695179820061
15389,0.05847620218992233
15390,0.07155235856771469
15391,0.07524506002664566
15392,0.06644222885370255
15393,0.051127780228853226
15394,0.07909326255321503
15395,0.09180724620819092
15396,0.07409711927175522
15397,0.08574342727661133
15398,0.015588202513754368
15399,0.06910285353660583
15400,0.051873188465833664
15401,0.07516128569841385
15402,0.04063354805111885
15403,0.0672793760895729
15404,0.07516176998615265
15405,0.0793457105755806
15406,0.0875091552734375
15407,0.04057015851140022
15408,0.08158722519874573
15409,0.07275523990392685
15410,0.006001136731356382
15411,0.07565639913082123
15412,0.0702989473938942
15413,0.05271385237574577
15414,0.04715690761804581
15415,0.0881245881319046
15416,0.08564376085996628
15417,0.13094080984592438
15418,0.0715131014585495
15419,0.06093480810523033
15420,0.08056653290987015
15421,0.035595621913671494
15422,0.08101106435060501
15423,0.09008792787790298
15424,0.08313827961683273
15425,0.04580310732126236
15426,0.05977264419198036
15427,0.06075022742152214
15428,0.06824132055044174
15429,0.07807037979364395
15430,0.04836048185825348
15431,0.07287563383579254
15432,0.04275668412446976
15433,0.06907127052545547
15434,0.09258017688989639
15435,0.06329064816236496
15436,0.05431966483592987
15437,0.026314744725823402
15438,0.0851660668849945
15439,0.08738797903060913
15440,0.08860058337450027
15441,0.046750761568546295
15442,0.036912862211465836
15443,0.059191398322582245
15444,0.0906262919306755
15445,0.06423578411340714
15446,0.07209323346614838
15447,0.0333363302052021
15448,0.06240234896540642
15449,0.08674352616071701
15450,0.05567365139722824
15451,0.050237856805324554
15452,0.06964389979839325
15453,0.01523130014538765
15454,0.020004134625196457
15455,0.0649191290140152
15456,0.04677032306790352
15457,0.04645933210849762
15458,0.045843351632356644
15459,0.03418468311429024
15460,0.07940397411584854
15461,0.05539507791399956
15462,0.045526642352342606
15463,0.06330564618110657
15464,0.07687101513147354
15465,0.03571244701743126
15466,0.07084054499864578
15467,0.07710842788219452
15468,0.0815628319978714
15469,0.06574910134077072
15470,0.056218162178993225
15471,0.0728173777461052
15472,0.042266715317964554
15473,0.06062004342675209
15474,0.05345573648810387
15475,0.022298237308859825
15476,0.03757040947675705
15477,0.07057835906744003
15478,0.08227616548538208
15479,0.07948503643274307
15480,0.041238222271203995
15481,0.051421813666820526
15482,0.05682993680238724
15483,0.08442095667123795
15484,0.11453332006931305
15485,0.04106881842017174
15486,0.056035712361335754
15487,0.045657284557819366
15488,0.06469035893678665
15489,0.051847200840711594
15490,0.08313844352960587
15491,0.04837900027632713
15492,0.053505901247262955
15493,0.08092591911554337
15494,0.042959123849868774
15495,0.10260306298732758
15496,0.06570925563573837
15497,0.04998885840177536
15498,0.04604463279247284
15499,0.03716115280985832
15500,0.059138644486665726
15501,0.04903179779648781
15502,0.061398010700941086
15503,0.08337332308292389
15504,0.0646389052271843
15505,0.05827166140079498
15506,0.03992811590433121
15507,0.0874662771821022
15508,0.0772678330540657
15509,0.07776081562042236
15510,0.05812317878007889
15511,0.07372412830591202
15512,0.08008603006601334
15513,0.06353406608104706
15514,0.06780151277780533
15515,0.06551259756088257
15516,0.07724178582429886
15517,0.055361080914735794
15518,0.08580882847309113
15519,0.03213169798254967
15520,0.0720469281077385
15521,0.036562640219926834
15522,0.04614201560616493
15523,0.05304161459207535
15524,0.06089344993233681
15525,0.008041790686547756
15526,0.044083885848522186
15527,0.08947978168725967
15528,0.0762203112244606
15529,0.06847947090864182
15530,0.07609198242425919
15531,0.05823595076799393
15532,0.05686648562550545
15533,0.03653018921613693
15534,0.08121201395988464
15535,0.07233963161706924
15536,0.07803785800933838
15537,0.052787765860557556
15538,0.09941377490758896
15539,0.07042074203491211
15540,0.03706108033657074
15541,0.051330938935279846
15542,0.013014683499932289
15543,0.11955834925174713
15544,0.07318338006734848
15545,0.0264276135712862
15546,0.0466126874089241
15547,0.09097466617822647
15548,0.057602837681770325
15549,0.09815483540296555
15550,0.0958368107676506
15551,0.06671974807977676
15552,0.08345729112625122
15553,0.051369085907936096
15554,0.07281579822301865
15555,0.04797220230102539
15556,0.08223043382167816
15557,0.04176091030240059
15558,0.040902938693761826
15559,0.07505641132593155
15560,0.05689546838402748
15561,0.056578636169433594
15562,0.062322311103343964
15563,0.030794348567724228
15564,0.04568876326084137
15565,0.027384113520383835
15566,0.058351993560791016
15567,0.04025357961654663
15568,0.06276321411132812
15569,0.08109322935342789
15570,0.07280442118644714
15571,0.06792477518320084
15572,0.07027499377727509
15573,0.07559410482645035
15574,0.06860271841287613
15575,0.06857548654079437
15576,0.06806854158639908
15577,0.06922560185194016
15578,0.06609129160642624
15579,0.04343758150935173
15580,0.08460071682929993
15581,0.07852053642272949
15582,0.08523236960172653
15583,0.04880581423640251
15584,0.055543117225170135
15585,0.035198815166950226
15586,0.07303771376609802
15587,0.07111817598342896
15588,0.08920391649007797
15589,0.06415073573589325
15590,0.07162538170814514
15591,0.06853681802749634
15592,0.019309954717755318
15593,0.08056709915399551
15594,0.09064928442239761
15595,0.036465950310230255
15596,0.07602808624505997
15597,0.06315131485462189
15598,0.08139238506555557
15599,0.02048865146934986
15600,0.04883784055709839
15601,0.049704331904649734
15602,0.03773700073361397
15603,0.07048721611499786
15604,0.06899556517601013
15605,0.05056765303015709
15606,0.02667318657040596
15607,0.061230648308992386
15608,0.09258460253477097
15609,0.03593138977885246
15610,0.06444035470485687
15611,0.053656477481126785
15612,0.04176097363233566
15613,0.054070718586444855
15614,0.06193045899271965
15615,0.0775957927107811
15616,0.07137096673250198
15617,0.03940276801586151
15618,0.06794461607933044
15619,0.05840357020497322
15620,0.1030058041214943
15621,0.07337015122175217
15622,0.05969684571027756
15623,0.042342498898506165
15624,0.05144127830862999
15625,0.08129098266363144
15626,0.07464808225631714
15627,0.07248447835445404
15628,0.05310572311282158
15629,0.07519137114286423
15630,0.08078420907258987
15631,0.01545335166156292
15632,0.011433063074946404
15633,0.07460006326436996
15634,0.08143831789493561
15635,0.03761948272585869
15636,0.0691177099943161
15637,0.0465574748814106
15638,0.028574692085385323
15639,0.013495947234332561
15640,0.08455530554056168
15641,0.06575412303209305
15642,0.0346866250038147
15643,0.04456499591469765
15644,0.08734510093927383
15645,0.07472555339336395
15646,0.06264963001012802
15647,0.024857260286808014
15648,0.08596422523260117
15649,0.07961949706077576
15650,0.06474355608224869
15651,0.09293506294488907
15652,0.08096034079790115
15653,0.07898574322462082
15654,0.11861390620470047
15655,0.050728995352983475
15656,0.070380300283432
15657,0.07748375833034515
15658,0.06026017665863037
15659,0.0799921452999115
15660,0.0525689460337162
15661,0.07822535187005997
15662,0.04611049219965935
15663,0.05249565839767456
15664,0.09706714004278183
15665,0.05006382241845131
15666,0.06284799426794052
15667,0.06919629126787186
15668,0.03326903656125069
15669,0.03941715508699417
15670,0.04760076850652695
15671,0.061832454055547714
15672,0.04469802603125572
15673,0.08040972799062729
15674,0.08032222837209702
15675,0.05884784460067749
15676,0.07839420437812805
15677,0.06449822336435318
15678,0.05472299084067345
15679,0.06348313391208649
15680,0.05344390869140625
15681,0.06464610248804092
15682,0.06665010005235672
15683,0.039674319326877594
15684,0.07870890200138092
15685,0.07771973311901093
15686,0.043881285935640335
15687,0.05632081255316734
15688,0.0688541904091835
15689,0.07129260152578354
15690,0.04331698641180992
15691,0.05557529255747795
15692,0.06582404673099518
15693,0.08471851050853729
15694,0.06366846710443497
15695,0.08551599830389023
15696,0.0720001831650734
15697,0.0698552131652832
15698,0.06083418428897858
15699,0.05999075248837471
15700,0.047754764556884766
15701,0.020254677161574364
15702,0.06377159804105759
15703,0.06680373102426529
15704,0.07855959236621857
15705,0.039171893149614334
15706,0.08795956522226334
15707,0.07527492195367813
15708,0.06957606971263885
15709,0.07201258093118668
15710,0.03258157894015312
15711,0.039604637771844864
15712,0.060496263206005096
15713,0.11853288114070892
15714,0.07718992233276367
15715,0.05565136671066284
15716,0.04294222965836525
15717,0.08134721219539642
15718,0.020136462524533272
15719,0.06014048308134079
15720,0.011026918888092041
15721,0.04668246582150459
15722,0.04033581539988518
15723,0.08214276283979416
15724,0.09121354669332504
15725,0.09183958917856216
15726,0.08953198045492172
15727,0.07821375876665115
15728,0.06386227905750275
15729,0.06338264048099518
15730,0.07434283196926117
15731,0.07140275835990906
15732,0.07397134602069855
15733,0.06074036657810211
15734,0.07752369344234467
15735,0.05246082320809364
15736,0.04433329775929451
15737,0.08223062008619308
15738,0.02461172640323639
15739,0.08184642344713211
15740,0.050144121050834656
15741,0.07319561392068863
15742,0.07578281313180923
15743,0.10080134123563766
15744,0.043327752500772476
15745,0.03992264345288277
15746,0.07182399183511734
15747,0.0791485533118248
15748,0.10582903772592545
15749,0.05710824951529503
15750,0.07259191572666168
15751,0.029797222465276718
15752,0.07269198447465897
15753,0.04687632992863655
15754,0.0377117395401001
15755,0.041755955666303635
15756,0.048210155218839645
15757,0.06871287524700165
15758,0.03401163965463638
15759,0.06737873703241348
15760,0.040309879928827286
15761,0.06851621717214584
15762,0.08385644853115082
15763,0.07694826275110245
15764,0.06506609171628952
15765,0.0326395221054554
15766,0.0685877650976181
15767,0.06104634329676628
15768,0.08385242521762848
15769,0.09244445711374283
15770,0.09355993568897247
15771,0.06633170694112778
15772,0.07420561462640762
15773,0.07258516550064087
15774,0.08090682327747345
15775,0.04451260343194008
15776,0.06191308796405792
15777,0.07065650820732117
15778,0.048816997557878494
15779,0.07054261863231659
15780,0.07606921344995499
15781,0.0693703219294548
15782,0.03892214596271515
15783,0.07513410598039627
15784,0.05242623761296272
15785,0.04873911291360855
15786,0.08989070355892181
15787,0.025533458217978477
15788,0.08352795243263245
15789,0.04146602004766464
15790,0.07319293916225433
15791,0.03887350112199783
15792,0.08748678117990494
15793,0.07358375936746597
15794,0.05979089066386223
15795,0.06865259259939194
15796,0.07077238708734512
15797,0.01688690483570099
15798,0.08093796670436859
15799,0.025426015257835388
15800,0.07568509131669998
15801,0.08485174924135208
15802,0.09435591846704483
15803,0.0808645561337471
15804,0.06923135370016098
15805,0.06932792067527771
15806,0.05724412947893143
15807,0.06358376890420914
15808,0.058602672070264816
15809,0.04984427988529205
15810,0.09567995369434357
15811,0.04551192373037338
15812,0.061411064118146896
15813,0.06209123879671097
15814,0.04254898801445961
15815,0.0682133212685585
15816,0.09353732317686081
15817,0.09559594094753265
15818,0.06067623198032379
15819,0.04006355255842209
15820,0.051336634904146194
15821,0.040887635201215744
15822,0.07725832611322403
15823,0.048705849796533585
15824,0.027277572080492973
15825,0.04150383174419403
15826,0.061041414737701416
15827,0.07858792692422867
15828,0.050816357135772705
15829,0.05029549449682236
15830,0.07816872000694275
15831,0.02988668717443943
15832,0.05732157453894615
15833,0.04132000729441643
15834,0.08797898888587952
15835,0.04375166445970535
15836,0.037923771888017654
15837,0.055975571274757385
15838,0.0665237084031105
15839,0.057491786777973175
15840,0.06882818788290024
15841,0.09700063616037369
15842,0.06833641976118088
15843,0.028081202879548073
15844,0.06322245299816132
15845,0.06448964774608612
15846,0.06246566027402878
15847,0.07912473380565643
15848,0.07714508473873138
15849,0.07365653663873672
15850,0.06779356300830841
15851,0.013426358811557293
15852,0.02194496989250183
15853,0.07240013033151627
15854,0.06346337497234344
15855,0.08698807656764984
15856,0.059343304485082626
15857,0.0711899846792221
15858,0.042206551879644394
15859,0.04507945850491524
15860,0.06253568828105927
15861,0.08503399789333344
15862,0.03685988485813141
15863,0.03412264585494995
15864,0.05335602909326553
15865,0.09061703830957413
15866,0.08135751634836197
15867,0.03807485103607178
15868,0.08653999119997025
15869,0.08369465917348862
15870,0.07561246305704117
15871,0.062027957290410995
15872,0.027639437466859818
15873,0.02058207429945469
15874,0.03275356441736221
15875,0.050571832805871964
15876,0.048227421939373016
15877,0.0442427359521389
15878,0.03258534520864487
15879,0.08562803268432617
15880,0.033047642558813095
15881,0.05496896803379059
15882,0.08845428377389908
15883,0.03511591628193855
15884,0.08221037685871124
15885,0.08921824395656586
15886,0.07381141185760498
15887,0.06291017681360245
15888,0.0656655803322792
15889,0.05812407284975052
15890,0.07755082100629807
15891,0.05172603577375412
15892,0.07603076845407486
15893,0.08447322994470596
15894,0.10710491240024567
15895,0.06012262776494026
15896,0.08068714290857315
15897,0.07173331826925278
15898,0.0641331896185875
15899,0.04517439380288124
15900,0.043812692165374756
15901,0.03866662457585335
15902,0.012529958970844746
15903,0.06669440120458603
15904,0.07634155452251434
15905,0.08069107681512833
15906,0.009096999652683735
15907,0.04880562797188759
15908,0.011984547600150108
15909,0.011155557818710804
15910,0.039806120097637177
15911,0.05766182020306587
15912,0.07646381109952927
15913,0.08584849536418915
15914,0.05678223446011543
15915,0.06510177999734879
15916,0.04386041685938835
15917,0.0244887787848711
15918,0.03920477628707886
15919,0.0713195875287056
15920,0.015058577060699463
15921,0.09452811628580093
15922,0.09541648626327515
15923,0.07583781331777573
15924,0.11087770015001297
15925,0.049128469079732895
15926,0.089118093252182
15927,0.05238781496882439
15928,0.07533825188875198
15929,0.04676862061023712
15930,0.08837176114320755
15931,0.08824876695871353
15932,0.06715533882379532
15933,0.087413489818573
15934,0.0773182138800621
15935,0.06445533782243729
15936,0.09073875099420547
15937,0.06848776340484619
15938,0.06821464747190475
15939,0.02955915592610836
15940,0.05041734501719475
15941,0.0882263258099556
15942,0.07113294303417206
15943,0.05536612495779991
15944,0.0525876060128212
15945,0.06995154917240143
15946,0.03529626876115799
15947,0.05441637709736824
15948,0.09713868051767349
15949,0.08877237886190414
15950,0.10996303707361221
15951,0.08031944185495377
15952,0.05894644930958748
15953,0.07472240924835205
15954,0.08429523557424545
15955,0.05314971134066582
15956,0.05475127324461937
15957,0.11538408696651459
15958,0.09100275486707687
15959,0.07754585891962051
15960,0.0960305854678154
15961,0.019692538306117058
15962,0.06695888191461563
15963,0.05085914954543114
15964,0.04834075644612312
15965,0.07258892059326172
15966,0.051921598613262177
15967,0.08128830045461655
15968,0.0706254094839096
15969,0.0856345146894455
15970,0.06006861478090286
15971,0.06136251240968704
15972,0.08174171298742294
15973,0.043290410190820694
15974,0.05162221938371658
15975,0.0666121393442154
15976,0.0470472127199173
15977,0.04073145240545273
15978,0.048963360488414764
15979,0.0894431322813034
15980,0.0689464658498764
15981,0.03551013767719269
15982,0.048934128135442734
15983,0.07854875177145004
15984,0.05323154106736183
15985,0.12692996859550476
15986,0.08050791174173355
15987,0.04949555918574333
15988,0.05223198980093002
15989,0.07343404740095139
15990,0.03919876366853714
15991,0.04379131272435188
15992,0.0495116263628006
15993,0.07171107828617096
15994,0.06832331418991089
15995,0.0495578795671463
15996,0.04134591668844223
15997,0.06331632286310196
15998,0.07046835124492645
15999,0.07427575439214706
16000,0.038031794130802155
16001,0.08855126798152924
16002,0.03481099754571915
16003,0.04921286180615425
16004,0.05163796246051788
16005,0.07088585942983627
16006,0.060179054737091064
16007,0.07513128966093063
16008,0.010264115408062935
16009,0.062257204204797745
16010,0.06899651885032654
16011,0.035408131778240204
16012,0.0356612503528595
16013,0.09456887096166611
16014,0.054210957139730453
16015,0.08799067884683609
16016,0.044209349900484085
16017,0.02906082756817341
16018,0.0950244888663292
16019,0.05595598742365837
16020,0.05738358572125435
16021,0.05965914949774742
16022,0.07548777759075165
16023,0.07484917342662811
16024,0.07593487203121185
16025,0.05814266949892044
16026,0.07706420868635178
16027,0.056160006672143936
16028,0.08843650668859482
16029,0.06359561532735825
16030,0.06922034174203873
16031,0.07873477786779404
16032,0.06327218562364578
16033,0.0839170590043068
16034,0.08305439352989197
16035,0.06507924944162369
16036,0.07290077954530716
16037,0.08672881126403809
16038,0.07594099640846252
16039,0.08415008336305618
16040,0.0788201168179512
16041,0.02111097238957882
16042,0.04971325397491455
16043,0.03669288009405136
16044,0.04616205021739006
16045,0.050857849419116974
16046,0.07488350570201874
16047,0.07922209799289703
16048,0.07488302886486053
16049,0.10442144423723221
16050,0.06251970678567886
16051,0.04260091856122017
16052,0.0737016573548317
16053,0.059042446315288544
16054,0.06740913540124893
16055,0.07818169891834259
16056,0.06164385750889778
16057,0.08894422650337219
16058,0.08029365539550781
16059,0.0769684836268425
16060,0.07985399663448334
16061,0.07215885818004608
16062,0.0775206908583641
16063,0.0712650790810585
16064,0.03404511511325836
16065,0.06778561323881149
16066,0.059485845267772675
16067,0.04514530673623085
16068,0.078105129301548
16069,0.059455811977386475
16070,0.07862905412912369
16071,0.09046944230794907
16072,0.06716904789209366
16073,0.0723860114812851
16074,0.022499462589621544
16075,0.054584331810474396
16076,0.06656056642532349
16077,0.07553638517856598
16078,0.02864493615925312
16079,0.07361482828855515
16080,0.03344934061169624
16081,0.046366315335035324
16082,0.03159444406628609
16083,0.018793785944581032
16084,0.04700378328561783
16085,0.046500928699970245
16086,0.08956322818994522
16087,0.04594959691166878
16088,0.061868079006671906
16089,0.06854096055030823
16090,0.08070733398199081
16091,0.08157778531312943
16092,0.03971852734684944
16093,0.0537048764526844
16094,0.07204624265432358
16095,0.09902236610651016
16096,0.05914101377129555
16097,0.07299380004405975
16098,0.048430778086185455
16099,0.07920017093420029
16100,0.07542946934700012
16101,0.09214800596237183
16102,0.05915593355894089
16103,0.06477200984954834
16104,0.05855238437652588
16105,0.05812729150056839
16106,0.083199143409729
16107,0.0726163238286972
16108,0.06006304547190666
16109,0.07425019145011902
16110,0.0465313196182251
16111,0.04252976179122925
16112,0.05181519314646721
16113,0.06264842301607132
16114,0.0814625695347786
16115,0.04042506217956543
16116,0.07612962275743484
16117,0.07115162909030914
16118,0.02153739519417286
16119,0.07049272209405899
16120,0.09145341068506241
16121,0.08468196541070938
16122,0.06891457736492157
16123,0.05035737156867981
16124,0.07042695581912994
16125,0.07716887444257736
16126,0.04895956441760063
16127,0.07747923582792282
16128,0.041947610676288605
16129,0.0757577046751976
16130,0.08428090065717697
16131,0.07130128890275955
16132,0.05224420502781868
16133,0.07283905893564224
16134,0.03860129415988922
16135,0.07211542874574661
16136,0.08084598928689957
16137,0.0546993725001812
16138,0.06691763550043106
16139,0.0370614267885685
16140,0.0654616430401802
16141,0.09552892297506332
16142,0.06840148568153381
16143,0.08091014623641968
16144,0.08335713297128677
16145,0.05470189079642296
16146,0.07688480615615845
16147,0.07696811854839325
16148,0.04305311664938927
16149,0.09201553463935852
16150,0.11118653416633606
16151,0.05508185550570488
16152,0.0993780642747879
16153,0.07137361913919449
16154,0.06417234987020493
16155,0.06921341270208359
16156,0.0664653331041336
16157,0.06719933450222015
16158,0.022064799442887306
16159,0.07409010082483292
16160,0.07456713169813156
16161,0.08640031516551971
16162,0.09340503066778183
16163,0.08424852043390274
16164,0.09244481474161148
16165,0.06289004534482956
16166,0.045039527118206024
16167,0.07417493313550949
16168,0.09634732455015182
16169,0.06043684482574463
16170,0.10374774783849716
16171,0.06059922277927399
16172,0.07612911611795425
16173,0.09989254921674728
16174,0.07757192850112915
16175,0.1162109524011612
16176,0.0981534793972969
16177,0.07978618890047073
16178,0.08845648914575577
16179,0.09463170915842056
16180,0.06173780933022499
16181,0.07436994463205338
16182,0.062225211411714554
16183,0.07382550835609436
16184,0.08914163708686829
16185,0.0716342031955719
16186,0.07513382285833359
16187,0.09646102041006088
16188,0.04488687589764595
16189,0.0784405767917633
16190,0.07441457360982895
16191,0.053943149745464325
16192,0.06496456265449524
16193,0.01759328693151474
16194,0.05766336992383003
16195,0.08645214140415192
16196,0.020162202417850494
16197,0.03632295876741409
16198,0.0729525089263916
16199,0.07635555416345596
16200,0.09189746528863907
16201,0.06292400509119034
16202,0.04257030412554741
16203,0.042079608887434006
16204,0.07936445623636246
16205,0.02594555728137493
16206,0.05827877297997475
16207,0.05856769531965256
16208,0.061634428799152374
16209,0.03558114543557167
16210,0.0808357298374176
16211,0.03893664851784706
16212,0.04906313121318817
16213,0.04581860080361366
16214,0.048307549208402634
16215,0.055140648037195206
16216,0.0773005411028862
16217,0.0914636179804802
16218,0.06409892439842224
16219,0.04281972348690033
16220,0.06820569187402725
16221,0.027077503502368927
16222,0.08169412612915039
16223,0.09174530953168869
16224,0.03846579045057297
16225,0.056851115077733994
16226,0.057572297751903534
16227,0.07681714743375778
16228,0.061271410435438156
16229,0.05944656580686569
16230,0.04062292352318764
16231,0.061082709580659866
16232,0.053553104400634766
16233,0.047238875180482864
16234,0.0745203047990799
16235,0.04579823091626167
16236,0.11579642444849014
16237,0.060687799006700516
16238,0.018805895000696182
16239,0.07877305895090103
16240,0.06921796500682831
16241,0.08357313275337219
16242,0.053726714104413986
16243,0.06411336362361908
16244,0.06532053649425507
16245,0.03229808434844017
16246,0.05545483157038689
16247,0.11483621597290039
16248,0.08211909234523773
16249,0.0781889334321022
16250,0.013369981199502945
16251,0.03615695983171463
16252,0.08106318861246109
16253,0.04116087034344673
16254,0.07733739167451859
16255,0.0314737968146801
16256,0.05104479938745499
16257,0.04760730266571045
16258,0.02422293834388256
16259,0.07270704954862595
16260,0.054993920028209686
16261,0.10782080143690109
16262,0.07150623947381973
16263,0.0686119794845581
16264,0.07536876201629639
16265,0.09158875048160553
16266,0.04629770293831825
16267,0.07485327869653702
16268,0.0908288061618805
16269,0.04972964897751808
16270,0.08440355211496353
16271,0.08734796196222305
16272,0.0183271411806345
16273,0.0594874806702137
16274,0.054721105843782425
16275,0.06907083094120026
16276,0.046532511711120605
16277,0.051018450409173965
16278,0.06808970868587494
16279,0.04542526230216026
16280,0.05436398461461067
16281,0.051691215485334396
16282,0.0723477378487587
16283,0.09060823172330856
16284,0.07851562649011612
16285,0.07077119499444962
16286,0.03600149229168892
16287,0.07834349572658539
16288,0.07982953637838364
16289,0.057257235050201416
16290,0.07801153510808945
16291,0.016585171222686768
16292,0.06886228173971176
16293,0.04199453815817833
16294,0.034467555582523346
16295,0.08407612890005112
16296,0.06933775544166565
16297,0.07391944527626038
16298,0.06637157499790192
16299,0.07541891932487488
16300,0.041831422597169876
16301,0.028418399393558502
16302,0.08800383657217026
16303,0.11204773932695389
16304,0.07775749266147614
16305,0.039603278040885925
16306,0.0753105878829956
16307,0.06271528452634811
16308,0.07585630565881729
16309,0.057645395398139954
16310,0.09387048333883286
16311,0.07365621626377106
16312,0.08976719528436661
16313,0.03547801077365875
16314,0.06640389561653137
16315,0.034973736852407455
16316,0.03357803821563721
16317,0.06846492737531662
16318,0.0698552280664444
16319,0.07689100503921509
16320,0.08959430456161499
16321,0.05780684947967529
16322,0.06304047256708145
16323,0.08981148898601532
16324,0.07716189324855804
16325,0.07035952061414719
16326,0.05200839415192604
16327,0.08087483793497086
16328,0.06667030602693558
16329,0.02152468077838421
16330,0.07765863090753555
16331,0.07966027408838272
16332,0.027520621195435524
16333,0.07849260419607162
16334,0.0719517394900322
16335,0.044509124010801315
16336,0.07406072318553925
16337,0.0661492720246315
16338,0.08392330259084702
16339,0.08063831180334091
16340,0.08927533775568008
16341,0.03873162344098091
16342,0.05062206834554672
16343,0.03218216449022293
16344,0.04780377820134163
16345,0.03517497703433037
16346,0.08448610454797745
16347,0.07799000293016434
16348,0.05342227593064308
16349,0.08370435982942581
16350,0.04025614261627197
16351,0.05142948031425476
16352,0.06532124429941177
16353,0.08835060894489288
16354,0.047417912632226944
16355,0.06174742430448532
16356,0.07788301259279251
16357,0.07321170717477798
16358,0.0426693819463253
16359,0.06267322599887848
16360,0.09127011895179749
16361,0.0742940902709961
16362,0.04426805302500725
16363,0.07669978588819504
16364,0.062449708580970764
16365,0.09884307533502579
16366,0.07392879575490952
16367,0.065617635846138
16368,0.07419612258672714
16369,0.02391202002763748
16370,0.05259694159030914
16371,0.0672864243388176
16372,0.07667078077793121
16373,0.0934177041053772
16374,0.08213406056165695
16375,0.07453244179487228
16376,0.0687810480594635
16377,0.020711202174425125
16378,0.04699987918138504
16379,0.031546179205179214
16380,0.08163890242576599
16381,0.035217590630054474
16382,0.08120360970497131
16383,0.07564934343099594
16384,0.05606973171234131
16385,0.05365661904215813
16386,0.05169763043522835
16387,0.07777977734804153
16388,0.03379276767373085
16389,0.08087437599897385
16390,0.04940680041909218
16391,0.06683492660522461
16392,0.06775537133216858
16393,0.07410601526498795
16394,0.04961365461349487
16395,0.08048949390649796
16396,0.06770611554384232
16397,0.08347751200199127
16398,0.01763232611119747
16399,0.08755145221948624
16400,0.041198134422302246
16401,0.036386121064424515
16402,0.07745204865932465
16403,0.06274660676717758
16404,0.05385430529713631
16405,0.08166864514350891
16406,0.06783708930015564
16407,0.0376252643764019
16408,0.05284799262881279
16409,0.08909862488508224
16410,0.046969711780548096
16411,0.08393169939517975
16412,0.0236977469176054
16413,0.07674406468868256
16414,0.014237635768949986
16415,0.09183838963508606
16416,0.02790486253798008
16417,0.05898626148700714
16418,0.056868210434913635
16419,0.07337242364883423
16420,0.07543795555830002
16421,0.046564336866140366
16422,0.07579950243234634
16423,0.04525872692465782
16424,0.08088848739862442
16425,0.0683695450425148
16426,0.036524321883916855
16427,0.08301575481891632
16428,0.07653208076953888
16429,0.048256609588861465
16430,0.09597405046224594
16431,0.06692681461572647
16432,0.09552930295467377
16433,0.08082583546638489
16434,0.04476240277290344
16435,0.050845760852098465
16436,0.0836329385638237
16437,0.07018451392650604
16438,0.06757841259241104
16439,0.05244845896959305
16440,0.05875314772129059
16441,0.024462806060910225
16442,0.05512983351945877
16443,0.08711471408605576
16444,0.07058213651180267
16445,0.06771504133939743
16446,0.0679301992058754
16447,0.05267931893467903
16448,0.09764276444911957
16449,0.07381542772054672
16450,0.037566542625427246
16451,0.07213055342435837
16452,0.07454627752304077
16453,0.06343570351600647
16454,0.04634435847401619
16455,0.020869148895144463
16456,0.09351236373186111
16457,0.05101592093706131
16458,0.06985057145357132
16459,0.08473345637321472
16460,0.08137909322977066
16461,0.08435514569282532
16462,0.05444679781794548
16463,0.08835781365633011
16464,0.051688291132450104
16465,0.015910621732473373
16466,0.0767810121178627
16467,0.053919706493616104
16468,0.07597282528877258
16469,0.10014186054468155
16470,0.04821518063545227
16471,0.078581303358078
16472,0.05767958238720894
16473,0.06924222409725189
16474,0.07031124085187912
16475,0.06676116585731506
16476,0.08320402354001999
16477,0.062105126678943634
16478,0.0581328459084034
16479,0.035627953708171844
16480,0.07181215286254883
16481,0.07689445465803146
16482,0.0909833312034607
16483,0.0691060945391655
16484,0.04894421622157097
16485,0.06238763779401779
16486,0.06144465506076813
16487,0.05643828213214874
16488,0.020252631977200508
16489,0.07766270637512207
16490,0.06350991874933243
16491,0.05481640622019768
16492,0.04918407276272774
16493,0.027318086475133896
16494,0.03451933711767197
16495,0.05862722918391228
16496,0.08480402082204819
16497,0.0792561024427414
16498,0.07485997676849365
16499,0.042660992592573166
16500,0.06961865723133087
16501,0.07402272522449493
16502,0.04916081205010414
16503,0.06278394907712936
16504,0.03764999285340309
16505,0.0497603602707386
16506,0.05665755271911621
16507,0.049480874091386795
16508,0.09399331361055374
16509,0.05464613437652588
16510,0.06719744950532913
16511,0.038286563009023666
16512,0.01648668944835663
16513,0.0789639800786972
16514,0.055395834147930145
16515,0.049557268619537354
16516,0.053774312138557434
16517,0.07345525920391083
16518,0.09028351306915283
16519,0.07308288663625717
16520,0.08248625695705414
16521,0.0849272608757019
16522,0.022946473211050034
16523,0.0558861680328846
16524,0.05510416254401207
16525,0.056091997772455215
16526,0.05233584716916084
16527,0.04188163951039314
16528,0.0762406438589096
16529,0.06195348501205444
16530,0.05561615526676178
16531,0.046021718531847
16532,0.0750652402639389
16533,0.08322925865650177
16534,0.059252552688121796
16535,0.05450901389122009
16536,0.06534765660762787
16537,0.03443010523915291
16538,0.07183730602264404
16539,0.06496869027614594
16540,0.04158734157681465
16541,0.03418378159403801
16542,0.07719708979129791
16543,0.036568544805049896
16544,0.03018873929977417
16545,0.029776914045214653
16546,0.04193029925227165
16547,0.07758577913045883
16548,0.06914275884628296
16549,0.0371900238096714
16550,0.07975020259618759
16551,0.09572990238666534
16552,0.053332842886447906
16553,0.06132073700428009
16554,0.059428870677948
16555,0.0765395537018776
16556,0.07744307816028595
16557,0.04128315672278404
16558,0.04284166172146797
16559,0.0683809220790863
16560,0.030443288385868073
16561,0.09463755041360855
16562,0.07172543555498123
16563,0.05624156445264816
16564,0.08146873861551285
16565,0.0713268369436264
16566,0.05849875882267952
16567,0.06813754886388779
16568,0.08110174536705017
16569,0.026716504245996475
16570,0.07708778977394104
16571,0.021005455404520035
16572,0.07093549519777298
16573,0.039430487900972366
16574,0.0641314834356308
16575,0.0570751316845417
16576,0.06771805882453918
16577,0.02742503024637699
16578,0.048245105892419815
16579,0.02080572582781315
16580,0.062483642250299454
16581,0.08926216512918472
16582,0.0589684322476387
16583,0.07264355570077896
16584,0.09573360532522202
16585,0.07178360223770142
16586,0.06206464022397995
16587,0.082802414894104
16588,0.06804274767637253
16589,0.026844866573810577
16590,0.054288942366838455
16591,0.06170417740941048
16592,0.07918421924114227
16593,0.0915394127368927
16594,0.08458707481622696
16595,0.033712033182382584
16596,0.0410158708691597
16597,0.05795307829976082
16598,0.025785015895962715
16599,0.08870480954647064
16600,0.09922715276479721
16601,0.07666093856096268
16602,0.07749009877443314
16603,0.07743467390537262
16604,0.05895858258008957
16605,0.06636452674865723
16606,0.07695827633142471
16607,0.051474083214998245
16608,0.03603726625442505
16609,0.0708727315068245
16610,0.053047556430101395
16611,0.06585464626550674
16612,0.059009552001953125
16613,0.07290990650653839
16614,0.027079446241259575
16615,0.057397279888391495
16616,0.05715485289692879
16617,0.03174184635281563
16618,0.08484519273042679
16619,0.0535142682492733
16620,0.07433547079563141
16621,0.052534446120262146
16622,0.06405865401029587
16623,0.10632429271936417
16624,0.05262812599539757
16625,0.05324891582131386
16626,0.016919376328587532
16627,0.08895137161016464
16628,0.03487574681639671
16629,0.06075815483927727
16630,0.09680875390768051
16631,0.04919452220201492
16632,0.04122361168265343
16633,0.05649888515472412
16634,0.10863737016916275
16635,0.06404582411050797
16636,0.07764367014169693
16637,0.06195127218961716
16638,0.07516606152057648
16639,0.06696107238531113
16640,0.08216418325901031
16641,0.058296315371990204
16642,0.07543198019266129
16643,0.07805684953927994
16644,0.08253262937068939
16645,0.06657576560974121
16646,0.10588936507701874
16647,0.06450419127941132
16648,0.048902735114097595
16649,0.09780261665582657
16650,0.028814302757382393
16651,0.08712417632341385
16652,0.055465321987867355
16653,0.05116948112845421
16654,0.036159712821245193
16655,0.08626701682806015
16656,0.04515325278043747
16657,0.05310637131333351
16658,0.07739532738924026
16659,0.029995040968060493
16660,0.08113961666822433
16661,0.0691264197230339
16662,0.07365284860134125
16663,0.0902046263217926
16664,0.049487676471471786
16665,0.03674705699086189
16666,0.08554002642631531
16667,0.1148616224527359
16668,0.08132107555866241
16669,0.028037110343575478
16670,0.08163507282733917
16671,0.07074802368879318
16672,0.05176413059234619
16673,0.06276014447212219
16674,0.058756690472364426
16675,0.0754210352897644
16676,0.10109370201826096
16677,0.04979337379336357
16678,0.06587330251932144
16679,0.06777510046958923
16680,0.05459727719426155
16681,0.04789187014102936
16682,0.02291063778102398
16683,0.056241411715745926
16684,0.09160266071557999
16685,0.06909414380788803
16686,0.06053389608860016
16687,0.021742433309555054
16688,0.07648660242557526
16689,0.028516974300146103
16690,0.08886291086673737
16691,0.0666007474064827
16692,0.07653496414422989
16693,0.05105840042233467
16694,0.06765572726726532
16695,0.0579727366566658
16696,0.05672097206115723
16697,0.09607524424791336
16698,0.05450189858675003
16699,0.04925762861967087
16700,0.07324636727571487
16701,0.08457204699516296
16702,0.0680442750453949
16703,0.07697807997465134
16704,0.07335861772298813
16705,0.04772912338376045
16706,0.04833650588989258
16707,0.050728101283311844
16708,0.06350436806678772
16709,0.0535547137260437
16710,0.08023323118686676
16711,0.08867601305246353
16712,0.08610690385103226
16713,0.041058849543333054
16714,0.04952187091112137
16715,0.02943234331905842
16716,0.07513371855020523
16717,0.05715497210621834
16718,0.09487295150756836
16719,0.06919291615486145
16720,0.10395758599042892
16721,0.05326328054070473
16722,0.06848426908254623
16723,0.0635252296924591
16724,0.044111963361501694
16725,0.07271526008844376
16726,0.021861571818590164
16727,0.02375827357172966
16728,0.0453469343483448
16729,0.07618224620819092
16730,0.07810240238904953
16731,0.06865546852350235
16732,0.06197035312652588
16733,0.05301312729716301
16734,0.02885478176176548
16735,0.07123618572950363
16736,0.04455673322081566
16737,0.08574774116277695
16738,0.07299048453569412
16739,0.06328105926513672
16740,0.06380972266197205
16741,0.055683672428131104
16742,0.05810718983411789
16743,0.03297818452119827
16744,0.07420323044061661
16745,0.06626762449741364
16746,0.07011020928621292
16747,0.07386127859354019
16748,0.060422029346227646
16749,0.05128030106425285
16750,0.048126984387636185
16751,0.06979869306087494
16752,0.06655905395746231
16753,0.06066488102078438
16754,0.0494534857571125
16755,0.07196071743965149
16756,0.05609320476651192
16757,0.053003888577222824
16758,0.07819484174251556
16759,0.08006849884986877
16760,0.07404207438230515
16761,0.09499045461416245
16762,0.05777290090918541
16763,0.0865243524312973
16764,0.08257041871547699
16765,0.048675134778022766
16766,0.06713438034057617
16767,0.06907346844673157
16768,0.11841205507516861
16769,0.07630793005228043
16770,0.0757281631231308
16771,0.04696544632315636
16772,0.08470265567302704
16773,0.07830067723989487
16774,0.06734426319599152
16775,0.09710022062063217
16776,0.055376894772052765
16777,0.08055678755044937
16778,0.048687007278203964
16779,0.0555412657558918
16780,0.04923342540860176
16781,0.07017070055007935
16782,0.07548846304416656
16783,0.024875713512301445
16784,0.06450168043375015
16785,0.08144345879554749
16786,0.08513730019330978
16787,0.05905672535300255
16788,0.05928006395697594
16789,0.0498465821146965
16790,0.0789741575717926
16791,0.07148901373147964
16792,0.07611215859651566
16793,0.07174433767795563
16794,0.08706559240818024
16795,0.04952489584684372
16796,0.01981995441019535
16797,0.07757896929979324
16798,0.06843122094869614
16799,0.08194347470998764
16800,0.042539145797491074
16801,0.11434368044137955
16802,0.07058323919773102
16803,0.04316505044698715
16804,0.02981518767774105
16805,0.07479531317949295
16806,0.04686703532934189
16807,0.05588611587882042
16808,0.053414635360240936
16809,0.046132855117321014
16810,0.07392670959234238
16811,0.06354449689388275
16812,0.04874982312321663
16813,0.06337492167949677
16814,0.04954749718308449
16815,0.0406501479446888
16816,0.06405944377183914
16817,0.047108475118875504
16818,0.056378770619630814
16819,0.03781517967581749
16820,0.08373380452394485
16821,0.07289693504571915
16822,0.05937867611646652
16823,0.055670130997896194
16824,0.07867703586816788
16825,0.0491488054394722
16826,0.043156929314136505
16827,0.05409817397594452
16828,0.07276337593793869
16829,0.06835516542196274
16830,0.08300065994262695
16831,0.07414055615663528
16832,0.019332710653543472
16833,0.06110827252268791
16834,0.06980369240045547
16835,0.04426126554608345
16836,0.04614704102277756
16837,0.07744283229112625
16838,0.07843980938196182
16839,0.05668295919895172
16840,0.04957049340009689
16841,0.09790176898241043
16842,0.09011805057525635
16843,0.06307078897953033
16844,0.05611779913306236
16845,0.08071374148130417
16846,0.08067692071199417
16847,0.08637918531894684
16848,0.03467683121562004
16849,0.07067209482192993
16850,0.061942584812641144
16851,0.0549544021487236
16852,0.060239970684051514
16853,0.04270990565419197
16854,0.0808630958199501
16855,0.05709276720881462
16856,0.024826887995004654
16857,0.08912892639636993
16858,0.07179415225982666
16859,0.09592844545841217
16860,0.032224271446466446
16861,0.03341979905962944
16862,0.07281547039747238
16863,0.06844308972358704
16864,0.04170914366841316
16865,0.07764808088541031
16866,0.013967949897050858
16867,0.06787282973527908
16868,0.05592023581266403
16869,0.06540799140930176
16870,0.10775158554315567
16871,0.04806433245539665
16872,0.05199110135436058
16873,0.07042495161294937
16874,0.018175506964325905
16875,0.08617466688156128
16876,0.0779251679778099
16877,0.07931527495384216
16878,0.07128403335809708
16879,0.05505463108420372
16880,0.07527908682823181
16881,0.036064136773347855
16882,0.0710119903087616
16883,0.037630438804626465
16884,0.0640174075961113
16885,0.03828010335564613
16886,0.04677893593907356
16887,0.07756009697914124
16888,0.06826848536729813
16889,0.05491669103503227
16890,0.08067131787538528
16891,0.06879887729883194
16892,0.07047116756439209
16893,0.0755428671836853
16894,0.04819330945611
16895,0.04867846518754959
16896,0.06769543886184692
16897,0.09787247329950333
16898,0.07159384340047836
16899,0.056670427322387695
16900,0.059992603957653046
16901,0.033906128257513046
16902,0.05302226543426514
16903,0.07420507818460464
16904,0.12877969443798065
16905,0.08083076775074005
16906,0.0500657744705677
16907,0.05654185265302658
16908,0.0653974637389183
16909,0.06798823922872543
16910,0.07103481888771057
16911,0.07131359726190567
16912,0.08020742982625961
16913,0.09310590475797653
16914,0.05274157598614693
16915,0.0661226436495781
16916,0.06185871362686157
16917,0.04253565892577171
16918,0.059288568794727325
16919,0.06388848274946213
16920,0.1261632740497589
16921,0.05179857090115547
16922,0.025834470987319946
16923,0.07811122387647629
16924,0.036346204578876495
16925,0.05184364318847656
16926,0.06976310163736343
16927,0.09558288007974625
16928,0.053174592554569244
16929,0.07407388836145401
16930,0.0724511593580246
16931,0.04768514260649681
16932,0.06663651019334793
16933,0.0389481820166111
16934,0.08071503043174744
16935,0.0921153724193573
16936,0.047345053404569626
16937,0.06350104510784149
16938,0.08156845718622208
16939,0.07252279669046402
16940,0.05225910618901253
16941,0.08852308243513107
16942,0.07649997621774673
16943,0.05794667452573776
16944,0.07752809673547745
16945,0.08948222547769547
16946,0.11292079091072083
16947,0.04843822494149208
16948,0.053888995200395584
16949,0.0755724087357521
16950,0.07303179055452347
16951,0.010409482754766941
16952,0.06602655351161957
16953,0.0812738910317421
16954,0.018097685649991035
16955,0.0651952400803566
16956,0.07413730770349503
16957,0.07573951035737991
16958,0.02984551526606083
16959,0.08525801450014114
16960,0.07528773695230484
16961,0.03393150866031647
16962,0.08605016767978668
16963,0.03903377801179886
16964,0.10087169706821442
16965,0.08990529924631119
16966,0.09401499480009079
16967,0.04852261394262314
16968,0.09292773902416229
16969,0.017344197258353233
16970,0.0463453084230423
16971,0.06008210405707359
16972,0.06951749324798584
16973,0.05564961954951286
16974,0.06447694450616837
16975,0.08245780318975449
16976,0.05534474179148674
16977,0.08110380172729492
16978,0.028927598148584366
16979,0.08620165288448334
16980,0.07963813841342926
16981,0.060972120612859726
16982,0.05735327675938606
16983,0.07182792574167252
16984,0.012406845577061176
16985,0.05467917397618294
16986,0.07153881341218948
16987,0.0828288123011589
16988,0.06972739845514297
16989,0.07029718905687332
16990,0.059284619987010956
16991,0.04619554057717323
16992,0.09654203802347183
16993,0.07418709993362427
16994,0.06468497216701508
16995,0.08618086576461792
16996,0.03925303742289543
16997,0.06322877109050751
16998,0.04753904417157173
16999,0.06663408875465393
17000,0.053049225360155106
17001,0.07265739142894745
17002,0.0124875633046031
17003,0.06095912680029869
17004,0.06975092738866806
17005,0.08690675348043442
17006,0.04963186755776405
17007,0.04160110652446747
17008,0.05560008063912392
17009,0.06339730322360992
17010,0.06225840374827385
17011,0.0730271115899086
17012,0.06317225843667984
17013,0.04238418862223625
17014,0.05579756945371628
17015,0.007915076799690723
17016,0.013774747028946877
17017,0.032111018896102905
17018,0.06330811977386475
17019,0.05946975201368332
17020,0.07405102998018265
17021,0.08610672503709793
17022,0.07634443044662476
17023,0.02600070834159851
17024,0.07305244356393814
17025,0.09829697757959366
17026,0.0691516101360321
17027,0.04867032170295715
17028,0.03902386501431465
17029,0.07909206300973892
17030,0.06799864023923874
17031,0.03819766268134117
17032,0.028559889644384384
17033,0.045897044241428375
17034,0.10247455537319183
17035,0.033547136932611465
17036,0.08379102498292923
17037,0.08931440860033035
17038,0.04692269489169121
17039,0.026524361222982407
17040,0.054563701152801514
17041,0.07830927520990372
17042,0.03776874020695686
17043,0.0759342759847641
17044,0.039874304085969925
17045,0.05336569622159004
17046,0.0499969981610775
17047,0.06534285098314285
17048,0.05905156210064888
17049,0.072442926466465
17050,0.05945231020450592
17051,0.08476302772760391
17052,0.09473798424005508
17053,0.013677181676030159
17054,0.07143402099609375
17055,0.08358333259820938
17056,0.07095969468355179
17057,0.0834345668554306
17058,0.062273602932691574
17059,0.05573568865656853
17060,0.09953436255455017
17061,0.0645870789885521
17062,0.0690503641963005
17063,0.05079592019319534
17064,0.05804263427853584
17065,0.02282719314098358
17066,0.12148138135671616
17067,0.07038872689008713
17068,0.06408263742923737
17069,0.036900509148836136
17070,0.07624141871929169
17071,0.07472381740808487
17072,0.03464958071708679
17073,0.08329559117555618
17074,0.040405649691820145
17075,0.05158119648694992
17076,0.05014347285032272
17077,0.08496872335672379
17078,0.07164566218852997
17079,0.0687539279460907
17080,0.07584915310144424
17081,0.07710585743188858
17082,0.08671517670154572
17083,0.054409828037023544
17084,0.06009570136666298
17085,0.05364319309592247
17086,0.031678132712841034
17087,0.10646475851535797
17088,0.07030490785837173
17089,0.08904407173395157
17090,0.08136669546365738
17091,0.08900049328804016
17092,0.04729199782013893
17093,0.03828255459666252
17094,0.035578299313783646
17095,0.043784916400909424
17096,0.0803360641002655
17097,0.07489754259586334
17098,0.0417637974023819
17099,0.05005255714058876
17100,0.053633078932762146
17101,0.08147009462118149
17102,0.08710473030805588
17103,0.07265661656856537
17104,0.08338230103254318
17105,0.07701323181390762
17106,0.10136955976486206
17107,0.041534025222063065
17108,0.05119029060006142
17109,0.06254235655069351
17110,0.03128134459257126
17111,0.06346140801906586
17112,0.0731445699930191
17113,0.05790221691131592
17114,0.0644245371222496
17115,0.07453922182321548
17116,0.07593689113855362
17117,0.07458706945180893
17118,0.06629043817520142
17119,0.03584706410765648
17120,0.023071734234690666
17121,0.10261518508195877
17122,0.06859293580055237
17123,0.06227942183613777
17124,0.051893312484025955
17125,0.05209555849432945
17126,0.044852204620838165
17127,0.05378560721874237
17128,0.0657920315861702
17129,0.1079532653093338
17130,0.06131751835346222
17131,0.10526459664106369
17132,0.04187561571598053
17133,0.06444799900054932
17134,0.027174407616257668
17135,0.07604832202196121
17136,0.04705186188220978
17137,0.0672718733549118
17138,0.03493185713887215
17139,0.04630081728100777
17140,0.05153008922934532
17141,0.08328651636838913
17142,0.032765943557024
17143,0.06597647815942764
17144,0.04233930632472038
17145,0.0749443843960762
17146,0.08767037838697433
17147,0.060244202613830566
17148,0.08044803887605667
17149,0.07947304844856262
17150,0.029683666303753853
17151,0.09173201024532318
17152,0.03687112778425217
17153,0.043855052441358566
17154,0.0651191845536232
17155,0.05991342291235924
17156,0.07709671556949615
17157,0.029805073514580727
17158,0.045758187770843506
17159,0.0686035230755806
17160,0.034193068742752075
17161,0.07095696777105331
17162,0.03553812578320503
17163,0.05076122283935547
17164,0.009569658897817135
17165,0.08650340139865875
17166,0.06248789280653
17167,0.040650833398103714
17168,0.0678662359714508
17169,0.07514655590057373
17170,0.0632237121462822
17171,0.05113077536225319
17172,0.07291729748249054
17173,0.04756280407309532
17174,0.016268709674477577
17175,0.07394523173570633
17176,0.08734087646007538
17177,0.06245584785938263
17178,0.06732046604156494
17179,0.07513836026191711
17180,0.08242972940206528
17181,0.08304841071367264
17182,0.06856368482112885
17183,0.07142961770296097
17184,0.09041950106620789
17185,0.08251485973596573
17186,0.09816663712263107
17187,0.03654737398028374
17188,0.05977265164256096
17189,0.04802733287215233
17190,0.024881592020392418
17191,0.08584628254175186
17192,0.09264156967401505
17193,0.09300622344017029
17194,0.03184211999177933
17195,0.0483853816986084
17196,0.05014627426862717
17197,0.08652340620756149
17198,0.0775797888636589
17199,0.07018891721963882
17200,0.02058391459286213
17201,0.04267287626862526
17202,0.07964286208152771
17203,0.07226300239562988
17204,0.058298077434301376
17205,0.06166880577802658
17206,0.045377228409051895
17207,0.06728778779506683
17208,0.095381960272789
17209,0.07076940685510635
17210,0.07216296344995499
17211,0.039744988083839417
17212,0.021650642156600952
17213,0.043507203459739685
17214,0.038166459649801254
17215,0.08706708252429962
17216,0.06486145406961441
17217,0.05051726847887039
17218,0.07855594158172607
17219,0.06031697243452072
17220,0.07006047666072845
17221,0.13527017831802368
17222,0.06838157773017883
17223,0.0830148234963417
17224,0.033380720764398575
17225,0.07771600782871246
17226,0.04320833459496498
17227,0.053473103791475296
17228,0.010628292337059975
17229,0.08116789162158966
17230,0.07395926862955093
17231,0.11917412281036377
17232,0.05599881708621979
17233,0.07609237730503082
17234,0.07313929498195648
17235,0.09054742753505707
17236,0.05307408794760704
17237,0.07221188396215439
17238,0.05163000896573067
17239,0.07001616805791855
17240,0.06297792494297028
17241,0.07585757225751877
17242,0.06482137739658356
17243,0.009162161499261856
17244,0.04949196055531502
17245,0.07319512218236923
17246,0.08017551153898239
17247,0.0731024518609047
17248,0.037804510444402695
17249,0.03636019676923752
17250,0.0827082172036171
17251,0.07448340952396393
17252,0.03860030695796013
17253,0.0915960744023323
17254,0.0574527382850647
17255,0.04200464487075806
17256,0.030640283599495888
17257,0.08769921213388443
17258,0.06157863885164261
17259,0.07687879353761673
17260,0.07428816705942154
17261,0.07294683158397675
17262,0.07831932604312897
17263,0.05620383098721504
17264,0.09749728441238403
17265,0.045159924775362015
17266,0.06789585947990417
17267,0.05139344185590744
17268,0.07988142967224121
17269,0.076485276222229
17270,0.048523008823394775
17271,0.062416691333055496
17272,0.08928356319665909
17273,0.06641371548175812
17274,0.07935941964387894
17275,0.05452202633023262
17276,0.04147152230143547
17277,0.07905443757772446
17278,0.07019698619842529
17279,0.05436203256249428
17280,0.037711579352617264
17281,0.031460318714380264
17282,0.04248988628387451
17283,0.07670097053050995
17284,0.04842418059706688
17285,0.05107076093554497
17286,0.07593945413827896
17287,0.04109593853354454
17288,0.08029574900865555
17289,0.08746401965618134
17290,0.07477162033319473
17291,0.0683009997010231
17292,0.08199524134397507
17293,0.0647914931178093
17294,0.06007619574666023
17295,0.07125243544578552
17296,0.08576539158821106
17297,0.06399311125278473
17298,0.03151838108897209
17299,0.03637005388736725
17300,0.03572802618145943
17301,0.08176765590906143
17302,0.07419954985380173
17303,0.07852624356746674
17304,0.06546133011579514
17305,0.0870407447218895
17306,0.05697506666183472
17307,0.10092377662658691
17308,0.06132407858967781
17309,0.049913082271814346
17310,0.04618624970316887
17311,0.056224141269922256
17312,0.06893967092037201
17313,0.03771683946251869
17314,0.039468541741371155
17315,0.03061779960989952
17316,0.038920674473047256
17317,0.04845097288489342
17318,0.05458773300051689
17319,0.01074240356683731
17320,0.09085798263549805
17321,0.019557099789381027
17322,0.07162610441446304
17323,0.06308657675981522
17324,0.08287425339221954
17325,0.06741391122341156
17326,0.07265918701887131
17327,0.09259157627820969
17328,0.049161944538354874
17329,0.08038587868213654
17330,0.037556521594524384
17331,0.06826191395521164
17332,0.08776094764471054
17333,0.03746207803487778
17334,0.09592410176992416
17335,0.059163689613342285
17336,0.07768458127975464
17337,0.09083034098148346
17338,0.051616936922073364
17339,0.04288361594080925
17340,0.06600204855203629
17341,0.054110754281282425
17342,0.06064693257212639
17343,0.01950373873114586
17344,0.03532934933900833
17345,0.06807305663824081
17346,0.06550166010856628
17347,0.09017511457204819
17348,0.08967696875333786
17349,0.0242600254714489
17350,0.06284002214670181
17351,0.07501108199357986
17352,0.08210483938455582
17353,0.08071716129779816
17354,0.08797679096460342
17355,0.05399439111351967
17356,0.0461413711309433
17357,0.06791732460260391
17358,0.06304176896810532
17359,0.05957141891121864
17360,0.07555752247571945
17361,0.09916777163743973
17362,0.027800818905234337
17363,0.0798959881067276
17364,0.07172757387161255
17365,0.10273067653179169
17366,0.08378660678863525
17367,0.05094590038061142
17368,0.03134972229599953
17369,0.061390094459056854
17370,0.07043037563562393
17371,0.05123327299952507
17372,0.04840214177966118
17373,0.07086766511201859
17374,0.07828769832849503
17375,0.05852818489074707
17376,0.05614909902215004
17377,0.07333690673112869
17378,0.07393410801887512
17379,0.06377197057008743
17380,0.07523388415575027
17381,0.024749694392085075
17382,0.041259054094552994
17383,0.04637226462364197
17384,0.06519944965839386
17385,0.07324305921792984
17386,0.08012177050113678
17387,0.07396021485328674
17388,0.04752393066883087
17389,0.05005190894007683
17390,0.0548710897564888
17391,0.08698073029518127
17392,0.09269045293331146
17393,0.034901801496744156
17394,0.08840040862560272
17395,0.07710127532482147
17396,0.08226381242275238
17397,0.041382115334272385
17398,0.0490858294069767
17399,0.07655102759599686
17400,0.0875769853591919
17401,0.08853160589933395
17402,0.06307771801948547
17403,0.039403073489665985
17404,0.07982548326253891
17405,0.03862450644373894
17406,0.08645790815353394
17407,0.08439246565103531
17408,0.07045066356658936
17409,0.08158905804157257
17410,0.028599657118320465
17411,0.05478053539991379
17412,0.06337587535381317
17413,0.07516686618328094
17414,0.05041813850402832
17415,0.08498099446296692
17416,0.09666669368743896
17417,0.06540082395076752
17418,0.041427746415138245
17419,0.029111240059137344
17420,0.08836144208908081
17421,0.018303530290722847
17422,0.08251092582941055
17423,0.05677197501063347
17424,0.07923196256160736
17425,0.059601228684186935
17426,0.07057666033506393
17427,0.0983346477150917
17428,0.06290680170059204
17429,0.010516920126974583
17430,0.0438135601580143
17431,0.06427264213562012
17432,0.022543994709849358
17433,0.04251542314887047
17434,0.0512738898396492
17435,0.04438480734825134
17436,0.06351648271083832
17437,0.04264318570494652
17438,0.05992002785205841
17439,0.07295548915863037
17440,0.07174976170063019
17441,0.05886673927307129
17442,0.07535741478204727
17443,0.0747571662068367
17444,0.08130612224340439
17445,0.06849708408117294
17446,0.05832125246524811
17447,0.07690764963626862
17448,0.04054655507206917
17449,0.08569153398275375
17450,0.05540807545185089
17451,0.053749918937683105
17452,0.058557748794555664
17453,0.05514710396528244
17454,0.025969194248318672
17455,0.07094725966453552
17456,0.06703893840312958
17457,0.08225801587104797
17458,0.09018345177173615
17459,0.057914093136787415
17460,0.05789927765727043
17461,0.0781722366809845
17462,0.03818996623158455
17463,0.07751123607158661
17464,0.0899539366364479
17465,0.07611450552940369
17466,0.044549956917762756
17467,0.09557484835386276
17468,0.043082382529973984
17469,0.06675887852907181
17470,0.03222889453172684
17471,0.0324745699763298
17472,0.06718973815441132
17473,0.07358483970165253
17474,0.04979754239320755
17475,0.11410612612962723
17476,0.08551889657974243
17477,0.04080978035926819
17478,0.07502323389053345
17479,0.08403097093105316
17480,0.04966243728995323
17481,0.04670656472444534
17482,0.058006659150123596
17483,0.07826966047286987
17484,0.07937241345643997
17485,0.069028340280056
17486,0.02424469217658043
17487,0.029740460216999054
17488,0.034461140632629395
17489,0.08842885494232178
17490,0.053254641592502594
17491,0.101816825568676
17492,0.045653264969587326
17493,0.07378972321748734
17494,0.08593989908695221
17495,0.033421341329813004
17496,0.053626108914613724
17497,0.062311820685863495
17498,0.039958156645298004
17499,0.0917133241891861
17500,0.04053174704313278
17501,0.04648580029606819
17502,0.06319210678339005
17503,0.08358291536569595
17504,0.06356227397918701
17505,0.05624636635184288
17506,0.06184370815753937
17507,0.07274621725082397
17508,0.04819372296333313
17509,0.05019562318921089
17510,0.07189425081014633
17511,0.08352287113666534
17512,0.06094379723072052
17513,0.06901143491268158
17514,0.07150134444236755
17515,0.10468629747629166
17516,0.0761006698012352
17517,0.0792943611741066
17518,0.08421245962381363
17519,0.09534790366888046
17520,0.07719118148088455
17521,0.07966973632574081
17522,0.0925777480006218
17523,0.0470229908823967
17524,0.07697019726037979
17525,0.04453563690185547
17526,0.06881019473075867
17527,0.10833536088466644
17528,0.05931464210152626
17529,0.08477715402841568
17530,0.06943787634372711
17531,0.07389556616544724
17532,0.08569315075874329
17533,0.0758831650018692
17534,0.03216688707470894
17535,0.08639922738075256
17536,0.07371971011161804
17537,0.07239589840173721
17538,0.04705525189638138
17539,0.09182051569223404
17540,0.07376690953969955
17541,0.07113351672887802
17542,0.04680468514561653
17543,0.08939480036497116
17544,0.08021348714828491
17545,0.03698805719614029
17546,0.04656611755490303
17547,0.009049487300217152
17548,0.03894577547907829
17549,0.07675431668758392
17550,0.010036117397248745
17551,0.06819591671228409
17552,0.06426961719989777
17553,0.06786688417196274
17554,0.07180549949407578
17555,0.06873420625925064
17556,0.08556946367025375
17557,0.0632152184844017
17558,0.06879007071256638
17559,0.07397828251123428
17560,0.06851792335510254
17561,0.04773940518498421
17562,0.026507247239351273
17563,0.07697365432977676
17564,0.030552038922905922
17565,0.062013138085603714
17566,0.055807486176490784
17567,0.06391642242670059
17568,0.06898651272058487
17569,0.03347931429743767
17570,0.07495567947626114
17571,0.08134905248880386
17572,0.056733157485723495
17573,0.06542488187551498
17574,0.020082922652363777
17575,0.01820422150194645
17576,0.062376804649829865
17577,0.058743398636579514
17578,0.026833558455109596
17579,0.06496983021497726
17580,0.07539263367652893
17581,0.07086935639381409
17582,0.0311505738645792
17583,0.06759480386972427
17584,0.045172352343797684
17585,0.06681770831346512
17586,0.08154486119747162
17587,0.07387765496969223
17588,0.040596459060907364
17589,0.0340302400290966
17590,0.10782475024461746
17591,0.06524751335382462
17592,0.05508468300104141
17593,0.05719894915819168
17594,0.07373367249965668
17595,0.06883638352155685
17596,0.011384966783225536
17597,0.07591486722230911
17598,0.10272352397441864
17599,0.06923767924308777
17600,0.08430355787277222
17601,0.01987224444746971
17602,0.06061936169862747
17603,0.06837745755910873
17604,0.04352224990725517
17605,0.09953514486551285
17606,0.034407757222652435
17607,0.07035201042890549
17608,0.04681206867098808
17609,0.08678257465362549
17610,0.08894308656454086
17611,0.07546298950910568
17612,0.0716245099902153
17613,0.07074280083179474
17614,0.09617438912391663
17615,0.07551272958517075
17616,0.061717722564935684
17617,0.04678991064429283
17618,0.06761524826288223
17619,0.07268008589744568
17620,0.03646833449602127
17621,0.07890678197145462
17622,0.08409003913402557
17623,0.05863609537482262
17624,0.07958824932575226
17625,0.07327145338058472
17626,0.04599768668413162
17627,0.08132944256067276
17628,0.07861262559890747
17629,0.048631541430950165
17630,0.036448389291763306
17631,0.06244887784123421
17632,0.08463797718286514
17633,0.06885746121406555
17634,0.0673917904496193
17635,0.052709419280290604
17636,0.05510139465332031
17637,0.03948180377483368
17638,0.07474861294031143
17639,0.030279453843832016
17640,0.05348933860659599
17641,0.08446048200130463
17642,0.08422240614891052
17643,0.06846722960472107
17644,0.03922475129365921
17645,0.03550140559673309
17646,0.06017671152949333
17647,0.07044292986392975
17648,0.0413045771420002
17649,0.057577088475227356
17650,0.029651787132024765
17651,0.029689792543649673
17652,0.05978063866496086
17653,0.0788048654794693
17654,0.10023101419210434
17655,0.06941062211990356
17656,0.05314052477478981
17657,0.06904280930757523
17658,0.07579033821821213
17659,0.05872287228703499
17660,0.03535430505871773
17661,0.053120825439691544
17662,0.08091791719198227
17663,0.06474844366312027
17664,0.04420182481408119
17665,0.054701268672943115
17666,0.07027535140514374
17667,0.0840001255273819
17668,0.06102874502539635
17669,0.08281993865966797
17670,0.07902151346206665
17671,0.08619878441095352
17672,0.07412849366664886
17673,0.08508326858282089
17674,0.07872021943330765
17675,0.07198441028594971
17676,0.09227734059095383
17677,0.08148074150085449
17678,0.030853642150759697
17679,0.06392738223075867
17680,0.0719698816537857
17681,0.04575217515230179
17682,0.04979835823178291
17683,0.031874846667051315
17684,0.047427721321582794
17685,0.08689313381910324
17686,0.05940774455666542
17687,0.07764603942632675
17688,0.051599908620119095
17689,0.01844189502298832
17690,0.09005061537027359
17691,0.05311867222189903
17692,0.044091157615184784
17693,0.06603585183620453
17694,0.0638369619846344
17695,0.08215651661157608
17696,0.0791042149066925
17697,0.07724360376596451
17698,0.026809735223650932
17699,0.039133839309215546
17700,0.033021390438079834
17701,0.0580584742128849
17702,0.08806832879781723
17703,0.07829646021127701
17704,0.09014254063367844
17705,0.07779394090175629
17706,0.07756207138299942
17707,0.060455482453107834
17708,0.08555931597948074
17709,0.058094851672649384
17710,0.07877300679683685
17711,0.06529118120670319
17712,0.08534623682498932
17713,0.09376297891139984
17714,0.05279924347996712
17715,0.0695449486374855
17716,0.08209371566772461
17717,0.07709119468927383
17718,0.06377236545085907
17719,0.07285595685243607
17720,0.056082095950841904
17721,0.0840710774064064
17722,0.08137116581201553
17723,0.05275765061378479
17724,0.010402713902294636
17725,0.07266614586114883
17726,0.07217427343130112
17727,0.06083604320883751
17728,0.05944762006402016
17729,0.09398535639047623
17730,0.06415004283189774
17731,0.07455109804868698
17732,0.09622231870889664
17733,0.08105114847421646
17734,0.05740215256810188
17735,0.07600478082895279
17736,0.07895385473966599
17737,0.05854230374097824
17738,0.07886330038309097
17739,0.048775672912597656
17740,0.05680298060178757
17741,0.1102905198931694
17742,0.09329303354024887
17743,0.043015480041503906
17744,0.0708611011505127
17745,0.07796138525009155
17746,0.06592973321676254
17747,0.10308248549699783
17748,0.08440853655338287
17749,0.0778488889336586
17750,0.032763294875621796
17751,0.07022850960493088
17752,0.0556032657623291
17753,0.05749872699379921
17754,0.08465860038995743
17755,0.042531777173280716
17756,0.08096776157617569
17757,0.076928049325943
17758,0.015197095461189747
17759,0.043617840856313705
17760,0.07809725403785706
17761,0.10043457895517349
17762,0.024925071746110916
17763,0.08123274147510529
17764,0.10613194108009338
17765,0.05101386085152626
17766,0.05291527137160301
17767,0.0571969673037529
17768,0.07838801294565201
17769,0.040347300469875336
17770,0.07246506214141846
17771,0.08615537732839584
17772,0.06339631974697113
17773,0.06627702713012695
17774,0.08747132122516632
17775,0.08972620964050293
17776,0.045906342566013336
17777,0.05983436852693558
17778,0.07556065171957016
17779,0.057846058160066605
17780,0.06652005761861801
17781,0.0604846365749836
17782,0.03680925816297531
17783,0.04933260381221771
17784,0.07071886956691742
17785,0.09411483258008957
17786,0.054271895438432693
17787,0.04660191386938095
17788,0.05345429852604866
17789,0.09034956246614456
17790,0.038314707577228546
17791,0.06232643872499466
17792,0.06699199974536896
17793,0.04226943105459213
17794,0.05027930065989494
17795,0.031024429947137833
17796,0.08807495981454849
17797,0.0422944612801075
17798,0.05537067726254463
17799,0.049744170159101486
17800,0.09354028850793839
17801,0.06607024371623993
17802,0.03237941861152649
17803,0.03758292272686958
17804,0.07804582267999649
17805,0.060824207961559296
17806,0.06632280349731445
17807,0.06872580200433731
17808,0.0844414159655571
17809,0.0762837752699852
17810,0.039210423827171326
17811,0.08067542314529419
17812,0.042772483080625534
17813,0.0696730986237526
17814,0.07913253456354141
17815,0.053804200142621994
17816,0.039336323738098145
17817,0.08133171498775482
17818,0.0944216176867485
17819,0.07530274987220764
17820,0.06059345230460167
17821,0.06530379503965378
17822,0.09353019297122955
17823,0.07921957224607468
17824,0.07625138014554977
17825,0.051610663533210754
17826,0.09227380901575089
17827,0.09299051016569138
17828,0.08423399925231934
17829,0.05976669117808342
17830,0.0750027671456337
17831,0.04633672907948494
17832,0.055656660348176956
17833,0.07627548277378082
17834,0.08149757981300354
17835,0.06594659388065338
17836,0.01703101024031639
17837,0.08964422345161438
17838,0.06637755781412125
17839,0.0722566619515419
17840,0.06493042409420013
17841,0.048417169600725174
17842,0.07242780923843384
17843,0.06396704912185669
17844,0.027038762345910072
17845,0.09849301725625992
17846,0.07402274757623672
17847,0.036027003079652786
17848,0.07747030258178711
17849,0.027828803285956383
17850,0.03343050554394722
17851,0.05011982098221779
17852,0.04194187372922897
17853,0.027227360755205154
17854,0.06807158887386322
17855,0.019543923437595367
17856,0.02557712234556675
17857,0.0696922019124031
17858,0.08371808379888535
17859,0.0849783718585968
17860,0.059794552624225616
17861,0.07172830402851105
17862,0.08593594282865524
17863,0.05342012643814087
17864,0.06770475953817368
17865,0.05431051552295685
17866,0.05647323653101921
17867,0.061252109706401825
17868,0.022049598395824432
17869,0.0529334731400013
17870,0.08345002681016922
17871,0.07513806968927383
17872,0.051367394626140594
17873,0.035002995282411575
17874,0.06406290829181671
17875,0.030321547761559486
17876,0.0762181282043457
17877,0.06485220789909363
17878,0.05878084897994995
17879,0.06126398593187332
17880,0.06002972647547722
17881,0.05627765133976936
17882,0.043150074779987335
17883,0.08739610016345978
17884,0.007737534120678902
17885,0.03722125291824341
17886,0.084669329226017
17887,0.06812074780464172
17888,0.05494847148656845
17889,0.06530161947011948
17890,0.031624164432287216
17891,0.07554791122674942
17892,0.05800584331154823
17893,0.07233832031488419
17894,0.10535580664873123
17895,0.07945089042186737
17896,0.06502962112426758
17897,0.05800813436508179
17898,0.05743854120373726
17899,0.08309034258127213
17900,0.07864130288362503
17901,0.06684377789497375
17902,0.06480281800031662
17903,0.04596545919775963
17904,0.08152184635400772
17905,0.07743531465530396
17906,0.05922848731279373
17907,0.03470936045050621
17908,0.08892837166786194
17909,0.08348271995782852
17910,0.04925290867686272
17911,0.06836622208356857
17912,0.03977622091770172
17913,0.07692498713731766
17914,0.04382656142115593
17915,0.06172441318631172
17916,0.09467420727014542
17917,0.07856471836566925
17918,0.08754022419452667
17919,0.07175237685441971
17920,0.07790015637874603
17921,0.08325603604316711
17922,0.05439405515789986
17923,0.07045946270227432
17924,0.04104888439178467
17925,0.05516291782259941
17926,0.08073793351650238
17927,0.026986513286828995
17928,0.08315323293209076
17929,0.07119928300380707
17930,0.016911784186959267
17931,0.06805792450904846
17932,0.05443395674228668
17933,0.04571905732154846
17934,0.05320621654391289
17935,0.0327298529446125
17936,0.06254580616950989
17937,0.08147695660591125
17938,0.06914076209068298
17939,0.06553526967763901
17940,0.07430914044380188
17941,0.07748835533857346
17942,0.07462360709905624
17943,0.027814988046884537
17944,0.0962338075041771
17945,0.03321226313710213
17946,0.045936018228530884
17947,0.054201390594244
17948,0.07046864926815033
17949,0.07658986002206802
17950,0.09732525795698166
17951,0.07245450466871262
17952,0.04462428763508797
17953,0.052166759967803955
17954,0.018513400107622147
17955,0.07205292582511902
17956,0.08602234721183777
17957,0.08448018878698349
17958,0.05987808480858803
17959,0.07765056937932968
17960,0.01800711639225483
17961,0.07005225121974945
17962,0.05733504518866539
17963,0.07711230218410492
17964,0.02523314580321312
17965,0.011401602067053318
17966,0.0853148028254509
17967,0.044459544122219086
17968,0.04465411603450775
17969,0.09213331341743469
17970,0.02091221697628498
17971,0.03884909301996231
17972,0.05803220719099045
17973,0.10752753913402557
17974,0.05215384066104889
17975,0.06633805483579636
17976,0.10702837258577347
17977,0.020794417709112167
17978,0.0764041617512703
17979,0.07066789269447327
17980,0.06208602711558342
17981,0.0656224861741066
17982,0.07625410705804825
17983,0.04594859108328819
17984,0.09303469210863113
17985,0.06131132319569588
17986,0.08705457299947739
17987,0.07156123220920563
17988,0.05464768037199974
17989,0.017752451822161674
17990,0.08134712278842926
17991,0.04597332701086998
17992,0.06234217435121536
17993,0.05905904993414879
17994,0.08633255213499069
17995,0.09217221289873123
17996,0.05688004940748215
17997,0.040285538882017136
17998,0.036375295370817184
17999,0.0577334426343441
18000,0.050490062683820724
18001,0.048795297741889954
18002,0.08346989750862122
18003,0.07107309997081757
18004,0.03339739516377449
18005,0.054730214178562164
18006,0.06542644649744034
18007,0.07217181473970413
18008,0.07400737702846527
18009,0.06867054849863052
18010,0.07089842855930328
18011,0.03560465946793556
18012,0.03625527024269104
18013,0.045762211084365845
18014,0.05253412202000618
18015,0.0837429016828537
18016,0.0210796520113945
18017,0.05869662016630173
18018,0.04947250708937645
18019,0.06328921020030975
18020,0.021459801122546196
18021,0.05820836126804352
18022,0.03351950645446777
18023,0.10066566616296768
18024,0.13097375631332397
18025,0.06182045489549637
18026,0.052186671644449234
18027,0.040899693965911865
18028,0.07588768750429153
18029,0.11454270780086517
18030,0.013235441409051418
18031,0.05792995169758797
18032,0.08330966532230377
18033,0.036675892770290375
18034,0.059155941009521484
18035,0.04222835600376129
18036,0.04489164799451828
18037,0.05108094960451126
18038,0.09211000800132751
18039,0.08490228652954102
18040,0.05037371441721916
18041,0.07531385868787766
18042,0.053870633244514465
18043,0.05626244097948074
18044,0.06678532063961029
18045,0.04300728067755699
18046,0.0895024836063385
18047,0.05051669105887413
18048,0.07572077214717865
18049,0.054707787930965424
18050,0.0817468985915184
18051,0.07736127078533173
18052,0.07294239103794098
18053,0.08012236654758453
18054,0.0530509427189827
18055,0.07851157337427139
18056,0.03873162344098091
18057,0.07799293845891953
18058,0.03915122523903847
18059,0.06152364984154701
18060,0.03558509424328804
18061,0.04164765402674675
18062,0.0674135610461235
18063,0.07792427390813828
18064,0.07494373619556427
18065,0.06172509491443634
18066,0.039836201816797256
18067,0.0609586238861084
18068,0.04610232636332512
18069,0.05170214921236038
18070,0.06554768234491348
18071,0.04969218745827675
18072,0.06578532606363297
18073,0.08049746602773666
18074,0.0806218758225441
18075,0.03548002988100052
18076,0.03328773006796837
18077,0.0807659924030304
18078,0.06355296075344086
18079,0.06000930815935135
18080,0.07634714990854263
18081,0.07932611554861069
18082,0.04270894080400467
18083,0.05719994381070137
18084,0.027469659224152565
18085,0.05156456306576729
18086,0.045135337859392166
18087,0.04792937636375427
18088,0.0595962293446064
18089,0.04614507779479027
18090,0.047550179064273834
18091,0.028662336990237236
18092,0.046829190105199814
18093,0.05885550007224083
18094,0.07903216779232025
18095,0.058038607239723206
18096,0.08296127617359161
18097,0.06298411637544632
18098,0.07060988247394562
18099,0.042424317449331284
18100,0.0688624456524849
18101,0.030070427805185318
18102,0.04600369930267334
18103,0.05064799264073372
18104,0.05962957814335823
18105,0.03255736082792282
18106,0.0796729251742363
18107,0.06656546890735626
18108,0.023481786251068115
18109,0.040839891880750656
18110,0.058285754173994064
18111,0.09073935449123383
18112,0.08748622238636017
18113,0.07506979256868362
18114,0.08975840359926224
18115,0.061616141349077225
18116,0.059524886310100555
18117,0.08416756242513657
18118,0.08369169384241104
18119,0.06151917204260826
18120,0.04014686867594719
18121,0.05888161435723305
18122,0.014413605444133282
18123,0.05965570732951164
18124,0.07355635613203049
18125,0.07588876783847809
18126,0.04346194118261337
18127,0.0630325898528099
18128,0.0770053118467331
18129,0.04493200406432152
18130,0.06831687688827515
18131,0.020095989108085632
18132,0.08148831874132156
18133,0.10128070414066315
18134,0.04233374074101448
18135,0.0649816021323204
18136,0.07333087176084518
18137,0.06512349843978882
18138,0.081573486328125
18139,0.08459581434726715
18140,0.053940702229738235
18141,0.06377750635147095
18142,0.03801505267620087
18143,0.07208171486854553
18144,0.08938239514827728
18145,0.06925638765096664
18146,0.060243215411901474
18147,0.0339573509991169
18148,0.038325924426317215
18149,0.04647174850106239
18150,0.06453857570886612
18151,0.060833487659692764
18152,0.06586721539497375
18153,0.03433067724108696
18154,0.09995689243078232
18155,0.06830189377069473
18156,0.027488933876156807
18157,0.03599223867058754
18158,0.03353287652134895
18159,0.009523080661892891
18160,0.07194230705499649
18161,0.026529772207140923
18162,0.06725478917360306
18163,0.08265846967697144
18164,0.04794538766145706
18165,0.06673852354288101
18166,0.07302134484052658
18167,0.06036616861820221
18168,0.019709842279553413
18169,0.05771233141422272
18170,0.08535147458314896
18171,0.03460594639182091
18172,0.02340857870876789
18173,0.08678744733333588
18174,0.05878491699695587
18175,0.06665923446416855
18176,0.07788649946451187
18177,0.06062021479010582
18178,0.05503617599606514
18179,0.052213508635759354
18180,0.039983149617910385
18181,0.0880456492304802
18182,0.060371506959199905
18183,0.057259850203990936
18184,0.08860478550195694
18185,0.09677592664957047
18186,0.06856859475374222
18187,0.12089917808771133
18188,0.08672938495874405
18189,0.019169893115758896
18190,0.06527454406023026
18191,0.07356923818588257
18192,0.048182178288698196
18193,0.022541487589478493
18194,0.07070817798376083
18195,0.08956852555274963
18196,0.03351150080561638
18197,0.07734642177820206
18198,0.04047926515340805
18199,0.05823950096964836
18200,0.06203393265604973
18201,0.07051591575145721
18202,0.07338399440050125
18203,0.054096318781375885
18204,0.08739197254180908
18205,0.09077614545822144
18206,0.027612945064902306
18207,0.09144045412540436
18208,0.09116261452436447
18209,0.06334910541772842
18210,0.05788248032331467
18211,0.055368293076753616
18212,0.04981229081749916
18213,0.025050433352589607
18214,0.07074473798274994
18215,0.03713022172451019
18216,0.07434054464101791
18217,0.06060482934117317
18218,0.06775904446840286
18219,0.05775082856416702
18220,0.06397495418787003
18221,0.08063085377216339
18222,0.06232023239135742
18223,0.0818965807557106
18224,0.07301085442304611
18225,0.07772977650165558
18226,0.07222725450992584
18227,0.047911398112773895
18228,0.02361830323934555
18229,0.08186938613653183
18230,0.08677350729703903
18231,0.04437767714262009
18232,0.07534625381231308
18233,0.04537380859255791
18234,0.014116666279733181
18235,0.08124468475580215
18236,0.08487964421510696
18237,0.028396453708410263
18238,0.06076608970761299
18239,0.07815662771463394
18240,0.06519994884729385
18241,0.08625675737857819
18242,0.06490878015756607
18243,0.04641828313469887
18244,0.08240168541669846
18245,0.09352193027734756
18246,0.08200699090957642
18247,0.0747232511639595
18248,0.0263620987534523
18249,0.07146836072206497
18250,0.03229573741555214
18251,0.06495944410562515
18252,0.04671018570661545
18253,0.0795825943350792
18254,0.07974549382925034
18255,0.08948738127946854
18256,0.05158006772398949
18257,0.06041031330823898
18258,0.07499495893716812
18259,0.07675992697477341
18260,0.06641785055398941
18261,0.057676929980516434
18262,0.06973720341920853
18263,0.05314919352531433
18264,0.06035080924630165
18265,0.05474495142698288
18266,0.05809174105525017
18267,0.09211112558841705
18268,0.05926407128572464
18269,0.04852626472711563
18270,0.09531284868717194
18271,0.08467679470777512
18272,0.0636686459183693
18273,0.03438090533018112
18274,0.06701484322547913
18275,0.0530448816716671
18276,0.09039054065942764
18277,0.07512001693248749
18278,0.09465598315000534
18279,0.0645531415939331
18280,0.0704333633184433
18281,0.04003221541643143
18282,0.044422633945941925
18283,0.06075444445014
18284,0.08111678063869476
18285,0.05499813333153725
18286,0.06875010579824448
18287,0.07749877870082855
18288,0.04178929701447487
18289,0.0792802944779396
18290,0.06437042355537415
18291,0.07512132078409195
18292,0.061181288212537766
18293,0.07976103574037552
18294,0.08229699730873108
18295,0.07286389172077179
18296,0.008257701992988586
18297,0.04746183007955551
18298,0.0519576258957386
18299,0.060093529522418976
18300,0.04274239391088486
18301,0.06049124523997307
18302,0.04721955582499504
18303,0.08319202810525894
18304,0.06331650167703629
18305,0.07314944267272949
18306,0.07751046121120453
18307,0.06782618910074234
18308,0.06444612890481949
18309,0.06296888738870621
18310,0.016798729076981544
18311,0.07124723494052887
18312,0.10713473707437515
18313,0.03974686935544014
18314,0.0753435492515564
18315,0.03169926255941391
18316,0.07124060392379761
18317,0.053094618022441864
18318,0.06576726585626602
18319,0.07861470431089401
18320,0.07751855999231339
18321,0.06254447996616364
18322,0.039815861731767654
18323,0.07065794616937637
18324,0.05515870079398155
18325,0.08711186051368713
18326,0.07753679901361465
18327,0.09186327457427979
18328,0.06971380859613419
18329,0.0807107537984848
18330,0.06064124405384064
18331,0.035509150475263596
18332,0.049588702619075775
18333,0.07540519535541534
18334,0.03686254099011421
18335,0.05356030911207199
18336,0.04247836396098137
18337,0.06879828125238419
18338,0.03903716802597046
18339,0.08260974287986755
18340,0.06730300188064575
18341,0.059745099395513535
18342,0.029823655262589455
18343,0.0782562792301178
18344,0.06397836655378342
18345,0.07941786199808121
18346,0.06153975799679756
18347,0.040895454585552216
18348,0.07027988880872726
18349,0.05891158804297447
18350,0.029030710458755493
18351,0.07243388146162033
18352,0.0756029486656189
18353,0.044456202536821365
18354,0.07129298150539398
18355,0.025398803874850273
18356,0.06607446819543839
18357,0.0662066787481308
18358,0.07590607553720474
18359,0.06741058826446533
18360,0.05069645121693611
18361,0.07649943977594376
18362,0.03720374032855034
18363,0.0653369203209877
18364,0.0826469361782074
18365,0.08748191595077515
18366,0.07093416154384613
18367,0.05324753001332283
18368,0.04606926813721657
18369,0.06516413390636444
18370,0.08486533910036087
18371,0.009560932405292988
18372,0.08676976710557938
18373,0.01623479276895523
18374,0.03846536576747894
18375,0.09089062362909317
18376,0.07200109213590622
18377,0.05427534878253937
18378,0.05046665295958519
18379,0.042449951171875
18380,0.05895889550447464
18381,0.07480709254741669
18382,0.06831178814172745
18383,0.058511026203632355
18384,0.03262214735150337
18385,0.035859543830156326
18386,0.07149965316057205
18387,0.09234431385993958
18388,0.08469489961862564
18389,0.056982722133398056
18390,0.06862796097993851
18391,0.02893250808119774
18392,0.01660010777413845
18393,0.04762791469693184
18394,0.06391974538564682
18395,0.059600580483675
18396,0.06151985004544258
18397,0.05168895795941353
18398,0.07289863377809525
18399,0.08329898118972778
18400,0.1100434884428978
18401,0.07054856419563293
18402,0.05941353365778923
18403,0.06913182884454727
18404,0.03836698830127716
18405,0.11598203331232071
18406,0.01958347111940384
18407,0.04961971193552017
18408,0.02458864264190197
18409,0.06639492511749268
18410,0.08886368572711945
18411,0.03223089873790741
18412,0.07081890106201172
18413,0.08552094548940659
18414,0.051852960139513016
18415,0.07167880237102509
18416,0.05520108714699745
18417,0.065061055123806
18418,0.07189060747623444
18419,0.04012786224484444
18420,0.06957261264324188
18421,0.06117255985736847
18422,0.0746699720621109
18423,0.1513768434524536
18424,0.06638330221176147
18425,0.07590118795633316
18426,0.06867300719022751
18427,0.08620372414588928
18428,0.06219891831278801
18429,0.043342042714357376
18430,0.10489024221897125
18431,0.06243327632546425
18432,0.039326269179582596
18433,0.07062017172574997
18434,0.028480350971221924
18435,0.07984878867864609
18436,0.029118157923221588
18437,0.06305703520774841
18438,0.05700535327196121
18439,0.047714781016111374
18440,0.037701159715652466
18441,0.11645074933767319
18442,0.06413590908050537
18443,0.07744791358709335
18444,0.07173745334148407
18445,0.03229901194572449
18446,0.10454657673835754
18447,0.07748193293809891
18448,0.09164124727249146
18449,0.06171053647994995
18450,0.08883273601531982
18451,0.05961968004703522
18452,0.07546523958444595
18453,0.0636897087097168
18454,0.057273175567388535
18455,0.0888180062174797
18456,0.08485204726457596
18457,0.0858265683054924
18458,0.06592321395874023
18459,0.0824938714504242
18460,0.05665319412946701
18461,0.09272435307502747
18462,0.04607895389199257
18463,0.033002812415361404
18464,0.04306025803089142
18465,0.08044663816690445
18466,0.04292810708284378
18467,0.052581775933504105
18468,0.07891581207513809
18469,0.018055779859423637
18470,0.06636025011539459
18471,0.07685668021440506
18472,0.03999372944235802
18473,0.0429287813603878
18474,0.054861441254615784
18475,0.08197865635156631
18476,0.06561445444822311
18477,0.03457443043589592
18478,0.051119524985551834
18479,0.04731861874461174
18480,0.05209711939096451
18481,0.08393482118844986
18482,0.06297793239355087
18483,0.09059812128543854
18484,0.08129218965768814
18485,0.05901153385639191
18486,0.08647874742746353
18487,0.10031846165657043
18488,0.008486099541187286
18489,0.06077871844172478
18490,0.054621413350105286
18491,0.1340094357728958
18492,0.05970264971256256
18493,0.07450869679450989
18494,0.009846308268606663
18495,0.07518389075994492
18496,0.05024198815226555
18497,0.0763494148850441
18498,0.055698394775390625
18499,0.04427299275994301
18500,0.060821183025836945
18501,0.03356774523854256
18502,0.04635209962725639
18503,0.08067603409290314
18504,0.047497767955064774
18505,0.057504553347826004
18506,0.0493047721683979
18507,0.06118440628051758
18508,0.042358506470918655
18509,0.038391780108213425
18510,0.06030425801873207
18511,0.07118930667638779
18512,0.08079702407121658
18513,0.05981365218758583
18514,0.0480496920645237
18515,0.025717440992593765
18516,0.04614922031760216
18517,0.05466817691922188
18518,0.07942427694797516
18519,0.035972077399492264
18520,0.02339242398738861
18521,0.06901337951421738
18522,0.05675040930509567
18523,0.09346620738506317
18524,0.06933896988630295
18525,0.06427763402462006
18526,0.06967862695455551
18527,0.027132617309689522
18528,0.07721225172281265
18529,0.048375893384218216
18530,0.10183632373809814
18531,0.059853751212358475
18532,0.09893516451120377
18533,0.04622397944331169
18534,0.07757680863142014
18535,0.10673204064369202
18536,0.09341391921043396
18537,0.08892061561346054
18538,0.08339473605155945
18539,0.0669705718755722
18540,0.06600926071405411
18541,0.021762123331427574
18542,0.0822531059384346
18543,0.12173060327768326
18544,0.03342655301094055
18545,0.03930383175611496
18546,0.08200548589229584
18547,0.08525780588388443
18548,0.0802018865942955
18549,0.018470846116542816
18550,0.07748816162347794
18551,0.0983642116189003
18552,0.07548857480287552
18553,0.08458191156387329
18554,0.05115677788853645
18555,0.037366870790719986
18556,0.08374456316232681
18557,0.042301200330257416
18558,0.08095584064722061
18559,0.04546627029776573
18560,0.07453504949808121
18561,0.04746944084763527
18562,0.06544551253318787
18563,0.061158765107393265
18564,0.04781707376241684
18565,0.07569702714681625
18566,0.06575099378824234
18567,0.05823713541030884
18568,0.0820571556687355
18569,0.06472653895616531
18570,0.07319200038909912
18571,0.06628904491662979
18572,0.07791797071695328
18573,0.03409423306584358
18574,0.07778345048427582
18575,0.05053384602069855
18576,0.0414496548473835
18577,0.07155052572488785
18578,0.08467686921358109
18579,0.07288119941949844
18580,0.07440068572759628
18581,0.07336006313562393
18582,0.03143348917365074
18583,0.045841217041015625
18584,0.07381073385477066
18585,0.03334267809987068
18586,0.09711120277643204
18587,0.06083080545067787
18588,0.09120336174964905
18589,0.08619970828294754
18590,0.06379355490207672
18591,0.061486370861530304
18592,0.08800826221704483
18593,0.06982389092445374
18594,0.06723783165216446
18595,0.06496289372444153
18596,0.08381117135286331
18597,0.05869339033961296
18598,0.04793722927570343
18599,0.05160069838166237
18600,0.0806908905506134
18601,0.04945360869169235
18602,0.0952146053314209
18603,0.07636513561010361
18604,0.07811520248651505
18605,0.06764549016952515
18606,0.08538500964641571
18607,0.07988347113132477
18608,0.08558646589517593
18609,0.054934222251176834
18610,0.057278163731098175
18611,0.026550155133008957
18612,0.058949630707502365
18613,0.06187953054904938
18614,0.08242545276880264
18615,0.08751379698514938
18616,0.07495401054620743
18617,0.08960415422916412
18618,0.0831155776977539
18619,0.08270474523305893
18620,0.06099088862538338
18621,0.05274562910199165
18622,0.047612279653549194
18623,0.043444614857435226
18624,0.0836557000875473
18625,0.0808313861489296
18626,0.07505559921264648
18627,0.07001910358667374
18628,0.04965975508093834
18629,0.08467835187911987
18630,0.0177545715123415
18631,0.07426480948925018
18632,0.03399217501282692
18633,0.09094469994306564
18634,0.10464435815811157
18635,0.05277405306696892
18636,0.03284243866801262
18637,0.06780014932155609
18638,0.0848802998661995
18639,0.07114336639642715
18640,0.07393327355384827
18641,0.017563847824931145
18642,0.08174657821655273
18643,0.058456018567085266
18644,0.08363080024719238
18645,0.08728759735822678
18646,0.07953542470932007
18647,0.06638853996992111
18648,0.05406011641025543
18649,0.03942481800913811
18650,0.06960687786340714
18651,0.08346500992774963
18652,0.07585752755403519
18653,0.026488618925213814
18654,0.05047887563705444
18655,0.06277472525835037
18656,0.07860425859689713
18657,0.04258183762431145
18658,0.06455305218696594
18659,0.035954225808382034
18660,0.09032228589057922
18661,0.05707509070634842
18662,0.07853839546442032
18663,0.08283094316720963
18664,0.061729855835437775
18665,0.0585884265601635
18666,0.10230609774589539
18667,0.047232601791620255
18668,0.07806475460529327
18669,0.04751794785261154
18670,0.08767041563987732
18671,0.09250020980834961
18672,0.06218657270073891
18673,0.027503903955221176
18674,0.09344090521335602
18675,0.05783427506685257
18676,0.0500793531537056
18677,0.07143014669418335
18678,0.08087574690580368
18679,0.05915142595767975
18680,0.08026070892810822
18681,0.07110904157161713
18682,0.04323148727416992
18683,0.09052515029907227
18684,0.09485374391078949
18685,0.039512984454631805
18686,0.03759032487869263
18687,0.07962827384471893
18688,0.06131590157747269
18689,0.08837109059095383
18690,0.07717929780483246
18691,0.0502360463142395
18692,0.08078845590353012
18693,0.051153603941202164
18694,0.04003705084323883
18695,0.07945786416530609
18696,0.0595402717590332
18697,0.0544489249587059
18698,0.09047874808311462
18699,0.04714994505047798
18700,0.05617251619696617
18701,0.08700510114431381
18702,0.06365731358528137
18703,0.06904975324869156
18704,0.078180231153965
18705,0.06034662947058678
18706,0.0947941243648529
18707,0.07738251984119415
18708,0.08904646337032318
18709,0.05887087062001228
18710,0.06393396109342575
18711,0.05639305338263512
18712,0.0426277220249176
18713,0.018817374482750893
18714,0.05155964195728302
18715,0.10283181071281433
18716,0.06799957901239395
18717,0.06926577538251877
18718,0.06981711834669113
18719,0.06724969297647476
18720,0.03061099164187908
18721,0.07898499071598053
18722,0.03686954453587532
18723,0.08633555471897125
18724,0.03946136683225632
18725,0.11958401650190353
18726,0.007250668480992317
18727,0.062444377690553665
18728,0.07093669474124908
18729,0.06424989551305771
18730,0.08357939124107361
18731,0.0245454590767622
18732,0.08354246616363525
18733,0.03130580484867096
18734,0.06857582926750183
18735,0.09130267053842545
18736,0.08187142759561539
18737,0.025967558845877647
18738,0.027623040601611137
18739,0.05352560430765152
18740,0.0661642923951149
18741,0.08323594182729721
18742,0.08446306735277176
18743,0.10460396856069565
18744,0.0833270475268364
18745,0.07557536661624908
18746,0.06973700225353241
18747,0.07304713875055313
18748,0.07125972211360931
18749,0.05783148109912872
18750,0.061387915164232254
18751,0.05969740450382233
18752,0.0823754370212555
18753,0.045998115092515945
18754,0.07713610678911209
18755,0.041699815541505814
18756,0.08036229759454727
18757,0.07505320012569427
18758,0.02458777278661728
18759,0.04096883907914162
18760,0.05654766783118248
18761,0.07272665947675705
18762,0.048730552196502686
18763,0.08056758344173431
18764,0.028525063768029213
18765,0.03212917596101761
18766,0.06749718636274338
18767,0.04678426682949066
18768,0.07790005207061768
18769,0.07377254962921143
18770,0.06297264993190765
18771,0.029988104477524757
18772,0.060666732490062714
18773,0.07166481763124466
18774,0.019551122561097145
18775,0.04113631322979927
18776,0.09806106239557266
18777,0.07542582601308823
18778,0.1082213893532753
18779,0.07159072905778885
18780,0.06357959657907486
18781,0.03186633065342903
18782,0.07991454750299454
18783,0.048352379351854324
18784,0.04820651188492775
18785,0.06188248470425606
18786,0.06382480263710022
18787,0.050956957042217255
18788,0.05674790218472481
18789,0.06383300572633743
18790,0.03256027773022652
18791,0.08128739148378372
18792,0.07256516069173813
18793,0.06688676029443741
18794,0.0689757913351059
18795,0.07728498429059982
18796,0.07043502479791641
18797,0.02838500775396824
18798,0.06797383725643158
18799,0.06928972154855728
18800,0.021853988990187645
18801,0.06535016000270844
18802,0.0751182958483696
18803,0.04915675148367882
18804,0.03334904834628105
18805,0.05290516838431358
18806,0.0793519988656044
18807,0.0728951171040535
18808,0.05000355467200279
18809,0.051813237369060516
18810,0.04340677335858345
18811,0.06986705958843231
18812,0.05281719192862511
18813,0.09446582198143005
18814,0.03318854793906212
18815,0.09115222841501236
18816,0.08991227298974991
18817,0.06613382697105408
18818,0.07904402911663055
18819,0.0745263546705246
18820,0.06535492092370987
18821,0.10754568874835968
18822,0.042719971388578415
18823,0.056383270770311356
18824,0.08283664286136627
18825,0.06902147084474564
18826,0.06988654285669327
18827,0.021166928112506866
18828,0.051465969532728195
18829,0.09706076234579086
18830,0.038728781044483185
18831,0.038471899926662445
18832,0.08906878530979156
18833,0.06277836114168167
18834,0.045898985117673874
18835,0.08137428760528564
18836,0.07936255633831024
18837,0.047078464180231094
18838,0.060941439121961594
18839,0.0463455505669117
18840,0.0717150941491127
18841,0.08487563580274582
18842,0.07409241795539856
18843,0.06620098650455475
18844,0.07087736576795578
18845,0.07201965898275375
18846,0.08432877063751221
18847,0.09617745876312256
18848,0.05270065739750862
18849,0.08791808784008026
18850,0.07700636982917786
18851,0.07332566380500793
18852,0.03923619166016579
18853,0.05119544267654419
18854,0.06368663161993027
18855,0.05460818111896515
18856,0.07089223712682724
18857,0.09576255828142166
18858,0.07870609313249588
18859,0.04317283257842064
18860,0.07552991062402725
18861,0.07497365027666092
18862,0.08243739604949951
18863,0.0570986270904541
18864,0.08188369870185852
18865,0.07720265537500381
18866,0.05514300614595413
18867,0.08162257820367813
18868,0.08825280517339706
18869,0.0527547188103199
18870,0.0595393106341362
18871,0.10115567594766617
18872,0.05642818287014961
18873,0.06915454566478729
18874,0.018522681668400764
18875,0.04959560185670853
18876,0.0634368509054184
18877,0.0689208135008812
18878,0.042383886873722076
18879,0.04044694826006889
18880,0.07998714596033096
18881,0.08082796633243561
18882,0.07042839378118515
18883,0.08959919959306717
18884,0.04342139884829521
18885,0.07171941548585892
18886,0.07124713063240051
18887,0.08369026333093643
18888,0.06854542344808578
18889,0.026677025482058525
18890,0.0805375948548317
18891,0.06190381571650505
18892,0.03037441521883011
18893,0.07604149729013443
18894,0.034803759306669235
18895,0.06198779121041298
18896,0.08748843520879745
18897,0.06233244389295578
18898,0.047837529331445694
18899,0.08066508173942566
18900,0.048405665904283524
18901,0.04245947301387787
18902,0.060893017798662186
18903,0.08174540102481842
18904,0.06049178168177605
18905,0.0704684779047966
18906,0.077456034719944
18907,0.021504539996385574
18908,0.07736139744520187
18909,0.08288544416427612
18910,0.03535833582282066
18911,0.05765719711780548
18912,0.03984607383608818
18913,0.06361737847328186
18914,0.10556403547525406
18915,0.06329341977834702
18916,0.0656953826546669
18917,0.061600420624017715
18918,0.04396224766969681
18919,0.03341859579086304
18920,0.051894329488277435
18921,0.053442470729351044
18922,0.11796639114618301
18923,0.031988490372896194
18924,0.04704267904162407
18925,0.06875632703304291
18926,0.0791260376572609
18927,0.06423751264810562
18928,0.12573838233947754
18929,0.06394584476947784
18930,0.07807158678770065
18931,0.03286626562476158
18932,0.04861120507121086
18933,0.07201431691646576
18934,0.09197168052196503
18935,0.09604116529226303
18936,0.013188807293772697
18937,0.08401376754045486
18938,0.06462392956018448
18939,0.08311478048563004
18940,0.08484631031751633
18941,0.03793918713927269
18942,0.04274440556764603
18943,0.07593059539794922
18944,0.09331325441598892
18945,0.0573040246963501
18946,0.08451452851295471
18947,0.07007444649934769
18948,0.06466617435216904
18949,0.09908542782068253
18950,0.060644760727882385
18951,0.06942318379878998
18952,0.0809009000658989
18953,0.057450029999017715
18954,0.06970325112342834
18955,0.06560779362916946
18956,0.05407261848449707
18957,0.10960802435874939
18958,0.011832164600491524
18959,0.04440932348370552
18960,0.07917080074548721
18961,0.07959813624620438
18962,0.08837904036045074
18963,0.0699610635638237
18964,0.05561225488781929
18965,0.09362564235925674
18966,0.0719565898180008
18967,0.06456701457500458
18968,0.07052427530288696
18969,0.049180351197719574
18970,0.04374312609434128
18971,0.015201830305159092
18972,0.043966226279735565
18973,0.0916111096739769
18974,0.1415570229291916
18975,0.06840314716100693
18976,0.03720485419034958
18977,0.058469194918870926
18978,0.09065566956996918
18979,0.08167340606451035
18980,0.026249246671795845
18981,0.08439191430807114
18982,0.06032721325755119
18983,0.060020122677087784
18984,0.048723626881837845
18985,0.08139093220233917
18986,0.039031706750392914
18987,0.08495030552148819
18988,0.06567396223545074
18989,0.08924798667430878
18990,0.07516930997371674
18991,0.06313179433345795
18992,0.07658721506595612
18993,0.06289263069629669
18994,0.05887287110090256
18995,0.07640960812568665
18996,0.08379361778497696
18997,0.04373108223080635
18998,0.04965620115399361
18999,0.010206867009401321
19000,0.0985540822148323
19001,0.07066821306943893
19002,0.07918145507574081
19003,0.045758772641420364
19004,0.07446859776973724
19005,0.048367079347372055
19006,0.08202115446329117
19007,0.06646058708429337
19008,0.07107720524072647
19009,0.08749769628047943
19010,0.07935158163309097
19011,0.053527988493442535
19012,0.07987356185913086
19013,0.053550176322460175
19014,0.05049028620123863
19015,0.049163322895765305
19016,0.05575135722756386
19017,0.06996066868305206
19018,0.0622878223657608
19019,0.0823436975479126
19020,0.04996494576334953
19021,0.07315851002931595
19022,0.031050099059939384
19023,0.03366352990269661
19024,0.044332921504974365
19025,0.07446043938398361
19026,0.08624255657196045
19027,0.06455551832914352
19028,0.10183679312467575
19029,0.05351537466049194
19030,0.053357601165771484
19031,0.06894011050462723
19032,0.05010371655225754
19033,0.07353585958480835
19034,0.09906688332557678
19035,0.07407961040735245
19036,0.05959494784474373
19037,0.061320893466472626
19038,0.07521288841962814
19039,0.0725378766655922
19040,0.07689255475997925
19041,0.028139974921941757
19042,0.06259935349225998
19043,0.05872576683759689
19044,0.04812125116586685
19045,0.03225228562951088
19046,0.08080114424228668
19047,0.040017690509557724
19048,0.08455906808376312
19049,0.043574124574661255
19050,0.08113091439008713
19051,0.08843455463647842
19052,0.04591485485434532
19053,0.08471710234880447
19054,0.0889899730682373
19055,0.06163923069834709
19056,0.09363878518342972
19057,0.03899513557553291
19058,0.09741118550300598
19059,0.04838882014155388
19060,0.01963876560330391
19061,0.06929228454828262
19062,0.07428707927465439
19063,0.0489526130259037
19064,0.053499892354011536
19065,0.10020114481449127
19066,0.029837483540177345
19067,0.09593135863542557
19068,0.06909564137458801
19069,0.0825110450387001
19070,0.03658055514097214
19071,0.08175044506788254
19072,0.03212195634841919
19073,0.07184433937072754
19074,0.09140050411224365
19075,0.07558158785104752
19076,0.035430412739515305
19077,0.08465110510587692
19078,0.08458858728408813
19079,0.03482327237725258
19080,0.0495075061917305
19081,0.04531107470393181
19082,0.018699439242482185
19083,0.0709289088845253
19084,0.008331391960382462
19085,0.07739891111850739
19086,0.02209191955626011
19087,0.08173535764217377
19088,0.06660111248493195
19089,0.05759730562567711
19090,0.07774738222360611
19091,0.08893907815217972
19092,0.07456138730049133
19093,0.06541410833597183
19094,0.07104756683111191
19095,0.054375648498535156
19096,0.04090332239866257
19097,0.05790585279464722
19098,0.06823670864105225
19099,0.08763954043388367
19100,0.07038269191980362
19101,0.07994402945041656
19102,0.05813026428222656
19103,0.08119068294763565
19104,0.06384287029504776
19105,0.046189818531274796
19106,0.08263220638036728
19107,0.08423638343811035
19108,0.08058212697505951
19109,0.07158861309289932
19110,0.07346272468566895
19111,0.05898211523890495
19112,0.07397524267435074
19113,0.06962817162275314
19114,0.07609154284000397
19115,0.07182751595973969
19116,0.030680159106850624
19117,0.07826494425535202
19118,0.018753474578261375
19119,0.04577147215604782
19120,0.06886472553014755
19121,0.07911285012960434
19122,0.06091201305389404
19123,0.07402307540178299
19124,0.03052862174808979
19125,0.07788091897964478
19126,0.0648687481880188
19127,0.05997677147388458
19128,0.04934880509972572
19129,0.04916967824101448
19130,0.07264851778745651
19131,0.060907259583473206
19132,0.06993395835161209
19133,0.08017117530107498
19134,0.06801627576351166
19135,0.07358220964670181
19136,0.05030541121959686
19137,0.07166814804077148
19138,0.08192490041255951
19139,0.09314905107021332
19140,0.06576402485370636
19141,0.010301140137016773
19142,0.050144094973802567
19143,0.079666867852211
19144,0.02540590800344944
19145,0.06572980433702469
19146,0.057070791721343994
19147,0.0667077973484993
19148,0.06290215998888016
19149,0.060280170291662216
19150,0.059970512986183167
19151,0.0737946555018425
19152,0.09273714572191238
19153,0.0771980956196785
19154,0.10514940321445465
19155,0.08890202641487122
19156,0.05595466122031212
19157,0.059995386749506
19158,0.0474398247897625
19159,0.05166291072964668
19160,0.06796717643737793
19161,0.07544582337141037
19162,0.07430719584226608
19163,0.05562266334891319
19164,0.07045530527830124
19165,0.030704624950885773
19166,0.051530949771404266
19167,0.04126106575131416
19168,0.030275071039795876
19169,0.07300880551338196
19170,0.07739240676164627
19171,0.04835075885057449
19172,0.007460432592779398
19173,0.034224748611450195
19174,0.09839816391468048
19175,0.06795414537191391
19176,0.04094622656702995
19177,0.05909575894474983
19178,0.06713536381721497
19179,0.09537409991025925
19180,0.04584839195013046
19181,0.05492869019508362
19182,0.020801270380616188
19183,0.06632636487483978
19184,0.08900824189186096
19185,0.06257031857967377
19186,0.0843760073184967
19187,0.07277718186378479
19188,0.0769617035984993
19189,0.059950247406959534
19190,0.0801912322640419
19191,0.08687048405408859
19192,0.07193223387002945
19193,0.05764200910925865
19194,0.07236206531524658
19195,0.07235649973154068
19196,0.05794563516974449
19197,0.06989622861146927
19198,0.05685368552803993
19199,0.08418867737054825
19200,0.06928405910730362
19201,0.06938635557889938
19202,0.06562548130750656
19203,0.051694147288799286
19204,0.07986076176166534
19205,0.07272694259881973
19206,0.0395040325820446
19207,0.055703774094581604
19208,0.07375061511993408
19209,0.06901203095912933
19210,0.013173830695450306
19211,0.06998050212860107
19212,0.04388284310698509
19213,0.0809163823723793
19214,0.06975404918193817
19215,0.038332145661115646
19216,0.10682008415460587
19217,0.05337096005678177
19218,0.04878751561045647
19219,0.07390326261520386
19220,0.07028622180223465
19221,0.08301620930433273
19222,0.07496247440576553
19223,0.07701444625854492
19224,0.07193651795387268
19225,0.054983124136924744
19226,0.0658772736787796
19227,0.0551874116063118
19228,0.03072042018175125
19229,0.08563357591629028
19230,0.0490993857383728
19231,0.07041170448064804
19232,0.051622360944747925
19233,0.07467496395111084
19234,0.07903925329446793
19235,0.07193659991025925
19236,0.04566114395856857
19237,0.07399680465459824
19238,0.0833870992064476
19239,0.07775060832500458
19240,0.05094904080033302
19241,0.026404036208987236
19242,0.09520657360553741
19243,0.055104248225688934
19244,0.07138055562973022
19245,0.06820813566446304
19246,0.08382699638605118
19247,0.038774311542510986
19248,0.09551414847373962
19249,0.04143143445253372
19250,0.07995761930942535
19251,0.04473074898123741
19252,0.05082807317376137
19253,0.08470825105905533
19254,0.05988059565424919
19255,0.07460003346204758
19256,0.06246941164135933
19257,0.038206543773412704
19258,0.10562848299741745
19259,0.07635613530874252
19260,0.045161936432123184
19261,0.08573897182941437
19262,0.08767961710691452
19263,0.07841075956821442
19264,0.03290344774723053
19265,0.037750449031591415
19266,0.06532786041498184
19267,0.04535593464970589
19268,0.08360004425048828
19269,0.04962645843625069
19270,0.02798072248697281
19271,0.04167791083455086
19272,0.09014061093330383
19273,0.025265544652938843
19274,0.09092426300048828
19275,0.05248526856303215
19276,0.05813149735331535
19277,0.04394826292991638
19278,0.09050599485635757
19279,0.07342991977930069
19280,0.05282069742679596
19281,0.042222924530506134
19282,0.07046817988157272
19283,0.07765574753284454
19284,0.07155290991067886
19285,0.07494179159402847
19286,0.0453096367418766
19287,0.0718340054154396
19288,0.07480112463235855
19289,0.0466255284845829
19290,0.07847598195075989
19291,0.07405075430870056
19292,0.060752350836992264
19293,0.06844177842140198
19294,0.05126627907156944
19295,0.0878160372376442
19296,0.0954306498169899
19297,0.033681128174066544
19298,0.0664820447564125
19299,0.04079826548695564
19300,0.0562211275100708
19301,0.07777070254087448
19302,0.07607334107160568
19303,0.06149933114647865
19304,0.0640614777803421
19305,0.06562493741512299
19306,0.07597597688436508
19307,0.0545390285551548
19308,0.06958886981010437
19309,0.05001775547862053
19310,0.05731658264994621
19311,0.040818993002176285
19312,0.0108230235055089
19313,0.06959325820207596
19314,0.07091162353754044
19315,0.05833779647946358
19316,0.09164289385080338
19317,0.07237908989191055
19318,0.07435858249664307
19319,0.06785164773464203
19320,0.07124246656894684
19321,0.029556626453995705
19322,0.07314717769622803
19323,0.034798890352249146
19324,0.09258874505758286
19325,0.06940912455320358
19326,0.1066620871424675
19327,0.07871060818433762
19328,0.05744519457221031
19329,0.06761579215526581
19330,0.046702589839696884
19331,0.04678201675415039
19332,0.05533285066485405
19333,0.05461743101477623
19334,0.07750662416219711
19335,0.08471221476793289
19336,0.05523158982396126
19337,0.07000329345464706
19338,0.038812704384326935
19339,0.06863046437501907
19340,0.022484084591269493
19341,0.07540655881166458
19342,0.030238190665841103
19343,0.09956248849630356
19344,0.06939424574375153
19345,0.08272720873355865
19346,0.07653386145830154
19347,0.04950086027383804
19348,0.099183589220047
19349,0.09257292747497559
19350,0.05329589173197746
19351,0.07714954763650894
19352,0.05538695305585861
19353,0.06558046489953995
19354,0.021439222618937492
19355,0.07585982233285904
19356,0.07113136351108551
19357,0.06709696352481842
19358,0.09440194815397263
19359,0.08606987446546555
19360,0.06256533414125443
19361,0.0800900086760521
19362,0.06400316208600998
19363,0.04122248664498329
19364,0.022979576140642166
19365,0.07344596087932587
19366,0.08407621830701828
19367,0.05241132155060768
19368,0.07478167861700058
19369,0.06779421120882034
19370,0.07081916183233261
19371,0.07797906547784805
19372,0.05041896179318428
19373,0.09869971871376038
19374,0.0726735070347786
19375,0.0726185292005539
19376,0.0763433426618576
19377,0.05650626868009567
19378,0.028235627338290215
19379,0.06313346326351166
19380,0.04942977428436279
19381,0.015593747608363628
19382,0.06888489425182343
19383,0.04905134439468384
19384,0.10299474745988846
19385,0.0588332936167717
19386,0.07122839242219925
19387,0.04138356074690819
19388,0.04626014828681946
19389,0.08809459209442139
19390,0.04717423394322395
19391,0.07904911786317825
19392,0.07499376684427261
19393,0.06760547310113907
19394,0.07254588603973389
19395,0.08895037323236465
19396,0.029431330040097237
19397,0.048394184559583664
19398,0.06998307257890701
19399,0.08231047540903091
19400,0.019239306449890137
19401,0.0970521792769432
19402,0.08893626183271408
19403,0.04141430929303169
19404,0.06837766617536545
19405,0.028802739456295967
19406,0.07999687641859055
19407,0.08398071676492691
19408,0.07632538676261902
19409,0.028142591938376427
19410,0.08965770155191422
19411,0.03688427433371544
19412,0.017420124262571335
19413,0.06738056242465973
19414,0.09338507801294327
19415,0.0691419467329979
19416,0.04247792437672615
19417,0.07035819441080093
19418,0.07232171297073364
19419,0.08882217854261398
19420,0.012274007312953472
19421,0.05930066853761673
19422,0.024532923474907875
19423,0.06988940387964249
19424,0.0773138478398323
19425,0.07220050692558289
19426,0.04815276339650154
19427,0.0808902308344841
19428,0.053875882178545
19429,0.08089146763086319
19430,0.028781725093722343
19431,0.07280756533145905
19432,0.08712498098611832
19433,0.02620670013129711
19434,0.04471069574356079
19435,0.027406560257077217
19436,0.0619250126183033
19437,0.10680485516786575
19438,0.07084972411394119
19439,0.07636485248804092
19440,0.06334107369184494
19441,0.0780554860830307
19442,0.027457768097519875
19443,0.032334160059690475
19444,0.07380643486976624
19445,0.04532860592007637
19446,0.056763436645269394
19447,0.07885036617517471
19448,0.04532339423894882
19449,0.09452033042907715
19450,0.08770971745252609
19451,0.0750526413321495
19452,0.0838518887758255
19453,0.030880775302648544
19454,0.06146525219082832
19455,0.06933273375034332
19456,0.015139566734433174
19457,0.05472715571522713
19458,0.10140360891819
19459,0.07752785831689835
19460,0.07602586597204208
19461,0.0837618038058281
19462,0.052860189229249954
19463,0.05746475234627724
19464,0.03609559312462807
19465,0.05941377207636833
19466,0.08103613555431366
19467,0.06149490550160408
19468,0.06557745486497879
19469,0.05672566220164299
19470,0.03758375719189644
19471,0.04654845967888832
19472,0.08967968821525574
19473,0.07843860983848572
19474,0.05647723749279976
19475,0.05074361711740494
19476,0.05524253100156784
19477,0.08145218342542648
19478,0.059521425515413284
19479,0.09109287708997726
19480,0.07592495530843735
19481,0.0641927495598793
19482,0.04141664505004883
19483,0.04988299682736397
19484,0.06409186124801636
19485,0.06282852590084076
19486,0.04861762747168541
19487,0.04249981418251991
19488,0.08086106926202774
19489,0.04745148867368698
19490,0.0760471522808075
19491,0.04844977334141731
19492,0.07153870165348053
19493,0.04052029922604561
19494,0.04146327078342438
19495,0.0740537941455841
19496,0.013383682817220688
19497,0.08071012794971466
19498,0.05072278529405594
19499,0.06838086992502213
19500,0.0907261073589325
19501,0.07301696389913559
19502,0.0726652517914772
19503,0.07877664268016815
19504,0.06216974928975105
19505,0.05372263863682747
19506,0.03217192366719246
19507,0.046642005443573
19508,0.07717372477054596
19509,0.08499492704868317
19510,0.07677242904901505
19511,0.04032345488667488
19512,0.07736169546842575
19513,0.08611878752708435
19514,0.08299179375171661
19515,0.07916733622550964
19516,0.055014099925756454
19517,0.05374143272638321
19518,0.07784546911716461
19519,0.06588941067457199
19520,0.04588526487350464
19521,0.06558636575937271
19522,0.04548684135079384
19523,0.07556581497192383
19524,0.051805246621370316
19525,0.08446907252073288
19526,0.08002776652574539
19527,0.030764838680624962
19528,0.07925881445407867
19529,0.01761222444474697
19530,0.07670323550701141
19531,0.02964508906006813
19532,0.07898780703544617
19533,0.10899403691291809
19534,0.07492414116859436
19535,0.039279237389564514
19536,0.0731264129281044
19537,0.07376114279031754
19538,0.06925506144762039
19539,0.07692954689264297
19540,0.06723430007696152
19541,0.07161230593919754
19542,0.05012977868318558
19543,0.03371123597025871
19544,0.07767818868160248
19545,0.04465503990650177
19546,0.08081584423780441
19547,0.06804686039686203
19548,0.04805294796824455
19549,0.0463954359292984
19550,0.07039330899715424
19551,0.0653027817606926
19552,0.06326214224100113
19553,0.0768781304359436
19554,0.08098645508289337
19555,0.059674348682165146
19556,0.0751577615737915
19557,0.06505009531974792
19558,0.08251485973596573
19559,0.06294327974319458
19560,0.06322140991687775
19561,0.07340461760759354
19562,0.10545002669095993
19563,0.10799339413642883
19564,0.03137901797890663
19565,0.07469334453344345
19566,0.08624185621738434
19567,0.06427691131830215
19568,0.07841768115758896
19569,0.08578690886497498
19570,0.09940139204263687
19571,0.08294835686683655
19572,0.07212430238723755
19573,0.04132663086056709
19574,0.05163449048995972
19575,0.04057474061846733
19576,0.08057931065559387
19577,0.0426274836063385
19578,0.043162547051906586
19579,0.03275572136044502
19580,0.07804454863071442
19581,0.047743357717990875
19582,0.043249987065792084
19583,0.04138236492872238
19584,0.08333801478147507
19585,0.03566296398639679
19586,0.06788811832666397
19587,0.07324286550283432
19588,0.05337277799844742
19589,0.06641434878110886
19590,0.06407121568918228
19591,0.05290914326906204
19592,0.08190588653087616
19593,0.08276259899139404
19594,0.0379490964114666
19595,0.06676386296749115
19596,0.08013568073511124
19597,0.04427061602473259
19598,0.048535335808992386
19599,0.08023170381784439
19600,0.054617367684841156
19601,0.07860074192285538
19602,0.06944388896226883
19603,0.06176430732011795
19604,0.04584658145904541
19605,0.03176596760749817
19606,0.0739239752292633
19607,0.09704332053661346
19608,0.07097558677196503
19609,0.06048658862709999
19610,0.04364272579550743
19611,0.06014921888709068
19612,0.06105866655707359
19613,0.06306973099708557
19614,0.0713944211602211
19615,0.01736750826239586
19616,0.04650826007127762
19617,0.08898794651031494
19618,0.07786085456609726
19619,0.07645783573389053
19620,0.07297805696725845
19621,0.07924851775169373
19622,0.06649550795555115
19623,0.07545384019613266
19624,0.061157576739788055
19625,0.04867888614535332
19626,0.06925980001688004
19627,0.027607392519712448
19628,0.10240916162729263
19629,0.046007633209228516
19630,0.03647463768720627
19631,0.06873674690723419
19632,0.0718279629945755
19633,0.07290123403072357
19634,0.07705027610063553
19635,0.04897475987672806
