ID,score
0,0.00454420130699873
1,0.006416434422135353
2,0.004696040414273739
3,0.00658657681196928
4,0.011312035843729973
5,0.013827520422637463
6,0.00484885461628437
7,0.016464311629533768
8,0.0049844663590192795
9,0.0054021067917346954
10,0.011337626725435257
11,0.01208579447120428
12,0.005502290092408657
13,0.012502427212893963
14,0.004631896503269672
15,0.010959578678011894
16,0.004206436686217785
17,0.007729773409664631
18,0.024933915585279465
19,0.006459365598857403
20,0.005880241747945547
21,0.006224311888217926
22,0.007357999682426453
23,0.0030673404689878225
24,0.01932653598487377
25,0.0036245915107429028
26,0.009402523748576641
27,0.005108668003231287
28,0.0043060630559921265
29,0.006310357712209225
30,0.011967485770583153
31,0.004381847567856312
32,0.005873081739991903
33,0.005438791122287512
34,0.007177657447755337
35,0.004795177839696407
36,0.008563444018363953
37,0.006948679685592651
38,0.0031571057625114918
39,0.009103776887059212
40,0.01928829960525036
41,0.007810070179402828
42,0.00477608572691679
43,0.010833125561475754
44,0.01811765693128109
45,0.007611771114170551
46,0.006120624952018261
47,0.009622590616345406
48,0.0058727203868329525
49,0.0033991094678640366
50,0.012522558681666851
51,0.016440846025943756
52,0.005453660152852535
53,0.004216591827571392
54,0.006725904997438192
55,0.005156997591257095
56,0.00986536219716072
57,0.003729770891368389
58,0.0046324655413627625
59,0.0044747102074325085
60,0.008237719535827637
61,0.003641837276518345
62,0.006282927002757788
63,0.0028330469503998756
64,0.008089497685432434
65,0.015906184911727905
66,0.00590462377294898
67,0.005376435816287994
68,0.006692474242299795
69,0.013267296366393566
70,0.009350930340588093
71,0.014295898377895355
72,0.0044505661353468895
73,0.0031425952911376953
74,0.005672790110111237
75,0.007928164675831795
76,0.008862395770847797
77,0.005701380781829357
78,0.022242676466703415
79,0.009406986646354198
80,0.011350232176482677
81,0.006064515560865402
82,0.01517797913402319
83,0.01686881110072136
84,0.005387464072555304
85,0.02674764394760132
86,0.0052111223340034485
87,0.012286379933357239
88,0.008954889141023159
89,0.012745648622512817
90,0.002634497359395027
91,0.012483209371566772
92,0.001809960580430925
93,0.007302687503397465
94,0.0061577605083584785
95,0.0058236150071024895
96,0.011823192238807678
97,0.0063752904534339905
98,0.00671856664121151
99,0.008170091547071934
100,0.013462151400744915
101,0.005743538495153189
102,0.007355092093348503
103,0.006913952529430389
104,0.007008618675172329
105,0.005837354809045792
106,0.011043551377952099
107,0.008061273954808712
108,0.010339915752410889
109,0.005035903304815292
110,0.0051271854899823666
111,0.0042852298356592655
112,0.006633829325437546
113,0.00749068520963192
114,0.012779276818037033
115,0.003526088548824191
116,0.004129139240831137
117,0.00901843886822462
118,0.006669000722467899
119,0.009662747383117676
120,0.004445756319910288
121,0.006915402598679066
122,0.011526386253535748
123,0.004946185275912285
124,0.008599426597356796
125,0.011440029367804527
126,0.016450371593236923
127,0.009211727418005466
128,0.007171209901571274
129,0.0033706072717905045
130,0.003909241408109665
131,0.00922765489667654
132,0.010267077945172787
133,0.005565576255321503
134,0.003236786462366581
135,0.020083274692296982
136,0.007031679153442383
137,0.005356688052415848
138,0.00411954615265131
139,0.012233677320182323
140,0.0058476729318499565
141,0.008075700141489506
142,0.009513362310826778
143,0.005698136053979397
144,0.009995951317250729
145,0.002635031705722213
146,0.008403907530009747
147,0.0049642110243439674
148,0.004802289418876171
149,0.018275592476129532
150,0.010488864034414291
151,0.00824526697397232
152,0.005357368849217892
153,0.003303318750113249
154,0.005349928047508001
155,0.008743008598685265
156,0.006677164696156979
157,0.006514832377433777
158,0.006452594883739948
159,0.00554442685097456
160,0.00795053318142891
161,0.008366596885025501
162,0.006343978922814131
163,0.005217602010816336
164,0.014807182364165783
165,0.005184808745980263
166,0.006385646760463715
167,0.013614535331726074
168,0.003236329648643732
169,0.013585982844233513
170,0.005868069361895323
171,0.010357066988945007
172,0.0035518507938832045
173,0.00982033833861351
174,0.01587950810790062
175,0.006387589033693075
176,0.008417018689215183
177,0.0058095380663871765
178,0.003173929639160633
179,0.008185191079974174
180,0.0104503333568573
181,0.00672932481393218
182,0.006274139508605003
183,0.00364591833204031
184,0.014497652649879456
185,0.005020334385335445
186,0.005113949999213219
187,0.004027870949357748
188,0.003344868775457144
189,0.0059402016922831535
190,0.009203925728797913
191,0.00572378933429718
192,0.008453799411654472
193,0.0065133096650242805
194,0.008948292583227158
195,0.0033110561780631542
196,0.006293995305895805
197,0.006092376075685024
198,0.0072471327148377895
199,0.009986137971282005
200,0.007864716462790966
201,0.008927097544074059
202,0.004256843589246273
203,0.007757265120744705
204,0.01554249506443739
205,0.0041712811216712
206,0.004195184446871281
207,0.004169899970293045
208,0.007831728085875511
209,0.005629460792988539
210,0.016403377056121826
211,0.007292873691767454
212,0.007772132754325867
213,0.015419812873005867
214,0.007415869738906622
215,0.019490521401166916
216,0.003908195532858372
217,0.007724493741989136
218,0.004161025397479534
219,0.004522273316979408
220,0.003844678169116378
221,0.00408035097643733
222,0.012142671272158623
223,0.009211014956235886
224,0.011291290633380413
225,0.008716071024537086
226,0.02845827490091324
227,0.006383951753377914
228,0.010901624336838722
229,0.011224992573261261
230,0.020935140550136566
231,0.013901113532483578
232,0.005853172391653061
233,0.013773104175925255
234,0.008389106951653957
235,0.022443514317274094
236,0.004282462876290083
237,0.0030947464983910322
238,0.005948599427938461
239,0.007560922764241695
240,0.010877716355025768
241,0.006662249565124512
242,0.007337271701544523
243,0.009793637320399284
244,0.008847951889038086
245,0.0041736154817044735
246,0.012505728751420975
247,0.00946405902504921
248,0.004402778577059507
249,0.011556493118405342
250,0.005512844305485487
251,0.006931104697287083
252,0.008225250989198685
253,0.004891370423138142
254,0.003813908202573657
255,0.010488821193575859
256,0.0030715735629200935
257,0.004098582547158003
258,0.013595910742878914
259,0.002775905653834343
260,0.004123797174543142
261,0.0074558621272444725
262,0.008332224562764168
263,0.011262509971857071
264,0.006041095592081547
265,0.004996763076633215
266,0.010353191755712032
267,0.003677374217659235
268,0.008128711953759193
269,0.003740058047696948
270,0.018025467172265053
271,0.020997818559408188
272,0.004141863435506821
273,0.00320979836396873
274,0.0073058120906353
275,0.013754189014434814
276,0.007904510013759136
277,0.007186792325228453
278,0.007975449785590172
279,0.00553116574883461
280,0.005294318776577711
281,0.01839516870677471
282,0.017018333077430725
283,0.004075903445482254
284,0.00691550737246871
285,0.013045432046055794
286,0.011854033917188644
287,0.0064900778234004974
288,0.008502889424562454
289,0.005523167550563812
290,0.004162719007581472
291,0.012664083391427994
292,0.008798157796263695
293,0.015186769887804985
294,0.008265640586614609
295,0.006640962790697813
296,0.013450360856950283
297,0.002934546209871769
298,0.007589889690279961
299,0.0061254180036485195
300,0.008499735966324806
301,0.005009605083614588
302,0.012363888323307037
303,0.007263097446411848
304,0.010847419500350952
305,0.006127294152975082
306,0.003068639663979411
307,0.0070693413726985455
308,0.004156899638473988
309,0.0071911895647645
310,0.008040192537009716
311,0.010247902944684029
312,0.012145182117819786
313,0.02470562234520912
314,0.003346892772242427
315,0.007725208532065153
316,0.003379697445780039
317,0.01266764011234045
318,0.009169649332761765
319,0.005833175033330917
320,0.00643541943281889
321,0.00982377864420414
322,0.0036925706081092358
323,0.004288223572075367
324,0.014623492024838924
325,0.010857644490897655
326,0.005121536552906036
327,0.012781276367604733
328,0.01462898962199688
329,0.013888396322727203
330,0.012501909397542477
331,0.007534924894571304
332,0.006414908450096846
333,0.009333091787993908
334,0.005937847308814526
335,0.0033230483531951904
336,0.003784618806093931
337,0.00882986281067133
338,0.0062246136367321014
339,0.006416108459234238
340,0.0029989106114953756
341,0.006577598862349987
342,0.0047536022029817104
343,0.00632210960611701
344,0.008577748201787472
345,0.006439098156988621
346,0.01043003797531128
347,0.013106550090014935
348,0.010692883282899857
349,0.00759678240865469
350,0.008937234058976173
351,0.005570627748966217
352,0.0047172680497169495
353,0.005026909057050943
354,0.0052567822858691216
355,0.007858461700379848
356,0.012682232074439526
357,0.010405970737338066
358,0.010639285668730736
359,0.01029284205287695
360,0.00425261165946722
361,0.00972467940300703
362,0.004501911345869303
363,0.0085598174482584
364,0.01147414743900299
365,0.005852503702044487
366,0.01834772899746895
367,0.006989955902099609
368,0.011459967121481895
369,0.0033162448089569807
370,0.010158327408134937
371,0.005077532026916742
372,0.0046356236562132835
373,0.01859496347606182
374,0.005239357706159353
375,0.0053178369998931885
376,0.0048822397366166115
377,0.0064811743795871735
378,0.012257794849574566
379,0.014451342634856701
380,0.00605760095641017
381,0.005856984294950962
382,0.009907277300953865
383,0.0027350103482604027
384,0.020946374163031578
385,0.009225252084434032
386,0.013263838365674019
387,0.0034035774879157543
388,0.008801048621535301
389,0.006121453829109669
390,0.0035791127011179924
391,0.014595350250601768
392,0.0051866257563233376
393,0.006626874208450317
394,0.010785093531012535
395,0.008654620498418808
396,0.02364053949713707
397,0.007653468754142523
398,0.00600240845233202
399,0.0034996389877051115
400,0.01090315729379654
401,0.007318585179746151
402,0.011095765978097916
403,0.007677658461034298
404,0.005096621811389923
405,0.02723071537911892
406,0.007704420015215874
407,0.010824209079146385
408,0.007586146704852581
409,0.008160379715263844
410,0.006008587311953306
411,0.004925246816128492
412,0.010578282177448273
413,0.004169512540102005
414,0.013970611616969109
415,0.0041757868602871895
416,0.0043476177379488945
417,0.008741633966565132
418,0.01041795127093792
419,0.0041788918897509575
420,0.0077467928640544415
421,0.005863870494067669
422,0.011344168335199356
423,0.01039406843483448
424,0.007275465875864029
425,0.005632828921079636
426,0.004675597883760929
427,0.007872503250837326
428,0.0054459720849990845
429,0.0038315204437822104
430,0.010602645576000214
431,0.0037392210215330124
432,0.010778862051665783
433,0.005657342728227377
434,0.004388989880681038
435,0.005440383683890104
436,0.005815116688609123
437,0.007049609906971455
438,0.019895358011126518
439,0.006260882597416639
440,0.006347124930471182
441,0.005078546237200499
442,0.009361299686133862
443,0.02032764069736004
444,0.005269866436719894
445,0.00767690222710371
446,0.006561092101037502
447,0.007107242476195097
448,0.015070426277816296
449,0.005371340550482273
450,0.009521468542516232
451,0.006365206092596054
452,0.006074618548154831
453,0.01486294623464346
454,0.011477935127913952
455,0.0077833617106080055
456,0.006710581481456757
457,0.0028375820256769657
458,0.0051887924782931805
459,0.008662024512887001
460,0.004881634842604399
461,0.00440934719517827
462,0.007902982644736767
463,0.05614542216062546
464,0.010143626481294632
465,0.007822087965905666
466,0.005792237818241119
467,0.004590853117406368
468,0.007541726343333721
469,0.018460016697645187
470,0.0047811949625611305
471,0.009814782068133354
472,0.0065710037015378475
473,0.0025245973374694586
474,0.008576193824410439
475,0.01082191988825798
476,0.008236715570092201
477,0.005371576175093651
478,0.004278030712157488
479,0.00557532487437129
480,0.006506824400275946
481,0.015341895632445812
482,0.017531996592879295
483,0.011647130362689495
484,0.006216374691575766
485,0.006226524710655212
486,0.008668816648423672
487,0.009617040865123272
488,0.005010940134525299
489,0.018632223829627037
490,0.02706429921090603
491,0.006796993315219879
492,0.012402776628732681
493,0.007012060843408108
494,0.006135569419711828
495,0.004526303615421057
496,0.007589438464492559
497,0.007029460743069649
498,0.006464991718530655
499,0.004714074544608593
500,0.006874577607959509
501,0.006189026869833469
502,0.004099521320313215
503,0.013410511426627636
504,0.012200914323329926
505,0.004359528422355652
506,0.007495203986763954
507,0.014497635886073112
508,0.005530068650841713
509,0.009427209384739399
510,0.012989379465579987
511,0.02677077054977417
512,0.003248124150559306
513,0.006267673335969448
514,0.01266349758952856
515,0.012544989585876465
516,0.0033588081132620573
517,0.004011661279946566
518,0.006417996250092983
519,0.012142441235482693
520,0.0035306974314153194
521,0.006255544256418943
522,0.0039259037002921104
523,0.008878050372004509
524,0.0073009333573281765
525,0.004711003042757511
526,0.009124141186475754
527,0.007313985377550125
528,0.003943848889321089
529,0.003085414646193385
530,0.008843464776873589
531,0.011891236528754234
532,0.009593939408659935
533,0.008376151323318481
534,0.0029114605858922005
535,0.009478399530053139
536,0.0075110564939677715
537,0.003537699580192566
538,0.012398799881339073
539,0.006092782132327557
540,0.00994477141648531
541,0.0055770594626665115
542,0.005806584842503071
543,0.006406931206583977
544,0.005559179000556469
545,0.004436898976564407
546,0.011618165299296379
547,0.023327946662902832
548,0.006875236518681049
549,0.011646999046206474
550,0.005659002810716629
551,0.008160669356584549
552,0.010697616264224052
553,0.005520825739949942
554,0.02788454294204712
555,0.006208182778209448
556,0.0076252552680671215
557,0.0081538250669837
558,0.00847632810473442
559,0.011166776530444622
560,0.011420361697673798
561,0.007282836362719536
562,0.012467275373637676
563,0.011771257035434246
564,0.009689250960946083
565,0.007421399932354689
566,0.01225801557302475
567,0.007483131252229214
568,0.01547799538820982
569,0.004064721055328846
570,0.0070243822410702705
571,0.003000915050506592
572,0.007809119299054146
573,0.003536220407113433
574,0.010978523641824722
575,0.00793706625699997
576,0.011560860089957714
577,0.009351271204650402
578,0.013076752424240112
579,0.00356239452958107
580,0.005731548182666302
581,0.004418281372636557
582,0.003635632572695613
583,0.006644906010478735
584,0.004876807797700167
585,0.006765611004084349
586,0.008919661864638329
587,0.0071007125079631805
588,0.005580551456660032
589,0.010139744728803635
590,0.005989437457174063
591,0.0093607222661376
592,0.007604015059769154
593,0.013270917348563671
594,0.010048864409327507
595,0.006633197423070669
596,0.004510851111263037
597,0.011677179485559464
598,0.005574729293584824
599,0.010955769568681717
600,0.012762263417243958
601,0.006764800753444433
602,0.005704543553292751
603,0.0053999233059585094
604,0.0046060048043727875
605,0.00786537490785122
606,0.0027232959400862455
607,0.007168819662183523
608,0.011242760345339775
609,0.007146339863538742
610,0.0032883472740650177
611,0.010190775617957115
612,0.01776026003062725
613,0.006889276206493378
614,0.006859417539089918
615,0.011807064525783062
616,0.013201184570789337
617,0.008865218609571457
618,0.011164571158587933
619,0.008071493357419968
620,0.003808221546933055
621,0.007650247775018215
622,0.009541330859065056
623,0.01207561045885086
624,0.011107570491731167
625,0.005708126351237297
626,0.006077911704778671
627,0.005928165279328823
628,0.00579047342762351
629,0.013365570455789566
630,0.006530199199914932
631,0.009143417701125145
632,0.008811965584754944
633,0.012309229001402855
634,0.004333051852881908
635,0.00952174048870802
636,0.0059908791445195675
637,0.009521543979644775
638,0.003997677005827427
639,0.020202679559588432
640,0.009696273133158684
641,0.006493677385151386
642,0.00466638570651412
643,0.0043852562084794044
644,0.005587671883404255
645,0.006110172253102064
646,0.0034555625170469284
647,0.012752346694469452
648,0.006939832121133804
649,0.014278124086558819
650,0.004221280105412006
651,0.00685915257781744
652,0.010833768174052238
653,0.01261063665151596
654,0.02306697890162468
655,0.009277109988033772
656,0.003175911260768771
657,0.005443781614303589
658,0.007058989256620407
659,0.003205356653779745
660,0.004033297300338745
661,0.006995180156081915
662,0.0055705709382891655
663,0.012011885643005371
664,0.008000453934073448
665,0.005092492327094078
666,0.009388851001858711
667,0.007189207710325718
668,0.006150674074888229
669,0.002856187056750059
670,0.00466200290247798
671,0.006506854668259621
672,0.007612908259034157
673,0.006351518910378218
674,0.005591661669313908
675,0.009260868653655052
676,0.004371945280581713
677,0.005656824912875891
678,0.003040086943656206
679,0.004195619374513626
680,0.00888585764914751
681,0.0057650222443044186
682,0.012221470475196838
683,0.008016697131097317
684,0.009144594892859459
685,0.02064467780292034
686,0.0029092205222696066
687,0.005831148475408554
688,0.004732844885438681
689,0.002282853238284588
690,0.00998333003371954
691,0.005687510594725609
692,0.004536363296210766
693,0.0038046552799642086
694,0.005816694349050522
695,0.006405945401638746
696,0.006390511058270931
697,0.00970559474080801
698,0.004778476897627115
699,0.013948583975434303
700,0.010048439726233482
701,0.006092323921620846
702,0.008168580010533333
703,0.006757361348718405
704,0.006070468574762344
705,0.005127610173076391
706,0.005798639263957739
707,0.006624231114983559
708,0.007952369749546051
709,0.00489124795421958
710,0.00630907854065299
711,0.004892443306744099
712,0.02219611033797264
713,0.010502967052161694
714,0.003917013760656118
715,0.009382808580994606
716,0.010467873886227608
717,0.014069430530071259
718,0.003764355555176735
719,0.0119672492146492
720,0.003952980972826481
721,0.009645042940974236
722,0.005405231844633818
723,0.014602395705878735
724,0.0056527238339185715
725,0.005985088646411896
726,0.005289675667881966
727,0.006481967866420746
728,0.006572026293724775
729,0.009913894347846508
730,0.005943898111581802
731,0.009661181829869747
732,0.007016463205218315
733,0.008841022849082947
734,0.007416342850774527
735,0.009304211474955082
736,0.004059260711073875
737,0.010327405296266079
738,0.011216997168958187
739,0.009447459131479263
740,0.008746184408664703
741,0.012560429982841015
742,0.009230955503880978
743,0.002781745046377182
744,0.0058998242020606995
745,0.008333776146173477
746,0.005820136517286301
747,0.0054776594042778015
748,0.006014490034431219
749,0.00962357223033905
750,0.006791976746171713
751,0.006878215819597244
752,0.00534688588231802
753,0.010270172730088234
754,0.0033623198978602886
755,0.013192009180784225
756,0.00623758789151907
757,0.005062382202595472
758,0.010409729555249214
759,0.009599963203072548
760,0.014662722125649452
761,0.005358036607503891
762,0.012755507603287697
763,0.007418771740049124
764,0.004841371439397335
765,0.004858203232288361
766,0.007761704735457897
767,0.013505904003977776
768,0.009585855528712273
769,0.016747238114476204
770,0.006727335508912802
771,0.006229013204574585
772,0.005500671919435263
773,0.010559022426605225
774,0.013883838430047035
775,0.008473782800137997
776,0.0028270138427615166
777,0.008204308338463306
778,0.00940517708659172
779,0.008589666336774826
780,0.007822975516319275
781,0.00628970330581069
782,0.005735957063734531
783,0.005967096425592899
784,0.004137955140322447
785,0.004647273104637861
786,0.03126306086778641
787,0.0068263886496424675
788,0.004687062930315733
789,0.0037831193767488003
790,0.015123959630727768
791,0.003300946205854416
792,0.0055579571053385735
793,0.00581796420738101
794,0.012646656483411789
795,0.012171190232038498
796,0.027149846777319908
797,0.00434989994391799
798,0.004958753939718008
799,0.006234574131667614
800,0.00829700380563736
801,0.013141795992851257
802,0.007184160407632589
803,0.011759893968701363
804,0.005528328474611044
805,0.01288757286965847
806,0.008843248710036278
807,0.007937638089060783
808,0.005172767676413059
809,0.006382877007126808
810,0.012123296037316322
811,0.006941055413335562
812,0.008691499009728432
813,0.006165271159261465
814,0.0120601337403059
815,0.0046517918817698956
816,0.011051985435187817
817,0.01291990838944912
818,0.004125348757952452
819,0.004458134062588215
820,0.005269227549433708
821,0.026721065863966942
822,0.007009638007730246
823,0.006530649494379759
824,0.012268072925508022
825,0.00611149612814188
826,0.0042221094481647015
827,0.006021111272275448
828,0.004369441419839859
829,0.009136611595749855
830,0.008798738941550255
831,0.014164647087454796
832,0.003861982375383377
833,0.01383751817047596
834,0.010645393282175064
835,0.009328097105026245
836,0.010107828304171562
837,0.015552031807601452
838,0.005922408774495125
839,0.008450660854578018
840,0.002213010098785162
841,0.007897152565419674
842,0.003580760909244418
843,0.00693863071501255
844,0.006962768267840147
845,0.0077021620236337185
846,0.009128028526902199
847,0.008047936484217644
848,0.005682742223143578
849,0.009275547228753567
850,0.008224169723689556
851,0.006498484872281551
852,0.00506221130490303
853,0.007572821341454983
854,0.009738362394273281
855,0.007762049324810505
856,0.007715512067079544
857,0.003206884488463402
858,0.010260336101055145
859,0.00701071647927165
860,0.008565697818994522
861,0.0053028203547000885
862,0.004835078492760658
863,0.006639366969466209
864,0.022185776382684708
865,0.009233071468770504
866,0.007914942689239979
867,0.021577000617980957
868,0.008488562889397144
869,0.009831378236413002
870,0.01012153085321188
871,0.01423034816980362
872,0.01264877151697874
873,0.012698392383754253
874,0.009020081721246243
875,0.0063369255512952805
876,0.013125419616699219
877,0.01438678614795208
878,0.0029814927838742733
879,0.003496803343296051
880,0.006530188024044037
881,0.011705274693667889
882,0.008138839155435562
883,0.00937601923942566
884,0.006263944786041975
885,0.0022064517252147198
886,0.002719117095693946
887,0.002841371577233076
888,0.009645557031035423
889,0.011638587340712547
890,0.011159874498844147
891,0.002767958678305149
892,0.010862085036933422
893,0.01136065274477005
894,0.008070145733654499
895,0.00837080180644989
896,0.006930327974259853
897,0.010804681107401848
898,0.005110405385494232
899,0.004161297343671322
900,0.006355728022754192
901,0.006844394840300083
902,0.018563998863101006
903,0.01717415079474449
904,0.01136101596057415
905,0.0053555723279714584
906,0.01812431775033474
907,0.007109767757356167
908,0.006393019109964371
909,0.004978285636752844
910,0.004875166341662407
911,0.007222187705338001
912,0.011954791843891144
913,0.00423053652048111
914,0.004510579165071249
915,0.004395255818963051
916,0.005691235419362783
917,0.005824381485581398
918,0.009200968779623508
919,0.006509836763143539
920,0.006436482071876526
921,0.009123449213802814
922,0.009466253221035004
923,0.00616453355178237
924,0.013720443472266197
925,0.0038833594880998135
926,0.008941891603171825
927,0.007711901795119047
928,0.004813882522284985
929,0.003729818854480982
930,0.010911880061030388
931,0.0073565831407904625
932,0.004404633771628141
933,0.010636883787810802
934,0.009219623170793056
935,0.0057277376763522625
936,0.008052093908190727
937,0.007167579140514135
938,0.006876059807837009
939,0.014933987520635128
940,0.010002442635595798
941,0.006986998021602631
942,0.004810626618564129
943,0.009677331894636154
944,0.009095286950469017
945,0.00640468206256628
946,0.011242341250181198
947,0.007049836218357086
948,0.006488519720733166
949,0.01415335200726986
950,0.0062764426693320274
951,0.004113161936402321
952,0.006975582800805569
953,0.009836200624704361
954,0.015161732211709023
955,0.009758606553077698
956,0.0047898972406983376
957,0.011577345430850983
958,0.004798783455044031
959,0.005531285889446735
960,0.0034447922371327877
961,0.0035852533765137196
962,0.00962265394628048
963,0.008620159700512886
964,0.004213727079331875
965,0.015445093624293804
966,0.005862772464752197
967,0.007988879457116127
968,0.010245762765407562
969,0.0054865325801074505
970,0.012075959704816341
971,0.02217974327504635
972,0.01072382740676403
973,0.011835005134344101
974,0.016762036830186844
975,0.0067471410147845745
976,0.0070914700627326965
977,0.004324141889810562
978,0.01560128666460514
979,0.00834947731345892
980,0.006432810798287392
981,0.005844615399837494
982,0.009406261146068573
983,0.008704902604222298
984,0.019227435812354088
985,0.005677420180290937
986,0.004289166070520878
987,0.005044429562985897
988,0.00643541757017374
989,0.0022870306856930256
990,0.008752824738621712
991,0.01269385777413845
992,0.014159198850393295
993,0.006012567784637213
994,0.010913717560470104
995,0.013319830410182476
996,0.010810653679072857
997,0.007842868566513062
998,0.007241354789584875
999,0.005495717283338308
1000,0.00834563933312893
1001,0.0038979314267635345
1002,0.01390163041651249
1003,0.00705418735742569
1004,0.0046680159866809845
1005,0.0071320789866149426
1006,0.007086045574396849
1007,0.012617833912372589
1008,0.010746357962489128
1009,0.0127752386033535
1010,0.002635612618178129
1011,0.007376156747341156
1012,0.006701881065964699
1013,0.004925358574837446
1014,0.013846620917320251
1015,0.017667412757873535
1016,0.006274314131587744
1017,0.01849101111292839
1018,0.005398911889642477
1019,0.008170535787940025
1020,0.009024946950376034
1021,0.005911707878112793
1022,0.005782822147011757
1023,0.00882220920175314
1024,0.004075206350535154
1025,0.008654514327645302
1026,0.00882955826818943
1027,0.007400255650281906
1028,0.010285643860697746
1029,0.007161253597587347
1030,0.007739136926829815
1031,0.019275598227977753
1032,0.009488441050052643
1033,0.010388525202870369
1034,0.014545860700309277
1035,0.0077969711273908615
1036,0.004500212147831917
1037,0.004794924054294825
1038,0.008726095780730247
1039,0.02284974977374077
1040,0.0071056610904634
1041,0.010298065841197968
1042,0.01795484870672226
1043,0.0051762014627456665
1044,0.0051408144645392895
1045,0.00568593293428421
1046,0.017537575215101242
1047,0.013457661494612694
1048,0.0035765264183282852
1049,0.0156175522133708
1050,0.0060943057760596275
1051,0.011514957994222641
1052,0.0052724070847034454
1053,0.009334798902273178
1054,0.005934893153607845
1055,0.010575207881629467
1056,0.005712797399610281
1057,0.004850408993661404
1058,0.006104353815317154
1059,0.008305675350129604
1060,0.011013871058821678
1061,0.004935509525239468
1062,0.005217534489929676
1063,0.013418330810964108
1064,0.005245785694569349
1065,0.004553508013486862
1066,0.010908693075180054
1067,0.005318941082805395
1068,0.010037055239081383
1069,0.003936926834285259
1070,0.005400029942393303
1071,0.00390557199716568
1072,0.014582302421331406
1073,0.02550734579563141
1074,0.007660664152354002
1075,0.009225078858435154
1076,0.004454576410353184
1077,0.007383565418422222
1078,0.02056264504790306
1079,0.008864963427186012
1080,0.019167998805642128
1081,0.005656977649778128
1082,0.008676068857312202
1083,0.006260670255869627
1084,0.01007254607975483
1085,0.005512758623808622
1086,0.004654853604733944
1087,0.001577285467647016
1088,0.006300962530076504
1089,0.0035727384965866804
1090,0.005853464361280203
1091,0.017410067841410637
1092,0.003770566312596202
1093,0.006411704234778881
1094,0.011181335896253586
1095,0.00720953568816185
1096,0.005243259947746992
1097,0.017673321068286896
1098,0.01686839759349823
1099,0.010140230879187584
1100,0.004555642604827881
1101,0.013247841969132423
1102,0.007167528849095106
1103,0.009922667406499386
1104,0.005682036280632019
1105,0.009592954069375992
1106,0.007168899290263653
1107,0.004071245901286602
1108,0.008931953459978104
1109,0.023582670837640762
1110,0.01080021820962429
1111,0.005843108519911766
1112,0.010763389989733696
1113,0.003860307391732931
1114,0.00394399743527174
1115,0.0030389083549380302
1116,0.01127561740577221
1117,0.006693009287118912
1118,0.011471424251794815
1119,0.006618889980018139
1120,0.008320190012454987
1121,0.009125012904405594
1122,0.00560339167714119
1123,0.007331453263759613
1124,0.008052405901253223
1125,0.00723616499453783
1126,0.03508993983268738
1127,0.0061667077243328094
1128,0.0041304598562419415
1129,0.011541245505213737
1130,0.003961237613111734
1131,0.014302287250757217
1132,0.0043430812656879425
1133,0.009194891899824142
1134,0.0153930289670825
1135,0.007746232207864523
1136,0.004936773329973221
1137,0.002256191335618496
1138,0.02662983536720276
1139,0.005459555424749851
1140,0.005846999119967222
1141,0.011322688311338425
1142,0.006246720906347036
1143,0.005391995422542095
1144,0.0067071253433823586
1145,0.0062385499477386475
1146,0.009053412824869156
1147,0.010269775986671448
1148,0.01019638404250145
1149,0.003702926216647029
1150,0.004312599077820778
1151,0.016648754477500916
1152,0.006586240138858557
1153,0.01065649650990963
1154,0.007325206883251667
1155,0.0029740193858742714
1156,0.010132968425750732
1157,0.005554152186959982
1158,0.006703100632876158
1159,0.0065339598804712296
1160,0.023715896531939507
1161,0.008361181244254112
1162,0.004820689558982849
1163,0.004581234883517027
1164,0.005013554822653532
1165,0.007732949685305357
1166,0.008509890176355839
1167,0.012792021036148071
1168,0.0016039523761719465
1169,0.016476619988679886
1170,0.008890833705663681
1171,0.007049947511404753
1172,0.009870332665741444
1173,0.018577124923467636
1174,0.008342963643372059
1175,0.004455341026186943
1176,0.009089261293411255
1177,0.01392991840839386
1178,0.006377636454999447
1179,0.006634453311562538
1180,0.005670445971190929
1181,0.009167414158582687
1182,0.003628653474152088
1183,0.008897218853235245
1184,0.013061749748885632
1185,0.0032090023159980774
1186,0.005561716854572296
1187,0.005434076301753521
1188,0.01608814299106598
1189,0.006297881714999676
1190,0.009186221286654472
1191,0.006790266837924719
1192,0.012783951126039028
1193,0.006476652808487415
1194,0.008337140083312988
1195,0.005830522160977125
1196,0.003623560070991516
1197,0.005897340830415487
1198,0.007053987123072147
1199,0.0036163772456347942
1200,0.014887320809066296
1201,0.005332142114639282
1202,0.005634225904941559
1203,0.007600182667374611
1204,0.008511806838214397
1205,0.0027011199854314327
1206,0.021309157833456993
1207,0.003968132194131613
1208,0.003730704542249441
1209,0.004255569539964199
1210,0.003095261286944151
1211,0.004625171422958374
1212,0.009514650329947472
1213,0.011043696664273739
1214,0.0060784174129366875
1215,0.00872073695063591
1216,0.005045799538493156
1217,0.003339216811582446
1218,0.00945671834051609
1219,0.008462141267955303
1220,0.006666115950793028
1221,0.009419201873242855
1222,0.011542744003236294
1223,0.005165752023458481
1224,0.011651789769530296
1225,0.01768757402896881
1226,0.016434727236628532
1227,0.005147564224898815
1228,0.006538884248584509
1229,0.004182686097919941
1230,0.02377907931804657
1231,0.005446854047477245
1232,0.005891446024179459
1233,0.015348090790212154
1234,0.005659764166921377
1235,0.0035782649647444487
1236,0.010693678632378578
1237,0.006804522126913071
1238,0.007742725312709808
1239,0.006262588314712048
1240,0.008163707330822945
1241,0.005845801439136267
1242,0.009709739126265049
1243,0.006509521976113319
1244,0.008455555886030197
1245,0.006155533716082573
1246,0.009445935487747192
1247,0.0038027488626539707
1248,0.008868935517966747
1249,0.007539683487266302
1250,0.007237445097416639
1251,0.005949200596660376
1252,0.0054505448788404465
1253,0.00507690804079175
1254,0.005703245755285025
1255,0.00894126109778881
1256,0.011008284986019135
1257,0.007028788328170776
1258,0.007161715999245644
1259,0.012584220618009567
1260,0.0035890655126422644
1261,0.014436757192015648
1262,0.004198722541332245
1263,0.011334368959069252
1264,0.003889414481818676
1265,0.005470879375934601
1266,0.004780765622854233
1267,0.006104025058448315
1268,0.0031937560997903347
1269,0.007890710607171059
1270,0.00858580693602562
1271,0.00892629474401474
1272,0.00858230423182249
1273,0.005882672965526581
1274,0.004469158127903938
1275,0.004783704876899719
1276,0.0024715058971196413
1277,0.010308092460036278
1278,0.00681107584387064
1279,0.011212378740310669
1280,0.00694997375831008
1281,0.007983600720763206
1282,0.0022623878903687
1283,0.006348236929625273
1284,0.004619979299604893
1285,0.004880976863205433
1286,0.006326805334538221
1287,0.012578323483467102
1288,0.012836217880249023
1289,0.0061180549673736095
1290,0.007574616931378841
1291,0.010318740271031857
1292,0.015216946601867676
1293,0.010091375559568405
1294,0.009914269670844078
1295,0.003215088276192546
1296,0.007177967578172684
1297,0.006020341068506241
1298,0.009558601304888725
1299,0.011121007613837719
1300,0.01437443308532238
1301,0.002632418181747198
1302,0.012301507405936718
1303,0.002615028526633978
1304,0.006547050084918737
1305,0.004664105828851461
1306,0.009007403627038002
1307,0.007853998802602291
1308,0.005873451940715313
1309,0.00970654096454382
1310,0.013205903582274914
1311,0.005578630603849888
1312,0.01286698505282402
1313,0.00815020315349102
1314,0.007175212725996971
1315,0.0075811101123690605
1316,0.007708816789090633
1317,0.0024786207359284163
1318,0.006615700200200081
1319,0.006508786231279373
1320,0.0050459085032343864
1321,0.0076303500682115555
1322,0.007465810514986515
1323,0.009351395070552826
1324,0.008456701412796974
1325,0.006623649969696999
1326,0.011069603264331818
1327,0.008722804486751556
1328,0.010174217633903027
1329,0.0067208921536803246
1330,0.005344171077013016
1331,0.007510397583246231
1332,0.0021269209682941437
1333,0.00408539455384016
1334,0.004739200230687857
1335,0.006820326205343008
1336,0.009413007646799088
1337,0.010967905633151531
1338,0.005910533480346203
1339,0.01168551854789257
1340,0.009871446527540684
1341,0.023694243282079697
1342,0.011616243049502373
1343,0.00907480251044035
1344,0.009612617082893848
1345,0.006482853554189205
1346,0.005686800926923752
1347,0.01194958295673132
1348,0.003817980643361807
1349,0.0028772354125976562
1350,0.009628567844629288
1351,0.0056062741205096245
1352,0.004150049295276403
1353,0.00602944940328598
1354,0.010446330532431602
1355,0.012910760007798672
1356,0.007937408983707428
1357,0.0027420385740697384
1358,0.010198603384196758
1359,0.009417572990059853
1360,0.00936436653137207
1361,0.009331975132226944
1362,0.002474499400705099
1363,0.006164337508380413
1364,0.004892743192613125
1365,0.0029981571715325117
1366,0.008421971462666988
1367,0.0038076788187026978
1368,0.016887303441762924
1369,0.0055936649441719055
1370,0.005427392199635506
1371,0.006260428577661514
1372,0.006280915345996618
1373,0.00782028492540121
1374,0.007908841595053673
1375,0.005795495118945837
1376,0.009508835151791573
1377,0.004021926783025265
1378,0.0041511827148497105
1379,0.007550735026597977
1380,0.0122270118445158
1381,0.011467307806015015
1382,0.006918235681951046
1383,0.01974191889166832
1384,0.007194731384515762
1385,0.004152387380599976
1386,0.00771836843341589
1387,0.007469832897186279
1388,0.006509925704449415
1389,0.004397924058139324
1390,0.007169248070567846
1391,0.004524445626884699
1392,0.008218109607696533
1393,0.003119861241430044
1394,0.006507286336272955
1395,0.008773310109972954
1396,0.005159351043403149
1397,0.018953455612063408
1398,0.008752002380788326
1399,0.007769249379634857
1400,0.0034789990168064833
1401,0.0034608065616339445
1402,0.008065776899456978
1403,0.008106747642159462
1404,0.010497870855033398
1405,0.004794268868863583
1406,0.012405740097165108
1407,0.013258278369903564
1408,0.004042419604957104
1409,0.00656956946477294
1410,0.0064606256783008575
1411,0.009794555604457855
1412,0.00553298881277442
1413,0.010938061401247978
1414,0.011756682768464088
1415,0.004545704461634159
1416,0.007260977290570736
1417,0.007539523299783468
1418,0.005892913788557053
1419,0.004544516559690237
1420,0.011105201207101345
1421,0.005752870347350836
1422,0.021406343206763268
1423,0.0040676407516002655
1424,0.00903316866606474
1425,0.004883817862719297
1426,0.004452982451766729
1427,0.00908556580543518
1428,0.007791539188474417
1429,0.010456306859850883
1430,0.008962615393102169
1431,0.003421556204557419
1432,0.009381331503391266
1433,0.005036782473325729
1434,0.004550816025584936
1435,0.017987001687288284
1436,0.014263717457652092
1437,0.014311711303889751
1438,0.00284451711922884
1439,0.007548368535935879
1440,0.005556711461395025
1441,0.007843712344765663
1442,0.00946718081831932
1443,0.005826448556035757
1444,0.005484292283654213
1445,0.035471029579639435
1446,0.00552366441115737
1447,0.004322689957916737
1448,0.00826076790690422
1449,0.009641451761126518
1450,0.005413764622062445
1451,0.005704776383936405
1452,0.005983076989650726
1453,0.007338532712310553
1454,0.004370611160993576
1455,0.014113681390881538
1456,0.0026427065022289753
1457,0.014548256061971188
1458,0.009650872088968754
1459,0.004942138679325581
1460,0.00342423003166914
1461,0.004869567230343819
1462,0.006661748047918081
1463,0.01230323314666748
1464,0.006477738730609417
1465,0.006359258200973272
1466,0.004425732418894768
1467,0.007564055733382702
1468,0.009308511391282082
1469,0.018199902027845383
1470,0.012149306014180183
1471,0.006814471445977688
1472,0.003291935659945011
1473,0.007190372794866562
1474,0.0075614433735609055
1475,0.02399773709475994
1476,0.007754589430987835
1477,0.010197293944656849
1478,0.009147834964096546
1479,0.006826047785580158
1480,0.012291895225644112
1481,0.012219227850437164
1482,0.004733752924948931
1483,0.0047966232523322105
1484,0.009119774214923382
1485,0.016615714877843857
1486,0.00962739996612072
1487,0.00847147312015295
1488,0.00435652257874608
1489,0.006159312091767788
1490,0.005705119576305151
1491,0.014147060923278332
1492,0.01771465502679348
1493,0.007805978413671255
1494,0.008169436827301979
1495,0.006297353655099869
1496,0.007705681957304478
1497,0.007812775671482086
1498,0.01415590476244688
1499,0.011229093186557293
1500,0.011943700723350048
1501,0.0082704471424222
1502,0.005525132175534964
1503,0.015517406165599823
1504,0.006283646449446678
1505,0.006144949235022068
1506,0.004110007546842098
1507,0.012522630393505096
1508,0.0034940659534186125
1509,0.0033804867416620255
1510,0.007714094594120979
1511,0.00753384456038475
1512,0.009857400320470333
1513,0.005658601876348257
1514,0.00734351109713316
1515,0.007180103566497564
1516,0.004729093052446842
1517,0.013157724402844906
1518,0.010652429424226284
1519,0.009313082322478294
1520,0.005246980115771294
1521,0.004231512080878019
1522,0.008274397812783718
1523,0.004788666032254696
1524,0.012100493535399437
1525,0.003315266687422991
1526,0.00977182388305664
1527,0.007041076198220253
1528,0.012163003906607628
1529,0.008382759988307953
1530,0.006478667259216309
1531,0.0054640984162688255
1532,0.0081483144313097
1533,0.004064363427460194
1534,0.011728456243872643
1535,0.014882652088999748
1536,0.009865925647318363
1537,0.005394994281232357
1538,0.00738588348031044
1539,0.006286752410233021
1540,0.009383458644151688
1541,0.0029644768219441175
1542,0.0032032865565270185
1543,0.009453647769987583
1544,0.014085214585065842
1545,0.005893975030630827
1546,0.0037043194752186537
1547,0.01706209033727646
1548,0.013652271591126919
1549,0.013710306957364082
1550,0.010989658534526825
1551,0.0032692819368094206
1552,0.007268405519425869
1553,0.027616284787654877
1554,0.012526920065283775
1555,0.008476109243929386
1556,0.01192992739379406
1557,0.006458429154008627
1558,0.009048712439835072
1559,0.006077384110540152
1560,0.028354313224554062
1561,0.018812712281942368
1562,0.00577388983219862
1563,0.005934177897870541
1564,0.005535503383725882
1565,0.012162457220256329
1566,0.004049573093652725
1567,0.006828267127275467
1568,0.005432711448520422
1569,0.004328752867877483
1570,0.017041578888893127
1571,0.004720496013760567
1572,0.022394727915525436
1573,0.006207011174410582
1574,0.017774950712919235
1575,0.010664138942956924
1576,0.005606700666248798
1577,0.011722306720912457
1578,0.010889876633882523
1579,0.002938785357400775
1580,0.005489421542733908
1581,0.01269027590751648
1582,0.0039472742937505245
1583,0.004205005709081888
1584,0.00869674701243639
1585,0.012025649659335613
1586,0.008321082219481468
1587,0.005236830562353134
1588,0.003959044348448515
1589,0.0065904404036700726
1590,0.0030254663433879614
1591,0.0042577688582241535
1592,0.0026282225735485554
1593,0.001989115262404084
1594,0.005167985334992409
1595,0.009343798272311687
1596,0.00426026014611125
1597,0.006492923945188522
1598,0.00782100297510624
1599,0.006420489400625229
1600,0.006007303483784199
1601,0.0042702676728367805
1602,0.005098400637507439
1603,0.019624290987849236
1604,0.005254429765045643
1605,0.005909377709031105
1606,0.005429461132735014
1607,0.008422627113759518
1608,0.006108855362981558
1609,0.007450584322214127
1610,0.01550988107919693
1611,0.002982703736051917
1612,0.010340200737118721
1613,0.004728476516902447
1614,0.004697246011346579
1615,0.005819988436996937
1616,0.005230033304542303
1617,0.008238554000854492
1618,0.004090865608304739
1619,0.010747238993644714
1620,0.005941963754594326
1621,0.008017657324671745
1622,0.0099415872246027
1623,0.004451720975339413
1624,0.0042205434292554855
1625,0.004868160467594862
1626,0.006719079799950123
1627,0.006264831405133009
1628,0.005651520565152168
1629,0.007195254787802696
1630,0.008046139031648636
1631,0.0061381906270980835
1632,0.00901433452963829
1633,0.0076773501932621
1634,0.006072287913411856
1635,0.011436933651566505
1636,0.008780471049249172
1637,0.009335885755717754
1638,0.012049766257405281
1639,0.011073960922658443
1640,0.007329120300710201
1641,0.006646792404353619
1642,0.0058946311473846436
1643,0.006913500837981701
1644,0.006467544473707676
1645,0.008208414539694786
1646,0.01813746988773346
1647,0.004074349533766508
1648,0.0078102461993694305
1649,0.00840882770717144
1650,0.005663405172526836
1651,0.005799584090709686
1652,0.010093087330460548
1653,0.004833674989640713
1654,0.004428733605891466
1655,0.01068887859582901
1656,0.008406012319028378
1657,0.008752705529332161
1658,0.007015830837190151
1659,0.007404565345495939
1660,0.010017558932304382
1661,0.0124509884044528
1662,0.005705553572624922
1663,0.01322519313544035
1664,0.019449986517429352
1665,0.007184590678662062
1666,0.006272453814744949
1667,0.009764686226844788
1668,0.01512887328863144
1669,0.0017536402447149158
1670,0.030425097793340683
1671,0.004077492281794548
1672,0.006123407743871212
1673,0.005009612999856472
1674,0.0063796392641961575
1675,0.007441610097885132
1676,0.006437144707888365
1677,0.007187678944319487
1678,0.009031672030687332
1679,0.003172852098941803
1680,0.014185426756739616
1681,0.0040959264151751995
1682,0.012862607836723328
1683,0.009401420131325722
1684,0.008502909913659096
1685,0.0076354388147592545
1686,0.005914885085076094
1687,0.008708014152944088
1688,0.01044297032058239
1689,0.011528643779456615
1690,0.0075491685420274734
1691,0.009754730388522148
1692,0.0041381618939340115
1693,0.005948958918452263
1694,0.0031395794358104467
1695,0.0030424147844314575
1696,0.008844440802931786
1697,0.01586214452981949
1698,0.006224514450877905
1699,0.008915040642023087
1700,0.003343157470226288
1701,0.010074969381093979
1702,0.012192634865641594
1703,0.011124262586236
1704,0.0053850761614739895
1705,0.004744452890008688
1706,0.007282267324626446
1707,0.0092236353084445
1708,0.0013051092391833663
1709,0.011196795850992203
1710,0.006207173224538565
1711,0.007807057350873947
1712,0.00455081183463335
1713,0.009177799336612225
1714,0.007836449891328812
1715,0.009890175424516201
1716,0.011135703884065151
1717,0.004766715690493584
1718,0.006899525877088308
1719,0.005446798633784056
1720,0.008222367614507675
1721,0.013635283336043358
1722,0.00684579461812973
1723,0.0037314153742045164
1724,0.0032527917064726353
1725,0.006713086739182472
1726,0.01784648559987545
1727,0.008598851040005684
1728,0.009073684923350811
1729,0.010949252173304558
1730,0.009166620671749115
1731,0.014327965676784515
1732,0.004754841327667236
1733,0.0078636659309268
1734,0.005827794782817364
1735,0.00383484223857522
1736,0.009779931046068668
1737,0.009592361748218536
1738,0.01740868203341961
1739,0.015161139890551567
1740,0.012191779911518097
1741,0.009875744581222534
1742,0.004992786329239607
1743,0.010230792686343193
1744,0.0034153766464442015
1745,0.004515390843153
1746,0.019745897501707077
1747,0.00970121007412672
1748,0.019343087449669838
1749,0.008917505852878094
1750,0.006335567682981491
1751,0.008203878067433834
1752,0.006810261867940426
1753,0.0037297657690942287
1754,0.014515317976474762
1755,0.006631229072809219
1756,0.005907606333494186
1757,0.009710794314742088
1758,0.00856159906834364
1759,0.01027593296021223
1760,0.01159694790840149
1761,0.03181447088718414
1762,0.005281736608594656
1763,0.004982246086001396
1764,0.018873460590839386
1765,0.005608469247817993
1766,0.0067762876860797405
1767,0.01564944162964821
1768,0.012615108862519264
1769,0.015735920518636703
1770,0.009127680212259293
1771,0.010339760221540928
1772,0.009919681586325169
1773,0.007486439310014248
1774,0.017502792179584503
1775,0.012924481183290482
1776,0.007496753241866827
1777,0.007456793449819088
1778,0.009794605895876884
1779,0.015315065160393715
1780,0.0020623987074941397
1781,0.00667470833286643
1782,0.005128493066877127
1783,0.006190912332385778
1784,0.011714465916156769
1785,0.004824431613087654
1786,0.0045119090937078
1787,0.010685423389077187
1788,0.009039342403411865
1789,0.004327417351305485
1790,0.007961365394294262
1791,0.007305178791284561
1792,0.004699407145380974
1793,0.005506356246769428
1794,0.016771219670772552
1795,0.009513246826827526
1796,0.01206785999238491
1797,0.003597034141421318
1798,0.011012047529220581
1799,0.008232800289988518
1800,0.028984997421503067
1801,0.0036534685641527176
1802,0.010043788701295853
1803,0.007377319969236851
1804,0.009132246486842632
1805,0.00813349150121212
1806,0.005838729441165924
1807,0.009161488153040409
1808,0.005870065651834011
1809,0.009547793306410313
1810,0.009462661109864712
1811,0.007894916459918022
1812,0.0207957923412323
1813,0.003904196433722973
1814,0.005199053790420294
1815,0.0060870288871228695
1816,0.011215507052838802
1817,0.003752889111638069
1818,0.004484477452933788
1819,0.01072419248521328
1820,0.013218770734965801
1821,0.008080845698714256
1822,0.0046371882781386375
1823,0.004422160796821117
1824,0.006813503801822662
1825,0.005193606950342655
1826,0.006985712796449661
1827,0.02194570004940033
1828,0.010157423093914986
1829,0.003982747904956341
1830,0.010974081233143806
1831,0.009956351481378078
1832,0.02168751321732998
1833,0.00628373958170414
1834,0.005426016636192799
1835,0.017769038677215576
1836,0.005057917442172766
1837,0.004473825916647911
1838,0.013378981500864029
1839,0.008911161683499813
1840,0.01143114548176527
1841,0.008301828056573868
1842,0.011710187420248985
1843,0.009368058294057846
1844,0.02638169936835766
1845,0.005553872790187597
1846,0.025614311918616295
1847,0.00518372468650341
1848,0.015517364256083965
1849,0.005469889845699072
1850,0.017537696287035942
1851,0.007488125003874302
1852,0.010426271706819534
1853,0.014660816639661789
1854,0.006459691561758518
1855,0.00930553488433361
1856,0.012273257598280907
1857,0.004074338357895613
1858,0.010055198334157467
1859,0.009166533127427101
1860,0.010668432340025902
1861,0.0029304518830031157
1862,0.011648125946521759
1863,0.011667286977171898
1864,0.012121832929551601
1865,0.002855218481272459
1866,0.013841381296515465
1867,0.007159767206758261
1868,0.006693926639854908
1869,0.0029936982318758965
1870,0.011464638635516167
1871,0.004703076556324959
1872,0.006157928612083197
1873,0.009683526121079922
1874,0.005140603985637426
1875,0.012445139698684216
1876,0.009493909776210785
1877,0.0039047575555741787
1878,0.017556875944137573
1879,0.004853404592722654
1880,0.009871921502053738
1881,0.005329336039721966
1882,0.005331886000931263
1883,0.012728544883430004
1884,0.013149293139576912
1885,0.0058657266199588776
1886,0.01999819092452526
1887,0.005912193097174168
1888,0.0032082926481962204
1889,0.0023825501557439566
1890,0.006749165244400501
1891,0.0026114224456250668
1892,0.007745768874883652
1893,0.005303665064275265
1894,0.0037092396523803473
1895,0.005143336486071348
1896,0.015251249074935913
1897,0.004893399775028229
1898,0.012924542650580406
1899,0.00915282778441906
1900,0.009066245518624783
1901,0.00992824137210846
1902,0.00732248043641448
1903,0.008669794537127018
1904,0.00885008741170168
1905,0.02983412891626358
1906,0.0102900555357337
1907,0.021600451320409775
1908,0.006617194972932339
1909,0.004651312716305256
1910,0.011246422305703163
1911,0.007442624773830175
1912,0.008779754862189293
1913,0.0052698636427521706
1914,0.003771688789129257
1915,0.0049395328387618065
1916,0.016594000160694122
1917,0.006351064890623093
1918,0.01174697931855917
1919,0.00806407444179058
1920,0.016390010714530945
1921,0.00951094925403595
1922,0.009267902001738548
1923,0.01040866319090128
1924,0.008471287786960602
1925,0.006838789209723473
1926,0.009147703647613525
1927,0.00942863430827856
1928,0.02120501920580864
1929,0.0061124395579099655
1930,0.005958080291748047
1931,0.009314204566180706
1932,0.018695682287216187
1933,0.005530788563191891
1934,0.005517628975212574
1935,0.005249956157058477
1936,0.003715758677572012
1937,0.006866851355880499
1938,0.006039447151124477
1939,0.0071504972875118256
1940,0.005895196460187435
1941,0.007414524909108877
1942,0.008475585840642452
1943,0.0034940920304507017
1944,0.007983900606632233
1945,0.0041902028024196625
1946,0.007033027708530426
1947,0.012922427617013454
1948,0.0110368262976408
1949,0.007663839962333441
1950,0.0191179271787405
1951,0.00635912548750639
1952,0.008674334734678268
1953,0.010089120827615261
1954,0.0030554241966456175
1955,0.0027774132322520018
1956,0.010262330994009972
1957,0.00921248272061348
1958,0.012621760368347168
1959,0.008515074849128723
1960,0.005451955832540989
1961,0.005543054081499577
1962,0.006294110789895058
1963,0.012060827575623989
1964,0.0062393853440880775
1965,0.0036200142931193113
1966,0.0036902797874063253
1967,0.003871198743581772
1968,0.008009716868400574
1969,0.0068770283833146095
1970,0.006067954003810883
1971,0.010074397549033165
1972,0.010392753407359123
1973,0.004247458651661873
1974,0.006722369696944952
1975,0.013367889449000359
1976,0.005372145678848028
1977,0.004723061807453632
1978,0.008628454059362411
1979,0.00741638895124197
1980,0.008670968934893608
1981,0.010707011446356773
1982,0.007527922745794058
1983,0.0036417366936802864
1984,0.011169957928359509
1985,0.00450756773352623
1986,0.0062469858676195145
1987,0.002501939656212926
1988,0.008941879495978355
1989,0.01336236298084259
1990,0.006136538460850716
1991,0.004677651450037956
1992,0.006031205412000418
1993,0.013812857680022717
1994,0.006951015442609787
1995,0.015232622623443604
1996,0.0071732886135578156
1997,0.01959894597530365
1998,0.007493003271520138
1999,0.009091456420719624
2000,0.014122625812888145
2001,0.007488362491130829
2002,0.0033753705210983753
2003,0.007889018394052982
2004,0.02049565315246582
2005,0.004167873412370682
2006,0.004842977039515972
2007,0.003590064123272896
2008,0.005006701219826937
2009,0.006580882705748081
2010,0.011731961742043495
2011,0.009019402787089348
2012,0.009746241383254528
2013,0.0022451994009315968
2014,0.013285333290696144
2015,0.009163922630250454
2016,0.016324620693922043
2017,0.007056090049445629
2018,0.005158176179975271
2019,0.00677814707159996
2020,0.0074662109836936
2021,0.008069736883044243
2022,0.018923483788967133
2023,0.006180537398904562
2024,0.006807154975831509
2025,0.03539448603987694
2026,0.008128657937049866
2027,0.0040362621657550335
2028,0.009922033175826073
2029,0.01344286184757948
2030,0.006096396595239639
2031,0.00698923971503973
2032,0.006063526030629873
2033,0.00916791707277298
2034,0.024822060018777847
2035,0.00483494671061635
2036,0.03247055038809776
2037,0.006301842629909515
2038,0.00515422597527504
2039,0.008195020258426666
2040,0.011493459343910217
2041,0.006650490220636129
2042,0.0027335796039551497
2043,0.01365891844034195
2044,0.005130556412041187
2045,0.00955838430672884
2046,0.009480677545070648
2047,0.006061359774321318
2048,0.0084482841193676
2049,0.00713111087679863
2050,0.010056143626570702
2051,0.007174437865614891
2052,0.01780337654054165
2053,0.013820882886648178
2054,0.0066568320617079735
2055,0.004821648355573416
2056,0.010328302159905434
2057,0.004724562168121338
2058,0.0051230164244771
2059,0.013993674889206886
2060,0.004911891184747219
2061,0.010394973680377007
2062,0.007272300776094198
2063,0.012117463164031506
2064,0.005759872030466795
2065,0.0069458940997719765
2066,0.006493803113698959
2067,0.002562874462455511
2068,0.008944067172706127
2069,0.013836669735610485
2070,0.008353937417268753
2071,0.010345568880438805
2072,0.005924072116613388
2073,0.012501716613769531
2074,0.006999005563557148
2075,0.005630978848785162
2076,0.006981592625379562
2077,0.011264601722359657
2078,0.0065043335780501366
2079,0.008131440728902817
2080,0.005296626593917608
2081,0.0048959688283503056
2082,0.004482104908674955
2083,0.0033992063254117966
2084,0.008975660428404808
2085,0.008877066895365715
2086,0.022906068712472916
2087,0.009958217851817608
2088,0.008391877636313438
2089,0.005817269906401634
2090,0.022958308458328247
2091,0.015363527461886406
2092,0.01441488042473793
2093,0.006999644450843334
2094,0.0035877637565135956
2095,0.0035428479313850403
2096,0.0027098204009234905
2097,0.0047853318974375725
2098,0.005581440404057503
2099,0.009512022137641907
2100,0.0075212805531919
2101,0.0022997630294412374
2102,0.003786437213420868
2103,0.005831447895616293
2104,0.0179218128323555
2105,0.005980160087347031
2106,0.008622078225016594
2107,0.004653537645936012
2108,0.012119281105697155
2109,0.007426653988659382
2110,0.0041880859062075615
2111,0.005673140287399292
2112,0.034271903336048126
2113,0.013923725113272667
2114,0.007416652049869299
2115,0.015439595095813274
2116,0.007911667227745056
2117,0.0050267502665519714
2118,0.006140024866908789
2119,0.009059935808181763
2120,0.018149418756365776
2121,0.0038066841661930084
2122,0.003918393515050411
2123,0.0067216781899333
2124,0.003922532312572002
2125,0.031244438141584396
2126,0.007511099334806204
2127,0.0059910984709858894
2128,0.006554781924933195
2129,0.008507922291755676
2130,0.010711779817938805
2131,0.004916009027510881
2132,0.008976171724498272
2133,0.01006654929369688
2134,0.015587283298373222
2135,0.013534813188016415
2136,0.006594137288630009
2137,0.024157142266631126
2138,0.0026949304156005383
2139,0.01188394334167242
2140,0.005899589043110609
2141,0.0035296627320349216
2142,0.00854850746691227
2143,0.014300145208835602
2144,0.003545589279383421
2145,0.009193351492285728
2146,0.007714457344263792
2147,0.006401907652616501
2148,0.004018855281174183
2149,0.00975318904966116
2150,0.010912744328379631
2151,0.004913032054901123
2152,0.007643990218639374
2153,0.0036051026545464993
2154,0.004048692062497139
2155,0.007168862037360668
2156,0.003996836021542549
2157,0.010187703184783459
2158,0.0027315770275890827
2159,0.005369037389755249
2160,0.006780700758099556
2161,0.00554888229817152
2162,0.007945646531879902
2163,0.0037403609603643417
2164,0.004339803941547871
2165,0.005307088606059551
2166,0.004507032688707113
2167,0.013059685938060284
2168,0.010449021123349667
2169,0.003509813454002142
2170,0.01097906194627285
2171,0.009748898446559906
2172,0.010298846289515495
2173,0.016308121383190155
2174,0.008224470540881157
2175,0.008336505852639675
2176,0.005424778908491135
2177,0.007150209974497557
2178,0.013865141198039055
2179,0.011441202834248543
2180,0.0039063128642737865
2181,0.00678421463817358
2182,0.009200703352689743
2183,0.004424754995852709
2184,0.014469325542449951
2185,0.014493058435618877
2186,0.00902647990733385
2187,0.005934562534093857
2188,0.011017696931958199
2189,0.008646974340081215
2190,0.010983651503920555
2191,0.009969914332032204
2192,0.03053712472319603
2193,0.0031567569822072983
2194,0.01806000806391239
2195,0.006628913339227438
2196,0.008725427091121674
2197,0.010077371262013912
2198,0.00507475808262825
2199,0.006382171995937824
2200,0.007525462657213211
2201,0.0065677231177687645
2202,0.006550408899784088
2203,0.006885753013193607
2204,0.004417651332914829
2205,0.005775813013315201
2206,0.005258125718683004
2207,0.0074355220422148705
2208,0.002249079989269376
2209,0.007276734337210655
2210,0.013708271086215973
2211,0.003741040825843811
2212,0.00883127935230732
2213,0.01538072805851698
2214,0.009243395179510117
2215,0.014285363256931305
2216,0.009846015833318233
2217,0.0061356364749372005
2218,0.009466595947742462
2219,0.010057950392365456
2220,0.004949287045747042
2221,0.007878455333411694
2222,0.0027873958460986614
2223,0.011006921529769897
2224,0.018773306161165237
2225,0.004112583585083485
2226,0.013332419097423553
2227,0.004391923081129789
2228,0.007371037732809782
2229,0.014105710200965405
2230,0.0053375884890556335
2231,0.005778498016297817
2232,0.006186522077769041
2233,0.010370897129178047
2234,0.0068153925240039825
2235,0.005631949286907911
2236,0.004102957434952259
2237,0.016722995787858963
2238,0.004870377015322447
2239,0.027267104014754295
2240,0.008321184664964676
2241,0.005629599094390869
2242,0.01487781759351492
2243,0.007566509302705526
2244,0.009924336336553097
2245,0.01604367606341839
2246,0.004850379657000303
2247,0.009644338861107826
2248,0.009917272254824638
2249,0.0027797166258096695
2250,0.002623563399538398
2251,0.004248539451509714
2252,0.006051262374967337
2253,0.00831618532538414
2254,0.0059678032994270325
2255,0.013657690957188606
2256,0.006203100085258484
2257,0.008078787475824356
2258,0.010393684729933739
2259,0.017662186175584793
2260,0.01174405962228775
2261,0.009005466476082802
2262,0.004125168547034264
2263,0.004157399758696556
2264,0.005417204461991787
2265,0.011293081566691399
2266,0.015716098248958588
2267,0.022977963089942932
2268,0.006206629332154989
2269,0.009598049335181713
2270,0.005468177609145641
2271,0.008159976452589035
2272,0.019246971234679222
2273,0.017729002982378006
2274,0.004644641652703285
2275,0.00447706738486886
2276,0.005123533308506012
2277,0.01034906692802906
2278,0.005568293388932943
2279,0.007747671566903591
2280,0.009101827628910542
2281,0.012834412977099419
2282,0.006847142241895199
2283,0.0035971812903881073
2284,0.008690482936799526
2285,0.007672127336263657
2286,0.0057500205002725124
2287,0.006250259932130575
2288,0.011706250719726086
2289,0.0054838634096086025
2290,0.010712848976254463
2291,0.005186223424971104
2292,0.01182474009692669
2293,0.004831118043512106
2294,0.0024726269766688347
2295,0.014716506004333496
2296,0.009446689859032631
2297,0.01472177542746067
2298,0.005578347947448492
2299,0.003336660098284483
2300,0.003196943551301956
2301,0.009805187582969666
2302,0.010948173701763153
2303,0.004362110979855061
2304,0.005246683023869991
2305,0.011561366729438305
2306,0.0032110640313476324
2307,0.02056920900940895
2308,0.006261593662202358
2309,0.004664482548832893
2310,0.01384383998811245
2311,0.008897742256522179
2312,0.016284365206956863
2313,0.007986384443938732
2314,0.008953488431870937
2315,0.014867237769067287
2316,0.011615367606282234
2317,0.0025068875402212143
2318,0.005646200384944677
2319,0.004180764313787222
2320,0.004123674239963293
2321,0.005114933475852013
2322,0.005307438783347607
2323,0.008336151950061321
2324,0.003449465613812208
2325,0.011234452947974205
2326,0.005575940944254398
2327,0.007009228225797415
2328,0.008903581649065018
2329,0.015257004648447037
2330,0.006649521645158529
2331,0.005860177334398031
2332,0.009734726510941982
2333,0.001993473619222641
2334,0.007216651923954487
2335,0.003962104674428701
2336,0.003065973985940218
2337,0.00785747542977333
2338,0.01856372132897377
2339,0.004643815569579601
2340,0.004724335856735706
2341,0.004573551006615162
2342,0.029212046414613724
2343,0.011577974073588848
2344,0.01825234666466713
2345,0.0064835879020392895
2346,0.007887081243097782
2347,0.026183173060417175
2348,0.01371329091489315
2349,0.009546337649226189
2350,0.006519077345728874
2351,0.005286387167870998
2352,0.004770075902342796
2353,0.009858710691332817
2354,0.00498656090348959
2355,0.003675166517496109
2356,0.010973230004310608
2357,0.012487664818763733
2358,0.0039419615641236305
2359,0.005400554742664099
2360,0.014953050762414932
2361,0.007357833907008171
2362,0.002342455554753542
2363,0.012600529938936234
2364,0.009888160973787308
2365,0.02197345346212387
2366,0.014726142399013042
2367,0.010676153004169464
2368,0.009098993614315987
2369,0.0042538829147815704
2370,0.006929723545908928
2371,0.008542342111468315
2372,0.013543231412768364
2373,0.010257030837237835
2374,0.006760831922292709
2375,0.004411819390952587
2376,0.003576461924239993
2377,0.003786490298807621
2378,0.006374418269842863
2379,0.007362347096204758
2380,0.021419651806354523
2381,0.010224109515547752
2382,0.004581239074468613
2383,0.0054918453097343445
2384,0.005229025147855282
2385,0.008077690377831459
2386,0.005370291881263256
2387,0.02447708509862423
2388,0.00699994619935751
2389,0.006723427213728428
2390,0.012563927099108696
2391,0.007275368086993694
2392,0.00423814170062542
2393,0.00542218703776598
2394,0.007282660808414221
2395,0.006243789102882147
2396,0.005827839951962233
2397,0.008304640650749207
2398,0.004570679739117622
2399,0.016733458265662193
2400,0.010995439253747463
2401,0.007721021305769682
2402,0.01371418870985508
2403,0.011964809149503708
2404,0.005210482981055975
2405,0.0033474124502390623
2406,0.012455835938453674
2407,0.004562627989798784
2408,0.006426961626857519
2409,0.014170870184898376
2410,0.026709478348493576
2411,0.006155180744826794
2412,0.01280861534178257
2413,0.005576856434345245
2414,0.009487983770668507
2415,0.006673852913081646
2416,0.006345631089061499
2417,0.004661290906369686
2418,0.008182410150766373
2419,0.005389097146689892
2420,0.0041474951431155205
2421,0.007111533544957638
2422,0.0076307980343699455
2423,0.010743986815214157
2424,0.010889856144785881
2425,0.005905644968152046
2426,0.004881957545876503
2427,0.015483635477721691
2428,0.006890053860843182
2429,0.00658247759565711
2430,0.005311630666255951
2431,0.007093422114849091
2432,0.007589088287204504
2433,0.00918181799352169
2434,0.010345552116632462
2435,0.004840811714529991
2436,0.009048192761838436
2437,0.006580214016139507
2438,0.01301952637732029
2439,0.008122723549604416
2440,0.0047059208154678345
2441,0.010727055370807648
2442,0.0037663679104298353
2443,0.012409722432494164
2444,0.0068976664915680885
2445,0.006057099439203739
2446,0.012008714489638805
2447,0.0027112343814224005
2448,0.012279819697141647
2449,0.005661092232912779
2450,0.009842361323535442
2451,0.004683732986450195
2452,0.004213148262351751
2453,0.0036366055719554424
2454,0.0046522356569767
2455,0.011466598138213158
2456,0.012383583001792431
2457,0.008435429073870182
2458,0.009454043582081795
2459,0.015415463596582413
2460,0.0051070572808384895
2461,0.006234318017959595
2462,0.0036564613692462444
2463,0.006239266134798527
2464,0.0072137098759412766
2465,0.007206411566585302
2466,0.0037302959244698286
2467,0.01144446711987257
2468,0.0103120943531394
2469,0.012602046132087708
2470,0.0040862299501895905
2471,0.009702146053314209
2472,0.009100578725337982
2473,0.014685390517115593
2474,0.0067873685620725155
2475,0.008701423183083534
2476,0.007633814122527838
2477,0.008614006452262402
2478,0.00859936885535717
2479,0.009615316987037659
2480,0.006842908449470997
2481,0.005192638374865055
2482,0.007388897240161896
2483,0.014380249194800854
2484,0.0054464191198349
2485,0.0023509564343839884
2486,0.007052888162434101
2487,0.004034306854009628
2488,0.004957302939146757
2489,0.018271371722221375
2490,0.0069732810370624065
2491,0.006342760752886534
2492,0.011557660065591335
2493,0.005624870769679546
2494,0.008764703758060932
2495,0.013536274433135986
2496,0.006203119643032551
2497,0.006382060702890158
2498,0.008044152520596981
2499,0.004612278658896685
2500,0.020723752677440643
2501,0.009145945310592651
2502,0.012038378044962883
2503,0.005911402404308319
2504,0.010813077911734581
2505,0.004168283194303513
2506,0.005137636326253414
2507,0.007848024368286133
2508,0.0029254581313580275
2509,0.014512870460748672
2510,0.012678593397140503
2511,0.010765315964818
2512,0.009957393631339073
2513,0.0032158985268324614
2514,0.008984820917248726
2515,0.009125526063144207
2516,0.003979343455284834
2517,0.020075561478734016
2518,0.004692168440669775
2519,0.009011190384626389
2520,0.008748837746679783
2521,0.01029481366276741
2522,0.021979402750730515
2523,0.003967799246311188
2524,0.018361270427703857
2525,0.0061795515939593315
2526,0.008791877888143063
2527,0.007706694304943085
2528,0.007403613533824682
2529,0.0070227375254035
2530,0.00785459391772747
2531,0.005727663636207581
2532,0.010993843898177147
2533,0.02410665713250637
2534,0.003711717203259468
2535,0.006289868615567684
2536,0.008441926911473274
2537,0.0063582127913832664
2538,0.01607024297118187
2539,0.01411107461899519
2540,0.020537439733743668
2541,0.008558355271816254
2542,0.0045929658226668835
2543,0.003044751239940524
2544,0.005905109457671642
2545,0.008520867675542831
2546,0.007193625904619694
2547,0.012633983045816422
2548,0.00618666922673583
2549,0.007298206444829702
2550,0.008425773121416569
2551,0.009520282968878746
2552,0.012166326865553856
2553,0.005471186246722937
2554,0.017144683748483658
2555,0.004866927862167358
2556,0.007804579567164183
2557,0.005690477788448334
2558,0.017459677532315254
2559,0.009646259248256683
2560,0.006134129595011473
2561,0.007662455551326275
2562,0.003098811488598585
2563,0.0052311597391963005
2564,0.006956841330975294
2565,0.005177105776965618
2566,0.010117094963788986
2567,0.0032428603153675795
2568,0.008590343408286572
2569,0.009092187508940697
2570,0.0043707964941859245
2571,0.009847074747085571
2572,0.007158381398767233
2573,0.002896217629313469
2574,0.003711959347128868
2575,0.004183005075901747
2576,0.0105286268517375
2577,0.006831557955592871
2578,0.009451587684452534
2579,0.007317066192626953
2580,0.00872094091027975
2581,0.016364168375730515
2582,0.004758885130286217
2583,0.006850728299468756
2584,0.003999672364443541
2585,0.004478886723518372
2586,0.004401030018925667
2587,0.006481911521404982
2588,0.007384603377431631
2589,0.01466341968625784
2590,0.01744833216071129
2591,0.007923338562250137
2592,0.006265860982239246
2593,0.009537758305668831
2594,0.005494888871908188
2595,0.003907918464392424
2596,0.009179691784083843
2597,0.0099591463804245
2598,0.008134633302688599
2599,0.009176606312394142
2600,0.006644979119300842
2601,0.016757363453507423
2602,0.008073004893958569
2603,0.009726027958095074
2604,0.011428223922848701
2605,0.00332656386308372
2606,0.00775585463270545
2607,0.011169269680976868
2608,0.0037882819306105375
2609,0.00936586782336235
2610,0.0038923704996705055
2611,0.008304592221975327
2612,0.004611679818481207
2613,0.008476955816149712
2614,0.0038926515262573957
2615,0.01762385666370392
2616,0.006759065203368664
2617,0.007524984888732433
2618,0.01068859826773405
2619,0.00936318002641201
2620,0.01552178617566824
2621,0.004313251003623009
2622,0.002325570909306407
2623,0.009624638594686985
2624,0.00597003847360611
2625,0.00911681354045868
2626,0.002968424465507269
2627,0.0067656501196324825
2628,0.005989786237478256
2629,0.04501749202609062
2630,0.0047202096320688725
2631,0.010472847148776054
2632,0.0036101914010941982
2633,0.012218808755278587
2634,0.0032100845128297806
2635,0.009121443144977093
2636,0.005115075036883354
2637,0.011566981673240662
2638,0.008413966745138168
2639,0.01062329113483429
2640,0.007953085005283356
2641,0.005274379160255194
2642,0.01064890157431364
2643,0.006165375467389822
2644,0.004366044886410236
2645,0.005831955932080746
2646,0.008077016100287437
2647,0.027995705604553223
2648,0.016914114356040955
2649,0.017437998205423355
2650,0.005601875483989716
2651,0.006299519911408424
2652,0.010043267160654068
2653,0.008750442415475845
2654,0.01050972193479538
2655,0.009017597883939743
2656,0.011578480713069439
2657,0.011618567630648613
2658,0.014753377996385098
2659,0.005449929740279913
2660,0.005314919166266918
2661,0.01392134465277195
2662,0.002871391363441944
2663,0.012615825049579144
2664,0.008467145264148712
2665,0.0063697537407279015
2666,0.005433614365756512
2667,0.0068867402151227
2668,0.017031868919730186
2669,0.013560118153691292
2670,0.0058493847027421
2671,0.014781082049012184
2672,0.004119006916880608
2673,0.003431634046137333
2674,0.006481739692389965
2675,0.002888319082558155
2676,0.008127299137413502
2677,0.02572612464427948
2678,0.009448395110666752
2679,0.007602858357131481
2680,0.008153732866048813
2681,0.006456203758716583
2682,0.003028764156624675
2683,0.0018002530559897423
2684,0.01097804307937622
2685,0.005458799656480551
2686,0.0032882567029446363
2687,0.005887564271688461
2688,0.006042382679879665
2689,0.002592396456748247
2690,0.00893823429942131
2691,0.006551058497279882
2692,0.0035597847308963537
2693,0.006368602626025677
2694,0.005057647358626127
2695,0.0015732807805761695
2696,0.003162150736898184
2697,0.00745353102684021
2698,0.009388232603669167
2699,0.006271322723478079
2700,0.00694930087774992
2701,0.009689434431493282
2702,0.006610073149204254
2703,0.011098867282271385
2704,0.007282792590558529
2705,0.006075981073081493
2706,0.006612056400626898
2707,0.00632983585819602
2708,0.014466507360339165
2709,0.011922871693968773
2710,0.010816965252161026
2711,0.005291309207677841
2712,0.0029864516109228134
2713,0.005701256450265646
2714,0.006725483573973179
2715,0.008749030530452728
2716,0.004468236118555069
2717,0.0024488894268870354
2718,0.009783761575818062
2719,0.009021949954330921
2720,0.005377665162086487
2721,0.006323011126369238
2722,0.004507217090576887
2723,0.008752389810979366
2724,0.0036731231957674026
2725,0.007549536880105734
2726,0.020088259130716324
2727,0.006157395895570517
2728,0.00888054259121418
2729,0.0052541708573699
2730,0.0034580309875309467
2731,0.007073699496686459
2732,0.014713110402226448
2733,0.007039561402052641
2734,0.0009202653309330344
2735,0.0034967432729899883
2736,0.005851775407791138
2737,0.006491539534181356
2738,0.006658128462731838
2739,0.007311704568564892
2740,0.006726201623678207
2741,0.009371645748615265
2742,0.006400853395462036
2743,0.011932812631130219
2744,0.007268652319908142
2745,0.005297522060573101
2746,0.005241671111434698
2747,0.009427309036254883
2748,0.010146435350179672
2749,0.0075745610520243645
2750,0.003834050614386797
2751,0.009273509494960308
2752,0.004923954606056213
2753,0.008918805047869682
2754,0.004367356654256582
2755,0.00461113965138793
2756,0.010007650591433048
2757,0.005841185804456472
2758,0.006028681993484497
2759,0.006772482302039862
2760,0.006230502389371395
2761,0.010830016806721687
2762,0.014575227163732052
2763,0.009416971355676651
2764,0.004161936230957508
2765,0.004507990553975105
2766,0.0025535589084029198
2767,0.011143263429403305
2768,0.010187696665525436
2769,0.009179860353469849
2770,0.008317574858665466
2771,0.008334585465490818
2772,0.0031083307694643736
2773,0.003927567508071661
2774,0.01525657158344984
2775,0.008163467049598694
2776,0.0043618809431791306
2777,0.0065261488780379295
2778,0.00873859878629446
2779,0.006811903323978186
2780,0.013005310669541359
2781,0.00929190218448639
2782,0.01783633604645729
2783,0.006628851871937513
2784,0.00807053130120039
2785,0.006080880761146545
2786,0.006481572054326534
2787,0.0035897972993552685
2788,0.007127257063984871
2789,0.011754736304283142
2790,0.005161959677934647
2791,0.004142302554100752
2792,0.013939018361270428
2793,0.007874526083469391
2794,0.024446895346045494
2795,0.03189345449209213
2796,0.007538003847002983
2797,0.009326262399554253
2798,0.0074324943125247955
2799,0.007863416336476803
2800,0.0073673236183822155
2801,0.001362346112728119
2802,0.010768592357635498
2803,0.007034679409116507
2804,0.01476668007671833
2805,0.003342247102409601
2806,0.006157407071441412
2807,0.006692658178508282
2808,0.0047675250098109245
2809,0.014651203528046608
2810,0.009331077337265015
2811,0.007489095441997051
2812,0.008916917257010937
2813,0.0027643353678286076
2814,0.01282352115958929
2815,0.0054762354120612144
2816,0.006312158890068531
2817,0.03654571622610092
2818,0.004948388319462538
2819,0.008198769763112068
2820,0.01217774860560894
2821,0.008582575246691704
2822,0.01211235485970974
2823,0.010577304288744926
2824,0.017755992710590363
2825,0.01297761406749487
2826,0.0034469659440219402
2827,0.002906972076743841
2828,0.008228102698922157
2829,0.01023829635232687
2830,0.0037644586991518736
2831,0.012889872305095196
2832,0.01174931414425373
2833,0.00839199312031269
2834,0.00758245587348938
2835,0.013095210306346416
2836,0.00713490042835474
2837,0.010793826542794704
2838,0.003586937440559268
2839,0.011965706013143063
2840,0.018596339970827103
2841,0.004388799425214529
2842,0.005138746928423643
2843,0.010916340164840221
2844,0.005707086529582739
2845,0.004495989065617323
2846,0.009145146235823631
2847,0.007482618093490601
2848,0.007700934540480375
2849,0.005966789089143276
2850,0.00408428069204092
2851,0.017981845885515213
2852,0.016543246805667877
2853,0.005776982754468918
2854,0.021484073251485825
2855,0.013001262210309505
2856,0.00809552427381277
2857,0.0013343680184334517
2858,0.004214713349938393
2859,0.017327168956398964
2860,0.011725170537829399
2861,0.011917958967387676
2862,0.004387109540402889
2863,0.003674499224871397
2864,0.00944460742175579
2865,0.005132495425641537
2866,0.005534576252102852
2867,0.002246626652777195
2868,0.00711035868152976
2869,0.0037048752419650555
2870,0.0029206618200987577
2871,0.011388758197426796
2872,0.011997031047940254
2873,0.003154214471578598
2874,0.005874799098819494
2875,0.01039002276957035
2876,0.010465028695762157
2877,0.010816726833581924
2878,0.01924179308116436
2879,0.011216877028346062
2880,0.005344940349459648
2881,0.020706340670585632
2882,0.0063801780343055725
2883,0.01244853064417839
2884,0.005935858003795147
2885,0.005615103058516979
2886,0.0074018510058522224
2887,0.0055672479793429375
2888,0.004024914465844631
2889,0.00882682017982006
2890,0.005718040280044079
2891,0.010239438153803349
2892,0.01707334630191326
2893,0.006925733294337988
2894,0.003734248224645853
2895,0.00984973181039095
2896,0.009698416106402874
2897,0.012182379141449928
2898,0.004996886942535639
2899,0.01457962766289711
2900,0.01328447088599205
2901,0.010253993794322014
2902,0.005817823112010956
2903,0.006667971611022949
2904,0.007558557204902172
2905,0.004610858391970396
2906,0.012951466254889965
2907,0.008984706364572048
2908,0.013671006076037884
2909,0.004768357612192631
2910,0.004037297796458006
2911,0.0042531173676252365
2912,0.010973084717988968
2913,0.008886712603271008
2914,0.01176957692950964
2915,0.0051926905289292336
2916,0.005011514760553837
2917,0.01373065821826458
2918,0.009083622135221958
2919,0.011101266369223595
2920,0.0025270453188568354
2921,0.013380451127886772
2922,0.003407145384699106
2923,0.03181799501180649
2924,0.00908173993229866
2925,0.0047196149826049805
2926,0.006775437854230404
2927,0.009548777714371681
2928,0.008030067197978497
2929,0.0045341141521930695
2930,0.007807317189872265
2931,0.010540151968598366
2932,0.0027504265308380127
2933,0.006020537577569485
2934,0.005826342850923538
2935,0.006537283770740032
2936,0.009102975949645042
2937,0.00586982537060976
2938,0.00792159978300333
2939,0.0076792193576693535
2940,0.0054057142697274685
2941,0.006730796303600073
2942,0.008458517491817474
2943,0.004845683928579092
2944,0.002952262293547392
2945,0.011758497916162014
2946,0.005306664388626814
2947,0.008925970643758774
2948,0.007145918905735016
2949,0.0061539034359157085
2950,0.009284205734729767
2951,0.005943693220615387
2952,0.006320553831756115
2953,0.0060734497383236885
2954,0.00376822124235332
2955,0.008044504560530186
2956,0.0074580637738108635
2957,0.004699112847447395
2958,0.005406034179031849
2959,0.015664901584386826
2960,0.008566697128117085
2961,0.004540523514151573
2962,0.00712914764881134
2963,0.009636767208576202
2964,0.01036348007619381
2965,0.00339006120339036
2966,0.01019385363906622
2967,0.01534031331539154
2968,0.011796451173722744
2969,0.009534358978271484
2970,0.0049602193757891655
2971,0.008993545547127724
2972,0.0029045059345662594
2973,0.011838945560157299
2974,0.002632457297295332
2975,0.005599834956228733
2976,0.011790981516242027
2977,0.00823847483843565
2978,0.006803601980209351
2979,0.004724639933556318
2980,0.005348029546439648
2981,0.014421507716178894
2982,0.004766619764268398
2983,0.00529887480661273
2984,0.015526482835412025
2985,0.007471202872693539
2986,0.011321945115923882
2987,0.005940751638263464
2988,0.012013548985123634
2989,0.006757813971489668
2990,0.008082612417638302
2991,0.00350123830139637
2992,0.007522299885749817
2993,0.005200409796088934
2994,0.004534287378191948
2995,0.006145133636891842
2996,0.008772417902946472
2997,0.010786913335323334
2998,0.005925252102315426
2999,0.009385818615555763
3000,0.011760113760828972
3001,0.0038247769698500633
3002,0.003282381221652031
3003,0.013117855414748192
3004,0.012429091148078442
3005,0.004563341848552227
3006,0.01873774826526642
3007,0.004939227364957333
3008,0.010220418684184551
3009,0.004904285538941622
3010,0.005301028490066528
3011,0.009637141600251198
3012,0.009822550229728222
3013,0.007207564078271389
3014,0.005003446713089943
3015,0.006833020597696304
3016,0.005715005099773407
3017,0.004816266708076
3018,0.004706015344709158
3019,0.013593229465186596
3020,0.012386283837258816
3021,0.006019420921802521
3022,0.008796405047178268
3023,0.007535592652857304
3024,0.01318284496665001
3025,0.007121386006474495
3026,0.011429913341999054
3027,0.004757305607199669
3028,0.008319087326526642
3029,0.005244220606982708
3030,0.006512134335935116
3031,0.006816925015300512
3032,0.009649842046201229
3033,0.0038893837481737137
3034,0.005669696256518364
3035,0.008353285491466522
3036,0.013753145933151245
3037,0.01213906705379486
3038,0.010383553802967072
3039,0.008382631465792656
3040,0.0075353942811489105
3041,0.005387496203184128
3042,0.0045684510841965675
3043,0.007916743867099285
3044,0.00833490677177906
3045,0.015380971133708954
3046,0.003077638801187277
3047,0.0020279716700315475
3048,0.010940979234874249
3049,0.0033039525151252747
3050,0.008505568839609623
3051,0.0050129638984799385
3052,0.002300074091181159
3053,0.006937980651855469
3054,0.005894463509321213
3055,0.0034257411025464535
3056,0.006865756120532751
3057,0.010700888931751251
3058,0.023834895342588425
3059,0.0032124225981533527
3060,0.009691283106803894
3061,0.0025917673483490944
3062,0.004107465967535973
3063,0.006139801349490881
3064,0.007418554276227951
3065,0.007872013375163078
3066,0.009659554809331894
3067,0.006753343623131514
3068,0.014340654015541077
3069,0.008321739733219147
3070,0.021773595362901688
3071,0.00767099391669035
3072,0.012644050642848015
3073,0.005282513797283173
3074,0.005831756629049778
3075,0.006056180223822594
3076,0.007247759960591793
3077,0.006490947678685188
3078,0.01167935412377119
3079,0.0026677835267037153
3080,0.00563030457124114
3081,0.008937003090977669
3082,0.006668354384601116
3083,0.006644170265644789
3084,0.006598231848329306
3085,0.0161738283932209
3086,0.010535351932048798
3087,0.005975532345473766
3088,0.004202015697956085
3089,0.006389190908521414
3090,0.0035106211435049772
3091,0.005794103257358074
3092,0.009076680988073349
3093,0.0037077143788337708
3094,0.013336218893527985
3095,0.01030785497277975
3096,0.005049891769886017
3097,0.005315762013196945
3098,0.004357113502919674
3099,0.002468130551278591
3100,0.014684852212667465
3101,0.008597219362854958
3102,0.011668032966554165
3103,0.007601459510624409
3104,0.0034743992146104574
3105,0.021537071093916893
3106,0.009076856076717377
3107,0.00618313392624259
3108,0.007357080467045307
3109,0.006692488677799702
3110,0.003518646350130439
3111,0.010146960616111755
3112,0.004058370366692543
3113,0.005835298448801041
3114,0.0068733105435967445
3115,0.005335419438779354
3116,0.017235880717635155
3117,0.009795167483389378
3118,0.011120549403131008
3119,0.00636996328830719
3120,0.013613268733024597
3121,0.005359340459108353
3122,0.006956114433705807
3123,0.00821343157440424
3124,0.011581173166632652
3125,0.011135096661746502
3126,0.021723072975873947
3127,0.005996940191835165
3128,0.006319365464150906
3129,0.00570673868060112
3130,0.007429803721606731
3131,0.010120784863829613
3132,0.0066916001960635185
3133,0.0072027756832540035
3134,0.004207571968436241
3135,0.01294345036149025
3136,0.019870806485414505
3137,0.0058683184906840324
3138,0.013190504163503647
3139,0.005055440589785576
3140,0.0033602449111640453
3141,0.006198338698595762
3142,0.011876534670591354
3143,0.008049837313592434
3144,0.021929480135440826
3145,0.010251428000628948
3146,0.0036425795406103134
3147,0.00875847041606903
3148,0.004658358171582222
3149,0.005576711148023605
3150,0.00748180178925395
3151,0.003948591649532318
3152,0.00608750618994236
3153,0.0063546947203576565
3154,0.009136850945651531
3155,0.004434979986399412
3156,0.006879457738250494
3157,0.008596498519182205
3158,0.002547366078943014
3159,0.00660689827054739
3160,0.005357779562473297
3161,0.003970731049776077
3162,0.004826083779335022
3163,0.01005273312330246
3164,0.005645068362355232
3165,0.01665051095187664
3166,0.009457007981836796
3167,0.008408838883042336
3168,0.005995715968310833
3169,0.010447992011904716
3170,0.00692015141248703
3171,0.003887541126459837
3172,0.004906423389911652
3173,0.009096954949200153
3174,0.008856250904500484
3175,0.005917060188949108
3176,0.0028523802757263184
3177,0.010530786588788033
3178,0.015696614980697632
3179,0.005449097137898207
3180,0.003206014633178711
3181,0.026650965213775635
3182,0.027783367782831192
3183,0.003582623554393649
3184,0.0033618283923715353
3185,0.002443240489810705
3186,0.006003808230161667
3187,0.008369394578039646
3188,0.0055846176110208035
3189,0.004890779033303261
3190,0.012815803289413452
3191,0.004080256447196007
3192,0.011176688596606255
3193,0.003685967531055212
3194,0.014044143259525299
3195,0.005599393974989653
3196,0.00427335686981678
3197,0.010874318890273571
3198,0.016640380024909973
3199,0.02947441302239895
3200,0.003425853792577982
3201,0.005661034490913153
3202,0.009014884009957314
3203,0.003962612710893154
3204,0.008410198614001274
3205,0.00945422612130642
3206,0.0071989791467785835
3207,0.007150543853640556
3208,0.007307061925530434
3209,0.008309828117489815
3210,0.01660902425646782
3211,0.004589485004544258
3212,0.0033497661352157593
3213,0.003751436248421669
3214,0.007338197901844978
3215,0.007031691260635853
3216,0.004271462559700012
3217,0.009974234737455845
3218,0.015804119408130646
3219,0.011100094765424728
3220,0.007029984146356583
3221,0.02934633567929268
3222,0.0046754442155361176
3223,0.007729611359536648
3224,0.012835051864385605
3225,0.00558315496891737
3226,0.00994965061545372
3227,0.009716643020510674
3228,0.009655156172811985
3229,0.007168995216488838
3230,0.0018525149207562208
3231,0.008532450534403324
3232,0.005488122813403606
3233,0.0041580540128052235
3234,0.007913111709058285
3235,0.010365646332502365
3236,0.008060509338974953
3237,0.006474107038229704
3238,0.0050110165029764175
3239,0.0043060751631855965
3240,0.006734972354024649
3241,0.004619726911187172
3242,0.013058176264166832
3243,0.007580359932035208
3244,0.009201831184327602
3245,0.007113657426089048
3246,0.0034261744003742933
3247,0.006808786652982235
3248,0.003962188493460417
3249,0.006448469590395689
3250,0.008089721202850342
3251,0.011589720845222473
3252,0.018210582435131073
3253,0.008589552715420723
3254,0.01193864643573761
3255,0.008371688425540924
3256,0.011434493586421013
3257,0.02089635655283928
3258,0.003916651010513306
3259,0.017623979598283768
3260,0.014692219905555248
3261,0.008363167755305767
3262,0.00663716858252883
3263,0.004043840803205967
3264,0.014517570845782757
3265,0.004724769853055477
3266,0.004558822605758905
3267,0.012156638316810131
3268,0.007051884662359953
3269,0.009918171912431717
3270,0.0034269667230546474
3271,0.01308885496109724
3272,0.012432090938091278
3273,0.003898749826475978
3274,0.0044006723910570145
3275,0.009358592331409454
3276,0.00728249317035079
3277,0.012156861834228039
3278,0.006622728891670704
3279,0.004932780750095844
3280,0.005329070147126913
3281,0.0035117249935865402
3282,0.00499153696000576
3283,0.006453243549913168
3284,0.003823675215244293
3285,0.014204205945134163
3286,0.007676788605749607
3287,0.011645744554698467
3288,0.011646512895822525
3289,0.007154855411499739
3290,0.008459152653813362
3291,0.009102406911551952
3292,0.007425996474921703
3293,0.006320064887404442
3294,0.00892120972275734
3295,0.010147634893655777
3296,0.008416112512350082
3297,0.023266181349754333
3298,0.011666372418403625
3299,0.014796283096075058
3300,0.006830169819295406
3301,0.007733042351901531
3302,0.006765831261873245
3303,0.0061499206349253654
3304,0.016004595905542374
3305,0.008790909312665462
3306,0.01105737965553999
3307,0.002060058992356062
3308,0.003543221391737461
3309,0.01065098401159048
3310,0.0041644335724413395
3311,0.014778180047869682
3312,0.005885470658540726
3313,0.012588122859597206
3314,0.009464133530855179
3315,0.008555388078093529
3316,0.012498430907726288
3317,0.012581795454025269
3318,0.010017985478043556
3319,0.005165116861462593
3320,0.008497738279402256
3321,0.012258976697921753
3322,0.00502629391849041
3323,0.011968949809670448
3324,0.003379435744136572
3325,0.005314186215400696
3326,0.004374881740659475
3327,0.013075007125735283
3328,0.00805908627808094
3329,0.009145660325884819
3330,0.005306716077029705
3331,0.0036005116999149323
3332,0.007194311823695898
3333,0.008722977712750435
3334,0.005983117967844009
3335,0.007885012775659561
3336,0.006596009247004986
3337,0.012986595742404461
3338,0.007835205644369125
3339,0.006801564246416092
3340,0.009007071144878864
3341,0.0070065660402178764
3342,0.0024295260664075613
3343,0.004668059758841991
3344,0.006026926450431347
3345,0.005294688045978546
3346,0.0024752875324338675
3347,0.0041323876939713955
3348,0.0055712684988975525
3349,0.005085442215204239
3350,0.017547786235809326
3351,0.008618215098977089
3352,0.00485272565856576
3353,0.015410957857966423
3354,0.007424577139317989
3355,0.006620325148105621
3356,0.0060802302323281765
3357,0.009310279041528702
3358,0.0068077100440859795
3359,0.0058873919770121574
3360,0.006541139911860228
3361,0.02085130661725998
3362,0.012047149240970612
3363,0.007128621451556683
3364,0.007984960451722145
3365,0.006842690985649824
3366,0.004586794879287481
3367,0.0146887032315135
3368,0.0032212939113378525
3369,0.010223062708973885
3370,0.011715363711118698
3371,0.0027867527678608894
3372,0.006898024119436741
3373,0.01646382175385952
3374,0.005664797034114599
3375,0.011435627937316895
3376,0.0046427263878285885
3377,0.008468885906040668
3378,0.008514782413840294
3379,0.006132123526185751
3380,0.022875960916280746
3381,0.008443036116659641
3382,0.009207228198647499
3383,0.003756081685423851
3384,0.010113970376551151
3385,0.0117107555270195
3386,0.0049621667712926865
3387,0.003852256340906024
3388,0.004734603688120842
3389,0.014532933011651039
3390,0.0020615304820239544
3391,0.009103355929255486
3392,0.007128400262445211
3393,0.005307774990797043
3394,0.0051787965930998325
3395,0.020095696672797203
3396,0.014139346778392792
3397,0.011504064314067364
3398,0.0049078576266765594
3399,0.0034878782462328672
3400,0.009251290932297707
3401,0.005323612596839666
3402,0.007101983763277531
3403,0.009118562564253807
3404,0.009379474446177483
3405,0.008294901810586452
3406,0.0042625656351447105
3407,0.007013615220785141
3408,0.014470751397311687
3409,0.0052466196939349174
3410,0.004933972842991352
3411,0.005053594708442688
3412,0.0029673806857317686
3413,0.008893831633031368
3414,0.008710475638508797
3415,0.00631432980298996
3416,0.011964897625148296
3417,0.006461719982326031
3418,0.010500550270080566
3419,0.028768207877874374
3420,0.021264171227812767
3421,0.004381153732538223
3422,0.011574688367545605
3423,0.010299630463123322
3424,0.012566930614411831
3425,0.012906955555081367
3426,0.004637842997908592
3427,0.013642947189509869
3428,0.011364075355231762
3429,0.0037585808895528316
3430,0.022667638957500458
3431,0.009788754396140575
3432,0.007262033876031637
3433,0.013584616594016552
3434,0.024939358234405518
3435,0.0069620655849576
3436,0.009349248372018337
3437,0.0046272543258965015
3438,0.00877714529633522
3439,0.006351609714329243
3440,0.005055972374975681
3441,0.003920475021004677
3442,0.01138361357152462
3443,0.007640529423952103
3444,0.007053055800497532
3445,0.0062773763202130795
3446,0.007853135466575623
3447,0.008757495321333408
3448,0.024884721264243126
3449,0.007718294393271208
3450,0.008017648011446
3451,0.00992107018828392
3452,0.0034838791470974684
3453,0.007124488241970539
3454,0.006133108399808407
3455,0.0038210644852370024
3456,0.007897555828094482
3457,0.012276015244424343
3458,0.006865845527499914
3459,0.0029434352181851864
3460,0.0028286888264119625
3461,0.011192342266440392
3462,0.009039798751473427
3463,0.008935129269957542
3464,0.00949400570243597
3465,0.010458189062774181
3466,0.007122460287064314
3467,0.004293641075491905
3468,0.005027761682868004
3469,0.010780997574329376
3470,0.006958446931093931
3471,0.0032336488366127014
3472,0.007959984242916107
3473,0.00642359210178256
3474,0.009667432866990566
3475,0.0027582624461501837
3476,0.01121625117957592
3477,0.00685017928481102
3478,0.004054480232298374
3479,0.005017395131289959
3480,0.007132910192012787
3481,0.0046812137588858604
3482,0.007344014011323452
3483,0.008114993572235107
3484,0.009436497464776039
3485,0.006259930785745382
3486,0.006573323160409927
3487,0.0065458836033940315
3488,0.009641669690608978
3489,0.010710920207202435
3490,0.017377205193042755
3491,0.004122817423194647
3492,0.01189926266670227
3493,0.007777320221066475
3494,0.0070931268855929375
3495,0.01577230542898178
3496,0.02617679350078106
3497,0.008540760725736618
3498,0.009755149483680725
3499,0.009417325258255005
3500,0.006266122218221426
3501,0.014167687855660915
3502,0.024731453508138657
3503,0.005364594981074333
3504,0.008004098199307919
3505,0.0073048388585448265
3506,0.007538395002484322
3507,0.005808087065815926
3508,0.011498592793941498
3509,0.00508930953219533
3510,0.011544561944901943
3511,0.0094377426430583
3512,0.004683064296841621
3513,0.0065186950378119946
3514,0.004874088801443577
3515,0.014404821209609509
3516,0.0053304946050047874
3517,0.003962503746151924
3518,0.007105476688593626
3519,0.0046395109966397285
3520,0.006698716431856155
3521,0.006571133621037006
3522,0.006912798620760441
3523,0.010107234120368958
3524,0.013991417363286018
3525,0.015945520251989365
3526,0.011580808088183403
3527,0.008548792451620102
3528,0.0034982492215931416
3529,0.006220832001417875
3530,0.003615985158830881
3531,0.007630248554050922
3532,0.004536109510809183
3533,0.0072451867163181305
3534,0.007924370467662811
3535,0.005075393244624138
3536,0.004358508624136448
3537,0.008974609896540642
3538,0.009401846677064896
3539,0.012352349236607552
3540,0.009397461079061031
3541,0.005411205347627401
3542,0.021795228123664856
3543,0.005964800715446472
3544,0.010937563143670559
3545,0.007000376470386982
3546,0.013966862112283707
3547,0.01143734436482191
3548,0.004758394323289394
3549,0.015714474022388458
3550,0.014601710252463818
3551,0.008775541558861732
3552,0.007688787765800953
3553,0.008236631751060486
3554,0.018001439049839973
3555,0.00375254824757576
3556,0.00669520627707243
3557,0.010786156170070171
3558,0.013036470860242844
3559,0.014141029678285122
3560,0.008983802050352097
3561,0.003692451398819685
3562,0.006572909187525511
3563,0.01008578110486269
3564,0.004139847122132778
3565,0.007777771912515163
3566,0.0049399263225495815
3567,0.008373966440558434
3568,0.0035794596187770367
3569,0.005750826559960842
3570,0.013853948563337326
3571,0.00899975560605526
3572,0.013998611830174923
3573,0.00891483947634697
3574,0.004367198329418898
3575,0.013869907706975937
3576,0.0068239085376262665
3577,0.00952143408358097
3578,0.0025059895124286413
3579,0.009811739437282085
3580,0.004832962993532419
3581,0.011706151068210602
3582,0.0028945240192115307
3583,0.007547957357019186
3584,0.02256021462380886
3585,0.006458824034780264
3586,0.011680444702506065
3587,0.006005346775054932
3588,0.010331396013498306
3589,0.003803593572229147
3590,0.004238559864461422
3591,0.009521699510514736
3592,0.005574504844844341
3593,0.006200456526130438
3594,0.013518969528377056
3595,0.007540644612163305
3596,0.013315970078110695
3597,0.018753452226519585
3598,0.004191462881863117
3599,0.009830061346292496
3600,0.003665570868179202
3601,0.003577719908207655
3602,0.011871138587594032
3603,0.004395065829157829
3604,0.007070437073707581
3605,0.005928445607423782
3606,0.004812090657651424
3607,0.01338231097906828
3608,0.017687473446130753
3609,0.015300336293876171
3610,0.004392165690660477
3611,0.0023710739333182573
3612,0.0065507180988788605
3613,0.009364286437630653
3614,0.009314234368503094
3615,0.0030410955660045147
3616,0.004626588895916939
3617,0.0055306218564510345
3618,0.004761884920299053
3619,0.013997195288538933
3620,0.010344678536057472
3621,0.013195398263633251
3622,0.009429225698113441
3623,0.005384288262575865
3624,0.0076213497668504715
3625,0.012165672145783901
3626,0.009323691949248314
3627,0.00680990144610405
3628,0.009061692282557487
3629,0.011457952670753002
3630,0.01055108942091465
3631,0.017619125545024872
3632,0.005564753897488117
3633,0.004881879314780235
3634,0.008249408565461636
3635,0.011584571562707424
3636,0.011364913545548916
3637,0.008438540622591972
3638,0.0075273653492331505
3639,0.003925394266843796
3640,0.002431379398331046
3641,0.011742043308913708
3642,0.007656109984964132
3643,0.00394419115036726
3644,0.005582486744970083
3645,0.001908569596707821
3646,0.004749121610075235
3647,0.009054716676473618
3648,0.005864080972969532
3649,0.016524607315659523
3650,0.009389661252498627
3651,0.004853660240769386
3652,0.013879423961043358
3653,0.009835257194936275
3654,0.017873896285891533
3655,0.015026520937681198
3656,0.003256866242736578
3657,0.012320738285779953
3658,0.012130511924624443
3659,0.006094088777899742
3660,0.015580578707158566
3661,0.004096974618732929
3662,0.0062376647256314754
3663,0.0101565420627594
3664,0.005840433295816183
3665,0.0096385283395648
3666,0.007157008163630962
3667,0.008179042488336563
3668,0.011134306900203228
3669,0.008615076541900635
3670,0.008801634423434734
3671,0.004993188660591841
3672,0.007742790505290031
3673,0.01841239631175995
3674,0.010186618193984032
3675,0.006790288724005222
3676,0.007790698669850826
3677,0.009837105870246887
3678,0.0042070928029716015
3679,0.005971833132207394
3680,0.010596156120300293
3681,0.0066886404529213905
3682,0.01037057675421238
3683,0.01050981879234314
3684,0.0036175919231027365
3685,0.009401167742908001
3686,0.005797836929559708
3687,0.002604021690785885
3688,0.006661515682935715
3689,0.006638405378907919
3690,0.00934569165110588
3691,0.0069879344664514065
3692,0.009493122808635235
3693,0.0059027718380093575
3694,0.0036286371760070324
3695,0.005584391765296459
3696,0.0057144612073898315
3697,0.019515637308359146
3698,0.002567858435213566
3699,0.012909939512610435
3700,0.011126312427222729
3701,0.005324491299688816
3702,0.006741483695805073
3703,0.018828298896551132
3704,0.003944223280996084
3705,0.007255177013576031
3706,0.004713947884738445
3707,0.017071714624762535
3708,0.006872014608234167
3709,0.012041124515235424
3710,0.006362447515130043
3711,0.00696136336773634
3712,0.0033206860534846783
3713,0.006717088632285595
3714,0.004860473796725273
3715,0.010113624855875969
3716,0.007018991746008396
3717,0.009212103672325611
3718,0.009678483940660954
3719,0.008284840732812881
3720,0.013667105697095394
3721,0.007452022284269333
3722,0.007402269169688225
3723,0.005885033868253231
3724,0.006937670987099409
3725,0.002834870247170329
3726,0.006103819236159325
3727,0.008593044243752956
3728,0.0052548302337527275
3729,0.0031838957220315933
3730,0.009716321714222431
3731,0.008746261708438396
3732,0.006870013661682606
3733,0.006671261042356491
3734,0.024071713909506798
3735,0.008116687647998333
3736,0.014573509804904461
3737,0.006139253731817007
3738,0.006061632186174393
3739,0.013688042759895325
3740,0.01633599027991295
3741,0.013809941709041595
3742,0.011629311367869377
3743,0.002869832329452038
3744,0.007771309465169907
3745,0.010924624279141426
3746,0.00958576612174511
3747,0.004495610017329454
3748,0.005740172695368528
3749,0.006655190140008926
3750,0.013069331645965576
3751,0.014210149645805359
3752,0.01536058820784092
3753,0.009774311445653439
3754,0.008770286105573177
3755,0.010113059543073177
3756,0.004197486210614443
3757,0.00778797036036849
3758,0.01584950089454651
3759,0.0060417442582547665
3760,0.014202842488884926
3761,0.008647866547107697
3762,0.002968128304928541
3763,0.015206269919872284
3764,0.004993933252990246
3765,0.021159259602427483
3766,0.016324980184435844
3767,0.010040955618023872
3768,0.00629911944270134
3769,0.005619929637759924
3770,0.008050558157265186
3771,0.019450874999165535
3772,0.006662364583462477
3773,0.00985969789326191
3774,0.009880216792225838
3775,0.006190016865730286
3776,0.011515366844832897
3777,0.007529891096055508
3778,0.012837018817663193
3779,0.007020600140094757
3780,0.012123731896281242
3781,0.0029886437114328146
3782,0.00379086472094059
3783,0.015112376771867275
3784,0.006953691132366657
3785,0.0075395070016384125
3786,0.007434911094605923
3787,0.002986215753480792
3788,0.004320691339671612
3789,0.005659404676407576
3790,0.005330082960426807
3791,0.025144442915916443
3792,0.007584897335618734
3793,0.004946240223944187
3794,0.00952954962849617
3795,0.004539892077445984
3796,0.00923275388777256
3797,0.012822063639760017
3798,0.012616187334060669
3799,0.010800264775753021
3800,0.010889621451497078
3801,0.006421254016458988
3802,0.003153137629851699
3803,0.03000732511281967
3804,0.0059473225846886635
3805,0.005442079156637192
3806,0.004521035123616457
3807,0.007059326395392418
3808,0.005656806752085686
3809,0.01936635933816433
3810,0.004079550039023161
3811,0.009840124286711216
3812,0.004468916915357113
3813,0.01190877240151167
3814,0.006847884505987167
3815,0.006887200754135847
3816,0.0074783856980502605
3817,0.005400180350989103
3818,0.012759443372488022
3819,0.007306145504117012
3820,0.006793695501983166
3821,0.004928970709443092
3822,0.00598196079954505
3823,0.014780282974243164
3824,0.009949764236807823
3825,0.0025507714599370956
3826,0.006464696489274502
3827,0.011012165807187557
3828,0.0077452631667256355
3829,0.003680473193526268
3830,0.005494968965649605
3831,0.007430219557136297
3832,0.015079955570399761
3833,0.017289776355028152
3834,0.008599571883678436
3835,0.005774786230176687
3836,0.005849875044077635
3837,0.008709527552127838
3838,0.0052090175449848175
3839,0.009788364171981812
3840,0.006444863975048065
3841,0.004427551757544279
3842,0.004186936188489199
3843,0.013698792085051537
3844,0.015493309125304222
3845,0.006506705656647682
3846,0.009602131322026253
3847,0.009679436683654785
3848,0.003981130197644234
3849,0.001980401575565338
3850,0.003855012124404311
3851,0.004771846812218428
3852,0.006121920421719551
3853,0.011512024328112602
3854,0.018555615097284317
3855,0.005565903149545193
3856,0.004848075099289417
3857,0.015833601355552673
3858,0.0032752719707787037
3859,0.008736458607017994
3860,0.0047431038692593575
3861,0.003893095999956131
3862,0.007792753633111715
3863,0.009140998125076294
3864,0.009101247414946556
3865,0.01007809117436409
3866,0.009005775675177574
3867,0.016866382211446762
3868,0.015320226550102234
3869,0.008074058219790459
3870,0.007767628878355026
3871,0.009877955541014671
3872,0.003979945555329323
3873,0.007860207930207253
3874,0.0029652509838342667
3875,0.014784864149987698
3876,0.012765327468514442
3877,0.0056592971086502075
3878,0.00409679114818573
3879,0.005817813333123922
3880,0.007168076001107693
3881,0.0044439975172281265
3882,0.00341526186093688
3883,0.006494888570159674
3884,0.004724237602204084
3885,0.01184864155948162
3886,0.005058633629232645
3887,0.005159794352948666
3888,0.003125059185549617
3889,0.005683084484189749
3890,0.003838060423731804
3891,0.008274532854557037
3892,0.009457822889089584
3893,0.0072011142037808895
3894,0.012480249628424644
3895,0.00406509917229414
3896,0.007662121206521988
3897,0.009851576760411263
3898,0.016898296773433685
3899,0.011554058641195297
3900,0.004379212856292725
3901,0.019976938143372536
3902,0.00321808154694736
3903,0.01203023549169302
3904,0.011593103408813477
3905,0.0031819860450923443
3906,0.019637612625956535
3907,0.014053630642592907
3908,0.014269947074353695
3909,0.004917570389807224
3910,0.007654387503862381
3911,0.010359851643443108
3912,0.011398273520171642
3913,0.012556246481835842
3914,0.005173735320568085
3915,0.007128443568944931
3916,0.011656314134597778
3917,0.011146873235702515
3918,0.007161508314311504
3919,0.010293903760612011
3920,0.005598112475126982
3921,0.0075435577891767025
3922,0.014011599123477936
3923,0.01317143440246582
3924,0.005590348970144987
3925,0.006488553714007139
3926,0.0022825016640126705
3927,0.007231615483760834
3928,0.004988890141248703
3929,0.018262583762407303
3930,0.004553335253149271
3931,0.010184003040194511
3932,0.006626335438340902
3933,0.010080171748995781
3934,0.006174114532768726
3935,0.022427907213568687
3936,0.00978673156350851
3937,0.009950889274477959
3938,0.009536836296319962
3939,0.01343392115086317
3940,0.008853774517774582
3941,0.009763128124177456
3942,0.0036106582265347242
3943,0.0073732612654566765
3944,0.0057701170444488525
3945,0.01096746139228344
3946,0.013440839946269989
3947,0.005509394221007824
3948,0.004786798730492592
3949,0.007522290572524071
3950,0.008494455367326736
3951,0.0030387178994715214
3952,0.010322950780391693
3953,0.004724501632153988
3954,0.008619660511612892
3955,0.01409672200679779
3956,0.005159507971256971
3957,0.0043704928830266
3958,0.009617039933800697
3959,0.006366485729813576
3960,0.007390622980892658
3961,0.009576316922903061
3962,0.002191494917497039
3963,0.00742146885022521
3964,0.006177672650665045
3965,0.0036724701058119535
3966,0.013047579675912857
3967,0.01964661478996277
3968,0.012337014079093933
3969,0.009809287264943123
3970,0.010451066307723522
3971,0.005098186433315277
3972,0.009059612639248371
3973,0.004060152918100357
3974,0.003782891435548663
3975,0.008678605780005455
3976,0.0060051558539271355
3977,0.00378066161647439
3978,0.007577838376164436
3979,0.022349044680595398
3980,0.007702003698796034
3981,0.006456546485424042
3982,0.004921558313071728
3983,0.008819149807095528
3984,0.004303404130041599
3985,0.017193526029586792
3986,0.012771427631378174
3987,0.013075205497443676
3988,0.007046799175441265
3989,0.006006042938679457
3990,0.007971454411745071
3991,0.006735318806022406
3992,0.004755431320518255
3993,0.0037025639321655035
3994,0.0031692625489085913
3995,0.009500384330749512
3996,0.010786167345941067
3997,0.004775984212756157
3998,0.011807519011199474
3999,0.010425949469208717
4000,0.01098843663930893
4001,0.010361965745687485
4002,0.010227115824818611
4003,0.009905710816383362
4004,0.006217852234840393
4005,0.009830720722675323
4006,0.010534542612731457
4007,0.004116259049624205
4008,0.002395862713456154
4009,0.009284105151891708
4010,0.004252094309777021
4011,0.008072559721767902
4012,0.006999079138040543
4013,0.011013813316822052
4014,0.01761757582426071
4015,0.005841755773872137
4016,0.011949053965508938
4017,0.013707397505640984
4018,0.009656954556703568
4019,0.006842891685664654
4020,0.009073980152606964
4021,0.005317207425832748
4022,0.00846280436962843
4023,0.0073408461175858974
4024,0.0064843324944376945
4025,0.018142689019441605
4026,0.007625157944858074
4027,0.02136985957622528
4028,0.01517516653984785
4029,0.009040972217917442
4030,0.007007329724729061
4031,0.00892544724047184
4032,0.006831997539848089
4033,0.0036026667803525925
4034,0.012091624550521374
4035,0.005116240121424198
4036,0.005125243682414293
4037,0.009251547046005726
4038,0.01453658938407898
4039,0.004226517863571644
4040,0.009381323121488094
4041,0.008327631279826164
4042,0.007540123071521521
4043,0.011800559237599373
4044,0.027791043743491173
4045,0.00243117893114686
4046,0.003918364178389311
4047,0.006193953566253185
4048,0.00479784794151783
4049,0.005307100713253021
4050,0.008467968553304672
4051,0.006971464492380619
4052,0.014793059788644314
4053,0.002757709240540862
4054,0.005476035177707672
4055,0.00462060933932662
4056,0.00637292442843318
4057,0.006060111336410046
4058,0.003977476619184017
4059,0.007009346969425678
4060,0.003804213833063841
4061,0.035084545612335205
4062,0.009045942686498165
4063,0.004345919471234083
4064,0.004436717368662357
4065,0.013446586206555367
4066,0.003710125107318163
4067,0.006129042711108923
4068,0.006238110363483429
4069,0.023930808529257774
4070,0.01785476878285408
4071,0.005494049750268459
4072,0.008617367595434189
4073,0.004391856025904417
4074,0.0062455227598547935
4075,0.04498738795518875
4076,0.004752776585519314
4077,0.0036190194077789783
4078,0.007577854208648205
4079,0.011878575198352337
4080,0.004297614097595215
4081,0.0032399767078459263
4082,0.004933301359415054
4083,0.012051070109009743
4084,0.0035341777838766575
4085,0.004473033826798201
4086,0.005890673957765102
4087,0.029423272237181664
4088,0.008719494566321373
4089,0.01833570934832096
4090,0.004694758914411068
4091,0.008712735027074814
4092,0.0047732749953866005
4093,0.006803084164857864
4094,0.009348672814667225
4095,0.008153945207595825
4096,0.007154635153710842
4097,0.004850822500884533
4098,0.005550066940486431
4099,0.004634838551282883
4100,0.00608776044100523
4101,0.003558727679774165
4102,0.005453578662127256
4103,0.003328179009258747
4104,0.002889099298045039
4105,0.005368024110794067
4106,0.012118334881961346
4107,0.0070512061938643456
4108,0.004305075854063034
4109,0.009376424364745617
4110,0.003160622902214527
4111,0.01116098091006279
4112,0.0059948451817035675
4113,0.0017378851771354675
4114,0.008514221757650375
4115,0.009470445103943348
4116,0.003832632675766945
4117,0.013895679265260696
4118,0.012291409075260162
4119,0.00929216668009758
4120,0.005413268692791462
4121,0.015243003144860268
4122,0.005231666378676891
4123,0.00549838412553072
4124,0.00812298059463501
4125,0.0037496997974812984
4126,0.008425664156675339
4127,0.01068179216235876
4128,0.01184398215264082
4129,0.02724061906337738
4130,0.013315243646502495
4131,0.005716034676879644
4132,0.01536116749048233
4133,0.005271832458674908
4134,0.0036069191992282867
4135,0.005738875828683376
4136,0.007736159022897482
4137,0.015013880096375942
4138,0.01509152352809906
4139,0.01088402234017849
4140,0.00483629060909152
4141,0.006841309368610382
4142,0.00524784903973341
4143,0.007528573274612427
4144,0.009970791637897491
4145,0.005798058118671179
4146,0.013828296214342117
4147,0.016120929270982742
4148,0.010725798085331917
4149,0.016501300036907196
4150,0.008750363253057003
4151,0.030653879046440125
4152,0.010476788505911827
4153,0.004764101933687925
4154,0.005367967300117016
4155,0.01214586105197668
4156,0.004304702393710613
4157,0.010108942165970802
4158,0.006002380512654781
4159,0.005566289182752371
4160,0.009441172704100609
4161,0.010015624575316906
4162,0.010134866461157799
4163,0.013104913756251335
4164,0.010759331285953522
4165,0.008098337799310684
4166,0.005981790833175182
4167,0.01777435652911663
4168,0.013110994361341
4169,0.004955529700964689
4170,0.009779911488294601
4171,0.010678156279027462
4172,0.007140438072383404
4173,0.012674566358327866
4174,0.013051502406597137
4175,0.007236603647470474
4176,0.01199000608175993
4177,0.0031413123942911625
4178,0.008211232721805573
4179,0.012332644313573837
4180,0.010920478031039238
4181,0.006091296672821045
4182,0.008561661466956139
4183,0.013028311543166637
4184,0.006872691214084625
4185,0.007564865052700043
4186,0.005835795775055885
4187,0.00988992303609848
4188,0.00917934812605381
4189,0.004681247286498547
4190,0.015039211139082909
4191,0.0036898264661431313
4192,0.003115292638540268
4193,0.0076200030744075775
4194,0.01172228530049324
4195,0.00529865175485611
4196,0.008730854839086533
4197,0.009847845882177353
4198,0.003685216885060072
4199,0.0035755783319473267
4200,0.008562615141272545
4201,0.004890508018434048
4202,0.02105739712715149
4203,0.008424641564488411
4204,0.015822764486074448
4205,0.0055284155532717705
4206,0.0028684386052191257
4207,0.006666872650384903
4208,0.009430726990103722
4209,0.016850339248776436
4210,0.0035604829899966717
4211,0.007432307116687298
4212,0.005175803788006306
4213,0.009702377952635288
4214,0.003427759511396289
4215,0.004306253977119923
4216,0.00975510012358427
4217,0.006088894791901112
4218,0.008050329983234406
4219,0.010941038839519024
4220,0.005527330096811056
4221,0.008590380661189556
4222,0.011892701499164104
4223,0.008808569982647896
4224,0.005578921176493168
4225,0.007713097147643566
4226,0.0014722414780408144
4227,0.00826086476445198
4228,0.0035879802890121937
4229,0.003984990995377302
4230,0.0010862094350159168
4231,0.003531441558152437
4232,0.008309189230203629
4233,0.0046916622668504715
4234,0.008828061632812023
4235,0.006217149551957846
4236,0.019426411017775536
4237,0.008297551423311234
4238,0.0031377568375319242
4239,0.012153218500316143
4240,0.0021250038407742977
4241,0.009840620681643486
4242,0.0026760506443679333
4243,0.005540044512599707
4244,0.00338245602324605
4245,0.005607116036117077
4246,0.007361448369920254
4247,0.014873545616865158
4248,0.0066515617072582245
4249,0.003947908990085125
4250,0.007816320285201073
4251,0.006088537629693747
4252,0.013390960171818733
4253,0.010448087006807327
4254,0.0053639779798686504
4255,0.005935031920671463
4256,0.011227913200855255
4257,0.0037548858672380447
4258,0.021374037489295006
4259,0.016066841781139374
4260,0.0070260753855109215
4261,0.017993971705436707
4262,0.006071768701076508
4263,0.012369245290756226
4264,0.01162179559469223
4265,0.005793613847345114
4266,0.006185716949403286
4267,0.003881174838170409
4268,0.004526018630713224
4269,0.003879627212882042
4270,0.007034982554614544
4271,0.0075297593139112
4272,0.03026725910604
4273,0.004747934639453888
4274,0.0052339560352265835
4275,0.020415598526597023
4276,0.00833728164434433
4277,0.007092449348419905
4278,0.006114295683801174
4279,0.01086172740906477
4280,0.0045452904887497425
4281,0.003744340967386961
4282,0.005106201861053705
4283,0.008750040084123611
4284,0.007885477505624294
4285,0.002568117342889309
4286,0.006085178814828396
4287,0.014674810692667961
4288,0.006553386803716421
4289,0.011497206054627895
4290,0.01419217698276043
4291,0.02899492345750332
4292,0.009361589327454567
4293,0.01437772810459137
4294,0.005781671963632107
4295,0.007783944718539715
4296,0.008392821997404099
4297,0.009751786477863789
4298,0.006524685304611921
4299,0.006024632602930069
4300,0.005358146503567696
4301,0.0031264699064195156
4302,0.007353399880230427
4303,0.0039883446879684925
4304,0.006112825125455856
4305,0.0044537195935845375
4306,0.00478019705042243
4307,0.012779973447322845
4308,0.010851937346160412
4309,0.004241081885993481
4310,0.009610344655811787
4311,0.006016099359840155
4312,0.006917103193700314
4313,0.0053099943324923515
4314,0.003006072249263525
4315,0.006848060991615057
4316,0.007198810577392578
4317,0.004983793944120407
4318,0.0024477276019752026
4319,0.009361717849969864
4320,0.013952779583632946
4321,0.011768994852900505
4322,0.006265831179916859
4323,0.01059928722679615
4324,0.020377635955810547
4325,0.0043845409527421
4326,0.010319064371287823
4327,0.007628960534930229
4328,0.00970657728612423
4329,0.007577163632959127
4330,0.006313714664429426
4331,0.008602514863014221
4332,0.004525844007730484
4333,0.012886904180049896
4334,0.003263566642999649
4335,0.006097889505326748
4336,0.011952608823776245
4337,0.014215288683772087
4338,0.012196170166134834
4339,0.005218318663537502
4340,0.005597440525889397
4341,0.01901196502149105
4342,0.0055051445960998535
4343,0.007193106692284346
4344,0.0030016533564776182
4345,0.004014985635876656
4346,0.008041046559810638
4347,0.005797183141112328
4348,0.012420717626810074
4349,0.0072683244943618774
4350,0.010270396247506142
4351,0.00773079227656126
4352,0.003772591007873416
4353,0.011765881441533566
4354,0.008095167577266693
4355,0.004957257770001888
4356,0.005190878175199032
4357,0.007881712168455124
4358,0.010655222460627556
4359,0.005254437681287527
4360,0.005271164234727621
4361,0.006118347868323326
4362,0.008249428123235703
4363,0.005839157849550247
4364,0.009211591444909573
4365,0.012609586119651794
4366,0.0059855482541024685
4367,0.010775852017104626
4368,0.009383506141602993
4369,0.01310429535806179
4370,0.007287472486495972
4371,0.008226088248193264
4372,0.003988736774772406
4373,0.019931893795728683
4374,0.006750865839421749
4375,0.008700260892510414
4376,0.007873527705669403
4377,0.007540649734437466
4378,0.0037795407697558403
4379,0.007018629461526871
4380,0.011203769594430923
4381,0.015754682943224907
4382,0.011340807192027569
4383,0.009379005059599876
4384,0.007071379572153091
4385,0.006703678518533707
4386,0.003696906380355358
4387,0.008087913505733013
4388,0.006783846765756607
4389,0.008175471797585487
4390,0.01718098670244217
4391,0.004390789195895195
4392,0.0073895081877708435
4393,0.00889564584940672
4394,0.004826284479349852
4395,0.004072591662406921
4396,0.007745468523353338
4397,0.010097099468111992
4398,0.0341428779065609
4399,0.013560320250689983
4400,0.006144701968878508
4401,0.006042213644832373
4402,0.007228526286780834
4403,0.005567028187215328
4404,0.00656005647033453
4405,0.010030247271060944
4406,0.007165553979575634
4407,0.006607723888009787
4408,0.006627000868320465
4409,0.00623288145288825
4410,0.006835109554231167
4411,0.008122459053993225
4412,0.008386808447539806
4413,0.0032525407150387764
4414,0.0037369735073298216
4415,0.0034079100005328655
4416,0.005190947093069553
4417,0.006008099764585495
4418,0.005134996026754379
4419,0.005683612078428268
4420,0.008106506429612637
4421,0.008231332525610924
4422,0.008072005584836006
4423,0.00926908478140831
4424,0.009033611975610256
4425,0.015948878601193428
4426,0.006966280750930309
4427,0.004638099577277899
4428,0.0037752860225737095
4429,0.014747489243745804
4430,0.01304053794592619
4431,0.0076799653470516205
4432,0.01025889441370964
4433,0.004804471507668495
4434,0.0126727893948555
4435,0.011819921433925629
4436,0.009280025027692318
4437,0.003960451111197472
4438,0.010348601266741753
4439,0.003592970548197627
4440,0.006297060754150152
4441,0.008719670586287975
4442,0.009479549713432789
4443,0.018076356500387192
4444,0.002772232051938772
4445,0.013293823227286339
4446,0.006380684208124876
4447,0.01457603182643652
4448,0.005873537622392178
4449,0.004803095944225788
4450,0.008076663129031658
4451,0.008266940712928772
4452,0.005069584120064974
4453,0.004249227233231068
4454,0.012902374379336834
4455,0.009093768894672394
4456,0.0049081165343523026
4457,0.010320466011762619
4458,0.005014704540371895
4459,0.005406632088124752
4460,0.006256015971302986
4461,0.00949851330369711
4462,0.02298232913017273
4463,0.004190774634480476
4464,0.012606721371412277
4465,0.008283894509077072
4466,0.011112811975181103
4467,0.008168771862983704
4468,0.005715650971978903
4469,0.007986101321876049
4470,0.005517029203474522
4471,0.007562498562037945
4472,0.018977202475070953
4473,0.003790204878896475
4474,0.01855914294719696
4475,0.007220197003334761
4476,0.005674800835549831
4477,0.009616745635867119
4478,0.005946311168372631
4479,0.006527216173708439
4480,0.003197256475687027
4481,0.010983976535499096
4482,0.004967596381902695
4483,0.0044046491384506226
4484,0.009269296191632748
4485,0.003971971571445465
4486,0.003981839865446091
4487,0.010044164955615997
4488,0.00700138695538044
4489,0.008721659891307354
4490,0.008016778156161308
4491,0.005405498202890158
4492,0.0031084748916327953
4493,0.012119999155402184
4494,0.01685885712504387
4495,0.01483883522450924
4496,0.010014757513999939
4497,0.005362878553569317
4498,0.007121873553842306
4499,0.006018428131937981
4500,0.003404727904126048
4501,0.008480183780193329
4502,0.003724165027961135
4503,0.009247317910194397
4504,0.0044230008497834206
4505,0.00833563506603241
4506,0.00830719992518425
4507,0.005281372927129269
4508,0.005524297710508108
4509,0.016813552007079124
4510,0.007193810772150755
4511,0.010407130233943462
4512,0.00416923500597477
4513,0.00687222508713603
4514,0.005821692757308483
4515,0.009976521134376526
4516,0.008215949870646
4517,0.00463840551674366
4518,0.014290934428572655
4519,0.0031535509042441845
4520,0.013442551717162132
4521,0.00941983237862587
4522,0.004426116123795509
4523,0.007963413372635841
4524,0.004125854000449181
4525,0.005489649251103401
4526,0.013380270451307297
4527,0.01130494475364685
4528,0.009375041350722313
4529,0.006148736923933029
4530,0.015463142655789852
4531,0.014431647956371307
4532,0.006207562051713467
4533,0.005710571072995663
4534,0.009903864935040474
4535,0.007744230329990387
4536,0.005442420952022076
4537,0.005489658564329147
4538,0.010219799354672432
4539,0.012526331469416618
4540,0.005608107894659042
4541,0.015938688069581985
4542,0.01567508652806282
4543,0.006040908396244049
4544,0.006287108641117811
4545,0.006442206911742687
4546,0.009637249633669853
4547,0.0033443160355091095
4548,0.009199082851409912
4549,0.007144798990339041
4550,0.007149362470954657
4551,0.005316908471286297
4552,0.003999244421720505
4553,0.0094467643648386
4554,0.018964333459734917
4555,0.006747400388121605
4556,0.009007460437715054
4557,0.004683257080614567
4558,0.009091357700526714
4559,0.003909575752913952
4560,0.009189138188958168
4561,0.0029981397092342377
4562,0.0025299733970314264
4563,0.007027683313935995
4564,0.010275539010763168
4565,0.005247601307928562
4566,0.011204907670617104
4567,0.006712655536830425
4568,0.0061091273091733456
4569,0.00552095053717494
4570,0.005544393323361874
4571,0.01025970745831728
4572,0.004065235611051321
4573,0.006037825718522072
4574,0.004686589818447828
4575,0.009673932567238808
4576,0.013788701966404915
4577,0.00518630538135767
4578,0.010910454206168652
4579,0.0073129842057824135
4580,0.0034150518476963043
4581,0.007479039486497641
4582,0.00669417530298233
4583,0.00653409119695425
4584,0.009086087346076965
4585,0.016443902626633644
4586,0.006892036646604538
4587,0.009976772591471672
4588,0.007481156848371029
4589,0.013816568069159985
4590,0.003952334634959698
4591,0.003848845837637782
4592,0.010976668447256088
4593,0.010715872049331665
4594,0.010742257349193096
4595,0.01304539106786251
4596,0.00675249844789505
4597,0.006458604708313942
4598,0.004378185141831636
4599,0.00598636781796813
4600,0.006685379892587662
4601,0.021956030279397964
4602,0.008039562031626701
4603,0.004365120083093643
4604,0.014896346256136894
4605,0.017670053988695145
4606,0.0031769853085279465
4607,0.003483142703771591
4608,0.003109702840447426
4609,0.02164527401328087
4610,0.0030044997110962868
4611,0.012676097452640533
4612,0.013467575423419476
4613,0.005530366208404303
4614,0.007466343231499195
4615,0.0046650730073452
4616,0.010235759429633617
4617,0.008245935663580894
4618,0.005653035826981068
4619,0.007127732038497925
4620,0.004513384774327278
4621,0.003620283678174019
4622,0.008380911312997341
4623,0.010958632454276085
4624,0.005028856918215752
4625,0.006856666877865791
4626,0.008312080055475235
4627,0.004372010938823223
4628,0.005162435583770275
4629,0.012107296846807003
4630,0.016224902123212814
4631,0.006368706002831459
4632,0.0091670211404562
4633,0.004551878198981285
4634,0.008772293105721474
4635,0.004584997892379761
4636,0.007427218370139599
4637,0.010161221027374268
4638,0.009376132860779762
4639,0.0026517650112509727
4640,0.011137458495795727
4641,0.009009286761283875
4642,0.009783118031919003
4643,0.0034227552823722363
4644,0.010008428245782852
4645,0.007606535218656063
4646,0.007253121584653854
4647,0.009375186637043953
4648,0.0043034544214606285
4649,0.004035377874970436
4650,0.007341253571212292
4651,0.011677606031298637
4652,0.0073499917052686214
4653,0.006436825729906559
4654,0.027813520282506943
4655,0.005939205177128315
4656,0.0019858824089169502
4657,0.004364923574030399
4658,0.007572215050458908
4659,0.01103236060589552
4660,0.0054709650576114655
4661,0.013397536240518093
4662,0.013732122257351875
4663,0.007531401701271534
4664,0.0039043761789798737
4665,0.010141714476048946
4666,0.011769003234803677
4667,0.011590441688895226
4668,0.008203988894820213
4669,0.008322383277118206
4670,0.014100773259997368
4671,0.006775058805942535
4672,0.013338728807866573
4673,0.007807835936546326
4674,0.004288298077881336
4675,0.005583056714385748
4676,0.0062690069898962975
4677,0.004730531480163336
4678,0.023765234276652336
4679,0.008102376945316792
4680,0.007449328899383545
4681,0.0046702842228114605
4682,0.006569143384695053
4683,0.01179935596883297
4684,0.029745575040578842
4685,0.0072157979011535645
4686,0.011067050509154797
4687,0.01767907291650772
4688,0.006195124238729477
4689,0.005472981370985508
4690,0.012490562163293362
4691,0.0064041814766824245
4692,0.008085465990006924
4693,0.0038066203705966473
4694,0.004687128588557243
4695,0.006223137490451336
4696,0.012953574769198895
4697,0.005293458700180054
4698,0.005730908364057541
4699,0.01690230518579483
4700,0.007384936325252056
4701,0.0051449681632220745
4702,0.01400161162018776
4703,0.00480880169197917
4704,0.009991653263568878
4705,0.006584660615772009
4706,0.009704994037747383
4707,0.01465421449393034
4708,0.004257944878190756
4709,0.01101946085691452
4710,0.017099587246775627
4711,0.006938751321285963
4712,0.006052048876881599
4713,0.007435216568410397
4714,0.005936874076724052
4715,0.0027793969493359327
4716,0.01318138837814331
4717,0.008051414042711258
4718,0.012294188141822815
4719,0.003635863307863474
4720,0.008346482180058956
4721,0.01000925712287426
4722,0.00832921639084816
4723,0.01257329247891903
4724,0.008276193402707577
4725,0.00730933528393507
4726,0.009377080015838146
4727,0.007604073267430067
4728,0.006076529622077942
4729,0.007211465388536453
4730,0.007288237567991018
4731,0.004183226265013218
4732,0.010177956894040108
4733,0.0031481627374887466
4734,0.009624557569622993
4735,0.004364978522062302
4736,0.015851834788918495
4737,0.004312125500291586
4738,0.006471037864685059
4739,0.004817248322069645
4740,0.01632065139710903
4741,0.007336829788982868
4742,0.005981205962598324
4743,0.003962075337767601
4744,0.010002732276916504
4745,0.00573001429438591
4746,0.0077416179701685905
4747,0.012168077751994133
4748,0.013290601782500744
4749,0.003620349569246173
4750,0.004024638328701258
4751,0.011432267725467682
4752,0.012124080210924149
4753,0.00959917064756155
4754,0.007539048790931702
4755,0.007258971221745014
4756,0.008031508885324001
4757,0.0052332449704408646
4758,0.005262040998786688
4759,0.007822822779417038
4760,0.0110436100512743
4761,0.003742100205272436
4762,0.004772061016410589
4763,0.01397421769797802
4764,0.005486492067575455
4765,0.008917308412492275
4766,0.0055785938166081905
4767,0.00310385855846107
4768,0.018316105008125305
4769,0.008459487929940224
4770,0.004175364505499601
4771,0.0075343600474298
4772,0.010525321587920189
4773,0.004597177729010582
4774,0.00514226034283638
4775,0.009779772721230984
4776,0.005288665182888508
4777,0.0044950940646231174
4778,0.013574471697211266
4779,0.007448201533406973
4780,0.017386533319950104
4781,0.010681926272809505
4782,0.0063798814080655575
4783,0.01813039742410183
4784,0.007830915972590446
4785,0.010431569069623947
4786,0.004819958005100489
4787,0.009203928522765636
4788,0.007382342126220465
4789,0.006880657281726599
4790,0.0043691364116966724
4791,0.00949881412088871
4792,0.004599529318511486
4793,0.014065022580325603
4794,0.0042708078399300575
4795,0.007858077064156532
4796,0.005406945012509823
4797,0.00509983254596591
4798,0.008377579040825367
4799,0.009884832426905632
4800,0.028780963271856308
4801,0.013081195764243603
4802,0.0023961439728736877
4803,0.014109630137681961
4804,0.004761184100061655
4805,0.009440643712878227
4806,0.012448894791305065
4807,0.016086775809526443
4808,0.01124725490808487
4809,0.008188553154468536
4810,0.019175004214048386
4811,0.0058655645698308945
4812,0.02960915118455887
4813,0.009132370352745056
4814,0.012699021957814693
4815,0.009095139801502228
4816,0.010042980313301086
4817,0.010332917794585228
4818,0.005266297608613968
4819,0.004359190817922354
4820,0.007200757972896099
4821,0.008882593363523483
4822,0.007272772490978241
4823,0.005457618273794651
4824,0.007870515808463097
4825,0.0069105904549360275
4826,0.004544348455965519
4827,0.001838707597926259
4828,0.009000970982015133
4829,0.013328267261385918
4830,0.0031027141958475113
4831,0.0066125052981078625
4832,0.003310505300760269
4833,0.008684635162353516
4834,0.004072108771651983
4835,0.005990840494632721
4836,0.011689364910125732
4837,0.006400338374078274
4838,0.008663784712553024
4839,0.013712910935282707
4840,0.008786020800471306
4841,0.007651516702026129
4842,0.004174446687102318
4843,0.008793635293841362
4844,0.006736044771969318
4845,0.004742399789392948
4846,0.0035848363768309355
4847,0.005385407712310553
4848,0.009795960038900375
4849,0.0076194871217012405
4850,0.009169075638055801
4851,0.005994580686092377
4852,0.009599975310266018
4853,0.005914153531193733
4854,0.005782519932836294
4855,0.008465802296996117
4856,0.004398633260279894
4857,0.006527995225042105
4858,0.013402670621871948
4859,0.024375533685088158
4860,0.003702143905684352
4861,0.011919617652893066
4862,0.009207193739712238
4863,0.016220156103372574
4864,0.009017931297421455
4865,0.002990139415487647
4866,0.012589758262038231
4867,0.012787479907274246
4868,0.005479329731315374
4869,0.005213211290538311
4870,0.019377529621124268
4871,0.009790772572159767
4872,0.012259024195373058
4873,0.004833736456930637
4874,0.004556980915367603
4875,0.006412066053599119
4876,0.014883242547512054
4877,0.010339563712477684
4878,0.004792295396327972
4879,0.008140750229358673
4880,0.008090504445135593
4881,0.0072048804722726345
4882,0.005915844347327948
4883,0.0032972488552331924
4884,0.0032309135422110558
4885,0.006166515406221151
4886,0.016070224344730377
4887,0.011575320735573769
4888,0.008849333971738815
4889,0.004790877923369408
4890,0.012009397149085999
4891,0.007869296707212925
4892,0.007609935011714697
4893,0.010132825002074242
4894,0.00798589363694191
4895,0.018118049949407578
4896,0.009578271768987179
4897,0.006441985256969929
4898,0.005960131995379925
4899,0.010261045768857002
4900,0.0072352043353021145
4901,0.004821860231459141
4902,0.028643429279327393
4903,0.009861517697572708
4904,0.0029135774821043015
4905,0.004898133222013712
4906,0.014433860778808594
4907,0.009950199164450169
4908,0.008465106599032879
4909,0.00811730232089758
4910,0.009818563237786293
4911,0.006401264574378729
4912,0.007370798848569393
4913,0.003199933795258403
4914,0.01793021336197853
4915,0.007734796032309532
4916,0.006421935744583607
4917,0.0056210774928331375
4918,0.011751590296626091
4919,0.010495725087821484
4920,0.009515304118394852
4921,0.007079957984387875
4922,0.0073682344518601894
4923,0.01085575856268406
4924,0.005286398343741894
4925,0.008256478235125542
4926,0.00791429728269577
4927,0.007291491609066725
4928,0.006604115944355726
4929,0.008537503890693188
4930,0.008365178480744362
4931,0.009856844320893288
4932,0.011721367947757244
4933,0.01559789665043354
4934,0.00829564779996872
4935,0.012911121360957623
4936,0.0052450536750257015
4937,0.006886351853609085
4938,0.009291479364037514
4939,0.010518605820834637
4940,0.006309898104518652
4941,0.00491257943212986
4942,0.004903693217784166
4943,0.009667746722698212
4944,0.009588191285729408
4945,0.017425669357180595
4946,0.018307937309145927
4947,0.004453461151570082
4948,0.011025726795196533
4949,0.006859397049993277
4950,0.0075533268973231316
4951,0.006438723765313625
4952,0.006364782806485891
4953,0.005367237608879805
4954,0.010799987241625786
4955,0.007436764892190695
4956,0.005582780577242374
4957,0.012456655502319336
4958,0.015004976652562618
4959,0.010506667196750641
4960,0.005116341635584831
4961,0.008675293996930122
4962,0.010600096546113491
4963,0.005468524992465973
4964,0.005670185666531324
4965,0.006401601247489452
4966,0.014211791567504406
4967,0.005097748711705208
4968,0.0071070375852286816
4969,0.006513956934213638
4970,0.0028423708863556385
4971,0.00482805585488677
4972,0.006897484418004751
4973,0.008445437997579575
4974,0.016299672424793243
4975,0.009416254237294197
4976,0.012470527552068233
4977,0.012241706252098083
4978,0.020998267456889153
4979,0.005329431500285864
4980,0.0030560512095689774
4981,0.006520132999867201
4982,0.007550214882940054
4983,0.012973984703421593
4984,0.013324381783604622
4985,0.007466425653547049
4986,0.005688397213816643
4987,0.030780700966715813
4988,0.006252316292375326
4989,0.003146104048937559
4990,0.01056399755179882
4991,0.01468363031744957
4992,0.009760502725839615
4993,0.003168032970279455
4994,0.007294702343642712
4995,0.011815456673502922
4996,0.004661127924919128
4997,0.006620839238166809
4998,0.006102716084569693
4999,0.010391372255980968
5000,0.012995327822864056
5001,0.010534508153796196
5002,0.006897366605699062
5003,0.004940466955304146
5004,0.00935085117816925
5005,0.005883301608264446
5006,0.008370096795260906
5007,0.00822431966662407
5008,0.009645040147006512
5009,0.008604966104030609
5010,0.011076502501964569
5011,0.011909976601600647
5012,0.004820990841835737
5013,0.006441912613809109
5014,0.007927565835416317
5015,0.010230975225567818
5016,0.010911896824836731
5017,0.004541508853435516
5018,0.004842949565500021
5019,0.006318422965705395
5020,0.008168460801243782
5021,0.004267075564712286
5022,0.010140206664800644
5023,0.004419622011482716
5024,0.012099015526473522
5025,0.0075624799355864525
5026,0.004342708270996809
5027,0.008204996585845947
5028,0.008825531229376793
5029,0.008298387750983238
5030,0.012087884359061718
5031,0.015520686283707619
5032,0.009865137748420238
5033,0.006836216896772385
5034,0.010476142168045044
5035,0.009915603324770927
5036,0.006987651344388723
5037,0.007226127665489912
5038,0.007609202526509762
5039,0.015511052682995796
5040,0.0036998833529651165
5041,0.00415199575945735
5042,0.0052938079461455345
5043,0.007114879786968231
5044,0.0030474248342216015
5045,0.0272187739610672
5046,0.007414010353386402
5047,0.0033495351672172546
5048,0.0073612285777926445
5049,0.009413002990186214
5050,0.005674747750163078
5051,0.0066190436482429504
5052,0.008299164474010468
5053,0.012545553967356682
5054,0.00715916883200407
5055,0.007850278168916702
5056,0.0031108043622225523
5057,0.005693539977073669
5058,0.003605139208957553
5059,0.01982264779508114
5060,0.005317467264831066
5061,0.0070314183831214905
5062,0.008403516374528408
5063,0.005729315336793661
5064,0.005398390349000692
5065,0.005350830033421516
5066,0.0056023672223091125
5067,0.016239460557699203
5068,0.007498632650822401
5069,0.008657541126012802
5070,0.01393609493970871
5071,0.013000044040381908
5072,0.011285125277936459
5073,0.003830917179584503
5074,0.002133647445589304
5075,0.008196891285479069
5076,0.0041525037959218025
5077,0.004668779671192169
5078,0.00766118336468935
5079,0.009556539356708527
5080,0.017116202041506767
5081,0.004245027434080839
5082,0.010179203934967518
5083,0.00261407857760787
5084,0.009193776175379753
5085,0.0025039929896593094
5086,0.007604691199958324
5087,0.006006895564496517
5088,0.0047213369980454445
5089,0.014825208112597466
5090,0.0031404197216033936
5091,0.009688695892691612
5092,0.009068246930837631
5093,0.007684297859668732
5094,0.008075949735939503
5095,0.004796495661139488
5096,0.005006831604987383
5097,0.00452996464446187
5098,0.009152421727776527
5099,0.007122119423002005
5100,0.004771047737449408
5101,0.008030177094042301
5102,0.007767084985971451
5103,0.0086045041680336
5104,0.011356080882251263
5105,0.00929923914372921
5106,0.0039603025652468204
5107,0.007297887466847897
5108,0.012985482811927795
5109,0.014376087114214897
5110,0.008481794968247414
5111,0.006196401081979275
5112,0.006447643041610718
5113,0.005770236253738403
5114,0.007334805093705654
5115,0.01187075860798359
5116,0.010594354942440987
5117,0.005175522994250059
5118,0.00714736245572567
5119,0.002826835960149765
5120,0.021989017724990845
5121,0.006582615431398153
5122,0.01311454176902771
5123,0.0045716725289821625
5124,0.005087277851998806
5125,0.004068896174430847
5126,0.005994877777993679
5127,0.007226749788969755
5128,0.00735775101929903
5129,0.007085636258125305
5130,0.005256831645965576
5131,0.007555011194199324
5132,0.008844709023833275
5133,0.009366963058710098
5134,0.006901390850543976
5135,0.006882770918309689
5136,0.004988875240087509
5137,0.005905031692236662
5138,0.009806394577026367
5139,0.010669125244021416
5140,0.011908121407032013
5141,0.009465988725423813
5142,0.015435374341905117
5143,0.005892409011721611
5144,0.016023464500904083
5145,0.007948310114443302
5146,0.009079741314053535
5147,0.008791301399469376
5148,0.006502076052129269
5149,0.009593301452696323
5150,0.007505064830183983
5151,0.004438607953488827
5152,0.009070098400115967
5153,0.003109724959358573
5154,0.01951899565756321
5155,0.005897337570786476
5156,0.004228261299431324
5157,0.018090320751070976
5158,0.017829380929470062
5159,0.009427672252058983
5160,0.012072116136550903
5161,0.006102855317294598
5162,0.014228015206754208
5163,0.006440788507461548
5164,0.0076578762382268906
5165,0.004496350884437561
5166,0.004952635616064072
5167,0.006145050283521414
5168,0.006068972870707512
5169,0.003416751977056265
5170,0.0062959641218185425
5171,0.010567869059741497
5172,0.004469027277082205
5173,0.006413190625607967
5174,0.006159545388072729
5175,0.005888820625841618
5176,0.0022750485222786665
5177,0.006059377454221249
5178,0.006105450447648764
5179,0.01571095734834671
5180,0.005746915936470032
5181,0.01289631612598896
5182,0.01165662333369255
5183,0.013204443268477917
5184,0.005436617881059647
5185,0.009791005402803421
5186,0.0056528933346271515
5187,0.012467036955058575
5188,0.01284999679774046
5189,0.0107292290776968
5190,0.0020131170749664307
5191,0.0026616272516548634
5192,0.009059270843863487
5193,0.0037230155430734158
5194,0.027165144681930542
5195,0.0074057369492948055
5196,0.008767396211624146
5197,0.0072235180996358395
5198,0.004740544129163027
5199,0.013099695555865765
5200,0.006758783012628555
5201,0.020635930821299553
5202,0.006303401198238134
5203,0.00962020456790924
5204,0.005124387331306934
5205,0.008967886678874493
5206,0.008507972583174706
5207,0.006925748195499182
5208,0.010267519392073154
5209,0.002475941088050604
5210,0.0057188523933291435
5211,0.018278904259204865
5212,0.005526897497475147
5213,0.008707692846655846
5214,0.008222435601055622
5215,0.020781060680747032
5216,0.009704654105007648
5217,0.008058294653892517
5218,0.00784105621278286
5219,0.005527717061340809
5220,0.011964090168476105
5221,0.006840012036263943
5222,0.007868840359151363
5223,0.012546907179057598
5224,0.0064845820888876915
5225,0.003831620793789625
5226,0.010167470201849937
5227,0.005924745462834835
5228,0.00856114737689495
5229,0.00593048520386219
5230,0.005352144595235586
5231,0.015989121049642563
5232,0.006405855529010296
5233,0.0111491484567523
5234,0.007561763282865286
5235,0.007599613629281521
5236,0.009000783786177635
5237,0.007562046404927969
5238,0.007237090729176998
5239,0.006440284661948681
5240,0.007435803767293692
5241,0.008186830207705498
5242,0.009087920188903809
5243,0.006980676203966141
5244,0.010962153784930706
5245,0.006634409539401531
5246,0.007176860235631466
5247,0.004581178538501263
5248,0.004524349234998226
5249,0.008237472735345364
5250,0.01422492228448391
5251,0.012271697632968426
5252,0.016510499641299248
5253,0.002843426074832678
5254,0.007834542542696
5255,0.005726353731006384
5256,0.006743228994309902
5257,0.003402411937713623
5258,0.0032527295406907797
5259,0.012848258018493652
5260,0.011067389510571957
5261,0.01015301700681448
5262,0.005605613347142935
5263,0.009497028775513172
5264,0.00405336357653141
5265,0.011364633217453957
5266,0.007556745316833258
5267,0.008843906223773956
5268,0.00567346066236496
5269,0.006634108256548643
5270,0.006760991178452969
5271,0.004797209054231644
5272,0.011512148194015026
5273,0.007700357120484114
5274,0.0036186999641358852
5275,0.004976113326847553
5276,0.006620845757424831
5277,0.009563537314534187
5278,0.008214420638978481
5279,0.020501544699072838
5280,0.012614949606359005
5281,0.008688878268003464
5282,0.003152030287310481
5283,0.01124630868434906
5284,0.008633948862552643
5285,0.018587369471788406
5286,0.00840471126139164
5287,0.009051094762980938
5288,0.004043127875775099
5289,0.004896839614957571
5290,0.01908663660287857
5291,0.0040685152634978294
5292,0.0029524234123528004
5293,0.0032767474185675383
5294,0.004340997897088528
5295,0.012508462183177471
5296,0.0049025872722268105
5297,0.010496152564883232
5298,0.00959183182567358
5299,0.020915329456329346
5300,0.006612028926610947
5301,0.00447999220341444
5302,0.004333537071943283
5303,0.017610808834433556
5304,0.009526132605969906
5305,0.006564813666045666
5306,0.01118768285959959
5307,0.01913386583328247
5308,0.010172232985496521
5309,0.010507477447390556
5310,0.007241349667310715
5311,0.004318620543926954
5312,0.004725309554487467
5313,0.011111417785286903
5314,0.007455360144376755
5315,0.0055596111342310905
5316,0.00492901261895895
5317,0.014883413910865784
5318,0.010708441957831383
5319,0.0064278109930455685
5320,0.005900934338569641
5321,0.005064144730567932
5322,0.00619625486433506
5323,0.011100093834102154
5324,0.005551142152398825
5325,0.002804086310788989
5326,0.006971040740609169
5327,0.007402355782687664
5328,0.008571618236601353
5329,0.0067809391766786575
5330,0.0044060745276510715
5331,0.00248186057433486
5332,0.016023704782128334
5333,0.003374147694557905
5334,0.0037594425957649946
5335,0.0025406740605831146
5336,0.0063361236825585365
5337,0.010027999989688396
5338,0.005743659567087889
5339,0.001929759280756116
5340,0.006662649568170309
5341,0.009182780049741268
5342,0.003295591566711664
5343,0.009258623234927654
5344,0.010560254566371441
5345,0.013796515762805939
5346,0.02078862488269806
5347,0.005753461271524429
5348,0.013141708448529243
5349,0.005548467859625816
5350,0.007438483648002148
5351,0.020136184990406036
5352,0.00457525160163641
5353,0.009186268784105778
5354,0.0056470707058906555
5355,0.027707984670996666
5356,0.0058501362800598145
5357,0.007636043708771467
5358,0.004330527037382126
5359,0.005478811450302601
5360,0.0021207104437053204
5361,0.0076482584699988365
5362,0.02113088220357895
5363,0.005373041145503521
5364,0.005218549631536007
5365,0.010179749689996243
5366,0.01418052613735199
5367,0.02306434139609337
5368,0.0029969774186611176
5369,0.010702868923544884
5370,0.005658199544996023
5371,0.005102542228996754
5372,0.006796382367610931
5373,0.006343081593513489
5374,0.013008179143071175
5375,0.005047499667853117
5376,0.014519831165671349
5377,0.00811995193362236
5378,0.013035926036536694
5379,0.005591338034719229
5380,0.009691257029771805
5381,0.01293091755360365
5382,0.007563288789242506
5383,0.011391366831958294
5384,0.006397850811481476
5385,0.0069990917108953
5386,0.009145323187112808
5387,0.006763899233192205
5388,0.005581872072070837
5389,0.014281658455729485
5390,0.010009648278355598
5391,0.00871538370847702
5392,0.01735547184944153
5393,0.006867491640150547
5394,0.004232946317642927
5395,0.008930027484893799
5396,0.01110667921602726
5397,0.005754243582487106
5398,0.0048516895622015
5399,0.01022653840482235
5400,0.012042473070323467
5401,0.01612483337521553
5402,0.004308497533202171
5403,0.01178214605897665
5404,0.005821043159812689
5405,0.017591780051589012
5406,0.00805362593382597
5407,0.011366186663508415
5408,0.007511658128350973
5409,0.005600967910140753
5410,0.0030501042492687702
5411,0.01699976995587349
5412,0.00448860228061676
5413,0.004744840785861015
5414,0.0045116133987903595
5415,0.005843994673341513
5416,0.01200111210346222
5417,0.00713307224214077
5418,0.0034521815832704306
5419,0.014308533631265163
5420,0.007878045551478863
5421,0.011209307238459587
5422,0.013651683926582336
5423,0.00443664938211441
5424,0.00970424059778452
5425,0.00839784275740385
5426,0.004477951675653458
5427,0.010627496987581253
5428,0.009648553095757961
5429,0.009528025053441525
5430,0.017837030813097954
5431,0.008622532710433006
5432,0.00842245202511549
5433,0.008120721206068993
5434,0.04008970782160759
5435,0.006912404205650091
5436,0.00873708538711071
5437,0.013220536522567272
5438,0.005529317073523998
5439,0.006599055137485266
5440,0.012075329199433327
5441,0.0058844736777246
5442,0.008319842629134655
5443,0.007945707067847252
5444,0.006884749047458172
5445,0.004389035981148481
5446,0.0037032661493867636
5447,0.010205468162894249
5448,0.00498795323073864
5449,0.009527078829705715
5450,0.005107744596898556
5451,0.016192415729165077
5452,0.007503471337258816
5453,0.009216634556651115
5454,0.012057751417160034
5455,0.0069378577172756195
5456,0.01115145068615675
5457,0.007028182502835989
5458,0.007314582820981741
5459,0.005383573472499847
5460,0.008780292235314846
5461,0.005053614266216755
5462,0.012871942482888699
5463,0.004046785645186901
5464,0.008296404965221882
5465,0.00439986027777195
5466,0.013979785144329071
5467,0.005265610292553902
5468,0.016227804124355316
5469,0.008660010062158108
5470,0.0053690108470618725
5471,0.015452849678695202
5472,0.009949704632163048
5473,0.016784202307462692
5474,0.003495471552014351
5475,0.010944845154881477
5476,0.01283262949436903
5477,0.010637528263032436
5478,0.006648018956184387
5479,0.0066677359864115715
5480,0.009569463320076466
5481,0.00999313686043024
5482,0.012082542292773724
5483,0.010231630876660347
5484,0.004046311601996422
5485,0.016798637807369232
5486,0.0058687361888587475
5487,0.007812965661287308
5488,0.010608828626573086
5489,0.005098858382552862
5490,0.010464029386639595
5491,0.009241163730621338
5492,0.006555768661201
5493,0.010443339124321938
5494,0.013316839933395386
5495,0.005321697797626257
5496,0.017609640955924988
5497,0.005966802593320608
5498,0.007394279353320599
5499,0.013337383046746254
5500,0.004850014112889767
5501,0.005894878413528204
5502,0.006961702834814787
5503,0.008074609562754631
5504,0.004585494752973318
5505,0.01128118485212326
5506,0.011842405423521996
5507,0.011772631667554379
5508,0.019983697682619095
5509,0.009051667526364326
5510,0.0055352142080664635
5511,0.011182546615600586
5512,0.005815093871206045
5513,0.016176670789718628
5514,0.00975051149725914
5515,0.015769843012094498
5516,0.010770393535494804
5517,0.009379379451274872
5518,0.007664471864700317
5519,0.004110096953809261
5520,0.00716752652078867
5521,0.006002069916576147
5522,0.010009906254708767
5523,0.005247735884040594
5524,0.017325354740023613
5525,0.009640547446906567
5526,0.003646613797172904
5527,0.002739284187555313
5528,0.008088882081210613
5529,0.013524523004889488
5530,0.016324838623404503
5531,0.005952539853751659
5532,0.005535942502319813
5533,0.011611382476985455
5534,0.009837689809501171
5535,0.011678902432322502
5536,0.006940492894500494
5537,0.0019306549802422523
5538,0.011220778338611126
5539,0.0075144837610423565
5540,0.008493728935718536
5541,0.004663289524614811
5542,0.006731058470904827
5543,0.010717342607676983
5544,0.011798723600804806
5545,0.00835720356553793
5546,0.008648575283586979
5547,0.007020806893706322
5548,0.011110072955489159
5549,0.005823979154229164
5550,0.006451848894357681
5551,0.008017681539058685
5552,0.004269752185791731
5553,0.008557198569178581
5554,0.020599178969860077
5555,0.008568983525037766
5556,0.012239642441272736
5557,0.00742209330201149
5558,0.004157079383730888
5559,0.009185384958982468
5560,0.00407054927200079
5561,0.010453050956130028
5562,0.006684699561446905
5563,0.005701083689928055
5564,0.00670419167727232
5565,0.004445127677172422
5566,0.002557407133281231
5567,0.010137651115655899
5568,0.011309142224490643
5569,0.007147329859435558
5570,0.00846518948674202
5571,0.0033630530815571547
5572,0.005087799392640591
5573,0.00886451080441475
5574,0.007211002521216869
5575,0.006455165799707174
5576,0.006426751613616943
5577,0.011262277141213417
5578,0.003787422552704811
5579,0.024351544678211212
5580,0.009057078510522842
5581,0.004261154215782881
5582,0.019124304875731468
5583,0.007479464169591665
5584,0.007082275580614805
5585,0.009888796135783195
5586,0.006831997074186802
5587,0.014143364503979683
5588,0.011847424320876598
5589,0.00646845530718565
5590,0.003488505957648158
5591,0.006173569243401289
5592,0.005621054675430059
5593,0.004523631185293198
5594,0.00870620645582676
5595,0.007408049888908863
5596,0.007230180315673351
5597,0.008706199936568737
5598,0.011169716715812683
5599,0.009081031195819378
5600,0.0037393434904515743
5601,0.011169428937137127
5602,0.011950544081628323
5603,0.005009420216083527
5604,0.00498586893081665
5605,0.014315793290734291
5606,0.007468135561794043
5607,0.007237186189740896
5608,0.016455788165330887
5609,0.01192530058324337
5610,0.011671097949147224
5611,0.009424281306564808
5612,0.00807869154959917
5613,0.009698166511952877
5614,0.005820837803184986
5615,0.009583961218595505
5616,0.011380953714251518
5617,0.006151593755930662
5618,0.0033774273470044136
5619,0.0061777508817613125
5620,0.005269227083772421
5621,0.005043819546699524
5622,0.009250798262655735
5623,0.01020517386496067
5624,0.008708944544196129
5625,0.0034415654372423887
5626,0.00829316210001707
5627,0.007162176072597504
5628,0.006046132650226355
5629,0.012088119052350521
5630,0.007044910453259945
5631,0.011239137500524521
5632,0.00507727824151516
5633,0.01265130378305912
5634,0.013243576511740685
5635,0.004607473965734243
5636,0.010757550597190857
5637,0.005149363540112972
5638,0.010992917232215405
5639,0.01213246863335371
5640,0.004662610590457916
5641,0.0024689119309186935
5642,0.014841994270682335
5643,0.004199899733066559
5644,0.006315143778920174
5645,0.009122449904680252
5646,0.0021128065418452024
5647,0.009840762242674828
5648,0.0032878369092941284
5649,0.007514075841754675
5650,0.006105776876211166
5651,0.008903308771550655
5652,0.010646529495716095
5653,0.004918323829770088
5654,0.014149660244584084
5655,0.003172013908624649
5656,0.011390650644898415
5657,0.02282935008406639
5658,0.0076183839701116085
5659,0.007106843404471874
5660,0.006765238009393215
5661,0.0042642876505851746
5662,0.009629919193685055
5663,0.007082391530275345
5664,0.0064031220972537994
5665,0.0075072250328958035
5666,0.006868191063404083
5667,0.01790805533528328
5668,0.017623499035835266
5669,0.0043375734239816666
5670,0.006085037253797054
5671,0.006094460841268301
5672,0.01249320711940527
5673,0.009239248931407928
5674,0.0051001375541090965
5675,0.00426931818947196
5676,0.012470829300582409
5677,0.005779092665761709
5678,0.011270279996097088
5679,0.012399083934724331
5680,0.011387718841433525
5681,0.0035233101807534695
5682,0.005729836877435446
5683,0.019837822765111923
5684,0.009019814431667328
5685,0.0077826399356126785
5686,0.00920562632381916
5687,0.006520034279674292
5688,0.015402777120471
5689,0.011376706883311272
5690,0.005634950008243322
5691,0.00657891109585762
5692,0.006523734889924526
5693,0.032903991639614105
5694,0.007636542897671461
5695,0.00493225734680891
5696,0.004180063493549824
5697,0.0044951727613806725
5698,0.012462414801120758
5699,0.004282358102500439
5700,0.007720091380178928
5701,0.014198093675076962
5702,0.01849389262497425
5703,0.008749234490096569
5704,0.009672347456216812
5705,0.012680492363870144
5706,0.017578771337866783
5707,0.007693599909543991
5708,0.008038101717829704
5709,0.03209104761481285
5710,0.010638827458024025
5711,0.012240422889590263
5712,0.009245394729077816
5713,0.00808587297797203
5714,0.005217821802943945
5715,0.007093786261975765
5716,0.0034665006678551435
5717,0.014706423506140709
5718,0.0058255428448319435
5719,0.011546469293534756
5720,0.004685266874730587
5721,0.004346203990280628
5722,0.004864929243922234
5723,0.015023257583379745
5724,0.004574720747768879
5725,0.0067415256053209305
5726,0.0035865993704646826
5727,0.006085372529923916
5728,0.0075361761264503
5729,0.008883895352482796
5730,0.010922210291028023
5731,0.0065856329165399075
5732,0.004045895300805569
5733,0.00873350165784359
5734,0.009036565199494362
5735,0.01233141403645277
5736,0.017373107373714447
5737,0.0035996928345412016
5738,0.006627324968576431
5739,0.01355084776878357
5740,0.01082690805196762
5741,0.0019757417030632496
5742,0.014329641126096249
5743,0.004754146561026573
5744,0.006580048240721226
5745,0.007750378921627998
5746,0.010970312170684338
5747,0.013830925337970257
5748,0.004387395456433296
5749,0.00678442744538188
5750,0.008526206016540527
5751,0.010478300973773003
5752,0.008563222363591194
5753,0.005434386432170868
5754,0.010043095797300339
5755,0.008287187665700912
5756,0.0038832451682537794
5757,0.016543112695217133
5758,0.01043184008449316
5759,0.010450239293277264
5760,0.007028146646916866
5761,0.007510405033826828
5762,0.0068919844925403595
5763,0.010190031491219997
5764,0.010603358969092369
5765,0.004392238799482584
5766,0.013910247012972832
5767,0.006109331734478474
5768,0.010701347142457962
5769,0.003226138185709715
5770,0.01103788148611784
5771,0.006929473485797644
5772,0.004296870902180672
5773,0.005499456077814102
5774,0.004471876658499241
5775,0.016314154490828514
5776,0.010013063438236713
5777,0.009517267346382141
5778,0.003981114365160465
5779,0.010524104349315166
5780,0.005838260054588318
5781,0.013101212680339813
5782,0.005632678046822548
5783,0.012173660099506378
5784,0.009220660664141178
5785,0.014209551736712456
5786,0.013623612001538277
5787,0.0049151768907904625
5788,0.0057440693490207195
5789,0.00850667618215084
5790,0.010853249579668045
5791,0.0060343146324157715
5792,0.004070010036230087
5793,0.0055294460617005825
5794,0.004098922945559025
5795,0.007833379320800304
5796,0.008788871578872204
5797,0.006367675960063934
5798,0.009600261226296425
5799,0.00558093935251236
5800,0.006557822227478027
5801,0.008814821019768715
5802,0.012996181845664978
5803,0.0034550910349935293
5804,0.011849217116832733
5805,0.00613738875836134
5806,0.011979876086115837
5807,0.005120511166751385
5808,0.00317707983776927
5809,0.013453220948576927
5810,0.016762888059020042
5811,0.009527135640382767
5812,0.010855167172849178
5813,0.005613138433545828
5814,0.012102748267352581
5815,0.005651815794408321
5816,0.013671780936419964
5817,0.01134225632995367
5818,0.01079066377133131
5819,0.0075125982984900475
5820,0.009552275761961937
5821,0.016862977296113968
5822,0.003014364978298545
5823,0.005599967669695616
5824,0.00893879309296608
5825,0.004372891038656235
5826,0.013121252879500389
5827,0.0034926789812743664
5828,0.006684649735689163
5829,0.004606687929481268
5830,0.003916073124855757
5831,0.004977661184966564
5832,0.004654156044125557
5833,0.004342271015048027
5834,0.0074196867644786835
5835,0.014644883573055267
5836,0.006198720540851355
5837,0.008768847212195396
5838,0.01521117240190506
5839,0.004952363204210997
5840,0.011128152720630169
5841,0.009253254160284996
5842,0.006170100532472134
5843,0.0041867452673614025
5844,0.007918037474155426
5845,0.007275556679815054
5846,0.006062335334718227
5847,0.024266010150313377
5848,0.00857776589691639
5849,0.012801437638700008
5850,0.004893781151622534
5851,0.01226100604981184
5852,0.0020908534061163664
5853,0.008973660878837109
5854,0.0038414467126131058
5855,0.008250312879681587
5856,0.0030588048975914717
5857,0.0036092314403504133
5858,0.004292137920856476
5859,0.004932235460728407
5860,0.004643475636839867
5861,0.010975221171975136
5862,0.006950178649276495
5863,0.008917966857552528
5864,0.0072986287996172905
5865,0.016137227416038513
5866,0.008153806440532207
5867,0.007097033318132162
5868,0.0034509445540606976
5869,0.01548121776431799
5870,0.010399690829217434
5871,0.008420733734965324
5872,0.0030493224039673805
5873,0.010115310549736023
5874,0.007061875890940428
5875,0.004111269488930702
5876,0.006326119415462017
5877,0.004176204092800617
5878,0.004732017870992422
5879,0.0073488689959049225
5880,0.004351640120148659
5881,0.010297892615199089
5882,0.00466972915455699
5883,0.0033072824589908123
5884,0.008179720491170883
5885,0.007427931763231754
5886,0.010818841867148876
5887,0.008971910923719406
5888,0.005806916859000921
5889,0.006077898200601339
5890,0.004843560978770256
5891,0.02705375850200653
5892,0.01314978115260601
5893,0.005387685261666775
5894,0.007634725421667099
5895,0.004165634047240019
5896,0.005493096075952053
5897,0.011830957606434822
5898,0.008276868611574173
5899,0.007897190749645233
5900,0.006020394153892994
5901,0.005413292907178402
5902,0.0038776628207415342
5903,0.009667049162089825
5904,0.007294483482837677
5905,0.006508180405944586
5906,0.012563927099108696
5907,0.009485796093940735
5908,0.004362286068499088
5909,0.011843383312225342
5910,0.012196685187518597
5911,0.017872758209705353
5912,0.014779108576476574
5913,0.003288311418145895
5914,0.005547092761844397
5915,0.0064186519011855125
5916,0.007180939894169569
5917,0.010817361995577812
5918,0.009633342735469341
5919,0.012195859104394913
5920,0.010122697800397873
5921,0.012821952812373638
5922,0.007915550842881203
5923,0.0063057816587388515
5924,0.005350418388843536
5925,0.005206642206758261
5926,0.005790933966636658
5927,0.011416333727538586
5928,0.004011405631899834
5929,0.006757767405360937
5930,0.012963278219103813
5931,0.0068402765318751335
5932,0.011866932734847069
5933,0.004295767284929752
5934,0.009111292660236359
5935,0.021452154964208603
5936,0.010354826226830482
5937,0.0031162146478891373
5938,0.011526234447956085
5939,0.009279288351535797
5940,0.004198777489364147
5941,0.0050590792670845985
5942,0.00870447512716055
5943,0.0039770398288965225
5944,0.0163632333278656
5945,0.004759421572089195
5946,0.0027108374051749706
5947,0.005780457518994808
5948,0.004544055089354515
5949,0.0029078940860927105
5950,0.003832928603515029
5951,0.00761035643517971
5952,0.005883516278117895
5953,0.008095642551779747
5954,0.0067454068921506405
5955,0.005935597233474255
5956,0.01907365582883358
5957,0.017664026468992233
5958,0.009209361858665943
5959,0.014869136735796928
5960,0.007994325831532478
5961,0.009149152785539627
5962,0.003883183002471924
5963,0.00939259584993124
5964,0.00814426876604557
5965,0.006954401731491089
5966,0.007604091428220272
5967,0.009659417904913425
5968,0.008099494501948357
5969,0.012951945886015892
5970,0.005048205144703388
5971,0.009206884540617466
5972,0.006144368555396795
5973,0.012750227004289627
5974,0.011529229581356049
5975,0.006279391702264547
5976,0.007247398607432842
5977,0.014175467193126678
5978,0.00919106975197792
5979,0.014000734314322472
5980,0.0075098080560564995
5981,0.004123576916754246
5982,0.006457924377173185
5983,0.009752046316862106
5984,0.0031620743684470654
5985,0.005604145582765341
5986,0.00653609074652195
5987,0.006712877657264471
5988,0.006910098250955343
5989,0.008436104282736778
5990,0.009639829397201538
5991,0.009458160027861595
5992,0.008615933358669281
5993,0.0055145747028291225
5994,0.007925399579107761
5995,0.008393659256398678
5996,0.008655782788991928
5997,0.008873655460774899
5998,0.003921438008546829
5999,0.004652190022170544
6000,0.013145901262760162
6001,0.009710757061839104
6002,0.010340148583054543
6003,0.0045069744810462
6004,0.009288317523896694
6005,0.012542791664600372
6006,0.005770414136350155
6007,0.004792877938598394
6008,0.006824365817010403
6009,0.011031879112124443
6010,0.004148459993302822
6011,0.008575014770030975
6012,0.011804054491221905
6013,0.005982355680316687
6014,0.028464920818805695
6015,0.006626037880778313
6016,0.0028176705818623304
6017,0.010237418115139008
6018,0.006609275937080383
6019,0.012412424199283123
6020,0.010120078921318054
6021,0.009613888338208199
6022,0.014746288768947124
6023,0.016644708812236786
6024,0.01071908138692379
6025,0.003778303973376751
6026,0.006237752735614777
6027,0.007867883890867233
6028,0.011801852844655514
6029,0.0049875397235155106
6030,0.009813505224883556
6031,0.0069841607473790646
6032,0.010132620111107826
6033,0.014028101228177547
6034,0.0045126392506062984
6035,0.004957496654242277
6036,0.010003611445426941
6037,0.012878365814685822
6038,0.00727949058637023
6039,0.015674209222197533
6040,0.004200760740786791
6041,0.004350624047219753
6042,0.0031906156800687313
6043,0.004766720812767744
6044,0.007589976768940687
6045,0.0035764072090387344
6046,0.005083506926894188
6047,0.020481932908296585
6048,0.009383592754602432
6049,0.005657592788338661
6050,0.005768968723714352
6051,0.006596466060727835
6052,0.0036697934847325087
6053,0.007956406101584435
6054,0.01164153777062893
6055,0.0071840109303593636
6056,0.00946488231420517
6057,0.009127429686486721
6058,0.004590120166540146
6059,0.005030318163335323
6060,0.0038981314282864332
6061,0.00867183692753315
6062,0.0052372971549630165
6063,0.0046803755685687065
6064,0.01068246178328991
6065,0.006655657198280096
6066,0.00499352952465415
6067,0.011265031062066555
6068,0.004050515126436949
6069,0.0037646833807229996
6070,0.0058258599601686
6071,0.011703766882419586
6072,0.005604242440313101
6073,0.010198707692325115
6074,0.016928400844335556
6075,0.007550988346338272
6076,0.008161943405866623
6077,0.013461120426654816
6078,0.0049551245756447315
6079,0.009641437791287899
6080,0.021864568814635277
6081,0.004728265572339296
6082,0.004013081546872854
6083,0.008015619590878487
6084,0.003264913335442543
6085,0.007413085550069809
6086,0.002829511184245348
6087,0.002803020877763629
6088,0.009776122868061066
6089,0.005179308354854584
6090,0.00401655538007617
6091,0.007249975111335516
6092,0.009045506827533245
6093,0.007300703786313534
6094,0.006933805998414755
6095,0.004326094873249531
6096,0.005250202026218176
6097,0.012875840067863464
6098,0.0045980545692145824
6099,0.010528696700930595
6100,0.004006704315543175
6101,0.005582815036177635
6102,0.011080315336585045
6103,0.004050904884934425
6104,0.004788585007190704
6105,0.008495477959513664
6106,0.012827442958950996
6107,0.010109040886163712
6108,0.004558933898806572
6109,0.007575663737952709
6110,0.010002861730754375
6111,0.010193217545747757
6112,0.007396829780191183
6113,0.002332219621166587
6114,0.008397410623729229
6115,0.008359001949429512
6116,0.007270908914506435
6117,0.004845586605370045
6118,0.009857012890279293
6119,0.0032891377341002226
6120,0.015407973900437355
6121,0.004006741568446159
6122,0.0025508361868560314
6123,0.014448186382651329
6124,0.010810131207108498
6125,0.006657192017883062
6126,0.0055405329912900925
6127,0.014025822281837463
6128,0.006342337932437658
6129,0.0037626333069056273
6130,0.004783676937222481
6131,0.006395692937076092
6132,0.010871711187064648
6133,0.006642771419137716
6134,0.005825006868690252
6135,0.007062443997710943
6136,0.004783738404512405
6137,0.009503446519374847
6138,0.008449582383036613
6139,0.006237740628421307
6140,0.020467255264520645
6141,0.0061747124418616295
6142,0.013076822273433208
6143,0.011895010247826576
6144,0.015257815830409527
6145,0.02026938647031784
6146,0.003304562298581004
6147,0.004221250768750906
6148,0.021308239549398422
6149,0.008605810813605785
6150,0.009795891121029854
6151,0.0049943868070840836
6152,0.0030735768377780914
6153,0.004774253349751234
6154,0.01119453739374876
6155,0.009783292189240456
6156,0.005464022979140282
6157,0.016751958057284355
6158,0.0404154434800148
6159,0.008887508884072304
6160,0.006638479884713888
6161,0.007845776155591011
6162,0.004156527575105429
6163,0.006229615770280361
6164,0.0072556110098958015
6165,0.009105361998081207
6166,0.00784345529973507
6167,0.007063470780849457
6168,0.004262404050678015
6169,0.00896862056106329
6170,0.0102845449000597
6171,0.006368878297507763
6172,0.016603443771600723
6173,0.007134222891181707
6174,0.012471385300159454
6175,0.004912522621452808
6176,0.0030195657163858414
6177,0.004560638219118118
6178,0.006474924273788929
6179,0.005974615924060345
6180,0.009076938033103943
6181,0.006769741885364056
6182,0.0061479597352445126
6183,0.014883759431540966
6184,0.0034011108800768852
6185,0.003124931361526251
6186,0.00834595412015915
6187,0.009217267856001854
6188,0.009746617637574673
6189,0.010189369320869446
6190,0.006026647053658962
6191,0.02100301906466484
6192,0.010779468342661858
6193,0.01566394418478012
6194,0.007886935956776142
6195,0.007792102172970772
6196,0.011675490997731686
6197,0.0060363998636603355
6198,0.011685607954859734
6199,0.008587283082306385
6200,0.007997920736670494
6201,0.0045718178153038025
6202,0.008886614814400673
6203,0.007438842207193375
6204,0.012544235214591026
6205,0.006730358581990004
6206,0.008946686051785946
6207,0.008414782583713531
6208,0.008943792432546616
6209,0.008669099770486355
6210,0.02546599507331848
6211,0.00651660468429327
6212,0.00595417246222496
6213,0.011869821697473526
6214,0.009105480276048183
6215,0.019958186894655228
6216,0.0050420621410012245
6217,0.014821710996329784
6218,0.00568759348243475
6219,0.0034007709473371506
6220,0.005509279668331146
6221,0.007264716550707817
6222,0.02195633575320244
6223,0.0060788970440626144
6224,0.005329336039721966
6225,0.0071858293376863
6226,0.004365796223282814
6227,0.01727362722158432
6228,0.007660221308469772
6229,0.007164848502725363
6230,0.023230334743857384
6231,0.002056456869468093
6232,0.011030646041035652
6233,0.0069711897522211075
6234,0.003840894903987646
6235,0.005375233944505453
6236,0.0055275908671319485
6237,0.00675923703238368
6238,0.019495733082294464
6239,0.037558089941740036
6240,0.017789922654628754
6241,0.006856881082057953
6242,0.00864335522055626
6243,0.013414228335022926
6244,0.009051029570400715
6245,0.005287726875394583
6246,0.009411578066647053
6247,0.0029361776541918516
6248,0.008733851835131645
6249,0.005896407179534435
6250,0.006855768151581287
6251,0.0075477734208106995
6252,0.006764359772205353
6253,0.009458593092858791
6254,0.006371242925524712
6255,0.005210096947848797
6256,0.0061325617134571075
6257,0.004044536501169205
6258,0.008230693638324738
6259,0.006924375891685486
6260,0.0065833162516355515
6261,0.017314553260803223
6262,0.00859188660979271
6263,0.004405197687447071
6264,0.008130442351102829
6265,0.009844393469393253
6266,0.014229878783226013
6267,0.005939186550676823
6268,0.005559115670621395
6269,0.013231342658400536
6270,0.010904233902692795
6271,0.004780658055096865
6272,0.009276216849684715
6273,0.018221113830804825
6274,0.004828645847737789
6275,0.0066070533357560635
6276,0.006649956107139587
6277,0.007096686866134405
6278,0.009794571436941624
6279,0.004063383210450411
6280,0.010462528094649315
6281,0.006054992787539959
6282,0.006247205659747124
6283,0.01121889241039753
6284,0.008170407265424728
6285,0.003093681763857603
6286,0.005938609596341848
6287,0.011383973062038422
6288,0.0159408338367939
6289,0.010856350883841515
6290,0.002119972836226225
6291,0.006151880137622356
6292,0.009816962294280529
6293,0.01017859485000372
6294,0.005592331290245056
6295,0.00859999842941761
6296,0.008384869433939457
6297,0.005997912026941776
6298,0.0036180485039949417
6299,0.0039165932685136795
6300,0.005881476681679487
6301,0.005092009902000427
6302,0.007836952805519104
6303,0.004292592406272888
6304,0.004421900492161512
6305,0.0054792314767837524
6306,0.009415845386683941
6307,0.006333577446639538
6308,0.008957736194133759
6309,0.00880616158246994
6310,0.008860512636601925
6311,0.009626008570194244
6312,0.005183396860957146
6313,0.005560894962400198
6314,0.008068008348345757
6315,0.006499192677438259
6316,0.014240531250834465
6317,0.018496647477149963
6318,0.00756117282435298
6319,0.00795743614435196
6320,0.011113055050373077
6321,0.011124293319880962
6322,0.005885603837668896
6323,0.012585035525262356
6324,0.0067359148524701595
6325,0.006100765895098448
6326,0.007161295041441917
6327,0.010409661568701267
6328,0.008508550934493542
6329,0.011723707430064678
6330,0.012599809095263481
6331,0.005926624871790409
6332,0.004878806881606579
6333,0.009456400759518147
6334,0.0049431161023676395
6335,0.005468928720802069
6336,0.020589139312505722
6337,0.0032805807422846556
6338,0.010582036338746548
6339,0.008053597994148731
6340,0.0057699247263371944
6341,0.0034773568622767925
6342,0.022339489310979843
6343,0.02348010055720806
6344,0.003484885673969984
6345,0.016488803550601006
6346,0.008943026885390282
6347,0.006918502040207386
6348,0.004627576097846031
6349,0.019734784960746765
6350,0.012028518132865429
6351,0.00854670163244009
6352,0.015676608309149742
6353,0.00844656489789486
6354,0.008474860340356827
6355,0.00779330637305975
6356,0.008448392152786255
6357,0.005694326013326645
6358,0.02882310003042221
6359,0.020918406546115875
6360,0.0072622946463525295
6361,0.012393129989504814
6362,0.008426140993833542
6363,0.008644315414130688
6364,0.007920758798718452
6365,0.009882345795631409
6366,0.008937295526266098
6367,0.008640628308057785
6368,0.006827955134212971
6369,0.003736071987077594
6370,0.005851800553500652
6371,0.01066999789327383
6372,0.006074540317058563
6373,0.01348024420440197
6374,0.005523801781237125
6375,0.00859043188393116
6376,0.009903306141495705
6377,0.004957901313900948
6378,0.002627080772072077
6379,0.018941521644592285
6380,0.006504162214696407
6381,0.02266586944460869
6382,0.013911563903093338
6383,0.008859367109835148
6384,0.005388349294662476
6385,0.003568211104720831
6386,0.004075321834534407
6387,0.004245073534548283
6388,0.015158146619796753
6389,0.0071689109317958355
6390,0.009340349584817886
6391,0.008165262639522552
6392,0.007192384451627731
6393,0.003123957198113203
6394,0.010720482096076012
6395,0.005546869244426489
6396,0.014153791591525078
6397,0.00605927174910903
6398,0.018400371074676514
6399,0.0034650310408324003
6400,0.006637600250542164
6401,0.003951649181544781
6402,0.008177462965250015
6403,0.004151510074734688
6404,0.00465046614408493
6405,0.008147669956088066
6406,0.009160793386399746
6407,0.0063418177887797356
6408,0.007854873314499855
6409,0.00796295516192913
6410,0.002622657921165228
6411,0.005635958164930344
6412,0.006478819064795971
6413,0.011262434534728527
6414,0.010708521120250225
6415,0.007355326786637306
6416,0.01885884255170822
6417,0.009595667943358421
6418,0.0088660204783082
6419,0.007721269503235817
6420,0.00695420429110527
6421,0.01428892370313406
6422,0.009106537327170372
6423,0.007836783304810524
6424,0.005229008849710226
6425,0.010905584320425987
6426,0.006368270143866539
6427,0.006264687981456518
6428,0.004167127888649702
6429,0.004844109062105417
6430,0.008483601734042168
6431,0.009603875689208508
6432,0.003582121804356575
6433,0.006628348492085934
6434,0.02032868191599846
6435,0.008823435753583908
6436,0.007002691738307476
6437,0.002003338886424899
6438,0.005633802153170109
6439,0.0026996349915862083
6440,0.004738716408610344
6441,0.011704429984092712
6442,0.015968788415193558
6443,0.008312012068927288
6444,0.0063309213146567345
6445,0.005508831702172756
6446,0.0029937755316495895
6447,0.005606492981314659
6448,0.009020297788083553
6449,0.007058079820126295
6450,0.005623302888125181
6451,0.005995277315378189
6452,0.01136358454823494
6453,0.006352756172418594
6454,0.004024638328701258
6455,0.009552206844091415
6456,0.0025886432267725468
6457,0.006207769736647606
6458,0.025870487093925476
6459,0.0038878791965544224
6460,0.01694605126976967
6461,0.0049381861463189125
6462,0.005162333603948355
6463,0.004778445698320866
6464,0.009495517238974571
6465,0.006031692959368229
6466,0.008263371884822845
6467,0.007753044366836548
6468,0.006449324544519186
6469,0.0050557320937514305
6470,0.011567491106688976
6471,0.0076340301893651485
6472,0.007151324301958084
6473,0.0067845797166228294
6474,0.005169582553207874
6475,0.007453162223100662
6476,0.004351829644292593
6477,0.004982024896889925
6478,0.013440201990306377
6479,0.004516701679676771
6480,0.01563861221075058
6481,0.007381661795079708
6482,0.008139524608850479
6483,0.003923970740288496
6484,0.008999627083539963
6485,0.009800810366868973
6486,0.005931466817855835
6487,0.003617767943069339
6488,0.005590278655290604
6489,0.008609547279775143
6490,0.0257064551115036
6491,0.008491139858961105
6492,0.008893362246453762
6493,0.006560040172189474
6494,0.0031285048462450504
6495,0.00821667443960905
6496,0.0047966670244932175
6497,0.005550893023610115
6498,0.003716973587870598
6499,0.009743910282850266
6500,0.005621585063636303
6501,0.004545446485280991
6502,0.01586850732564926
6503,0.011828999035060406
6504,0.006578231230378151
6505,0.00685398792847991
6506,0.007041081786155701
6507,0.008124835789203644
6508,0.009442931041121483
6509,0.014398813247680664
6510,0.003986174240708351
6511,0.04125827178359032
6512,0.00912383385002613
6513,0.002375565003603697
6514,0.00654976163059473
6515,0.009360834024846554
6516,0.006357498466968536
6517,0.007029758300632238
6518,0.004964297171682119
6519,0.011225583963096142
6520,0.009348890744149685
6521,0.010960191488265991
6522,0.006416441407054663
6523,0.007980842143297195
6524,0.008933544158935547
6525,0.008973229676485062
6526,0.0148733239620924
6527,0.009898061864078045
6528,0.0064930482767522335
6529,0.009770426899194717
6530,0.014524206519126892
6531,0.014909191057085991
6532,0.0280289389193058
6533,0.0039329505525529385
6534,0.0068961381912231445
6535,0.004387769848108292
6536,0.01440426241606474
6537,0.008392980322241783
6538,0.010914130136370659
6539,0.006681290455162525
6540,0.005039057694375515
6541,0.005513674579560757
6542,0.004015350714325905
6543,0.01848064363002777
6544,0.008196337148547173
6545,0.0109203290194273
6546,0.013180206529796124
6547,0.004200912546366453
6548,0.010821353644132614
6549,0.004969935864210129
6550,0.003285203129053116
6551,0.004066566936671734
6552,0.010011386126279831
6553,0.0076019614934921265
6554,0.003952194936573505
6555,0.010890839621424675
6556,0.010002932511270046
6557,0.004392080940306187
6558,0.006148970685899258
6559,0.0061256978660821915
6560,0.0045042457059025764
6561,0.005254627205431461
6562,0.005100822076201439
6563,0.01391245424747467
6564,0.00800744816660881
6565,0.00847400538623333
6566,0.025736812502145767
6567,0.015353168360888958
6568,0.003320964053273201
6569,0.009042942896485329
6570,0.0037865107879042625
6571,0.005191423464566469
6572,0.0023252738174051046
6573,0.0067613436840474606
6574,0.0032348395325243473
6575,0.011470435187220573
6576,0.009154285304248333
6577,0.010410889983177185
6578,0.005721853114664555
6579,0.008057782426476479
6580,0.009632932022213936
6581,0.002921909559518099
6582,0.003101539798080921
6583,0.004225808195769787
6584,0.00909380242228508
6585,0.005050519481301308
6586,0.00916749145835638
6587,0.020321253687143326
6588,0.00552228232845664
6589,0.004494849126785994
6590,0.008178732357919216
6591,0.010399531573057175
6592,0.007296636700630188
6593,0.014191216789186
6594,0.010675892233848572
6595,0.0031011325772851706
6596,0.003359200432896614
6597,0.00860007107257843
6598,0.013822383247315884
6599,0.008699251338839531
6600,0.007854118943214417
6601,0.003366895718500018
6602,0.020356740802526474
6603,0.005438752472400665
6604,0.015367872081696987
6605,0.00835325662046671
6606,0.0050161294639110565
6607,0.009007899090647697
6608,0.004902777727693319
6609,0.012222988530993462
6610,0.013238801620900631
6611,0.004027758724987507
6612,0.003037271788343787
6613,0.004206453915685415
6614,0.005088908597826958
6615,0.012302784249186516
6616,0.010812691412866116
6617,0.005953995045274496
6618,0.006571225821971893
6619,0.004303907975554466
6620,0.0123984944075346
6621,0.01031365618109703
6622,0.0075241937302052975
6623,0.00752053689211607
6624,0.022381192073225975
6625,0.010144318453967571
6626,0.005305045284330845
6627,0.007845643907785416
6628,0.0045157540589571
6629,0.019093943759799004
6630,0.008503254503011703
6631,0.00518180662766099
6632,0.005325737409293652
6633,0.006426403298974037
6634,0.006662422325462103
6635,0.010459168814122677
6636,0.003551514819264412
6637,0.014088042080402374
6638,0.003394756931811571
6639,0.010019165463745594
6640,0.010494614019989967
6641,0.0024619130417704582
6642,0.017357001081109047
6643,0.007951688021421432
6644,0.007484665140509605
6645,0.004307771101593971
6646,0.010544529184699059
6647,0.0036804936826229095
6648,0.008056709542870522
6649,0.004290119744837284
6650,0.006544172763824463
6651,0.02379375696182251
6652,0.008397892117500305
6653,0.00543419923633337
6654,0.012204544618725777
6655,0.0026435009203851223
6656,0.003963729832321405
6657,0.005622667260468006
6658,0.004557114094495773
6659,0.0029691148083657026
6660,0.006757491268217564
6661,0.007157348096370697
6662,0.004217513836920261
6663,0.00501712691038847
6664,0.004750500898808241
6665,0.01873963139951229
6666,0.009496979415416718
6667,0.0024655393790453672
6668,0.009734639897942543
6669,0.008038055151700974
6670,0.00802275538444519
6671,0.003917817957699299
6672,0.008884936571121216
6673,0.01232042908668518
6674,0.017341602593660355
6675,0.0059683658182621
6676,0.012434813193976879
6677,0.016786497086286545
6678,0.007553222589194775
6679,0.007402272429317236
6680,0.015797875821590424
6681,0.014490227214992046
6682,0.0036771721206605434
6683,0.009462849237024784
6684,0.007070797495543957
6685,0.006566518452018499
6686,0.003098936751484871
6687,0.016867071390151978
6688,0.005540066864341497
6689,0.00424596481025219
6690,0.009016774594783783
6691,0.009302143007516861
6692,0.004186252597719431
6693,0.009660577401518822
6694,0.006335493177175522
6695,0.00709474366158247
6696,0.00590661121532321
6697,0.003315964248031378
6698,0.007172557525336742
6699,0.011188636533915997
6700,0.006022096611559391
6701,0.0044396608136594296
6702,0.009662644937634468
6703,0.010947136208415031
6704,0.004706859588623047
6705,0.0042394851334393024
6706,0.006835083942860365
6707,0.0035660413559526205
6708,0.008778490126132965
6709,0.01745804399251938
6710,0.004748089239001274
6711,0.007311969995498657
6712,0.0056004598736763
6713,0.006191854830831289
6714,0.00862596370279789
6715,0.005557860713452101
6716,0.004953175783157349
6717,0.014016400091350079
6718,0.004181601572781801
6719,0.008365282788872719
6720,0.00460171839222312
6721,0.007500430569052696
6722,0.0043471809476614
6723,0.01986728049814701
6724,0.0138373002409935
6725,0.009931729175150394
6726,0.006509804166853428
6727,0.010884290561079979
6728,0.011507353745400906
6729,0.0068647535517811775
6730,0.009217116981744766
6731,0.008774586953222752
6732,0.0028451753314584494
6733,0.00810298603028059
6734,0.00945906713604927
6735,0.003966284450143576
6736,0.0032920055091381073
6737,0.011879175901412964
6738,0.005879955366253853
6739,0.002489045262336731
6740,0.006623344495892525
6741,0.004502501338720322
6742,0.003836403600871563
6743,0.010865725576877594
6744,0.005575681105256081
6745,0.006526734679937363
6746,0.009897720068693161
6747,0.005293767899274826
6748,0.023966794833540916
6749,0.009991228580474854
6750,0.008475742302834988
6751,0.00480150431394577
6752,0.0058950623497366905
6753,0.0068151745945215225
6754,0.004608250223100185
6755,0.00596216507256031
6756,0.010492324829101562
6757,0.009288368746638298
6758,0.005390995182096958
6759,0.010808458551764488
6760,0.0071914782747626305
6761,0.008134509436786175
6762,0.005229571834206581
6763,0.007519192527979612
6764,0.010871480219066143
6765,0.008659113198518753
6766,0.004623249173164368
6767,0.003496080171316862
6768,0.002638143952935934
6769,0.006234051194041967
6770,0.010330235585570335
6771,0.002708651125431061
6772,0.006106080021709204
6773,0.015964865684509277
6774,0.003874128684401512
6775,0.008976977318525314
6776,0.008108699694275856
6777,0.006517778150737286
6778,0.00884299911558628
6779,0.004609286319464445
6780,0.00533559313043952
6781,0.004598791711032391
6782,0.008289722725749016
6783,0.008618291467428207
6784,0.022754769772291183
6785,0.008152399212121964
6786,0.009346610866487026
6787,0.0073421411216259
6788,0.008116709999740124
6789,0.016735069453716278
6790,0.0047888560220599174
6791,0.010045245289802551
6792,0.004057556856423616
6793,0.009271815419197083
6794,0.009842924773693085
6795,0.005748232360929251
6796,0.00673909205943346
6797,0.011807829141616821
6798,0.005630399566143751
6799,0.0043151467107236385
6800,0.015745088458061218
6801,0.003567161737009883
6802,0.010415230877697468
6803,0.007943621836602688
6804,0.003094175597652793
6805,0.005097950343042612
6806,0.005288399755954742
6807,0.004083962179720402
6808,0.0074743181467056274
6809,0.008882707916200161
6810,0.007255855947732925
6811,0.015631362795829773
6812,0.0054575297981500626
6813,0.017769336700439453
6814,0.00374394073151052
6815,0.0034355781972408295
6816,0.012065501883625984
6817,0.00883074477314949
6818,0.014023247174918652
6819,0.004983463790267706
6820,0.017869044095277786
6821,0.010620377957820892
6822,0.004288197495043278
6823,0.016289150342345238
6824,0.007714920677244663
6825,0.005336662754416466
6826,0.009746207855641842
6827,0.007734061684459448
6828,0.006405791267752647
6829,0.0052580684423446655
6830,0.003805203130468726
6831,0.010675123892724514
6832,0.03705396503210068
6833,0.00817019771784544
6834,0.011322739534080029
6835,0.010333077050745487
6836,0.02819729410111904
6837,0.006745086517184973
6838,0.008285695686936378
6839,0.00805618241429329
6840,0.00929968897253275
6841,0.007308076601475477
6842,0.0065879859030246735
6843,0.008759752847254276
6844,0.0063560595735907555
6845,0.0043355198577046394
6846,0.00866079144179821
6847,0.010039392858743668
6848,0.007755500730127096
6849,0.005936684086918831
6850,0.007004972547292709
6851,0.004426848609000444
6852,0.00893327221274376
6853,0.015261880122125149
6854,0.006617443170398474
6855,0.0035235811956226826
6856,0.01827193796634674
6857,0.005360511597245932
6858,0.008929481729865074
6859,0.00613883463665843
6860,0.007522332947701216
6861,0.0052833398804068565
6862,0.015527352690696716
6863,0.004472208209335804
6864,0.005078790709376335
6865,0.007289928384125233
6866,0.01084393821656704
6867,0.003950801678001881
6868,0.009062440134584904
6869,0.007368995808064938
6870,0.009483033791184425
6871,0.012825454585254192
6872,0.0038803848437964916
6873,0.007769798394292593
6874,0.00610671192407608
6875,0.02001209929585457
6876,0.004924950655549765
6877,0.0035986430011689663
6878,0.012729071080684662
6879,0.009295339696109295
6880,0.007994763553142548
6881,0.0030082971788942814
6882,0.006707813125103712
6883,0.00760304182767868
6884,0.01411847397685051
6885,0.01829548552632332
6886,0.0070147207006812096
6887,0.005677576642483473
6888,0.0213844683021307
6889,0.01023341529071331
6890,0.0062406002543866634
6891,0.0034053362905979156
6892,0.004335918929427862
6893,0.006761494092643261
6894,0.014211535453796387
6895,0.003585418686270714
6896,0.006711501162499189
6897,0.005807613022625446
6898,0.0059141311794519424
6899,0.010711109265685081
6900,0.008180488832294941
6901,0.01006711833178997
6902,0.004399441182613373
6903,0.00934926699846983
6904,0.004950540140271187
6905,0.0056171780452132225
6906,0.0042980024591088295
6907,0.007384810596704483
6908,0.006983791943639517
6909,0.004996487405151129
6910,0.012577585875988007
6911,0.004028989002108574
6912,0.008216201327741146
6913,0.0066739036701619625
6914,0.006996246054768562
6915,0.009844761341810226
6916,0.006837650202214718
6917,0.0067999279126524925
6918,0.005723425652831793
6919,0.009061440825462341
6920,0.005506586283445358
6921,0.0031612447928637266
6922,0.013123266398906708
6923,0.024503011256456375
6924,0.006037593819200993
6925,0.011659352108836174
6926,0.012401985935866833
6927,0.007286218460649252
6928,0.0047899349592626095
6929,0.008508923463523388
6930,0.004801822826266289
6931,0.005298641975969076
6932,0.00935097225010395
6933,0.006252457853406668
6934,0.0073310621082782745
6935,0.010158535093069077
6936,0.006091105751693249
6937,0.007865607738494873
6938,0.007055907975882292
6939,0.004178632982075214
6940,0.011434520594775677
6941,0.011560887098312378
6942,0.005297213792800903
6943,0.009151287376880646
6944,0.014142453670501709
6945,0.005548560060560703
6946,0.009693916887044907
6947,0.0029322439804673195
6948,0.0053718797862529755
6949,0.00819320697337389
6950,0.009578444063663483
6951,0.00962930265814066
6952,0.010918600484728813
6953,0.011028725653886795
6954,0.0034736923407763243
6955,0.013428254052996635
6956,0.004881648346781731
6957,0.010172818787395954
6958,0.008767439052462578
6959,0.022363822907209396
6960,0.005138946697115898
6961,0.017988789826631546
6962,0.0029529191087931395
6963,0.004850669763982296
6964,0.004637971054762602
6965,0.013711772859096527
6966,0.011417312547564507
6967,0.007359982933849096
6968,0.014053219929337502
6969,0.0051260474137961864
6970,0.0033954556565731764
6971,0.02148161642253399
6972,0.0047413962893188
6973,0.01064712181687355
6974,0.006613509263843298
6975,0.011565038934350014
6976,0.012751552276313305
6977,0.012033568695187569
6978,0.005397712346166372
6979,0.01035345159471035
6980,0.010304715484380722
6981,0.006532167550176382
6982,0.01579822041094303
6983,0.004607388749718666
6984,0.01692643202841282
6985,0.02204466238617897
6986,0.00503618735820055
6987,0.007259804755449295
6988,0.007351347245275974
6989,0.00824798084795475
6990,0.0047237202525138855
6991,0.007100220769643784
6992,0.0031205255072563887
6993,0.006231553852558136
6994,0.003719282802194357
6995,0.01179608516395092
6996,0.00799182802438736
6997,0.02053404599428177
6998,0.006947115063667297
6999,0.006651565432548523
7000,0.009426360949873924
7001,0.008323256857693195
7002,0.0056769950315356255
7003,0.009832222014665604
7004,0.005204550921916962
7005,0.006853695958852768
7006,0.0063172392547130585
7007,0.014561641030013561
7008,0.005690382327884436
7009,0.004405555780977011
7010,0.006936782039701939
7011,0.00416250666603446
7012,0.01000507827848196
7013,0.005911992397159338
7014,0.006451073102653027
7015,0.00620912155136466
7016,0.0021287030540406704
7017,0.0034283059649169445
7018,0.007069612853229046
7019,0.011741697788238525
7020,0.006251518614590168
7021,0.007222352083772421
7022,0.009770496748387814
7023,0.005886965896934271
7024,0.004075058735907078
7025,0.007173060905188322
7026,0.006856230553239584
7027,0.014896905049681664
7028,0.00797530822455883
7029,0.008974354714155197
7030,0.006573102902621031
7031,0.005431876517832279
7032,0.002605740912258625
7033,0.007261013146489859
7034,0.004984126426279545
7035,0.010807735845446587
7036,0.005789942108094692
7037,0.004471187479794025
7038,0.003389884252101183
7039,0.006658188998699188
7040,0.006545870564877987
7041,0.004244159907102585
7042,0.007157622836530209
7043,0.0032116814982146025
7044,0.0021689869463443756
7045,0.007205834612250328
7046,0.0035199762787669897
7047,0.008227004669606686
7048,0.01182449422776699
7049,0.006437904201447964
7050,0.020503705367445946
7051,0.006133226212114096
7052,0.00945295114070177
7053,0.0036265270318835974
7054,0.011424711905419827
7055,0.010169277898967266
7056,0.005601297132670879
7057,0.0052254884503781796
7058,0.006462106015533209
7059,0.012418288737535477
7060,0.0078903092071414
7061,0.009085345081984997
7062,0.005900067742913961
7063,0.007730716373771429
7064,0.0034895006101578474
7065,0.012611022219061852
7066,0.006098419427871704
7067,0.008233437314629555
7068,0.005864943377673626
7069,0.008964957669377327
7070,0.008399127051234245
7071,0.009682053700089455
7072,0.01271269004791975
7073,0.02202187478542328
7074,0.00789929460734129
7075,0.008139415644109249
7076,0.01278589852154255
7077,0.006370100192725658
7078,0.01178588718175888
7079,0.011300496757030487
7080,0.009809470735490322
7081,0.013744961470365524
7082,0.005359557922929525
7083,0.009153920225799084
7084,0.005788295529782772
7085,0.013880781829357147
7086,0.004566926509141922
7087,0.007782008498907089
7088,0.0029598965775221586
7089,0.010184312239289284
7090,0.0038176332600414753
7091,0.010211365297436714
7092,0.0027281835209578276
7093,0.013480654917657375
7094,0.005792509764432907
7095,0.010200862772762775
7096,0.0037633460015058517
7097,0.004489581100642681
7098,0.0036692721769213676
7099,0.006329204887151718
7100,0.008269209414720535
7101,0.008675756864249706
7102,0.008858539164066315
7103,0.012937727384269238
7104,0.005915914662182331
7105,0.004729588516056538
7106,0.003638308262452483
7107,0.006392042152583599
7108,0.01133803091943264
7109,0.0035482747480273247
7110,0.013027288019657135
7111,0.010210329666733742
7112,0.006454079411923885
7113,0.011372036300599575
7114,0.00837559625506401
7115,0.01262445654720068
7116,0.005144013091921806
7117,0.005965550895780325
7118,0.011121807619929314
7119,0.005215720273554325
7120,0.009996946901082993
7121,0.00710610207170248
7122,0.006308510433882475
7123,0.008619381114840508
7124,0.005829250440001488
7125,0.006815455853939056
7126,0.0038712413515895605
7127,0.010281076654791832
7128,0.010202301666140556
7129,0.02074900083243847
7130,0.012720562517642975
7131,0.006525629665702581
7132,0.00423771608620882
7133,0.0035018520429730415
7134,0.0032833663281053305
7135,0.00434359535574913
7136,0.004049915820360184
7137,0.009051330387592316
7138,0.004069901537150145
7139,0.01137634925544262
7140,0.007275879383087158
7141,0.011203572154045105
7142,0.0061762407422065735
7143,0.004221183247864246
7144,0.008724918588995934
7145,0.006319793872535229
7146,0.012845451012253761
7147,0.0029068440198898315
7148,0.010966271162033081
7149,0.010769454762339592
7150,0.012346509844064713
7151,0.010993282310664654
7152,0.007228545844554901
7153,0.00871588196605444
7154,0.0061698779463768005
7155,0.007651397027075291
7156,0.008040577173233032
7157,0.010725505650043488
7158,0.01665215566754341
7159,0.007393149193376303
7160,0.0051730722188949585
7161,0.010905293747782707
7162,0.01552855409681797
7163,0.008815648965537548
7164,0.004781836178153753
7165,0.0063085127621889114
7166,0.010798590257763863
7167,0.007000517100095749
7168,0.003592535387724638
7169,0.006671119015663862
7170,0.005541895981878042
7171,0.004854863043874502
7172,0.011437955312430859
7173,0.007532758172601461
7174,0.008046582341194153
7175,0.007488542702049017
7176,0.0090194595977664
7177,0.008879957720637321
7178,0.008703740313649178
7179,0.00499481987208128
7180,0.010839290916919708
7181,0.009737661108374596
7182,0.006325585301965475
7183,0.008155596442520618
7184,0.004265978001058102
7185,0.004529789090156555
7186,0.007062859367579222
7187,0.0055319033563137054
7188,0.007933596149086952
7189,0.006439083721488714
7190,0.0075737847946584225
7191,0.007798220030963421
7192,0.013707674108445644
7193,0.004103716928511858
7194,0.01737717166543007
7195,0.006600096821784973
7196,0.011813908815383911
7197,0.005285119172185659
7198,0.0071706934832036495
7199,0.005363821052014828
7200,0.0066917091608047485
7201,0.005221810191869736
7202,0.009255909360945225
7203,0.009658115915954113
7204,0.011149175465106964
7205,0.006677249446511269
7206,0.009907400235533714
7207,0.010455261915922165
7208,0.005780632607638836
7209,0.002434168476611376
7210,0.007758189924061298
7211,0.005904448684304953
7212,0.00892468262463808
7213,0.004566879011690617
7214,0.007426819764077663
7215,0.02736307494342327
7216,0.013693253509700298
7217,0.005427933298051357
7218,0.009294836781919003
7219,0.006504245102405548
7220,0.00149042799603194
7221,0.01450316421687603
7222,0.00868012011051178
7223,0.010776549577713013
7224,0.016275819391012192
7225,0.002817742992192507
7226,0.007727452553808689
7227,0.00803066324442625
7228,0.005633039399981499
7229,0.008078962564468384
7230,0.0057837702333927155
7231,0.00640651723369956
7232,0.005401807837188244
7233,0.0072537874802947044
7234,0.005959001369774342
7235,0.014200905337929726
7236,0.006293976679444313
7237,0.0052164336666464806
7238,0.00717547070235014
7239,0.006063634064048529
7240,0.008618805557489395
7241,0.004745290614664555
7242,0.008622318506240845
7243,0.013164952397346497
7244,0.01401875913143158
7245,0.02078678272664547
7246,0.011258162558078766
7247,0.019218934699892998
7248,0.004226884804666042
7249,0.008862752467393875
7250,0.022099724039435387
7251,0.01663937047123909
7252,0.010632907971739769
7253,0.003270332468673587
7254,0.009733426384627819
7255,0.0031576361507177353
7256,0.012760894373059273
7257,0.008016853593289852
7258,0.005900728516280651
7259,0.016983695328235626
7260,0.004095675423741341
7261,0.005217703990638256
7262,0.006664474960416555
7263,0.00624313298612833
7264,0.003200708655640483
7265,0.0081946961581707
7266,0.005534793715924025
7267,0.002524577546864748
7268,0.003921079449355602
7269,0.0032685217447578907
7270,0.003815521253272891
7271,0.004011119715869427
7272,0.012078886851668358
7273,0.011839206330478191
7274,0.010630695149302483
7275,0.0032336204312741756
7276,0.004794410429894924
7277,0.013140763156116009
7278,0.016184214502573013
7279,0.004004443529993296
7280,0.007460137829184532
7281,0.01533112209290266
7282,0.01577686332166195
7283,0.03479941934347153
7284,0.010201314464211464
7285,0.006106460001319647
7286,0.0018319669179618359
7287,0.005785628221929073
7288,0.005350528284907341
7289,0.007920803502202034
7290,0.004375798627734184
7291,0.006295167841017246
7292,0.007090702652931213
7293,0.016762083396315575
7294,0.021642988547682762
7295,0.0032789185643196106
7296,0.008338208310306072
7297,0.005015622358769178
7298,0.018650462850928307
7299,0.006868866737931967
7300,0.007330309599637985
7301,0.007326967548578978
7302,0.005557343363761902
7303,0.008493950590491295
7304,0.003145139664411545
7305,0.00961853377521038
7306,0.005955612286925316
7307,0.004744186531752348
7308,0.00437794579192996
7309,0.0115284975618124
7310,0.011789496056735516
7311,0.005967586301267147
7312,0.011772061698138714
7313,0.008329405449330807
7314,0.006335037760436535
7315,0.010666534304618835
7316,0.008763238787651062
7317,0.009264422580599785
7318,0.0038390583358705044
7319,0.030183082446455956
7320,0.008671979419887066
7321,0.012751199305057526
7322,0.028651921078562737
7323,0.012804555706679821
7324,0.007534715346992016
7325,0.004267352167516947
7326,0.00437917560338974
7327,0.016548415645956993
7328,0.025784354656934738
7329,0.0042159706354141235
7330,0.01268492080271244
7331,0.008099716156721115
7332,0.00886867381632328
7333,0.0036731883883476257
7334,0.00473580090329051
7335,0.011098822578787804
7336,0.005174635909497738
7337,0.004748391918838024
7338,0.007349108345806599
7339,0.006565053015947342
7340,0.00505547970533371
7341,0.01493874005973339
7342,0.0061315130442380905
7343,0.015568984672427177
7344,0.004419067874550819
7345,0.004259731154888868
7346,0.02033432573080063
7347,0.00664887111634016
7348,0.0029276586137712
7349,0.02060886099934578
7350,0.005679813679307699
7351,0.004889037925750017
7352,0.0036056532990187407
7353,0.005540642887353897
7354,0.0063808271661400795
7355,0.0027131782844662666
7356,0.004043132066726685
7357,0.003402719274163246
7358,0.00491041736677289
7359,0.004548311233520508
7360,0.009892226196825504
7361,0.0024554142728447914
7362,0.0056359246373176575
7363,0.011172540485858917
7364,0.015835195779800415
7365,0.007045290432870388
7366,0.004694753792136908
7367,0.006294406484812498
7368,0.012172713875770569
7369,0.02114715799689293
7370,0.003565212246030569
7371,0.010374176315963268
7372,0.010845236480236053
7373,0.009410498663783073
7374,0.006039842963218689
7375,0.004332626238465309
7376,0.002443806966766715
7377,0.006307758390903473
7378,0.005479626357555389
7379,0.004385834094136953
7380,0.0038172826170921326
7381,0.009052996523678303
7382,0.005630414932966232
7383,0.01241261139512062
7384,0.006560878362506628
7385,0.00876396894454956
7386,0.007762126624584198
7387,0.019537894055247307
7388,0.006796445697546005
7389,0.01608670875430107
7390,0.009219285100698471
7391,0.0111145144328475
7392,0.009652722626924515
7393,0.005554910749197006
7394,0.009783601388335228
7395,0.006575331091880798
7396,0.014790034852921963
7397,0.006484006531536579
7398,0.0272388756275177
7399,0.010931883007287979
7400,0.006214200984686613
7401,0.004622778855264187
7402,0.00957457348704338
7403,0.0027501038275659084
7404,0.00787871889770031
7405,0.006371626164764166
7406,0.005465082358568907
7407,0.004767075181007385
7408,0.0025393255054950714
7409,0.005456438288092613
7410,0.00890803337097168
7411,0.0103119146078825
7412,0.0026403116062283516
7413,0.010568847879767418
7414,0.006504148244857788
7415,0.01703278347849846
7416,0.006569089367985725
7417,0.008005177602171898
7418,0.002821542788296938
7419,0.017581261694431305
7420,0.010079007595777512
7421,0.005121809896081686
7422,0.0046597933396697044
7423,0.007019271142780781
7424,0.007661014795303345
7425,0.00401410274207592
7426,0.017440009862184525
7427,0.004468880593776703
7428,0.005766735877841711
7429,0.007738796062767506
7430,0.00773228844627738
7431,0.008933043107390404
7432,0.006983961910009384
7433,0.003841114928945899
7434,0.012433617375791073
7435,0.015211648307740688
7436,0.0035415831953287125
7437,0.010201975703239441
7438,0.005572914145886898
7439,0.003258023876696825
7440,0.012250976637005806
7441,0.006288523785769939
7442,0.0052559152245521545
7443,0.007726985029876232
7444,0.012912465259432793
7445,0.012794661335647106
7446,0.016694676131010056
7447,0.00698454026132822
7448,0.012243147939443588
7449,0.006875453516840935
7450,0.012703395448625088
7451,0.010687846690416336
7452,0.01182287372648716
7453,0.006876932457089424
7454,0.002976696938276291
7455,0.008625518530607224
7456,0.010554870590567589
7457,0.007356030400842428
7458,0.005138254724442959
7459,0.008895071223378181
7460,0.0073235067538917065
7461,0.0036309424322098494
7462,0.005893779918551445
7463,0.012750539928674698
7464,0.006623891647905111
7465,0.005809884052723646
7466,0.008475074544548988
7467,0.0037447791546583176
7468,0.00569003215059638
7469,0.02265140973031521
7470,0.00794653408229351
7471,0.006609003059566021
7472,0.00833169836550951
7473,0.013736186549067497
7474,0.013949464075267315
7475,0.016218118369579315
7476,0.00681652408093214
7477,0.008880479261279106
7478,0.008497003465890884
7479,0.012606619857251644
7480,0.004740539938211441
7481,0.008525317534804344
7482,0.006545662879943848
7483,0.003427698276937008
7484,0.009609801694750786
7485,0.007157174404710531
7486,0.004298199433833361
7487,0.0071617006324231625
7488,0.008202636614441872
7489,0.005090644583106041
7490,0.0035382905043661594
7491,0.009263934567570686
7492,0.006133945193141699
7493,0.012765444815158844
7494,0.012084412388503551
7495,0.004154166206717491
7496,0.005368763580918312
7497,0.009242822416126728
7498,0.005884385667741299
7499,0.012447712942957878
7500,0.013755924068391323
7501,0.01568043977022171
7502,0.00554226990789175
7503,0.0059092408046126366
7504,0.00827508419752121
7505,0.025243571028113365
7506,0.006550864316523075
7507,0.004589760676026344
7508,0.005179825704544783
7509,0.007876364514231682
7510,0.015393543988466263
7511,0.010099387727677822
7512,0.006401085294783115
7513,0.00566705409437418
7514,0.0075145503506064415
7515,0.004388266243040562
7516,0.008841625414788723
7517,0.00955427996814251
7518,0.005493724253028631
7519,0.010470575653016567
7520,0.005522354505956173
7521,0.005256440490484238
7522,0.004917742684483528
7523,0.01032964512705803
7524,0.007631165441125631
7525,0.009087841957807541
7526,0.0067056044936180115
7527,0.004054536577314138
7528,0.015102572739124298
7529,0.0032320113386958838
7530,0.013668723404407501
7531,0.0038662259466946125
7532,0.012056319043040276
7533,0.005266319960355759
7534,0.004456650000065565
7535,0.022435760125517845
7536,0.007162829395383596
7537,0.005036892369389534
7538,0.02706248126924038
7539,0.007123132701963186
7540,0.00874289870262146
7541,0.006213842891156673
7542,0.005100931040942669
7543,0.011072268709540367
7544,0.012638217769563198
7545,0.008985120803117752
7546,0.006436469033360481
7547,0.010845939628779888
7548,0.00627522449940443
7549,0.007010506000369787
7550,0.004790976643562317
7551,0.00842326506972313
7552,0.004878884181380272
7553,0.005739904008805752
7554,0.0032595384400337934
7555,0.01062301080673933
7556,0.004127363674342632
7557,0.0097827622666955
7558,0.007273045834153891
7559,0.00369512801989913
7560,0.009143322706222534
7561,0.006451125256717205
7562,0.008684071712195873
7563,0.0038421056233346462
7564,0.007757160812616348
7565,0.0030601199250668287
7566,0.007271032780408859
7567,0.010370730422437191
7568,0.01571027748286724
7569,0.005691824480891228
7570,0.016844313591718674
7571,0.005470124073326588
7572,0.007587733678519726
7573,0.008682533167302608
7574,0.0073395720683038235
7575,0.002934760879725218
7576,0.004564802628010511
7577,0.005850070621818304
7578,0.004472609143704176
7579,0.011608712375164032
7580,0.007138238288462162
7581,0.007571687921881676
7582,0.0071672191843390465
7583,0.010496795177459717
7584,0.00732523575425148
7585,0.004638214595615864
7586,0.006197667680680752
7587,0.021253176033496857
7588,0.005182299762964249
7589,0.011079490184783936
7590,0.007825850509107113
7591,0.019595369696617126
7592,0.004829281009733677
7593,0.008526962250471115
7594,0.005107851233333349
7595,0.005865500308573246
7596,0.005970044061541557
7597,0.00816528033465147
7598,0.01521774660795927
7599,0.008884202688932419
7600,0.009428786113858223
7601,0.00647122785449028
7602,0.00479127885773778
7603,0.01289049070328474
7604,0.010006317868828773
7605,0.014298960566520691
7606,0.004754288122057915
7607,0.00506465882062912
7608,0.017486853525042534
7609,0.008969150483608246
7610,0.01012730784714222
7611,0.009684564545750618
7612,0.009747221134603024
7613,0.005602366290986538
7614,0.0034644741099327803
7615,0.010577892884612083
7616,0.007885660976171494
7617,0.005238658748567104
7618,0.005705441348254681
7619,0.011813610792160034
7620,0.0052719516679644585
7621,0.01585918478667736
7622,0.004480928182601929
7623,0.008682353422045708
7624,0.004182004369795322
7625,0.00522215198725462
7626,0.010326564311981201
7627,0.009586010128259659
7628,0.0046909102238714695
7629,0.004859307315200567
7630,0.00787099078297615
7631,0.011793761514127254
7632,0.00490653095766902
7633,0.006178202107548714
7634,0.005397849716246128
7635,0.016176922246813774
7636,0.0115667087957263
7637,0.008152535185217857
7638,0.010018790140748024
7639,0.010738997720181942
7640,0.0046405307948589325
7641,0.027857830747961998
7642,0.016981612890958786
7643,0.011440536007285118
7644,0.005178928840905428
7645,0.006937375292181969
7646,0.007400859147310257
7647,0.004919004626572132
7648,0.008437220007181168
7649,0.008084287866950035
7650,0.012088663876056671
7651,0.007502167951315641
7652,0.012271381914615631
7653,0.005262391641736031
7654,0.01052799355238676
7655,0.005686154123395681
7656,0.009732835926115513
7657,0.009181826375424862
7658,0.005941417068243027
7659,0.00514316326007247
7660,0.00781259499490261
7661,0.011025352403521538
7662,0.01159542053937912
7663,0.005452892743051052
7664,0.0075993612408638
7665,0.012944959104061127
7666,0.0032295528799295425
7667,0.00519720371812582
7668,0.010615510866045952
7669,0.007085883524268866
7670,0.0053194984793663025
7671,0.007069484796375036
7672,0.004990026354789734
7673,0.004089165013283491
7674,0.008443166501820087
7675,0.0037226183339953423
7676,0.014458000659942627
7677,0.013796169310808182
7678,0.007127795368432999
7679,0.008253928273916245
7680,0.006113642826676369
7681,0.0028856152202934027
7682,0.01675703376531601
7683,0.004003272857517004
7684,0.011498330160975456
7685,0.006387803237885237
7686,0.010908350348472595
7687,0.011865828186273575
7688,0.004947558045387268
7689,0.005917838774621487
7690,0.008188145235180855
7691,0.008507102727890015
7692,0.011292777955532074
7693,0.005389072932302952
7694,0.002892396179959178
7695,0.0078265480697155
7696,0.0063161589205265045
7697,0.011630624532699585
7698,0.009035445749759674
7699,0.006628001108765602
7700,0.01250677090138197
7701,0.011259573511779308
7702,0.0019631702452898026
7703,0.007453004829585552
7704,0.012853803113102913
7705,0.007232930511236191
7706,0.00467455480247736
7707,0.012011933140456676
7708,0.005249358713626862
7709,0.011557681486010551
7710,0.006152975372970104
7711,0.00972251407802105
7712,0.007459796033799648
7713,0.003711446886882186
7714,0.014147218316793442
7715,0.009529873728752136
7716,0.012574953958392143
7717,0.023557912558317184
7718,0.004027659073472023
7719,0.005373325198888779
7720,0.00627758726477623
7721,0.00690267002210021
7722,0.01616567000746727
7723,0.012067261151969433
7724,0.005120333284139633
7725,0.004590954631567001
7726,0.030412888154387474
7727,0.016968712210655212
7728,0.006788534112274647
7729,0.013806067407131195
7730,0.0076383501291275024
7731,0.005032353103160858
7732,0.010242672637104988
7733,0.006021216511726379
7734,0.01809944584965706
7735,0.01156661193817854
7736,0.0031207515858113766
7737,0.010462051257491112
7738,0.004847235046327114
7739,0.0080874003469944
7740,0.01024983637034893
7741,0.010015255771577358
7742,0.02048681117594242
7743,0.00953575037419796
7744,0.007970641367137432
7745,0.004811564460396767
7746,0.013164187781512737
7747,0.01318668108433485
7748,0.005022411234676838
7749,0.002367825247347355
7750,0.005110505502671003
7751,0.005496814846992493
7752,0.0044583650305867195
7753,0.020348088815808296
7754,0.006447332911193371
7755,0.01086311973631382
7756,0.005540370941162109
7757,0.016456764191389084
7758,0.003434972371906042
7759,0.00904830452054739
7760,0.003476883051916957
7761,0.011221828870475292
7762,0.00869841780513525
7763,0.008438242599368095
7764,0.006686118431389332
7765,0.006593233905732632
7766,0.009474596939980984
7767,0.02745288424193859
7768,0.008532935753464699
7769,0.008190884254872799
7770,0.006034482270479202
7771,0.00673612579703331
7772,0.008208568207919598
7773,0.00984937883913517
7774,0.018717415630817413
7775,0.016775663942098618
7776,0.006612514611333609
7777,0.004952190909534693
7778,0.015028133988380432
7779,0.009057486429810524
7780,0.012220039963722229
7781,0.008115246891975403
7782,0.008994467556476593
7783,0.008748307824134827
7784,0.009238237515091896
7785,0.01247076690196991
7786,0.00681726960465312
7787,0.0035552873741835356
7788,0.00821237824857235
7789,0.01244007982313633
7790,0.01077549159526825
7791,0.010832218453288078
7792,0.00634368322789669
7793,0.004460946191102266
7794,0.011545054614543915
7795,0.009154233150184155
7796,0.004538202658295631
7797,0.0036401660181581974
7798,0.013462717644870281
7799,0.006329657044261694
7800,0.011816887184977531
7801,0.004327341448515654
7802,0.006106680259108543
7803,0.00576680526137352
7804,0.005444647278636694
7805,0.0038650170899927616
7806,0.014042886905372143
7807,0.007596003822982311
7808,0.008062804117798805
7809,0.023205852136015892
7810,0.008130508475005627
7811,0.0044548530131578445
7812,0.008753480389714241
7813,0.00628946628421545
7814,0.009575741365551949
7815,0.02771858125925064
7816,0.004821541719138622
7817,0.010406901128590107
7818,0.007479950785636902
7819,0.00505381403490901
7820,0.00735041219741106
7821,0.006975571624934673
7822,0.005354019813239574
7823,0.005252968519926071
7824,0.010901364497840405
7825,0.011477413587272167
7826,0.005298172123730183
7827,0.007022823207080364
7828,0.018216967582702637
7829,0.005585796665400267
7830,0.009256026707589626
7831,0.007564656436443329
7832,0.02015521377325058
7833,0.005976678803563118
7834,0.004362912382930517
7835,0.004777741618454456
7836,0.008532951585948467
7837,0.007396950386464596
7838,0.01136973686516285
7839,0.009145976975560188
7840,0.007448969408869743
7841,0.0033207754604518414
7842,0.01724926382303238
7843,0.008710864931344986
7844,0.01826528087258339
7845,0.00879097543656826
7846,0.01848725415766239
7847,0.006922112312167883
7848,0.006309980060905218
7849,0.0062764957547187805
7850,0.006189833395183086
7851,0.005071528255939484
7852,0.004663734696805477
7853,0.005221033468842506
7854,0.006305918097496033
7855,0.006286273710429668
7856,0.009845787659287453
7857,0.025782641023397446
7858,0.006636906415224075
7859,0.0029253873508423567
7860,0.006273051258176565
7861,0.006224397569894791
7862,0.006764465942978859
7863,0.022765066474676132
7864,0.003460582112893462
7865,0.00844608899205923
7866,0.0033716396428644657
7867,0.00754029443487525
7868,0.012507184408605099
7869,0.005981188267469406
7870,0.00932634249329567
7871,0.006931227631866932
7872,0.0034545324742794037
7873,0.004671306349337101
7874,0.0029155025258660316
7875,0.0037022861652076244
7876,0.008944655768573284
7877,0.008917118422687054
7878,0.00864056870341301
7879,0.004888228140771389
7880,0.009215570986270905
7881,0.007313897367566824
7882,0.003247249871492386
7883,0.013878941535949707
7884,0.011176841333508492
7885,0.006837448105216026
7886,0.011203109286725521
7887,0.005076880566775799
7888,0.008695998229086399
7889,0.0056490106508135796
7890,0.020083444193005562
7891,0.006837877444922924
7892,0.008204329758882523
7893,0.007575590163469315
7894,0.004934677388519049
7895,0.012793703936040401
7896,0.006734326481819153
7897,0.007280533667653799
7898,0.006671246141195297
7899,0.005796703509986401
7900,0.006306312512606382
7901,0.004552984610199928
7902,0.004860395099967718
7903,0.013945273123681545
7904,0.0033159905578941107
7905,0.004956149961799383
7906,0.0024876417592167854
7907,0.002552874619141221
7908,0.029911255463957787
7909,0.013368475250899792
7910,0.007959678769111633
7911,0.011388473212718964
7912,0.00273595261387527
7913,0.008127476088702679
7914,0.008198065683245659
7915,0.0055093723349273205
7916,0.0022780250292271376
7917,0.011244257912039757
7918,0.007749311625957489
7919,0.017423275858163834
7920,0.016931544989347458
7921,0.0084307249635458
7922,0.004562418442219496
7923,0.008979642763733864
7924,0.004755416885018349
7925,0.02096272073686123
7926,0.009362500160932541
7927,0.012475075200200081
7928,0.009035635739564896
7929,0.012951282784342766
7930,0.010523395612835884
7931,0.012926731258630753
7932,0.00887813325971365
7933,0.030581071972846985
7934,0.003770527895539999
7935,0.008445418439805508
7936,0.005266824271529913
7937,0.011899424716830254
7938,0.009633734822273254
7939,0.007895831018686295
7940,0.04084954410791397
7941,0.005197098478674889
7942,0.002225829055532813
7943,0.005288866814225912
7944,0.007073798682540655
7945,0.007146215997636318
7946,0.005504601635038853
7947,0.025129741057753563
7948,0.0031647298019379377
7949,0.008360718376934528
7950,0.018491825088858604
7951,0.006727329455316067
7952,0.00612771138548851
7953,0.0032736805733293295
7954,0.0022859794553369284
7955,0.011464502662420273
7956,0.009910928085446358
7957,0.010148009285330772
7958,0.0020229308865964413
7959,0.02020648680627346
7960,0.007765357848256826
7961,0.007033882196992636
7962,0.006433981936424971
7963,0.013152189552783966
7964,0.005200340412557125
7965,0.0075829713605344296
7966,0.005712143145501614
7967,0.005276968237012625
7968,0.00570759829133749
7969,0.014311809092760086
7970,0.00912858173251152
7971,0.005722794681787491
7972,0.012256457470357418
7973,0.00620892783626914
7974,0.005686197429895401
7975,0.002943891566246748
7976,0.006808171980082989
7977,0.004219078924506903
7978,0.007538446690887213
7979,0.004314518999308348
7980,0.005375879816710949
7981,0.009597434662282467
7982,0.0066141909919679165
7983,0.003019318450242281
7984,0.01058042049407959
7985,0.0018083130707964301
7986,0.006139705888926983
7987,0.01627611741423607
7988,0.004910680931061506
7989,0.012001695111393929
7990,0.006681957747787237
7991,0.0038975290954113007
7992,0.0029028465505689383
7993,0.01327202282845974
7994,0.010028345510363579
7995,0.009737174026668072
7996,0.011178344488143921
7997,0.004184428136795759
7998,0.003919777926057577
7999,0.013167123310267925
8000,0.00677469652146101
8001,0.007030853535979986
8002,0.014876912347972393
8003,0.006345421075820923
8004,0.0061264908872544765
8005,0.0034817145206034184
8006,0.009401305578649044
8007,0.01189180463552475
8008,0.0035167206078767776
8009,0.029021363705396652
8010,0.010665091685950756
8011,0.0062364814803004265
8012,0.009801208972930908
8013,0.00597931444644928
8014,0.009136578999459743
8015,0.004622155334800482
8016,0.007730183657258749
8017,0.004550626501441002
8018,0.010697200894355774
8019,0.015268342569470406
8020,0.009410742670297623
8021,0.0041475906036794186
8022,0.003957945387810469
8023,0.002914615673944354
8024,0.020096220076084137
8025,0.003862205659970641
8026,0.009100407361984253
8027,0.004462042823433876
8028,0.005996717140078545
8029,0.006040662527084351
8030,0.019230179488658905
8031,0.006493288557976484
8032,0.0072857653722167015
8033,0.005161808803677559
8034,0.009617021307349205
8035,0.005119351204484701
8036,0.004709403030574322
8037,0.00684230774641037
8038,0.007994968444108963
8039,0.006071432959288359
8040,0.005208620335906744
8041,0.009432898834347725
8042,0.013215179555118084
8043,0.0029750715475529432
8044,0.005798928439617157
8045,0.013466093689203262
8046,0.021358437836170197
8047,0.006436580792069435
8048,0.008016083389520645
8049,0.002838797401636839
8050,0.004516090266406536
8051,0.009694267064332962
8052,0.00544131500646472
8053,0.004318625666201115
8054,0.012853749096393585
8055,0.018558748066425323
8056,0.010100907646119595
8057,0.006290105637162924
8058,0.011728635057806969
8059,0.006258597131818533
8060,0.0022451819386333227
8061,0.0332353338599205
8062,0.002671258058398962
8063,0.0013490291312336922
8064,0.022081788629293442
8065,0.006114906631410122
8066,0.004836015868932009
8067,0.007010610308498144
8068,0.007594154682010412
8069,0.009708567522466183
8070,0.003928173333406448
8071,0.012804804369807243
8072,0.0025524660013616085
8073,0.014818450435996056
8074,0.008806261233985424
8075,0.011256059631705284
8076,0.01617921143770218
8077,0.009428925812244415
8078,0.0071586198173463345
8079,0.0045759230852127075
8080,0.007527317851781845
8081,0.007906286977231503
8082,0.011142460629343987
8083,0.015593161806464195
8084,0.01868138089776039
8085,0.007770595606416464
8086,0.014296996407210827
8087,0.004512380342930555
8088,0.00845420267432928
8089,0.007624058052897453
8090,0.022500690072774887
8091,0.014650821685791016
8092,0.006236329674720764
8093,0.004317862913012505
8094,0.015833664685487747
8095,0.006789385341107845
8096,0.014229598455131054
8097,0.006409641355276108
8098,0.007254499942064285
8099,0.0072112842462956905
8100,0.007040616124868393
8101,0.004411845467984676
8102,0.003574149217456579
8103,0.015726756304502487
8104,0.004767046310007572
8105,0.006544416304677725
8106,0.006568970158696175
8107,0.010443322360515594
8108,0.006332132965326309
8109,0.0043439422734081745
8110,0.023821597918868065
8111,0.005117921158671379
8112,0.008153344504535198
8113,0.008890422992408276
8114,0.0025861510075628757
8115,0.007146987598389387
8116,0.008071105927228928
8117,0.00525572057813406
8118,0.0046346778981387615
8119,0.0019676699303090572
8120,0.014753314666450024
8121,0.005328978877514601
8122,0.003221999853849411
8123,0.010374652221798897
8124,0.010845301672816277
8125,0.00914027076214552
8126,0.008900243788957596
8127,0.024306103587150574
8128,0.01102636568248272
8129,0.01181715913116932
8130,0.009037643671035767
8131,0.015009092167019844
8132,0.005386773031204939
8133,0.010209057480096817
8134,0.008052680641412735
8135,0.009558665566146374
8136,0.006982963532209396
8137,0.005796903278678656
8138,0.0022344407625496387
8139,0.015694038942456245
8140,0.016615834087133408
8141,0.002304926747456193
8142,0.01960824802517891
8143,0.009238526225090027
8144,0.002769807819277048
8145,0.00919951032847166
8146,0.004418662283569574
8147,0.004512233659625053
8148,0.007096991874277592
8149,0.004154997877776623
8150,0.0026823438238352537
8151,0.016069922596216202
8152,0.013675752095878124
8153,0.009281370788812637
8154,0.0037880074232816696
8155,0.006564516574144363
8156,0.006564237177371979
8157,0.005035437177866697
8158,0.004073374439030886
8159,0.0023834011517465115
8160,0.008986732922494411
8161,0.009019286371767521
8162,0.006738353054970503
8163,0.018200812861323357
8164,0.006553183309733868
8165,0.012295028194785118
8166,0.0210308488458395
8167,0.00808192789554596
8168,0.013795129954814911
8169,0.010824676603078842
8170,0.006496602203696966
8171,0.00996018573641777
8172,0.010599931702017784
8173,0.004267202690243721
8174,0.00595960533246398
8175,0.010227162390947342
8176,0.00573898246511817
8177,0.0017104183789342642
8178,0.011761421337723732
8179,0.004631073679775
8180,0.014960954897105694
8181,0.008860809728503227
8182,0.0046157389879226685
8183,0.009056318551301956
8184,0.00833292119204998
8185,0.010804015211760998
8186,0.008765682578086853
8187,0.017184574156999588
8188,0.0032166908495128155
8189,0.006014510057866573
8190,0.006981498561799526
8191,0.0068663740530610085
8192,0.014030604623258114
8193,0.008807459846138954
8194,0.004608655348420143
8195,0.004688628949224949
8196,0.0031924291979521513
8197,0.015156116336584091
8198,0.0054608797654509544
8199,0.005925609730184078
8200,0.008824504911899567
8201,0.0045206802897155285
8202,0.007939695380628109
8203,0.009846629574894905
8204,0.015758363530039787
8205,0.0053509920835494995
8206,0.011134004220366478
8207,0.0075667197816073895
8208,0.0054100798442959785
8209,0.004182196222245693
8210,0.020934289321303368
8211,0.012883350253105164
8212,0.005395078100264072
8213,0.007489398121833801
8214,0.008569424971938133
8215,0.009523183107376099
8216,0.002680558245629072
8217,0.006093180738389492
8218,0.003809137037023902
8219,0.011318139731884003
8220,0.005433007143437862
8221,0.009134523570537567
8222,0.008571483194828033
8223,0.013819774612784386
8224,0.007681705057621002
8225,0.003827134147286415
8226,0.007765220012515783
8227,0.004204213619232178
8228,0.009822659194469452
8229,0.005697697401046753
8230,0.005596281494945288
8231,0.0048017012886703014
8232,0.003441954730078578
8233,0.00717918761074543
8234,0.0052727810107171535
8235,0.008188871666789055
8236,0.0018070724327117205
8237,0.002267469186335802
8238,0.004450495354831219
8239,0.0045160772278904915
8240,0.0037733770441263914
8241,0.009247206151485443
8242,0.007109140045940876
8243,0.009214930236339569
8244,0.006514518987387419
8245,0.004879951011389494
8246,0.009558992460370064
8247,0.004503563046455383
8248,0.00909403245896101
8249,0.0040311142802238464
8250,0.018440809100866318
8251,0.0048576220870018005
8252,0.004436967428773642
8253,0.018877049908041954
8254,0.005707792937755585
8255,0.004691010341048241
8256,0.004542535170912743
8257,0.009182441979646683
8258,0.008450501598417759
8259,0.0068511683493852615
8260,0.007468839641660452
8261,0.0039784274995327
8262,0.010036888532340527
8263,0.007113849278539419
8264,0.005406557582318783
8265,0.009471016004681587
8266,0.006737038027495146
8267,0.007145467679947615
8268,0.01049511693418026
8269,0.004289380740374327
8270,0.004251073580235243
8271,0.006766920443624258
8272,0.0043373797088861465
8273,0.011572903953492641
8274,0.007025150582194328
8275,0.012031282298266888
8276,0.009192634373903275
8277,0.005100164096802473
8278,0.010228058323264122
8279,0.006363920867443085
8280,0.00847757887095213
8281,0.011502936482429504
8282,0.011222208850085735
8283,0.00215712352655828
8284,0.01361268013715744
8285,0.002699058037251234
8286,0.005782506428658962
8287,0.003112053032964468
8288,0.02203618362545967
8289,0.005189083516597748
8290,0.008068840019404888
8291,0.02150934562087059
8292,0.0062080128118395805
8293,0.008321592584252357
8294,0.02024265006184578
8295,0.022055156528949738
8296,0.006551304366439581
8297,0.005835862830281258
8298,0.004647774621844292
8299,0.003162050386890769
8300,0.009689382277429104
8301,0.010084997862577438
8302,0.010347939096391201
8303,0.007623061537742615
8304,0.005987773649394512
8305,0.02284502051770687
8306,0.0038561976980417967
8307,0.007279566954821348
8308,0.008508637547492981
8309,0.01505986787378788
8310,0.012219710275530815
8311,0.004773453809320927
8312,0.007997664622962475
8313,0.01173174288123846
8314,0.016812479123473167
8315,0.00641867658123374
8316,0.007545336615294218
8317,0.00816492922604084
8318,0.01357228122651577
8319,0.023597558960318565
8320,0.008688243106007576
8321,0.009828689508140087
8322,0.0025159134529531
8323,0.003378851804882288
8324,0.0037955227307975292
8325,0.005823915358632803
8326,0.0025589587166905403
8327,0.013813613913953304
8328,0.01470674853771925
8329,0.009741440415382385
8330,0.007891501300036907
8331,0.009170984849333763
8332,0.009038573130965233
8333,0.008268075995147228
8334,0.012366235256195068
8335,0.027773572131991386
8336,0.01113774161785841
8337,0.01065295934677124
8338,0.009200064465403557
8339,0.010851800441741943
8340,0.007424869574606419
8341,0.005391040351241827
8342,0.009948940947651863
8343,0.01614540070295334
8344,0.009340016171336174
8345,0.00637343293055892
8346,0.024185575544834137
8347,0.003838352393358946
8348,0.007253535091876984
8349,0.011702923104166985
8350,0.005637108813971281
8351,0.004993382375687361
8352,0.012490793131291866
8353,0.008035963401198387
8354,0.004678813740611076
8355,0.007614177651703358
8356,0.006209146231412888
8357,0.009181788191199303
8358,0.007206925190985203
8359,0.0043935938738286495
8360,0.006605158559978008
8361,0.006112982984632254
8362,0.004636097699403763
8363,0.0031876503489911556
8364,0.010948242619633675
8365,0.0069530620239675045
8366,0.0039105843752622604
8367,0.007069140672683716
8368,0.0063254339620471
8369,0.016660261899232864
8370,0.006231905426830053
8371,0.003450881689786911
8372,0.0018061388982459903
8373,0.002123237354680896
8374,0.006234720349311829
8375,0.014094899408519268
8376,0.003093923209235072
8377,0.008410187438130379
8378,0.002368373330682516
8379,0.007171331904828548
8380,0.004329425748437643
8381,0.0044151428155601025
8382,0.015150239691138268
8383,0.020784635096788406
8384,0.004888303577899933
8385,0.0029397110920399427
8386,0.012623969465494156
8387,0.008931308053433895
8388,0.00857642199844122
8389,0.010039135813713074
8390,0.005113628692924976
8391,0.014519798569381237
8392,0.0069945091381669044
8393,0.016170155256986618
8394,0.008020715788006783
8395,0.005024914164096117
8396,0.011961611919105053
8397,0.013540401123464108
8398,0.008973229676485062
8399,0.00870090164244175
8400,0.0059172711335122585
8401,0.00520584499463439
8402,0.003633463755249977
8403,0.01014671754091978
8404,0.0045491717755794525
8405,0.008549707941710949
8406,0.011100265197455883
8407,0.010730738751590252
8408,0.005932921078056097
8409,0.003452497301623225
8410,0.01470782421529293
8411,0.011714822612702847
8412,0.019163617864251137
8413,0.013524547219276428
8414,0.008860968053340912
8415,0.01409459300339222
8416,0.009163151495158672
8417,0.009257705882191658
8418,0.005372493527829647
8419,0.011081928387284279
8420,0.0038183461874723434
8421,0.008195601403713226
8422,0.0040215253829956055
8423,0.018092375248670578
8424,0.011997707188129425
8425,0.005484095774590969
8426,0.015045538544654846
8427,0.0036720249336212873
8428,0.00889119878411293
8429,0.006823062896728516
8430,0.0110619543120265
8431,0.013378871604800224
8432,0.007606906350702047
8433,0.012978136539459229
8434,0.006105171050876379
8435,0.004836640786379576
8436,0.006012885831296444
8437,0.004475785885006189
8438,0.003298558294773102
8439,0.008511167019605637
8440,0.010289379395544529
8441,0.004039672203361988
8442,0.013582794927060604
8443,0.0061439042910933495
8444,0.004570523276925087
8445,0.008601455949246883
8446,0.010906711220741272
8447,0.003812328679487109
8448,0.004495410248637199
8449,0.004420828074216843
8450,0.007759331725537777
8451,0.01358701940625906
8452,0.012308209203183651
8453,0.004071343224495649
8454,0.006568345241248608
8455,0.0041126469150185585
8456,0.007919259369373322
8457,0.00914024468511343
8458,0.004706417676061392
8459,0.005833294242620468
8460,0.00434383749961853
8461,0.0035491741728037596
8462,0.008309122174978256
8463,0.0033235230948776007
8464,0.00835375115275383
8465,0.008273830637335777
8466,0.007090899161994457
8467,0.007036381401121616
8468,0.009906322695314884
8469,0.00397351523861289
8470,0.003838867647573352
8471,0.0028630588203668594
8472,0.006913629826158285
8473,0.007591193076223135
8474,0.006533847190439701
8475,0.005491587799042463
8476,0.008069142699241638
8477,0.011740672402083874
8478,0.0033140634186565876
8479,0.007573232054710388
8480,0.005568819120526314
8481,0.010542112402617931
8482,0.008626196533441544
8483,0.014462152495980263
8484,0.007752693723887205
8485,0.00764714740216732
8486,0.003879750845953822
8487,0.0073494380339980125
8488,0.0061062974855303764
8489,0.011705844663083553
8490,0.0038140760734677315
8491,0.006261348724365234
8492,0.009986410848796368
8493,0.010122908279299736
8494,0.005587841849774122
8495,0.007527676876634359
8496,0.002778562717139721
8497,0.009290158748626709
8498,0.006785944104194641
8499,0.016890808939933777
8500,0.03696097433567047
8501,0.005643157288432121
8502,0.006353684701025486
8503,0.005560336634516716
8504,0.01412772573530674
8505,0.008570189587771893
8506,0.003542361781001091
8507,0.0059807500801980495
8508,0.010000059381127357
8509,0.00441611185669899
8510,0.010046507231891155
8511,0.003511738730594516
8512,0.011485902592539787
8513,0.008676509372889996
8514,0.004833172541111708
8515,0.0030243350192904472
8516,0.006144715007394552
8517,0.00656634708866477
8518,0.006882723420858383
8519,0.005269510205835104
8520,0.008052791468799114
8521,0.01127617247402668
8522,0.004498910158872604
8523,0.013251661323010921
8524,0.005175845697522163
8525,0.008620750159025192
8526,0.00352637842297554
8527,0.003645110409706831
8528,0.013312983326613903
8529,0.01105443574488163
8530,0.0094169145449996
8531,0.00393345020711422
8532,0.00958013255149126
8533,0.005941745825111866
8534,0.004660602658987045
8535,0.010550199076533318
8536,0.007356158457696438
8537,0.002655547112226486
8538,0.0028795187827199697
8539,0.006767590995877981
8540,0.004259147681295872
8541,0.008095717057585716
8542,0.007878460921347141
8543,0.004680206999182701
8544,0.003496111137792468
8545,0.00547011336311698
8546,0.00311737391166389
8547,0.005377661436796188
8548,0.0035359556786715984
8549,0.0034025234635919333
8550,0.012178735807538033
8551,0.010412937961518764
8552,0.01209450326859951
8553,0.0069442978128790855
8554,0.024373039603233337
8555,0.025350987911224365
8556,0.003997785970568657
8557,0.007302073296159506
8558,0.003055386245250702
8559,0.008129702880978584
8560,0.008859940804541111
8561,0.006346400361508131
8562,0.003423026530072093
8563,0.0038820146583020687
8564,0.01375663559883833
8565,0.004918463062494993
8566,0.0164165236055851
8567,0.01353688444942236
8568,0.017521411180496216
8569,0.004171628970652819
8570,0.011547255329787731
8571,0.005268500652164221
8572,0.009249841794371605
8573,0.00689335074275732
8574,0.021530672907829285
8575,0.006150995846837759
8576,0.004415827803313732
8577,0.009898307733237743
8578,0.00428118696436286
8579,0.0056509836576879025
8580,0.0029497481882572174
8581,0.013725316151976585
8582,0.012200085446238518
8583,0.016046496108174324
8584,0.01171148382127285
8585,0.017678312957286835
8586,0.006835531443357468
8587,0.004345254972577095
8588,0.006574805825948715
8589,0.009392599575221539
8590,0.0018173970747739077
8591,0.0072215585969388485
8592,0.008767015300691128
8593,0.006480224430561066
8594,0.00802107248455286
8595,0.005315631628036499
8596,0.0030261490028351545
8597,0.007143104448914528
8598,0.008639635518193245
8599,0.008517569862306118
8600,0.005736771039664745
8601,0.003325666068121791
8602,0.006760234944522381
8603,0.004030564334243536
8604,0.005363657604902983
8605,0.005936806555837393
8606,0.010615626350045204
8607,0.004740077070891857
8608,0.008974522352218628
8609,0.01575886458158493
8610,0.0076761748641729355
8611,0.005573502741754055
8612,0.032008569687604904
8613,0.007387833204120398
8614,0.009306861087679863
8615,0.0081667210906744
8616,0.007271508686244488
8617,0.008190041407942772
8618,0.006123483180999756
8619,0.02239607833325863
8620,0.011275699362158775
8621,0.02420702949166298
8622,0.005506263580173254
8623,0.022804420441389084
8624,0.010590480640530586
8625,0.0097599932923913
8626,0.0036396323703229427
8627,0.010301265865564346
8628,0.007721419911831617
8629,0.006206569727510214
8630,0.008734773844480515
8631,0.0084925452247262
8632,0.01272701658308506
8633,0.02056065946817398
8634,0.004620384890586138
8635,0.006785769946873188
8636,0.006020175293087959
8637,0.005599254742264748
8638,0.008192400448024273
8639,0.0031659002415835857
8640,0.01230502687394619
8641,0.006090059876441956
8642,0.0058231716975569725
8643,0.009082711301743984
8644,0.010640153661370277
8645,0.005067427642643452
8646,0.012579618021845818
8647,0.008614466525614262
8648,0.018235929310321808
8649,0.005280354525893927
8650,0.006885455455631018
8651,0.023496873676776886
8652,0.005948852747678757
8653,0.007641575764864683
8654,0.006956120952963829
8655,0.004452608060091734
8656,0.005849837325513363
8657,0.011598402634263039
8658,0.004171137232333422
8659,0.009700468741357327
8660,0.013336015865206718
8661,0.015062565915286541
8662,0.0039499131962656975
8663,0.01060886587947607
8664,0.01021561212837696
8665,0.006230883300304413
8666,0.004717836156487465
8667,0.011141084134578705
8668,0.017001772299408913
8669,0.005063285119831562
8670,0.008354220539331436
8671,0.0031711794435977936
8672,0.006570953875780106
8673,0.0038606056477874517
8674,0.00911757629364729
8675,0.00970068946480751
8676,0.0028671412728726864
8677,0.01034235768020153
8678,0.01610269397497177
8679,0.014484299346804619
8680,0.004803807940334082
8681,0.01324531715363264
8682,0.010458476841449738
8683,0.006502742879092693
8684,0.013323694467544556
8685,0.01137596182525158
8686,0.005824192427098751
8687,0.004179953131824732
8688,0.028077300637960434
8689,0.014484590850770473
8690,0.0033967867493629456
8691,0.003855264512822032
8692,0.014034882187843323
8693,0.015879057347774506
8694,0.008999771438539028
8695,0.004339941777288914
8696,0.0060854721814394
8697,0.005078153219074011
8698,0.011613592505455017
8699,0.00597425177693367
8700,0.006358304526656866
8701,0.006833571940660477
8702,0.04445870965719223
8703,0.012839946895837784
8704,0.007156325038522482
8705,0.013422926887869835
8706,0.004941917955875397
8707,0.004913942888379097
8708,0.0020303584169596434
8709,0.002612193115055561
8710,0.006788797676563263
8711,0.013690786436200142
8712,0.004930068738758564
8713,0.0027191112749278545
8714,0.0038906279951334
8715,0.00651167519390583
8716,0.009299535304307938
8717,0.003884386271238327
8718,0.007911944761872292
8719,0.0045482441782951355
8720,0.012874690815806389
8721,0.002890420611947775
8722,0.006352547090500593
8723,0.01058847364038229
8724,0.013667499646544456
8725,0.009216135367751122
8726,0.006770418956875801
8727,0.016995787620544434
8728,0.007530752569437027
8729,0.015944581478834152
8730,0.009805386886000633
8731,0.013834871351718903
8732,0.006224762182682753
8733,0.010513226501643658
8734,0.014513379894196987
8735,0.006850417237728834
8736,0.012137266807258129
8737,0.00663462420925498
8738,0.006566857453435659
8739,0.006160475313663483
8740,0.003431345336139202
8741,0.007668409496545792
8742,0.0040916563011705875
8743,0.004836308769881725
8744,0.02539428137242794
8745,0.01795988902449608
8746,0.01367622148245573
8747,0.013877881690859795
8748,0.010334487073123455
8749,0.006410452537238598
8750,0.007263376377522945
8751,0.005915751215070486
8752,0.003988659009337425
8753,0.007964778691530228
8754,0.006875385995954275
8755,0.004835786297917366
8756,0.0031991961877793074
8757,0.00824395939707756
8758,0.00622584018856287
8759,0.00708257919177413
8760,0.009127582423388958
8761,0.005842000246047974
8762,0.0059748319908976555
8763,0.01469119917601347
8764,0.005814613774418831
8765,0.005600570701062679
8766,0.012174125760793686
8767,0.004140511155128479
8768,0.0039168838411569595
8769,0.004486314952373505
8770,0.006234290078282356
8771,0.003870598040521145
8772,0.005572146736085415
8773,0.0068773385137319565
8774,0.011905375868082047
8775,0.006305046379566193
8776,0.00952552817761898
8777,0.009637532755732536
8778,0.008937517181038857
8779,0.008560070767998695
8780,0.01120203360915184
8781,0.01004565879702568
8782,0.0028538056649267673
8783,0.005808125250041485
8784,0.00840122252702713
8785,0.007104294374585152
8786,0.0059386431239545345
8787,0.00516038341447711
8788,0.0047934940084815025
8789,0.02003272995352745
8790,0.005518447607755661
8791,0.0029681490268558264
8792,0.0046079121530056
8793,0.015987426042556763
8794,0.003198002465069294
8795,0.01716464012861252
8796,0.006803079973906279
8797,0.011325041763484478
8798,0.018565531820058823
8799,0.0073483786545693874
8800,0.020495286211371422
8801,0.009184977039694786
8802,0.007849082350730896
8803,0.009914569556713104
8804,0.006790089420974255
8805,0.004872511141002178
8806,0.005888582672923803
8807,0.007221946492791176
8808,0.006632041186094284
8809,0.008416024968028069
8810,0.00602660421282053
8811,0.014511771500110626
8812,0.010746173560619354
8813,0.003353998064994812
8814,0.011356502771377563
8815,0.004234712570905685
8816,0.006122134160250425
8817,0.0114918053150177
8818,0.01609337329864502
8819,0.010120050981640816
8820,0.015734439715743065
8821,0.01044980064034462
8822,0.006895914673805237
8823,0.0055336719378829
8824,0.005443790461868048
8825,0.015855109319090843
8826,0.005195932928472757
8827,0.009058690629899502
8828,0.018372584134340286
8829,0.006855600979179144
8830,0.00548272579908371
8831,0.011956564150750637
8832,0.013342352584004402
8833,0.009152001701295376
8834,0.012628587894141674
8835,0.005532098468393087
8836,0.011296218261122704
8837,0.009839514270424843
8838,0.0063155898824334145
8839,0.004562749993056059
8840,0.004239230882376432
8841,0.009888178668916225
8842,0.007827164605259895
8843,0.0147571861743927
8844,0.006973515264689922
8845,0.0066114808432757854
8846,0.008136264979839325
8847,0.005300902761518955
8848,0.0040179891511797905
8849,0.0061688474379479885
8850,0.003272507106885314
8851,0.005259077064692974
8852,0.01760033518075943
8853,0.02057962864637375
8854,0.006646067835390568
8855,0.02270367555320263
8856,0.005450993776321411
8857,0.017006393522024155
8858,0.008306378498673439
8859,0.008095396682620049
8860,0.019303007051348686
8861,0.005658771842718124
8862,0.009407002478837967
8863,0.004104647785425186
8864,0.0030662240460515022
8865,0.007929572835564613
8866,0.008654564619064331
8867,0.0028787064366042614
8868,0.004485696088522673
8869,0.003996911458671093
8870,0.008446465246379375
8871,0.004517669789493084
8872,0.0052945576608181
8873,0.009775366634130478
8874,0.01991080306470394
8875,0.016239289194345474
8876,0.004361602943390608
8877,0.011611743830144405
8878,0.003966813441365957
8879,0.01433342695236206
8880,0.007812811061739922
8881,0.008590368553996086
8882,0.0047321501187980175
8883,0.008596876636147499
8884,0.0032276592683047056
8885,0.012414097785949707
8886,0.008596275001764297
8887,0.008496440015733242
8888,0.00843291636556387
8889,0.016217239201068878
8890,0.006930500268936157
8891,0.004341639578342438
8892,0.013360894285142422
8893,0.012869092635810375
8894,0.00937323085963726
8895,0.005436801351606846
8896,0.0026172499638050795
8897,0.006576000712811947
8898,0.016750028356909752
8899,0.005566391162574291
8900,0.004822788294404745
8901,0.007079943548887968
8902,0.007274937815964222
8903,0.005521263461560011
8904,0.0045654987916350365
8905,0.0035652979277074337
8906,0.0036555598489940166
8907,0.0073351203463971615
8908,0.003183114342391491
8909,0.00831043254584074
8910,0.020328238606452942
8911,0.009188799187541008
8912,0.0035445536486804485
8913,0.005415856372565031
8914,0.006357615347951651
8915,0.01220405101776123
8916,0.005564223509281874
8917,0.008978897705674171
8918,0.010143699124455452
8919,0.008450000546872616
8920,0.005581996403634548
8921,0.01325980108231306
8922,0.007759886793792248
8923,0.009640742093324661
8924,0.009760657325387001
8925,0.017562029883265495
8926,0.009940044954419136
8927,0.022266170009970665
8928,0.007483787834644318
8929,0.008856792002916336
8930,0.00659686466678977
8931,0.009136593900620937
8932,0.009775795973837376
8933,0.008943875320255756
8934,0.009858326055109501
8935,0.005129736848175526
8936,0.004463762976229191
8937,0.003170087467879057
8938,0.00828943308442831
8939,0.004893156699836254
8940,0.011555842123925686
8941,0.007987803779542446
8942,0.007224912755191326
8943,0.003158957464620471
8944,0.00961347296833992
8945,0.006702924147248268
8946,0.0037048980593681335
8947,0.003251961898058653
8948,0.006724599748849869
8949,0.007159959524869919
8950,0.004865334369242191
8951,0.006018178537487984
8952,0.0066885193809866905
8953,0.0087161585688591
8954,0.01098805945366621
8955,0.0030217792373150587
8956,0.008453640155494213
8957,0.006362232379615307
8958,0.005480900406837463
8959,0.0068976422771811485
8960,0.008547315374016762
8961,0.005726664327085018
8962,0.012611239217221737
8963,0.0059180669486522675
8964,0.015484632924199104
8965,0.0054875812493264675
8966,0.008061438798904419
8967,0.003927815239876509
8968,0.008012723177671432
8969,0.013718558475375175
8970,0.013373684138059616
8971,0.0142236752435565
8972,0.028630970045924187
8973,0.006323216017335653
8974,0.00714560691267252
8975,0.0044204359874129295
8976,0.005771102383732796
8977,0.0057105813175439835
8978,0.006660631857812405
8979,0.0038658278062939644
8980,0.014579569920897484
8981,0.0045760683715343475
8982,0.004834193270653486
8983,0.003540691686794162
8984,0.003572855144739151
8985,0.005334135144948959
8986,0.005345488898456097
8987,0.010576047003269196
8988,0.00813560001552105
8989,0.0071876514703035355
8990,0.006560464855283499
8991,0.010552337393164635
8992,0.012845172546803951
8993,0.0037687686271965504
8994,0.007093076594173908
8995,0.005826685577630997
8996,0.006805730517953634
8997,0.005880454089492559
8998,0.0063125863671302795
8999,0.005902527831494808
9000,0.005798511207103729
9001,0.0043489052914083
9002,0.006531126331537962
9003,0.005258502438664436
9004,0.006997201591730118
9005,0.010586664080619812
9006,0.009222280234098434
9007,0.004724117927253246
9008,0.00500133540481329
9009,0.012150425463914871
9010,0.007146626245230436
9011,0.005556924268603325
9012,0.00611356645822525
9013,0.0050089661963284016
9014,0.005726022180169821
9015,0.01238461583852768
9016,0.003933215048164129
9017,0.005698381923139095
9018,0.007448660209774971
9019,0.011303795501589775
9020,0.004787155892699957
9021,0.00443789828568697
9022,0.007793303579092026
9023,0.007526080589741468
9024,0.011757723055779934
9025,0.007729652803391218
9026,0.005171130411326885
9027,0.00668040057644248
9028,0.011389901861548424
9029,0.007557964883744717
9030,0.005480669438838959
9031,0.009505532681941986
9032,0.004858990665525198
9033,0.004785035736858845
9034,0.007215400692075491
9035,0.005773209035396576
9036,0.004896390251815319
9037,0.006059507839381695
9038,0.009680679067969322
9039,0.007302283309400082
9040,0.009830226190388203
9041,0.0033715120516717434
9042,0.007399497553706169
9043,0.004544120281934738
9044,0.008576389402151108
9045,0.007960902526974678
9046,0.0039001996628940105
9047,0.013045409694314003
9048,0.005974701605737209
9049,0.005821311846375465
9050,0.007667119614779949
9051,0.002887012204155326
9052,0.0065893023274838924
9053,0.010405425913631916
9054,0.006682687439024448
9055,0.007184707559645176
9056,0.015184402465820312
9057,0.00741422176361084
9058,0.007333006244152784
9059,0.007747187279164791
9060,0.012405304238200188
9061,0.003211997915059328
9062,0.00338992802426219
9063,0.009247511625289917
9064,0.0059050279669463634
9065,0.008965637534856796
9066,0.005649089813232422
9067,0.006448979955166578
9068,0.011445499956607819
9069,0.01732637546956539
9070,0.013328444212675095
9071,0.015367304906249046
9072,0.00616812240332365
9073,0.008224789053201675
9074,0.015196244232356548
9075,0.005485895089805126
9076,0.0036223861388862133
9077,0.0036309107672423124
9078,0.009158719331026077
9079,0.008932902477681637
9080,0.010484042577445507
9081,0.00390935642644763
9082,0.010522684082388878
9083,0.007224651053547859
9084,0.006654675584286451
9085,0.007929584011435509
9086,0.003416661871597171
9087,0.0032070546876639128
9088,0.005035415757447481
9089,0.005344466771930456
9090,0.004836580716073513
9091,0.02305983006954193
9092,0.006845331750810146
9093,0.0058503299951553345
9094,0.00459247874096036
9095,0.0055650463327765465
9096,0.012446368113160133
9097,0.011524133384227753
9098,0.003667487297207117
9099,0.0069231498055160046
9100,0.0043948739767074585
9101,0.02053751051425934
9102,0.005353111308068037
9103,0.007765243761241436
9104,0.005558268632739782
9105,0.0036275058519095182
9106,0.0124580767005682
9107,0.004024065565317869
9108,0.00935712642967701
9109,0.00964583083987236
9110,0.003595959860831499
9111,0.004205052275210619
9112,0.0051473164930939674
9113,0.019931890070438385
9114,0.005932574160397053
9115,0.013497432693839073
9116,0.006180579774081707
9117,0.006878895219415426
9118,0.004692709073424339
9119,0.003988019656389952
9120,0.014064209535717964
9121,0.003247421234846115
9122,0.004575362429022789
9123,0.017098525539040565
9124,0.007480117492377758
9125,0.01110040582716465
9126,0.005345343612134457
9127,0.01317516341805458
9128,0.009736591950058937
9129,0.006704383529722691
9130,0.005672521889209747
9131,0.003063896670937538
9132,0.008282226510345936
9133,0.0033420175313949585
9134,0.015541858039796352
9135,0.008714139461517334
9136,0.005396184977144003
9137,0.011992890387773514
9138,0.006644433364272118
9139,0.007498504128307104
9140,0.004355085082352161
9141,0.0023461016826331615
9142,0.008973097428679466
9143,0.006421315483748913
9144,0.012820894829928875
9145,0.007861362770199776
9146,0.005433027632534504
9147,0.0033444915898144245
9148,0.006279078312218189
9149,0.00687295850366354
9150,0.005674318876117468
9151,0.004657750017940998
9152,0.0050888266414403915
9153,0.005245056003332138
9154,0.010571214370429516
9155,0.013990710489451885
9156,0.006051681004464626
9157,0.013552665710449219
9158,0.01031449344009161
9159,0.009923151694238186
9160,0.012184317223727703
9161,0.008675718680024147
9162,0.012102167122066021
9163,0.012996061705052853
9164,0.013782057911157608
9165,0.0109935961663723
9166,0.003962324932217598
9167,0.008110800758004189
9168,0.0035293814726173878
9169,0.006142706610262394
9170,0.004007834941148758
9171,0.006461918354034424
9172,0.015557720325887203
9173,0.007766870316118002
9174,0.006321575026959181
9175,0.005146881565451622
9176,0.005448385141789913
9177,0.008810753934085369
9178,0.014606118202209473
9179,0.009014852344989777
9180,0.009317767806351185
9181,0.007046344690024853
9182,0.011781568638980389
9183,0.003418984357267618
9184,0.014083802700042725
9185,0.004035326652228832
9186,0.009320039302110672
9187,0.013072534464299679
9188,0.005105042830109596
9189,0.008841374889016151
9190,0.018057426437735558
9191,0.015353888273239136
9192,0.002662966027855873
9193,0.00668678805232048
9194,0.010370239615440369
9195,0.006756821181625128
9196,0.004888575524091721
9197,0.0039545344188809395
9198,0.00527143245562911
9199,0.006532443221658468
9200,0.01106287818402052
9201,0.0048412149772048
9202,0.007413305342197418
9203,0.009379144757986069
9204,0.007145816460251808
9205,0.005218176171183586
9206,0.006546150892972946
9207,0.0028806664049625397
9208,0.009461554698646069
9209,0.005423312541097403
9210,0.003599798073992133
9211,0.023704692721366882
9212,0.007386708166450262
9213,0.006483251228928566
9214,0.006872230209410191
9215,0.004074664320796728
9216,0.008152859285473824
9217,0.01068382989615202
9218,0.007623118814080954
9219,0.007986340671777725
9220,0.005155964754521847
9221,0.006044812500476837
9222,0.006324119865894318
9223,0.005516122095286846
9224,0.0062517039477825165
9225,0.005649622064083815
9226,0.003332941560074687
9227,0.003337116912007332
9228,0.0055543202906847
9229,0.016648968681693077
9230,0.020794570446014404
9231,0.0036364539992064238
9232,0.00571042625233531
9233,0.004303593188524246
9234,0.012882692739367485
9235,0.0066550420597195625
9236,0.0036704931408166885
9237,0.009305402636528015
9238,0.00813215970993042
9239,0.00665896013379097
9240,0.008692193776369095
9241,0.004075301811099052
9242,0.00589333102107048
9243,0.003557827789336443
9244,0.010572290048003197
9245,0.006935443729162216
9246,0.004807463847100735
9247,0.003627970814704895
9248,0.009853764437139034
9249,0.006207512691617012
9250,0.0062583452090620995
9251,0.002308485098183155
9252,0.004831421654671431
9253,0.00940057821571827
9254,0.007556322030723095
9255,0.007940506562590599
9256,0.014137504622340202
9257,0.009626545943319798
9258,0.0060996441170573235
9259,0.006933532655239105
9260,0.004277050495147705
9261,0.012729164212942123
9262,0.0077838413417339325
9263,0.009723130613565445
9264,0.004424030892550945
9265,0.002599355997517705
9266,0.0043461984023451805
9267,0.006344630848616362
9268,0.012044879607856274
9269,0.007646835874766111
9270,0.0036514948587864637
9271,0.007400711998343468
9272,0.01548704318702221
9273,0.00641312450170517
9274,0.006064937449991703
9275,0.009151218459010124
9276,0.016208112239837646
9277,0.012722684070467949
9278,0.004788949619978666
9279,0.0047724246978759766
9280,0.0076667978428304195
9281,0.005296431016176939
9282,0.00905906967818737
9283,0.019063027575612068
9284,0.0067083812318742275
9285,0.012111580930650234
9286,0.009200708009302616
9287,0.003691195510327816
9288,0.012264071963727474
9289,0.012181430123746395
9290,0.0021492252126336098
9291,0.008457931689918041
9292,0.007246305234730244
9293,0.006721378769725561
9294,0.0026934342458844185
9295,0.004962014965713024
9296,0.007693814113736153
9297,0.005114763043820858
9298,0.009341487661004066
9299,0.006581730674952269
9300,0.01222615223377943
9301,0.010096538811922073
9302,0.008557666093111038
9303,0.0030686105601489544
9304,0.013946697115898132
9305,0.009744182229042053
9306,0.0032199646811932325
9307,0.0023904198314994574
9308,0.008548656478524208
9309,0.004517533350735903
9310,0.00800694152712822
9311,0.003785972483456135
9312,0.005052992608398199
9313,0.0061792898923158646
9314,0.011113348416984081
9315,0.004831722006201744
9316,0.0035231695510447025
9317,0.0033903890289366245
9318,0.004957437049597502
9319,0.012910502962768078
9320,0.013487312011420727
9321,0.013104739598929882
9322,0.006153845693916082
9323,0.008243458345532417
9324,0.004187887068837881
9325,0.0037298407405614853
9326,0.010548865422606468
9327,0.007200229912996292
9328,0.01194924395531416
9329,0.012391115538775921
9330,0.0029799267649650574
9331,0.004190690349787474
9332,0.015272743999958038
9333,0.006858947686851025
9334,0.00560547411441803
9335,0.0033008274622261524
9336,0.008965671062469482
9337,0.012124747037887573
9338,0.005868569016456604
9339,0.007992721162736416
9340,0.003283050609752536
9341,0.012656803242862225
9342,0.008116761222481728
9343,0.003495133249089122
9344,0.010234913788735867
9345,0.006321555934846401
9346,0.006726953200995922
9347,0.005900471471250057
9348,0.007536286488175392
9349,0.0066878232173621655
9350,0.008365839719772339
9351,0.006355863064527512
9352,0.003205580171197653
9353,0.00490092858672142
9354,0.006155421957373619
9355,0.009654378518462181
9356,0.004713111557066441
9357,0.006859937682747841
9358,0.005340618547052145
9359,0.005803728010505438
9360,0.01026887632906437
9361,0.001329648308455944
9362,0.02301684021949768
9363,0.005239310674369335
9364,0.005804519634693861
9365,0.013550691306591034
9366,0.008062098175287247
9367,0.004998689517378807
9368,0.011261164210736752
9369,0.005652785301208496
9370,0.009587729349732399
9371,0.012903447262942791
9372,0.0038991968613117933
9373,0.003124196082353592
9374,0.0060384850949049
9375,0.0074202693067491055
9376,0.01842314749956131
9377,0.011493171565234661
9378,0.0034878975711762905
9379,0.0046107410453259945
9380,0.011629873886704445
9381,0.003677722066640854
9382,0.004427754785865545
9383,0.008061792701482773
9384,0.004747780971229076
9385,0.00606616772711277
9386,0.004394236020743847
9387,0.0036661364138126373
9388,0.008894698694348335
9389,0.011121640913188457
9390,0.008214481174945831
9391,0.008420107886195183
9392,0.005222619976848364
9393,0.016983425244688988
9394,0.009787769988179207
9395,0.028532063588500023
9396,0.006523855030536652
9397,0.004513308871537447
9398,0.007762125693261623
9399,0.006717441137880087
9400,0.006309996359050274
9401,0.003140294924378395
9402,0.0053194379433989525
9403,0.006010150536894798
9404,0.01225019060075283
9405,0.01089540496468544
9406,0.004508755169808865
9407,0.012683181092143059
9408,0.00928184948861599
9409,0.004028683062642813
9410,0.004411494359374046
9411,0.009560254402458668
9412,0.004887403454631567
9413,0.007379175629466772
9414,0.012664631009101868
9415,0.028117787092924118
9416,0.0028138160705566406
9417,0.005169282667338848
9418,0.0043381741270422935
9419,0.005710428114980459
9420,0.008443713188171387
9421,0.005243904888629913
9422,0.007857797667384148
9423,0.005627314560115337
9424,0.010065249167382717
9425,0.007817940786480904
9426,0.008002955466508865
9427,0.004454887937754393
9428,0.01214358489960432
9429,0.02491907775402069
9430,0.00772277032956481
9431,0.007046138402074575
9432,0.012117478996515274
9433,0.00895095244050026
9434,0.006765324156731367
9435,0.006230785511434078
9436,0.005564854945987463
9437,0.012396636418998241
9438,0.004545134957879782
9439,0.010411141440272331
9440,0.004355954937636852
9441,0.005325674079358578
9442,0.009241793304681778
9443,0.004609478637576103
9444,0.003658896079286933
9445,0.009926002472639084
9446,0.0038109540473669767
9447,0.003758510109037161
9448,0.009245418012142181
9449,0.00881093181669712
9450,0.015380993485450745
9451,0.006401248276233673
9452,0.05041162297129631
9453,0.015941783785820007
9454,0.003158844541758299
9455,0.009137637913227081
9456,0.017133522778749466
9457,0.011607518419623375
9458,0.004750916734337807
9459,0.0076189301908016205
9460,0.006837358698248863
9461,0.003091261489316821
9462,0.006847360637038946
9463,0.00433545745909214
9464,0.004915475845336914
9465,0.0050498247146606445
9466,0.008071835152804852
9467,0.0070014349184930325
9468,0.014777317643165588
9469,0.004328875802457333
9470,0.006591263227164745
9471,0.0076775699853897095
9472,0.013654561713337898
9473,0.00541763287037611
9474,0.009559378027915955
9475,0.017666110768914223
9476,0.008164439350366592
9477,0.00701805017888546
9478,0.007008682936429977
9479,0.019489753991365433
9480,0.007323503494262695
9481,0.007769846823066473
9482,0.01239029224961996
9483,0.008307188749313354
9484,0.006540811620652676
9485,0.008857246488332748
9486,0.008738789707422256
9487,0.005116209853440523
9488,0.006699850782752037
9489,0.00845987070351839
9490,0.006661608815193176
9491,0.0060728807002305984
9492,0.0043396176770329475
9493,0.006457565352320671
9494,0.007660463452339172
9495,0.0039063263684511185
9496,0.014479566365480423
9497,0.0065300422720611095
9498,0.008075017482042313
9499,0.013494725339114666
9500,0.004866546019911766
9501,0.011165971867740154
9502,0.004233164247125387
9503,0.01076190173625946
9504,0.010086696594953537
9505,0.00599790271371603
9506,0.008742004632949829
9507,0.0052433982491493225
9508,0.00731282215565443
9509,0.013905401341617107
9510,0.0034751712810248137
9511,0.01722058281302452
9512,0.020638801157474518
9513,0.009617622941732407
9514,0.00922466441988945
9515,0.009096801280975342
9516,0.017655450850725174
9517,0.007890336215496063
9518,0.021069537848234177
9519,0.008634906262159348
9520,0.005703638307750225
9521,0.00696682371199131
9522,0.008520485833287239
9523,0.022137388586997986
9524,0.011995827779173851
9525,0.004664284642785788
9526,0.004890079610049725
9527,0.005424450151622295
9528,0.010454133152961731
9529,0.013698682188987732
9530,0.002733237110078335
9531,0.010853688232600689
9532,0.0074851019307971
9533,0.005922985728830099
9534,0.00860181637108326
9535,0.0078020235523581505
9536,0.019234254956245422
9537,0.004096487537026405
9538,0.004928017035126686
9539,0.009133577346801758
9540,0.007750391494482756
9541,0.011250006966292858
9542,0.006105409935116768
9543,0.007655301596969366
9544,0.004152208566665649
9545,0.006137693300843239
9546,0.005179872736334801
9547,0.0076286024414002895
9548,0.004974472336471081
9549,0.005671626888215542
9550,0.003051851410418749
9551,0.010921275243163109
9552,0.005615278612822294
9553,0.005548929329961538
9554,0.004053414799273014
9555,0.010842892341315746
9556,0.005341663956642151
9557,0.008965282700955868
9558,0.008318676613271236
9559,0.014512008987367153
9560,0.008752918802201748
9561,0.015990136191248894
9562,0.009578393772244453
9563,0.01764129474759102
9564,0.020298194140195847
9565,0.005647245328873396
9566,0.006810552440583706
9567,0.0057102469727396965
9568,0.005078546237200499
9569,0.004370705224573612
9570,0.0029969029128551483
9571,0.010193368420004845
9572,0.007657067384570837
9573,0.004731466062366962
9574,0.007187946699559689
9575,0.002918772166594863
9576,0.019522419199347496
9577,0.006994778290390968
9578,0.006889737211167812
9579,0.02376420423388481
9580,0.005988180637359619
9581,0.007317097391933203
9582,0.00549304811283946
9583,0.011987632140517235
9584,0.004886755254119635
9585,0.002887404290959239
9586,0.012844905257225037
9587,0.00865277647972107
9588,0.005178770050406456
9589,0.011075900867581367
9590,0.00891374796628952
9591,0.00889800675213337
9592,0.011878080666065216
9593,0.004617002326995134
9594,0.0030732490122318268
9595,0.007856789976358414
9596,0.007844191044569016
9597,0.0053979456424713135
9598,0.008097185753285885
9599,0.0036950125358998775
9600,0.016165435314178467
9601,0.0050139580853283405
9602,0.004181628115475178
9603,0.015278484672307968
9604,0.0031874473206698895
9605,0.0036034369841217995
9606,0.004458044655621052
9607,0.053802020847797394
9608,0.009319281205534935
9609,0.00836568046361208
9610,0.011168981902301311
9611,0.01129987370222807
9612,0.023885097354650497
9613,0.005543014965951443
9614,0.0086091673001647
9615,0.00788074266165495
9616,0.00539234047755599
9617,0.004889205098152161
9618,0.007818598300218582
9619,0.022027935832738876
9620,0.004519316833466291
9621,0.02575451135635376
9622,0.009139705449342728
9623,0.016297917813062668
9624,0.00509622972458601
9625,0.00624373322352767
9626,0.004188879393041134
9627,0.010461244732141495
9628,0.005069440230727196
9629,0.00359822204336524
9630,0.00796606857329607
9631,0.0024624846410006285
9632,0.007038929965347052
9633,0.010988897643983364
9634,0.005538451485335827
9635,0.0049392106011509895
9636,0.009943652898073196
9637,0.008392052724957466
9638,0.010018069297075272
9639,0.01361872535198927
9640,0.009439258836209774
9641,0.007877993397414684
9642,0.011706866323947906
9643,0.011676948517560959
9644,0.0038889991119503975
9645,0.009310705587267876
9646,0.015267125330865383
9647,0.010171156376600266
9648,0.005743092857301235
9649,0.017423562705516815
9650,0.0051463283598423
9651,0.006282675080001354
9652,0.030585696920752525
9653,0.015827873721718788
9654,0.005339780356734991
9655,0.010663174092769623
9656,0.008023906499147415
9657,0.006912613287568092
9658,0.01534252054989338
9659,0.00983284693211317
9660,0.0064324913546442986
9661,0.0067693693563342094
9662,0.004700803197920322
9663,0.006853027269244194
9664,0.010698400437831879
9665,0.008794650435447693
9666,0.0043523795902729034
9667,0.008762749843299389
9668,0.007308678235858679
9669,0.013638186268508434
9670,0.0072663314640522
9671,0.003602217882871628
9672,0.0036274921149015427
9673,0.00862379651516676
9674,0.008584775030612946
9675,0.004955449141561985
9676,0.004371281713247299
9677,0.012102795764803886
9678,0.003168876050040126
9679,0.010476651601493359
9680,0.00827186368405819
9681,0.013396511785686016
9682,0.011047452688217163
9683,0.007953869178891182
9684,0.012583313509821892
9685,0.0054875146597623825
9686,0.005148093216121197
9687,0.004059078171849251
9688,0.012076852843165398
9689,0.008139194920659065
9690,0.008422796614468098
9691,0.007236692123115063
9692,0.01812140643596649
9693,0.006868322845548391
9694,0.009802372194826603
9695,0.006248250603675842
9696,0.005073803011327982
9697,0.016909128054976463
9698,0.0050047580152750015
9699,0.0033757591154426336
9700,0.006413642317056656
9701,0.01667710393667221
9702,0.00920145120471716
9703,0.008629138581454754
9704,0.007660261821001768
9705,0.010925057344138622
9706,0.006289801560342312
9707,0.005752535071223974
9708,0.006880710832774639
9709,0.008197542279958725
9710,0.007134526036679745
9711,0.006896615959703922
9712,0.015000696294009686
9713,0.005305662751197815
9714,0.005138367414474487
9715,0.003701948095113039
9716,0.00323388515971601
9717,0.013892948627471924
9718,0.005394509993493557
9719,0.0045740362256765366
9720,0.005035419017076492
9721,0.005018712021410465
9722,0.00577674200758338
9723,0.004841648042201996
9724,0.009522419422864914
9725,0.004076405894011259
9726,0.012839543633162975
9727,0.01660296693444252
9728,0.0048392945900559425
9729,0.01337631605565548
9730,0.010477922856807709
9731,0.01471664011478424
9732,0.00827409140765667
9733,0.010661700740456581
9734,0.01713690720498562
9735,0.006430044770240784
9736,0.006657755933701992
9737,0.0036025946028530598
9738,0.007229062728583813
9739,0.010303393006324768
9740,0.0069765313528478146
9741,0.017523638904094696
9742,0.0026320002507418394
9743,0.03046194277703762
9744,0.005284519400447607
9745,0.005915912799537182
9746,0.006665350403636694
9747,0.011840686202049255
9748,0.005148142576217651
9749,0.009926504455506802
9750,0.014176338911056519
9751,0.008502018637955189
9752,0.010691128671169281
9753,0.007597632706165314
9754,0.009601468220353127
9755,0.007484107278287411
9756,0.006186570972204208
9757,0.01847805455327034
9758,0.0061648874543607235
9759,0.010565775446593761
9760,0.005778774619102478
9761,0.02384084276854992
9762,0.0036924807354807854
9763,0.0032410144340246916
9764,0.0066671594977378845
9765,0.012368939816951752
9766,0.003626179415732622
9767,0.006759898271411657
9768,0.007305998355150223
9769,0.003687152173370123
9770,0.005878565367311239
9771,0.021429874002933502
9772,0.003621004056185484
9773,0.0031799189746379852
9774,0.01572069525718689
9775,0.007217114325612783
9776,0.010855823755264282
9777,0.006039525382220745
9778,0.006071458570659161
9779,0.010068627074360847
9780,0.008467378094792366
9781,0.014093275181949139
9782,0.006917503662407398
9783,0.009023214690387249
9784,0.0028756752144545317
9785,0.005548679269850254
9786,0.007025435566902161
9787,0.004435983020812273
9788,0.010454937815666199
9789,0.006626942660659552
9790,0.010776697658002377
9791,0.00913059152662754
9792,0.01852504350244999
9793,0.007009109482169151
9794,0.013987193815410137
9795,0.012797812931239605
9796,0.007833903655409813
9797,0.01199660450220108
9798,0.008119132369756699
9799,0.009072791785001755
9800,0.0036635687574744225
9801,0.0034013460390269756
9802,0.003563291160389781
9803,0.003354006912559271
9804,0.003898880211636424
9805,0.009563475847244263
9806,0.006844681687653065
9807,0.009783294051885605
9808,0.007680907379835844
9809,0.003343538846820593
9810,0.015292908996343613
9811,0.0065894536674022675
9812,0.004673089366406202
9813,0.013921156525611877
9814,0.005318222101777792
9815,0.00843749102205038
9816,0.0053217243403196335
9817,0.008505507372319698
9818,0.004282848909497261
9819,0.006490151397883892
9820,0.007157345302402973
9821,0.008476905524730682
9822,0.009715127758681774
9823,0.014702565968036652
9824,0.0028454316779971123
9825,0.005281644873321056
9826,0.0035995084326714277
9827,0.005968312732875347
9828,0.0055414773523807526
9829,0.006992432288825512
9830,0.004229693673551083
9831,0.017142288386821747
9832,0.003828554879873991
9833,0.007482769899070263
9834,0.00894956011325121
9835,0.007648424711078405
9836,0.0036016530357301235
9837,0.006923933979123831
9838,0.010636687278747559
9839,0.009283269755542278
9840,0.004785293247550726
9841,0.006010929122567177
9842,0.006197456270456314
9843,0.013733494095504284
9844,0.014617390930652618
9845,0.02597547136247158
9846,0.01035992056131363
9847,0.011032652109861374
9848,0.005139261484146118
9849,0.010846205055713654
9850,0.00401238352060318
9851,0.003998349420726299
9852,0.008112388662993908
9853,0.004155311733484268
9854,0.005994424223899841
9855,0.006528801284730434
9856,0.007034753914922476
9857,0.012256587855517864
9858,0.011284115724265575
9859,0.0040815738029778
9860,0.0029526175931096077
9861,0.010547894053161144
9862,0.006935199722647667
9863,0.005314873531460762
9864,0.00682974373921752
9865,0.008918102830648422
9866,0.008469602093100548
9867,0.004643208347260952
9868,0.006881916895508766
9869,0.01028570719063282
9870,0.007821458391845226
9871,0.008815327659249306
9872,0.005925127770751715
9873,0.003898517694324255
9874,0.00798777211457491
9875,0.009325038641691208
9876,0.0022881380282342434
9877,0.009712605737149715
9878,0.007662608288228512
9879,0.006226472556591034
9880,0.008025888353586197
9881,0.013987161219120026
9882,0.0038595683872699738
9883,0.004260964225977659
9884,0.008167939260601997
9885,0.001735679805278778
9886,0.011188261210918427
9887,0.008183756843209267
9888,0.007876168936491013
9889,0.0062527782283723354
9890,0.008281201124191284
9891,0.00627552904188633
9892,0.009297563694417477
9893,0.005856834352016449
9894,0.004196833819150925
9895,0.004842590540647507
9896,0.002841124078258872
9897,0.004462023265659809
9898,0.00513078086078167
9899,0.005145270377397537
9900,0.00584661727771163
9901,0.005141600966453552
9902,0.011147025041282177
9903,0.007506825029850006
9904,0.010955105535686016
9905,0.00480647012591362
9906,0.0025144878309220076
9907,0.013334217481315136
9908,0.00393256638199091
9909,0.027745580300688744
9910,0.013666815124452114
9911,0.0032092370092868805
9912,0.0031519297044724226
9913,0.006824644282460213
9914,0.012330994009971619
9915,0.010369637981057167
9916,0.006599919870495796
9917,0.006584215443581343
9918,0.012029320001602173
9919,0.006900224834680557
9920,0.0065076351165771484
9921,0.008777312934398651
9922,0.035902153700590134
9923,0.0067725153639912605
9924,0.005802412983030081
9925,0.004134733229875565
9926,0.009930695407092571
9927,0.01133548840880394
9928,0.011540291830897331
9929,0.004639728460460901
9930,0.007994108833372593
9931,0.014346177689731121
9932,0.008970949798822403
9933,0.004303209949284792
9934,0.00846787914633751
9935,0.008595168590545654
9936,0.005219552665948868
9937,0.006000606343150139
9938,0.009239302948117256
9939,0.004630939103662968
9940,0.006577958818525076
9941,0.0034439139999449253
9942,0.0132499560713768
9943,0.01368473470211029
9944,0.006035196594893932
9945,0.00815980788320303
9946,0.00651449104771018
9947,0.010769414715468884
9948,0.006055568344891071
9949,0.0069424728862941265
9950,0.010615264996886253
9951,0.026616781949996948
9952,0.014002684503793716
9953,0.020082198083400726
9954,0.00717243691906333
9955,0.010087656788527966
9956,0.005525990389287472
9957,0.0063668303191661835
9958,0.012983882799744606
9959,0.00866981502622366
9960,0.010570152662694454
9961,0.009953256696462631
9962,0.0063964552246034145
9963,0.0053244116716086864
9964,0.0035733485128730536
9965,0.009270301088690758
9966,0.00582677498459816
9967,0.007983017712831497
9968,0.004928945563733578
9969,0.006750788539648056
9970,0.007430040743201971
9971,0.004888636060059071
9972,0.007283106446266174
9973,0.005638431757688522
9974,0.007872926071286201
9975,0.007613646797835827
9976,0.008875617757439613
9977,0.014722747728228569
9978,0.0036331708543002605
9979,0.014758696779608727
9980,0.008333487436175346
9981,0.0027397728990763426
9982,0.005695275496691465
9983,0.003552336012944579
9984,0.00781965535134077
9985,0.010249095037579536
9986,0.005500738974660635
9987,0.016401169821619987
9988,0.004589551594108343
9989,0.013430747203528881
9990,0.016459152102470398
9991,0.003946816083043814
9992,0.007329798769205809
9993,0.007764955051243305
9994,0.0019012916600331664
9995,0.005234088283032179
9996,0.003877095878124237
9997,0.006826738826930523
9998,0.004887811839580536
9999,0.006220897193998098
10000,0.005608606617897749
10001,0.006190062966197729
10002,0.01124870590865612
10003,0.009903020225465298
10004,0.006524381227791309
10005,0.004844533279538155
10006,0.00837407074868679
10007,0.01192461233586073
10008,0.00685945525765419
10009,0.008938755840063095
10010,0.007259202655404806
10011,0.007288183551281691
10012,0.006723256316035986
10013,0.007481488399207592
10014,0.006840073969215155
10015,0.008616086095571518
10016,0.005845163017511368
10017,0.016306288540363312
10018,0.0080681461840868
10019,0.009308584034442902
10020,0.008572123944759369
10021,0.005878879688680172
10022,0.003630649298429489
10023,0.004828982055187225
10024,0.007664906792342663
10025,0.011012203991413116
10026,0.0046586571261286736
10027,0.002963972045108676
10028,0.004758952185511589
10029,0.006750429980456829
10030,0.00854654610157013
10031,0.00830540619790554
10032,0.004853811115026474
10033,0.009249003604054451
10034,0.012256033718585968
10035,0.01286722905933857
10036,0.018342401832342148
10037,0.003807996166869998
10038,0.007420308887958527
10039,0.004758791998028755
10040,0.009612436406314373
10041,0.010400807484984398
10042,0.0067953369580209255
10043,0.00891770701855421
10044,0.004638132639229298
10045,0.0036823272239416838
10046,0.006015884689986706
10047,0.014148198068141937
10048,0.007840235717594624
10049,0.006047175731509924
10050,0.012518223375082016
10051,0.00869011227041483
10052,0.007981536909937859
10053,0.0048125553876161575
10054,0.00897120125591755
10055,0.011308884248137474
10056,0.004758946597576141
10057,0.005035765934735537
10058,0.013288142159581184
10059,0.030215632170438766
10060,0.00762504106387496
10061,0.02260640263557434
10062,0.012139914557337761
10063,0.004684421233832836
10064,0.006067673675715923
10065,0.01767936907708645
10066,0.0035412271972745657
10067,0.0047420933842659
10068,0.005125824827700853
10069,0.009166395291686058
10070,0.003625568002462387
10071,0.00390289886854589
10072,0.004081254824995995
10073,0.008192915469408035
10074,0.0030264544766396284
10075,0.0050395759753882885
10076,0.009786210022866726
10077,0.02030646800994873
10078,0.009468006901443005
10079,0.0024666970130056143
10080,0.004581351764500141
10081,0.010256022214889526
10082,0.0036989133805036545
10083,0.01192212663590908
10084,0.00405493937432766
10085,0.01126918476074934
10086,0.00572245754301548
10087,0.003954754211008549
10088,0.012239674106240273
10089,0.007928532548248768
10090,0.0064865401946008205
10091,0.0059723383747041225
10092,0.0062192147597670555
10093,0.006525301840156317
10094,0.009986143559217453
10095,0.007709006778895855
10096,0.009565206244587898
10097,0.006780705880373716
10098,0.008069807663559914
10099,0.009001843631267548
10100,0.009681569412350655
10101,0.0046071456745266914
10102,0.01569465920329094
10103,0.003353047650307417
10104,0.02416960522532463
10105,0.008393341675400734
10106,0.014664366841316223
10107,0.006646081805229187
10108,0.004184011369943619
10109,0.012222535908222198
10110,0.009954338893294334
10111,0.0034373996313661337
10112,0.007202083244919777
10113,0.016880717128515244
10114,0.00394764170050621
10115,0.009159218519926071
10116,0.008588501252233982
10117,0.007932089269161224
10118,0.008269893936812878
10119,0.0017922075930982828
10120,0.006412293296307325
10121,0.020368162542581558
10122,0.015956489369273186
10123,0.008772656321525574
10124,0.00791668239980936
10125,0.0038423235528171062
10126,0.011898389086127281
10127,0.003995908424258232
10128,0.007135382853448391
10129,0.0059277936816215515
10130,0.009642457589507103
10131,0.0061643049120903015
10132,0.0065346090123057365
10133,0.005894733127206564
10134,0.005145033355802298
10135,0.007375530898571014
10136,0.003960659261792898
10137,0.004062136635184288
10138,0.004249287769198418
10139,0.00527458218857646
10140,0.008100597187876701
10141,0.0050922175869345665
10142,0.0022812599781900644
10143,0.008372797630727291
10144,0.01841586083173752
10145,0.009423770010471344
10146,0.0059354971162974834
10147,0.01777053251862526
10148,0.0019666897132992744
10149,0.01386227086186409
10150,0.011613430455327034
10151,0.007767649367451668
10152,0.0049991304986178875
10153,0.013151033781468868
10154,0.0035062110982835293
10155,0.00821611937135458
10156,0.005961760878562927
10157,0.003915834706276655
10158,0.0056182704865932465
10159,0.0058739460073411465
10160,0.009244333021342754
10161,0.011426964774727821
10162,0.004363154526799917
10163,0.013201802037656307
10164,0.00967631209641695
10165,0.005853391718119383
10166,0.008938813582062721
10167,0.005522366613149643
10168,0.008034253492951393
10169,0.006438883952796459
10170,0.010193257592618465
10171,0.006236436776816845
10172,0.0029375392477959394
10173,0.013134568929672241
10174,0.009109950624406338
10175,0.009438668377697468
10176,0.005945824086666107
10177,0.006473572924733162
10178,0.010042225942015648
10179,0.008902701549232006
10180,0.009648656472563744
10181,0.007492116652429104
10182,0.005300453864037991
10183,0.004502318799495697
10184,0.007424263283610344
10185,0.009792005643248558
10186,0.006061331834644079
10187,0.011845692060887814
10188,0.0166518185287714
10189,0.024499131366610527
10190,0.007821519859135151
10191,0.007677227258682251
10192,0.005081072449684143
10193,0.009835051372647285
10194,0.004503257106989622
10195,0.006222788244485855
10196,0.01521753054112196
10197,0.007230906747281551
10198,0.006911028176546097
10199,0.0035353093408048153
10200,0.002333502285182476
10201,0.015749171376228333
10202,0.010891353711485863
10203,0.006255649961531162
10204,0.014613557606935501
10205,0.009534034878015518
10206,0.003991465549916029
10207,0.004684993997216225
10208,0.004441914614289999
10209,0.010543259792029858
10210,0.006581013556569815
10211,0.009142586961388588
10212,0.006987947970628738
10213,0.005405799951404333
10214,0.009493954479694366
10215,0.011910757049918175
10216,0.012022929266095161
10217,0.005645696073770523
10218,0.005494571290910244
10219,0.017224708572030067
10220,0.0041983420960605145
10221,0.008776004426181316
10222,0.009359033778309822
10223,0.01007169485092163
10224,0.009487371891736984
10225,0.006299018859863281
10226,0.008916262537240982
10227,0.013577642850577831
10228,0.0032603382132947445
10229,0.01421827357262373
10230,0.01011702325195074
10231,0.004208277445286512
10232,0.01513165608048439
10233,0.004755954723805189
10234,0.007879393175244331
10235,0.005344577133655548
10236,0.008936569094657898
10237,0.005755476653575897
10238,0.010347604751586914
10239,0.0039159334264695644
10240,0.004110044799745083
10241,0.0037367655895650387
10242,0.009797900915145874
10243,0.006282702088356018
10244,0.0036046532914042473
10245,0.005196918733417988
10246,0.004661885555833578
10247,0.019428148865699768
10248,0.0032386835664510727
10249,0.0034506777301430702
10250,0.006430622190237045
10251,0.010611286386847496
10252,0.003372635692358017
10253,0.005566493608057499
10254,0.007298485841602087
10255,0.008080930449068546
10256,0.009169208817183971
10257,0.003748539835214615
10258,0.005184910725802183
10259,0.0033740464132279158
10260,0.016957392916083336
10261,0.00769883394241333
10262,0.0038548517040908337
10263,0.015069834887981415
10264,0.007080245763063431
10265,0.047115862369537354
10266,0.005409233272075653
10267,0.005962198134511709
10268,0.010950486175715923
10269,0.0081406831741333
10270,0.0042570955120027065
10271,0.01702379621565342
10272,0.009884199127554893
10273,0.01437634602189064
10274,0.011523634195327759
10275,0.008912716060876846
10276,0.0178484208881855
10277,0.0024961091112345457
10278,0.013052440248429775
10279,0.024238571524620056
10280,0.011046696454286575
10281,0.007705828174948692
10282,0.010181988589465618
10283,0.004596945829689503
10284,0.004544359166175127
10285,0.007492723874747753
10286,0.007086120545864105
10287,0.0065589845180511475
10288,0.003877244656905532
10289,0.003516828641295433
10290,0.012354261241853237
10291,0.004061897285282612
10292,0.0048763444647192955
10293,0.005181015934795141
10294,0.01868891529738903
10295,0.0064834896475076675
10296,0.009661386720836163
10297,0.007097176276147366
10298,0.01173187792301178
10299,0.005911706015467644
10300,0.010563328862190247
10301,0.007707584649324417
10302,0.006831550970673561
10303,0.009250408038496971
10304,0.0016794984694570303
10305,0.007165767252445221
10306,0.010865706950426102
10307,0.008887134492397308
10308,0.002317085862159729
10309,0.0046174791641533375
10310,0.007753023412078619
10311,0.011686528101563454
10312,0.004247754812240601
10313,0.004689078778028488
10314,0.007747895549982786
10315,0.00576802808791399
10316,0.0034648124128580093
10317,0.00819387473165989
10318,0.003126616356894374
10319,0.006203559692949057
10320,0.004167960491031408
10321,0.0036803053226321936
10322,0.004801181610673666
10323,0.016209108754992485
10324,0.018139123916625977
10325,0.00703087355941534
10326,0.006450218614190817
10327,0.004779328592121601
10328,0.0028164549730718136
10329,0.006829950027167797
10330,0.011265839450061321
10331,0.003852829337120056
10332,0.010479314252734184
10333,0.012458103708922863
10334,0.005944428499788046
10335,0.01708480343222618
10336,0.0046629770658910275
10337,0.0029985231813043356
10338,0.01056082732975483
10339,0.010204065591096878
10340,0.009604234248399734
10341,0.004151150584220886
10342,0.008886707946658134
10343,0.016812268644571304
10344,0.003751251380890608
10345,0.007487628608942032
10346,0.008332659490406513
10347,0.005969274323433638
10348,0.0067052701488137245
10349,0.009388143196702003
10350,0.012855000793933868
10351,0.014236303977668285
10352,0.0033854576759040356
10353,0.007552552502602339
10354,0.011437183246016502
10355,0.010365009307861328
10356,0.006927725858986378
10357,0.0050671519711613655
10358,0.009196916595101357
10359,0.009778007864952087
10360,0.005884177982807159
10361,0.004372352734208107
10362,0.010479418560862541
10363,0.004012606106698513
10364,0.013940125703811646
10365,0.012181900441646576
10366,0.00590168684720993
10367,0.009853687137365341
10368,0.027366092428565025
10369,0.004902677144855261
10370,0.00246765511110425
10371,0.014522991143167019
10372,0.007842380553483963
10373,0.008358949795365334
10374,0.006082957144826651
10375,0.015098243951797485
10376,0.004681793972849846
10377,0.003920825198292732
10378,0.009457006119191647
10379,0.00888221338391304
10380,0.007861224934458733
10381,0.007414676249027252
10382,0.003998144529759884
10383,0.007745526731014252
10384,0.011408048681914806
10385,0.02124873176217079
10386,0.005677737295627594
10387,0.007524487562477589
10388,0.012189909815788269
10389,0.005626173224300146
10390,0.010549194179475307
10391,0.010153301060199738
10392,0.008687927387654781
10393,0.004023442510515451
10394,0.0030991944950073957
10395,0.007490290328860283
10396,0.005714490078389645
10397,0.00936254020780325
10398,0.013368887826800346
10399,0.008259578607976437
10400,0.003722725436091423
10401,0.011769156903028488
10402,0.011629587039351463
10403,0.007393780164420605
10404,0.014623850584030151
10405,0.0066229975782334805
10406,0.007885130122303963
10407,0.011530568823218346
10408,0.011039694771170616
10409,0.00889289379119873
10410,0.011650517582893372
10411,0.006977096199989319
10412,0.0048411269672214985
10413,0.00397048145532608
10414,0.005379627458751202
10415,0.0036572623066604137
10416,0.004414211958646774
10417,0.005482051521539688
10418,0.005197652615606785
10419,0.017829839140176773
10420,0.0072428323328495026
10421,0.007301746867597103
10422,0.010500563308596611
10423,0.008587627671658993
10424,0.0036940041463822126
10425,0.008510137908160686
10426,0.004080644343048334
10427,0.007000495679676533
10428,0.01068945787847042
10429,0.006154839880764484
10430,0.006756993010640144
10431,0.004742508754134178
10432,0.008088955655694008
10433,0.017282675951719284
10434,0.0148117421194911
10435,0.012666898779571056
10436,0.024716362357139587
10437,0.011616257950663567
10438,0.014245769940316677
10439,0.005525996442884207
10440,0.004804368130862713
10441,0.007601661141961813
10442,0.0034072198905050755
10443,0.016432251781225204
10444,0.008230706676840782
10445,0.006186933256685734
10446,0.006612955592572689
10447,0.0029956530779600143
10448,0.003374533262103796
10449,0.011018216609954834
10450,0.004550280049443245
10451,0.008283570408821106
10452,0.0071414560079574585
10453,0.011145804077386856
10454,0.003717168001458049
10455,0.006037641316652298
10456,0.009665518067777157
10457,0.01464668195694685
10458,0.008833277970552444
10459,0.004009927622973919
10460,0.004136377014219761
10461,0.008097944781184196
10462,0.006801262032240629
10463,0.0097787044942379
10464,0.005835810210555792
10465,0.00399151211604476
10466,0.005612156353890896
10467,0.0037821149453520775
10468,0.005360356532037258
10469,0.009485812857747078
10470,0.005413471721112728
10471,0.00924772396683693
10472,0.007038773037493229
10473,0.004683520644903183
10474,0.008743004873394966
10475,0.004501869902014732
10476,0.0074790059588849545
10477,0.011436584405601025
10478,0.008812181651592255
10479,0.010597657412290573
10480,0.002935749012976885
10481,0.006575687788426876
10482,0.009085902944207191
10483,0.00814695842564106
10484,0.005072993226349354
10485,0.006664209067821503
10486,0.002193383639678359
10487,0.007715646177530289
10488,0.010432902723550797
10489,0.0027324731927365065
10490,0.009632122702896595
10491,0.00772780692204833
10492,0.006140691693872213
10493,0.006982713006436825
10494,0.003852351102977991
10495,0.0034169391728937626
10496,0.013118895702064037
10497,0.010188329964876175
10498,0.0033716605976223946
10499,0.004208347760140896
10500,0.010768895968794823
10501,0.010495967231690884
10502,0.011210612952709198
10503,0.010448525659739971
10504,0.013962855562567711
10505,0.008746754378080368
10506,0.0034093193244189024
10507,0.0021457308903336525
10508,0.01361420750617981
10509,0.00840271171182394
10510,0.012924553826451302
10511,0.011603303253650665
10512,0.011703480035066605
10513,0.006019218824803829
10514,0.004577375017106533
10515,0.0031095060985535383
10516,0.007598988711833954
10517,0.01091088354587555
10518,0.012521500699222088
10519,0.006074356846511364
10520,0.0105659868568182
10521,0.0034397391136735678
10522,0.006681117229163647
10523,0.00853706058114767
10524,0.00496275071054697
10525,0.004705633036792278
10526,0.004100076388567686
10527,0.008868806064128876
10528,0.005971060134470463
10529,0.027897998690605164
10530,0.010035790503025055
10531,0.006914160680025816
10532,0.005536771845072508
10533,0.005645270925015211
10534,0.007932670414447784
10535,0.006772711873054504
10536,0.008540869690477848
10537,0.007094463333487511
10538,0.008883148431777954
10539,0.013931242749094963
10540,0.014497272670269012
10541,0.007655831053853035
10542,0.006516820751130581
10543,0.005842047743499279
10544,0.017447656020522118
10545,0.008002102375030518
10546,0.007539707235991955
10547,0.005578033160418272
10548,0.004009581170976162
10549,0.00973956286907196
10550,0.00917397253215313
10551,0.0016540212091058493
10552,0.003913563676178455
10553,0.013765549287199974
10554,0.006522811017930508
10555,0.004142973106354475
10556,0.006062828004360199
10557,0.023682620376348495
10558,0.008589278906583786
10559,0.009339096024632454
10560,0.026890844106674194
10561,0.004471880383789539
10562,0.004195415414869785
10563,0.00518354307860136
10564,0.007444416172802448
10565,0.006280962377786636
10566,0.0026435337495058775
10567,0.012518803589046001
10568,0.0033511826768517494
10569,0.005825594998896122
10570,0.0055628009140491486
10571,0.02184242010116577
10572,0.006070628762245178
10573,0.009247628971934319
10574,0.007615949027240276
10575,0.006437957286834717
10576,0.01509091816842556
10577,0.007895540446043015
10578,0.004898543003946543
10579,0.008654620498418808
10580,0.006251741200685501
10581,0.00821008812636137
10582,0.002838841639459133
10583,0.0068812198005616665
10584,0.003711539087817073
10585,0.005535132251679897
10586,0.016429482027888298
10587,0.01782948710024357
10588,0.007061305455863476
10589,0.006610739044845104
10590,0.008623435162007809
10591,0.016076713800430298
10592,0.01110589038580656
10593,0.006551421247422695
10594,0.006683239247649908
10595,0.004845029208809137
10596,0.009346205741167068
10597,0.017544617876410484
10598,0.009032163769006729
10599,0.0076985894702374935
10600,0.005415547173470259
10601,0.012285362929105759
10602,0.00867315661162138
10603,0.009917061775922775
10604,0.006055550649762154
10605,0.0068326834589242935
10606,0.013988843187689781
10607,0.007812855765223503
10608,0.007536447606980801
10609,0.0037544742226600647
10610,0.0027136995922774076
10611,0.014551865868270397
10612,0.00851991306990385
10613,0.00524939177557826
10614,0.009310372173786163
10615,0.005703983828425407
10616,0.0035522188991308212
10617,0.006830628030002117
10618,0.010529677383601665
10619,0.0049215699546039104
10620,0.0025654789060354233
10621,0.004547436721622944
10622,0.012716874480247498
10623,0.007340540643781424
10624,0.011721821501851082
10625,0.006652701646089554
10626,0.019237376749515533
10627,0.004580989014357328
10628,0.001383023103699088
10629,0.006462428253144026
10630,0.010866986587643623
10631,0.022355740889906883
10632,0.009584875777363777
10633,0.009055144153535366
10634,0.010686755180358887
10635,0.006807939615100622
10636,0.01664520800113678
10637,0.007794921286404133
10638,0.012833180837333202
10639,0.011967564933001995
10640,0.004991225432604551
10641,0.01205148920416832
10642,0.019672691822052002
10643,0.012583423405885696
10644,0.010615433566272259
10645,0.005216333549469709
10646,0.007592520676553249
10647,0.007046939339488745
10648,0.006372365169227123
10649,0.005450764205306768
10650,0.0061170076951384544
10651,0.005168530158698559
10652,0.01024673879146576
10653,0.004862156696617603
10654,0.009326320141553879
10655,0.006049050018191338
10656,0.004616201855242252
10657,0.004867713898420334
10658,0.003693482605740428
10659,0.006869876757264137
10660,0.008872564882040024
10661,0.015749461948871613
10662,0.0096027422696352
10663,0.0058218627236783504
10664,0.0059194415807724
10665,0.012418098747730255
10666,0.012480603531002998
10667,0.006472889333963394
10668,0.007929298095405102
10669,0.009367499500513077
10670,0.006236867047846317
10671,0.006438625045120716
10672,0.007557378150522709
10673,0.004146433901041746
10674,0.006657519843429327
10675,0.004388271365314722
10676,0.006445280276238918
10677,0.004738079383969307
10678,0.009212754666805267
10679,0.012421349994838238
10680,0.008689679205417633
10681,0.005044354125857353
10682,0.008111496455967426
10683,0.026849370449781418
10684,0.023900777101516724
10685,0.0032463520765304565
10686,0.006058882921934128
10687,0.005126031115651131
10688,0.007678317837417126
10689,0.006825610995292664
10690,0.005498392507433891
10691,0.003820223268121481
10692,0.013332759961485863
10693,0.013549732975661755
10694,0.005954212974756956
10695,0.004680007230490446
10696,0.004174432717263699
10697,0.009055886417627335
10698,0.004437129013240337
10699,0.009566924534738064
10700,0.0037717900704592466
10701,0.006914870347827673
10702,0.007127913646399975
10703,0.009797590784728527
10704,0.003092074766755104
10705,0.01442338339984417
10706,0.004034739453345537
10707,0.014533966779708862
10708,0.005098599009215832
10709,0.013502507470548153
10710,0.012387130409479141
10711,0.013623464852571487
10712,0.005517929792404175
10713,0.004629773087799549
10714,0.00673342403024435
10715,0.006144730374217033
10716,0.007421701680868864
10717,0.002775350119918585
10718,0.005423392169177532
10719,0.016798581928014755
10720,0.007265144493430853
10721,0.008595149032771587
10722,0.010629476979374886
10723,0.008827796205878258
10724,0.005707422271370888
10725,0.004299210384488106
10726,0.006840052083134651
10727,0.009348317980766296
10728,0.00559606309980154
10729,0.006944555789232254
10730,0.004351099021732807
10731,0.005436263512820005
10732,0.00658430065959692
10733,0.01644154079258442
10734,0.016252199187874794
10735,0.01676240563392639
10736,0.0073711383156478405
10737,0.012890065088868141
10738,0.003899652510881424
10739,0.006045226939022541
10740,0.008324477821588516
10741,0.005440092645585537
10742,0.012834332883358002
10743,0.0036646947264671326
10744,0.004491607658565044
10745,0.004854836501181126
10746,0.008319396525621414
10747,0.00789225846529007
10748,0.005988841410726309
10749,0.007611105218529701
10750,0.009925573132932186
10751,0.010807923972606659
10752,0.014547569677233696
10753,0.01757694035768509
10754,0.005082978866994381
10755,0.002333825919777155
10756,0.007118686102330685
10757,0.0045775482431054115
10758,0.01495550386607647
10759,0.005074755754321814
10760,0.005284200422465801
10761,0.0069700246676802635
10762,0.012787858955562115
10763,0.010493378154933453
10764,0.004025089554488659
10765,0.015579171478748322
10766,0.014293879270553589
10767,0.004969331435859203
10768,0.0144544942304492
10769,0.004319788888096809
10770,0.00724166352301836
10771,0.004065501503646374
10772,0.004813000559806824
10773,0.006187034770846367
10774,0.006058929022401571
10775,0.02524426579475403
10776,0.009226026944816113
10777,0.011637300252914429
10778,0.004802493378520012
10779,0.008750014007091522
10780,0.003846676554530859
10781,0.005518501158803701
10782,0.002692103385925293
10783,0.00952568743377924
10784,0.00846419483423233
10785,0.007823429070413113
10786,0.009549963288009167
10787,0.003498053876683116
10788,0.01054716482758522
10789,0.008443232625722885
10790,0.014370517805218697
10791,0.0023850547149777412
10792,0.002563491463661194
10793,0.006135545205324888
10794,0.008162149228155613
10795,0.00522991269826889
10796,0.005097373854368925
10797,0.012175258249044418
10798,0.0058342888951301575
10799,0.00621451810002327
10800,0.0032532396726310253
10801,0.01351840328425169
10802,0.010624565184116364
10803,0.013455397449433804
10804,0.004874090198427439
10805,0.008589730598032475
10806,0.009857762604951859
10807,0.005682807415723801
10808,0.006031201221048832
10809,0.0036624600179493427
10810,0.02048642933368683
10811,0.005053278524428606
10812,0.011705383658409119
10813,0.00626967241987586
10814,0.011211968027055264
10815,0.008745543658733368
10816,0.006071766372770071
10817,0.00785117968916893
10818,0.004927101079374552
10819,0.007848764769732952
10820,0.012931826524436474
10821,0.00692197447642684
10822,0.006691525690257549
10823,0.005718379281461239
10824,0.012474196963012218
10825,0.013538501225411892
10826,0.0042598494328558445
10827,0.007942551746964455
10828,0.0067657544277608395
10829,0.007009886205196381
10830,0.007607614621520042
10831,0.009763073176145554
10832,0.020427986979484558
10833,0.005294767674058676
10834,0.012993648648262024
10835,0.006027840077877045
10836,0.008233049884438515
10837,0.004431415349245071
10838,0.008859746158123016
10839,0.006664510816335678
10840,0.004789647180587053
10841,0.010011957958340645
10842,0.005025323014706373
10843,0.0050449250265955925
10844,0.0066267140209674835
10845,0.004389017820358276
10846,0.006110490765422583
10847,0.006491309963166714
10848,0.016228768974542618
10849,0.008168400265276432
10850,0.007620709948241711
10851,0.005442803259938955
10852,0.0031947153620421886
10853,0.006588399410247803
10854,0.003377920016646385
10855,0.013518711552023888
10856,0.004890653304755688
10857,0.022357027977705002
10858,0.012603547424077988
10859,0.0029010202270001173
10860,0.003539771307259798
10861,0.006683627143502235
10862,0.00867415964603424
10863,0.008797995746135712
10864,0.008922070264816284
10865,0.010202718898653984
10866,0.004126613959670067
10867,0.0034852090757340193
10868,0.0056801605969667435
10869,0.007784235756844282
10870,0.005578835494816303
10871,0.008058125153183937
10872,0.006831805221736431
10873,0.008764075115323067
10874,0.007967192679643631
10875,0.005246412940323353
10876,0.006144857034087181
10877,0.02536213956773281
10878,0.011368995532393456
10879,0.0038817801978439093
10880,0.01034204289317131
10881,0.00413910299539566
10882,0.007763705216348171
10883,0.014891906641423702
10884,0.012887059710919857
10885,0.006149218883365393
10886,0.0045789433643221855
10887,0.007104993797838688
10888,0.011505009606480598
10889,0.006358141079545021
10890,0.012793617323040962
10891,0.004134543240070343
10892,0.005178771447390318
10893,0.014634091407060623
10894,0.011308341287076473
10895,0.005771744064986706
10896,0.010465043596923351
10897,0.0073142810724675655
10898,0.0060104141011834145
10899,0.004523002076894045
10900,0.007396271452307701
10901,0.0077933454886078835
10902,0.01047974731773138
10903,0.003937281668186188
10904,0.005494548939168453
10905,0.013179386034607887
10906,0.004851642996072769
10907,0.011637991294264793
10908,0.0036226052325218916
10909,0.006902711465954781
10910,0.008307424373924732
10911,0.0029609943740069866
10912,0.023751825094223022
10913,0.006324914749711752
10914,0.005839603953063488
10915,0.014671482145786285
10916,0.009145420975983143
10917,0.016781309619545937
10918,0.00813316274434328
10919,0.00967407412827015
10920,0.013336153700947762
10921,0.026189496740698814
10922,0.00912032462656498
10923,0.009172654710710049
10924,0.0035813353024423122
10925,0.005917264148592949
10926,0.01223235484212637
10927,0.015546771697700024
10928,0.012704129330813885
10929,0.007607738953083754
10930,0.015343807637691498
10931,0.021792568266391754
10932,0.006634125020354986
10933,0.022374387830495834
10934,0.005894627422094345
10935,0.010017979890108109
10936,0.002999996766448021
10937,0.005801670253276825
10938,0.006160843186080456
10939,0.005547337234020233
10940,0.0069735124707221985
10941,0.008547667413949966
10942,0.009374450892210007
10943,0.004879280459135771
10944,0.03677049279212952
10945,0.014540934935212135
10946,0.007388705387711525
10947,0.007895946502685547
10948,0.01259806752204895
10949,0.004537490196526051
10950,0.010772084817290306
10951,0.004865053575485945
10952,0.006771886255592108
10953,0.008925368078052998
10954,0.0055937739089131355
10955,0.005652817897498608
10956,0.008952237665653229
10957,0.008396977558732033
10958,0.009393587708473206
10959,0.005801798310130835
10960,0.010309579782187939
10961,0.006078609265387058
10962,0.004959261976182461
10963,0.0074522471986711025
10964,0.009009637869894505
10965,0.010606946423649788
10966,0.008054995909333229
10967,0.0063476781360805035
10968,0.004232275765389204
10969,0.012420594692230225
10970,0.005052751861512661
10971,0.011884985491633415
10972,0.006642301566898823
10973,0.005019010975956917
10974,0.0025726035237312317
10975,0.007772150449454784
10976,0.007426147349178791
10977,0.02100573480129242
10978,0.005304006859660149
10979,0.005410270299762487
10980,0.0028752691578119993
10981,0.00948992371559143
10982,0.009460780769586563
10983,0.002763918600976467
10984,0.005750350188463926
10985,0.003583668265491724
10986,0.00577008631080389
10987,0.008237130008637905
10988,0.005800542887300253
10989,0.006904732435941696
10990,0.0033156992867588997
10991,0.007805895991623402
10992,0.006530135869979858
10993,0.007562374230474234
10994,0.007309943437576294
10995,0.003741248045116663
10996,0.005616421811282635
10997,0.010545104742050171
10998,0.005940557923167944
10999,0.009187163785099983
11000,0.0038219126872718334
11001,0.016412679105997086
11002,0.01021044235676527
11003,0.005965517368167639
11004,0.006596669554710388
11005,0.012770511209964752
11006,0.009361938573420048
11007,0.005126203875988722
11008,0.004569710697978735
11009,0.009269479662179947
11010,0.003916732035577297
11011,0.008125927299261093
11012,0.00460123922675848
11013,0.007172132842242718
11014,0.0072705065831542015
11015,0.009785599075257778
11016,0.008648666553199291
11017,0.007305030710995197
11018,0.011201279237866402
11019,0.00751461461186409
11020,0.011331815272569656
11021,0.004935603588819504
11022,0.003970702178776264
11023,0.00667048804461956
11024,0.010833277367055416
11025,0.006891110446304083
11026,0.01259373314678669
11027,0.007861831225454807
11028,0.019798826426267624
11029,0.005160056054592133
11030,0.010136251337826252
11031,0.01390068419277668
11032,0.00470375083386898
11033,0.006700749509036541
11034,0.007545182481408119
11035,0.009589946828782558
11036,0.005780957639217377
11037,0.004548856057226658
11038,0.00849267840385437
11039,0.009136579930782318
11040,0.005702556576579809
11041,0.018727045506238937
11042,0.011656038463115692
11043,0.007636583410203457
11044,0.004674937576055527
11045,0.013594085350632668
11046,0.007576984353363514
11047,0.010699868202209473
11048,0.009276138618588448
11049,0.01807384565472603
11050,0.007439154200255871
11051,0.00804673507809639
11052,0.021685002371668816
11053,0.006051085889339447
11054,0.007890834473073483
11055,0.005404875613749027
11056,0.009801449254155159
11057,0.005708719603717327
11058,0.005502527114003897
11059,0.007230286952108145
11060,0.009438175708055496
11061,0.005708416923880577
11062,0.006285795476287603
11063,0.008296318352222443
11064,0.005785953253507614
11065,0.008585494011640549
11066,0.003126426599919796
11067,0.017757927998900414
11068,0.010010205209255219
11069,0.015206638723611832
11070,0.007982151582837105
11071,0.006485159508883953
11072,0.00709372665733099
11073,0.007283463608473539
11074,0.010838054120540619
11075,0.006975076161324978
11076,0.00397713016718626
11077,0.002856620354577899
11078,0.013423895463347435
11079,0.004438555333763361
11080,0.019999584183096886
11081,0.01137961633503437
11082,0.005924300756305456
11083,0.009360481053590775
11084,0.010166285559535027
11085,0.009664123877882957
11086,0.0024044073652476072
11087,0.01050151139497757
11088,0.005712190177291632
11089,0.0062809474766254425
11090,0.007237717043608427
11091,0.012435357086360455
11092,0.00411713682115078
11093,0.002259157132357359
11094,0.008112234994769096
11095,0.006104791536927223
11096,0.003385775489732623
11097,0.004679540637880564
11098,0.004691245034337044
11099,0.015764955431222916
11100,0.014868125319480896
11101,0.005578130483627319
11102,0.026726534590125084
11103,0.0027613407000899315
11104,0.01851404272019863
11105,0.005821360275149345
11106,0.007676729466766119
11107,0.009147917851805687
11108,0.006936950609087944
11109,0.008561940863728523
11110,0.00936967134475708
11111,0.0071250395849347115
11112,0.0044028605334460735
11113,0.005917179398238659
11114,0.009583018720149994
11115,0.005128009244799614
11116,0.005076308734714985
11117,0.007629054598510265
11118,0.010099473409354687
11119,0.018178356811404228
11120,0.008840354159474373
11121,0.006322518922388554
11122,0.006937542464584112
11123,0.015328812412917614
11124,0.007817758247256279
11125,0.009341487661004066
11126,0.011032141745090485
11127,0.0046957191079854965
11128,0.003903595730662346
11129,0.0050025200471282005
11130,0.009792940691113472
11131,0.005520924925804138
11132,0.00719790905714035
11133,0.0051147956401109695
11134,0.006238012574613094
11135,0.005069339647889137
11136,0.021506600081920624
11137,0.005831935442984104
11138,0.003906064433977008
11139,0.011999513022601604
11140,0.006599757820367813
11141,0.006660267245024443
11142,0.010281654074788094
11143,0.005781953688710928
11144,0.005540475249290466
11145,0.0014507374726235867
11146,0.009604407474398613
11147,0.0072408150881528854
11148,0.009313171729445457
11149,0.005164584144949913
11150,0.010162973776459694
11151,0.011620976030826569
11152,0.021786218509078026
11153,0.007311630994081497
11154,0.01081875991076231
11155,0.009409168735146523
11156,0.013257603161036968
11157,0.013641487807035446
11158,0.005244500935077667
11159,0.01368644367903471
11160,0.0052764518186450005
11161,0.015024418942630291
11162,0.006683129817247391
11163,0.007413568906486034
11164,0.007802649401128292
11165,0.008902424946427345
11166,0.007044346537441015
11167,0.007227486930787563
11168,0.006701623555272818
11169,0.006058105733245611
11170,0.004714973270893097
11171,0.008844752795994282
11172,0.0061176372691988945
11173,0.01204163208603859
11174,0.01723986677825451
11175,0.00966312363743782
11176,0.0027508826460689306
11177,0.005249783396720886
11178,0.007334187626838684
11179,0.010933684185147285
11180,0.007398287765681744
11181,0.007482877001166344
11182,0.004229645244777203
11183,0.01017795316874981
11184,0.008057704195380211
11185,0.0077102771028876305
11186,0.005068729631602764
11187,0.005490520969033241
11188,0.005801322869956493
11189,0.004037085454910994
11190,0.0029953494668006897
11191,0.005201589781790972
11192,0.03919592499732971
11193,0.0022207486908882856
11194,0.005927699618041515
11195,0.005615413188934326
11196,0.007639387156814337
11197,0.010485179722309113
11198,0.006369267590343952
11199,0.008627288043498993
11200,0.005037826485931873
11201,0.005613283719867468
11202,0.004654490854591131
11203,0.004917174577713013
11204,0.0036455001682043076
11205,0.009060019627213478
11206,0.013531267642974854
11207,0.005084038712084293
11208,0.008369620889425278
11209,0.005652746185660362
11210,0.00763299223035574
11211,0.006508390884846449
11212,0.0036927363835275173
11213,0.00644097663462162
11214,0.00447113486006856
11215,0.008519778028130531
11216,0.005300180055201054
11217,0.005988189484924078
11218,0.0030357250943779945
11219,0.006068617105484009
11220,0.02067519724369049
11221,0.00782826542854309
11222,0.005418956279754639
11223,0.01456822082400322
11224,0.006297012325376272
11225,0.01231550332158804
11226,0.010585634037852287
11227,0.014784684404730797
11228,0.027362745255231857
11229,0.005276880227029324
11230,0.004268386401236057
11231,0.009098147973418236
11232,0.006626748479902744
11233,0.005244066938757896
11234,0.004398111253976822
11235,0.007226734887808561
11236,0.010496414266526699
11237,0.0058626881800591946
11238,0.011971692554652691
11239,0.005233163945376873
11240,0.004872071091085672
11241,0.00614188751205802
11242,0.007676632609218359
11243,0.004736579023301601
11244,0.012770377099514008
11245,0.010250844061374664
11246,0.009732685983181
11247,0.003066285979002714
11248,0.0032511211466044188
11249,0.004323342815041542
11250,0.005182260647416115
11251,0.005963962525129318
11252,0.002733402419835329
11253,0.007228351663798094
11254,0.006362368818372488
11255,0.007473367266356945
11256,0.006462054327130318
11257,0.005187909118831158
11258,0.015026639215648174
11259,0.00831754133105278
11260,0.0050676013343036175
11261,0.00452879723161459
11262,0.003375781700015068
11263,0.010181615129113197
11264,0.009127303957939148
11265,0.004050618037581444
11266,0.007930174469947815
11267,0.00647338991984725
11268,0.011180093511939049
11269,0.0024780109524726868
11270,0.007993101142346859
11271,0.008983148261904716
11272,0.014099333435297012
11273,0.007546782493591309
11274,0.00468782801181078
11275,0.015127505175769329
11276,0.006922892760485411
11277,0.015464268624782562
11278,0.005888099782168865
11279,0.005774687044322491
11280,0.010205866768956184
11281,0.005679263733327389
11282,0.0023091116454452276
11283,0.011347639374434948
11284,0.00441338075324893
11285,0.013856547884643078
11286,0.009573343209922314
11287,0.006407508160918951
11288,0.011270001530647278
11289,0.00460100406780839
11290,0.002646826207637787
11291,0.0030788928270339966
11292,0.006374248769134283
11293,0.009790224954485893
11294,0.00623944541439414
11295,0.004250175319612026
11296,0.0036843474954366684
11297,0.004558559041470289
11298,0.006710906978696585
11299,0.004522920586168766
11300,0.007384686730802059
11301,0.00291046011261642
11302,0.004958038683980703
11303,0.012224106118083
11304,0.008097843267023563
11305,0.006150747649371624
11306,0.004560652654618025
11307,0.004547497257590294
11308,0.013231394812464714
11309,0.0047707324847579
11310,0.008913148194551468
11311,0.0026316395960748196
11312,0.018900176510214806
11313,0.010571278631687164
11314,0.010841651819646358
11315,0.02261371910572052
11316,0.00641636922955513
11317,0.0061774710193276405
11318,0.009048225358128548
11319,0.00976703129708767
11320,0.007220742758363485
11321,0.009004021994769573
11322,0.005808399524539709
11323,0.007922818884253502
11324,0.013178771361708641
11325,0.02032283879816532
11326,0.00857771746814251
11327,0.007554090581834316
11328,0.010210946202278137
11329,0.012592637911438942
11330,0.0022443109191954136
11331,0.005582822021096945
11332,0.006738794967532158
11333,0.01627374067902565
11334,0.005800097249448299
11335,0.006504497490823269
11336,0.007821224629878998
11337,0.010846867226064205
11338,0.01460090558975935
11339,0.005611435975879431
11340,0.0025393131654709578
11341,0.007343458943068981
11342,0.010282769799232483
11343,0.005824135150760412
11344,0.006076748948544264
11345,0.004481171257793903
11346,0.008476793766021729
11347,0.006354129873216152
11348,0.009709091857075691
11349,0.004522653296589851
11350,0.004060361068695784
11351,0.006821799091994762
11352,0.009775210171937943
11353,0.02085259184241295
11354,0.005704671144485474
11355,0.005212180316448212
11356,0.005243766587227583
11357,0.012562161311507225
11358,0.007833214476704597
11359,0.004066133871674538
11360,0.007438785396516323
11361,0.011486684903502464
11362,0.00872467365115881
11363,0.007774145342409611
11364,0.0033265601377934217
11365,0.00335564068518579
11366,0.00759629113599658
11367,0.003365323645994067
11368,0.010361630469560623
11369,0.009345554746687412
11370,0.004624018911272287
11371,0.008220858871936798
11372,0.015352284535765648
11373,0.00954199954867363
11374,0.01143619418144226
11375,0.003634882625192404
11376,0.0067931292578577995
11377,0.006170046981424093
11378,0.009706960059702396
11379,0.008595543913543224
11380,0.003409802680835128
11381,0.008002176880836487
11382,0.007307359017431736
11383,0.008526093326508999
11384,0.01530340313911438
11385,0.014501450583338737
11386,0.006729647517204285
11387,0.008230779320001602
11388,0.01767895370721817
11389,0.00868857279419899
11390,0.005098269321024418
11391,0.014497585594654083
11392,0.006711791735142469
11393,0.0064341602846980095
11394,0.0040655313059687614
11395,0.008258737623691559
11396,0.008855417370796204
11397,0.0033147656358778477
11398,0.00565326726064086
11399,0.009423179551959038
11400,0.008837591856718063
11401,0.010336583480238914
11402,0.0055245510302484035
11403,0.006698670797049999
11404,0.01272888295352459
11405,0.008099384605884552
11406,0.027970921248197556
11407,0.002895619487389922
11408,0.0034930575639009476
11409,0.007955762557685375
11410,0.03984255716204643
11411,0.011387850157916546
11412,0.02673090063035488
11413,0.004401648882776499
11414,0.008528580889105797
11415,0.008068887516856194
11416,0.003997925203293562
11417,0.011728838086128235
11418,0.04218141362071037
11419,0.013145346194505692
11420,0.011716390959918499
11421,0.005373493768274784
11422,0.0054251342080533504
11423,0.013074847869575024
11424,0.007443881593644619
11425,0.01369322370737791
11426,0.007060739677399397
11427,0.008929358795285225
11428,0.012257425114512444
11429,0.004466925747692585
11430,0.010022428818047047
11431,0.010531611740589142
11432,0.01348408218473196
11433,0.00971477385610342
11434,0.005886706989258528
11435,0.010684210807085037
11436,0.0046570636332035065
11437,0.005846775136888027
11438,0.010940037667751312
11439,0.008954944089055061
11440,0.00651616370305419
11441,0.002402479760348797
11442,0.011294430121779442
11443,0.006920977495610714
11444,0.006863111164420843
11445,0.0033381376415491104
11446,0.011605210602283478
11447,0.004613187164068222
11448,0.007579871919006109
11449,0.0065737939439713955
11450,0.004665397107601166
11451,0.004514525644481182
11452,0.011039359495043755
11453,0.003352116560563445
11454,0.0035059023648500443
11455,0.006696969270706177
11456,0.006875806953758001
11457,0.005837197881191969
11458,0.0045318747870624065
11459,0.008802801370620728
11460,0.003214003285393119
11461,0.004748388193547726
11462,0.00895688310265541
11463,0.0041895401664078236
11464,0.007231784053146839
11465,0.0025102419313043356
11466,0.013016855344176292
11467,0.0057697719894349575
11468,0.006746180355548859
11469,0.003872443689033389
11470,0.005428127013146877
11471,0.011361862532794476
11472,0.002089833840727806
11473,0.006546237971633673
11474,0.004798789508640766
11475,0.006541205104440451
11476,0.02172149531543255
11477,0.008573691360652447
11478,0.005822606384754181
11479,0.006435542833060026
11480,0.002767577301710844
11481,0.0033732240553945303
11482,0.006420978810638189
11483,0.005266466643661261
11484,0.01297336257994175
11485,0.004301036242395639
11486,0.012652469798922539
11487,0.004052269272506237
11488,0.009039109572768211
11489,0.004024173598736525
11490,0.010118257254362106
11491,0.00677803810685873
11492,0.005806931760162115
11493,0.004477834329009056
11494,0.01456786971539259
11495,0.017758755013346672
11496,0.02969519793987274
11497,0.007469139993190765
11498,0.02295701764523983
11499,0.011680811643600464
11500,0.004862375091761351
11501,0.004943873267620802
11502,0.004908507689833641
11503,0.021110989153385162
11504,0.0067219785414636135
11505,0.01296360045671463
11506,0.007659910246729851
11507,0.009502477012574673
11508,0.007909138686954975
11509,0.008108950220048428
11510,0.0034168760757893324
11511,0.03271399065852165
11512,0.016446009278297424
11513,0.005614300258457661
11514,0.012964824214577675
11515,0.010710196569561958
11516,0.012310564517974854
11517,0.00578182190656662
11518,0.006730544846504927
11519,0.008391430601477623
11520,0.006760080810636282
11521,0.005944164004176855
11522,0.0073930565267801285
11523,0.00752527778968215
11524,0.005108661483973265
11525,0.008818835020065308
11526,0.007889779284596443
11527,0.01370854489505291
11528,0.006624690722674131
11529,0.012498833239078522
11530,0.011507024988532066
11531,0.0053671253845095634
11532,0.0028403960168361664
11533,0.006799550727009773
11534,0.007355174049735069
11535,0.009439274668693542
11536,0.004855739884078503
11537,0.010334312915802002
11538,0.007454119622707367
11539,0.003200940787792206
11540,0.008742248639464378
11541,0.010470693930983543
11542,0.0093745868653059
11543,0.009885335341095924
11544,0.009966649115085602
11545,0.006560693494975567
11546,0.007962249219417572
11547,0.016874214634299278
11548,0.009211520664393902
11549,0.007212750613689423
11550,0.011344149708747864
11551,0.003306563012301922
11552,0.010892881080508232
11553,0.004715308081358671
11554,0.013846322894096375
11555,0.004831039346754551
11556,0.008280478417873383
11557,0.008444922044873238
11558,0.006087420042604208
11559,0.004798501264303923
11560,0.014078659936785698
11561,0.004073347896337509
11562,0.006761088967323303
11563,0.0034259387757629156
11564,0.007880295626819134
11565,0.006353158503770828
11566,0.013954205438494682
11567,0.005492969881743193
11568,0.005263272672891617
11569,0.0051000844687223434
11570,0.005050443112850189
11571,0.014536092057824135
11572,0.006032963749021292
11573,0.009120063856244087
11574,0.011710863560438156
11575,0.007996626198291779
11576,0.004444718360900879
11577,0.006373018026351929
11578,0.005437514744699001
11579,0.007071848027408123
11580,0.01202480774372816
11581,0.00646919896826148
11582,0.014301533810794353
11583,0.006082816980779171
11584,0.00904469471424818
11585,0.004771629348397255
11586,0.005294469650834799
11587,0.0044199442490935326
11588,0.005098343826830387
11589,0.0022368174977600574
11590,0.004707437939941883
11591,0.008094928227365017
11592,0.01386045292019844
11593,0.014130344614386559
11594,0.005324985831975937
11595,0.012675784528255463
11596,0.011677136644721031
11597,0.01252918690443039
11598,0.010145189240574837
11599,0.011676381342113018
11600,0.021714359521865845
11601,0.008851652964949608
11602,0.012423182837665081
11603,0.012599296867847443
11604,0.008353808894753456
11605,0.008227275684475899
11606,0.011271919123828411
11607,0.0043286667205393314
11608,0.009916858747601509
11609,0.00594766391441226
11610,0.006416141055524349
11611,0.004223464988172054
11612,0.0070404307916760445
11613,0.0019741347059607506
11614,0.006896019913256168
11615,0.004745311103761196
11616,0.00494086230173707
11617,0.006334399338811636
11618,0.006340788211673498
11619,0.011792185716331005
11620,0.005171115044504404
11621,0.0037824816536158323
11622,0.03262889012694359
11623,0.009297007694840431
11624,0.0075354501605033875
11625,0.016200032085180283
11626,0.009496062062680721
11627,0.00488284882158041
11628,0.010222876444458961
11629,0.006119455210864544
11630,0.007976341992616653
11631,0.003955009859055281
11632,0.008391017094254494
11633,0.006379522383213043
11634,0.011470012366771698
11635,0.00836565624922514
11636,0.007320198696106672
11637,0.00612793629989028
11638,0.0014458056539297104
11639,0.004185423254966736
11640,0.002913891337811947
11641,0.010423487052321434
11642,0.008639112114906311
11643,0.004832885693758726
11644,0.007536272518336773
11645,0.00679198419675231
11646,0.00943805743008852
11647,0.004212976433336735
11648,0.004493544809520245
11649,0.008677501231431961
11650,0.006334471516311169
11651,0.008400029502809048
11652,0.006968842353671789
11653,0.011550135910511017
11654,0.009473063051700592
11655,0.023450251668691635
11656,0.01047358475625515
11657,0.009623164311051369
11658,0.009734220802783966
11659,0.008901817724108696
11660,0.004901214502751827
11661,0.011162379756569862
11662,0.003826248925179243
11663,0.00795324519276619
11664,0.006212770473212004
11665,0.0038505150005221367
11666,0.0035464284010231495
11667,0.010188018903136253
11668,0.004097723867744207
11669,0.004960026126354933
11670,0.010871341452002525
11671,0.006168846972286701
11672,0.0063241044990718365
11673,0.005797691643238068
11674,0.005461534019559622
11675,0.011047686450183392
11676,0.006860913243144751
11677,0.0036605438217520714
11678,0.009220900945365429
11679,0.009935854934155941
11680,0.016815783455967903
11681,0.009402787312865257
11682,0.006995161529630423
11683,0.011704154312610626
11684,0.010509739629924297
11685,0.00617568101733923
11686,0.006333404220640659
11687,0.007015097886323929
11688,0.00903435330837965
11689,0.004996730014681816
11690,0.007426896132528782
11691,0.017891662195324898
11692,0.005708537995815277
11693,0.007946155034005642
11694,0.017251133918762207
11695,0.008902616798877716
11696,0.008646754547953606
11697,0.004557196982204914
11698,0.0038466311525553465
11699,0.005773800425231457
11700,0.010543192736804485
11701,0.005750108510255814
11702,0.007540619932115078
11703,0.01149943470954895
11704,0.014865979552268982
11705,0.007615263573825359
11706,0.007394213229417801
11707,0.01626889407634735
11708,0.00861007533967495
11709,0.027802621945738792
11710,0.006885225884616375
11711,0.013881858438253403
11712,0.007042095065116882
11713,0.01617538183927536
11714,0.014048615470528603
11715,0.0041774543933570385
11716,0.005755140911787748
11717,0.011758454144001007
11718,0.005056625232100487
11719,0.0063490793108940125
11720,0.004383191466331482
11721,0.004690438508987427
11722,0.0055018579587340355
11723,0.005532642360776663
11724,0.01147554349154234
11725,0.014007153920829296
11726,0.014846976846456528
11727,0.0047556813806295395
11728,0.009476697072386742
11729,0.007432864513248205
11730,0.005440498702228069
11731,0.008856289088726044
11732,0.010252066887915134
11733,0.009795166552066803
11734,0.00651884451508522
11735,0.006003675516694784
11736,0.005595813971012831
11737,0.01410102378576994
11738,0.010372016578912735
11739,0.010757813230156898
11740,0.009234871715307236
11741,0.003244363470003009
11742,0.004010625183582306
11743,0.01356583833694458
11744,0.01220721285790205
11745,0.007930675521492958
11746,0.0034539340995252132
11747,0.01114851888269186
11748,0.0016004536300897598
11749,0.007503550034016371
11750,0.009709400124847889
11751,0.007639888674020767
11752,0.009744212031364441
11753,0.0056222183629870415
11754,0.010162265971302986
11755,0.004749399609863758
11756,0.002937918296083808
11757,0.013492941856384277
11758,0.0032812084536999464
11759,0.00800304114818573
11760,0.008396199904382229
11761,0.003455360420048237
11762,0.006531072314828634
11763,0.0026594707742333412
11764,0.00874145794659853
11765,0.007551743648946285
11766,0.011707643046975136
11767,0.01004661526530981
11768,0.007526177912950516
11769,0.004579051397740841
11770,0.008932297118008137
11771,0.008797664195299149
11772,0.006505133118480444
11773,0.008294908329844475
11774,0.009690570645034313
11775,0.018526779487729073
11776,0.013023915700614452
11777,0.007713104598224163
11778,0.00424237921833992
11779,0.006782726850360632
11780,0.005025293678045273
11781,0.00856446661055088
11782,0.02046879194676876
11783,0.0059804837219417095
11784,0.007266908884048462
11785,0.005698259454220533
11786,0.008915606886148453
11787,0.008024351671338081
11788,0.012518580071628094
11789,0.009846329689025879
11790,0.007652279920876026
11791,0.008457129821181297
11792,0.007717031054198742
11793,0.0058968085795640945
11794,0.013415925204753876
11795,0.006970935966819525
11796,0.003980850800871849
11797,0.008082679472863674
11798,0.011557511985301971
11799,0.008438970893621445
11800,0.008183762431144714
11801,0.005948230624198914
11802,0.003086782991886139
11803,0.005174402147531509
11804,0.015070952475070953
11805,0.0031812735833227634
11806,0.018506817519664764
11807,0.011435991153120995
11808,0.015423523262143135
11809,0.012671632692217827
11810,0.008942686952650547
11811,0.01411852240562439
11812,0.008433138951659203
11813,0.005911580286920071
11814,0.0038163885474205017
11815,0.003067966317757964
11816,0.006776824593544006
11817,0.008052179589867592
11818,0.009433720260858536
11819,0.00849936343729496
11820,0.011859072372317314
11821,0.003953792620450258
11822,0.0037336284294724464
11823,0.003191168187186122
11824,0.007738612592220306
11825,0.012860149145126343
11826,0.0027244538068771362
11827,0.011590893380343914
11828,0.00962531566619873
11829,0.009693846106529236
11830,0.0037103714421391487
11831,0.0033540898002684116
11832,0.0034697409719228745
11833,0.005308940075337887
11834,0.005351345986127853
11835,0.007353919558227062
11836,0.005518843419849873
11837,0.008157476782798767
11838,0.010661615058779716
11839,0.003853354137390852
11840,0.007650131359696388
11841,0.006892697419971228
11842,0.007905278354883194
11843,0.009283939376473427
11844,0.007030785083770752
11845,0.005728136282414198
11846,0.004702369682490826
11847,0.007473216392099857
11848,0.006012916564941406
11849,0.011302104219794273
11850,0.01535254716873169
11851,0.005681957118213177
11852,0.004451154265552759
11853,0.004182795062661171
11854,0.003053403226658702
11855,0.003688093274831772
11856,0.011142497882246971
11857,0.006535209249705076
11858,0.010378259234130383
11859,0.008040020242333412
11860,0.003675099927932024
11861,0.0040073273703455925
11862,0.012086072936654091
11863,0.011796272359788418
11864,0.007870065979659557
11865,0.009299112483859062
11866,0.009843653067946434
11867,0.006648401729762554
11868,0.004009945318102837
11869,0.006850702688097954
11870,0.009254205971956253
11871,0.008512888103723526
11872,0.007659147959202528
11873,0.01459946483373642
11874,0.007585457991808653
11875,0.005957739427685738
11876,0.004981407895684242
11877,0.005735015496611595
11878,0.008223526179790497
11879,0.005983538925647736
11880,0.004359947517514229
11881,0.008839045651257038
11882,0.007903818041086197
11883,0.009303971193730831
11884,0.02576362155377865
11885,0.02135116420686245
11886,0.004009044263511896
11887,0.009302143007516861
11888,0.015163524076342583
11889,0.006976758129894733
11890,0.012647636234760284
11891,0.011423774063587189
11892,0.004105629865080118
11893,0.008706709370017052
11894,0.0034385460894554853
11895,0.01151825301349163
11896,0.007251400500535965
11897,0.006900598760694265
11898,0.009122520685195923
11899,0.0089033842086792
11900,0.007355083711445332
11901,0.009763743728399277
11902,0.022019192576408386
11903,0.012409677729010582
11904,0.00880697462707758
11905,0.012045947834849358
11906,0.006040783133357763
11907,0.009186111390590668
11908,0.021128159016370773
11909,0.015223957598209381
11910,0.005621630232781172
11911,0.007710262667387724
11912,0.009469199925661087
11913,0.005302056670188904
11914,0.00405046995729208
11915,0.004285157658159733
11916,0.012161418795585632
11917,0.003378742141649127
11918,0.004726352170109749
11919,0.01070692390203476
11920,0.01003955863416195
11921,0.011957252398133278
11922,0.0038091251626610756
11923,0.013729218393564224
11924,0.006767550017684698
11925,0.0077919564209878445
11926,0.007054503541439772
11927,0.015010885894298553
11928,0.0029122745618224144
11929,0.006323517765849829
11930,0.009576399810612202
11931,0.006588622462004423
11932,0.0073778461664915085
11933,0.0031856410205364227
11934,0.011807365342974663
11935,0.005555020645260811
11936,0.005845687352120876
11937,0.0046110800467431545
11938,0.0072650848887860775
11939,0.005595572292804718
11940,0.005885249003767967
11941,0.005873880349099636
11942,0.010289380326867104
11943,0.006411363370716572
11944,0.007441102527081966
11945,0.001999492757022381
11946,0.02599775418639183
11947,0.004705314990133047
11948,0.012974625453352928
11949,0.005034462548792362
11950,0.008615328930318356
11951,0.022558439522981644
11952,0.0031930734403431416
11953,0.006410212721675634
11954,0.011914289556443691
11955,0.0059637827798724174
11956,0.003712582401931286
11957,0.012401368468999863
11958,0.005831819027662277
11959,0.00551029434427619
11960,0.00746942451223731
11961,0.006087484769523144
11962,0.010250548832118511
11963,0.012031927704811096
11964,0.004381817765533924
11965,0.007101011462509632
11966,0.009067043662071228
11967,0.010143548250198364
11968,0.007387474179267883
11969,0.008687972091138363
11970,0.0036748964339494705
11971,0.004496072418987751
11972,0.008044958114624023
11973,0.010800103656947613
11974,0.009881401434540749
11975,0.0035767024382948875
11976,0.03401406109333038
11977,0.005894990172237158
11978,0.005303899757564068
11979,0.011793653480708599
11980,0.0052883378230035305
11981,0.0028640020173043013
11982,0.00875544548034668
11983,0.0062809898518025875
11984,0.00671460572630167
11985,0.006140199489891529
11986,0.005863828118890524
11987,0.008207373321056366
11988,0.0028671487234532833
11989,0.009051116183400154
11990,0.008980631828308105
11991,0.006345684640109539
11992,0.004516887478530407
11993,0.005983944050967693
11994,0.009672658517956734
11995,0.021393995732069016
11996,0.012244364246726036
11997,0.0024791453033685684
11998,0.015795845538377762
11999,0.009589789435267448
12000,0.002370355185121298
12001,0.007943691685795784
12002,0.004830576479434967
12003,0.011210620403289795
12004,0.008980533108115196
12005,0.008013474754989147
12006,0.009169097058475018
12007,0.008003712631762028
12008,0.0042001958936452866
12009,0.007614630274474621
12010,0.005926176439970732
12011,0.004702221602201462
12012,0.006420097313821316
12013,0.009294775314629078
12014,0.01800449937582016
12015,0.008352621458470821
12016,0.005406315438449383
12017,0.002496863715350628
12018,0.004426763858646154
12019,0.014163832180202007
12020,0.008115224540233612
12021,0.005351114086806774
12022,0.00410425616428256
12023,0.0009281537495553493
12024,0.00680128950625658
12025,0.005682004150003195
12026,0.00714424904435873
12027,0.009203138761222363
12028,0.008863533847033978
12029,0.016954753547906876
12030,0.00778852729126811
12031,0.010536636225879192
12032,0.023484041914343834
12033,0.005737393628805876
12034,0.010937524959445
12035,0.013496056199073792
12036,0.006049012765288353
12037,0.00730498880147934
12038,0.00820905715227127
12039,0.005319974385201931
12040,0.00514178816229105
12041,0.02820403501391411
12042,0.006357218604534864
12043,0.00877456646412611
12044,0.0027178130112588406
12045,0.004295459017157555
12046,0.01152548473328352
12047,0.0030981069430708885
12048,0.010880423709750175
12049,0.006976020522415638
12050,0.0022226348519325256
12051,0.006988202687352896
12052,0.016013354063034058
12053,0.0029491065070033073
12054,0.01582135073840618
12055,0.008357714861631393
12056,0.005479279439896345
12057,0.012379506602883339
12058,0.005887221544981003
12059,0.010752912610769272
12060,0.0037819005083292723
12061,0.0043427832424640656
12062,0.004980617668479681
12063,0.00632379949092865
12064,0.004710409324616194
12065,0.008797844871878624
12066,0.013288436457514763
12067,0.004790876992046833
12068,0.008664311841130257
12069,0.013048212043941021
12070,0.004064936190843582
12071,0.006001725792884827
12072,0.006117732729762793
12073,0.007998889312148094
12074,0.008682895451784134
12075,0.007709092926234007
12076,0.006952827330678701
12077,0.005814315285533667
12078,0.009792343713343143
12079,0.007905485108494759
12080,0.012176990509033203
12081,0.008672866970300674
12082,0.00524142337962985
12083,0.005006138235330582
12084,0.007546655833721161
12085,0.006577685475349426
12086,0.005582514218986034
12087,0.004888103809207678
12088,0.008748458698391914
12089,0.003951004706323147
12090,0.002546430565416813
12091,0.013299049809575081
12092,0.005096343345940113
12093,0.003014819696545601
12094,0.009085691533982754
12095,0.004791470244526863
12096,0.005246656946837902
12097,0.002673650160431862
12098,0.024737676605582237
12099,0.004212887026369572
12100,0.005769132636487484
12101,0.00828835554420948
12102,0.010471520945429802
12103,0.01697278395295143
12104,0.020688708871603012
12105,0.01794777810573578
12106,0.029311111196875572
12107,0.008727936074137688
12108,0.015650326386094093
12109,0.022314323112368584
12110,0.008217081427574158
12111,0.007935073226690292
12112,0.008600406348705292
12113,0.006115702446550131
12114,0.010925613343715668
12115,0.005730818957090378
12116,0.006467672996222973
12117,0.024000337347388268
12118,0.006288382224738598
12119,0.006406798958778381
12120,0.0035212791990488768
12121,0.009139135479927063
12122,0.005134734325110912
12123,0.003761695697903633
12124,0.00639372318983078
12125,0.004234561696648598
12126,0.0045917946845293045
12127,0.005371564533561468
12128,0.008291227743029594
12129,0.010644026100635529
12130,0.005247605498880148
12131,0.007863562554121017
12132,0.012749048881232738
12133,0.006486814469099045
12134,0.019210202619433403
12135,0.014720061793923378
12136,0.005611496977508068
12137,0.006257192697376013
12138,0.00967104360461235
12139,0.004034643992781639
12140,0.009552369825541973
12141,0.006134489551186562
12142,0.004696867428719997
12143,0.007396118249744177
12144,0.007285002619028091
12145,0.006554524414241314
12146,0.007432714104652405
12147,0.005460042040795088
12148,0.006586335599422455
12149,0.008355623111128807
12150,0.008313469588756561
12151,0.007015330716967583
12152,0.008877607993781567
12153,0.009095525369048119
12154,0.00904284231364727
12155,0.014259625226259232
12156,0.010524453595280647
12157,0.0038861806970089674
12158,0.006528166588395834
12159,0.004307237919420004
12160,0.010761398822069168
12161,0.010931020602583885
12162,0.01914333552122116
12163,0.00699268002063036
12164,0.00873089861124754
12165,0.006201898213475943
12166,0.005866297986358404
12167,0.014741292223334312
12168,0.010709211230278015
12169,0.008146005682647228
12170,0.008806205354630947
12171,0.006297069601714611
12172,0.014965107664465904
12173,0.01164092868566513
12174,0.006758995354175568
12175,0.014634303748607635
12176,0.019664518535137177
12177,0.00913185253739357
12178,0.004571194294840097
12179,0.0065911319106817245
12180,0.004931818228214979
12181,0.00857908558100462
12182,0.0071832663379609585
12183,0.010627112351357937
12184,0.008470647968351841
12185,0.004991007968783379
12186,0.008068869821727276
12187,0.006564345210790634
12188,0.005751920863986015
12189,0.010235508903861046
12190,0.006399236619472504
12191,0.003930353559553623
12192,0.003971314989030361
12193,0.00493767112493515
12194,0.0034816390834748745
12195,0.015629006549715996
12196,0.019703907892107964
12197,0.006115265190601349
12198,0.007325790822505951
12199,0.006357414647936821
12200,0.004487998783588409
12201,0.006210699677467346
12202,0.00805061124265194
12203,0.01280923094600439
12204,0.027895605191588402
12205,0.008750587701797485
12206,0.007085671182721853
12207,0.004813485313206911
12208,0.0030093553941696882
12209,0.008749451488256454
12210,0.0028993450105190277
12211,0.00705121923238039
12212,0.0026392515283077955
12213,0.006681956350803375
12214,0.008684325963258743
12215,0.010320499539375305
12216,0.0051210541278123856
12217,0.003660280955955386
12218,0.01218732725828886
12219,0.00941008236259222
12220,0.00843241810798645
12221,0.011377489194273949
12222,0.015074562281370163
12223,0.008436867967247963
12224,0.005750298500061035
12225,0.023870518431067467
12226,0.007241055369377136
12227,0.004924246575683355
12228,0.005572360008955002
12229,0.0036938318517059088
12230,0.005828033201396465
12231,0.011489751748740673
12232,0.005359230563044548
12233,0.006181697361171246
12234,0.006196513306349516
12235,0.005766165442764759
12236,0.0054971007630229
12237,0.007868040353059769
12238,0.006651716306805611
12239,0.012085861526429653
12240,0.0072980402037501335
12241,0.009612816385924816
12242,0.010654877871274948
12243,0.008877387270331383
12244,0.009607898071408272
12245,0.004742873832583427
12246,0.0030529270879924297
12247,0.019982531666755676
12248,0.014844909310340881
12249,0.00397232361137867
12250,0.008506493642926216
12251,0.0034594701137393713
12252,0.005728471092879772
12253,0.008561159484088421
12254,0.006951354444026947
12255,0.006449325941503048
12256,0.013447200879454613
12257,0.0069147804751992226
12258,0.008188395760953426
12259,0.013966972939670086
12260,0.006019947584718466
12261,0.011796573176980019
12262,0.005305418279021978
12263,0.007100383751094341
12264,0.0027115163393318653
12265,0.009580893442034721
12266,0.01134631596505642
12267,0.0061188796535134315
12268,0.004796331282705069
12269,0.03962988406419754
12270,0.007948601618409157
12271,0.004931014031171799
12272,0.021287929266691208
12273,0.008383038453757763
12274,0.008171850815415382
12275,0.00393771193921566
12276,0.00836893729865551
12277,0.0034138397313654423
12278,0.015113793313503265
12279,0.003797058016061783
12280,0.004927626810967922
12281,0.014197014272212982
12282,0.00444386713206768
12283,0.004327620379626751
12284,0.0028213541954755783
12285,0.04326915740966797
12286,0.00855053961277008
12287,0.019203264266252518
12288,0.007126628886908293
12289,0.012323280796408653
12290,0.005693003535270691
12291,0.004074662458151579
12292,0.014780834317207336
12293,0.006258790381252766
12294,0.009333936497569084
12295,0.004016287159174681
12296,0.013779009692370892
12297,0.019464129582047462
12298,0.028005219995975494
12299,0.011983169242739677
12300,0.005008017644286156
12301,0.008466563187539577
12302,0.010431153699755669
12303,0.006682370789349079
12304,0.007180032320320606
12305,0.006452344357967377
12306,0.020961076021194458
12307,0.0024625216610729694
12308,0.0053514051251113415
12309,0.0076767741702497005
12310,0.011290980502963066
12311,0.02610962465405464
12312,0.0027086068876087666
12313,0.01182564627379179
12314,0.011060490272939205
12315,0.01169440895318985
12316,0.00900278054177761
12317,0.005460253916680813
12318,0.012104779481887817
12319,0.004252137150615454
12320,0.006783649325370789
12321,0.0073106251657009125
12322,0.009288998320698738
12323,0.017188018187880516
12324,0.009023291990160942
12325,0.017551656812429428
12326,0.011592376977205276
12327,0.021621614694595337
12328,0.011227099224925041
12329,0.0069173905067145824
12330,0.013460608199238777
12331,0.007307569496333599
12332,0.025379881262779236
12333,0.010620294138789177
12334,0.005066215060651302
12335,0.006988972425460815
12336,0.005879100412130356
12337,0.009131398051977158
12338,0.01193991582840681
12339,0.009259392507374287
12340,0.006918007042258978
12341,0.029359636828303337
12342,0.011441763490438461
12343,0.00350782903842628
12344,0.007599779404699802
12345,0.004134605173021555
12346,0.006096840836107731
12347,0.01896653138101101
12348,0.009648780338466167
12349,0.011463227681815624
12350,0.007052285131067038
12351,0.0076555125415325165
12352,0.0036451644264161587
12353,0.00863931979984045
12354,0.010755732655525208
12355,0.0024216773454099894
12356,0.003876548958942294
12357,0.007120965048670769
12358,0.011847423389554024
12359,0.004103955812752247
12360,0.0033999427687376738
12361,0.0062126233242452145
12362,0.006637252401560545
12363,0.010855399072170258
12364,0.005474572069942951
12365,0.012126314453780651
12366,0.00665449071675539
12367,0.005410023033618927
12368,0.0062351836822927
12369,0.00797232799232006
12370,0.008462881669402122
12371,0.01093289628624916
12372,0.008604660630226135
12373,0.002994572278112173
12374,0.010879090055823326
12375,0.004409352317452431
12376,0.005187359172850847
12377,0.014863419346511364
12378,0.004828352015465498
12379,0.007492092903703451
12380,0.006475473754107952
12381,0.020858313888311386
12382,0.015950854867696762
12383,0.004542980808764696
12384,0.0029513705521821976
12385,0.012802946381270885
12386,0.0063347769901156425
12387,0.009765741415321827
12388,0.006282231770455837
12389,0.005839383229613304
12390,0.004326942376792431
12391,0.00879186112433672
12392,0.01001132931560278
12393,0.008299870416522026
12394,0.0067650130949914455
12395,0.0062178997322916985
12396,0.011330336332321167
12397,0.008938383311033249
12398,0.009737448766827583
12399,0.0072362786158919334
12400,0.0059695132076740265
12401,0.006113601382821798
12402,0.005717456340789795
12403,0.01683865860104561
12404,0.007122300565242767
12405,0.0064390432089567184
12406,0.008631500415503979
12407,0.0063019744120538235
12408,0.00856819935142994
12409,0.006853094324469566
12410,0.005557694938033819
12411,0.012136204168200493
12412,0.0023227459751069546
12413,0.010035717859864235
12414,0.0062149218283593655
12415,0.015001009218394756
12416,0.011615389958024025
12417,0.007288025226444006
12418,0.008140520192682743
12419,0.011605407111346722
12420,0.036400772631168365
12421,0.004478702321648598
12422,0.010784944519400597
12423,0.004364882595837116
12424,0.011612805537879467
12425,0.00719266664236784
12426,0.0064786761067807674
12427,0.0047856224700808525
12428,0.005194768309593201
12429,0.008696594275534153
12430,0.002827009651809931
12431,0.004288230091333389
12432,0.02212163619697094
12433,0.0042416611686348915
12434,0.0072649819776415825
12435,0.007955819368362427
12436,0.007105025462806225
12437,0.005525337066501379
12438,0.010333539918065071
12439,0.011919833719730377
12440,0.023739269003272057
12441,0.006272452883422375
12442,0.004069596529006958
12443,0.007871139794588089
12444,0.010791385546326637
12445,0.005238160490989685
12446,0.01699642464518547
12447,0.005666334182024002
12448,0.0055656833574175835
12449,0.007721728645265102
12450,0.005705078598111868
12451,0.0042997319251298904
12452,0.008884569630026817
12453,0.003016162198036909
12454,0.0059820301830768585
12455,0.006916828453540802
12456,0.0101424939930439
12457,0.007156149949878454
12458,0.003984072245657444
12459,0.008150575682520866
12460,0.0060075256042182446
12461,0.004663009196519852
12462,0.014918491244316101
12463,0.004899794235825539
12464,0.005024717189371586
12465,0.007504304870963097
12466,0.006345292087644339
12467,0.012818310409784317
12468,0.004906885325908661
12469,0.008194475434720516
12470,0.007413290441036224
12471,0.008875275030732155
12472,0.0073470016941428185
12473,0.00534280389547348
12474,0.00914450641721487
12475,0.0061773695051670074
12476,0.007025266997516155
12477,0.010057389736175537
12478,0.011182760819792747
12479,0.010040353052318096
12480,0.012571888975799084
12481,0.009020410478115082
12482,0.010992435738444328
12483,0.004549117758870125
12484,0.003641375806182623
12485,0.009117625653743744
12486,0.011988900601863861
12487,0.004148218780755997
12488,0.012210640124976635
12489,0.014577656053006649
12490,0.0081480136141181
12491,0.009138163179159164
12492,0.006279462482780218
12493,0.012183286249637604
12494,0.004644455388188362
12495,0.01175469346344471
12496,0.0050619738176465034
12497,0.004444529302418232
12498,0.0061264256946742535
12499,0.0037814187817275524
12500,0.010767350904643536
12501,0.007251141592860222
12502,0.006904763635247946
12503,0.0075167338363826275
12504,0.004654344171285629
12505,0.0051405420526862144
12506,0.005431573837995529
12507,0.012198742479085922
12508,0.012133326381444931
12509,0.013407993130385876
12510,0.018658466637134552
12511,0.004331504926085472
12512,0.006652761250734329
12513,0.009960062801837921
12514,0.005129466764628887
12515,0.00903289020061493
12516,0.006461567245423794
12517,0.003974721767008305
12518,0.01258383970707655
12519,0.00722184032201767
12520,0.0019463147036731243
12521,0.0084796492010355
12522,0.008551421575248241
12523,0.003557233838364482
12524,0.0033924654126167297
12525,0.00476163811981678
12526,0.004307594150304794
12527,0.005334313027560711
12528,0.0035177497193217278
12529,0.005146656185388565
12530,0.009080275893211365
12531,0.002736872062087059
12532,0.003736041486263275
12533,0.006945531815290451
12534,0.010183263570070267
12535,0.009784085676074028
12536,0.005084780976176262
12537,0.01681027188897133
12538,0.004363195039331913
12539,0.0042695654556155205
12540,0.005611214321106672
12541,0.004361443221569061
12542,0.006796482019126415
12543,0.013040579855442047
12544,0.014822427183389664
12545,0.004621826112270355
12546,0.005402174778282642
12547,0.004433351568877697
12548,0.005620985757559538
12549,0.005207144655287266
12550,0.007587021216750145
12551,0.004531409591436386
12552,0.013873599469661713
12553,0.004139600321650505
12554,0.006314476951956749
12555,0.010019995272159576
12556,0.006035353057086468
12557,0.005722097586840391
12558,0.005387298762798309
12559,0.02922919951379299
12560,0.005051719956099987
12561,0.0051778205670416355
12562,0.0049001602455973625
12563,0.008222140371799469
12564,0.010460564866662025
12565,0.013100279495120049
12566,0.00359857315197587
12567,0.0075417933985590935
12568,0.00699582090601325
12569,0.013550015166401863
12570,0.008264238946139812
12571,0.008387438021600246
12572,0.01979219913482666
12573,0.0026379970367997885
12574,0.03525872156023979
12575,0.01807164028286934
12576,0.008133996278047562
12577,0.006507351528853178
12578,0.006106201559305191
12579,0.002842272398993373
12580,0.008848221972584724
12581,0.010165462270379066
12582,0.010929977521300316
12583,0.011296244338154793
12584,0.006685873027890921
12585,0.019598301500082016
12586,0.007214113604277372
12587,0.007781012915074825
12588,0.00874633900821209
12589,0.010232769884169102
12590,0.007962953299283981
12591,0.011268636211752892
12592,0.010696797631680965
12593,0.013405479490756989
12594,0.004205403383821249
12595,0.006997873540967703
12596,0.006332448683679104
12597,0.008932511322200298
12598,0.011773228645324707
12599,0.010053802281618118
12600,0.007612258195877075
12601,0.0071496376767754555
12602,0.005376917775720358
12603,0.005180622451007366
12604,0.005949280224740505
12605,0.008989470079541206
12606,0.007573466747999191
12607,0.013015121221542358
12608,0.012602480128407478
12609,0.020350098609924316
12610,0.005740975961089134
12611,0.00666025560349226
12612,0.011483624577522278
12613,0.007342045661062002
12614,0.01230807974934578
12615,0.009580894373357296
12616,0.005779854021966457
12617,0.007433903869241476
12618,0.011978715658187866
12619,0.008748935535550117
12620,0.003839620854705572
12621,0.016437191516160965
12622,0.006326883099973202
12623,0.006319258362054825
12624,0.002877620980143547
12625,0.008920176886022091
12626,0.008706283755600452
12627,0.011935028247535229
12628,0.002614550990983844
12629,0.01261175237596035
12630,0.007071646861732006
12631,0.01890372484922409
12632,0.007532086223363876
12633,0.0076522743329405785
12634,0.013689225539565086
12635,0.005483889486640692
12636,0.010698962025344372
12637,0.005559379234910011
12638,0.00548966508358717
12639,0.01867358386516571
12640,0.0035906764678657055
12641,0.016184991225600243
12642,0.0038803862407803535
12643,0.012675661593675613
12644,0.005622393451631069
12645,0.006154695060104132
12646,0.00429400522261858
12647,0.012870985083281994
12648,0.00256750313565135
12649,0.006031058728694916
12650,0.009686538018286228
12651,0.006639236118644476
12652,0.010143736377358437
12653,0.00396234355866909
12654,0.00453612394630909
12655,0.006834534462541342
12656,0.006424387451261282
12657,0.010370812378823757
12658,0.007186391390860081
12659,0.006738790310919285
12660,0.009056465700268745
12661,0.005762971937656403
12662,0.005547223147004843
12663,0.0033009876497089863
12664,0.007891044020652771
12665,0.007152655627578497
12666,0.006760934367775917
12667,0.005897061433643103
12668,0.010777590796351433
12669,0.0038549210876226425
12670,0.0017759292386472225
12671,0.0060319071635603905
12672,0.005396117921918631
12673,0.0029412242583930492
12674,0.012753116898238659
12675,0.008076861500740051
12676,0.011452525854110718
12677,0.003595189657062292
12678,0.008864754810929298
12679,0.002134031383320689
12680,0.010261247865855694
12681,0.017052125185728073
12682,0.017646227031946182
12683,0.0038925628177821636
12684,0.0034223399125039577
12685,0.015447381883859634
12686,0.004680301062762737
12687,0.00508465338498354
12688,0.015509277582168579
12689,0.00683992262929678
12690,0.0066551631316542625
12691,0.004579867236316204
12692,0.007992485538125038
12693,0.007244476582854986
12694,0.006893569137901068
12695,0.015397466719150543
12696,0.012365544214844704
12697,0.006885405629873276
12698,0.009114461950957775
12699,0.0018095467239618301
12700,0.003997202031314373
12701,0.007444036193192005
12702,0.0027813599444925785
12703,0.0043136319145560265
12704,0.007632035296410322
12705,0.005534082651138306
12706,0.004016250837594271
12707,0.003916471730917692
12708,0.0040644872933626175
12709,0.006794001907110214
12710,0.008096989244222641
12711,0.007650974206626415
12712,0.004414547234773636
12713,0.004401754587888718
12714,0.003933597821742296
12715,0.009119931608438492
12716,0.003332449123263359
12717,0.005358636379241943
12718,0.00535799004137516
12719,0.005568823777139187
12720,0.008833028376102448
12721,0.010274549014866352
12722,0.0050313700921833515
12723,0.004612709395587444
12724,0.004562989342957735
12725,0.004427820444107056
12726,0.009088396094739437
12727,0.0047166659496724606
12728,0.012400157749652863
12729,0.0041937814094126225
12730,0.006960903760045767
12731,0.0075921593233942986
12732,0.019071433693170547
12733,0.007770897354930639
12734,0.010993735864758492
12735,0.005354778375476599
12736,0.01914440281689167
12737,0.009884802624583244
12738,0.012297388166189194
12739,0.007046162616461515
12740,0.015530675649642944
12741,0.008028076961636543
12742,0.004046973306685686
12743,0.008232034742832184
12744,0.029402567073702812
12745,0.004892142489552498
12746,0.018543928861618042
12747,0.02001718059182167
12748,0.0036879819817841053
12749,0.008396631106734276
12750,0.011042136698961258
12751,0.003926267381757498
12752,0.008115691132843494
12753,0.012713434174656868
12754,0.0038643355946987867
12755,0.009510340169072151
12756,0.008135819807648659
12757,0.004384208470582962
12758,0.01359436847269535
12759,0.0075833736918866634
12760,0.010659821331501007
12761,0.017213288694620132
12762,0.013333557173609734
12763,0.004746698774397373
12764,0.003691544756293297
12765,0.018305297940969467
12766,0.004885443020612001
12767,0.005484781228005886
12768,0.006081243511289358
12769,0.006092175375670195
12770,0.014273017644882202
12771,0.01325247809290886
12772,0.00456149410456419
12773,0.010202514007687569
12774,0.0030901869758963585
12775,0.00452398182824254
12776,0.006311058532446623
12777,0.008584885857999325
12778,0.011158712208271027
12779,0.022559022530913353
12780,0.009419064968824387
12781,0.013792581856250763
12782,0.0036628837697207928
12783,0.016259539872407913
12784,0.0045882100239396095
12785,0.007800130173563957
12786,0.010617456398904324
12787,0.013699333183467388
12788,0.008979116566479206
12789,0.011002589017152786
12790,0.004009696189314127
12791,0.005290783941745758
12792,0.007203829940408468
12793,0.006077512167394161
12794,0.021548163145780563
12795,0.004859613254666328
12796,0.00770562281832099
12797,0.005258194170892239
12798,0.008534034714102745
12799,0.019174208864569664
12800,0.0033914223313331604
12801,0.017802726477384567
12802,0.0063944412395358086
12803,0.007827033288776875
12804,0.009478980675339699
12805,0.011641766875982285
12806,0.00910252146422863
12807,0.0070381732657551765
12808,0.004379285965114832
12809,0.003738424275070429
12810,0.005965803749859333
12811,0.009882347658276558
12812,0.010557161644101143
12813,0.0056878430768847466
12814,0.011891193687915802
12815,0.004309658892452717
12816,0.005284914281219244
12817,0.013529530726373196
12818,0.003020108677446842
12819,0.010901546105742455
12820,0.008155059069395065
12821,0.005819931160658598
12822,0.005704089067876339
12823,0.001646301127038896
12824,0.009393022395670414
12825,0.010168223641812801
12826,0.004257445689290762
12827,0.004260347690433264
12828,0.01411597989499569
12829,0.008824731223285198
12830,0.00732653122395277
12831,0.010444643907248974
12832,0.004967036657035351
12833,0.006719864439219236
12834,0.005246564745903015
12835,0.005812476854771376
12836,0.004223944619297981
12837,0.018444523215293884
12838,0.017795249819755554
12839,0.010857406072318554
12840,0.010357100516557693
12841,0.005886138882488012
12842,0.00973808765411377
12843,0.006926172878593206
12844,0.007394724991172552
12845,0.010374307632446289
12846,0.010516006499528885
12847,0.008421060629189014
12848,0.013007257133722305
12849,0.0041616447269916534
12850,0.0038391719572246075
12851,0.007393186446279287
12852,0.008372154086828232
12853,0.0073998067528009415
12854,0.006069387774914503
12855,0.020711198449134827
12856,0.006638318300247192
12857,0.01027284562587738
12858,0.006239309441298246
12859,0.006666803266853094
12860,0.019005782902240753
12861,0.005740701220929623
12862,0.008232672698795795
12863,0.010041236877441406
12864,0.004623875953257084
12865,0.0052260179072618484
12866,0.008026457391679287
12867,0.008882934227585793
12868,0.0245995931327343
12869,0.006896040868014097
12870,0.009343016892671585
12871,0.005064308177679777
12872,0.0046621449291706085
12873,0.004697497934103012
12874,0.020252712070941925
12875,0.0028593731112778187
12876,0.0057347542606294155
12877,0.005554579198360443
12878,0.02223331294953823
12879,0.008408278226852417
12880,0.005810779985040426
12881,0.013331478461623192
12882,0.0067262956872582436
12883,0.003198266727849841
12884,0.012342716567218304
12885,0.004440701566636562
12886,0.004817315377295017
12887,0.01616097055375576
12888,0.007135717198252678
12889,0.0057141161523759365
12890,0.0030476567335426807
12891,0.01046055182814598
12892,0.0038295413833111525
12893,0.008491627871990204
12894,0.005502153187990189
12895,0.0064833564683794975
12896,0.007473926059901714
12897,0.0074514541774988174
12898,0.008008494041860104
12899,0.00365336867980659
12900,0.017784111201763153
12901,0.004322775639593601
12902,0.009934770874679089
12903,0.008535724133253098
12904,0.007916114293038845
12905,0.0044360035099089146
12906,0.006632349453866482
12907,0.008864744566380978
12908,0.009398281574249268
12909,0.006629626266658306
12910,0.0033861109986901283
12911,0.008231768384575844
12912,0.006659842561930418
12913,0.006493421271443367
12914,0.01768220029771328
12915,0.003775050863623619
12916,0.009094749577343464
12917,0.010158689692616463
12918,0.007958849892020226
12919,0.0059146881103515625
12920,0.008076386526226997
12921,0.02245587669312954
12922,0.007768680341541767
12923,0.005235737189650536
12924,0.006893949117511511
12925,0.01623399183154106
12926,0.009522553533315659
12927,0.006639858242124319
12928,0.010516194626688957
12929,0.011647995561361313
12930,0.010590313002467155
12931,0.015621470287442207
12932,0.0059421188198029995
12933,0.00766786839812994
12934,0.003338674083352089
12935,0.009893778711557388
12936,0.006840208079665899
12937,0.0031014648266136646
12938,0.0022900716867297888
12939,0.009718205779790878
12940,0.007908792234957218
12941,0.009615032933652401
12942,0.005700953304767609
12943,0.004476537927985191
12944,0.0028798128478229046
12945,0.006030709948390722
12946,0.032406702637672424
12947,0.003562349360436201
12948,0.011586174368858337
12949,0.005649862345308065
12950,0.004535469226539135
12951,0.00692575890570879
12952,0.008909035474061966
12953,0.007511680480092764
12954,0.005273844115436077
12955,0.00772785022854805
12956,0.01883324794471264
12957,0.005344643257558346
12958,0.011150801554322243
12959,0.0035345039796084166
12960,0.011539611034095287
12961,0.011563951149582863
12962,0.005427045281976461
12963,0.0054670944809913635
12964,0.005973421037197113
12965,0.006345407571643591
12966,0.00937735103070736
12967,0.013802019879221916
12968,0.006552143953740597
12969,0.005614574067294598
12970,0.006823716219514608
12971,0.010648377239704132
12972,0.009272604249417782
12973,0.007416955195367336
12974,0.005094572901725769
12975,0.0077635785564780235
12976,0.008462628349661827
12977,0.00796430092304945
12978,0.005766890477389097
12979,0.009384683333337307
12980,0.0030227936804294586
12981,0.00432612095028162
12982,0.006753845140337944
12983,0.008691487833857536
12984,0.009474577382206917
12985,0.01384242158383131
12986,0.014381680637598038
12987,0.01064025517553091
12988,0.007522687315940857
12989,0.006862846668809652
12990,0.014252319931983948
12991,0.009861225262284279
12992,0.005807983689010143
12993,0.0014671360841020942
12994,0.010289913974702358
12995,0.00463805440813303
12996,0.01381782628595829
12997,0.007424434181302786
12998,0.00896657258272171
12999,0.01049125473946333
13000,0.003922688774764538
13001,0.003942551091313362
13002,0.008307147771120071
13003,0.005740414373576641
13004,0.010793204419314861
13005,0.003937689121812582
13006,0.010959703475236893
13007,0.006282483693212271
13008,0.008492700755596161
13009,0.009253472089767456
13010,0.008536119014024734
13011,0.03453037887811661
13012,0.011615222319960594
13013,0.002913846168667078
13014,0.01019475981593132
13015,0.011448835954070091
13016,0.006233249790966511
13017,0.0035490922164171934
13018,0.004165136720985174
13019,0.007218679413199425
13020,0.010349366813898087
13021,0.019740983843803406
13022,0.010623861104249954
13023,0.006885371636599302
13024,0.004930045455694199
13025,0.006700075231492519
13026,0.004119369201362133
13027,0.007271617650985718
13028,0.007725323550403118
13029,0.004855097271502018
13030,0.007694624364376068
13031,0.0076815723441541195
13032,0.010663645341992378
13033,0.009434651583433151
13034,0.006286325864493847
13035,0.006788404192775488
13036,0.008978405967354774
13037,0.013577854260802269
13038,0.003864288330078125
13039,0.006103280931711197
13040,0.006531990133225918
13041,0.005895107984542847
13042,0.010604733601212502
13043,0.007233648560941219
13044,0.0025763879530131817
13045,0.014412416145205498
13046,0.009694010019302368
13047,0.006321323569864035
13048,0.0037235263735055923
13049,0.0057126609608531
13050,0.0033585529308766127
13051,0.0026084152050316334
13052,0.012253792956471443
13053,0.0026070454623550177
13054,0.007363798096776009
13055,0.012199761345982552
13056,0.017524924129247665
13057,0.013016311451792717
13058,0.0024542873725295067
13059,0.004875246435403824
13060,0.009707294404506683
13061,0.011707743629813194
13062,0.005712084472179413
13063,0.0031720872502774
13064,0.01363861933350563
13065,0.014433225616812706
13066,0.006590421311557293
13067,0.0179725531488657
13068,0.008009550161659718
13069,0.008641436696052551
13070,0.011062243953347206
13071,0.00967799685895443
13072,0.005724214017391205
13073,0.03545869141817093
13074,0.00944678857922554
13075,0.013680401258170605
13076,0.005792445503175259
13077,0.005482308566570282
13078,0.007562958635389805
13079,0.015302988700568676
13080,0.00819750502705574
13081,0.0038771266117691994
13082,0.013766828924417496
13083,0.0031487862579524517
13084,0.006136230193078518
13085,0.004025482572615147
13086,0.014223961159586906
13087,0.005982128903269768
13088,0.008713691495358944
13089,0.007993005216121674
13090,0.006016834639012814
13091,0.004279817454516888
13092,0.009811080992221832
13093,0.008988464251160622
13094,0.02090507373213768
13095,0.005842503160238266
13096,0.006406677421182394
13097,0.0066092126071453094
13098,0.00808665156364441
13099,0.0075422003865242004
13100,0.014777600765228271
13101,0.014580067247152328
13102,0.010252412408590317
13103,0.008990677073597908
13104,0.009073770605027676
13105,0.005282796919345856
13106,0.007931720465421677
13107,0.004811493214219809
13108,0.02128743939101696
13109,0.008378762751817703
13110,0.0056084743700921535
13111,0.012343557551503181
13112,0.004875353071838617
13113,0.006613671779632568
13114,0.007445818744599819
13115,0.00775856152176857
13116,0.005366028752177954
13117,0.012550653889775276
13118,0.00576663576066494
13119,0.010209430009126663
13120,0.0038473564200103283
13121,0.00898073986172676
13122,0.011100499890744686
13123,0.005097885616123676
13124,0.007617940194904804
13125,0.013240210711956024
13126,0.008794134482741356
13127,0.008414072915911674
13128,0.007207061629742384
13129,0.009016057476401329
13130,0.0139608858153224
13131,0.006757612340152264
13132,0.003824224229902029
13133,0.002547669690102339
13134,0.0023746404331177473
13135,0.013012990355491638
13136,0.010134953074157238
13137,0.0048951636999845505
13138,0.00845236238092184
13139,0.011097989976406097
13140,0.017192481085658073
13141,0.011786311864852905
13142,0.00732294050976634
13143,0.008203968405723572
13144,0.006067601498216391
13145,0.009330459870398045
13146,0.007411297410726547
13147,0.008670289069414139
13148,0.013741261325776577
13149,0.018535349518060684
13150,0.008959842845797539
13151,0.005578601732850075
13152,0.004601526074111462
13153,0.006485331803560257
13154,0.006006217561662197
13155,0.012559784576296806
13156,0.004971280228346586
13157,0.008929959498345852
13158,0.011278700083494186
13159,0.012739388272166252
13160,0.0057647316716611385
13161,0.005989122204482555
13162,0.008637974038720131
13163,0.008713836781680584
13164,0.009758884087204933
13165,0.004266669973731041
13166,0.004600374959409237
13167,0.0038806754164397717
13168,0.004152189940214157
13169,0.0038327290676534176
13170,0.005318578332662582
13171,0.01446949690580368
13172,0.005373879801481962
13173,0.009098922833800316
13174,0.005173570942133665
13175,0.01683868281543255
13176,0.01086435467004776
13177,0.01965915784239769
13178,0.005885811056941748
13179,0.007372511550784111
13180,0.018171340227127075
13181,0.013192014768719673
13182,0.005541826598346233
13183,0.00966717954725027
13184,0.0070586237125098705
13185,0.007162210997194052
13186,0.005195719189941883
13187,0.008124197833240032
13188,0.005993633531033993
13189,0.025526409968733788
13190,0.009423119015991688
13191,0.003963159397244453
13192,0.010157765820622444
13193,0.007488138973712921
13194,0.00754828006029129
13195,0.019720852375030518
13196,0.008831913582980633
13197,0.005950562190264463
13198,0.012924357317388058
13199,0.03333597630262375
13200,0.012776687741279602
13201,0.006437237374484539
13202,0.0017413781024515629
13203,0.004249846562743187
13204,0.007112519815564156
13205,0.01062123291194439
13206,0.00911683775484562
13207,0.0058276718482375145
13208,0.01187924575060606
13209,0.007584185805171728
13210,0.007146920543164015
13211,0.006953030358999968
13212,0.006790786981582642
13213,0.02815435640513897
13214,0.004208115395158529
13215,0.007670373655855656
13216,0.007154636085033417
13217,0.00482302438467741
13218,0.009541885927319527
13219,0.007074560970067978
13220,0.005108287092298269
13221,0.005018699914216995
13222,0.0076770964078605175
13223,0.02239679917693138
13224,0.010659599676728249
13225,0.007236441597342491
13226,0.00439589424058795
13227,0.009318551979959011
13228,0.010015971027314663
13229,0.0067740632221102715
13230,0.0073464675806462765
13231,0.01532964687794447
13232,0.008001033216714859
13233,0.018412457779049873
13234,0.005199377425014973
13235,0.004662701394408941
13236,0.01484610140323639
13237,0.010504908859729767
13238,0.009656021371483803
13239,0.0065587288700044155
13240,0.003279718104749918
13241,0.004136219155043364
13242,0.010805207304656506
13243,0.008038951084017754
13244,0.008852362632751465
13245,0.0169626884162426
13246,0.005879808217287064
13247,0.00562488054856658
13248,0.005149699281901121
13249,0.002894381759688258
13250,0.012196851894259453
13251,0.006761863362044096
13252,0.0051428331062197685
13253,0.004581067245453596
13254,0.005833279341459274
13255,0.006027333438396454
13256,0.007792574819177389
13257,0.007092691957950592
13258,0.007261022925376892
13259,0.008437502197921276
13260,0.018824826925992966
13261,0.02248387597501278
13262,0.010057712905108929
13263,0.003596971509978175
13264,0.0076019857078790665
13265,0.006781165953725576
13266,0.0030267394613474607
13267,0.004301770590245724
13268,0.012054852209985256
13269,0.006878009997308254
13270,0.015062625519931316
13271,0.012416764162480831
13272,0.007521666586399078
13273,0.005624261684715748
13274,0.0038614615332335234
13275,0.00643672002479434
13276,0.014249037019908428
13277,0.00595919881016016
13278,0.004136258736252785
13279,0.00820414163172245
13280,0.013642139732837677
13281,0.007798010483384132
13282,0.010536125861108303
13283,0.009142925962805748
13284,0.007039796095341444
13285,0.01394415833055973
13286,0.004107335582375526
13287,0.004576503299176693
13288,0.01014634408056736
13289,0.005967549979686737
13290,0.007610668428242207
13291,0.02109285444021225
13292,0.004952581133693457
13293,0.012204124592244625
13294,0.00846036709845066
13295,0.00596238998696208
13296,0.013595907017588615
13297,0.01864706724882126
13298,0.006363362073898315
13299,0.008446581661701202
13300,0.006226296536624432
13301,0.008580956608057022
13302,0.004483671393245459
13303,0.005280779208987951
13304,0.006686626002192497
13305,0.008232543244957924
13306,0.004980706609785557
13307,0.004676501266658306
13308,0.004602832719683647
13309,0.013741160742938519
13310,0.004760735668241978
13311,0.0058730365708470345
13312,0.011299094185233116
13313,0.01485111191868782
13314,0.005249719135463238
13315,0.007860379293560982
13316,0.006426352076232433
13317,0.006361282430589199
13318,0.005598647054284811
13319,0.005096479784697294
13320,0.0023190442007035017
13321,0.02189723215997219
13322,0.014240189455449581
13323,0.016648530960083008
13324,0.004196872003376484
13325,0.010771500878036022
13326,0.005144571419805288
13327,0.007926288060843945
13328,0.010867707431316376
13329,0.006208547856658697
13330,0.005980671849101782
13331,0.004626906476914883
13332,0.011104061268270016
13333,0.003936275839805603
13334,0.002616948913782835
13335,0.01015672367066145
13336,0.007661597337573767
13337,0.0034420713782310486
13338,0.0047672102227807045
13339,0.010738739743828773
13340,0.015209615230560303
13341,0.003283844329416752
13342,0.009434941224753857
13343,0.01891668140888214
13344,0.022347282618284225
13345,0.010508067905902863
13346,0.01194079965353012
13347,0.003470070194453001
13348,0.005641457624733448
13349,0.008051229640841484
13350,0.008471056818962097
13351,0.00826054997742176
13352,0.017396708950400352
13353,0.015586490742862225
13354,0.003442141693085432
13355,0.00412774970754981
13356,0.004264028277248144
13357,0.006141692399978638
13358,0.0073114424012601376
13359,0.01179085299372673
13360,0.005543218459933996
13361,0.03672626614570618
13362,0.012077545747160912
13363,0.005306308623403311
13364,0.006576595827937126
13365,0.014110306277871132
13366,0.012858187779784203
13367,0.005655805580317974
13368,0.009030863642692566
13369,0.003750565927475691
13370,0.009626127779483795
13371,0.011641737073659897
13372,0.006575731094926596
13373,0.011114574037492275
13374,0.00827711634337902
13375,0.009895442053675652
13376,0.005600359290838242
13377,0.006985217332839966
13378,0.0051871067844331264
13379,0.0045434944331645966
13380,0.006162262987345457
13381,0.007090861909091473
13382,0.0027151722460985184
13383,0.01229651179164648
13384,0.0120309516787529
13385,0.00730559229850769
13386,0.006973776500672102
13387,0.018568646162748337
13388,0.002665214939042926
13389,0.0066469768062233925
13390,0.011551693081855774
13391,0.030802592635154724
13392,0.0030807105358690023
13393,0.010389085859060287
13394,0.0040029967203736305
13395,0.0044453879818320274
13396,0.02072850801050663
13397,0.022947512567043304
13398,0.008131611160933971
13399,0.01038726232945919
13400,0.00423145666718483
13401,0.004670303780585527
13402,0.01506879460066557
13403,0.0033089681528508663
13404,0.0110878124833107
13405,0.007002776023000479
13406,0.007205190137028694
13407,0.008018791675567627
13408,0.003479474224150181
13409,0.007696842774748802
13410,0.00650536036118865
13411,0.004751903470605612
13412,0.007225749548524618
13413,0.006959503050893545
13414,0.018282437697052956
13415,0.0070798806846141815
13416,0.0028217704966664314
13417,0.008757502771914005
13418,0.00561354449018836
13419,0.006719761528074741
13420,0.0064665935933589935
13421,0.0074126399122178555
13422,0.009919128380715847
13423,0.013150776736438274
13424,0.003053807420656085
13425,0.00564554613083601
13426,0.008377991616725922
13427,0.011391505599021912
13428,0.02160925231873989
13429,0.007179657928645611
13430,0.006049572490155697
13431,0.008889967575669289
13432,0.008587909862399101
13433,0.003880274249240756
13434,0.008306674659252167
13435,0.006461224518716335
13436,0.014322726055979729
13437,0.014518956653773785
13438,0.010661965236067772
13439,0.009032359346747398
13440,0.007315827067941427
13441,0.00669567845761776
13442,0.004029742907732725
13443,0.005213962402194738
13444,0.0028634732589125633
13445,0.010220225900411606
13446,0.009655549190938473
13447,0.0021390703041106462
13448,0.003423163201659918
13449,0.0082893380895257
13450,0.010860602371394634
13451,0.007982801645994186
13452,0.008769787847995758
13453,0.007255439646542072
13454,0.0060471175238490105
13455,0.00920261349529028
13456,0.0071283383294939995
13457,0.00638942327350378
13458,0.007540828548371792
13459,0.007593815214931965
13460,0.008471132256090641
13461,0.008093686774373055
13462,0.007905486039817333
13463,0.004243477713316679
13464,0.007569752633571625
13465,0.006943162530660629
13466,0.004383148159831762
13467,0.021254807710647583
13468,0.006168742664158344
13469,0.00770601537078619
13470,0.004634831100702286
13471,0.006850678473711014
13472,0.009267918765544891
13473,0.005919930525124073
13474,0.019981026649475098
13475,0.007539029233157635
13476,0.005244750063866377
13477,0.005775735713541508
13478,0.02163974940776825
13479,0.004983150865882635
13480,0.008349175564944744
13481,0.004169467370957136
13482,0.005523201078176498
13483,0.006425830535590649
13484,0.0059840381145477295
13485,0.004773130640387535
13486,0.008390858769416809
13487,0.0040237074717879295
13488,0.007449120283126831
13489,0.011014424264431
13490,0.006923993583768606
13491,0.0033854253124445677
13492,0.0032305745407938957
13493,0.006354821380227804
13494,0.008868935517966747
13495,0.009464260190725327
13496,0.0085867028683424
13497,0.010627551935613155
13498,0.011588665656745434
13499,0.010379203595221043
13500,0.013170100748538971
13501,0.005145402625203133
13502,0.002414276357740164
13503,0.0045331912115216255
13504,0.009483288042247295
13505,0.010161171667277813
13506,0.007665175478905439
13507,0.02121327444911003
13508,0.007420330308377743
13509,0.011361313983798027
13510,0.00864333100616932
13511,0.005185404792428017
13512,0.004736356902867556
13513,0.008312581107020378
13514,0.003937163390219212
13515,0.004287535324692726
13516,0.008199705742299557
13517,0.004738896153867245
13518,0.005234809126704931
13519,0.007126317825168371
13520,0.009681297466158867
13521,0.020883111283183098
13522,0.014334402978420258
13523,0.012427540495991707
13524,0.01132110320031643
13525,0.00968504324555397
13526,0.004382213577628136
13527,0.009619585238397121
13528,0.011526962742209435
13529,0.004529719706624746
13530,0.004826807416975498
13531,0.009739432483911514
13532,0.006171456538140774
13533,0.002551036886870861
13534,0.007449294440448284
13535,0.027404574677348137
13536,0.01758924126625061
13537,0.011196311563253403
13538,0.0055442857556045055
13539,0.005258174147456884
13540,0.007031688001006842
13541,0.004197423346340656
13542,0.006650559604167938
13543,0.018033964559435844
13544,0.00926560815423727
13545,0.005552802234888077
13546,0.007058937102556229
13547,0.007148224860429764
13548,0.014681692235171795
13549,0.006511780433356762
13550,0.004834053106606007
13551,0.022064171731472015
13552,0.0038426106330007315
13553,0.00565988477319479
13554,0.00257598957978189
13555,0.0057858629152178764
13556,0.0028541842475533485
13557,0.022212063893675804
13558,0.003769895061850548
13559,0.005180220119655132
13560,0.007574344985187054
13561,0.0052506523206830025
13562,0.006317164748907089
13563,0.007213500328361988
13564,0.004680445417761803
13565,0.014880331233143806
13566,0.009024439379572868
13567,0.004064806737005711
13568,0.020761637017130852
13569,0.009169129654765129
13570,0.009586399421095848
13571,0.0076852403581142426
13572,0.00799504853785038
13573,0.006505349185317755
13574,0.004894415847957134
13575,0.01712086610496044
13576,0.00857926532626152
13577,0.004965975880622864
13578,0.009342760778963566
13579,0.010272551327943802
13580,0.010512420907616615
13581,0.007984042167663574
13582,0.00480202492326498
13583,0.005171820521354675
13584,0.008641158230602741
13585,0.00763773312792182
13586,0.008554983884096146
13587,0.00934596173465252
13588,0.022517915815114975
13589,0.00710199773311615
13590,0.0026347904931753874
13591,0.01140664890408516
13592,0.004117840901017189
13593,0.0100035909563303
13594,0.0050169192254543304
13595,0.006024554371833801
13596,0.037851084023714066
13597,0.006850664969533682
13598,0.0023785140365362167
13599,0.016876736655831337
13600,0.006868978962302208
13601,0.009691011160612106
13602,0.0024294713512063026
13603,0.004099995829164982
13604,0.005458923988044262
13605,0.006244500167667866
13606,0.026866145431995392
13607,0.019908219575881958
13608,0.003612073138356209
13609,0.008286889642477036
13610,0.008942089974880219
13611,0.011290028691291809
13612,0.0026202150620520115
13613,0.0045408764854073524
13614,0.005270711146295071
13615,0.011773388832807541
13616,0.006297902669757605
13617,0.009669555351138115
13618,0.009083064272999763
13619,0.004253612365573645
13620,0.004639266990125179
13621,0.009232187643647194
13622,0.006293437443673611
13623,0.013093886896967888
13624,0.009832526557147503
13625,0.004840059205889702
13626,0.004766115453094244
13627,0.012346952222287655
13628,0.003418206237256527
13629,0.007112510036677122
13630,0.004311658907681704
13631,0.016523975878953934
13632,0.011264389380812645
13633,0.009735364466905594
13634,0.012420430779457092
13635,0.014406337402760983
13636,0.007678403984755278
13637,0.008847305551171303
13638,0.002546657808125019
13639,0.008275197818875313
13640,0.004786898847669363
13641,0.008597351610660553
13642,0.003066072938963771
13643,0.014709441922605038
13644,0.00817122869193554
13645,0.0031061330810189247
13646,0.010545640252530575
13647,0.007114812266081572
13648,0.005571480840444565
13649,0.011455023661255836
13650,0.005810406059026718
13651,0.004568820353597403
13652,0.004663178231567144
13653,0.005321599543094635
13654,0.009689625352621078
13655,0.005994419567286968
13656,0.0028123855590820312
13657,0.012013046070933342
13658,0.00945325568318367
13659,0.007172770332545042
13660,0.004806365817785263
13661,0.009303526021540165
13662,0.004219726659357548
13663,0.007779326289892197
13664,0.007316557224839926
13665,0.009514168836176395
13666,0.004182716831564903
13667,0.012076444923877716
13668,0.003183547407388687
13669,0.012502516619861126
13670,0.017221715301275253
13671,0.01634102687239647
13672,0.02573135495185852
13673,0.009259112179279327
13674,0.0058764927089214325
13675,0.013077354058623314
13676,0.008091142401099205
13677,0.007755063474178314
13678,0.0060650683008134365
13679,0.004909476265311241
13680,0.011069148778915405
13681,0.00968545489013195
13682,0.009224284440279007
13683,0.0051694633439183235
13684,0.008379022590816021
13685,0.0021302790846675634
13686,0.005123873706907034
13687,0.004318364895880222
13688,0.006855770014226437
13689,0.009836199693381786
13690,0.006359676830470562
13691,0.0040857731364667416
13692,0.00717616593465209
13693,0.0080236392095685
13694,0.007917149923741817
13695,0.006548578850924969
13696,0.007797056343406439
13697,0.011579001322388649
13698,0.0033190108370035887
13699,0.0046760207042098045
13700,0.004381285980343819
13701,0.004112788941711187
13702,0.007587527856230736
13703,0.010718157514929771
13704,0.005101871211081743
13705,0.0027123368345201015
13706,0.009962855838239193
13707,0.009091118350625038
13708,0.004604898393154144
13709,0.006633260753005743
13710,0.009782860055565834
13711,0.008067907765507698
13712,0.00764983706176281
13713,0.007736314088106155
13714,0.006716712843626738
13715,0.008971425704658031
13716,0.006151632871478796
13717,0.01938076689839363
13718,0.0029466121923178434
13719,0.0033898004330694675
13720,0.005759967025369406
13721,0.009514542296528816
13722,0.005427530966699123
13723,0.013274039141833782
13724,0.009610963985323906
13725,0.007991587743163109
13726,0.0025158440694212914
13727,0.006780937314033508
13728,0.008151150308549404
13729,0.006930521689355373
13730,0.008316351100802422
13731,0.00807977095246315
13732,0.005309408064931631
13733,0.006253904663026333
13734,0.0057135699316859245
13735,0.006036282982677221
13736,0.0045426636934280396
13737,0.0058537619188427925
13738,0.009561946615576744
13739,0.009676019661128521
13740,0.005443512927740812
13741,0.006265483796596527
13742,0.0058067417703568935
13743,0.0217246375977993
13744,0.010499786585569382
13745,0.0081098061054945
13746,0.0057266103103756905
13747,0.0033276656176894903
13748,0.015104852616786957
13749,0.005662681069225073
13750,0.009283366613090038
13751,0.007291314657777548
13752,0.00551359448581934
13753,0.009900643490254879
13754,0.009930253028869629
13755,0.013537373393774033
13756,0.010103914886713028
13757,0.005618862342089415
13758,0.005905984900891781
13759,0.004063230939209461
13760,0.010397527366876602
13761,0.01444222591817379
13762,0.009020696394145489
13763,0.0036835731007158756
13764,0.01888122409582138
13765,0.008592549711465836
13766,0.006140612065792084
13767,0.007330428808927536
13768,0.004187573678791523
13769,0.01285798754543066
13770,0.007334663532674313
13771,0.013091998174786568
13772,0.013081448152661324
13773,0.0083463778719306
13774,0.009601928293704987
13775,0.012608243152499199
13776,0.01693102717399597
13777,0.0021887407638132572
13778,0.01400197297334671
13779,0.006284196861088276
13780,0.013761013746261597
13781,0.006212822161614895
13782,0.008789616636931896
13783,0.0070143151096999645
13784,0.02356930635869503
13785,0.005992750637233257
13786,0.004914564546197653
13787,0.008076304569840431
13788,0.018947554752230644
13789,0.004304669331759214
13790,0.016083071008324623
13791,0.009126590564846992
13792,0.01088295690715313
13793,0.003925426863133907
13794,0.005997460335493088
13795,0.006330449134111404
13796,0.005753516219556332
13797,0.007272613700479269
13798,0.004016260616481304
13799,0.0065244450233876705
13800,0.007189066614955664
13801,0.003186858957633376
13802,0.02047196589410305
13803,0.006004176568239927
13804,0.003818425815552473
13805,0.007721589412540197
13806,0.004299330525100231
13807,0.008205815218389034
13808,0.013872787356376648
13809,0.005636024288833141
13810,0.0118093928322196
13811,0.007964150048792362
13812,0.023833535611629486
13813,0.014502577483654022
13814,0.005528171546757221
13815,0.005458272062242031
13816,0.006381900515407324
13817,0.011705733835697174
13818,0.013337528333067894
13819,0.021010708063840866
13820,0.005661908537149429
13821,0.01474892906844616
13822,0.004745854064822197
13823,0.011333391070365906
13824,0.004172481596469879
13825,0.008333354257047176
13826,0.020428676158189774
13827,0.004883101209998131
13828,0.009962592273950577
13829,0.00809949729591608
13830,0.0075502656400203705
13831,0.009355843998491764
13832,0.011109697632491589
13833,0.015055066905915737
13834,0.004774873610585928
13835,0.007460090331733227
13836,0.005065737292170525
13837,0.0054772100411355495
13838,0.009380386210978031
13839,0.011616419069468975
13840,0.006441486533731222
13841,0.003945954144001007
13842,0.00727250799536705
13843,0.0032159946858882904
13844,0.002713393187150359
13845,0.00477065471932292
13846,0.005818394012749195
13847,0.010496235452592373
13848,0.004584699869155884
13849,0.010903947055339813
13850,0.007380232214927673
13851,0.01175486296415329
13852,0.00622103177011013
13853,0.005093364045023918
13854,0.005030387546867132
13855,0.009310622699558735
13856,0.0060956766828894615
13857,0.008977726101875305
13858,0.004254077561199665
13859,0.011183399707078934
13860,0.0061971163377165794
13861,0.008266804739832878
13862,0.004034093581140041
13863,0.020837955176830292
13864,0.006548797246068716
13865,0.006461654789745808
13866,0.0031969822011888027
13867,0.02586638741195202
13868,0.025471631437540054
13869,0.011218808591365814
13870,0.005655221175402403
13871,0.0040046097710728645
13872,0.004112246446311474
13873,0.013248872011899948
13874,0.012279270216822624
13875,0.008344335481524467
13876,0.03240131586790085
13877,0.0055616567842662334
13878,0.011981094256043434
13879,0.010228864848613739
13880,0.004962646868079901
13881,0.004923614673316479
13882,0.009841914288699627
13883,0.008373342454433441
13884,0.0067083751782774925
13885,0.003382002003490925
13886,0.007587420754134655
13887,0.006059588864445686
13888,0.005093546584248543
13889,0.017272360622882843
13890,0.010255743749439716
13891,0.0034961202181875706
13892,0.003187180031090975
13893,0.0041545843705534935
13894,0.01492763590067625
13895,0.007141731679439545
13896,0.007705134805291891
13897,0.004656799137592316
13898,0.008410493843257427
13899,0.0046045552007853985
13900,0.008584581315517426
13901,0.003466419642791152
13902,0.00688888831064105
13903,0.008541642688214779
13904,0.007535777986049652
13905,0.01130945049226284
13906,0.011961336247622967
13907,0.006168522872030735
13908,0.011314715258777142
13909,0.011101591400802135
13910,0.005573350004851818
13911,0.0049338857643306255
13912,0.010092126205563545
13913,0.0072263143956661224
13914,0.004865522496402264
13915,0.011991656385362148
13916,0.006091583054512739
13917,0.013492505066096783
13918,0.01304023340344429
13919,0.006689167581498623
13920,0.00608673132956028
13921,0.002544837538152933
13922,0.03090350329875946
13923,0.009383229538798332
13924,0.007104258053004742
13925,0.00476299412548542
13926,0.013242831453680992
13927,0.015018741600215435
13928,0.005523764528334141
13929,0.007754255086183548
13930,0.009661288931965828
13931,0.005119760055094957
13932,0.0031642073299735785
13933,0.01464067678898573
13934,0.0052295345813035965
13935,0.004377343691885471
13936,0.01461230032145977
13937,0.013606327585875988
13938,0.022119715809822083
13939,0.00827060081064701
13940,0.006773907691240311
13941,0.006745141930878162
13942,0.004126503597944975
13943,0.007559825666248798
13944,0.0064873844385147095
13945,0.009815804660320282
13946,0.011228381656110287
13947,0.006051262840628624
13948,0.0033254611771553755
13949,0.004797137342393398
13950,0.006724417209625244
13951,0.008106578141450882
13952,0.0037161651998758316
13953,0.004349615890532732
13954,0.01395956426858902
13955,0.010300488211214542
13956,0.011276638135313988
13957,0.004272093530744314
13958,0.00726742809638381
13959,0.010897754691541195
13960,0.010543905198574066
13961,0.003956642001867294
13962,0.005796588957309723
13963,0.008131338283419609
13964,0.010089598596096039
13965,0.009002313017845154
13966,0.005555873736739159
13967,0.0012478132266551256
13968,0.006717137526720762
13969,0.006757419556379318
13970,0.006655245088040829
13971,0.0038284752517938614
13972,0.005324653349816799
13973,0.006097098346799612
13974,0.007526482455432415
13975,0.008386136963963509
13976,0.017552215605974197
13977,0.011510787531733513
13978,0.00432396586984396
13979,0.008171327412128448
13980,0.0045823268592357635
13981,0.010969070717692375
13982,0.003871224820613861
13983,0.018972549587488174
13984,0.00876119825989008
13985,0.01083909161388874
13986,0.010578951798379421
13987,0.002096938667818904
13988,0.008168749511241913
13989,0.0127438735216856
13990,0.010018600150942802
13991,0.007550037931650877
13992,0.008487006649374962
13993,0.008085993118584156
13994,0.0054979450069367886
13995,0.0032168622128665447
13996,0.012544773519039154
13997,0.0041245343163609505
13998,0.00564101617783308
13999,0.012864775955677032
14000,0.008277460001409054
14001,0.006074340548366308
14002,0.0037231100723147392
14003,0.01131825428456068
14004,0.0034607136622071266
14005,0.005216465797275305
14006,0.005943500902503729
14007,0.006328889634460211
14008,0.0067606279626488686
14009,0.013967610895633698
14010,0.003958097193390131
14011,0.010860352776944637
14012,0.005262137856334448
14013,0.005390385165810585
14014,0.004924427252262831
14015,0.005956040229648352
14016,0.0036220408510416746
14017,0.004438895732164383
14018,0.00926876813173294
14019,0.008959228172898293
14020,0.011423703283071518
14021,0.005784600507467985
14022,0.016817722469568253
14023,0.004731433000415564
14024,0.005143049173057079
14025,0.004855532664805651
14026,0.0024148300290107727
14027,0.007911695167422295
14028,0.010974942706525326
14029,0.008414169773459435
14030,0.003944504540413618
14031,0.0055888378992676735
14032,0.007714727893471718
14033,0.004057911690324545
14034,0.0052774641662836075
14035,0.018210310488939285
14036,0.004267552867531776
14037,0.008206771686673164
14038,0.02099301479756832
14039,0.0047279405407607555
14040,0.011430795304477215
14041,0.006719810422509909
14042,0.0029864762909710407
14043,0.005051782354712486
14044,0.004891920834779739
14045,0.004744475707411766
14046,0.008274617604911327
14047,0.004848087206482887
14048,0.0041842348873615265
14049,0.004527673125267029
14050,0.00741330161690712
14051,0.014697002246975899
14052,0.00503575662150979
14053,0.0015103950863704085
14054,0.011351631954312325
14055,0.013884550891816616
14056,0.01296607032418251
14057,0.00925062783062458
14058,0.0020558256655931473
14059,0.007553366478532553
14060,0.0028222776018083096
14061,0.006551099941134453
14062,0.004732375033199787
14063,0.01266420166939497
14064,0.004150224383920431
14065,0.016992656514048576
14066,0.02123083733022213
14067,0.00883172545582056
14068,0.0048112221993505955
14069,0.008269121870398521
14070,0.005554383620619774
14071,0.006947874091565609
14072,0.004152077250182629
14073,0.002705287653952837
14074,0.007198621518909931
14075,0.005854985676705837
14076,0.0038744397461414337
14077,0.011247962713241577
14078,0.0057017868384718895
14079,0.02338988147675991
14080,0.009101156145334244
14081,0.022767171263694763
14082,0.0052532656118273735
14083,0.01314186304807663
14084,0.01166963204741478
14085,0.003362523391842842
14086,0.0031256582587957382
14087,0.0063135153613984585
14088,0.020497603341937065
14089,0.006761671509593725
14090,0.01144816167652607
14091,0.004836720414459705
14092,0.01183330174535513
14093,0.0050041573122143745
14094,0.0026576612144708633
14095,0.013544249348342419
14096,0.009823191910982132
14097,0.01299277227371931
14098,0.010627470910549164
14099,0.013564718887209892
14100,0.003916607238352299
14101,0.010714784264564514
14102,0.007643594406545162
14103,0.0059869373217225075
14104,0.00922655500471592
14105,0.009874692186713219
14106,0.007173131685703993
14107,0.006848950870335102
14108,0.009218981489539146
14109,0.005583924241364002
14110,0.007985033094882965
14111,0.00685372669249773
14112,0.00683771213516593
14113,0.005116352811455727
14114,0.005121113266795874
14115,0.005461849272251129
14116,0.007033627480268478
14117,0.005121986381709576
14118,0.012754972092807293
14119,0.04223483055830002
14120,0.005039118230342865
14121,0.00923572201281786
14122,0.012856714427471161
14123,0.006411931477487087
14124,0.00418830756098032
14125,0.013885321095585823
14126,0.007080580573529005
14127,0.006574846338480711
14128,0.00577959418296814
14129,0.01121537946164608
14130,0.011793194338679314
14131,0.01668013259768486
14132,0.006268474273383617
14133,0.011117084883153439
14134,0.003384928684681654
14135,0.01210723351687193
14136,0.00512074725702405
14137,0.00421739649027586
14138,0.003834393573924899
14139,0.013205094262957573
14140,0.010786532424390316
14141,0.012769153341650963
14142,0.004496095702052116
14143,0.01910635083913803
14144,0.007833840325474739
14145,0.0071444883942604065
14146,0.004309487529098988
14147,0.00817153975367546
14148,0.006113513372838497
14149,0.00812774058431387
14150,0.004704027436673641
14151,0.005190163850784302
14152,0.014417586848139763
14153,0.008234317414462566
14154,0.00780361145734787
14155,0.00854891911149025
14156,0.009193744510412216
14157,0.008761356584727764
14158,0.004128440283238888
14159,0.011250142008066177
14160,0.0043389154598116875
14161,0.010587787255644798
14162,0.006936963181942701
14163,0.0040925173088908195
14164,0.004303918685764074
14165,0.008741415105760098
14166,0.005883075296878815
14167,0.014317240566015244
14168,0.0073710097931325436
14169,0.007026216946542263
14170,0.004715932533144951
14171,0.006645292043685913
14172,0.006752971559762955
14173,0.01723095215857029
14174,0.009724721312522888
14175,0.005046248435974121
14176,0.005583855789154768
14177,0.0029790622647851706
14178,0.011248594149947166
14179,0.004606365691870451
14180,0.008449438028037548
14181,0.01757683977484703
14182,0.005026990547776222
14183,0.008037174120545387
14184,0.002807576209306717
14185,0.0028836317360401154
14186,0.010427230969071388
14187,0.008832770399749279
14188,0.007668925449252129
14189,0.004430481698364019
14190,0.015744294971227646
14191,0.0041123609989881516
14192,0.00881902314722538
14193,0.006719276309013367
14194,0.006298239342868328
14195,0.00513948779553175
14196,0.004783639218658209
14197,0.004411620087921619
14198,0.006113622337579727
14199,0.0038678632117807865
14200,0.0023865550756454468
14201,0.006249714642763138
14202,0.0056877750903368
14203,0.005342484451830387
14204,0.017003819346427917
14205,0.017421778291463852
14206,0.008717275224626064
14207,0.00596700981259346
14208,0.00505288690328598
14209,0.009521573781967163
14210,0.008508794009685516
14211,0.0052501908503472805
14212,0.013026036322116852
14213,0.013237766921520233
14214,0.007509469520300627
14215,0.011712990701198578
14216,0.017043668776750565
14217,0.006817454006522894
14218,0.00819052942097187
14219,0.010637819766998291
14220,0.012800734490156174
14221,0.006901211105287075
14222,0.010465221479535103
14223,0.020151183009147644
14224,0.005150347948074341
14225,0.005412423517554998
14226,0.005943723022937775
14227,0.007286268286406994
14228,0.003919830545783043
14229,0.00397871807217598
14230,0.010647328570485115
14231,0.005425639450550079
14232,0.0076107606291770935
14233,0.007630383130162954
14234,0.007922795601189137
14235,0.007630911655724049
14236,0.011038307100534439
14237,0.012529770843684673
14238,0.014555184170603752
14239,0.005963099654763937
14240,0.009258311241865158
14241,0.006624425761401653
14242,0.006879450287669897
14243,0.010238698683679104
14244,0.010710063390433788
14245,0.0057935407385230064
14246,0.006649873685091734
14247,0.013342194259166718
14248,0.004876052960753441
14249,0.0025744428858160973
14250,0.0052987365052104
14251,0.006249247118830681
14252,0.016189295798540115
14253,0.0073822117410600185
14254,0.007063811179250479
14255,0.005405150353908539
14256,0.0045390659943223
14257,0.006166885606944561
14258,0.006782665848731995
14259,0.012511996552348137
14260,0.004309144802391529
14261,0.0037725481670349836
14262,0.004146771505475044
14263,0.006393365561962128
14264,0.012293661013245583
14265,0.0067826975136995316
14266,0.008891388773918152
14267,0.004592804703861475
14268,0.008983970619738102
14269,0.008441061712801456
14270,0.0064890384674072266
14271,0.009036502800881863
14272,0.012385494075715542
14273,0.008428126573562622
14274,0.005175069905817509
14275,0.03728293627500534
14276,0.008485786616802216
14277,0.01444704644382
14278,0.004637496545910835
14279,0.009907214902341366
14280,0.02578396163880825
14281,0.003229792695492506
14282,0.006117353215813637
14283,0.008103098720312119
14284,0.006483649834990501
14285,0.014844352379441261
14286,0.009318976663053036
14287,0.0040400391444563866
14288,0.004983707331120968
14289,0.025829613208770752
14290,0.00394942332059145
14291,0.004784411750733852
14292,0.004993298090994358
14293,0.006888684816658497
14294,0.008032326586544514
14295,0.006267467048019171
14296,0.006107976194471121
14297,0.006853943224996328
14298,0.004221565555781126
14299,0.008746380917727947
14300,0.00859223585575819
14301,0.014432969503104687
14302,0.007508906535804272
14303,0.009099191054701805
14304,0.008227929472923279
14305,0.012842553667724133
14306,0.0060216085985302925
14307,0.0047803823836147785
14308,0.011961502954363823
14309,0.010112592950463295
14310,0.010954895988106728
14311,0.00995383970439434
14312,0.0077684782445430756
14313,0.007063593249768019
14314,0.007187162525951862
14315,0.004955615848302841
14316,0.014230157248675823
14317,0.012239041738212109
14318,0.00946175865828991
14319,0.005003801546990871
14320,0.006296906620264053
14321,0.012134192511439323
14322,0.005078727379441261
14323,0.005526301451027393
14324,0.012070415541529655
14325,0.008866259828209877
14326,0.005908919032663107
14327,0.009509427472949028
14328,0.008461739867925644
14329,0.005914357490837574
14330,0.012784868478775024
14331,0.006048997864127159
14332,0.02002628892660141
14333,0.009732683189213276
14334,0.009806044399738312
14335,0.011019147001206875
14336,0.006900260224938393
14337,0.013558518141508102
14338,0.016362933441996574
14339,0.01121955644339323
14340,0.0073449453338980675
14341,0.004374911077320576
14342,0.00281551294028759
14343,0.016247402876615524
14344,0.013629918918013573
14345,0.0076807281002402306
14346,0.004310395568609238
14347,0.006402378436177969
14348,0.011657901108264923
14349,0.003961177542805672
14350,0.00610552541911602
14351,0.021525006741285324
14352,0.008324998430907726
14353,0.013085704296827316
14354,0.008665701374411583
14355,0.008752579800784588
14356,0.008222773671150208
14357,0.009146465919911861
14358,0.010066375136375427
14359,0.004539433401077986
14360,0.007122359704226255
14361,0.009258763864636421
14362,0.005245223641395569
14363,0.005487985908985138
14364,0.004132983274757862
14365,0.007058210205286741
14366,0.012691250070929527
14367,0.008287566713988781
14368,0.005824749357998371
14369,0.015461507253348827
14370,0.012843163684010506
14371,0.006570052355527878
14372,0.006986251100897789
14373,0.010646170936524868
14374,0.013474306091666222
14375,0.008787771686911583
14376,0.015732422471046448
14377,0.014636455103754997
14378,0.00982583686709404
14379,0.01567681133747101
14380,0.019217438995838165
14381,0.007184936664998531
14382,0.010880766436457634
14383,0.0064660850912332535
14384,0.00812216755002737
14385,0.00662302877753973
14386,0.007690094411373138
14387,0.009054109454154968
14388,0.005858005490154028
14389,0.008906599134206772
14390,0.006231405772268772
14391,0.009176032617688179
14392,0.0038594685029238462
14393,0.009512311778962612
14394,0.011674683541059494
14395,0.0051941960118710995
14396,0.004670893773436546
14397,0.010946872644126415
14398,0.012753546237945557
14399,0.00646755238994956
14400,0.01068217121064663
14401,0.009283720515668392
14402,0.007238519843667746
14403,0.011995628476142883
14404,0.010164722800254822
14405,0.005277568008750677
14406,0.005694777704775333
14407,0.0076242550276219845
14408,0.005855524446815252
14409,0.0034498865716159344
14410,0.012809798121452332
14411,0.005790752824395895
14412,0.005550311878323555
14413,0.008574064821004868
14414,0.005831791087985039
14415,0.0031448034569621086
14416,0.005818856414407492
14417,0.009708113968372345
14418,0.004431304056197405
14419,0.010869769379496574
14420,0.014666842296719551
14421,0.005830110050737858
14422,0.004675534553825855
14423,0.007345160003751516
14424,0.006306711584329605
14425,0.009017015807330608
14426,0.007464325055480003
14427,0.004042521119117737
14428,0.007041675969958305
14429,0.003620041534304619
14430,0.008788681589066982
14431,0.011510762386023998
14432,0.009959280490875244
14433,0.0068649775348603725
14434,0.015469199046492577
14435,0.009018400683999062
14436,0.006990976631641388
14437,0.012567846104502678
14438,0.003464967478066683
14439,0.0048524984158575535
14440,0.010848606936633587
14441,0.0052447132766246796
14442,0.007102803327143192
14443,0.004382763989269733
14444,0.007814647629857063
14445,0.006898151710629463
14446,0.003238977398723364
14447,0.004258672706782818
14448,0.0034829515498131514
14449,0.009433908388018608
14450,0.009406261146068573
14451,0.011781814508140087
14452,0.010765600018203259
14453,0.010814830660820007
14454,0.008659079670906067
14455,0.013259794563055038
14456,0.005698353052139282
14457,0.01009415090084076
14458,0.008400849997997284
14459,0.011844917200505733
14460,0.00569350179284811
14461,0.0057921335101127625
14462,0.0046773492358624935
14463,0.015474123880267143
14464,0.009180362336337566
14465,0.020253363996744156
14466,0.009703530929982662
14467,0.00948023796081543
14468,0.003533237613737583
14469,0.0019852975383400917
14470,0.003673950908705592
14471,0.014363547787070274
14472,0.003697352483868599
14473,0.00539250997826457
14474,0.009785827249288559
14475,0.012060204520821571
14476,0.009697061032056808
14477,0.00761925894767046
14478,0.005058525130152702
14479,0.013874700292944908
14480,0.032826583832502365
14481,0.012242315337061882
14482,0.006336013786494732
14483,0.005158905405551195
14484,0.0031850403174757957
14485,0.007172637619078159
14486,0.00870568584650755
14487,0.0044212727807462215
14488,0.012894557788968086
14489,0.007504436187446117
14490,0.008539197035133839
14491,0.012148244306445122
14492,0.008160170167684555
14493,0.004574074409902096
14494,0.004165138117969036
14495,0.007516130339354277
14496,0.013153526932001114
14497,0.004789264872670174
14498,0.006666393019258976
14499,0.013455240987241268
14500,0.007353218272328377
14501,0.007127564400434494
14502,0.008008118718862534
14503,0.023254429921507835
14504,0.0050246985629200935
14505,0.008182210847735405
14506,0.006134233437478542
14507,0.006184063386172056
14508,0.019865132868289948
14509,0.0071817077696323395
14510,0.007918237708508968
14511,0.006960711907595396
14512,0.00257678865455091
14513,0.007490981370210648
14514,0.009683443233370781
14515,0.009791256859898567
14516,0.009873634204268456
14517,0.007802625652402639
14518,0.004537399858236313
14519,0.011377185583114624
14520,0.005867986939847469
14521,0.01055850088596344
14522,0.01001859363168478
14523,0.01249408908188343
14524,0.0108122443780303
14525,0.005717460997402668
14526,0.007359609939157963
14527,0.00243139686062932
14528,0.007933812215924263
14529,0.007841607555747032
14530,0.005633258260786533
14531,0.0027052597142755985
14532,0.008497720584273338
14533,0.006247005891054869
14534,0.01763445883989334
14535,0.015679385513067245
14536,0.005330740474164486
14537,0.006250438746064901
14538,0.004815725143998861
14539,0.011054545640945435
14540,0.002298426814377308
14541,0.015788014978170395
14542,0.010489377193152905
14543,0.0042907604947686195
14544,0.005457666702568531
14545,0.008218927308917046
14546,0.008972126990556717
14547,0.008158265613019466
14548,0.006371309515088797
14549,0.007279261015355587
14550,0.0032758102752268314
14551,0.009085722267627716
14552,0.006677014287561178
14553,0.010459130629897118
14554,0.004362721927464008
14555,0.006818249821662903
14556,0.01199851743876934
14557,0.0051721869967877865
14558,0.004802442621439695
14559,0.01009908877313137
14560,0.005856972187757492
14561,0.0072195446118712425
14562,0.00938036572188139
14563,0.003913449589163065
14564,0.009858354926109314
14565,0.003877663519233465
14566,0.006122964899986982
14567,0.005043367855250835
14568,0.0074448841623961926
14569,0.0037161833606660366
14570,0.00815899670124054
14571,0.007393870502710342
14572,0.004697886761277914
14573,0.0057611106894910336
14574,0.009544886648654938
14575,0.00692781014367938
14576,0.008875079452991486
14577,0.00787421502172947
14578,0.012178925797343254
14579,0.007681376300752163
14580,0.009578637778759003
14581,0.003899800358340144
14582,0.013808540999889374
14583,0.00662492960691452
14584,0.004915423691272736
14585,0.00322070624679327
14586,0.0053281402215361595
14587,0.0057493820786476135
14588,0.0069780899211764336
14589,0.006345551460981369
14590,0.009378176182508469
14591,0.007096616085618734
14592,0.010883837938308716
14593,0.005315076094120741
14594,0.014138898812234402
14595,0.004865825176239014
14596,0.005707410164177418
14597,0.00504712900146842
14598,0.005410646554082632
14599,0.0039333864115178585
14600,0.004859589971601963
14601,0.008920123800635338
14602,0.009665273129940033
14603,0.005919865798205137
14604,0.005418534390628338
14605,0.004099685698747635
14606,0.005038599483668804
14607,0.002531134057790041
14608,0.012972047552466393
14609,0.017254063859581947
14610,0.0037288102321326733
14611,0.011013451963663101
14612,0.007985633797943592
14613,0.003933042287826538
14614,0.008264390751719475
14615,0.004421534016728401
14616,0.010744735598564148
14617,0.003411883022636175
14618,0.007841027341783047
14619,0.0037711160257458687
14620,0.013976393267512321
14621,0.009383965283632278
14622,0.005194119177758694
14623,0.012198152020573616
14624,0.012152253650128841
14625,0.011994666419923306
14626,0.01135842502117157
14627,0.0049631912261247635
14628,0.010435659438371658
14629,0.004808187950402498
14630,0.006682086735963821
14631,0.004106300417333841
14632,0.008472297340631485
14633,0.011413753032684326
14634,0.002716951072216034
14635,0.006974350195378065
14636,0.010157337412238121
14637,0.0051204971969127655
14638,0.0070508383214473724
14639,0.007841583341360092
14640,0.02002660185098648
14641,0.007202986627817154
14642,0.004598156549036503
14643,0.00331190787255764
14644,0.0030244914814829826
14645,0.005306754261255264
14646,0.012913063168525696
14647,0.006039365194737911
14648,0.007653278764337301
14649,0.008245449513196945
14650,0.014231733046472073
14651,0.013152940198779106
14652,0.008829657919704914
14653,0.006885863840579987
14654,0.005437403917312622
14655,0.005783429369330406
14656,0.008693213574588299
14657,0.006891161203384399
14658,0.008730958215892315
14659,0.007937725633382797
14660,0.005669784732162952
14661,0.006767372600734234
14662,0.0035668869968503714
14663,0.007050823420286179
14664,0.022515764459967613
14665,0.014030208811163902
14666,0.03136955946683884
14667,0.010468131862580776
14668,0.008474191650748253
14669,0.002136395312845707
14670,0.005712683778256178
14671,0.0025101990904659033
14672,0.007540141232311726
14673,0.0049592130817472935
14674,0.004651849158108234
14675,0.009682036936283112
14676,0.01183093897998333
14677,0.009703605435788631
14678,0.012277374975383282
14679,0.004528214689344168
14680,0.014030913822352886
14681,0.005785408429801464
14682,0.0059916614554822445
14683,0.005662023089826107
14684,0.014861623756587505
14685,0.00443166634067893
14686,0.003782230196520686
14687,0.006817318033427
14688,0.01716816984117031
14689,0.008259065449237823
14690,0.01030536275357008
14691,0.005465100985020399
14692,0.015858976170420647
14693,0.01716962642967701
14694,0.0059134466573596
14695,0.004529237747192383
14696,0.009247863665223122
14697,0.004186981823295355
14698,0.010068411007523537
14699,0.011493179947137833
14700,0.0053449771367013454
14701,0.004432126879692078
14702,0.00778381060808897
14703,0.003620688570663333
14704,0.006375503726303577
14705,0.006806805729866028
14706,0.007815562188625336
14707,0.005363482981920242
14708,0.0031251776963472366
14709,0.005088086239993572
14710,0.015459325164556503
14711,0.005723708774894476
14712,0.008245214819908142
14713,0.0035319672897458076
14714,0.002864627866074443
14715,0.007368860300630331
14716,0.005308961030095816
14717,0.007711824029684067
14718,0.00552664790302515
14719,0.005098691210150719
14720,0.0058893500827252865
14721,0.004378040321171284
14722,0.016817856580018997
14723,0.006406007334589958
14724,0.012827510014176369
14725,0.014414798468351364
14726,0.01367910485714674
14727,0.003960697911679745
14728,0.00872927438467741
14729,0.006633894518017769
14730,0.010124321095645428
14731,0.004632681608200073
14732,0.01109473966062069
14733,0.013111012987792492
14734,0.007293302565813065
14735,0.007671311032027006
14736,0.009602358564734459
14737,0.005080720409750938
14738,0.008875485509634018
14739,0.007270431146025658
14740,0.004315356258302927
14741,0.006183221936225891
14742,0.006504036486148834
14743,0.0038861639332026243
14744,0.005349803250283003
14745,0.0015420777490362525
14746,0.006288429256528616
14747,0.0059599122032523155
14748,0.007541773375123739
14749,0.008154506795108318
14750,0.013585268519818783
14751,0.002709225518628955
14752,0.021392475813627243
14753,0.0026092343032360077
14754,0.003377836663275957
14755,0.021877344697713852
14756,0.015291092917323112
14757,0.004768309649080038
14758,0.0064242384396493435
14759,0.007501981221139431
14760,0.0062570879235863686
14761,0.006195975001901388
14762,0.004736913368105888
14763,0.01765342801809311
14764,0.011141438037157059
14765,0.0089599983766675
14766,0.005662368144840002
14767,0.008350430987775326
14768,0.010437840595841408
14769,0.01114862784743309
14770,0.013414817862212658
14771,0.01939331740140915
14772,0.008169560693204403
14773,0.0067258188501000404
14774,0.008540736511349678
14775,0.013491425663232803
14776,0.006162525154650211
14777,0.002664189785718918
14778,0.01338251680135727
14779,0.004968999419361353
14780,0.009889716282486916
14781,0.006797090172767639
14782,0.0047777253203094006
14783,0.010806471109390259
14784,0.010349818505346775
14785,0.0042350683361291885
14786,0.007351391017436981
14787,0.00931686069816351
14788,0.00497017614543438
14789,0.010454515926539898
14790,0.014974734745919704
14791,0.0039793988689780235
14792,0.002405390841886401
14793,0.00978285726159811
14794,0.004772287327796221
14795,0.006505861412733793
14796,0.007726476993411779
14797,0.006603717803955078
14798,0.010690981522202492
14799,0.01216097828000784
14800,0.0032060767989605665
14801,0.004957518540322781
14802,0.020073315128684044
14803,0.003985441289842129
14804,0.0052258665673434734
14805,0.008727858774363995
14806,0.004548273980617523
14807,0.012261597439646721
14808,0.00555890379473567
14809,0.02334611676633358
14810,0.01001741923391819
14811,0.012377377599477768
14812,0.012926946394145489
14813,0.010424520820379257
14814,0.006731264293193817
14815,0.0071134669706225395
14816,0.011401842348277569
14817,0.00788392499089241
14818,0.00982666015625
14819,0.012016519904136658
14820,0.005684563424438238
14821,0.0021350011229515076
14822,0.012228044681251049
14823,0.010615303181111813
14824,0.01121230237185955
14825,0.018594641238451004
14826,0.013499831780791283
14827,0.007098644971847534
14828,0.008352870121598244
14829,0.0064776442013680935
14830,0.0061885518953204155
14831,0.0053888773545622826
14832,0.0038339048624038696
14833,0.013045929372310638
14834,0.005273444578051567
14835,0.005589316599071026
14836,0.014421696774661541
14837,0.006554459687322378
14838,0.003475688397884369
14839,0.008329272270202637
14840,0.007990414276719093
14841,0.006095364224165678
14842,0.010617472231388092
14843,0.0035423568915575743
14844,0.005788568407297134
14845,0.006483057048171759
14846,0.014466175809502602
14847,0.00322909839451313
14848,0.004598082043230534
14849,0.007986539974808693
14850,0.002697072457522154
14851,0.007303588092327118
14852,0.006668347865343094
14853,0.006405241787433624
14854,0.019318200647830963
14855,0.005805633962154388
14856,0.0038711882662028074
14857,0.0036050050985068083
14858,0.008556826040148735
14859,0.009230803698301315
14860,0.015939967706799507
14861,0.006074215285480022
14862,0.008415852673351765
14863,0.0074089085683226585
14864,0.00734019186347723
14865,0.010121907107532024
14866,0.004316754639148712
14867,0.015003341250121593
14868,0.013136161491274834
14869,0.010608261451125145
14870,0.009033728390932083
14871,0.019132817164063454
14872,0.0032573516946285963
14873,0.015886535868048668
14874,0.012963196262717247
14875,0.008447992615401745
14876,0.01210056059062481
14877,0.008142154663801193
14878,0.004327713046222925
14879,0.02408175729215145
14880,0.009838570840656757
14881,0.007782268337905407
14882,0.014579791575670242
14883,0.007093939930200577
14884,0.004205161239951849
14885,0.013632218353450298
14886,0.012730099260807037
14887,0.007372107356786728
14888,0.00714033842086792
14889,0.0028587065171450377
14890,0.01480903010815382
14891,0.004857648629695177
14892,0.0065913209691643715
14893,0.0077957697212696075
14894,0.010247981175780296
14895,0.006661887746304274
14896,0.005116026848554611
14897,0.003928560763597488
14898,0.005600249394774437
14899,0.00238632969558239
14900,0.00536944717168808
14901,0.002192637650296092
14902,0.023483743891119957
14903,0.011205693706870079
14904,0.004005703143775463
14905,0.005926667712628841
14906,0.011824076995253563
14907,0.00199489644728601
14908,0.005702040158212185
14909,0.005695314146578312
14910,0.012557845562696457
14911,0.007891025394201279
14912,0.02230452559888363
14913,0.011201433837413788
14914,0.0023766597732901573
14915,0.010998684912919998
14916,0.00904956553131342
14917,0.005831712391227484
14918,0.013285706751048565
14919,0.004773825407028198
14920,0.011254305951297283
14921,0.01223634835332632
14922,0.004187566693872213
14923,0.027144618332386017
14924,0.004470141138881445
14925,0.005979267880320549
14926,0.006254388950765133
14927,0.0025788561906665564
14928,0.005370821803808212
14929,0.00908422376960516
14930,0.01030271127820015
14931,0.008313554339110851
14932,0.009361249394714832
14933,0.005037389695644379
14934,0.0038131936453282833
14935,0.009403876960277557
14936,0.012029806151986122
14937,0.01072627678513527
14938,0.0072460169903934
14939,0.010913370177149773
14940,0.004242975730448961
14941,0.004167778883129358
14942,0.0064126416109502316
14943,0.016566304489970207
14944,0.007980959489941597
14945,0.010247867554426193
14946,0.004086955916136503
14947,0.010123495943844318
14948,0.006001753732562065
14949,0.004806111566722393
14950,0.013991229236125946
14951,0.004223461728543043
14952,0.005879237316548824
14953,0.007297992706298828
14954,0.003337392583489418
14955,0.008111061528325081
14956,0.007464957889169455
14957,0.004462548531591892
14958,0.003950156737118959
14959,0.023465413600206375
14960,0.004147723782807589
14961,0.011867763474583626
14962,0.003916449379175901
14963,0.009976859204471111
14964,0.015743857249617577
14965,0.00359235773794353
14966,0.004960434511303902
14967,0.005091534461826086
14968,0.006020670291036367
14969,0.004735776223242283
14970,0.0044231535866856575
14971,0.005618349649012089
14972,0.006045124493539333
14973,0.0043240441009402275
14974,0.006023007445037365
14975,0.003534434363245964
14976,0.0045571038499474525
14977,0.01529205497354269
14978,0.006827621720731258
14979,0.0054285260848701
14980,0.01668105646967888
14981,0.004896116442978382
14982,0.004456877242773771
14983,0.004267751704901457
14984,0.00575890950858593
14985,0.0034151438158005476
14986,0.005211688578128815
14987,0.01171670388430357
14988,0.0066041238605976105
14989,0.0061970180831849575
14990,0.0111178457736969
14991,0.004090410657227039
14992,0.00467179948464036
14993,0.01211930625140667
14994,0.02548648975789547
14995,0.02573457919061184
14996,0.004037613980472088
14997,0.0045655472204089165
14998,0.004456126596778631
14999,0.00816346611827612
15000,0.007067429833114147
15001,0.008468106389045715
15002,0.008234922774136066
15003,0.028254924342036247
15004,0.008986691012978554
15005,0.004318899009376764
15006,0.007424205541610718
15007,0.01034181285649538
15008,0.012766791507601738
15009,0.009450539946556091
15010,0.003400348825380206
15011,0.020078646019101143
15012,0.011499802581965923
15013,0.011091458611190319
15014,0.010528335347771645
15015,0.008677869103848934
15016,0.02339974418282509
15017,0.004931502975523472
15018,0.007508262991905212
15019,0.014922024682164192
15020,0.007680724840611219
15021,0.004760300740599632
15022,0.010616260580718517
15023,0.006025312002748251
15024,0.003710533259436488
15025,0.0058878636918962
15026,0.014312143437564373
15027,0.01733715645968914
15028,0.009585685096681118
15029,0.011717138811945915
15030,0.007522436790168285
15031,0.009019872173666954
15032,0.009978339076042175
15033,0.005306234583258629
15034,0.008315125480294228
15035,0.002489363308995962
15036,0.020742103457450867
15037,0.0036150123924016953
15038,0.006865533068776131
15039,0.011457452550530434
15040,0.005177393555641174
15041,0.0027766653802245855
15042,0.010370397940278053
15043,0.0059251016937196255
15044,0.009388434700667858
15045,0.011898305267095566
15046,0.009991706348955631
15047,0.022009840235114098
15048,0.00783541053533554
15049,0.007956184446811676
15050,0.016589388251304626
15051,0.018932029604911804
15052,0.003265621140599251
15053,0.019883867353200912
15054,0.006303695030510426
15055,0.0046456558629870415
15056,0.006062277592718601
15057,0.005527568515390158
15058,0.00771105382591486
15059,0.0055222599767148495
15060,0.006390768103301525
15061,0.007953453809022903
15062,0.020510468631982803
15063,0.022282637655735016
15064,0.0045494819059967995
15065,0.007267847191542387
15066,0.00799485296010971
15067,0.017991527915000916
15068,0.010677087120711803
15069,0.009315869770944118
15070,0.004627848044037819
15071,0.006971384398639202
15072,0.006829989608377218
15073,0.014711941592395306
15074,0.010930664837360382
15075,0.0032626688480377197
15076,0.005131575744599104
15077,0.00972719956189394
15078,0.011062271893024445
15079,0.0059057301841676235
15080,0.0021448752377182245
15081,0.009070832282304764
15082,0.00821660365909338
15083,0.005262111779302359
15084,0.01666957139968872
15085,0.014999276958405972
15086,0.004475541412830353
15087,0.011624488048255444
15088,0.009122614748775959
15089,0.004001418128609657
15090,0.004140734206885099
15091,0.004401822574436665
15092,0.006933559663593769
15093,0.009856399148702621
15094,0.009422427043318748
15095,0.006667114794254303
15096,0.004854798316955566
15097,0.011543276719748974
15098,0.00786740891635418
15099,0.014559857547283173
15100,0.0057358029298484325
15101,0.010571020655333996
15102,0.01030498556792736
15103,0.00527839083224535
15104,0.006697147153317928
15105,0.004066064953804016
15106,0.01121241133660078
15107,0.006026898976415396
15108,0.013217288069427013
15109,0.014912344515323639
15110,0.010449613444507122
15111,0.012968836352229118
15112,0.006750869564712048
15113,0.007578258868306875
15114,0.005332754459232092
15115,0.02224605344235897
15116,0.006428001448512077
15117,0.007382272742688656
15118,0.005281670950353146
15119,0.01128568034619093
15120,0.005490023177117109
15121,0.008718371391296387
15122,0.006846481002867222
15123,0.005502830259501934
15124,0.005400834139436483
15125,0.004846406634896994
15126,0.0036704230587929487
15127,0.004977894946932793
15128,0.009916319511830807
15129,0.016150370240211487
15130,0.0050473399460315704
15131,0.012630949728190899
15132,0.010181684978306293
15133,0.006753213703632355
15134,0.01385276298969984
15135,0.010266533121466637
15136,0.00838140957057476
15137,0.009271379560232162
15138,0.005800819955766201
15139,0.0070097423158586025
15140,0.006826320663094521
15141,0.00338479015044868
15142,0.012671275064349174
15143,0.009264841675758362
15144,0.007884379476308823
15145,0.005260154604911804
15146,0.022745206952095032
15147,0.006783078424632549
15148,0.017343049868941307
15149,0.008929898031055927
15150,0.005327902734279633
15151,0.00587477907538414
15152,0.01267942599952221
15153,0.0030162136536091566
15154,0.004892636090517044
15155,0.0043983180075883865
15156,0.009547237306833267
15157,0.0028176927007734776
15158,0.00933344941586256
15159,0.00910542719066143
15160,0.005207628011703491
15161,0.006207860540598631
15162,0.016648773103952408
15163,0.010781437158584595
15164,0.005631135776638985
15165,0.01194736361503601
15166,0.007412846200168133
15167,0.006946261040866375
15168,0.006686818785965443
15169,0.0071284654550254345
15170,0.009314360097050667
15171,0.007448657415807247
15172,0.006875014863908291
15173,0.004018299747258425
15174,0.012006375007331371
15175,0.00864687841385603
15176,0.007748919539153576
15177,0.005676649510860443
15178,0.007932499051094055
15179,0.005502435378730297
15180,0.005748286843299866
15181,0.00399776641279459
15182,0.0201161690056324
15183,0.004403107799589634
15184,0.004896470345556736
15185,0.004918219521641731
15186,0.009068861603736877
15187,0.008288994431495667
15188,0.0035364690702408552
15189,0.012117266654968262
15190,0.007596425712108612
15191,0.02542749047279358
15192,0.004781793802976608
15193,0.013055814430117607
15194,0.008277077227830887
15195,0.012061837129294872
15196,0.009889144450426102
15197,0.012827928178012371
15198,0.008129943162202835
15199,0.009561802260577679
15200,0.007884526625275612
15201,0.007572063710540533
15202,0.009484464302659035
15203,0.005593868903815746
15204,0.006626065354794264
15205,0.014132678508758545
15206,0.003125080605968833
15207,0.009401998482644558
15208,0.0042269472032785416
15209,0.0075705405324697495
15210,0.01374911144375801
15211,0.006622950546443462
15212,0.00852767564356327
15213,0.005812142975628376
15214,0.007098189555108547
15215,0.015614199452102184
15216,0.012103572487831116
15217,0.00982173066586256
15218,0.008524774573743343
15219,0.001400849549099803
15220,0.01453428715467453
15221,0.013077950105071068
15222,0.0066621070727705956
15223,0.009430820122361183
15224,0.007227168884128332
15225,0.0027606720104813576
15226,0.018177561461925507
15227,0.007776958402246237
15228,0.008211145177483559
15229,0.007677691988646984
15230,0.009588385000824928
15231,0.004737710114568472
15232,0.020623188465833664
15233,0.01851040869951248
15234,0.012385917827486992
15235,0.010462823323905468
15236,0.006732898764312267
15237,0.03580477088689804
15238,0.0028900746256113052
15239,0.006397498771548271
15240,0.0131809888407588
15241,0.005868199747055769
15242,0.0023661600425839424
15243,0.005696076899766922
15244,0.005793705582618713
15245,0.003993208520114422
15246,0.002743921708315611
15247,0.00431418139487505
15248,0.005201013293117285
15249,0.007889403030276299
15250,0.011004126630723476
15251,0.0073463632725179195
15252,0.015425964258611202
15253,0.006450142245739698
15254,0.0041625904850661755
15255,0.0055984496138989925
15256,0.006186052691191435
15257,0.003145568072795868
15258,0.007375565357506275
15259,0.003595996182411909
15260,0.007389770355075598
15261,0.0070915743708610535
15262,0.0031784544698894024
15263,0.004875604994595051
15264,0.009276026859879494
15265,0.004095214419066906
15266,0.005116738379001617
15267,0.006472017616033554
15268,0.0034329320769757032
15269,0.009950402192771435
15270,0.004701665136963129
15271,0.007168817333877087
15272,0.005216911435127258
15273,0.010803014039993286
15274,0.014446699991822243
15275,0.01277952454984188
15276,0.008858299814164639
15277,0.008848436176776886
15278,0.008565446361899376
15279,0.01030988059937954
15280,0.009587334468960762
15281,0.008854370564222336
15282,0.006002198439091444
15283,0.004719414748251438
15284,0.004435183014720678
15285,0.007791010197252035
15286,0.0031986963003873825
15287,0.006206225603818893
15288,0.012416365556418896
15289,0.0042442684061825275
15290,0.00711830984801054
15291,0.004418340977281332
15292,0.0076989769004285336
15293,0.008722448721528053
15294,0.006808377802371979
15295,0.013301613740622997
15296,0.006190550979226828
15297,0.0057069226168096066
15298,0.01208784244954586
15299,0.023901304230093956
15300,0.006295733153820038
15301,0.007001896854490042
15302,0.007519973441958427
15303,0.005535585340112448
15304,0.0046135312877595425
15305,0.008065405301749706
15306,0.004714932758361101
15307,0.010389205068349838
15308,0.009291468188166618
15309,0.005840518977493048
15310,0.008332445286214352
15311,0.010965017601847649
15312,0.017452169209718704
15313,0.0019554439932107925
15314,0.008147554472088814
15315,0.006274589337408543
15316,0.004096175543963909
15317,0.005788088776171207
15318,0.008168408647179604
15319,0.004861137829720974
15320,0.0042393263429403305
15321,0.015903500840067863
15322,0.002791216131299734
15323,0.00494921300560236
15324,0.012035613879561424
15325,0.00388123095035553
15326,0.004969663452357054
15327,0.00684992503374815
15328,0.010641777887940407
15329,0.007144983857870102
15330,0.006042805965989828
15331,0.016071883961558342
15332,0.025567522272467613
15333,0.004775517620146275
15334,0.001756390556693077
15335,0.00300715584307909
15336,0.003280030097812414
15337,0.009017789736390114
15338,0.009929025545716286
15339,0.0051300483755767345
15340,0.0058127110823988914
15341,0.007438895758241415
15342,0.012908607721328735
15343,0.00752990460023284
15344,0.004982472397387028
15345,0.005992329679429531
15346,0.013258539140224457
15347,0.004611455835402012
15348,0.013095064088702202
15349,0.015963712707161903
15350,0.0031040888279676437
15351,0.008291510865092278
15352,0.005762141197919846
15353,0.009774358943104744
15354,0.005211786832660437
15355,0.011507904157042503
15356,0.011012021452188492
15357,0.007123792544007301
15358,0.006882054731249809
15359,0.014577684924006462
15360,0.008182110264897346
15361,0.010264882817864418
15362,0.007784497924149036
15363,0.0035933242179453373
15364,0.003530956571921706
15365,0.005835755728185177
15366,0.013098533265292645
15367,0.0036295985337346792
15368,0.006750996224582195
15369,0.01027984544634819
15370,0.009402111172676086
15371,0.0058521693572402
15372,0.008470747619867325
15373,0.015768393874168396
15374,0.005911280866712332
15375,0.004115120507776737
15376,0.011020854115486145
15377,0.009431769140064716
15378,0.00806461088359356
15379,0.008020622655749321
15380,0.0035028501879423857
15381,0.020334552973508835
15382,0.005610731430351734
15383,0.00482667051255703
15384,0.005345167126506567
15385,0.006406740751117468
15386,0.020058823749423027
15387,0.006251383572816849
15388,0.010738402605056763
15389,0.0055229552090168
15390,0.004352591931819916
15391,0.008738011121749878
15392,0.005507500376552343
15393,0.01586270146071911
15394,0.005110691301524639
15395,0.005310960114002228
15396,0.00514972535893321
15397,0.008613999001681805
15398,0.012986181303858757
15399,0.005840959958732128
15400,0.008470344357192516
15401,0.0038205354940146208
15402,0.005303988233208656
15403,0.0073304446414113045
15404,0.01709272712469101
15405,0.003012097906321287
15406,0.008583951741456985
15407,0.0069731115363538265
15408,0.007374358829110861
15409,0.006597594823688269
15410,0.024434274062514305
15411,0.006809946149587631
15412,0.007723348215222359
15413,0.016174880787730217
15414,0.004698706790804863
15415,0.004614600446075201
15416,0.004955322481691837
15417,0.005318190436810255
15418,0.00955855380743742
15419,0.01026184856891632
15420,0.009557284414768219
15421,0.010803493671119213
15422,0.01107782032340765
15423,0.007422549184411764
15424,0.0059924134984612465
15425,0.011767687276005745
15426,0.007213981356471777
15427,0.013705965131521225
15428,0.0025113560259342194
15429,0.00782982911914587
15430,0.005387415643781424
15431,0.0065867542289197445
15432,0.007283435668796301
15433,0.006515176501125097
15434,0.00509868748486042
15435,0.003748590126633644
15436,0.0073044197633862495
15437,0.002596568316221237
15438,0.005363148637115955
15439,0.007091948296874762
15440,0.007219410501420498
15441,0.009184801019728184
15442,0.010048369877040386
15443,0.007498226594179869
15444,0.009266145527362823
15445,0.0037903692573308945
15446,0.02514311671257019
15447,0.010706169530749321
15448,0.008003381080925465
15449,0.004281945992261171
15450,0.01184769906103611
15451,0.008782899007201195
15452,0.01262945681810379
15453,0.0048111542128026485
15454,0.023676786571741104
15455,0.005177979823201895
15456,0.008213695138692856
15457,0.007307703606784344
15458,0.004779360257089138
15459,0.009120128117501736
15460,0.0073801064863801
15461,0.006311667151749134
15462,0.011569513007998466
15463,0.011256764642894268
15464,0.0064581697806715965
15465,0.010346643626689911
15466,0.004013281315565109
15467,0.0101569052785635
15468,0.0054594106040894985
15469,0.006542437709867954
15470,0.01667218655347824
15471,0.007244186010211706
15472,0.01207059994339943
15473,0.0074668265879154205
15474,0.006824186071753502
15475,0.007884308695793152
15476,0.004653765819966793
15477,0.005508609116077423
15478,0.006839183624833822
15479,0.005691151134669781
15480,0.009641546756029129
15481,0.009135400876402855
15482,0.006344713270664215
15483,0.008930961601436138
15484,0.002193230437114835
15485,0.0048270574770867825
15486,0.00921594724059105
15487,0.005479889921844006
15488,0.010589825920760632
15489,0.017184894531965256
15490,0.012881468050181866
15491,0.005362403579056263
15492,0.006916744168847799
15493,0.011890779249370098
15494,0.008166536688804626
15495,0.017485063523054123
15496,0.0059039900079369545
15497,0.006178209558129311
15498,0.004398886114358902
15499,0.008285321295261383
15500,0.005392793100327253
15501,0.011915726587176323
15502,0.007264027372002602
15503,0.00471470644697547
15504,0.005361940711736679
15505,0.006789336912333965
15506,0.021580522879958153
15507,0.003702396061271429
15508,0.009496195241808891
15509,0.007010561414062977
15510,0.006262944079935551
15511,0.0069930776953697205
15512,0.00380069762468338
15513,0.003501949831843376
15514,0.00868244469165802
15515,0.04661894962191582
15516,0.005054960027337074
15517,0.0046328892931342125
15518,0.01463143527507782
15519,0.004906973801553249
15520,0.010257560759782791
15521,0.006258824374526739
15522,0.0051340670324862
15523,0.010671280324459076
15524,0.008854670450091362
15525,0.007705317810177803
15526,0.005386061035096645
15527,0.009823283180594444
15528,0.006098590791225433
15529,0.005517641082406044
15530,0.005127320997416973
15531,0.00586356408894062
15532,0.013552817516028881
15533,0.006895007099956274
15534,0.0026078042574226856
15535,0.004835153464227915
15536,0.006192361935973167
15537,0.005837414413690567
15538,0.007432075217366219
15539,0.004424231126904488
15540,0.010027813725173473
15541,0.01008974201977253
15542,0.021447088569402695
15543,0.0037719986867159605
15544,0.00563083216547966
15545,0.008928211405873299
15546,0.008017822168767452
15547,0.0070119379088282585
15548,0.012101816944777966
15549,0.008482172153890133
15550,0.008073287084698677
15551,0.0077451178804039955
15552,0.008873580023646355
15553,0.007941440679132938
15554,0.007207680493593216
15555,0.00861641950905323
15556,0.0019712443463504314
15557,0.0035087880678474903
15558,0.01062043383717537
15559,0.006425723433494568
15560,0.010713501833379269
15561,0.010564249008893967
15562,0.011311516165733337
15563,0.010699823498725891
15564,0.006862122565507889
15565,0.0056685409508645535
15566,0.008349549025297165
15567,0.009765829890966415
15568,0.00881691463291645
15569,0.00878959521651268
15570,0.006068364717066288
15571,0.009188969619572163
15572,0.009666681289672852
15573,0.005391739308834076
15574,0.007511649280786514
15575,0.014582902193069458
15576,0.006662610452622175
15577,0.009476030245423317
15578,0.007668368052691221
15579,0.010127226822078228
15580,0.005160247907042503
15581,0.003979216329753399
15582,0.005703559145331383
15583,0.005844870116561651
15584,0.009612076915800571
15585,0.006251548882573843
15586,0.0056268610060215
15587,0.008927671238780022
15588,0.010316125117242336
15589,0.008036794140934944
15590,0.008154964074492455
15591,0.007628246210515499
15592,0.011755424551665783
15593,0.0060355206951498985
15594,0.006199635565280914
15595,0.015765966847538948
15596,0.008389217779040337
15597,0.002943822182714939
15598,0.01638707146048546
15599,0.008389514870941639
15600,0.006790324114263058
15601,0.005130152218043804
15602,0.012087659910321236
15603,0.011867118999361992
15604,0.009688857942819595
15605,0.006795288994908333
15606,0.008748459629714489
15607,0.004383898805826902
15608,0.004431830253452063
15609,0.01122528687119484
15610,0.008884653449058533
15611,0.008161964826285839
15612,0.014145786873996258
15613,0.014982648193836212
15614,0.008791432715952396
15615,0.008310597389936447
15616,0.005312971770763397
15617,0.006372759118676186
15618,0.005418760236352682
15619,0.003232647432014346
15620,0.005931976716965437
15621,0.01336228009313345
15622,0.008968442678451538
15623,0.03289864957332611
15624,0.008979104459285736
15625,0.01141321286559105
15626,0.004529454745352268
15627,0.005859094671905041
15628,0.012878825888037682
15629,0.008087467402219772
15630,0.014139799401164055
15631,0.01316474936902523
15632,0.013041339814662933
15633,0.005239439196884632
15634,0.005714479833841324
15635,0.004079144448041916
15636,0.0051704151555895805
15637,0.010834472253918648
15638,0.01056764554232359
15639,0.01597202755510807
15640,0.009572483599185944
15641,0.005372186191380024
15642,0.015182129107415676
15643,0.009439106099307537
15644,0.021234137937426567
15645,0.004674503114074469
15646,0.005329485982656479
15647,0.004041774198412895
15648,0.005877582356333733
15649,0.010208701714873314
15650,0.015745859593153
15651,0.010487797670066357
15652,0.005192478187382221
15653,0.0067476537078619
15654,0.004046579822897911
15655,0.012747894041240215
15656,0.005257896147668362
15657,0.017307892441749573
15658,0.007749083451926708
15659,0.00492295203730464
15660,0.004683844745159149
15661,0.004907084628939629
15662,0.006064207758754492
15663,0.033806800842285156
15664,0.0176067091524601
15665,0.005506940186023712
15666,0.007521805819123983
15667,0.005554560571908951
15668,0.021702608093619347
15669,0.006800196133553982
15670,0.002330019138753414
15671,0.0037789493799209595
15672,0.007120110094547272
15673,0.0058691417798399925
15674,0.005418587476015091
15675,0.012524470686912537
15676,0.002363947220146656
15677,0.014639243483543396
15678,0.00595784280449152
15679,0.005883407779037952
15680,0.009611515328288078
15681,0.005283161997795105
15682,0.009200426749885082
15683,0.0028416095301508904
15684,0.00541151687502861
15685,0.007797314785420895
15686,0.01029508002102375
15687,0.010944589972496033
15688,0.00897801760584116
15689,0.004095959942787886
15690,0.021592309698462486
15691,0.007068151142448187
15692,0.007621556054800749
15693,0.023015275597572327
15694,0.0077934241853654385
15695,0.017132041975855827
15696,0.0120669174939394
15697,0.003975748550146818
15698,0.015476281754672527
15699,0.012660822831094265
15700,0.00992876198142767
15701,0.01405397430062294
15702,0.0036867866292595863
15703,0.006158024072647095
15704,0.007038747891783714
15705,0.005977800115942955
15706,0.004181622993201017
15707,0.008290011435747147
15708,0.003788585541769862
15709,0.009737960994243622
15710,0.005033576395362616
15711,0.006918420549482107
15712,0.005538868717849255
15713,0.0066453199833631516
15714,0.005342231597751379
15715,0.005419563502073288
15716,0.005757919512689114
15717,0.0028076726011931896
15718,0.007249682676047087
15719,0.019582685083150864
15720,0.005826125852763653
15721,0.004265794530510902
15722,0.004442579112946987
15723,0.004205420147627592
15724,0.009613506495952606
15725,0.0029667243361473083
15726,0.004244913347065449
15727,0.006194430403411388
15728,0.01840103417634964
15729,0.0025595766492187977
15730,0.007002748548984528
15731,0.01085671316832304
15732,0.001627112738788128
15733,0.005771785043179989
15734,0.005113820545375347
15735,0.012454492971301079
15736,0.006486533209681511
15737,0.007266817148774862
15738,0.009761766530573368
15739,0.006992563605308533
15740,0.007811024785041809
15741,0.004126603715121746
15742,0.007573851849883795
15743,0.0030980126466602087
15744,0.013419109396636486
15745,0.00636229058727622
15746,0.008761023171246052
15747,0.0064678071066737175
15748,0.00461522676050663
15749,0.004926209803670645
15750,0.003198106773197651
15751,0.012030020356178284
15752,0.0031069207470864058
15753,0.007114408537745476
15754,0.008006824180483818
15755,0.010562272742390633
15756,0.017198389396071434
15757,0.009184620343148708
15758,0.016016259789466858
15759,0.00808756984770298
15760,0.006793268956243992
15761,0.00842655822634697
15762,0.014917048625648022
15763,0.011268079280853271
15764,0.009396403096616268
15765,0.015351819805800915
15766,0.0055559659376740456
15767,0.0037040661554783583
15768,0.002257257467135787
15769,0.005581635981798172
15770,0.021249763667583466
15771,0.006836352404206991
15772,0.0072335912846028805
15773,0.007526392117142677
15774,0.01260974071919918
15775,0.008658725768327713
15776,0.00981752760708332
15777,0.005156541243195534
15778,0.007333406712859869
15779,0.006752755027264357
15780,0.006594066973775625
15781,0.007063843309879303
15782,0.010575871914625168
15783,0.0064406427554786205
15784,0.01724613457918167
15785,0.024121079593896866
15786,0.01185989286750555
15787,0.006480966694653034
15788,0.007378796115517616
15789,0.009406978264451027
15790,0.005816956050693989
15791,0.005367919337004423
15792,0.014867283403873444
15793,0.005911299493163824
15794,0.019448010250926018
15795,0.01532046403735876
15796,0.012641338631510735
15797,0.008813988417387009
15798,0.0061853621155023575
15799,0.013964777812361717
15800,0.002693952526897192
15801,0.004746614955365658
15802,0.006381628569215536
15803,0.010050080716609955
15804,0.007130186539143324
15805,0.0036167732905596495
15806,0.01029254961758852
15807,0.003312118351459503
15808,0.009731266647577286
15809,0.00788212288171053
15810,0.005226730834692717
15811,0.031475551426410675
15812,0.016201648861169815
15813,0.013046185486018658
15814,0.010963487438857555
15815,0.007314801216125488
15816,0.0033207552041858435
15817,0.011330537497997284
15818,0.014791399240493774
15819,0.017242062836885452
15820,0.012465435080230236
15821,0.011946062557399273
15822,0.004520703107118607
15823,0.013038882985711098
15824,0.020800750702619553
15825,0.012049147859215736
15826,0.00281485915184021
15827,0.01022401638329029
15828,0.007762379013001919
15829,0.013908455148339272
15830,0.0031700371764600277
15831,0.0104828467592597
15832,0.004682001657783985
15833,0.006069917231798172
15834,0.007032518740743399
15835,0.011145150288939476
15836,0.015836846083402634
15837,0.011828366667032242
15838,0.0048670037649571896
15839,0.006013921461999416
15840,0.0034498777240514755
15841,0.024968793615698814
15842,0.003426976501941681
15843,0.008654041215777397
15844,0.0044726962223649025
15845,0.004371407441794872
15846,0.012985016219317913
15847,0.004227735102176666
15848,0.016350217163562775
15849,0.006700199097394943
15850,0.013033503666520119
15851,0.011254951357841492
15852,0.003789843525737524
15853,0.007016424089670181
15854,0.013332730159163475
15855,0.0042643118649721146
15856,0.008168637752532959
15857,0.009770361706614494
15858,0.01387658528983593
15859,0.007624329067766666
15860,0.029477102681994438
15861,0.006899639964103699
15862,0.006422857753932476
15863,0.006800818257033825
15864,0.0054664346389472485
15865,0.015773523598909378
15866,0.0068622431717813015
15867,0.00941702350974083
15868,0.00665242550894618
15869,0.006731896661221981
15870,0.003432065946981311
15871,0.00847168080508709
15872,0.0050088828429579735
15873,0.0064253173768520355
15874,0.003920635208487511
15875,0.008406426757574081
15876,0.006367101334035397
15877,0.009750498458743095
15878,0.012648518197238445
15879,0.011986072175204754
15880,0.004780895542353392
15881,0.009313339367508888
15882,0.0065838987939059734
15883,0.010876494459807873
15884,0.010511890053749084
15885,0.003925305791199207
15886,0.004676866810768843
15887,0.009660562500357628
15888,0.00795496255159378
15889,0.012401383370161057
15890,0.0056529841385781765
15891,0.021852916106581688
15892,0.007179917301982641
15893,0.004330418072640896
15894,0.0038320571184158325
15895,0.004937414079904556
15896,0.0099707692861557
15897,0.006472482345998287
15898,0.005952848121523857
15899,0.0036904211156070232
15900,0.004922318737953901
15901,0.01387975737452507
15902,0.016554201021790504
15903,0.0034729628823697567
15904,0.011250956915318966
15905,0.008872006088495255
15906,0.007668146397918463
15907,0.01809842139482498
15908,0.010321086272597313
15909,0.008503515273332596
15910,0.009451113641262054
15911,0.006379630416631699
15912,0.0056090569123625755
15913,0.0033619580790400505
15914,0.015714004635810852
15915,0.005438642110675573
15916,0.009077134542167187
15917,0.019437722861766815
15918,0.0062263417057693005
15919,0.002698049647733569
15920,0.012194722890853882
15921,0.0035525858402252197
15922,0.004864989779889584
15923,0.009118924848735332
15924,0.011981165036559105
15925,0.009407715871930122
15926,0.007365669589489698
15927,0.006878312677145004
15928,0.009361589327454567
15929,0.010381793603301048
15930,0.003194713033735752
15931,0.014774619601666927
15932,0.01131496112793684
15933,0.012025694362819195
15934,0.002232719212770462
15935,0.007834493182599545
15936,0.004039037507027388
15937,0.009620162658393383
15938,0.006901638116687536
15939,0.012412513606250286
15940,0.006772076245397329
15941,0.003997510299086571
15942,0.008622275665402412
15943,0.005211187526583672
15944,0.004751312546432018
15945,0.007738780230283737
15946,0.008113894611597061
15947,0.016737032681703568
15948,0.010939119383692741
15949,0.005097545683383942
15950,0.00512659503147006
15951,0.006296269129961729
15952,0.009248480200767517
15953,0.0038265183102339506
15954,0.00652273278683424
15955,0.014317515306174755
15956,0.01018125843256712
15957,0.00491115590557456
15958,0.014096830040216446
15959,0.013402489945292473
15960,0.00496925413608551
15961,0.0060141622088849545
15962,0.010960872285068035
15963,0.00971937645226717
15964,0.006771483924239874
15965,0.009180493652820587
15966,0.006182755809277296
15967,0.004708392545580864
15968,0.00618878286331892
15969,0.005958288908004761
15970,0.003913384396582842
15971,0.006391776259988546
15972,0.006084495689719915
15973,0.013882956467568874
15974,0.005007495172321796
15975,0.006120337173342705
15976,0.010355167090892792
15977,0.01851644739508629
15978,0.007532590534538031
15979,0.003970482386648655
15980,0.006338100880384445
15981,0.008857548236846924
15982,0.01710367575287819
15983,0.006943471264094114
15984,0.005563892424106598
15985,0.012583146803081036
15986,0.010110115632414818
15987,0.013057872653007507
15988,0.005239841993898153
15989,0.006883375346660614
15990,0.003891353029757738
15991,0.009637465700507164
15992,0.008078436367213726
15993,0.008313415572047234
15994,0.005127955228090286
15995,0.010735718533396721
15996,0.013444893062114716
15997,0.007360309362411499
15998,0.0034961055498570204
15999,0.005710340104997158
16000,0.0050753578543663025
16001,0.004049516748636961
16002,0.010244718752801418
16003,0.010344239883124828
16004,0.006310559343546629
16005,0.008502170443534851
16006,0.005056637339293957
16007,0.013382887467741966
16008,0.003989401273429394
16009,0.009978334419429302
16010,0.003774281358346343
16011,0.0061550564132630825
16012,0.005631998181343079
16013,0.0066960658878088
16014,0.004093878902494907
16015,0.005664534866809845
16016,0.015215250663459301
16017,0.005591276101768017
16018,0.006350881420075893
16019,0.017503049224615097
16020,0.005616576876491308
16021,0.02028600126504898
16022,0.006248370744287968
16023,0.002199184847995639
16024,0.002563678426668048
16025,0.004866555333137512
16026,0.016569530591368675
16027,0.008415606804192066
16028,0.004289364442229271
16029,0.005705367308109999
16030,0.00863981619477272
16031,0.003948408644646406
16032,0.00847634021192789
16033,0.007542300969362259
16034,0.003680843859910965
16035,0.006563534960150719
16036,0.005096793174743652
16037,0.003949966747313738
16038,0.015919912606477737
16039,0.006451727356761694
16040,0.008809378370642662
16041,0.011406328529119492
16042,0.00924094207584858
16043,0.005045595578849316
16044,0.0058668553829193115
16045,0.005847446154803038
16046,0.003612951375544071
16047,0.00538955582305789
16048,0.008163254708051682
16049,0.007460189517587423
16050,0.0034847455099225044
16051,0.022024057805538177
16052,0.0068353950046002865
16053,0.006007376126945019
16054,0.004615603946149349
16055,0.006138557102531195
16056,0.014502925798296928
16057,0.0038092522881925106
16058,0.002915330696851015
16059,0.009740550071001053
16060,0.005486431531608105
16061,0.008098147809505463
16062,0.007044414058327675
16063,0.0068579306825995445
16064,0.009834270924329758
16065,0.004886716604232788
16066,0.011854337528347969
16067,0.006952853407710791
16068,0.004528120160102844
16069,0.007395751774311066
16070,0.0038956094067543745
16071,0.006767114624381065
16072,0.013818636536598206
16073,0.0053228153847157955
16074,0.009889170527458191
16075,0.006233643274754286
16076,0.008996102958917618
16077,0.008946049958467484
16078,0.008429358713328838
16079,0.004476250149309635
16080,0.018296798691153526
16081,0.006137099117040634
16082,0.006464164704084396
16083,0.005013195797801018
16084,0.004506916739046574
16085,0.009469899348914623
16086,0.007211501710116863
16087,0.003146591130644083
16088,0.005898195318877697
16089,0.0021334500052034855
16090,0.0167970173060894
16091,0.005584574304521084
16092,0.007306613959372044
16093,0.004936985671520233
16094,0.009518551640212536
16095,0.012425183318555355
16096,0.015269639901816845
16097,0.006155341863632202
16098,0.013426008634269238
16099,0.009088795632123947
16100,0.007353025488555431
16101,0.005150406155735254
16102,0.00901467353105545
16103,0.020970389246940613
16104,0.006393971852958202
16105,0.010547695681452751
16106,0.006386987864971161
16107,0.004454027861356735
16108,0.011710254475474358
16109,0.006812121253460646
16110,0.007511749863624573
16111,0.003132845042273402
16112,0.012318894267082214
16113,0.007526211440563202
16114,0.009995067492127419
16115,0.009256250225007534
16116,0.006908097770065069
16117,0.008536365814507008
16118,0.011719009838998318
16119,0.010462785139679909
16120,0.008303936570882797
16121,0.005987247452139854
16122,0.005623816978186369
16123,0.005960688926279545
16124,0.018305746838450432
16125,0.008070774376392365
16126,0.009749186225235462
16127,0.003806057386100292
16128,0.02808288298547268
16129,0.002409320790320635
16130,0.006734518334269524
16131,0.01205546222627163
16132,0.005346484016627073
16133,0.03200807794928551
16134,0.01200433075428009
16135,0.0045983875170350075
16136,0.0034829648211598396
16137,0.008015277795493603
16138,0.003574227448552847
16139,0.008604053407907486
16140,0.009203894063830376
16141,0.009560614824295044
16142,0.005116121843457222
16143,0.004251006059348583
16144,0.006880021654069424
16145,0.007318638265132904
16146,0.004305867478251457
16147,0.005130148492753506
16148,0.026934534311294556
16149,0.0052901748567819595
16150,0.011957623064517975
16151,0.014271060936152935
16152,0.018612951040267944
16153,0.00998319499194622
16154,0.008180011063814163
16155,0.006593330763280392
16156,0.02206776663661003
16157,0.006866630166769028
16158,0.0074676028452813625
16159,0.02264493517577648
16160,0.003699470777064562
16161,0.005141136236488819
16162,0.0071471212431788445
16163,0.004690689500421286
16164,0.009115740656852722
16165,0.004517999477684498
16166,0.01305828895419836
16167,0.003851822344586253
16168,0.008115503005683422
16169,0.004372008144855499
16170,0.01038016751408577
16171,0.015764787793159485
16172,0.004311440512537956
16173,0.006664983928203583
16174,0.014409434050321579
16175,0.008566317148506641
16176,0.006789912935346365
16177,0.005279715172946453
16178,0.0063148788176476955
16179,0.012338874861598015
16180,0.013481861911714077
16181,0.007525162771344185
16182,0.01693155989050865
16183,0.0017242425819858909
16184,0.021248286589980125
16185,0.008413459174335003
16186,0.015946930274367332
16187,0.009160023182630539
16188,0.012859078124165535
16189,0.006543359719216824
16190,0.012842653319239616
16191,0.005486426409333944
16192,0.016187846660614014
16193,0.006044693291187286
16194,0.01846298947930336
16195,0.004996087402105331
16196,0.003575331997126341
16197,0.00765580078586936
16198,0.007913905195891857
16199,0.006462233141064644
16200,0.00514648063108325
16201,0.02269143983721733
16202,0.005190176423639059
16203,0.01601405069231987
16204,0.010348699055612087
16205,0.005837771575897932
16206,0.008810766041278839
16207,0.017936736345291138
16208,0.010456371121108532
16209,0.027811288833618164
16210,0.010194394737482071
16211,0.010396602563560009
16212,0.00894390419125557
16213,0.015273015014827251
16214,0.006194030400365591
16215,0.010733207687735558
16216,0.014103530906140804
16217,0.006754150148481131
16218,0.008683363907039165
16219,0.007652261760085821
16220,0.00994934793561697
16221,0.008090400137007236
16222,0.012535575777292252
16223,0.0023455950431525707
16224,0.005477890372276306
16225,0.0034998205956071615
16226,0.007232216186821461
16227,0.006274009123444557
16228,0.004907206632196903
16229,0.001699682674370706
16230,0.010886093601584435
16231,0.014003146439790726
16232,0.014186671003699303
16233,0.01218249648809433
16234,0.005550640635192394
16235,0.011137126013636589
16236,0.010681631043553352
16237,0.007353875320404768
16238,0.011111268773674965
16239,0.004270014353096485
16240,0.005955400876700878
16241,0.007432735525071621
16242,0.006904132664203644
16243,0.00834515132009983
16244,0.007083701901137829
16245,0.012877877801656723
16246,0.012787904590368271
16247,0.007023868151009083
16248,0.010016899555921555
16249,0.004971429705619812
16250,0.0029416026081889868
16251,0.008823283016681671
16252,0.007674172520637512
16253,0.004190229810774326
16254,0.009210093878209591
16255,0.014514340087771416
16256,0.0031498547177761793
16257,0.004427542444318533
16258,0.019439559429883957
16259,0.004280151799321175
16260,0.020551253110170364
16261,0.012644542381167412
16262,0.004181726835668087
16263,0.005880090408027172
16264,0.0023259026929736137
16265,0.008962473832070827
16266,0.019053539261221886
16267,0.006054176948964596
16268,0.00939633697271347
16269,0.007491485681384802
16270,0.029624974355101585
16271,0.00866711139678955
16272,0.007999863475561142
16273,0.014263826422393322
16274,0.008447714149951935
16275,0.008089630864560604
16276,0.004236070439219475
16277,0.020843451842665672
16278,0.009261075407266617
16279,0.006207427941262722
16280,0.007430960889905691
16281,0.013057834468781948
16282,0.0036353254690766335
16283,0.0058616711758077145
16284,0.01009946595877409
16285,0.010619040578603745
16286,0.0225451048463583
16287,0.016026904806494713
16288,0.0036513376981019974
16289,0.01760018989443779
16290,0.014404227957129478
16291,0.00949324481189251
16292,0.005277276039123535
16293,0.0056862784549593925
16294,0.013906638137996197
16295,0.008665488101541996
16296,0.00890224426984787
16297,0.0038312748074531555
16298,0.0029778629541397095
16299,0.00257660960778594
16300,0.011416006833314896
16301,0.005465362221002579
16302,0.003818575758486986
16303,0.005449431948363781
16304,0.011063802056014538
16305,0.008778895251452923
16306,0.006723427679389715
16307,0.012325547635555267
16308,0.006152543239295483
16309,0.00828550849109888
16310,0.005983192473649979
16311,0.006343330256640911
16312,0.008572694845497608
16313,0.009265751577913761
16314,0.009717682376503944
16315,0.009860995225608349
16316,0.010743459686636925
16317,0.00583347212523222
16318,0.004181971773505211
16319,0.003901574295014143
16320,0.004029173403978348
16321,0.005829430650919676
16322,0.005098414607346058
16323,0.007269985508173704
16324,0.012976519763469696
16325,0.011848616413772106
16326,0.008805111050605774
16327,0.011589220724999905
16328,0.0038322117179632187
16329,0.01053629256784916
16330,0.00520540215075016
16331,0.0145867969840765
16332,0.012529468163847923
16333,0.0053724255412817
16334,0.003851742949336767
16335,0.009725729934871197
16336,0.005942813586443663
16337,0.0038639314007014036
16338,0.013770214281976223
16339,0.0051038325764238834
16340,0.007339657749980688
16341,0.012400302104651928
16342,0.01159144937992096
16343,0.014147969894111156
16344,0.010197753086686134
16345,0.008173653855919838
16346,0.00604685302823782
16347,0.004054390825331211
16348,0.011657007038593292
16349,0.004486158024519682
16350,0.007040206342935562
16351,0.0071020545437932014
16352,0.006342693697661161
16353,0.003727835137397051
16354,0.008062551729381084
16355,0.0060103884898126125
16356,0.008973752148449421
16357,0.011096490547060966
16358,0.014798755757510662
16359,0.011981617659330368
16360,0.002915484830737114
16361,0.012579712085425854
16362,0.011212967336177826
16363,0.005707226227968931
16364,0.009215432219207287
16365,0.002727301325649023
16366,0.007382272742688656
16367,0.004691356793045998
16368,0.005815174430608749
16369,0.006466120481491089
16370,0.0018229472916573286
16371,0.00423987302929163
16372,0.00765704270452261
16373,0.010781283490359783
16374,0.006049256771802902
16375,0.002530100755393505
16376,0.011929657310247421
16377,0.009445893578231335
16378,0.005664541851729155
16379,0.007560724392533302
16380,0.010083705186843872
16381,0.0046516223810613155
16382,0.01228222157806158
16383,0.008296165615320206
16384,0.00850590504705906
16385,0.008846881799399853
16386,0.008033818565309048
16387,0.007995834574103355
16388,0.010870642028748989
16389,0.005298500414937735
16390,0.016142208129167557
16391,0.00319717638194561
16392,0.007644541095942259
16393,0.009608663618564606
16394,0.00516157690435648
16395,0.003367407014593482
16396,0.0045618824660778046
16397,0.007025314494967461
16398,0.005334922578185797
16399,0.0029493493493646383
16400,0.005941052921116352
16401,0.006185482256114483
16402,0.007577136158943176
16403,0.007462227251380682
16404,0.010703648440539837
16405,0.006897387560456991
16406,0.0061105950735509396
16407,0.018707498908042908
16408,0.0042874496430158615
16409,0.00874751340597868
16410,0.020867561921477318
16411,0.005196673795580864
16412,0.008178428746759892
16413,0.0037355059757828712
16414,0.008265667594969273
16415,0.00449589267373085
16416,0.011159786954522133
16417,0.005124923773109913
16418,0.011675603687763214
16419,0.005561559461057186
16420,0.005097430199384689
16421,0.006965997628867626
16422,0.008983243256807327
16423,0.00806359015405178
16424,0.009703729301691055
16425,0.00853215716779232
16426,0.012617307715117931
16427,0.005409372504800558
16428,0.004708286374807358
16429,0.010696828365325928
16430,0.006722544319927692
16431,0.005058623384684324
16432,0.00485952477902174
16433,0.005327808670699596
16434,0.014113622717559338
16435,0.01711617037653923
16436,0.004631587769836187
16437,0.003643909003585577
16438,0.013254586607217789
16439,0.004335072822868824
16440,0.008992542512714863
16441,0.007114620413631201
16442,0.011357253417372704
16443,0.0055759078823029995
16444,0.004100815858691931
16445,0.006168280728161335
16446,0.03890792652964592
16447,0.0071586500853300095
16448,0.010929005220532417
16449,0.0042519038543105125
16450,0.006975816562771797
16451,0.0032069869339466095
16452,0.004601087421178818
16453,0.013798514381051064
16454,0.009728538803756237
16455,0.013181060552597046
16456,0.007472069002687931
16457,0.00887489877641201
16458,0.0037408210337162018
16459,0.011496747843921185
16460,0.010404964908957481
16461,0.00698904087767005
16462,0.011840070597827435
16463,0.007992774248123169
16464,0.023151669651269913
16465,0.011870759539306164
16466,0.0031039370223879814
16467,0.0047514233738183975
16468,0.005924353376030922
16469,0.0048675076104700565
16470,0.007913310080766678
16471,0.00729326531291008
16472,0.009892160072922707
16473,0.010708926245570183
16474,0.02194705232977867
16475,0.007413676008582115
16476,0.0035491022281348705
16477,0.0037055043503642082
16478,0.011630176566541195
16479,0.011403928510844707
16480,0.005492763128131628
16481,0.013167071156203747
16482,0.007084256038069725
16483,0.013388789258897305
16484,0.00485321506857872
16485,0.012188824824988842
16486,0.009921555407345295
16487,0.006500239484012127
16488,0.01578926108777523
16489,0.006311822682619095
16490,0.00894652958959341
16491,0.0056014335714280605
16492,0.0114828459918499
16493,0.012608272954821587
16494,0.00624830974265933
16495,0.006239376962184906
16496,0.01120181567966938
16497,0.023008428514003754
16498,0.005137335509061813
16499,0.012867383658885956
16500,0.004092201590538025
16501,0.005806760862469673
16502,0.009092692285776138
16503,0.007005990482866764
16504,0.0065238093957304955
16505,0.014269119128584862
16506,0.008099962025880814
16507,0.00370033155195415
16508,0.01711159758269787
16509,0.007153435610234737
16510,0.006449519656598568
16511,0.011950423941016197
16512,0.007664825301617384
16513,0.006929516792297363
16514,0.020222840830683708
16515,0.005762237124145031
16516,0.0032136868685483932
16517,0.004099181387573481
16518,0.0067973206751048565
16519,0.004678203724324703
16520,0.005706272087991238
16521,0.006656738929450512
16522,0.012371964752674103
16523,0.030871359631419182
16524,0.0075234947726130486
16525,0.006358872167766094
16526,0.007709066849201918
16527,0.007625124417245388
16528,0.0037850658409297466
16529,0.008011900819838047
16530,0.011584709398448467
16531,0.010740574449300766
16532,0.005683135241270065
16533,0.0064354874193668365
16534,0.005689000245183706
16535,0.013335742056369781
16536,0.007329629734158516
16537,0.008487382903695107
16538,0.01783333159983158
16539,0.006536690052598715
16540,0.004235868342220783
16541,0.014187408611178398
16542,0.01766873151063919
16543,0.012788805179297924
16544,0.008225548081099987
16545,0.009648492559790611
16546,0.013278810307383537
16547,0.009390290826559067
16548,0.007707234472036362
16549,0.0116044906899333
16550,0.012646163813769817
16551,0.004221722017973661
16552,0.010237056761980057
16553,0.005507659167051315
16554,0.002948382403701544
16555,0.012567493133246899
16556,0.005440174601972103
16557,0.006674553267657757
16558,0.00623697554692626
16559,0.011098571121692657
16560,0.008296968415379524
16561,0.0052160597406327724
16562,0.004656807519495487
16563,0.018436871469020844
16564,0.0065251365303993225
16565,0.007531164214015007
16566,0.0036678588949143887
16567,0.0049392590299248695
16568,0.0044953059405088425
16569,0.013884644024074078
16570,0.017458943650126457
16571,0.010296719148755074
16572,0.005919160321354866
16573,0.014607958495616913
16574,0.004406483843922615
16575,0.007294492330402136
16576,0.008720990270376205
16577,0.014303183183073997
16578,0.005317924078553915
16579,0.012042264454066753
16580,0.007980085909366608
16581,0.00525779090821743
16582,0.017898831516504288
16583,0.0048102522268891335
16584,0.011619381606578827
16585,0.0064378343522548676
16586,0.007593313232064247
16587,0.007314620073884726
16588,0.002858147956430912
16589,0.013338452205061913
16590,0.00853629782795906
16591,0.005721326917409897
16592,0.003969913348555565
16593,0.004216756671667099
16594,0.00730905681848526
16595,0.018452445045113564
16596,0.007010977249592543
16597,0.0047140587121248245
16598,0.02638832852244377
16599,0.014076974242925644
16600,0.005585170816630125
16601,0.0177202969789505
16602,0.005129093304276466
16603,0.006234397180378437
16604,0.00930433627218008
16605,0.0027235806919634342
16606,0.006257162429392338
16607,0.025171509012579918
16608,0.0061096264980733395
16609,0.0075982362031936646
16610,0.006803181022405624
16611,0.008135456591844559
16612,0.007346471305936575
16613,0.017728721722960472
16614,0.0027338541112840176
16615,0.009933706372976303
16616,0.006033584475517273
16617,0.009715002030134201
16618,0.0043261293321847916
16619,0.010467952117323875
16620,0.00750043336302042
16621,0.004146808758378029
16622,0.006734778638929129
16623,0.004223227500915527
16624,0.008552849292755127
16625,0.01176598109304905
16626,0.012819345109164715
16627,0.01022089272737503
16628,0.0078119151294231415
16629,0.014637835323810577
16630,0.013291052542626858
16631,0.009283218532800674
16632,0.012106252834200859
16633,0.0068040331825613976
16634,0.005349262617528439
16635,0.006414851173758507
16636,0.0032048989087343216
16637,0.00307932635769248
16638,0.009252466261386871
16639,0.007557074539363384
16640,0.003436471801251173
16641,0.010324808768928051
16642,0.0041742343455553055
16643,0.003974831663072109
16644,0.010830165818333626
16645,0.007493108045309782
16646,0.013584822416305542
16647,0.009946167469024658
16648,0.0068671926856040955
16649,0.004346887581050396
16650,0.008325578644871712
16651,0.006377105601131916
16652,0.0068331873044371605
16653,0.007526632398366928
16654,0.004471594467759132
16655,0.010716639459133148
16656,0.01694023609161377
16657,0.007130823098123074
16658,0.005676405504345894
16659,0.007439429871737957
16660,0.008019667118787766
16661,0.0034062748309224844
16662,0.0053390152752399445
16663,0.00576988747343421
16664,0.014441250823438168
16665,0.0028715264052152634
16666,0.010011163540184498
16667,0.011970951221883297
16668,0.003710453864187002
16669,0.0077235279604792595
16670,0.008545240387320518
16671,0.005126292817294598
16672,0.009201760403811932
16673,0.010809446685016155
16674,0.011175824329257011
16675,0.009908399544656277
16676,0.012245384976267815
16677,0.008035735227167606
16678,0.008403467014431953
16679,0.003259233897551894
16680,0.02549891173839569
16681,0.009614276699721813
16682,0.010510515421628952
16683,0.002404147293418646
16684,0.00747681176289916
16685,0.012629887089133263
16686,0.005372862331569195
16687,0.008682316169142723
16688,0.010795841924846172
16689,0.00823305919766426
16690,0.00625410582870245
16691,0.006321821361780167
16692,0.001512854709289968
16693,0.00441985297948122
16694,0.005632322281599045
16695,0.011612778529524803
16696,0.00834604911506176
16697,0.006627901457250118
16698,0.004728387575596571
16699,0.00900634378194809
16700,0.008062565699219704
16701,0.004576854407787323
16702,0.014975066296756268
16703,0.007280062884092331
16704,0.009353216737508774
16705,0.009513743221759796
16706,0.008737973868846893
16707,0.014210140332579613
16708,0.009180023334920406
16709,0.014072051271796227
16710,0.005678542889654636
16711,0.010403390973806381
16712,0.007049961946904659
16713,0.014482772909104824
16714,0.007071973290294409
16715,0.01866512931883335
16716,0.006813796237111092
16717,0.01500719040632248
16718,0.00892899464815855
16719,0.006605255417525768
16720,0.014002850279211998
16721,0.01200912706553936
16722,0.005613876041024923
16723,0.009949073195457458
16724,0.008994385600090027
16725,0.005003136582672596
16726,0.008914278820157051
16727,0.012828143313527107
16728,0.012947602197527885
16729,0.014600339345633984
16730,0.004287276417016983
16731,0.004472424741834402
16732,0.0065770987421274185
16733,0.005025876220315695
16734,0.007150555029511452
16735,0.0116236237809062
16736,0.008710676804184914
16737,0.005278135649859905
16738,0.008057715371251106
16739,0.002807674463838339
16740,0.005365079268813133
16741,0.011591445654630661
16742,0.004827834665775299
16743,0.01929439604282379
16744,0.006379540078341961
16745,0.009582686237990856
16746,0.004483196884393692
16747,0.0044693294912576675
16748,0.0187115129083395
16749,0.006286566145718098
16750,0.0161275677382946
16751,0.006643376313149929
16752,0.008135441690683365
16753,0.008375441655516624
16754,0.017222795635461807
16755,0.01738712005317211
16756,0.007490949239581823
16757,0.005042045842856169
16758,0.002461311873048544
16759,0.01191121619194746
16760,0.0038638811092823744
16761,0.00535492692142725
16762,0.015746869146823883
16763,0.010097003541886806
16764,0.0029293312691152096
16765,0.01048558484762907
16766,0.005526633467525244
16767,0.009440381079912186
16768,0.012912425212562084
16769,0.003981809597462416
16770,0.0038859385531395674
16771,0.006138701923191547
16772,0.003515940858051181
16773,0.006001352332532406
16774,0.010413897223770618
16775,0.003916613291949034
16776,0.01609865203499794
16777,0.008096861653029919
16778,0.009406879544258118
16779,0.00917071383446455
16780,0.006624164059758186
16781,0.006098772864788771
16782,0.0027367407456040382
16783,0.012549959123134613
16784,0.004665453918278217
16785,0.010197828523814678
16786,0.002864046022295952
16787,0.004169272258877754
16788,0.02047070860862732
16789,0.009931406937539577
16790,0.004113258793950081
16791,0.007675918750464916
16792,0.0069030886515975
16793,0.02377632074058056
16794,0.00952730979770422
16795,0.00937543623149395
16796,0.02628542110323906
16797,0.0077605461701750755
16798,0.005726947449147701
16799,0.006294233724474907
16800,0.009713354520499706
16801,0.003511583199724555
16802,0.0117521733045578
16803,0.00968208722770214
16804,0.00939282588660717
16805,0.005618232302367687
16806,0.006286117248237133
16807,0.006732534617185593
16808,0.010123811662197113
16809,0.005993551574647427
16810,0.00369179411791265
16811,0.021915247663855553
16812,0.009525943547487259
16813,0.005635419394820929
16814,0.008079522289335728
16815,0.015799224376678467
16816,0.021056383848190308
16817,0.010169317945837975
16818,0.010159875266253948
16819,0.007335066795349121
16820,0.0040679750964045525
16821,0.004961846396327019
16822,0.004781648050993681
16823,0.006363466382026672
16824,0.008965153247117996
16825,0.015659963712096214
16826,0.010940372943878174
16827,0.006370599381625652
16828,0.004425676539540291
16829,0.003556422423571348
16830,0.012348833493888378
16831,0.014096677303314209
16832,0.002647953573614359
16833,0.003620884381234646
16834,0.008364717476069927
16835,0.003096803789958358
16836,0.006893746554851532
16837,0.021462127566337585
16838,0.0176226869225502
16839,0.005969486199319363
16840,0.007237248122692108
16841,0.010249331593513489
16842,0.0026828725822269917
16843,0.009414764121174812
16844,0.009301651269197464
16845,0.0023960599210113287
16846,0.0070342100225389
16847,0.009570160880684853
16848,0.008182650431990623
16849,0.009083153679966927
16850,0.009884849190711975
16851,0.00890507735311985
16852,0.009536605328321457
16853,0.032192111015319824
16854,0.00601035263389349
16855,0.005921050440520048
16856,0.012413540855050087
16857,0.0065679410472512245
16858,0.00469488650560379
16859,0.0032024788670241833
16860,0.005115841515362263
16861,0.008453650400042534
16862,0.003935545217245817
16863,0.009800801984965801
16864,0.008769754320383072
16865,0.006242967210710049
16866,0.026796679943799973
16867,0.006255661603063345
16868,0.007999399676918983
16869,0.01649390161037445
16870,0.005135366227477789
16871,0.005756998434662819
16872,0.006351539399474859
16873,0.0036715927999466658
16874,0.005783143453299999
16875,0.003996007144451141
16876,0.01244528591632843
16877,0.008925991132855415
16878,0.004068668000400066
16879,0.003398494329303503
16880,0.008296295069158077
16881,0.0027154460549354553
16882,0.008421897888183594
16883,0.007392197847366333
16884,0.008461947552859783
16885,0.00710670230910182
16886,0.012758213095366955
16887,0.00254843826405704
16888,0.005437908228486776
16889,0.005059134215116501
16890,0.006438717246055603
16891,0.003852765541523695
16892,0.007983380928635597
16893,0.009146432392299175
16894,0.026044145226478577
16895,0.009207550436258316
16896,0.007954755797982216
16897,0.007018072530627251
16898,0.004884285852313042
16899,0.005788320209830999
16900,0.006667023058980703
16901,0.01085166446864605
16902,0.008102690801024437
16903,0.0026752729900181293
16904,0.006984646897763014
16905,0.004501784220337868
16906,0.006242016330361366
16907,0.008799256756901741
16908,0.002897179452702403
16909,0.0146780451759696
16910,0.013381133787333965
16911,0.0038241087459027767
16912,0.007410470396280289
16913,0.008755970746278763
16914,0.004474063403904438
16915,0.015501226298511028
16916,0.013591920956969261
16917,0.015161281451582909
16918,0.00852237455546856
16919,0.004053893499076366
16920,0.0055596656166017056
16921,0.013664721511304379
16922,0.0061882538720965385
16923,0.0075623271986842155
16924,0.006274224724620581
16925,0.009106505662202835
16926,0.00972172524780035
16927,0.01274514477699995
16928,0.005732085555791855
16929,0.0058377403765916824
16930,0.005293563939630985
16931,0.008439911529421806
16932,0.010764765553176403
16933,0.006521999835968018
16934,0.00500606931746006
16935,0.007533049210906029
16936,0.015605874359607697
16937,0.011224087327718735
16938,0.007187502458691597
16939,0.007718103937804699
16940,0.021047815680503845
16941,0.009146491065621376
16942,0.00528535433113575
16943,0.010237482376396656
16944,0.009115798398852348
16945,0.003800476435571909
16946,0.008702884428203106
16947,0.006329463329166174
16948,0.008366207592189312
16949,0.0067852698266506195
16950,0.011863342486321926
16951,0.0069142915308475494
16952,0.009176868945360184
16953,0.0096843671053648
16954,0.009121276438236237
16955,0.002178366994485259
16956,0.0040351939387619495
16957,0.010886321775615215
16958,0.011580951511859894
16959,0.004495728760957718
16960,0.004185501020401716
16961,0.011380585841834545
16962,0.006847514770925045
16963,0.004497378598898649
16964,0.0028401012532413006
16965,0.003402933944016695
16966,0.004513747990131378
16967,0.004932087380439043
16968,0.013912735506892204
16969,0.0064954753033816814
16970,0.008890649303793907
16971,0.007510369177907705
16972,0.005320430733263493
16973,0.010055270977318287
16974,0.010479511693120003
16975,0.0035506736021488905
16976,0.011080051772296429
16977,0.005633837543427944
16978,0.0097297802567482
16979,0.008480614982545376
16980,0.005548144690692425
16981,0.0030305739492177963
16982,0.007098877336829901
16983,0.007403126917779446
16984,0.011272924020886421
16985,0.009440591558814049
16986,0.006397520191967487
16987,0.00503870053216815
16988,0.008033424615859985
16989,0.0075263637118041515
16990,0.006719561293721199
16991,0.0034917748998850584
16992,0.02367815002799034
16993,0.011846347711980343
16994,0.008949707262217999
16995,0.004982869606465101
16996,0.014384699985384941
16997,0.006597168743610382
16998,0.008347584865987301
16999,0.0070770541206002235
17000,0.012360784225165844
17001,0.011793656274676323
17002,0.010581026785075665
17003,0.011917522177100182
17004,0.01318415254354477
17005,0.003099615452811122
17006,0.0072703054174780846
17007,0.004005051217973232
17008,0.008870286867022514
17009,0.012494350783526897
17010,0.004156593233346939
17011,0.004190903156995773
17012,0.010659380815923214
17013,0.006589558906853199
17014,0.006956104189157486
17015,0.006072993390262127
17016,0.012762214057147503
17017,0.015384241007268429
17018,0.004087341018021107
17019,0.00910673663020134
17020,0.0032848059199750423
17021,0.0055190264247357845
17022,0.003146291710436344
17023,0.015155471861362457
17024,0.005302037112414837
17025,0.014932266436517239
17026,0.0035759019665420055
17027,0.008541054092347622
17028,0.008394405245780945
17029,0.008014668710529804
17030,0.010262329131364822
17031,0.009394602850079536
17032,0.012043192982673645
17033,0.006469466723501682
17034,0.010563868097960949
17035,0.0133538618683815
17036,0.0058886269107460976
17037,0.006347442977130413
17038,0.009370031766593456
17039,0.006464849226176739
17040,0.013273227028548717
17041,0.005494702607393265
17042,0.004828392993658781
17043,0.009967030957341194
17044,0.005106332246214151
17045,0.014439338818192482
17046,0.009264752268791199
17047,0.0028755355160683393
17048,0.005982687696814537
17049,0.008825177326798439
17050,0.008558083325624466
17051,0.008051211014389992
17052,0.008452767506241798
17053,0.003518659621477127
17054,0.005849385168403387
17055,0.002387395827099681
17056,0.029179459437727928
17057,0.01290185283869505
17058,0.0066571468487381935
17059,0.017072591930627823
17060,0.006908155046403408
17061,0.01205075066536665
17062,0.00581856956705451
17063,0.008008499629795551
17064,0.019939113408327103
17065,0.008714409545063972
17066,0.0024126823991537094
17067,0.005030177067965269
17068,0.016464686021208763
17069,0.008058416657149792
17070,0.0072050802409648895
17071,0.005568524356931448
17072,0.005610807798802853
17073,0.011688868515193462
17074,0.013966190628707409
17075,0.005268646404147148
17076,0.00903252325952053
17077,0.009113243781030178
17078,0.016675185412168503
17079,0.013187508098781109
17080,0.010168380104005337
17081,0.008330103009939194
17082,0.008790727704763412
17083,0.005210868548601866
17084,0.009208491072058678
17085,0.0129361841827631
17086,0.010069699957966805
17087,0.005956757813692093
17088,0.008852914907038212
17089,0.005962738301604986
17090,0.01414094865322113
17091,0.00917164608836174
17092,0.014482381753623486
17093,0.006679847836494446
17094,0.00993282999843359
17095,0.01661432348191738
17096,0.004965227097272873
17097,0.005362172611057758
17098,0.010828766971826553
17099,0.007878459058701992
17100,0.01906331442296505
17101,0.011203061789274216
17102,0.01981794461607933
17103,0.004181969910860062
17104,0.010893471539020538
17105,0.00549999438226223
17106,0.010571790859103203
17107,0.007149375043809414
17108,0.015428414568305016
17109,0.006289258599281311
17110,0.007825976237654686
17111,0.006126553751528263
17112,0.004594065714627504
17113,0.011271273717284203
17114,0.005301336757838726
17115,0.004684458952397108
17116,0.006487532984465361
17117,0.009527349844574928
17118,0.007166137453168631
17119,0.004710737150162458
17120,0.044680774211883545
17121,0.013349173590540886
17122,0.006895611062645912
17123,0.011282779276371002
17124,0.020161541178822517
17125,0.01888968050479889
17126,0.008381261490285397
17127,0.010849690064787865
17128,0.006454519461840391
17129,0.010645243339240551
17130,0.003348828759044409
17131,0.001606720732524991
17132,0.0123085156083107
17133,0.006682301871478558
17134,0.006445694714784622
17135,0.003679526736959815
17136,0.008833471685647964
17137,0.0036948956549167633
17138,0.009275814518332481
17139,0.010124532505869865
17140,0.012672553770244122
17141,0.007149044424295425
17142,0.005311036016792059
17143,0.01156650297343731
17144,0.003678957698866725
17145,0.012280921451747417
17146,0.0045890966430306435
17147,0.010954290628433228
17148,0.005560440476983786
17149,0.007039850577712059
17150,0.007408168166875839
17151,0.00806694757193327
17152,0.009232012555003166
17153,0.010232388973236084
17154,0.01098694559186697
17155,0.016310207545757294
17156,0.003157351166009903
17157,0.016931066289544106
17158,0.009720760397613049
17159,0.006891455035656691
17160,0.004397047683596611
17161,0.0050879488699138165
17162,0.0033946395851671696
17163,0.008990961126983166
17164,0.0063938177190721035
17165,0.004429677035659552
17166,0.013066865503787994
17167,0.005151018500328064
17168,0.006740652956068516
17169,0.0057642096653580666
17170,0.0109173022210598
17171,0.008529745042324066
17172,0.014280623756349087
17173,0.007086802273988724
17174,0.010600763373076916
17175,0.0028335745446383953
17176,0.003917279187589884
17177,0.0063905538991093636
17178,0.011044740676879883
17179,0.009106136858463287
17180,0.004982333164662123
17181,0.010173380374908447
17182,0.006551516242325306
17183,0.0056954650208354
17184,0.014666649512946606
17185,0.012015181593596935
17186,0.004288333468139172
17187,0.00909917801618576
17188,0.0033339837100356817
17189,0.00740722706541419
17190,0.00806889496743679
17191,0.005650862120091915
17192,0.0026709854137152433
17193,0.005347406025975943
17194,0.013090061955153942
17195,0.003577988129109144
17196,0.0063488781452178955
17197,0.005573943257331848
17198,0.0037258057855069637
17199,0.012127405032515526
17200,0.019517410546541214
17201,0.009814087301492691
17202,0.004807016812264919
17203,0.00341445067897439
17204,0.010223863646388054
17205,0.008544361218810081
17206,0.008033372461795807
17207,0.0076760160736739635
17208,0.019079096615314484
17209,0.00976046733558178
17210,0.0030552807729691267
17211,0.01343456469476223
17212,0.00684801209717989
17213,0.004461534321308136
17214,0.013566544279456139
17215,0.005569380708038807
17216,0.009070761501789093
17217,0.020914018154144287
17218,0.009957658126950264
17219,0.0056001050397753716
17220,0.012248708866536617
17221,0.011961888521909714
17222,0.01001327857375145
17223,0.008883606642484665
17224,0.010672276839613914
17225,0.008685912005603313
17226,0.008514600805938244
17227,0.010400744155049324
17228,0.004823354538530111
17229,0.006273469887673855
17230,0.0072638895362615585
17231,0.0033908183686435223
17232,0.01532939076423645
17233,0.014287849888205528
17234,0.012387126684188843
17235,0.006693817675113678
17236,0.008407317101955414
17237,0.0046413009986281395
17238,0.01427010353654623
17239,0.005250571295619011
17240,0.005929945036768913
17241,0.010076094418764114
17242,0.007116475608199835
17243,0.005693820770829916
17244,0.01080638449639082
17245,0.009127156808972359
17246,0.0035074627958238125
17247,0.014901503920555115
17248,0.021736998111009598
17249,0.014002321287989616
17250,0.004992864094674587
17251,0.0034274770878255367
17252,0.00729867210611701
17253,0.006570996716618538
17254,0.019670730456709862
17255,0.005353929474949837
17256,0.014941210858523846
17257,0.005882980301976204
17258,0.005070163868367672
17259,0.005095832981169224
17260,0.005818634293973446
17261,0.016649562865495682
17262,0.006021214183419943
17263,0.00493008503690362
17264,0.0037533938884735107
17265,0.0143338767811656
17266,0.006591794081032276
17267,0.003318341448903084
17268,0.01036730594933033
17269,0.006100588943809271
17270,0.010129885748028755
17271,0.007614342030137777
17272,0.002290270524099469
17273,0.004086515866219997
17274,0.006533341016620398
17275,0.006643444299697876
17276,0.008391264826059341
17277,0.004980527795851231
17278,0.004072026815265417
17279,0.012450741603970528
17280,0.005363859236240387
17281,0.004361446481198072
17282,0.007965761236846447
17283,0.004211330786347389
17284,0.06647852063179016
17285,0.0038010794669389725
17286,0.0032157935202121735
17287,0.016386350616812706
17288,0.004488079808652401
17289,0.007620425894856453
17290,0.0070143467746675014
17291,0.004542189184576273
17292,0.010989307425916195
17293,0.011532304808497429
17294,0.005752081982791424
17295,0.01206848956644535
17296,0.0033852169290184975
17297,0.008276390843093395
17298,0.009088514372706413
17299,0.007654018700122833
17300,0.006950241979211569
17301,0.00827855709940195
17302,0.006992556154727936
17303,0.003704620525240898
17304,0.005135964602231979
17305,0.004169450141489506
17306,0.004868633113801479
17307,0.011052966117858887
17308,0.024766817688941956
17309,0.005885147489607334
17310,0.015454968437552452
17311,0.021532436832785606
17312,0.0037112757563591003
17313,0.007002608384937048
17314,0.0058031752705574036
17315,0.006841415073722601
17316,0.013187283650040627
17317,0.011459275148808956
17318,0.008969329297542572
17319,0.008315728977322578
17320,0.00537466537207365
17321,0.01640136167407036
17322,0.013253418728709221
17323,0.005526112392544746
17324,0.004073993302881718
17325,0.004668107256293297
17326,0.004358299076557159
17327,0.022906064987182617
17328,0.007402866147458553
17329,0.001978958025574684
17330,0.009471194818615913
17331,0.0033642840571701527
17332,0.00535121513530612
17333,0.0077155157923698425
17334,0.007655443158000708
17335,0.007306747138500214
17336,0.006291989237070084
17337,0.011827245354652405
17338,0.007558436598628759
17339,0.0076884678564965725
17340,0.014001436531543732
17341,0.008273925632238388
17342,0.007827889174222946
17343,0.006722266785800457
17344,0.00885776337236166
17345,0.00977020151913166
17346,0.003652948886156082
17347,0.007094285916537046
17348,0.003956859931349754
17349,0.010278774425387383
17350,0.0055892146192491055
17351,0.005642547272145748
17352,0.006825195625424385
17353,0.0057288603857159615
17354,0.00396455405279994
17355,0.01175285317003727
17356,0.007808059453964233
17357,0.014002438634634018
17358,0.012432961724698544
17359,0.007341322489082813
17360,0.0049473997205495834
17361,0.0036275896709412336
17362,0.01087026298046112
17363,0.01025358121842146
17364,0.008987242355942726
17365,0.009365053847432137
17366,0.0054425387643277645
17367,0.011619776487350464
17368,0.004599633626639843
17369,0.015713315457105637
17370,0.008367832750082016
17371,0.009572332724928856
17372,0.007677250541746616
17373,0.004728048574179411
17374,0.009035810828208923
17375,0.004239698871970177
17376,0.0077429949305951595
17377,0.0070756725035607815
17378,0.017629384994506836
17379,0.029538899660110474
17380,0.018758391961455345
17381,0.008595663122832775
17382,0.01415303722023964
17383,0.003415627172216773
17384,0.010534454137086868
17385,0.007986653596162796
17386,0.006888342555612326
17387,0.006040578242391348
17388,0.010188503190875053
17389,0.016791513189673424
17390,0.009535791352391243
17391,0.005005506332963705
17392,0.008527040481567383
17393,0.013790838420391083
17394,0.003916401416063309
17395,0.007438988890498877
17396,0.00928617361932993
17397,0.004388405941426754
17398,0.018114445731043816
17399,0.01189785823225975
17400,0.006066692061722279
17401,0.011739810928702354
17402,0.00925331562757492
17403,0.013413026928901672
17404,0.011170166544616222
17405,0.0037197228521108627
17406,0.0037599392235279083
17407,0.010734356008470058
17408,0.006722647231072187
17409,0.008979938924312592
17410,0.00938938558101654
17411,0.005568488966673613
17412,0.009042448364198208
17413,0.004234416410326958
17414,0.012091131880879402
17415,0.005907790269702673
17416,0.008373929187655449
17417,0.005271033849567175
17418,0.010226653888821602
17419,0.012500244192779064
17420,0.0036480147391557693
17421,0.006746634840965271
17422,0.010134611278772354
17423,0.003581743221729994
17424,0.004700749181210995
17425,0.005365348421037197
17426,0.003853732254356146
17427,0.003405315801501274
17428,0.003797238226979971
17429,0.003609908279031515
17430,0.007106819190084934
17431,0.005362202879041433
17432,0.005259217694401741
17433,0.01317519973963499
17434,0.009357273578643799
17435,0.010433226823806763
17436,0.006989064626395702
17437,0.011720983311533928
17438,0.014995097182691097
17439,0.004878852516412735
17440,0.005940672010183334
17441,0.00748206302523613
17442,0.005605028942227364
17443,0.0033329552970826626
17444,0.005356991197913885
17445,0.006028011441230774
17446,0.009914707392454147
17447,0.005469323601573706
17448,0.00627359002828598
17449,0.01251104287803173
17450,0.019619258120656013
17451,0.006238085683435202
17452,0.007354953791946173
17453,0.012004821561276913
17454,0.003292645327746868
17455,0.00966106727719307
17456,0.006740279030054808
17457,0.014938603155314922
17458,0.003217260120436549
17459,0.003252971451729536
17460,0.006861367728561163
17461,0.010807140730321407
17462,0.006313706748187542
17463,0.00914437510073185
17464,0.008872716687619686
17465,0.02172442339360714
17466,0.012284497730433941
17467,0.0043707359582185745
17468,0.009598033502697945
17469,0.008049043826758862
17470,0.007806978654116392
17471,0.007824394851922989
17472,0.007787765469402075
17473,0.010015255771577358
17474,0.0066472264006733894
17475,0.012441767379641533
17476,0.010560757480561733
17477,0.02292502298951149
17478,0.002691585337743163
17479,0.008511803112924099
17480,0.014529917389154434
17481,0.012675406411290169
17482,0.010159075260162354
17483,0.005797937512397766
17484,0.006081927567720413
17485,0.009883832186460495
17486,0.005158912390470505
17487,0.014806988649070263
17488,0.013462874107062817
17489,0.00821707397699356
17490,0.0053928024135529995
17491,0.00480944849550724
17492,0.007438143249601126
17493,0.014984432607889175
17494,0.006789155304431915
17495,0.007481432519853115
17496,0.0048722801730036736
17497,0.008420944213867188
17498,0.017484908923506737
17499,0.0038235150277614594
17500,0.012282565236091614
17501,0.005977064371109009
17502,0.005995571613311768
17503,0.0031907050870358944
17504,0.007499858736991882
17505,0.010329308919608593
17506,0.015404726378619671
17507,0.00850249920040369
17508,0.011900450102984905
17509,0.015300648286938667
17510,0.003421669825911522
17511,0.005738867446780205
17512,0.00843886099755764
17513,0.014097798615694046
17514,0.00533711863681674
17515,0.011101111769676208
17516,0.0071375686675310135
17517,0.006382287479937077
17518,0.007119671441614628
17519,0.009470514953136444
17520,0.00508370203897357
17521,0.005586815532296896
17522,0.0034781896974891424
17523,0.0036973822861909866
17524,0.004803908057510853
17525,0.011445809155702591
17526,0.007175222039222717
17527,0.003712767269462347
17528,0.007949535734951496
17529,0.005939991679042578
17530,0.009048961102962494
17531,0.003985098097473383
17532,0.01111455075442791
17533,0.004188487306237221
17534,0.013010652735829353
17535,0.012643279507756233
17536,0.0045468490570783615
17537,0.006744065321981907
17538,0.01915321871638298
17539,0.007770809344947338
17540,0.009921657852828503
17541,0.006440419703722
17542,0.00961103942245245
17543,0.007175680249929428
17544,0.011050387285649776
17545,0.006359032355248928
17546,0.0034352417569607496
17547,0.003110160119831562
17548,0.010625424794852734
17549,0.008147054351866245
17550,0.016765445470809937
17551,0.00535979587584734
17552,0.014977946877479553
17553,0.02205345593392849
17554,0.009376371279358864
17555,0.006212245207279921
17556,0.007172919809818268
17557,0.007269015535712242
17558,0.010049743577837944
17559,0.006196819245815277
17560,0.0035799925681203604
17561,0.0068385242484509945
17562,0.013226642273366451
17563,0.014800354838371277
17564,0.01252593845129013
17565,0.008793379180133343
17566,0.016873866319656372
17567,0.009020635858178139
17568,0.005888510029762983
17569,0.004826130345463753
17570,0.018130112439393997
17571,0.010754235088825226
17572,0.010208274237811565
17573,0.006719009485095739
17574,0.009399296715855598
17575,0.005175188183784485
17576,0.012323873117566109
17577,0.009379584342241287
17578,0.01263986062258482
17579,0.018485810607671738
17580,0.012511372566223145
17581,0.005503339227288961
17582,0.0043508801609277725
17583,0.004995053634047508
17584,0.009890718385577202
17585,0.008919298648834229
17586,0.006873385515064001
17587,0.007669068872928619
17588,0.004939870908856392
17589,0.007587311789393425
17590,0.008183276280760765
17591,0.01649653911590576
17592,0.009205094538629055
17593,0.010729419067502022
17594,0.006474479101598263
17595,0.004534818697720766
17596,0.006230108439922333
17597,0.006566775497049093
17598,0.003403274342417717
17599,0.0037947706878185272
17600,0.00799300242215395
17601,0.013026243075728416
17602,0.007942384108901024
17603,0.005832114722579718
17604,0.007352498825639486
17605,0.004806711338460445
17606,0.011625466868281364
17607,0.006434095557779074
17608,0.013159367255866528
17609,0.006625148467719555
17610,0.010028204880654812
17611,0.011026125401258469
17612,0.014775398187339306
17613,0.00701092928647995
17614,0.006181797012686729
17615,0.010666306130588055
17616,0.009357204660773277
17617,0.006886239629238844
17618,0.007305860053747892
17619,0.010971644893288612
17620,0.008098095655441284
17621,0.0067037781700491905
17622,0.017876967787742615
17623,0.013781252317130566
17624,0.0048512546345591545
17625,0.008681553415954113
17626,0.003441891632974148
17627,0.005557301454246044
17628,0.004275847226381302
17629,0.0042072320356965065
17630,0.007599592208862305
17631,0.004242175258696079
17632,0.00515607837587595
17633,0.010122057050466537
17634,0.005644029006361961
17635,0.005886613391339779
17636,0.007778537459671497
17637,0.009137656539678574
17638,0.0034432546235620975
17639,0.010328618809580803
17640,0.005736727267503738
17641,0.035972438752651215
17642,0.005318177863955498
17643,0.008464710786938667
17644,0.009500360116362572
17645,0.0071351975202560425
17646,0.00662356149405241
17647,0.0043829623609781265
17648,0.01009250059723854
17649,0.0031144656240940094
17650,0.021927043795585632
17651,0.009623877704143524
17652,0.005230364855378866
17653,0.006525869481265545
17654,0.00846814177930355
17655,0.007727648131549358
17656,0.010907999239861965
17657,0.006088558584451675
17658,0.004331905394792557
17659,0.013896055519580841
17660,0.010156074538826942
17661,0.006615167483687401
17662,0.0032448675483465195
17663,0.0074826804921031
17664,0.01441537868231535
17665,0.004564489703625441
17666,0.00506076542660594
17667,0.005419732071459293
17668,0.014939619228243828
17669,0.013686390593647957
17670,0.008133556693792343
17671,0.0066937655210494995
17672,0.007665320299565792
17673,0.005442838184535503
17674,0.00968286581337452
17675,0.0029952775221318007
17676,0.004307162947952747
17677,0.0057722716592252254
17678,0.015288224443793297
17679,0.004646806046366692
17680,0.003241014201194048
17681,0.009575774893164635
17682,0.002460130723193288
17683,0.007766836788505316
17684,0.007397143170237541
17685,0.01577429473400116
17686,0.014570005238056183
17687,0.007242822553962469
17688,0.007236191537231207
17689,0.004026270471513271
17690,0.005720055662095547
17691,0.005054449662566185
17692,0.0068759797140955925
17693,0.011615157127380371
17694,0.012041233479976654
17695,0.00474182516336441
17696,0.007284400053322315
17697,0.0025983485393226147
17698,0.01286560483276844
17699,0.014491802081465721
17700,0.006223456468433142
17701,0.0033593401312828064
17702,0.005414818879216909
17703,0.004154429771006107
17704,0.00954238697886467
17705,0.005979883950203657
17706,0.002633239608258009
17707,0.004901477601379156
17708,0.0055599152110517025
17709,0.009114556014537811
17710,0.006955049932003021
17711,0.007705955766141415
17712,0.0028696185909211636
17713,0.005099180620163679
17714,0.02058376744389534
17715,0.004806991200894117
17716,0.006113216280937195
17717,0.010540792718529701
17718,0.012221532873809338
17719,0.005975400563329458
17720,0.0051499842666089535
17721,0.004640188068151474
17722,0.0028842743486166
17723,0.006751049309968948
17724,0.0021494668908417225
17725,0.0040114037692546844
17726,0.008315516635775566
17727,0.016060203313827515
17728,0.019821668043732643
17729,0.017880743369460106
17730,0.012892323546111584
17731,0.005705635994672775
17732,0.005324856378138065
17733,0.002899720100685954
17734,0.007059080526232719
17735,0.014157671481370926
17736,0.007996750995516777
17737,0.006633472628891468
17738,0.007769393734633923
17739,0.01200055330991745
17740,0.005290868692100048
17741,0.004888416733592749
17742,0.013883776031434536
17743,0.007470029406249523
17744,0.008172860369086266
17745,0.008167318999767303
17746,0.006073894910514355
17747,0.013418121263384819
17748,0.010984930209815502
17749,0.007935838773846626
17750,0.011604741215705872
17751,0.007704407908022404
17752,0.009863278828561306
17753,0.007546690758317709
17754,0.0045012193731963634
17755,0.00359323900192976
17756,0.0055659315548837185
17757,0.005836212541908026
17758,0.010089172050356865
17759,0.008676866069436073
17760,0.006033430807292461
17761,0.007922366261482239
17762,0.011457878164947033
17763,0.003900267882272601
17764,0.006748655345290899
17765,0.02964238077402115
17766,0.00828775204718113
17767,0.008331735618412495
17768,0.010579969733953476
17769,0.00603927206248045
17770,0.005132449325174093
17771,0.0058317286893725395
17772,0.004162352066487074
17773,0.0030549168586730957
17774,0.005824527703225613
17775,0.011997360736131668
17776,0.013236284255981445
17777,0.009933087043464184
17778,0.004895343445241451
17779,0.013370642438530922
17780,0.01110750436782837
17781,0.01451658084988594
17782,0.011866500601172447
17783,0.011029457673430443
17784,0.017936166375875473
17785,0.006483679171651602
17786,0.014954179525375366
17787,0.003037306247279048
17788,0.012555631808936596
17789,0.006059450097382069
17790,0.005606462713330984
17791,0.005967075936496258
17792,0.0036350402515381575
17793,0.007504309993237257
17794,0.005577522329986095
17795,0.010675517842173576
17796,0.006939470302313566
17797,0.006560478359460831
17798,0.007358258124440908
17799,0.003502003848552704
17800,0.014023042283952236
17801,0.013226231560111046
17802,0.0038162488490343094
17803,0.0091275405138731
17804,0.002885098336264491
17805,0.008274350315332413
17806,0.006146468222141266
17807,0.006696642842143774
17808,0.00895644910633564
17809,0.00922271516174078
17810,0.005868148058652878
17811,0.029231762513518333
17812,0.010903115384280682
17813,0.007524000480771065
17814,0.0067204674705863
17815,0.007593305315822363
17816,0.012353828176856041
17817,0.003335322719067335
17818,0.005583931691944599
17819,0.00669521652162075
17820,0.012802458368241787
17821,0.014735918492078781
17822,0.004233669023960829
17823,0.008365180343389511
17824,0.002960675396025181
17825,0.008528386242687702
17826,0.00814785249531269
17827,0.011098633520305157
17828,0.00390271982178092
17829,0.007855920121073723
17830,0.0029106521978974342
17831,0.008219735696911812
17832,0.014267532154917717
17833,0.015476465225219727
17834,0.01079711876809597
17835,0.0050145587883889675
17836,0.005243310704827309
17837,0.008157772943377495
17838,0.009924396872520447
17839,0.010339085943996906
17840,0.010948613286018372
17841,0.01347954012453556
17842,0.0072520337998867035
17843,0.008024062030017376
17844,0.008206421509385109
17845,0.0030544481705874205
17846,0.009033854119479656
17847,0.006559531670063734
17848,0.0112327104434371
17849,0.003351318184286356
17850,0.004989973269402981
17851,0.008262425661087036
17852,0.016004173085093498
17853,0.009038785472512245
17854,0.013293594121932983
17855,0.008374448865652084
17856,0.010527504608035088
17857,0.0034411512315273285
17858,0.004674345720559359
17859,0.005978764034807682
17860,0.007667945232242346
17861,0.004163423553109169
17862,0.00662510609254241
17863,0.011170623824000359
17864,0.012183945626020432
17865,0.012305743992328644
17866,0.008501896634697914
17867,0.010880595073103905
17868,0.009895308874547482
17869,0.01679275743663311
17870,0.005495868157595396
17871,0.006007743999361992
17872,0.009356005117297173
17873,0.008625220507383347
17874,0.007753185462206602
17875,0.006104346364736557
17876,0.004620176739990711
17877,0.006414809729903936
17878,0.009161608293652534
17879,0.018785756081342697
17880,0.009400459937751293
17881,0.010720610618591309
17882,0.0053425319492816925
17883,0.010048441588878632
17884,0.008333925157785416
17885,0.007543537765741348
17886,0.004670931026339531
17887,0.003764692461118102
17888,0.01150093786418438
17889,0.011299802921712399
17890,0.007221708074212074
17891,0.007313523441553116
17892,0.015078909695148468
17893,0.011981937102973461
17894,0.005110098514705896
17895,0.004270363599061966
17896,0.007842743769288063
17897,0.004159041680395603
17898,0.004233499988913536
17899,0.011403810232877731
17900,0.0062965936958789825
17901,0.008482876233756542
17902,0.01579231023788452
17903,0.009354167617857456
17904,0.0037923729978501797
17905,0.009371120482683182
17906,0.0059616444632411
17907,0.012134045362472534
17908,0.003683307208120823
17909,0.0032429553102701902
17910,0.0042736283503472805
17911,0.006960009224712849
17912,0.00668500317260623
17913,0.00858457013964653
17914,0.01420716941356659
17915,0.005263473838567734
17916,0.009008285589516163
17917,0.011524224653840065
17918,0.013002989813685417
17919,0.013805701397359371
17920,0.01443701796233654
17921,0.010076378472149372
17922,0.01219051331281662
17923,0.004192748107016087
17924,0.00645079230889678
17925,0.006668891757726669
17926,0.005781461950391531
17927,0.011062550358474255
17928,0.0037679504603147507
17929,0.005042619071900845
17930,0.025696203112602234
17931,0.017414255067706108
17932,0.01605202630162239
17933,0.008513405919075012
17934,0.010878443717956543
17935,0.00870562344789505
17936,0.005572473164647818
17937,0.003278233576565981
17938,0.009204822592437267
17939,0.007335470989346504
17940,0.00599707942456007
17941,0.01425872277468443
17942,0.010261833667755127
17943,0.009910223074257374
17944,0.007145301438868046
17945,0.006097679957747459
17946,0.00845654122531414
17947,0.014804321341216564
17948,0.005947785452008247
17949,0.003913775086402893
17950,0.006536106579005718
17951,0.006113491486757994
17952,0.008481673896312714
17953,0.007436886429786682
17954,0.011511515825986862
17955,0.008573438040912151
17956,0.004941356834024191
17957,0.004449824802577496
17958,0.004418832249939442
17959,0.004327670205384493
17960,0.006216180976480246
17961,0.005932713858783245
17962,0.01495103444904089
17963,0.0044577764347195625
17964,0.014382864348590374
17965,0.010536303743720055
17966,0.008240592665970325
17967,0.008273124694824219
17968,0.011556125245988369
17969,0.003441892098635435
17970,0.01146642304956913
17971,0.007329091429710388
17972,0.0070700980722904205
17973,0.00866695772856474
17974,0.003250984475016594
17975,0.0035608643665909767
17976,0.0045614177361130714
17977,0.0209642481058836
17978,0.015908818691968918
17979,0.0032772680278867483
17980,0.010754557326436043
17981,0.006240770220756531
17982,0.005154905375093222
17983,0.007410332560539246
17984,0.005475030746310949
17985,0.008061525411903858
17986,0.003028028178960085
17987,0.011864563450217247
17988,0.0061835660599172115
17989,0.003027087775990367
17990,0.003603413701057434
17991,0.011796360835433006
17992,0.005775909870862961
17993,0.009462950751185417
17994,0.008147189393639565
17995,0.007683785632252693
17996,0.007640128489583731
17997,0.009862005710601807
17998,0.016592949628829956
17999,0.012451939284801483
18000,0.003576830495148897
18001,0.009570054709911346
18002,0.009038526564836502
18003,0.004786488600075245
18004,0.007727349177002907
18005,0.010923853144049644
18006,0.014085918664932251
18007,0.0021647484973073006
18008,0.005328379105776548
18009,0.010091530159115791
18010,0.011345799081027508
18011,0.008169937878847122
18012,0.0057790144346654415
18013,0.006066327448934317
18014,0.010471313260495663
18015,0.008895709179341793
18016,0.006951437797397375
18017,0.006341919302940369
18018,0.005695795174688101
18019,0.007861772552132607
18020,0.008147761225700378
18021,0.009048135951161385
18022,0.008678261190652847
18023,0.020248569548130035
18024,0.00385337695479393
18025,0.008179694414138794
18026,0.005840179976075888
18027,0.009375764057040215
18028,0.005076723173260689
18029,0.012831601314246655
18030,0.008714201860129833
18031,0.018003057688474655
18032,0.00883230846375227
18033,0.006174077279865742
18034,0.005033325403928757
18035,0.014783889055252075
18036,0.0067808665335178375
18037,0.007900839671492577
18038,0.014633591286838055
18039,0.00693429633975029
18040,0.003714263904839754
18041,0.007996300235390663
18042,0.004563802853226662
18043,0.007224789820611477
18044,0.016402926295995712
18045,0.0076409028843045235
18046,0.004432247020304203
18047,0.004913534969091415
18048,0.008135202340781689
18049,0.0035908794961869717
18050,0.020517943426966667
18051,0.004837018437683582
18052,0.006085665430873632
18053,0.01991262286901474
18054,0.015833143144845963
18055,0.00483010383322835
18056,0.029022594913840294
18057,0.00945676863193512
18058,0.006841150112450123
18059,0.010231750085949898
18060,0.008584530092775822
18061,0.011597678065299988
18062,0.008306780830025673
18063,0.006052444688975811
18064,0.009331954643130302
18065,0.005560407415032387
18066,0.012362480163574219
18067,0.00625891238451004
18068,0.016845041885972023
18069,0.010092314332723618
18070,0.004478949587792158
18071,0.004307124763727188
18072,0.005729151424020529
18073,0.0030574004631489515
18074,0.00510051054880023
18075,0.004434614907950163
18076,0.01130819134414196
18077,0.003349668113514781
18078,0.011249104514718056
18079,0.006465261802077293
18080,0.009461162611842155
18081,0.002928180620074272
18082,0.007988379336893559
18083,0.005633150227367878
18084,0.009165333583950996
18085,0.011281149461865425
18086,0.010995732620358467
18087,0.011293388903141022
18088,0.0049354275688529015
18089,0.006316074635833502
18090,0.027629010379314423
18091,0.002938388381153345
18092,0.015665534883737564
18093,0.010416166856884956
18094,0.004269202705472708
18095,0.002887670649215579
18096,0.007334310561418533
18097,0.004018311854451895
18098,0.003818401601165533
18099,0.015863116830587387
18100,0.005427558906376362
18101,0.008042183704674244
18102,0.003642613533884287
18103,0.008057254366576672
18104,0.004770373925566673
18105,0.019733818247914314
18106,0.006419362500309944
18107,0.009515820071101189
18108,0.003943328745663166
18109,0.007451320998370647
18110,0.0053987083956599236
18111,0.0029248143546283245
18112,0.011392071843147278
18113,0.007616959512233734
18114,0.00664341077208519
18115,0.007296030875295401
18116,0.0034329723566770554
18117,0.0068798065185546875
18118,0.004790523089468479
18119,0.014634448103606701
18120,0.007074984721839428
18121,0.011941922828555107
18122,0.014435774646699429
18123,0.007467704825103283
18124,0.011610808782279491
18125,0.0035392860881984234
18126,0.006568107288330793
18127,0.004092796240001917
18128,0.006689862813800573
18129,0.012304982170462608
18130,0.021906983107328415
18131,0.004365421831607819
18132,0.005207366310060024
18133,0.007102312054485083
18134,0.014733472838997841
18135,0.01648813672363758
18136,0.004197218921035528
18137,0.007494456600397825
18138,0.011997896246612072
18139,0.006449693348258734
18140,0.00792415626347065
18141,0.002720580203458667
18142,0.00900417473167181
18143,0.004718699958175421
18144,0.004208450671285391
18145,0.005635061301290989
18146,0.007386739365756512
18147,0.012943631038069725
18148,0.0032705385237932205
18149,0.005047886166721582
18150,0.00592285580933094
18151,0.006765054073184729
18152,0.007468254771083593
18153,0.016545332968235016
18154,0.006622727494686842
18155,0.007012804038822651
18156,0.00680410023778677
18157,0.005915496498346329
18158,0.009571382775902748
18159,0.0039092255756258965
18160,0.015973253175616264
18161,0.005034586414694786
18162,0.007092711981385946
18163,0.007892763242125511
18164,0.007231663912534714
18165,0.007283317856490612
18166,0.006203453987836838
18167,0.001942980452440679
18168,0.014922430738806725
18169,0.007621414959430695
18170,0.0042379009537398815
18171,0.009166248142719269
18172,0.005123843904584646
18173,0.005809679627418518
18174,0.004363699816167355
18175,0.005051551386713982
18176,0.006976874079555273
18177,0.007935374975204468
18178,0.008183317258954048
18179,0.006469801068305969
18180,0.0265406034886837
18181,0.006376487202942371
18182,0.012267585843801498
18183,0.018269380554556847
18184,0.011284731328487396
18185,0.010558819398283958
18186,0.005019709467887878
18187,0.009934486821293831
18188,0.005714166909456253
18189,0.0214435663074255
18190,0.006322725676000118
18191,0.005666550248861313
18192,0.01265069842338562
18193,0.012106209993362427
18194,0.010847475379705429
18195,0.005650072358548641
18196,0.009780291467905045
18197,0.0030605685897171497
18198,0.0024559057783335447
18199,0.0038869641721248627
18200,0.015090658329427242
18201,0.015244300477206707
18202,0.006368259899318218
18203,0.00626892177388072
18204,0.003063168376684189
18205,0.007444889284670353
18206,0.012692639604210854
18207,0.0067922151647508144
18208,0.021060477942228317
18209,0.005900520831346512
18210,0.007041034754365683
18211,0.0037388927303254604
18212,0.011223085224628448
18213,0.017722010612487793
18214,0.012278251349925995
18215,0.007697193883359432
18216,0.004329008050262928
18217,0.004454875364899635
18218,0.003429412841796875
18219,0.004294528625905514
18220,0.008000412955880165
18221,0.005080916918814182
18222,0.006349592469632626
18223,0.003594371024519205
18224,0.0058142757043242455
18225,0.00757876131683588
18226,0.011911138892173767
18227,0.007751333527266979
18228,0.011532528325915337
18229,0.0036279596388339996
18230,0.003085708012804389
18231,0.008172590285539627
18232,0.007303948514163494
18233,0.01843896135687828
18234,0.00967854168266058
18235,0.010677251033484936
18236,0.00660977466031909
18237,0.017508961260318756
18238,0.005112094338983297
18239,0.010232025757431984
18240,0.006678655743598938
18241,0.00508614769205451
18242,0.008524558506906033
18243,0.0045034317299723625
18244,0.00439445162191987
18245,0.007131870836019516
18246,0.010082794353365898
18247,0.009932184591889381
18248,0.009731064550578594
18249,0.004512397106736898
18250,0.014149552211165428
18251,0.005443651229143143
18252,0.021048789843916893
18253,0.003821760416030884
18254,0.004970801528543234
18255,0.006728415843099356
18256,0.010723857209086418
18257,0.00944564864039421
18258,0.002925829729065299
18259,0.0035354141145944595
18260,0.004184200428426266
18261,0.010402298532426357
18262,0.008086273446679115
18263,0.019206611439585686
18264,0.01037171296775341
18265,0.017980419099330902
18266,0.008876338601112366
18267,0.007485780864953995
18268,0.012128245085477829
18269,0.009330950677394867
18270,0.007544348947703838
18271,0.0038814153522253036
18272,0.0068544684909284115
18273,0.007282249163836241
18274,0.007397952489554882
18275,0.0039709703996777534
18276,0.0038916950579732656
18277,0.006672411225736141
18278,0.005728822201490402
18279,0.020789455622434616
18280,0.0067979879677295685
18281,0.006018641404807568
18282,0.008789438754320145
18283,0.013585910201072693
18284,0.009491398930549622
18285,0.013077624142169952
18286,0.008699563331902027
18287,0.010461028665304184
18288,0.009164099581539631
18289,0.0038182507269084454
18290,0.01390052866190672
18291,0.0038957474753260612
18292,0.013080701231956482
18293,0.016850607469677925
18294,0.008452823385596275
18295,0.00570073164999485
18296,0.0020779648330062628
18297,0.006889037787914276
18298,0.0026181749999523163
18299,0.00979657657444477
18300,0.013050357811152935
18301,0.009026206098496914
18302,0.021005649119615555
18303,0.019024329259991646
18304,0.00532859330996871
18305,0.003502289531752467
18306,0.0036774310283362865
18307,0.012201782315969467
18308,0.005581108387559652
18309,0.0049454402178525925
18310,0.007830202579498291
18311,0.006065863650292158
18312,0.01594006083905697
18313,0.012669943273067474
18314,0.009071716107428074
18315,0.018439602106809616
18316,0.010257952846586704
18317,0.00612398236989975
18318,0.007124291267246008
18319,0.0070981173776090145
18320,0.004592198878526688
18321,0.005601935088634491
18322,0.010717443190515041
18323,0.0070687830448150635
18324,0.006678679957985878
18325,0.011685267090797424
18326,0.0030291657894849777
18327,0.00610969215631485
18328,0.005684450268745422
18329,0.004814588464796543
18330,0.009616663679480553
18331,0.01152372919023037
18332,0.018971595913171768
18333,0.00803629495203495
18334,0.0026889434084296227
18335,0.012456859461963177
18336,0.0166525449603796
18337,0.005344127770513296
18338,0.011969201266765594
18339,0.006920964922755957
18340,0.028620079159736633
18341,0.010586882941424847
18342,0.012285958975553513
18343,0.018326856195926666
18344,0.00862497091293335
18345,0.007241018116474152
18346,0.0038124527782201767
18347,0.00850510410964489
18348,0.01238599419593811
18349,0.005419284105300903
18350,0.009837262332439423
18351,0.013472774997353554
18352,0.007536407560110092
18353,0.01446341723203659
18354,0.002776116831228137
18355,0.007840623147785664
18356,0.0038125168066471815
18357,0.005415472202003002
18358,0.005437606014311314
18359,0.005469200666993856
18360,0.012070726603269577
18361,0.007119725923985243
18362,0.007729125674813986
18363,0.01198334526270628
18364,0.009952560067176819
18365,0.002958333818241954
18366,0.006287676747888327
18367,0.008917134255170822
18368,0.01396844070404768
18369,0.013108428567647934
18370,0.007124315015971661
18371,0.006994467228651047
18372,0.015009202063083649
18373,0.008778652176260948
18374,0.02249997854232788
18375,0.005987989716231823
18376,0.00907077081501484
18377,0.005448100622743368
18378,0.006510147824883461
18379,0.012091387063264847
18380,0.009854190982878208
18381,0.00965026207268238
18382,0.00644349493086338
18383,0.006541000213474035
18384,0.005465681664645672
18385,0.007961361669003963
18386,0.007781105116009712
18387,0.007572615053504705
18388,0.00723493006080389
18389,0.014309657737612724
18390,0.012594887986779213
18391,0.010400018654763699
18392,0.010313225910067558
18393,0.010227663442492485
18394,0.008390209637582302
18395,0.0042310855351388454
18396,0.007189781870692968
18397,0.01517273485660553
18398,0.005045287311077118
18399,0.004671894945204258
18400,0.015961579978466034
18401,0.004624458961188793
18402,0.009213368408381939
18403,0.017339063808321953
18404,0.010807408019900322
18405,0.0018876530230045319
18406,0.022204866632819176
18407,0.009356854483485222
18408,0.029485344886779785
18409,0.003984482958912849
18410,0.004682052880525589
18411,0.010046846233308315
18412,0.00893857330083847
18413,0.007066190242767334
18414,0.008516974747180939
18415,0.00976276583969593
18416,0.005450386554002762
18417,0.008289702236652374
18418,0.005061302334070206
18419,0.004448507912456989
18420,0.005952346604317427
18421,0.0036679687909781933
18422,0.009535105898976326
18423,0.01922864466905594
18424,0.012843981385231018
18425,0.0072046127170324326
18426,0.013661812990903854
18427,0.006844732910394669
18428,0.01034410111606121
18429,0.008036970160901546
18430,0.02769746445119381
18431,0.00419236347079277
18432,0.009773079305887222
18433,0.005783566739410162
18434,0.013325965963304043
18435,0.004215605556964874
18436,0.011498725041747093
18437,0.0069212354719638824
18438,0.005865627434104681
18439,0.008784049190580845
18440,0.0087638720870018
18441,0.007922181859612465
18442,0.006845380179584026
18443,0.0033480385318398476
18444,0.01205435674637556
18445,0.007246541790664196
18446,0.007767173927277327
18447,0.007852989248931408
18448,0.006879016757011414
18449,0.011850225739181042
18450,0.010943862609565258
18451,0.008706046268343925
18452,0.01648927852511406
18453,0.004940305836498737
18454,0.009221812710165977
18455,0.00969608873128891
18456,0.0046741473488509655
18457,0.003630850464105606
18458,0.01258447952568531
18459,0.006381507497280836
18460,0.004205619916319847
18461,0.012739107012748718
18462,0.010187650099396706
18463,0.011911757290363312
18464,0.005168531555682421
18465,0.005565838888287544
18466,0.008124405518174171
18467,0.04450719803571701
18468,0.006456367205828428
18469,0.006168111227452755
18470,0.004768542945384979
18471,0.006263058632612228
18472,0.010350260883569717
18473,0.00560497073456645
18474,0.007633409462869167
18475,0.003908215090632439
18476,0.005807726643979549
18477,0.013048045337200165
18478,0.0029275231063365936
18479,0.00480081420391798
18480,0.012634091079235077
18481,0.0029043438844382763
18482,0.007616284769028425
18483,0.00676567479968071
18484,0.003961093258112669
18485,0.008892755955457687
18486,0.009096730500459671
18487,0.008081409148871899
18488,0.006871852092444897
18489,0.024280473589897156
18490,0.006242488510906696
18491,0.008741086348891258
18492,0.006799694150686264
18493,0.005350859835743904
18494,0.0029950770549476147
18495,0.004698058590292931
18496,0.007385714910924435
18497,0.007552203722298145
18498,0.027350833639502525
18499,0.0036767274141311646
18500,0.0051040383987128735
18501,0.007910538464784622
18502,0.007861169055104256
18503,0.004875226877629757
18504,0.01046297512948513
18505,0.004447243642061949
18506,0.008385593071579933
18507,0.0030997327994555235
18508,0.007655613124370575
18509,0.004198418464511633
18510,0.00484866090118885
18511,0.005422947928309441
18512,0.004371809773147106
18513,0.005523580126464367
18514,0.016686908900737762
18515,0.006837494671344757
18516,0.008467431180179119
18517,0.01259255688637495
18518,0.009361105971038342
18519,0.00407630018889904
18520,0.010644175112247467
18521,0.006071557756513357
18522,0.005707349628210068
18523,0.006637897342443466
18524,0.004581399727612734
18525,0.014578014612197876
18526,0.0033683511428534985
18527,0.003417404368519783
18528,0.010342715308070183
18529,0.003182776039466262
18530,0.0036233696155250072
18531,0.009019128046929836
18532,0.005598629824817181
18533,0.009388254955410957
18534,0.004518103785812855
18535,0.007703342474997044
18536,0.01114513911306858
18537,0.008479150012135506
18538,0.009817517362535
18539,0.0044527738355100155
18540,0.00849681906402111
18541,0.008081081323325634
18542,0.005205089226365089
18543,0.01292765885591507
18544,0.002902960404753685
18545,0.013657573610544205
18546,0.00640499172732234
18547,0.005556914955377579
18548,0.005319248419255018
18549,0.008531252853572369
18550,0.010008416138589382
18551,0.01393209956586361
18552,0.004193323664367199
18553,0.003750395029783249
18554,0.00506862485781312
18555,0.007056523114442825
18556,0.004441446159034967
18557,0.007750149816274643
18558,0.0057403105311095715
18559,0.0075507452711462975
18560,0.015742216259241104
18561,0.017688486725091934
18562,0.01257272344082594
18563,0.00980525091290474
18564,0.014911617152392864
18565,0.008501386269927025
18566,0.007144255097955465
18567,0.013811184093356133
18568,0.0017836978659033775
18569,0.004365160129964352
18570,0.004326002672314644
18571,0.008099690079689026
18572,0.00445767305791378
18573,0.01106736809015274
18574,0.016529357060790062
18575,0.01104144286364317
18576,0.005338186398148537
18577,0.003108366159722209
18578,0.005526546388864517
18579,0.004951195791363716
18580,0.023922957479953766
18581,0.004812551196664572
18582,0.011684857308864594
18583,0.00400417810305953
18584,0.00952155701816082
18585,0.006871276535093784
18586,0.006512066349387169
18587,0.015926089137792587
18588,0.004140181466937065
18589,0.014858759008347988
18590,0.0036430098116397858
18591,0.0064775655046105385
18592,0.012438330799341202
18593,0.005371923558413982
18594,0.008805266581475735
18595,0.0061524598859250546
18596,0.0051825447008013725
18597,0.0026963590644299984
18598,0.010191709734499454
18599,0.008748212829232216
18600,0.00542004918679595
18601,0.006907859351485968
18602,0.007305150385946035
18603,0.005270786117762327
18604,0.006422839593142271
18605,0.012802831828594208
18606,0.003726571798324585
18607,0.008141307160258293
18608,0.00526826037093997
18609,0.01582399010658264
18610,0.006610784213989973
18611,0.01764986477792263
18612,0.0029224734753370285
18613,0.0034485729411244392
18614,0.006192916538566351
18615,0.00824875570833683
18616,0.0034468844532966614
18617,0.02197757363319397
18618,0.015080004930496216
18619,0.004413795657455921
18620,0.005677280481904745
18621,0.008001175709068775
18622,0.006695099174976349
18623,0.0060814013704657555
18624,0.007413862273097038
18625,0.00419972836971283
18626,0.004159861244261265
18627,0.009377170354127884
18628,0.010103127919137478
18629,0.0045485105365514755
18630,0.006113152951002121
18631,0.004300741478800774
18632,0.001972953323274851
18633,0.00481443852186203
18634,0.012344785034656525
18635,0.0059543754905462265
18636,0.010065712966024876
18637,0.018609683960676193
18638,0.0030905259773135185
18639,0.0075568328611552715
18640,0.0055025117471814156
18641,0.013321995735168457
18642,0.01014099083840847
18643,0.011269351467490196
18644,0.0062926351092755795
18645,0.004981781356036663
18646,0.006436699070036411
18647,0.00666087307035923
18648,0.010300486348569393
18649,0.01373199000954628
18650,0.010633319616317749
18651,0.0069447970017790794
18652,0.0045676808804273605
18653,0.007646302692592144
18654,0.023564768955111504
18655,0.007564717438071966
18656,0.009451402351260185
18657,0.00530889630317688
18658,0.007921187207102776
18659,0.011034375987946987
18660,0.004480174742639065
18661,0.01020597293972969
18662,0.013508780859410763
18663,0.008218946866691113
18664,0.016228564083576202
18665,0.019941329956054688
18666,0.004165142774581909
18667,0.006346630863845348
18668,0.009062840603291988
18669,0.0040481602773070335
18670,0.005223204381763935
18671,0.006368107628077269
18672,0.014630608260631561
18673,0.007541147526353598
18674,0.006716779433190823
18675,0.01034332625567913
18676,0.010279159061610699
18677,0.026553377509117126
18678,0.005869727116078138
18679,0.0031295991502702236
18680,0.017808187752962112
18681,0.006005150731652975
18682,0.009350262582302094
18683,0.005847256164997816
18684,0.00376708060503006
18685,0.00809603650122881
18686,0.00766706932336092
18687,0.003227239241823554
18688,0.006179573945701122
18689,0.0050284783355891705
18690,0.002600847277790308
18691,0.006275913678109646
18692,0.009135821834206581
18693,0.007103530690073967
18694,0.007256351411342621
18695,0.00461784191429615
18696,0.009073005989193916
18697,0.006072977092117071
18698,0.003858233569189906
18699,0.02739904448390007
18700,0.0062688491307199
18701,0.005506106652319431
18702,0.007059307303279638
18703,0.013221129775047302
18704,0.011864866130053997
18705,0.013540404848754406
18706,0.006285902112722397
18707,0.010162237100303173
18708,0.005839322693645954
18709,0.005722536705434322
18710,0.007377119269222021
18711,0.009572101756930351
18712,0.0072314124554395676
18713,0.015159840695559978
18714,0.006519006565213203
18715,0.006364482454955578
18716,0.004115292336791754
18717,0.007035682909190655
18718,0.005877885967493057
18719,0.00551579799503088
18720,0.006909875199198723
18721,0.005302447825670242
18722,0.00932968407869339
18723,0.010604235343635082
18724,0.01374107226729393
18725,0.0067085986956954
18726,0.0023577685933560133
18727,0.008411349728703499
18728,0.009221801534295082
18729,0.006692899391055107
18730,0.010415772907435894
18731,0.010680995881557465
18732,0.017764873802661896
18733,0.009738549590110779
18734,0.005485441070050001
18735,0.006421464961022139
18736,0.008048533461987972
18737,0.004766249097883701
18738,0.0045378501527011395
18739,0.007694979663938284
18740,0.0018751583993434906
18741,0.008398800157010555
18742,0.006166241131722927
18743,0.008361304178833961
18744,0.00288368109613657
18745,0.00551876425743103
18746,0.005323963239789009
18747,0.0064781359396874905
18748,0.0077445898205041885
18749,0.004703945480287075
18750,0.013712982647120953
18751,0.010108204558491707
18752,0.004884712398052216
18753,0.007811719086021185
18754,0.008020151406526566
18755,0.00509262178093195
18756,0.008088476955890656
18757,0.0065760305151343346
18758,0.00975057389587164
18759,0.0034903015475720167
18760,0.004220649600028992
18761,0.008816148154437542
18762,0.01290028728544712
18763,0.006002282258123159
18764,0.007290799170732498
18765,0.006344130262732506
18766,0.008628221228718758
18767,0.006358203943818808
18768,0.00956714991480112
18769,0.007179003208875656
18770,0.004857917781919241
18771,0.00949144922196865
18772,0.013234101235866547
18773,0.016348132863640785
18774,0.006291491445153952
18775,0.01801895722746849
18776,0.007213510572910309
18777,0.006648251321166754
18778,0.0051833707839250565
18779,0.016254184767603874
18780,0.0035423326771706343
18781,0.006683280225843191
18782,0.004133961163461208
18783,0.014129221439361572
18784,0.010718220844864845
18785,0.008737817406654358
18786,0.008139101788401604
18787,0.018139179795980453
18788,0.005589248146861792
18789,0.014502635225653648
18790,0.005086687859147787
18791,0.0016532456502318382
18792,0.004633693024516106
18793,0.002870474709197879
18794,0.007341396063566208
18795,0.00728302588686347
18796,0.007825996726751328
18797,0.04205366224050522
18798,0.0018159558530896902
18799,0.010321782901883125
18800,0.006197584327310324
18801,0.004610551055520773
18802,0.0036831030156463385
18803,0.013719355687499046
18804,0.005688374396413565
18805,0.014141368679702282
18806,0.005619957577437162
18807,0.0115155428647995
18808,0.007133597508072853
18809,0.005733154714107513
18810,0.0037158597260713577
18811,0.019283633679151535
18812,0.008981453254818916
18813,0.00882223155349493
18814,0.01610589399933815
18815,0.01275014877319336
18816,0.004794744774699211
18817,0.008883276954293251
18818,0.007249478250741959
18819,0.003008440602570772
18820,0.008379118517041206
18821,0.010282530449330807
18822,0.009896780364215374
18823,0.008901487104594707
18824,0.004472797736525536
18825,0.016646206378936768
18826,0.009594377130270004
18827,0.012389816343784332
18828,0.010783394798636436
18829,0.008138276636600494
18830,0.009736133739352226
18831,0.012134365737438202
18832,0.0043024588376283646
18833,0.0032367929816246033
18834,0.003521708305925131
18835,0.009810006245970726
18836,0.011230896227061749
18837,0.038319312036037445
18838,0.00481835100799799
18839,0.00935437437146902
18840,0.013365671038627625
18841,0.006071383133530617
18842,0.015310529619455338
18843,0.003381680231541395
18844,0.009429208934307098
18845,0.008216802030801773
18846,0.003675478044897318
18847,0.010110333561897278
18848,0.006246218457818031
18849,0.004353624768555164
18850,0.004276973195374012
18851,0.006248578429222107
18852,0.006775964982807636
18853,0.021096736192703247
18854,0.003786673303693533
18855,0.011647413484752178
18856,0.005343595519661903
18857,0.0060804495587944984
18858,0.0055307126604020596
18859,0.004686285741627216
18860,0.006929473020136356
18861,0.005855862982571125
18862,0.010191388428211212
18863,0.013512538745999336
18864,0.009540850296616554
18865,0.0073932381346821785
18866,0.008964614942669868
18867,0.008984250016510487
18868,0.008469714783132076
18869,0.008672993630170822
18870,0.013220044784247875
18871,0.005843635648488998
18872,0.008955511264503002
18873,0.005100227892398834
18874,0.013132764026522636
18875,0.004168794956058264
18876,0.007870121859014034
18877,0.006923703011125326
18878,0.007982832379639149
18879,0.015237048268318176
18880,0.0061414106748998165
18881,0.005812540650367737
18882,0.005437204148620367
18883,0.005067822523415089
18884,0.009143254719674587
18885,0.004360607359558344
18886,0.002416927833110094
18887,0.012273823842406273
18888,0.004460180178284645
18889,0.012778542004525661
18890,0.011811686679720879
18891,0.014206062071025372
18892,0.012438943609595299
18893,0.010619449429214
18894,0.007124032825231552
18895,0.006601307541131973
18896,0.006471614353358746
18897,0.007197586353868246
18898,0.007742372807115316
18899,0.006429079920053482
18900,0.013378344476222992
18901,0.008133424445986748
18902,0.0033768056891858578
18903,0.003586705308407545
18904,0.008942041546106339
18905,0.009121946059167385
18906,0.0041936906054615974
18907,0.01471330039203167
18908,0.00302371708676219
18909,0.011700833216309547
18910,0.007310339715331793
18911,0.011293195188045502
18912,0.006687874905765057
18913,0.003895940026268363
18914,0.015401727519929409
18915,0.004633642267435789
18916,0.003269391832873225
18917,0.0030036792159080505
18918,0.005623276811093092
18919,0.0060571106150746346
18920,0.02242044359445572
18921,0.02320467308163643
18922,0.007163957692682743
18923,0.005530293099582195
18924,0.007843399420380592
18925,0.0035120658576488495
18926,0.007593721151351929
18927,0.013042817823588848
18928,0.001903110882267356
18929,0.00866793841123581
18930,0.011594313196837902
18931,0.020504513755440712
18932,0.012468971312046051
18933,0.008570220321416855
18934,0.004231519065797329
18935,0.010138047859072685
18936,0.007348144426941872
18937,0.005986800417304039
18938,0.003468198236078024
18939,0.0044492799788713455
18940,0.0055357925593853
18941,0.03233861178159714
18942,0.015485893003642559
18943,0.004982422571629286
18944,0.007801514118909836
18945,0.011988143436610699
18946,0.0065523842349648476
18947,0.013550600968301296
18948,0.011030687019228935
18949,0.004840526729822159
18950,0.012964482419192791
18951,0.0072531020268797874
18952,0.008006883785128593
18953,0.01287841610610485
18954,0.008906448259949684
18955,0.0060084182769060135
18956,0.005327706690877676
18957,0.022848840802907944
18958,0.009199789725244045
18959,0.015563013963401318
18960,0.0057882340624928474
18961,0.014167687855660915
18962,0.00947299413383007
18963,0.003638066351413727
18964,0.00360097992233932
18965,0.007347302045673132
18966,0.00965206976979971
18967,0.010901669971644878
18968,0.004857446998357773
18969,0.005870492663234472
18970,0.00884244590997696
18971,0.011178139597177505
18972,0.006519786547869444
18973,0.0020524694118648767
18974,0.0036898371763527393
18975,0.004887137096375227
18976,0.008831571787595749
18977,0.003795803990215063
18978,0.010153939947485924
18979,0.013287534937262535
18980,0.00865967944264412
18981,0.005405205301940441
18982,0.003047827398404479
18983,0.014753282070159912
18984,0.00442992988973856
18985,0.004757420159876347
18986,0.004903444554656744
18987,0.004429538734257221
18988,0.0040749856270849705
18989,0.0036534934770315886
18990,0.011600635945796967
18991,0.01316994708031416
18992,0.0075903586111962795
18993,0.003220636397600174
18994,0.01417220663279295
18995,0.005529419984668493
18996,0.00425709830597043
18997,0.010620446875691414
18998,0.008315849117934704
18999,0.011086493730545044
19000,0.016263041645288467
19001,0.022038109600543976
19002,0.007010701112449169
19003,0.011167943477630615
19004,0.00517866387963295
19005,0.009616769850254059
19006,0.004273594357073307
19007,0.009914083406329155
19008,0.006920247338712215
19009,0.007276936434209347
19010,0.014300401322543621
19011,0.007935799658298492
19012,0.00576162151992321
19013,0.00963218417018652
19014,0.00907660461962223
19015,0.005466619040817022
19016,0.0054713040590286255
19017,0.003858057549223304
19018,0.011649164371192455
19019,0.0034671779721975327
19020,0.01092120073735714
19021,0.008097095414996147
19022,0.005402684211730957
19023,0.007860198616981506
19024,0.011911166831851006
19025,0.006848420947790146
19026,0.007586726453155279
19027,0.00902997050434351
19028,0.012277543544769287
19029,0.004974027164280415
19030,0.007221831940114498
19031,0.006517853122204542
19032,0.008484012447297573
19033,0.02332412824034691
19034,0.011457572691142559
19035,0.013192626647651196
19036,0.008665074594318867
19037,0.01852128654718399
19038,0.007421356625854969
19039,0.005143525078892708
19040,0.0073854378424584866
19041,0.0051635452546179295
19042,0.00852341391146183
19043,0.004734697751700878
19044,0.006359121762216091
19045,0.015544983558356762
19046,0.009093421511352062
19047,0.020174667239189148
19048,0.004029861651360989
19049,0.021115068346261978
19050,0.006548534147441387
19051,0.008285335265100002
19052,0.006273576989769936
19053,0.003327677957713604
19054,0.01021258719265461
19055,0.006559086963534355
19056,0.003923660144209862
19057,0.007256749086081982
19058,0.010400064289569855
19059,0.005838721990585327
19060,0.013536113314330578
19061,0.01294990535825491
19062,0.006543003022670746
19063,0.011896928772330284
19064,0.008823618292808533
19065,0.007369133643805981
19066,0.01764484867453575
19067,0.00799423549324274
19068,0.01685149222612381
19069,0.00834642443805933
19070,0.01008833572268486
19071,0.004337169695645571
19072,0.01021855790168047
19073,0.0047937012277543545
19074,0.00851486437022686
19075,0.0036802038084715605
19076,0.005386931821703911
19077,0.010274979285895824
19078,0.013199457898736
19079,0.007686420809477568
19080,0.01563420332968235
19081,0.017411746084690094
19082,0.018674451857805252
19083,0.004888429306447506
19084,0.005110812373459339
19085,0.008669836446642876
19086,0.009608409367501736
19087,0.006157705094665289
19088,0.008773700334131718
19089,0.014515822753310204
19090,0.011549784801900387
19091,0.007039929740130901
19092,0.005721853114664555
19093,0.00579218752682209
19094,0.011226224713027477
19095,0.01076668780297041
19096,0.015747666358947754
19097,0.006037435494363308
19098,0.0068482523784041405
19099,0.013793934136629105
19100,0.0059997341595590115
19101,0.006815760396420956
19102,0.006014508660882711
19103,0.005385800264775753
19104,0.011067980900406837
19105,0.010908695869147778
19106,0.010666288435459137
19107,0.00671722274273634
19108,0.0038727219216525555
19109,0.005034690257161856
19110,0.003035508096218109
19111,0.0076635247096419334
19112,0.005509834736585617
19113,0.006436123512685299
19114,0.009577948600053787
19115,0.007705751806497574
19116,0.03382652625441551
19117,0.012650372460484505
19118,0.008918028324842453
19119,0.008540170267224312
19120,0.0038600023835897446
19121,0.010816874913871288
19122,0.010858079418540001
19123,0.004030157811939716
19124,0.02285667136311531
19125,0.00614682724699378
19126,0.008496823720633984
19127,0.010185065679252148
19128,0.0029190508648753166
19129,0.004484506323933601
19130,0.00723538501188159
19131,0.00405936548486352
19132,0.006846770644187927
19133,0.004979288205504417
19134,0.007347279693931341
19135,0.008334106765687466
19136,0.01910785399377346
19137,0.005437275394797325
19138,0.00883801281452179
19139,0.0059211356565356255
19140,0.0035585183650255203
19141,0.010457406751811504
19142,0.0035679186694324017
19143,0.005678409710526466
19144,0.006840773858129978
19145,0.007985036820173264
19146,0.0018718157662078738
19147,0.004206142388284206
19148,0.020078934729099274
19149,0.006564547307789326
19150,0.003915306180715561
19151,0.007380771450698376
19152,0.011595988646149635
19153,0.004860756453126669
19154,0.0038635022938251495
19155,0.006678172852844
19156,0.012168576940894127
19157,0.004260233603417873
19158,0.0059210387989878654
19159,0.009063076227903366
19160,0.0048444257117807865
19161,0.006320315413177013
19162,0.004879468586295843
19163,0.006136876530945301
19164,0.004175643436610699
19165,0.004983530379831791
19166,0.008693624287843704
19167,0.003769350005313754
19168,0.007922021672129631
19169,0.0058673834428191185
19170,0.00703017320483923
19171,0.016678258776664734
19172,0.0025677476078271866
19173,0.01487742643803358
19174,0.0054757921025156975
19175,0.0050228191539645195
19176,0.006419468205422163
19177,0.007162426598370075
19178,0.010818208567798138
19179,0.005382711999118328
19180,0.019147388637065887
19181,0.004661643411964178
19182,0.007692338433116674
19183,0.008703725412487984
19184,0.0056237103417515755
19185,0.005025682505220175
19186,0.004194112028926611
19187,0.003328822087496519
19188,0.006328276824206114
19189,0.013367420062422752
19190,0.004359056707471609
19191,0.005033495370298624
19192,0.007933391258120537
19193,0.006330660544335842
19194,0.01002457458525896
19195,0.004140642937272787
19196,0.004415147937834263
19197,0.0024197378661483526
19198,0.009674451313912868
19199,0.012590612284839153
19200,0.008968488313257694
19201,0.003526500891894102
19202,0.0034009411465376616
19203,0.0051375143229961395
19204,0.006554837338626385
19205,0.004978192504495382
19206,0.01170953270047903
19207,0.00746676791459322
19208,0.004756767302751541
19209,0.008187569677829742
19210,0.0032928520813584328
19211,0.005341019481420517
19212,0.014242756180465221
19213,0.00886890571564436
19214,0.0083311153575778
19215,0.016984887421131134
19216,0.00956820324063301
19217,0.007984999567270279
19218,0.005574796348810196
19219,0.007183436304330826
19220,0.013172522187232971
19221,0.0041379122994840145
19222,0.010521113872528076
19223,0.009504158049821854
19224,0.017731402069330215
19225,0.006277774460613728
19226,0.010200797580182552
19227,0.02721232734620571
19228,0.005474792327731848
19229,0.009649129584431648
19230,0.012499745935201645
19231,0.008611521683633327
19232,0.02474108338356018
19233,0.004843282513320446
19234,0.00431434391066432
19235,0.003554629860445857
19236,0.010903301648795605
19237,0.0022805649787187576
19238,0.004739166237413883
19239,0.005417452193796635
19240,0.00964761059731245
19241,0.005539250560104847
19242,0.008181723766028881
19243,0.006115929689258337
19244,0.008179113268852234
19245,0.005180709064006805
19246,0.0036459730472415686
19247,0.010988086462020874
19248,0.00793231837451458
19249,0.01531326211988926
19250,0.005291036795824766
19251,0.0070929815992712975
19252,0.009469695389270782
19253,0.006312592886388302
19254,0.005744150839745998
19255,0.006399411708116531
19256,0.00735898781567812
19257,0.018541594967246056
19258,0.009604030288755894
19259,0.012284187600016594
19260,0.008427098393440247
19261,0.0026248618960380554
19262,0.008831014856696129
19263,0.00945885106921196
19264,0.01013899501413107
19265,0.011477619409561157
19266,0.0043954793363809586
19267,0.015390688553452492
19268,0.012190371751785278
19269,0.00514498446136713
19270,0.007474135607481003
19271,0.005352178122848272
19272,0.007064498029649258
19273,0.005760728381574154
19274,0.004192588850855827
19275,0.02177904173731804
19276,0.0071663400158286095
19277,0.006490199826657772
19278,0.0035284338518977165
19279,0.002348165726289153
19280,0.012105070054531097
19281,0.00478713121265173
19282,0.004042112734168768
19283,0.008804434910416603
19284,0.012906457297503948
19285,0.008746247738599777
19286,0.004234517924487591
19287,0.005862381309270859
19288,0.005727015435695648
19289,0.002346715424209833
19290,0.008199037984013557
19291,0.008800438605248928
19292,0.005424679722636938
19293,0.008808895014226437
19294,0.0058656660839915276
19295,0.008518049493432045
19296,0.002022920176386833
19297,0.0065613179467618465
19298,0.006100403144955635
19299,0.008226030506193638
19300,0.003930422477424145
19301,0.008060909807682037
19302,0.00878923386335373
19303,0.009436141699552536
19304,0.0052781119011342525
19305,0.004350386559963226
19306,0.005400612019002438
19307,0.005022668279707432
19308,0.007438994012773037
19309,0.010624287649989128
19310,0.01214480958878994
19311,0.012295868247747421
19312,0.006063984706997871
19313,0.007193968631327152
19314,0.008909880183637142
19315,0.012669662944972515
19316,0.00658456003293395
19317,0.00866630207747221
19318,0.012736393138766289
19319,0.009054474532604218
19320,0.01804390922188759
19321,0.005143560003489256
19322,0.011085428297519684
19323,0.006293851882219315
19324,0.002350254449993372
19325,0.003134294180199504
19326,0.005189997144043446
19327,0.00697888620197773
19328,0.014973191544413567
19329,0.02330588363111019
19330,0.023977845907211304
19331,0.007144893519580364
19332,0.012473592534661293
19333,0.005669509992003441
19334,0.004565873648971319
19335,0.004111155867576599
19336,0.01119392178952694
19337,0.009205001406371593
19338,0.014621816575527191
19339,0.003923559095710516
19340,0.011275204829871655
19341,0.014311744831502438
19342,0.007108486257493496
19343,0.006709563545882702
19344,0.007862545549869537
19345,0.010418348014354706
19346,0.003006407991051674
19347,0.008727268315851688
19348,0.008130000904202461
19349,0.006240734830498695
19350,0.005275200121104717
19351,0.007970167323946953
19352,0.0025716768577694893
19353,0.00537073751911521
19354,0.00865855161100626
19355,0.0031860708259046078
19356,0.005470455624163151
19357,0.005812310613691807
19358,0.005686390679329634
19359,0.009532161988317966
19360,0.014704754576086998
19361,0.0048537785187363625
19362,0.0027038303669542074
19363,0.00848010741174221
19364,0.006997594144195318
19365,0.007504601031541824
19366,0.005909878294914961
19367,0.013517802581191063
19368,0.008838094770908356
19369,0.00631419662386179
19370,0.015591504983603954
19371,0.006391707807779312
19372,0.007900271564722061
19373,0.018862750381231308
19374,0.006927087903022766
19375,0.0048086694441735744
19376,0.0024629905819892883
19377,0.006386261433362961
19378,0.005818221718072891
19379,0.005058738868683577
19380,0.0047374302521348
19381,0.008588758297264576
19382,0.0032322739716619253
19383,0.012143942527472973
19384,0.009195024147629738
19385,0.006998324766755104
19386,0.013068513944745064
19387,0.005362778902053833
19388,0.0234156996011734
19389,0.004406929016113281
19390,0.007101378403604031
19391,0.006380289793014526
19392,0.004510493017733097
19393,0.005762001499533653
19394,0.010498924180865288
19395,0.008794342167675495
19396,0.005661956965923309
19397,0.0150814950466156
19398,0.005373190622776747
19399,0.008765341714024544
19400,0.013227475807070732
19401,0.0050879837945103645
19402,0.006327259354293346
19403,0.011049257591366768
19404,0.004576609004288912
19405,0.00460464134812355
19406,0.0067485636100173
19407,0.005891609471291304
19408,0.005668077617883682
19409,0.013771595433354378
19410,0.009658143855631351
19411,0.022099368274211884
19412,0.018183713778853416
19413,0.008158866316080093
19414,0.017143692821264267
19415,0.004440643824636936
19416,0.01574774459004402
19417,0.01399916410446167
19418,0.003572288900613785
19419,0.018987437710165977
19420,0.007063288241624832
19421,0.0059660738334059715
19422,0.025464527308940887
19423,0.013726587407290936
19424,0.011562153697013855
19425,0.009040594100952148
19426,0.009272143244743347
19427,0.00610780343413353
19428,0.006915359757840633
19429,0.005940724164247513
19430,0.00932757742702961
19431,0.007221182342618704
19432,0.005544617772102356
19433,0.008180845528841019
19434,0.0034609432332217693
19435,0.003425232134759426
19436,0.008502379059791565
19437,0.006215406581759453
19438,0.007007259875535965
19439,0.004779452923685312
19440,0.0032177686225622892
19441,0.016892125830054283
19442,0.004159147851169109
19443,0.010205027647316456
19444,0.009654592722654343
19445,0.005189265590161085
19446,0.014728228561580181
19447,0.008009128272533417
19448,0.011946886777877808
19449,0.00706089474260807
19450,0.004722689278423786
19451,0.005659816786646843
19452,0.0020067207515239716
19453,0.028496090322732925
19454,0.010347145609557629
19455,0.007356290705502033
19456,0.0030020158737897873
19457,0.02152145467698574
19458,0.004913996905088425
19459,0.007875453680753708
19460,0.006882829125970602
19461,0.05008227750658989
19462,0.012146483175456524
19463,0.0076686786487698555
19464,0.011684062890708447
19465,0.004563786089420319
19466,0.011482838541269302
19467,0.014247099868953228
19468,0.007608211599290371
19469,0.006191291846334934
19470,0.006275758147239685
19471,0.013432590290904045
19472,0.007827548310160637
19473,0.004977400414645672
19474,0.005736784543842077
19475,0.010152684524655342
19476,0.011831535957753658
19477,0.005459093488752842
19478,0.0032845730893313885
19479,0.0065973540768027306
19480,0.004529253579676151
19481,0.014386816881597042
19482,0.00453345850110054
19483,0.009985825046896935
19484,0.00515175424516201
19485,0.004656143486499786
19486,0.01101523544639349
19487,0.009266345761716366
19488,0.00531502952799201
19489,0.012589330784976482
19490,0.008053570985794067
19491,0.011683642864227295
19492,0.0022071460261940956
19493,0.007274314295500517
19494,0.0064282165840268135
19495,0.007172370329499245
19496,0.006991592701524496
19497,0.004446552600711584
19498,0.009040813893079758
19499,0.007306364830583334
19500,0.013806822709739208
19501,0.009543407708406448
19502,0.005191240459680557
19503,0.00553749268874526
19504,0.012514514848589897
19505,0.0066662197932600975
19506,0.008395690470933914
19507,0.010099363513290882
19508,0.010460210964083672
19509,0.0073324330151081085
19510,0.006392992101609707
19511,0.00807778351008892
19512,0.004857097752392292
19513,0.004551724996417761
19514,0.011110307648777962
19515,0.007591153495013714
19516,0.010652882978320122
19517,0.010158490389585495
19518,0.005291101988404989
19519,0.013169942423701286
19520,0.003157739294692874
19521,0.007607028819620609
19522,0.008695842698216438
19523,0.01508974190801382
19524,0.005175044294446707
19525,0.014810726046562195
19526,0.0069710854440927505
19527,0.010178806260228157
19528,0.0028649147134274244
19529,0.006541104055941105
19530,0.005362149327993393
19531,0.003925642929971218
19532,0.005679589696228504
19533,0.004989121109247208
19534,0.006730902008712292
19535,0.006334993988275528
19536,0.0034554600715637207
19537,0.007615865208208561
19538,0.0038892903830856085
19539,0.006802111864089966
19540,0.006195381283760071
19541,0.006593853235244751
19542,0.011828208342194557
19543,0.006867495831102133
19544,0.006630040239542723
19545,0.007846718654036522
19546,0.003610251471400261
19547,0.0058739278465509415
19548,0.007614856585860252
19549,0.012303224764764309
19550,0.00562943983823061
19551,0.00498470151796937
19552,0.00866585224866867
19553,0.0092490054666996
19554,0.012514500878751278
19555,0.008698785677552223
19556,0.0077229938469827175
19557,0.0022920032497495413
19558,0.008052601478993893
19559,0.006315499544143677
19560,0.0061366967856884
19561,0.004038669168949127
19562,0.005337228532880545
19563,0.0039366465061903
19564,0.0047362265177071095
19565,0.00543882604688406
19566,0.013392831198871136
19567,0.006748275365680456
19568,0.013339320197701454
19569,0.004218740854412317
19570,0.0066161989234387875
19571,0.014210964553058147
19572,0.010088631883263588
19573,0.012308960780501366
19574,0.004976598545908928
19575,0.006566325202584267
19576,0.00382717396132648
19577,0.003187598194926977
19578,0.02444850653409958
19579,0.0017910617170855403
19580,0.007029131054878235
19581,0.020178180187940598
19582,0.01817825809121132
19583,0.005372153129428625
19584,0.012399776838719845
19585,0.005862072110176086
19586,0.006326481234282255
19587,0.005462413188070059
19588,0.01165870949625969
19589,0.006354094948619604
19590,0.00574033847078681
19591,0.007359453942626715
19592,0.004478517919778824
19593,0.012757121585309505
19594,0.004969961941242218
19595,0.005914642941206694
19596,0.004337882623076439
19597,0.01061244122684002
19598,0.007104828022420406
19599,0.00830391887575388
19600,0.0030123970936983824
19601,0.00499430438503623
19602,0.005969827529042959
19603,0.007551277056336403
19604,0.006259065121412277
19605,0.010598956607282162
19606,0.01359468698501587
19607,0.006921356078237295
19608,0.009515346959233284
19609,0.022602468729019165
19610,0.033205464482307434
19611,0.004793856292963028
19612,0.009332606568932533
19613,0.01167179923504591
19614,0.004634327255189419
19615,0.0022175877820700407
19616,0.010383999906480312
19617,0.005848650820553303
19618,0.003816049313172698
19619,0.008993840776383877
19620,0.007619489915668964
19621,0.006919988431036472
19622,0.008310826495289803
19623,0.005896010436117649
19624,0.011938672512769699
19625,0.006026453338563442
19626,0.004557122942060232
19627,0.0089883953332901
19628,0.00938267819583416
19629,0.014008591882884502
19630,0.010994586162269115
19631,0.008844699710607529
19632,0.020575836300849915
19633,0.007488315459340811
19634,0.0009955775458365679
19635,0.010962392203509808
