ID,score
0,0.004835034254938364
1,0.006632392294704914
2,0.004773259162902832
3,0.008552595973014832
4,0.012803713791072369
5,0.01508792769163847
6,0.004646084737032652
7,0.016160592436790466
8,0.004661703482270241
9,0.005398000590503216
10,0.012577306479215622
11,0.014066390693187714
12,0.005120772402733564
13,0.013604739680886269
14,0.004328902345150709
15,0.011419808492064476
16,0.004259689711034298
17,0.006887654773890972
18,0.027118723839521408
19,0.006645794026553631
20,0.006761816330254078
21,0.006099188234657049
22,0.008127277716994286
23,0.003030294319614768
24,0.02073678746819496
25,0.003652553539723158
26,0.009290005080401897
27,0.005180793814361095
28,0.0042704432271420956
29,0.005549220368266106
30,0.01230020634829998
31,0.004214750602841377
32,0.006577783729881048
33,0.005006351508200169
34,0.007644773460924625
35,0.004961804486811161
36,0.00855406653136015
37,0.007532864809036255
38,0.003642928320914507
39,0.00866096280515194
40,0.02009499818086624
41,0.008743532001972198
42,0.0048390040174126625
43,0.014648637734353542
44,0.019985798746347427
45,0.009271062910556793
46,0.006083271466195583
47,0.010580520145595074
48,0.006782809272408485
49,0.0035442421212792397
50,0.010910558514297009
51,0.017725111916661263
52,0.005807277746498585
53,0.0040248604491353035
54,0.006429324857890606
55,0.005306936800479889
56,0.01080901175737381
57,0.0035590347833931446
58,0.004785068333148956
59,0.004597892519086599
60,0.009200820699334145
61,0.003581050783395767
62,0.006093622650951147
63,0.0027868503239005804
64,0.008670108392834663
65,0.017530318349599838
66,0.0060210078954696655
67,0.005493858363479376
68,0.009191026911139488
69,0.01395304873585701
70,0.009293101727962494
71,0.014778821729123592
72,0.005053038243204355
73,0.0033575629349797964
74,0.006177898496389389
75,0.00882756058126688
76,0.009642858058214188
77,0.006348803639411926
78,0.023050805553793907
79,0.010628782212734222
80,0.012026593089103699
81,0.005948405247181654
82,0.01548515260219574
83,0.01734250783920288
84,0.005661508999764919
85,0.030600886791944504
86,0.004313561599701643
87,0.013092316687107086
88,0.009134620428085327
89,0.012268861755728722
90,0.0029591931961476803
91,0.01458386518061161
92,0.0016642821719869971
93,0.008613310754299164
94,0.005890313070267439
95,0.005575838964432478
96,0.013437913730740547
97,0.0068739354610443115
98,0.008041206747293472
99,0.008930850774049759
100,0.015048552304506302
101,0.006692457012832165
102,0.007539412938058376
103,0.007317437790334225
104,0.006083163432776928
105,0.006772417575120926
106,0.010521604679524899
107,0.009785509668290615
108,0.01278655044734478
109,0.00514850951731205
110,0.004825931042432785
111,0.003972071222960949
112,0.007945669814944267
113,0.008103344589471817
114,0.01281753834336996
115,0.003606194630265236
116,0.004220537841320038
117,0.010630246251821518
118,0.006910459604114294
119,0.01103112380951643
120,0.004473262932151556
121,0.009034695103764534
122,0.012388383969664574
123,0.004989792592823505
124,0.009494590573012829
125,0.01025429181754589
126,0.01591857522726059
127,0.009063199162483215
128,0.0066261012107133865
129,0.0028953286819159985
130,0.003318337257951498
131,0.00875698309391737
132,0.010401192121207714
133,0.005395462736487389
134,0.0030432245694100857
135,0.020557992160320282
136,0.0064125582575798035
137,0.005722612142562866
138,0.004084878601133823
139,0.012714413926005363
140,0.0064208609983325005
141,0.008817129768431187
142,0.011784521862864494
143,0.006029280833899975
144,0.01124638132750988
145,0.002367905341088772
146,0.009475527331233025
147,0.004691965412348509
148,0.004825204145163298
149,0.020072288811206818
150,0.011804930865764618
151,0.008304943330585957
152,0.005696217995136976
153,0.0031951151322573423
154,0.004576855804771185
155,0.008723890408873558
156,0.006483647972345352
157,0.0071694739162921906
158,0.006374693941324949
159,0.0057549672201275826
160,0.008243219926953316
161,0.008288193494081497
162,0.0065439618192613125
163,0.005073471460491419
164,0.016766579821705818
165,0.004826891236007214
166,0.006897049956023693
167,0.013392617926001549
168,0.0034914733842015266
169,0.013990874402225018
170,0.00555559154599905
171,0.010061491280794144
172,0.0033446592278778553
173,0.011440865695476532
174,0.015588867478072643
175,0.00767640583217144
176,0.008179891854524612
177,0.00677185133099556
178,0.002949703484773636
179,0.007897022180259228
180,0.011839136481285095
181,0.006998315453529358
182,0.006370297633111477
183,0.0035752798430621624
184,0.01606215350329876
185,0.005179095547646284
186,0.005374727305024862
187,0.00421286653727293
188,0.0030693518929183483
189,0.005553096532821655
190,0.012258818373084068
191,0.006875514984130859
192,0.009562967345118523
193,0.005873695015907288
194,0.011121628805994987
195,0.00354163721203804
196,0.006430243141949177
197,0.005591213703155518
198,0.007016507443040609
199,0.011295730248093605
200,0.007985642179846764
201,0.00897376611828804
202,0.004330087453126907
203,0.010964952409267426
204,0.017108241096138954
205,0.0037056123837828636
206,0.003710671793669462
207,0.004431243985891342
208,0.00816047377884388
209,0.005795010831207037
210,0.016199292615056038
211,0.007767781149595976
212,0.0070174760185182095
213,0.018509045243263245
214,0.008189313113689423
215,0.02111968956887722
216,0.003553289920091629
217,0.008281389251351357
218,0.004475061781704426
219,0.004026669077575207
220,0.0039257146418094635
221,0.004338618367910385
222,0.012375581078231335
223,0.010165849700570107
224,0.01378282904624939
225,0.008867575787007809
226,0.032138392329216
227,0.006540854461491108
228,0.01275307685136795
229,0.012016786262392998
230,0.01822599582374096
231,0.014069033786654472
232,0.005906056612730026
233,0.013856595382094383
234,0.008333459496498108
235,0.022356508299708366
236,0.004114170558750629
237,0.003516288474202156
238,0.0064052436500787735
239,0.00817932840436697
240,0.012515432201325893
241,0.006933670490980148
242,0.007870880886912346
243,0.008984399959445
244,0.009427277371287346
245,0.004025473725050688
246,0.013679174706339836
247,0.009909447282552719
248,0.005360400304198265
249,0.012272032909095287
250,0.005486955866217613
251,0.0068345628678798676
252,0.008312718942761421
253,0.004190345760434866
254,0.0038167759776115417
255,0.012221647426486015
256,0.0032327380031347275
257,0.004241565242409706
258,0.013818725012242794
259,0.002561402041465044
260,0.003846702165901661
261,0.007779056206345558
262,0.009862243197858334
263,0.013369935564696789
264,0.005984954535961151
265,0.0054116640239953995
266,0.011332607828080654
267,0.003667436307296157
268,0.008714141324162483
269,0.0034440800081938505
270,0.01823458820581436
271,0.018256045877933502
272,0.003976046107709408
273,0.0032885323744267225
274,0.007473748177289963
275,0.014251633547246456
276,0.007811934687197208
277,0.008459792472422123
278,0.007922038435935974
279,0.005677276290953159
280,0.006017294712364674
281,0.018160758540034294
282,0.01747199520468712
283,0.00414438359439373
284,0.0069100940600037575
285,0.014495821669697762
286,0.011291361413896084
287,0.006386083550751209
288,0.008557719178497791
289,0.0054598706774413586
290,0.0038358476012945175
291,0.014035130850970745
292,0.009646140970289707
293,0.015381762757897377
294,0.009504420682787895
295,0.00649991724640131
296,0.01469081174582243
297,0.002904888242483139
298,0.00702278409153223
299,0.005902937613427639
300,0.010069841518998146
301,0.005603739060461521
302,0.014255854301154613
303,0.007486387621611357
304,0.010347284376621246
305,0.006401588208973408
306,0.002683746162801981
307,0.007097442634403706
308,0.003549417480826378
309,0.007705748081207275
310,0.00804295763373375
311,0.011270632967352867
312,0.013001426123082638
313,0.025844868272542953
314,0.00315322307869792
315,0.007596664130687714
316,0.004224346950650215
317,0.013832724653184414
318,0.009617073461413383
319,0.006147691514343023
320,0.006646927446126938
321,0.00999017059803009
322,0.003768110414966941
323,0.004510089755058289
324,0.016274116933345795
325,0.011876940727233887
326,0.005694786086678505
327,0.012102622538805008
328,0.01438391488045454
329,0.015290467999875546
330,0.013792677782475948
331,0.007880750112235546
332,0.0062150489538908005
333,0.009863847866654396
334,0.005758601240813732
335,0.0034657109063118696
336,0.003871380118653178
337,0.007712767459452152
338,0.006013168022036552
339,0.007319494616240263
340,0.0028750847559422255
341,0.00805897917598486
342,0.005075414199382067
343,0.0076577081345021725
344,0.009471015073359013
345,0.006615066435188055
346,0.012149601243436337
347,0.014153855852782726
348,0.009930893778800964
349,0.009591490030288696
350,0.009151957929134369
351,0.005831204354763031
352,0.004748116713017225
353,0.005464763380587101
354,0.005206588190048933
355,0.007018699776381254
356,0.013329136185348034
357,0.010731721296906471
358,0.01117003709077835
359,0.010087847709655762
360,0.00409428495913744
361,0.011499720625579357
362,0.004587632138282061
363,0.010185902006924152
364,0.011518995277583599
365,0.006061263382434845
366,0.019393425434827805
367,0.0076165348291397095
368,0.011603308841586113
369,0.0030604477506130934
370,0.010789318010210991
371,0.004404012579470873
372,0.004517519846558571
373,0.02122565731406212
374,0.005266197025775909
375,0.005920390598475933
376,0.004766911268234253
377,0.006164973136037588
378,0.013195297680795193
379,0.016136089339852333
380,0.005611623637378216
381,0.006096816621720791
382,0.010627299547195435
383,0.002615393837913871
384,0.024497460573911667
385,0.009391451254487038
386,0.012970564886927605
387,0.003021698445081711
388,0.008699746802449226
389,0.006249068304896355
390,0.0033995031844824553
391,0.016063828021287918
392,0.005343937780708075
393,0.007206358946859837
394,0.010770726017653942
395,0.008462355472147465
396,0.025129348039627075
397,0.0084143728017807
398,0.005864450242370367
399,0.0032356190495193005
400,0.013234431855380535
401,0.007190628908574581
402,0.011109821498394012
403,0.0068896859884262085
404,0.005309375934302807
405,0.03196171671152115
406,0.008303500711917877
407,0.008754695765674114
408,0.007767831441015005
409,0.008260135538876057
410,0.0060376012697815895
411,0.00531599810346961
412,0.011922168545424938
413,0.003864339552819729
414,0.01501762866973877
415,0.004482773598283529
416,0.004507624544203281
417,0.010477570816874504
418,0.010868502780795097
419,0.003958796616643667
420,0.0073108188807964325
421,0.006029633339494467
422,0.009563148021697998
423,0.010557661764323711
424,0.00710309436544776
425,0.005377992521971464
426,0.004701992031186819
427,0.007885461673140526
428,0.005237276665866375
429,0.003653098363429308
430,0.011285665445029736
431,0.00419251061975956
432,0.008787451311945915
433,0.005509328097105026
434,0.004104539752006531
435,0.005352475680410862
436,0.006640353240072727
437,0.006790283136069775
438,0.020935161039233208
439,0.006569334771484137
440,0.006303743924945593
441,0.004608632996678352
442,0.008572890423238277
443,0.02182219922542572
444,0.005483922548592091
445,0.007809331174939871
446,0.006759919226169586
447,0.007127529941499233
448,0.017648646607995033
449,0.006075419485569
450,0.009547333233058453
451,0.00605760607868433
452,0.007595174014568329
453,0.014623324386775494
454,0.012453479692339897
455,0.007989100180566311
456,0.0067251152358949184
457,0.0028126728720963
458,0.00480049941688776
459,0.009038610383868217
460,0.004663678817451
461,0.004355068318545818
462,0.006985333748161793
463,0.05975081026554108
464,0.009739955887198448
465,0.00868022721260786
466,0.0059125060215592384
467,0.004929524380713701
468,0.008204898796975613
469,0.020816560834646225
470,0.004551019053906202
471,0.010447874665260315
472,0.006001272704452276
473,0.0024046716280281544
474,0.009129684418439865
475,0.012130065821111202
476,0.007769658230245113
477,0.005078000947833061
478,0.004619884304702282
479,0.004927486646920443
480,0.007022049278020859
481,0.016649238765239716
482,0.022211596369743347
483,0.011815056204795837
484,0.006697728764265776
485,0.0066734543070197105
486,0.009605610743165016
487,0.009247275069355965
488,0.004963124170899391
489,0.019432079046964645
490,0.030412977561354637
491,0.00684728566557169
492,0.014819139614701271
493,0.0074416762217879295
494,0.006145603023469448
495,0.004342169035226107
496,0.007850575260818005
497,0.006817919667810202
498,0.00655030831694603
499,0.004811066202819347
500,0.006793145090341568
501,0.0067205168306827545
502,0.003924674820154905
503,0.01344971638172865
504,0.013874851167201996
505,0.004387253895401955
506,0.008063304238021374
507,0.019425056874752045
508,0.005534961819648743
509,0.011047112755477428
510,0.013141131028532982
511,0.030372438952326775
512,0.0028448267839848995
513,0.005851310677826405
514,0.012576049193739891
515,0.013838211074471474
516,0.0032685822807252407
517,0.004071553237736225
518,0.006447000429034233
519,0.012185921892523766
520,0.0029920972883701324
521,0.006714314222335815
522,0.0035807243548333645
523,0.009987746365368366
524,0.007810372393578291
525,0.004334054887294769
526,0.010049293749034405
527,0.008599182590842247
528,0.0040775141678750515
529,0.0025131809525191784
530,0.009428544901311398
531,0.013024304062128067
532,0.009774122387170792
533,0.008399246260523796
534,0.0025908458046615124
535,0.009996015578508377
536,0.007527741603553295
537,0.0032977284863591194
538,0.01207230519503355
539,0.006886272691190243
540,0.010813619010150433
541,0.005945258773863316
542,0.006084189750254154
543,0.0064548105001449585
544,0.004982396028935909
545,0.005145811475813389
546,0.012258224189281464
547,0.023539777845144272
548,0.00692245876416564
549,0.012735861353576183
550,0.005730536766350269
551,0.007605744060128927
552,0.011000151745975018
553,0.005775074940174818
554,0.033985938876867294
555,0.005843171384185553
556,0.007949254475533962
557,0.008036436513066292
558,0.008953666314482689
559,0.012641293928027153
560,0.011494281701743603
561,0.007166512310504913
562,0.012585364282131195
563,0.011507994495332241
564,0.010436391457915306
565,0.008004787378013134
566,0.012605100870132446
567,0.008340803906321526
568,0.014930350705981255
569,0.004006490111351013
570,0.00630362331867218
571,0.002819689689204097
572,0.008761732839047909
573,0.004066178109496832
574,0.010713896714150906
575,0.007940670475363731
576,0.011367108672857285
577,0.009308310225605965
578,0.013583737425506115
579,0.003909788094460964
580,0.005426929332315922
581,0.0042818458750844
582,0.00328083336353302
583,0.006761438678950071
584,0.005636097397655249
585,0.007235586643218994
586,0.008936531841754913
587,0.008639512583613396
588,0.005462348461151123
589,0.01066269539296627
590,0.006245098076760769
591,0.009635846130549908
592,0.008304047398269176
593,0.014705165289342403
594,0.010511795990169048
595,0.00669363047927618
596,0.0042403340339660645
597,0.011756520718336105
598,0.005484927445650101
599,0.011908668093383312
600,0.01382728572934866
601,0.008187934756278992
602,0.0054434603080153465
603,0.006515961140394211
604,0.004452957771718502
605,0.007625478319823742
606,0.0027365474961698055
607,0.0071397144347429276
608,0.012161466293036938
609,0.006837473716586828
610,0.0033298691269010305
611,0.011646954342722893
612,0.020199526101350784
613,0.006766322068870068
614,0.007266228552907705
615,0.0133283119648695
616,0.013345952145755291
617,0.009794840589165688
618,0.0124449972063303
619,0.007824132218956947
620,0.004136702045798302
621,0.008233455941081047
622,0.009777754545211792
623,0.011766130104660988
624,0.011704551056027412
625,0.005920647643506527
626,0.006237855181097984
627,0.005326553713530302
628,0.005660037975758314
629,0.0137923713773489
630,0.006149464752525091
631,0.009116340428590775
632,0.009095404297113419
633,0.013627107255160809
634,0.0036513227969408035
635,0.01097547821700573
636,0.005971959792077541
637,0.009331928566098213
638,0.003983619622886181
639,0.02212679386138916
640,0.010994426906108856
641,0.00955946184694767
642,0.004750528372824192
643,0.003930144943296909
644,0.0054619102738797665
645,0.005473881494253874
646,0.0033181083854287863
647,0.014757472090423107
648,0.0068155331537127495
649,0.014065206050872803
650,0.0044458769261837006
651,0.006739749573171139
652,0.009729426354169846
653,0.013420294038951397
654,0.027344759553670883
655,0.008333819918334484
656,0.0032427399419248104
657,0.005948382895439863
658,0.007423934992402792
659,0.0028914182912558317
660,0.004150472115725279
661,0.007073462009429932
662,0.006417172960937023
663,0.01168474368751049
664,0.006929226219654083
665,0.005212623160332441
666,0.009375553578138351
667,0.006691684480756521
668,0.006871623452752829
669,0.002796594053506851
670,0.004832771606743336
671,0.006079881452023983
672,0.0073143611662089825
673,0.00661747669801116
674,0.006151159759610891
675,0.009193562902510166
676,0.0046653421595692635
677,0.005778213497251272
678,0.0028138270135968924
679,0.0039063626900315285
680,0.009412089362740517
681,0.006262998096644878
682,0.013429457321763039
683,0.007514273747801781
684,0.008731008507311344
685,0.022317899391055107
686,0.0024480842985212803
687,0.005757131613790989
688,0.004528393037617207
689,0.0023961099795997143
690,0.01199394278228283
691,0.006021288689225912
692,0.0045203776098787785
693,0.0037945460062474012
694,0.005714296363294125
695,0.006224436219781637
696,0.006371771916747093
697,0.009694147855043411
698,0.004686677362769842
699,0.016639193519949913
700,0.010645303875207901
701,0.00583223020657897
702,0.008302878588438034
703,0.007367443293333054
704,0.005930683575570583
705,0.005237999372184277
706,0.006160899996757507
707,0.005986716598272324
708,0.008176332339644432
709,0.0054949307814240456
710,0.007390923798084259
711,0.00466720899567008
712,0.022305678576231003
713,0.013089756481349468
714,0.003719557076692581
715,0.010227328166365623
716,0.012796737253665924
717,0.014486009255051613
718,0.00368349882774055
719,0.011826055124402046
720,0.00375537620857358
721,0.009257887490093708
722,0.005294905509799719
723,0.014856157824397087
724,0.005142647307366133
725,0.005872812122106552
726,0.004885437898337841
727,0.0067049600183963776
728,0.006586836185306311
729,0.009327143430709839
730,0.0060210516676306725
731,0.009698210284113884
732,0.006859171204268932
733,0.008699658326804638
734,0.007020420394837856
735,0.008987382985651493
736,0.003851565532386303
737,0.010598055087029934
738,0.013061624020338058
739,0.009136526845395565
740,0.009557535871863365
741,0.010301637463271618
742,0.008610738441348076
743,0.0027253851294517517
744,0.006166090257465839
745,0.009236129000782967
746,0.00673286197707057
747,0.005581715609878302
748,0.005772079806774855
749,0.01067178975790739
750,0.006636450067162514
751,0.006077620666474104
752,0.004675853531807661
753,0.011063110083341599
754,0.0036046276800334454
755,0.0179829653352499
756,0.007128480821847916
757,0.005452576093375683
758,0.00999302975833416
759,0.010355908423662186
760,0.015073053538799286
761,0.005133969709277153
762,0.01253443956375122
763,0.006643021013587713
764,0.005936921574175358
765,0.004820170346647501
766,0.008723573759198189
767,0.014699146151542664
768,0.010410625487565994
769,0.017535798251628876
770,0.00657870015129447
771,0.0058209276758134365
772,0.005631101783365011
773,0.010511033236980438
774,0.01599682681262493
775,0.00902746245265007
776,0.002600478706881404
777,0.008763302117586136
778,0.008394457399845123
779,0.00787261314690113
780,0.007813617587089539
781,0.00562262674793601
782,0.006816101726144552
783,0.005732554942369461
784,0.004477106966078281
785,0.004806594457477331
786,0.034249477088451385
787,0.007170706056058407
788,0.004884258843958378
789,0.003837333992123604
790,0.015932487323880196
791,0.0028426903299987316
792,0.005408172961324453
793,0.0057508684694767
794,0.014135211706161499
795,0.013793013989925385
796,0.03202597051858902
797,0.004390038084238768
798,0.005077336449176073
799,0.00647808238863945
800,0.008608314208686352
801,0.014994299970567226
802,0.0076134647242724895
803,0.011233720928430557
804,0.006454759743064642
805,0.013547739014029503
806,0.010099036619067192
807,0.0076761627569794655
808,0.005225512199103832
809,0.006752738729119301
810,0.012699305079877377
811,0.0065145790576934814
812,0.009140951558947563
813,0.005838157143443823
814,0.01306978054344654
815,0.005053944885730743
816,0.01184910163283348
817,0.013396143913269043
818,0.0040223258547484875
819,0.004859517328441143
820,0.0054328604601323605
821,0.02882947027683258
822,0.007818295620381832
823,0.007358429953455925
824,0.012833396904170513
825,0.0054244655184447765
826,0.004780457355082035
827,0.006595381535589695
828,0.0044478606432676315
829,0.010468697175383568
830,0.009513622149825096
831,0.016012586653232574
832,0.004046458750963211
833,0.01356204878538847
834,0.010431066155433655
835,0.009498247876763344
836,0.01176021434366703
837,0.01752428337931633
838,0.006063079461455345
839,0.008200129494071007
840,0.0022718398831784725
841,0.008651169016957283
842,0.0036946111358702183
843,0.0069534266367554665
844,0.006528282072395086
845,0.00798842404037714
846,0.009215583093464375
847,0.008398453705012798
848,0.005884809419512749
849,0.010976796969771385
850,0.008678490296006203
851,0.007601544260978699
852,0.005341933574527502
853,0.00907597504556179
854,0.01058834046125412
855,0.006178231444209814
856,0.00789917167276144
857,0.0031543532386422157
858,0.011673863977193832
859,0.007232584059238434
860,0.009562162682414055
861,0.006050124764442444
862,0.004757286049425602
863,0.007441185414791107
864,0.021546516567468643
865,0.010110434144735336
866,0.008838878944516182
867,0.022909535095095634
868,0.007821664214134216
869,0.00956764817237854
870,0.01074770838022232
871,0.01313740573823452
872,0.013928486034274101
873,0.012073246762156487
874,0.009785477072000504
875,0.006793761160224676
876,0.013213498517870903
877,0.014031706377863884
878,0.002756379544734955
879,0.0031761610880494118
880,0.007352486252784729
881,0.012225111946463585
882,0.008637022227048874
883,0.009898863732814789
884,0.0064428141340613365
885,0.002177680376917124
886,0.0025284779258072376
887,0.0028793427627533674
888,0.009772622026503086
889,0.012978999875485897
890,0.012347083538770676
891,0.002641284605488181
892,0.010052245110273361
893,0.013099700212478638
894,0.007712137885391712
895,0.008020942099392414
896,0.006760355085134506
897,0.012892447412014008
898,0.005311973392963409
899,0.003992443438619375
900,0.006750722881406546
901,0.007059245370328426
902,0.019686724990606308
903,0.020404376089572906
904,0.011881120502948761
905,0.005597401410341263
906,0.018546368926763535
907,0.008007347583770752
908,0.0074227554723620415
909,0.004698312841355801
910,0.0051909806206822395
911,0.00664741825312376
912,0.012996642850339413
913,0.0038114222697913647
914,0.004372390452772379
915,0.004173485096544027
916,0.005781884305179119
917,0.006086776964366436
918,0.009581651538610458
919,0.006444129161536694
920,0.005769988056272268
921,0.009488854557275772
922,0.010187562555074692
923,0.006620979867875576
924,0.014869250357151031
925,0.004359720274806023
926,0.008460069075226784
927,0.006728669628500938
928,0.004736482165753841
929,0.0038264866452664137
930,0.012133421376347542
931,0.006244331132620573
932,0.004924067296087742
933,0.01149301789700985
934,0.009291203692555428
935,0.006560078822076321
936,0.008684065192937851
937,0.007889047265052795
938,0.007317200303077698
939,0.015100366435945034
940,0.011413278989493847
941,0.006372819654643536
942,0.00494927866384387
943,0.00932373944669962
944,0.010041407309472561
945,0.006681532599031925
946,0.011230625212192535
947,0.00787709653377533
948,0.005922548472881317
949,0.016126422211527824
950,0.006930866744369268
951,0.004092223942279816
952,0.007044574245810509
953,0.009623373858630657
954,0.015668002888560295
955,0.010558768175542355
956,0.003748574061319232
957,0.010545639321208
958,0.004369630943983793
959,0.005058253183960915
960,0.003771680872887373
961,0.0030353665351867676
962,0.010079823434352875
963,0.007992604747414589
964,0.004542331211268902
965,0.01731955260038376
966,0.006015240680426359
967,0.008629432879388332
968,0.011614356189966202
969,0.004761639051139355
970,0.014556321315467358
971,0.02425415813922882
972,0.010847962461411953
973,0.014001414179801941
974,0.01857096515595913
975,0.006979250814765692
976,0.007963163778185844
977,0.004301409237086773
978,0.016206232830882072
979,0.007558993063867092
980,0.006745071150362492
981,0.006080317310988903
982,0.010936757549643517
983,0.00943373516201973
984,0.024321451783180237
985,0.005629989318549633
986,0.004107238259166479
987,0.004671008791774511
988,0.006882566027343273
989,0.0021853602956980467
990,0.008463790640234947
991,0.013364817947149277
992,0.01535211130976677
993,0.006135862320661545
994,0.010276710614562035
995,0.014456531032919884
996,0.010301263071596622
997,0.008375199511647224
998,0.006949744187295437
999,0.005626395344734192
1000,0.009802145883440971
1001,0.0034408532083034515
1002,0.01710067316889763
1003,0.007150731515139341
1004,0.0044640544801950455
1005,0.006789831444621086
1006,0.007231587078422308
1007,0.012229731306433678
1008,0.012202511541545391
1009,0.01300693117082119
1010,0.0023817019537091255
1011,0.007566413842141628
1012,0.006461144890636206
1013,0.005036470480263233
1014,0.014856023713946342
1015,0.01989125832915306
1016,0.005980705376714468
1017,0.020336439833045006
1018,0.005992384161800146
1019,0.00782966148108244
1020,0.009891520254313946
1021,0.006333035882562399
1022,0.0063695162534713745
1023,0.009142993949353695
1024,0.004281218163669109
1025,0.009101331233978271
1026,0.009237254038453102
1027,0.009130517952144146
1028,0.010965108871459961
1029,0.007605412974953651
1030,0.008221148513257504
1031,0.02172228693962097
1032,0.009661882184445858
1033,0.010429587215185165
1034,0.013052593916654587
1035,0.007350811269134283
1036,0.005294077098369598
1037,0.00481291813775897
1038,0.008401958271861076
1039,0.025687694549560547
1040,0.007040107157081366
1041,0.010981730185449123
1042,0.020392579957842827
1043,0.005141234025359154
1044,0.004942762199789286
1045,0.005775061901658773
1046,0.019259005784988403
1047,0.014723550528287888
1048,0.003451061202213168
1049,0.016494490206241608
1050,0.006376791745424271
1051,0.01055560540407896
1052,0.005113369785249233
1053,0.009406400844454765
1054,0.005798382218927145
1055,0.010319135151803493
1056,0.005278255790472031
1057,0.005109638907015324
1058,0.006812854669988155
1059,0.009234016761183739
1060,0.012266239151358604
1061,0.004564683418720961
1062,0.0048801591619849205
1063,0.012985753826797009
1064,0.005468723829835653
1065,0.004556193016469479
1066,0.010340439155697823
1067,0.00645886454731226
1068,0.009816106408834457
1069,0.003876065369695425
1070,0.005450300872325897
1071,0.004640425555408001
1072,0.016861697658896446
1073,0.027285177260637283
1074,0.007146516349166632
1075,0.0090753473341465
1076,0.0040849000215530396
1077,0.00672689825296402
1078,0.02041858434677124
1079,0.008818723261356354
1080,0.018841618672013283
1081,0.005089874844998121
1082,0.00861896388232708
1083,0.006035475991666317
1084,0.010552468709647655
1085,0.005651967134326696
1086,0.004678142257034779
1087,0.001507104723714292
1088,0.006374129094183445
1089,0.0037256511859595776
1090,0.0057007623836398125
1091,0.024226732552051544
1092,0.0029646705370396376
1093,0.006576893385499716
1094,0.011233597993850708
1095,0.0073098186403512955
1096,0.0048780860379338264
1097,0.018968282267451286
1098,0.01619645394384861
1099,0.01056111603975296
1100,0.004664075560867786
1101,0.014867627993226051
1102,0.006285057868808508
1103,0.010887958109378815
1104,0.005873154848814011
1105,0.010084126144647598
1106,0.006815607659518719
1107,0.004062769003212452
1108,0.010084844194352627
1109,0.03037106618285179
1110,0.012120664119720459
1111,0.006082422100007534
1112,0.013573693111538887
1113,0.004592542536556721
1114,0.00438444409519434
1115,0.0030285760294646025
1116,0.010994191281497478
1117,0.006457637995481491
1118,0.012745457701385021
1119,0.006938106380403042
1120,0.008609775453805923
1121,0.010836541652679443
1122,0.005308005027472973
1123,0.008002698421478271
1124,0.007664053700864315
1125,0.007807338610291481
1126,0.03286419436335564
1127,0.005767994560301304
1128,0.004376727156341076
1129,0.011883027851581573
1130,0.003718107007443905
1131,0.016837630420923233
1132,0.004506958182901144
1133,0.009030424058437347
1134,0.016761500388383865
1135,0.008164653554558754
1136,0.004621507599949837
1137,0.002054536249488592
1138,0.03372456133365631
1139,0.00579500338062644
1140,0.006751233711838722
1141,0.012023575603961945
1142,0.0059121958911418915
1143,0.00575198233127594
1144,0.0066147963516414165
1145,0.006500431802123785
1146,0.010708401910960674
1147,0.010222375392913818
1148,0.011023744009435177
1149,0.003479352220892906
1150,0.004169400315731764
1151,0.020855139940977097
1152,0.0068507203832268715
1153,0.010196279734373093
1154,0.007698851637542248
1155,0.0027104131877422333
1156,0.010404258035123348
1157,0.0067522721365094185
1158,0.0066356658935546875
1159,0.006622054614126682
1160,0.026919301599264145
1161,0.010339242406189442
1162,0.005060561001300812
1163,0.004051349591463804
1164,0.00465463986620307
1165,0.007481742650270462
1166,0.008829386904835701
1167,0.01346120610833168
1168,0.0014804875245317817
1169,0.018431879580020905
1170,0.009337147697806358
1171,0.006543775554746389
1172,0.011154266074299812
1173,0.018166786059737206
1174,0.008471960201859474
1175,0.0040407925844192505
1176,0.009369000792503357
1177,0.014373460784554482
1178,0.007453895173966885
1179,0.007887536659836769
1180,0.005795865785330534
1181,0.010007097385823727
1182,0.0035861802753061056
1183,0.00967964343726635
1184,0.011970977298915386
1185,0.0030418902169913054
1186,0.005046403966844082
1187,0.005301521625369787
1188,0.01592191308736801
1189,0.006428778171539307
1190,0.009035468101501465
1191,0.007093454711139202
1192,0.013372804038226604
1193,0.006667374633252621
1194,0.00893181748688221
1195,0.005884700920432806
1196,0.003404039889574051
1197,0.005293248221278191
1198,0.007363810669630766
1199,0.003481731517240405
1200,0.0148868877440691
1201,0.005700263194739819
1202,0.005447600036859512
1203,0.008089443668723106
1204,0.009265071712434292
1205,0.0023958568926900625
1206,0.024181513115763664
1207,0.004348887130618095
1208,0.0036040283739566803
1209,0.003928313963115215
1210,0.00274437153711915
1211,0.0054056583903729916
1212,0.010303361341357231
1213,0.010973717086017132
1214,0.00534313078969717
1215,0.008574571460485458
1216,0.004897713661193848
1217,0.0026429123245179653
1218,0.010235797613859177
1219,0.0072823199443519115
1220,0.007243405096232891
1221,0.010812046937644482
1222,0.012397460639476776
1223,0.005868888460099697
1224,0.012844361364841461
1225,0.01781638339161873
1226,0.01721603237092495
1227,0.005191126838326454
1228,0.00776450103148818
1229,0.004079046659171581
1230,0.027293315157294273
1231,0.005242114886641502
1232,0.005806774832308292
1233,0.01636628992855549
1234,0.006069399416446686
1235,0.0035911784507334232
1236,0.011727171950042248
1237,0.00714145926758647
1238,0.007407805882394314
1239,0.006884037517011166
1240,0.00835492368787527
1241,0.006053198128938675
1242,0.00961809977889061
1243,0.006448537111282349
1244,0.009877948090434074
1245,0.006527467630803585
1246,0.010110399685800076
1247,0.0031142570078372955
1248,0.008117969147861004
1249,0.008568121120333672
1250,0.007627102546393871
1251,0.0062619224190711975
1252,0.00534228328615427
1253,0.004805971402674913
1254,0.005295589100569487
1255,0.009904362261295319
1256,0.01202772930264473
1257,0.005935079418122768
1258,0.007543119601905346
1259,0.015181145630776882
1260,0.0031522091012448072
1261,0.017497997730970383
1262,0.004099604673683643
1263,0.011432677507400513
1264,0.003665792290121317
1265,0.005673512350767851
1266,0.004482864402234554
1267,0.006608464755117893
1268,0.0023394287563860416
1269,0.006964476779103279
1270,0.009009577333927155
1271,0.009473049081861973
1272,0.008120069280266762
1273,0.005409663543105125
1274,0.004649158101528883
1275,0.0048937420360744
1276,0.0023168609477579594
1277,0.008825704455375671
1278,0.0067803277634084225
1279,0.012564500793814659
1280,0.006998223252594471
1281,0.007940806448459625
1282,0.0021830694749951363
1283,0.005452047102153301
1284,0.004598688799887896
1285,0.005232551135122776
1286,0.006877509411424398
1287,0.01311046164482832
1288,0.014288845472037792
1289,0.006079411134123802
1290,0.008515940979123116
1291,0.010194666683673859
1292,0.01671108603477478
1293,0.01082292478531599
1294,0.010632287710905075
1295,0.002911266637966037
1296,0.007229164242744446
1297,0.006174108013510704
1298,0.009613843634724617
1299,0.01148909144103527
1300,0.01524807047098875
1301,0.002426351420581341
1302,0.013909474015235901
1303,0.0024928306229412556
1304,0.007132460828870535
1305,0.004195673391222954
1306,0.010981084778904915
1307,0.009645138867199421
1308,0.005900589283555746
1309,0.009132634848356247
1310,0.014815980568528175
1311,0.006148051470518112
1312,0.014011522755026817
1313,0.008780374191701412
1314,0.006881119217723608
1315,0.00959025789052248
1316,0.008158065378665924
1317,0.0023903846740722656
1318,0.006999737583100796
1319,0.006379844155162573
1320,0.004530148580670357
1321,0.008520912379026413
1322,0.007161877118051052
1323,0.00976569764316082
1324,0.008807403035461903
1325,0.006738909985870123
1326,0.012683919630944729
1327,0.008476686663925648
1328,0.011340523138642311
1329,0.0062348260544240475
1330,0.005699563771486282
1331,0.007730863988399506
1332,0.0022997416090220213
1333,0.0037829033099114895
1334,0.0051131476648151875
1335,0.0075083463452756405
1336,0.010445701889693737
1337,0.012668510898947716
1338,0.005662332288920879
1339,0.012959460727870464
1340,0.010958388447761536
1341,0.025945115834474564
1342,0.013705248944461346
1343,0.008538659662008286
1344,0.00905258022248745
1345,0.005999141372740269
1346,0.005767432507127523
1347,0.012975689023733139
1348,0.004231884144246578
1349,0.0025745960883796215
1350,0.009655458852648735
1351,0.005083281546831131
1352,0.004655150696635246
1353,0.0058261072263121605
1354,0.010596103966236115
1355,0.0148718087002635
1356,0.00880481582134962
1357,0.0025839796289801598
1358,0.011643735691905022
1359,0.00956735946238041
1360,0.011505529284477234
1361,0.009784872643649578
1362,0.002429789863526821
1363,0.006778975483030081
1364,0.004902002401649952
1365,0.002972871530801058
1366,0.00968644767999649
1367,0.0036675306037068367
1368,0.01719922199845314
1369,0.005465925671160221
1370,0.005085304379463196
1371,0.006920370273292065
1372,0.006081937812268734
1373,0.007696500048041344
1374,0.008378650061786175
1375,0.005925431847572327
1376,0.010382352396845818
1377,0.0039709932170808315
1378,0.004052741918712854
1379,0.007619351148605347
1380,0.012393835000693798
1381,0.011176171712577343
1382,0.007199948187917471
1383,0.021239370107650757
1384,0.006878367625176907
1385,0.004127894528210163
1386,0.008925911039113998
1387,0.006744553335011005
1388,0.006515422370284796
1389,0.005421794950962067
1390,0.00805704202502966
1391,0.004208621568977833
1392,0.008031881414353848
1393,0.002802996663376689
1394,0.006107913330197334
1395,0.010450854897499084
1396,0.005247825291007757
1397,0.01825924590229988
1398,0.009620137512683868
1399,0.008138405159115791
1400,0.003194020129740238
1401,0.0036626546643674374
1402,0.008628375828266144
1403,0.009305226616561413
1404,0.0115284975618124
1405,0.00454002944752574
1406,0.01176948007196188
1407,0.015162067487835884
1408,0.004268607124686241
1409,0.0066244937479496
1410,0.007217227481305599
1411,0.009018054232001305
1412,0.00570299569517374
1413,0.012677192687988281
1414,0.014975441619753838
1415,0.004170759581029415
1416,0.007086808793246746
1417,0.0065555330365896225
1418,0.0050839646719396114
1419,0.004282270558178425
1420,0.013070007786154747
1421,0.006236182060092688
1422,0.02008380927145481
1423,0.003681798931211233
1424,0.009398618713021278
1425,0.005104026757180691
1426,0.005034124478697777
1427,0.009288264438509941
1428,0.008587980642914772
1429,0.012363960966467857
1430,0.008086586371064186
1431,0.0031024599447846413
1432,0.009801734238862991
1433,0.005081179551780224
1434,0.004281541332602501
1435,0.01927478238940239
1436,0.014682834967970848
1437,0.01550233643501997
1438,0.003005542326718569
1439,0.008785437792539597
1440,0.0053908564150333405
1441,0.007461900822818279
1442,0.009973425418138504
1443,0.0059791929088532925
1444,0.006379896309226751
1445,0.03684265911579132
1446,0.005619923584163189
1447,0.0037037357687950134
1448,0.00891086459159851
1449,0.010665370151400566
1450,0.004915880039334297
1451,0.007072006817907095
1452,0.005955243017524481
1453,0.007576992269605398
1454,0.004218248650431633
1455,0.014078768901526928
1456,0.0027664692606776953
1457,0.012766605243086815
1458,0.01126839779317379
1459,0.004893704317510128
1460,0.003287069033831358
1461,0.0045056892558932304
1462,0.007077442016452551
1463,0.012488974258303642
1464,0.005636389832943678
1465,0.006450233515352011
1466,0.004195173736661673
1467,0.007175752427428961
1468,0.009614670649170876
1469,0.01934461109340191
1470,0.013089741580188274
1471,0.007664819248020649
1472,0.0033008363097906113
1473,0.007253325544297695
1474,0.007769677322357893
1475,0.02666117623448372
1476,0.009041095152497292
1477,0.011745589785277843
1478,0.009378276765346527
1479,0.005902312695980072
1480,0.013575270771980286
1481,0.0124890161678195
1482,0.004909855779260397
1483,0.00466333981603384
1484,0.011456042528152466
1485,0.017145050689578056
1486,0.01004929281771183
1487,0.009056169539690018
1488,0.004870130680501461
1489,0.005690358113497496
1490,0.005936478730291128
1491,0.015949685126543045
1492,0.018252959474921227
1493,0.008381473831832409
1494,0.008553458377718925
1495,0.006016143597662449
1496,0.007861694321036339
1497,0.008510681800544262
1498,0.01495453529059887
1499,0.011096871457993984
1500,0.012864484451711178
1501,0.008783521130681038
1502,0.006000922527164221
1503,0.017494169995188713
1504,0.006471789442002773
1505,0.005883030593395233
1506,0.00434728991240263
1507,0.013361586257815361
1508,0.003354953369125724
1509,0.0035236438270658255
1510,0.00839214213192463
1511,0.007741190493106842
1512,0.010618660598993301
1513,0.00530573446303606
1514,0.008627887815237045
1515,0.00726892426609993
1516,0.005281077232211828
1517,0.015380444936454296
1518,0.012098593637347221
1519,0.008717595599591732
1520,0.005285096820443869
1521,0.004285510629415512
1522,0.008899500593543053
1523,0.0045785498805344105
1524,0.012283166870474815
1525,0.0035911258310079575
1526,0.009828699752688408
1527,0.007261413615196943
1528,0.01090105902403593
1529,0.00873897410929203
1530,0.007017489522695541
1531,0.005041996017098427
1532,0.008729802444577217
1533,0.003671020735055208
1534,0.012034868821501732
1535,0.01511453278362751
1536,0.010884243063628674
1537,0.005166192539036274
1538,0.007318224757909775
1539,0.0075134532526135445
1540,0.010733140632510185
1541,0.002975481329485774
1542,0.002955187112092972
1543,0.010174456052482128
1544,0.015326594933867455
1545,0.005942921154201031
1546,0.0034530560951679945
1547,0.016646768897771835
1548,0.016388844698667526
1549,0.015166047029197216
1550,0.013299460522830486
1551,0.0029867514967918396
1552,0.007545534521341324
1553,0.028742577880620956
1554,0.01133357547223568
1555,0.007864527404308319
1556,0.012638676911592484
1557,0.006941211875528097
1558,0.008907604031264782
1559,0.006275768391788006
1560,0.03519284725189209
1561,0.02694728597998619
1562,0.005695929750800133
1563,0.007133754901587963
1564,0.005100305192172527
1565,0.013206182047724724
1566,0.0037187058478593826
1567,0.00767414178699255
1568,0.005933788605034351
1569,0.0032453713938593864
1570,0.017477504909038544
1571,0.004179441370069981
1572,0.021474894136190414
1573,0.006637882441282272
1574,0.018762007355690002
1575,0.010908737778663635
1576,0.005908449646085501
1577,0.011960042640566826
1578,0.011964697390794754
1579,0.002788962796330452
1580,0.00541390385478735
1581,0.01371447928249836
1582,0.004014244768768549
1583,0.00441156979650259
1584,0.009148506447672844
1585,0.01250331848859787
1586,0.008122379891574383
1587,0.005729603581130505
1588,0.003990610130131245
1589,0.006353450007736683
1590,0.0030335511546581984
1591,0.004439107142388821
1592,0.0021590040996670723
1593,0.001855543814599514
1594,0.0051286122761666775
1595,0.011839653365314007
1596,0.004229291342198849
1597,0.0066726310178637505
1598,0.008623654022812843
1599,0.006828042678534985
1600,0.006700148340314627
1601,0.004040224011987448
1602,0.005140579305589199
1603,0.021538985893130302
1604,0.005106505937874317
1605,0.005817522294819355
1606,0.005867225583642721
1607,0.008814044296741486
1608,0.006521659903228283
1609,0.008647391572594643
1610,0.018025659024715424
1611,0.002790360478684306
1612,0.009023216553032398
1613,0.0046409014612436295
1614,0.0049038538709282875
1615,0.006237000226974487
1616,0.00604086322709918
1617,0.009462152607738972
1618,0.004126898944377899
1619,0.00933428481221199
1620,0.006231128703802824
1621,0.008233590051531792
1622,0.009977784007787704
1623,0.004265518859028816
1624,0.004068586975336075
1625,0.005233206786215305
1626,0.007944355718791485
1627,0.006231546401977539
1628,0.00573678407818079
1629,0.006865042261779308
1630,0.008260837756097317
1631,0.006491257809102535
1632,0.009474157355725765
1633,0.008255105465650558
1634,0.006318619009107351
1635,0.012907585129141808
1636,0.008670958690345287
1637,0.009522398933768272
1638,0.013597456738352776
1639,0.01217038743197918
1640,0.007590520661324263
1641,0.00718524819239974
1642,0.005992382299154997
1643,0.006206353195011616
1644,0.006893231999129057
1645,0.008489126339554787
1646,0.018307695165276527
1647,0.004232489038258791
1648,0.009804868139326572
1649,0.007537567988038063
1650,0.005989675875753164
1651,0.006177256815135479
1652,0.011311216279864311
1653,0.004815792664885521
1654,0.004217535723000765
1655,0.01144193485379219
1656,0.009680069051682949
1657,0.009250025264918804
1658,0.007301130332052708
1659,0.007738825865089893
1660,0.011821979656815529
1661,0.012529655359685421
1662,0.005980209913104773
1663,0.013450400903820992
1664,0.021741028875112534
1665,0.007085674442350864
1666,0.0075281402096152306
1667,0.009365957230329514
1668,0.01745046302676201
1669,0.0015118158189579844
1670,0.03925125300884247
1671,0.0038683521561324596
1672,0.007017215248197317
1673,0.004831812810152769
1674,0.006748981773853302
1675,0.007600557059049606
1676,0.006090766750276089
1677,0.007449639495462179
1678,0.010753195732831955
1679,0.003056873334571719
1680,0.014301675371825695
1681,0.0038223210722208023
1682,0.014275534078478813
1683,0.010033252649009228
1684,0.007504812441766262
1685,0.007310086861252785
1686,0.0067690834403038025
1687,0.008792616426944733
1688,0.010373171418905258
1689,0.011507242918014526
1690,0.00773900281637907
1691,0.009225309826433659
1692,0.004535383079200983
1693,0.005992144346237183
1694,0.003219978418201208
1695,0.002889147726818919
1696,0.010094398632645607
1697,0.01708035171031952
1698,0.006397952791303396
1699,0.010870823636651039
1700,0.003487697569653392
1701,0.009738018736243248
1702,0.01245434582233429
1703,0.010420314967632294
1704,0.006425119936466217
1705,0.004696967080235481
1706,0.008016002364456654
1707,0.009428446181118488
1708,0.0010623340494930744
1709,0.010872984305024147
1710,0.006761136930435896
1711,0.008325772359967232
1712,0.004893154371529818
1713,0.00903063639998436
1714,0.007123302668333054
1715,0.011504901573061943
1716,0.010569268837571144
1717,0.00471037533134222
1718,0.009574662894010544
1719,0.005247167311608791
1720,0.007821502164006233
1721,0.01290116272866726
1722,0.0066527677699923515
1723,0.004622998647391796
1724,0.0027688536792993546
1725,0.006362249609082937
1726,0.02111550234258175
1727,0.008800077252089977
1728,0.00881878286600113
1729,0.012750422582030296
1730,0.010354852303862572
1731,0.014620168134570122
1732,0.005671986844390631
1733,0.007711784448474646
1734,0.006995063275098801
1735,0.004034989047795534
1736,0.011580830439925194
1737,0.0108485147356987
1738,0.02012527547776699
1739,0.015691347420215607
1740,0.013629424385726452
1741,0.010752987116575241
1742,0.005259399767965078
1743,0.01021287776529789
1744,0.0033556304406374693
1745,0.004015143029391766
1746,0.021325869485735893
1747,0.010250083170831203
1748,0.019649360328912735
1749,0.009665644727647305
1750,0.006130523979663849
1751,0.00767091428861022
1752,0.00685076043009758
1753,0.003940892405807972
1754,0.01622673124074936
1755,0.005768425762653351
1756,0.005163843743503094
1757,0.00975920632481575
1758,0.008234793320298195
1759,0.01158855389803648
1760,0.011137446388602257
1761,0.036777518689632416
1762,0.005249453708529472
1763,0.005069964099675417
1764,0.02078036032617092
1765,0.005542042665183544
1766,0.007488828152418137
1767,0.01611793413758278
1768,0.013937041163444519
1769,0.016256457194685936
1770,0.009419837966561317
1771,0.010888549499213696
1772,0.01190011017024517
1773,0.007897434756159782
1774,0.018202057108283043
1775,0.013577456586062908
1776,0.007710687816143036
1777,0.007679948583245277
1778,0.009165683761239052
1779,0.016093257814645767
1780,0.0020828077103942633
1781,0.007243726402521133
1782,0.004898425191640854
1783,0.006388102658092976
1784,0.013456038199365139
1785,0.004726098850369453
1786,0.0039826869033277035
1787,0.010576842352747917
1788,0.01013580709695816
1789,0.004488557577133179
1790,0.008409550413489342
1791,0.007385700475424528
1792,0.004271009936928749
1793,0.006096533499658108
1794,0.017582425847649574
1795,0.010543844662606716
1796,0.012150689959526062
1797,0.003630820196121931
1798,0.011618646793067455
1799,0.009522262960672379
1800,0.037521250545978546
1801,0.0034623644314706326
1802,0.010914857499301434
1803,0.0074508897960186005
1804,0.01013342197984457
1805,0.008913831785321236
1806,0.005421420093625784
1807,0.009251873008906841
1808,0.0053305067121982574
1809,0.008355575613677502
1810,0.008622126653790474
1811,0.009001089259982109
1812,0.023764457553625107
1813,0.003826440079137683
1814,0.004941650666296482
1815,0.007014540955424309
1816,0.011427219025790691
1817,0.0037820818834006786
1818,0.004616341553628445
1819,0.011517348699271679
1820,0.013832702301442623
1821,0.008130153641104698
1822,0.004821195267140865
1823,0.003987991251051426
1824,0.0070565491914749146
1825,0.00564806442707777
1826,0.007060803007334471
1827,0.02540036290884018
1828,0.009811478666961193
1829,0.0035784177016466856
1830,0.013134364038705826
1831,0.010825302451848984
1832,0.02182093821465969
1833,0.005755658261477947
1834,0.005491696298122406
1835,0.01787053793668747
1836,0.004747842438519001
1837,0.004594186320900917
1838,0.012707485817372799
1839,0.009301151148974895
1840,0.013402722775936127
1841,0.008411729708313942
1842,0.012717852368950844
1843,0.00853363424539566
1844,0.027755986899137497
1845,0.005881144665181637
1846,0.027918227016925812
1847,0.005381330847740173
1848,0.01683085598051548
1849,0.005399798974394798
1850,0.019360974431037903
1851,0.006936206948012114
1852,0.010128233581781387
1853,0.014566132798790932
1854,0.006237376481294632
1855,0.00992299523204565
1856,0.013124245218932629
1857,0.004466674756258726
1858,0.010610516183078289
1859,0.010657641105353832
1860,0.009885287843644619
1861,0.0028260094113647938
1862,0.011070575565099716
1863,0.012135032564401627
1864,0.01250466238707304
1865,0.0025023305788636208
1866,0.015574024990200996
1867,0.0076665449887514114
1868,0.006541483104228973
1869,0.0030173184350132942
1870,0.013788490556180477
1871,0.0045553650707006454
1872,0.005661354400217533
1873,0.011660577729344368
1874,0.005408287979662418
1875,0.013309548608958721
1876,0.009368794970214367
1877,0.0034108981490135193
1878,0.017943941056728363
1879,0.004992361646145582
1880,0.009521945379674435
1881,0.005098513327538967
1882,0.005201080814003944
1883,0.012629101984202862
1884,0.014458674006164074
1885,0.006867288611829281
1886,0.02076580375432968
1887,0.005466619040817022
1888,0.0031202416867017746
1889,0.0021058840211480856
1890,0.006948353257030249
1891,0.002411953639239073
1892,0.0071984222158789635
1893,0.005757139530032873
1894,0.0035604299046099186
1895,0.00492783822119236
1896,0.01551173534244299
1897,0.004794711247086525
1898,0.01251279003918171
1899,0.01019908394664526
1900,0.008807500824332237
1901,0.009927533566951752
1902,0.006380937993526459
1903,0.00675387866795063
1904,0.008862252347171307
1905,0.03583887964487076
1906,0.010719122365117073
1907,0.02285134792327881
1908,0.005858130287379026
1909,0.004198179580271244
1910,0.011494597420096397
1911,0.007672186009585857
1912,0.010089296847581863
1913,0.005268530920147896
1914,0.003593217581510544
1915,0.005145169794559479
1916,0.017781807109713554
1917,0.006740925367921591
1918,0.012251275591552258
1919,0.008863474242389202
1920,0.018467536196112633
1921,0.009282015264034271
1922,0.011312102898955345
1923,0.010879325680434704
1924,0.009620489552617073
1925,0.007117837201803923
1926,0.008286681026220322
1927,0.009730431251227856
1928,0.023110393434762955
1929,0.005900771822780371
1930,0.005773717537522316
1931,0.00899798609316349
1932,0.019395548850297928
1933,0.0051729995757341385
1934,0.005222258623689413
1935,0.0047488342970609665
1936,0.0034398618154227734
1937,0.006053674966096878
1938,0.006374885328114033
1939,0.006707099732011557
1940,0.00689434539526701
1941,0.006777784787118435
1942,0.008231631480157375
1943,0.003257992211729288
1944,0.008010239340364933
1945,0.004775541834533215
1946,0.007877438329160213
1947,0.013845398090779781
1948,0.012161729857325554
1949,0.008384565822780132
1950,0.02046923153102398
1951,0.006095001008361578
1952,0.009164433926343918
1953,0.012266978621482849
1954,0.00327291595749557
1955,0.0025108372792601585
1956,0.011047417297959328
1957,0.009435227140784264
1958,0.013050926849246025
1959,0.007978279143571854
1960,0.0052048880606889725
1961,0.005637246649712324
1962,0.005188365466892719
1963,0.012879651039838791
1964,0.005844146013259888
1965,0.003079863963648677
1966,0.0035386737436056137
1967,0.0038952603936195374
1968,0.008831508457660675
1969,0.007023531943559647
1970,0.005862176418304443
1971,0.011019287630915642
1972,0.010132127441465855
1973,0.0042838845402002335
1974,0.006590133532881737
1975,0.014205200597643852
1976,0.00521776732057333
1977,0.005965552758425474
1978,0.009434767067432404
1979,0.007263722829520702
1980,0.010249967686831951
1981,0.011507558636367321
1982,0.007811339106410742
1983,0.0032054695766419172
1984,0.012506335973739624
1985,0.004886193200945854
1986,0.0069993529468774796
1987,0.0023915411438792944
1988,0.008762350305914879
1989,0.0161735936999321
1990,0.006516301538795233
1991,0.004809489473700523
1992,0.005605835001915693
1993,0.015061013400554657
1994,0.006720307748764753
1995,0.015652749687433243
1996,0.0071256160736083984
1997,0.020614875480532646
1998,0.008217323571443558
1999,0.009884435683488846
2000,0.01557631604373455
2001,0.007894415408372879
2002,0.0031981540378183126
2003,0.007724819704890251
2004,0.020851364359259605
2005,0.0034446422941982746
2006,0.006043796427547932
2007,0.0034845531918108463
2008,0.005038760136812925
2009,0.007205489091575146
2010,0.012021303176879883
2011,0.009753243997693062
2012,0.009573857299983501
2013,0.0020158335100859404
2014,0.015043034218251705
2015,0.008898514322936535
2016,0.018244953826069832
2017,0.0068921884521842
2018,0.0052706580609083176
2019,0.006853809114545584
2020,0.007090805098414421
2021,0.008110135793685913
2022,0.023740254342556
2023,0.005773214157670736
2024,0.0067514097318053246
2025,0.04266887903213501
2026,0.008646978996694088
2027,0.004743500612676144
2028,0.011794142425060272
2029,0.014936529099941254
2030,0.00680247088894248
2031,0.006646285764873028
2032,0.0055677630007267
2033,0.010207902640104294
2034,0.026068150997161865
2035,0.004427588544785976
2036,0.0381561741232872
2037,0.006384993903338909
2038,0.004970074165612459
2039,0.008516998961567879
2040,0.011903597041964531
2041,0.007235082797706127
2042,0.0028003654442727566
2043,0.01402992196381092
2044,0.005845292471349239
2045,0.01197564136236906
2046,0.009668784216046333
2047,0.006313704885542393
2048,0.008309139870107174
2049,0.007563378661870956
2050,0.010068579576909542
2051,0.0074783130548894405
2052,0.019205454736948013
2053,0.014698177576065063
2054,0.007128750439733267
2055,0.005012353416532278
2056,0.010817063972353935
2057,0.0049029020592570305
2058,0.004703708458691835
2059,0.014376863837242126
2060,0.004573152866214514
2061,0.01071210764348507
2062,0.008035854436457157
2063,0.012374402955174446
2064,0.006297084502875805
2065,0.006856296211481094
2066,0.008122136816382408
2067,0.002379500074312091
2068,0.008768843486905098
2069,0.015610573813319206
2070,0.008751746267080307
2071,0.01153814047574997
2072,0.005908973049372435
2073,0.012722868472337723
2074,0.007326842285692692
2075,0.005801600869745016
2076,0.00730779767036438
2077,0.012521697208285332
2078,0.006587681360542774
2079,0.008365821093320847
2080,0.0055091409012675285
2081,0.004841196350753307
2082,0.003965643234550953
2083,0.0033262204378843307
2084,0.010397251695394516
2085,0.01004487182945013
2086,0.023008976131677628
2087,0.010669039562344551
2088,0.00861954316496849
2089,0.005863066762685776
2090,0.029331989586353302
2091,0.01692458987236023
2092,0.015237923711538315
2093,0.007931932806968689
2094,0.0035703214816749096
2095,0.0032454594038426876
2096,0.002952770097181201
2097,0.0045725577510893345
2098,0.0054441094398498535
2099,0.010021606460213661
2100,0.008661874569952488
2101,0.002207298995926976
2102,0.0037304253783077
2103,0.005441640969365835
2104,0.018665410578250885
2105,0.00580929359421134
2106,0.009103438816964626
2107,0.004312728997319937
2108,0.013731463812291622
2109,0.007179927080869675
2110,0.004489938262850046
2111,0.0055790855549275875
2112,0.03478731960058212
2113,0.01467532105743885
2114,0.00797952525317669
2115,0.014435254037380219
2116,0.009226508438587189
2117,0.0053941174410283566
2118,0.005923479795455933
2119,0.01004557590931654
2120,0.019831087440252304
2121,0.0035900461953133345
2122,0.0038050243165344
2123,0.007424801588058472
2124,0.004220261238515377
2125,0.034188162535429
2126,0.006723036523908377
2127,0.005978933535516262
2128,0.006541939452290535
2129,0.009279949590563774
2130,0.011698695831000805
2131,0.004478491377085447
2132,0.007847017608582973
2133,0.011267406865954399
2134,0.015817496925592422
2135,0.014261804521083832
2136,0.006863114889711142
2137,0.027041694149374962
2138,0.0029935622587800026
2139,0.011490492150187492
2140,0.005826904904097319
2141,0.004112904891371727
2142,0.007531979586929083
2143,0.015750546008348465
2144,0.003513346891850233
2145,0.008841559290885925
2146,0.008568976074457169
2147,0.0063952673226594925
2148,0.004733395762741566
2149,0.010110637173056602
2150,0.011634448543190956
2151,0.005002846010029316
2152,0.008140449412167072
2153,0.0036242716014385223
2154,0.003613390028476715
2155,0.007645551115274429
2156,0.003856044728308916
2157,0.011399967595934868
2158,0.0024679512716829777
2159,0.0052461158484220505
2160,0.007759804837405682
2161,0.0051338872872292995
2162,0.009607626125216484
2163,0.003706500632688403
2164,0.004700093530118465
2165,0.005393047817051411
2166,0.00479890638962388
2167,0.01448717899620533
2168,0.012270624749362469
2169,0.0031330413185060024
2170,0.01071872841566801
2171,0.010412031784653664
2172,0.009912651032209396
2173,0.017029955983161926
2174,0.008988174609839916
2175,0.008856581524014473
2176,0.005326207261532545
2177,0.008026838302612305
2178,0.014233733527362347
2179,0.011329240165650845
2180,0.003662597155198455
2181,0.007081437855958939
2182,0.008952809497714043
2183,0.00428438326343894
2184,0.015367644838988781
2185,0.017019491642713547
2186,0.009197326377034187
2187,0.006598388310521841
2188,0.010614324361085892
2189,0.00858110561966896
2190,0.012695930898189545
2191,0.010202181525528431
2192,0.03229418396949768
2193,0.0031119799241423607
2194,0.020968539640307426
2195,0.006659633480012417
2196,0.009220839478075504
2197,0.010693131946027279
2198,0.005139853339642286
2199,0.006104066502302885
2200,0.008574146777391434
2201,0.007107381708920002
2202,0.005530915223062038
2203,0.006986092776060104
2204,0.0044795917347073555
2205,0.005922864656895399
2206,0.0047700414434075356
2207,0.007242396008223295
2208,0.002388624008744955
2209,0.00773252546787262
2210,0.013936429284512997
2211,0.0034154593013226986
2212,0.009373228996992111
2213,0.01744907908141613
2214,0.010564608499407768
2215,0.01706363633275032
2216,0.011114580556750298
2217,0.0060149929486215115
2218,0.009841296821832657
2219,0.011359138414263725
2220,0.004701313097029924
2221,0.00860625971108675
2222,0.00315173901617527
2223,0.011240932159125805
2224,0.01888236217200756
2225,0.0044333795085549355
2226,0.014110601507127285
2227,0.004489182494580746
2228,0.006925640627741814
2229,0.014265737496316433
2230,0.004714580252766609
2231,0.005827512592077255
2232,0.006524528842419386
2233,0.011564883403480053
2234,0.006818016525357962
2235,0.005384111311286688
2236,0.004077550955116749
2237,0.01791413687169552
2238,0.005506451241672039
2239,0.032744549214839935
2240,0.008894545957446098
2241,0.006131433881819248
2242,0.017973989248275757
2243,0.009327827021479607
2244,0.009771253913640976
2245,0.019545473158359528
2246,0.004863367415964603
2247,0.012043289840221405
2248,0.009918643161654472
2249,0.0032513353507965803
2250,0.002888523507863283
2251,0.004216953180730343
2252,0.006177979521453381
2253,0.009206149727106094
2254,0.006134937517344952
2255,0.014315548352897167
2256,0.0057219332084059715
2257,0.008021125569939613
2258,0.01401866227388382
2259,0.020822498947381973
2260,0.012165993452072144
2261,0.00766123179346323
2262,0.004569536074995995
2263,0.004032776691019535
2264,0.00490421149879694
2265,0.013983868062496185
2266,0.0163816437125206
2267,0.027242055162787437
2268,0.005619660951197147
2269,0.0102463997900486
2270,0.005193781107664108
2271,0.008417315781116486
2272,0.022069554775953293
2273,0.01922866702079773
2274,0.004160388372838497
2275,0.004148159176111221
2276,0.005494672805070877
2277,0.010482336394488811
2278,0.005913605447858572
2279,0.00865520816296339
2280,0.008740766905248165
2281,0.012877700850367546
2282,0.007431741803884506
2283,0.0035503748804330826
2284,0.008679555729031563
2285,0.007764869835227728
2286,0.005991440266370773
2287,0.006375916302204132
2288,0.011901570484042168
2289,0.00500639108940959
2290,0.011994823813438416
2291,0.0052389660850167274
2292,0.013554340228438377
2293,0.005404334049671888
2294,0.002655903808772564
2295,0.01344761811196804
2296,0.011788169853389263
2297,0.014640788547694683
2298,0.005347166210412979
2299,0.003286600112915039
2300,0.0030814912170171738
2301,0.009912828914821148
2302,0.011686457321047783
2303,0.004270540550351143
2304,0.005651004146784544
2305,0.011838525533676147
2306,0.002856223611161113
2307,0.022304385900497437
2308,0.0061250957660377026
2309,0.0049245934933424
2310,0.015986552461981773
2311,0.00941587146371603
2312,0.016913626343011856
2313,0.01087098103016615
2314,0.009883519262075424
2315,0.01567891612648964
2316,0.01216024812310934
2317,0.002751131309196353
2318,0.007275679614394903
2319,0.004027852322906256
2320,0.003473712597042322
2321,0.005819328129291534
2322,0.005933390464633703
2323,0.0080674197524786
2324,0.0030522411689162254
2325,0.011798433028161526
2326,0.0051017627120018005
2327,0.0063204350881278515
2328,0.009950346313416958
2329,0.015519845299422741
2330,0.006106630899012089
2331,0.006368763744831085
2332,0.00908796675503254
2333,0.002061205916106701
2334,0.006603087764233351
2335,0.0037087099626660347
2336,0.003773176809772849
2337,0.008662711828947067
2338,0.022472744807600975
2339,0.004420196171849966
2340,0.005004340782761574
2341,0.004627154674381018
2342,0.0343555212020874
2343,0.01271349098533392
2344,0.01946001499891281
2345,0.006450306158512831
2346,0.007574488874524832
2347,0.028641028329730034
2348,0.014268587343394756
2349,0.009337704628705978
2350,0.005849079694598913
2351,0.004989870358258486
2352,0.0046157753095030785
2353,0.010524045675992966
2354,0.004523290321230888
2355,0.003385184332728386
2356,0.011649016290903091
2357,0.013773417100310326
2358,0.0038434364832937717
2359,0.006467975210398436
2360,0.017355889081954956
2361,0.007954777218401432
2362,0.0023498255759477615
2363,0.012637292966246605
2364,0.009580014273524284
2365,0.026323795318603516
2366,0.014159051701426506
2367,0.012453220784664154
2368,0.009080838412046432
2369,0.004012789577245712
2370,0.006706667598336935
2371,0.00917745754122734
2372,0.013676701113581657
2373,0.008839379996061325
2374,0.008395414799451828
2375,0.004792273044586182
2376,0.0034399579744786024
2377,0.0035442260559648275
2378,0.006033051759004593
2379,0.008402327075600624
2380,0.028359398245811462
2381,0.011605260893702507
2382,0.004602237604558468
2383,0.0054414477199316025
2384,0.005077141337096691
2385,0.010117570869624615
2386,0.005324294324964285
2387,0.026069026440382004
2388,0.00735399778932333
2389,0.00651938421651721
2390,0.012034265324473381
2391,0.007997284643352032
2392,0.004059222526848316
2393,0.005170412361621857
2394,0.00814289040863514
2395,0.0066527267917990685
2396,0.005319440737366676
2397,0.0072974576614797115
2398,0.0045059435069561005
2399,0.01901104860007763
2400,0.012411054223775864
2401,0.0077036526054143906
2402,0.014491441659629345
2403,0.011103707365691662
2404,0.004805967677384615
2405,0.0030801300890743732
2406,0.012997910380363464
2407,0.0041705286130309105
2408,0.007343310862779617
2409,0.015491990372538567
2410,0.03183087334036827
2411,0.006627119146287441
2412,0.0133737213909626
2413,0.005395534913986921
2414,0.009940273128449917
2415,0.0077276937663555145
2416,0.00593587476760149
2417,0.005290330853313208
2418,0.008250415325164795
2419,0.0049078259617090225
2420,0.004022855777293444
2421,0.007250593509525061
2422,0.008538416586816311
2423,0.010923046618700027
2424,0.011851249262690544
2425,0.005922344978898764
2426,0.00457537779584527
2427,0.01643981784582138
2428,0.0068290140479803085
2429,0.006749738939106464
2430,0.005345184355974197
2431,0.007340324576944113
2432,0.007503793574869633
2433,0.00940493680536747
2434,0.011558618396520615
2435,0.0044241598807275295
2436,0.01022069901227951
2437,0.0074162352830171585
2438,0.01344147976487875
2439,0.008584769442677498
2440,0.0046235863119363785
2441,0.011200486682355404
2442,0.0034548314288258553
2443,0.013037249445915222
2444,0.006463720463216305
2445,0.006670024245977402
2446,0.012883449904620647
2447,0.0026520686224102974
2448,0.012523222714662552
2449,0.006030291318893433
2450,0.011879022233188152
2451,0.004919155966490507
2452,0.004904157482087612
2453,0.003757885191589594
2454,0.004766904748976231
2455,0.013060490600764751
2456,0.011908849701285362
2457,0.008848920464515686
2458,0.01016116701066494
2459,0.016634896397590637
2460,0.004802945535629988
2461,0.006374051794409752
2462,0.004023294430226088
2463,0.006050375290215015
2464,0.007741052657365799
2465,0.007016592659056187
2466,0.0037600211799144745
2467,0.01142052374780178
2468,0.011456122621893883
2469,0.013806412927806377
2470,0.0035818959586322308
2471,0.01047841738909483
2472,0.01061536930501461
2473,0.015865469351410866
2474,0.006676690652966499
2475,0.008951164782047272
2476,0.008198877796530724
2477,0.009617378935217857
2478,0.008376897312700748
2479,0.00935376062989235
2480,0.0069344500079751015
2481,0.0049277800135314465
2482,0.008076325058937073
2483,0.016953526064753532
2484,0.006287859752774239
2485,0.0020341183990240097
2486,0.007082655094563961
2487,0.00388164771720767
2488,0.004590575583279133
2489,0.017016083002090454
2490,0.0066022067330777645
2491,0.007373336236923933
2492,0.011113996617496014
2493,0.005652312189340591
2494,0.00939541682600975
2495,0.014214640483260155
2496,0.006426606327295303
2497,0.006289641372859478
2498,0.00891170185059309
2499,0.004914847668260336
2500,0.021574553102254868
2501,0.008963490836322308
2502,0.01404482126235962
2503,0.005872741341590881
2504,0.011975756846368313
2505,0.004161876626312733
2506,0.005470636300742626
2507,0.008133725263178349
2508,0.0027066003531217575
2509,0.014580478891730309
2510,0.015057502314448357
2511,0.010684246197342873
2512,0.010866925120353699
2513,0.003026468213647604
2514,0.009216580539941788
2515,0.009297316893935204
2516,0.003612489439547062
2517,0.01937316730618477
2518,0.004583006724715233
2519,0.009857630357146263
2520,0.009383289143443108
2521,0.011323532089591026
2522,0.021098613739013672
2523,0.004308626055717468
2524,0.021189238876104355
2525,0.006178668700158596
2526,0.009486036375164986
2527,0.008032904006540775
2528,0.008360966108739376
2529,0.007164422422647476
2530,0.009570496156811714
2531,0.005591508001089096
2532,0.01085483655333519
2533,0.028191592544317245
2534,0.003793163225054741
2535,0.005853720009326935
2536,0.008388334885239601
2537,0.006221549119800329
2538,0.01853877492249012
2539,0.017544690519571304
2540,0.026361733675003052
2541,0.00890539214015007
2542,0.004366271197795868
2543,0.0029802629724144936
2544,0.007066326215863228
2545,0.008294772356748581
2546,0.007968664169311523
2547,0.012736544013023376
2548,0.005995010491460562
2549,0.007738253101706505
2550,0.009007677435874939
2551,0.00992637313902378
2552,0.01335763931274414
2553,0.0060495054349303246
2554,0.018751198425889015
2555,0.0044171446934342384
2556,0.008088151924312115
2557,0.005418575368821621
2558,0.019707104191184044
2559,0.009982548654079437
2560,0.006570133380591869
2561,0.007496391888707876
2562,0.002649551723152399
2563,0.005165957845747471
2564,0.006763694807887077
2565,0.005278819240629673
2566,0.011255806311964989
2567,0.0029024898540228605
2568,0.01008000411093235
2569,0.009990682825446129
2570,0.0042618513107299805
2571,0.011008717119693756
2572,0.007383706979453564
2573,0.00250766659155488
2574,0.0038542253896594048
2575,0.004116870928555727
2576,0.011183258146047592
2577,0.006287586875259876
2578,0.009236707352101803
2579,0.007827596738934517
2580,0.008947587572038174
2581,0.016663461923599243
2582,0.004636948928236961
2583,0.006815643981099129
2584,0.003471587784588337
2585,0.004532586317509413
2586,0.0044854022562503815
2587,0.005992652848362923
2588,0.007206439506262541
2589,0.015056241303682327
2590,0.019929856061935425
2591,0.008363401517271996
2592,0.006296618841588497
2593,0.010734392330050468
2594,0.0053131855092942715
2595,0.003443510737270117
2596,0.009076101705431938
2597,0.010224496014416218
2598,0.007907476276159286
2599,0.009871541522443295
2600,0.0075006200931966305
2601,0.01689348928630352
2602,0.007484982721507549
2603,0.01063324324786663
2604,0.012102723121643066
2605,0.0030398773960769176
2606,0.007891068235039711
2607,0.012368647381663322
2608,0.003390631405636668
2609,0.00883976649492979
2610,0.003757753875106573
2611,0.008257213048636913
2612,0.0034963125362992287
2613,0.007301634177565575
2614,0.0037395330145955086
2615,0.019047124311327934
2616,0.007620435208082199
2617,0.008737574331462383
2618,0.011508941650390625
2619,0.009674737229943275
2620,0.01630302146077156
2621,0.004620728082954884
2622,0.002258851658552885
2623,0.009175213985145092
2624,0.005873869173228741
2625,0.010237477719783783
2626,0.002888444811105728
2627,0.006292944308370352
2628,0.00657141488045454
2629,0.04797321557998657
2630,0.0050265006721019745
2631,0.011484886519610882
2632,0.003957891836762428
2633,0.013307785615324974
2634,0.0031742877326905727
2635,0.009796369820833206
2636,0.005397684406489134
2637,0.011081304401159286
2638,0.008756376802921295
2639,0.010406462475657463
2640,0.0066933236084878445
2641,0.005039719864726067
2642,0.009896610863506794
2643,0.005653803702443838
2644,0.004654865711927414
2645,0.005640298128128052
2646,0.008444273844361305
2647,0.03500697761774063
2648,0.01848818175494671
2649,0.018847405910491943
2650,0.005637381225824356
2651,0.0074290684424340725
2652,0.010621588677167892
2653,0.008929016999900341
2654,0.010699755512177944
2655,0.010209508240222931
2656,0.012458868324756622
2657,0.010597075335681438
2658,0.01543017104268074
2659,0.005450557917356491
2660,0.0055777765810489655
2661,0.01458546333014965
2662,0.0027868077158927917
2663,0.01224613469094038
2664,0.008242148905992508
2665,0.007383453659713268
2666,0.005596189759671688
2667,0.00701096560806036
2668,0.01800605095922947
2669,0.012774149887263775
2670,0.0072832610458135605
2671,0.01570526883006096
2672,0.004173744469881058
2673,0.0032194694504141808
2674,0.007052124943584204
2675,0.0025453628040850163
2676,0.009128104895353317
2677,0.02791011892259121
2678,0.012278875336050987
2679,0.008078303188085556
2680,0.007981030270457268
2681,0.0058914730325341225
2682,0.0028622313402593136
2683,0.0015665863174945116
2684,0.011556084267795086
2685,0.005175756290555
2686,0.003125568851828575
2687,0.0056989057920873165
2688,0.006732677575200796
2689,0.0027000238187611103
2690,0.009216426871716976
2691,0.007294212933629751
2692,0.003194466233253479
2693,0.005523520987480879
2694,0.005229662172496319
2695,0.0019182844553142786
2696,0.002852820558473468
2697,0.008177854120731354
2698,0.009972361847758293
2699,0.006235951092094183
2700,0.007283799350261688
2701,0.010559859685599804
2702,0.007669578772038221
2703,0.011310860514640808
2704,0.006325956434011459
2705,0.006239102687686682
2706,0.006736730691045523
2707,0.005923068150877953
2708,0.01487663947045803
2709,0.012313418090343475
2710,0.012765183113515377
2711,0.006158364005386829
2712,0.0028912099078297615
2713,0.006015738006681204
2714,0.0063339052721858025
2715,0.008298983797430992
2716,0.004477926529943943
2717,0.002251037862151861
2718,0.01004489790648222
2719,0.008605746552348137
2720,0.005422502290457487
2721,0.00653114914894104
2722,0.004406148102134466
2723,0.009675707668066025
2724,0.003757479367777705
2725,0.0082063227891922
2726,0.022573864087462425
2727,0.006217721849679947
2728,0.009846752509474754
2729,0.005505600478500128
2730,0.0029600008856505156
2731,0.0074805887416005135
2732,0.016279324889183044
2733,0.007098069414496422
2734,0.000898130179848522
2735,0.003157967235893011
2736,0.0054293046705424786
2737,0.005261431913822889
2738,0.006506806239485741
2739,0.00776430731639266
2740,0.006574744358658791
2741,0.008972400799393654
2742,0.006980678997933865
2743,0.013556232675909996
2744,0.007742512971162796
2745,0.005678768735378981
2746,0.005274630151689053
2747,0.009274166077375412
2748,0.010483980178833008
2749,0.008198978379368782
2750,0.003562601050361991
2751,0.011138265952467918
2752,0.005505254492163658
2753,0.009013300761580467
2754,0.004145633429288864
2755,0.00397106446325779
2756,0.00910811498761177
2757,0.006599597167223692
2758,0.006416697055101395
2759,0.0074166664853692055
2760,0.006482675205916166
2761,0.011924101039767265
2762,0.014115635305643082
2763,0.010019528679549694
2764,0.0050259740091860294
2765,0.0043663582764565945
2766,0.0025929983239620924
2767,0.012417304329574108
2768,0.009801354259252548
2769,0.010711881332099438
2770,0.009316930547356606
2771,0.008447408676147461
2772,0.0030041325371712446
2773,0.0034070215187966824
2774,0.016483072191476822
2775,0.008574466221034527
2776,0.004359624348580837
2777,0.005143199115991592
2778,0.00935891643166542
2779,0.0064483508467674255
2780,0.013651322573423386
2781,0.008893669582903385
2782,0.017497612163424492
2783,0.0070370836183428764
2784,0.008257695473730564
2785,0.006479627452790737
2786,0.007426218595355749
2787,0.0036651156842708588
2788,0.007253232412040234
2789,0.012021094560623169
2790,0.0048154122196137905
2791,0.004349544644355774
2792,0.014653223566710949
2793,0.007809971924871206
2794,0.026016181334853172
2795,0.03277895599603653
2796,0.007880542427301407
2797,0.00944165512919426
2798,0.006826608441770077
2799,0.00989637989550829
2800,0.007220029830932617
2801,0.0011820646468549967
2802,0.012243058532476425
2803,0.006984004285186529
2804,0.014662466943264008
2805,0.003494183998554945
2806,0.006408756133168936
2807,0.007109868340194225
2808,0.0045041549019515514
2809,0.01557556726038456
2810,0.01000368781387806
2811,0.00779938418418169
2812,0.008618604391813278
2813,0.0023786884266883135
2814,0.013159675523638725
2815,0.005142694339156151
2816,0.006125422194600105
2817,0.040334369987249374
2818,0.004954509437084198
2819,0.008802025578916073
2820,0.012640558183193207
2821,0.008335580118000507
2822,0.01615161821246147
2823,0.012206497602164745
2824,0.01971863955259323
2825,0.011786366812884808
2826,0.003358482848852873
2827,0.0027606680523604155
2828,0.009217699989676476
2829,0.010556919500231743
2830,0.0036082786973565817
2831,0.014379819855093956
2832,0.013054896146059036
2833,0.009476887062191963
2834,0.007759024389088154
2835,0.01660013012588024
2836,0.007788415532559156
2837,0.011558851227164268
2838,0.0033141402527689934
2839,0.016719911247491837
2840,0.020785707980394363
2841,0.004007718525826931
2842,0.004084265790879726
2843,0.01388065330684185
2844,0.005753057077527046
2845,0.0050858743488788605
2846,0.010462003760039806
2847,0.007737956941127777
2848,0.00786663219332695
2849,0.00638233870267868
2850,0.003908895887434483
2851,0.019987568259239197
2852,0.016627436503767967
2853,0.006272803992033005
2854,0.02167351357638836
2855,0.015354747883975506
2856,0.008707860484719276
2857,0.0013529601274058223
2858,0.003741984022781253
2859,0.019047530367970467
2860,0.011240977793931961
2861,0.013834137469530106
2862,0.004395745228976011
2863,0.0031792528461664915
2864,0.009873958304524422
2865,0.005622183438390493
2866,0.004850995261222124
2867,0.0018519958248361945
2868,0.006813284941017628
2869,0.003464551642537117
2870,0.0029918651562184095
2871,0.015441137365996838
2872,0.014236360788345337
2873,0.0031321390997618437
2874,0.005244646221399307
2875,0.013696225360035896
2876,0.011463068425655365
2877,0.010784844867885113
2878,0.022228986024856567
2879,0.011829361319541931
2880,0.005498653277754784
2881,0.021324431523680687
2882,0.0061750104650855064
2883,0.010117355734109879
2884,0.005317459814250469
2885,0.005450820084661245
2886,0.00800476036965847
2887,0.006164178252220154
2888,0.004159129690378904
2889,0.009177714586257935
2890,0.005959372967481613
2891,0.009621656499803066
2892,0.01793329231441021
2893,0.0075308941304683685
2894,0.0036017473321408033
2895,0.011715090833604336
2896,0.010349957272410393
2897,0.015754334628582
2898,0.005017687566578388
2899,0.015893127769231796
2900,0.013132896274328232
2901,0.010572451166808605
2902,0.005163786467164755
2903,0.0077460212633013725
2904,0.007632984779775143
2905,0.004785955883562565
2906,0.015515787526965141
2907,0.008112804032862186
2908,0.01359000988304615
2909,0.0045286184176802635
2910,0.0037847142666578293
2911,0.004650634713470936
2912,0.010517019778490067
2913,0.010652481578290462
2914,0.01246861182153225
2915,0.005223480518907309
2916,0.005490298382937908
2917,0.013175606727600098
2918,0.007877417840063572
2919,0.012663573026657104
2920,0.003241316881030798
2921,0.01479734480381012
2922,0.0033127281349152327
2923,0.034930914640426636
2924,0.009245067834854126
2925,0.004533135332167149
2926,0.006875031627714634
2927,0.009125128388404846
2928,0.008386695757508278
2929,0.004257729277014732
2930,0.008889580145478249
2931,0.011492930352687836
2932,0.002562104258686304
2933,0.006236441433429718
2934,0.007430014666169882
2935,0.006098325364291668
2936,0.00894958060234785
2937,0.004998793359845877
2938,0.00794203020632267
2939,0.008893916383385658
2940,0.005838923156261444
2941,0.006343433633446693
2942,0.008407717570662498
2943,0.004518699366599321
2944,0.0027551702223718166
2945,0.01288454607129097
2946,0.004806448705494404
2947,0.008294577710330486
2948,0.007322318851947784
2949,0.006119268946349621
2950,0.010454073548316956
2951,0.006783186458051205
2952,0.007256068289279938
2953,0.004829534329473972
2954,0.0037401735316962004
2955,0.0076179965399205685
2956,0.007803480140864849
2957,0.004142226185649633
2958,0.0056155468337237835
2959,0.01578447036445141
2960,0.009151026606559753
2961,0.003974262624979019
2962,0.007063088472932577
2963,0.009493598714470863
2964,0.012008216232061386
2965,0.0032745166681706905
2966,0.01052767038345337
2967,0.01587754860520363
2968,0.011871306225657463
2969,0.010222101584076881
2970,0.004792874678969383
2971,0.009616652503609657
2972,0.0025974465534090996
2973,0.013235805556178093
2974,0.0020608962513506413
2975,0.005232032388448715
2976,0.012278541922569275
2977,0.007242815103381872
2978,0.007336293812841177
2979,0.004757517017424107
2980,0.004925935994833708
2981,0.016322489827871323
2982,0.005071314051747322
2983,0.005409915000200272
2984,0.01692231558263302
2985,0.007146916817873716
2986,0.011776971630752087
2987,0.006121508311480284
2988,0.01194782555103302
2989,0.00717192143201828
2990,0.008403129875659943
2991,0.0034113656729459763
2992,0.008287012577056885
2993,0.004875420592725277
2994,0.00444067595526576
2995,0.005834138952195644
2996,0.009310765191912651
2997,0.012160811573266983
2998,0.006934162229299545
2999,0.01061547826975584
3000,0.012786108069121838
3001,0.003779585473239422
3002,0.0029440056532621384
3003,0.013405300676822662
3004,0.015685563907027245
3005,0.004618008621037006
3006,0.020392827689647675
3007,0.004814385902136564
3008,0.012727025896310806
3009,0.004734019748866558
3010,0.005365275777876377
3011,0.010128973051905632
3012,0.011115643195807934
3013,0.006668778136372566
3014,0.004740623757243156
3015,0.007764163427054882
3016,0.005834669806063175
3017,0.004794597625732422
3018,0.00435927277430892
3019,0.015354551374912262
3020,0.013621854595839977
3021,0.005809893365949392
3022,0.009318329393863678
3023,0.00772485276684165
3024,0.013095369562506676
3025,0.008528484962880611
3026,0.013148540630936623
3027,0.005592800211161375
3028,0.009032536298036575
3029,0.00482198316603899
3030,0.006847159471362829
3031,0.006913564167916775
3032,0.009498088620603085
3033,0.003639287082478404
3034,0.005281812511384487
3035,0.007713858038187027
3036,0.014766368083655834
3037,0.012041590176522732
3038,0.011645590886473656
3039,0.009046673774719238
3040,0.00872999057173729
3041,0.004978341981768608
3042,0.005238489713519812
3043,0.007742901798337698
3044,0.007707509677857161
3045,0.013628518208861351
3046,0.002868355019018054
3047,0.0018484813626855612
3048,0.010606094263494015
3049,0.003247875487431884
3050,0.008706685155630112
3051,0.005890781991183758
3052,0.0022740564309060574
3053,0.007450837641954422
3054,0.0054274871945381165
3055,0.003516698256134987
3056,0.0065637133084237576
3057,0.010868778452277184
3058,0.029610997065901756
3059,0.0034168511629104614
3060,0.009524116292595863
3061,0.0024661317002028227
3062,0.0036610024981200695
3063,0.006047371309250593
3064,0.008665340952575207
3065,0.008182473480701447
3066,0.008908831514418125
3067,0.006840798072516918
3068,0.015664195641875267
3069,0.007641553413122892
3070,0.02408454939723015
3071,0.007544988300651312
3072,0.014886025339365005
3073,0.004472879692912102
3074,0.006147624459117651
3075,0.006298991851508617
3076,0.00797504186630249
3077,0.005949485115706921
3078,0.012251682579517365
3079,0.002424638718366623
3080,0.006732232868671417
3081,0.008036691695451736
3082,0.006834023632109165
3083,0.0069631668739020824
3084,0.008994093164801598
3085,0.019268019124865532
3086,0.0075945681892335415
3087,0.006206813734024763
3088,0.0042164805345237255
3089,0.006979125551879406
3090,0.0036415893118828535
3091,0.005345597863197327
3092,0.009144801646471024
3093,0.004555300809442997
3094,0.013854756951332092
3095,0.010927803814411163
3096,0.005205726251006126
3097,0.0057107070460915565
3098,0.0040999907068908215
3099,0.0020218489225953817
3100,0.016557708382606506
3101,0.008702140301465988
3102,0.011935706250369549
3103,0.007717452012002468
3104,0.003237247932702303
3105,0.022923465818166733
3106,0.010263731703162193
3107,0.006062641274183989
3108,0.006976149044930935
3109,0.007044232450425625
3110,0.0034182164818048477
3111,0.010738427750766277
3112,0.004351424984633923
3113,0.006243887823075056
3114,0.007135489024221897
3115,0.005666977725923061
3116,0.019161440432071686
3117,0.009504849091172218
3118,0.011178466491401196
3119,0.006941662169992924
3120,0.015517091378569603
3121,0.0057218014262616634
3122,0.007146002259105444
3123,0.007590466644614935
3124,0.011331869289278984
3125,0.011391105130314827
3126,0.024246735498309135
3127,0.006090446375310421
3128,0.005747205577790737
3129,0.005534568335860968
3130,0.007203053683042526
3131,0.00958117377012968
3132,0.006740698590874672
3133,0.0067184194922447205
3134,0.0039825160056352615
3135,0.014372384175658226
3136,0.02253703400492668
3137,0.006575670093297958
3138,0.01448427326977253
3139,0.00481853261590004
3140,0.0030049725901335478
3141,0.0068645901046693325
3142,0.013242709450423717
3143,0.00865071639418602
3144,0.023816179484128952
3145,0.011880490928888321
3146,0.003307717852294445
3147,0.0104084936901927
3148,0.004259941168129444
3149,0.005212551914155483
3150,0.008428363129496574
3151,0.004029284697026014
3152,0.007159284316003323
3153,0.006388661917299032
3154,0.010187556967139244
3155,0.004533424973487854
3156,0.008506493642926216
3157,0.009237919002771378
3158,0.002420579781755805
3159,0.006615412887185812
3160,0.005475456826388836
3161,0.003441228298470378
3162,0.004691650625318289
3163,0.01073618233203888
3164,0.005268077831715345
3165,0.016995251178741455
3166,0.009704675525426865
3167,0.00848486926406622
3168,0.005713346414268017
3169,0.01117732934653759
3170,0.006845933850854635
3171,0.0038452348671853542
3172,0.004679384641349316
3173,0.010458104312419891
3174,0.009036163799464703
3175,0.0058027831837534904
3176,0.002816523192450404
3177,0.012062199413776398
3178,0.01433497667312622
3179,0.005556832067668438
3180,0.0026621129363775253
3181,0.02746099978685379
3182,0.029419075697660446
3183,0.0035236140247434378
3184,0.003288279054686427
3185,0.002367633394896984
3186,0.006053687538951635
3187,0.00909344106912613
3188,0.007179896347224712
3189,0.0047853561118245125
3190,0.013190684840083122
3191,0.0042108651250600815
3192,0.011783081106841564
3193,0.003674651263281703
3194,0.014263361692428589
3195,0.00549271097406745
3196,0.004452950786799192
3197,0.012625522911548615
3198,0.019723672419786453
3199,0.02671690098941326
3200,0.0030995155684649944
3201,0.005867335945367813
3202,0.007371022831648588
3203,0.0038805489894002676
3204,0.008491450920701027
3205,0.009063571691513062
3206,0.006752796471118927
3207,0.007475561928004026
3208,0.008230555802583694
3209,0.007712176069617271
3210,0.018630346283316612
3211,0.004548840224742889
3212,0.0033898483961820602
3213,0.0032229102216660976
3214,0.007205444388091564
3215,0.007130318786948919
3216,0.0039772456511855125
3217,0.010589253157377243
3218,0.01722593978047371
3219,0.012482613325119019
3220,0.006604178808629513
3221,0.03625975549221039
3222,0.004571898840367794
3223,0.008364244364202023
3224,0.013451486825942993
3225,0.00509048905223608
3226,0.008712510578334332
3227,0.010497244074940681
3228,0.00964274536818266
3229,0.0069498335942626
3230,0.0017387125408276916
3231,0.009138848632574081
3232,0.006092865951359272
3233,0.0043553877621889114
3234,0.008223781362175941
3235,0.011587560176849365
3236,0.007503300439566374
3237,0.007189404219388962
3238,0.004808706231415272
3239,0.004184571094810963
3240,0.006725292652845383
3241,0.004714322742074728
3242,0.014263540506362915
3243,0.0070853037759661674
3244,0.008800111711025238
3245,0.0071191368624567986
3246,0.003016337752342224
3247,0.006761734839528799
3248,0.0038575096987187862
3249,0.005866578780114651
3250,0.007932640612125397
3251,0.01256837509572506
3252,0.024390792474150658
3253,0.00959103461354971
3254,0.011764842085540295
3255,0.009301701560616493
3256,0.01185655128210783
3257,0.024201970547437668
3258,0.0033170231617987156
3259,0.017619581893086433
3260,0.014614112675189972
3261,0.008322132751345634
3262,0.006482008844614029
3263,0.0033624605275690556
3264,0.01581241749227047
3265,0.004626942798495293
3266,0.004498741589486599
3267,0.012296468019485474
3268,0.006981210317462683
3269,0.010328643023967743
3270,0.0033550597727298737
3271,0.013109053485095501
3272,0.012675675563514233
3273,0.004682834260165691
3274,0.004027840681374073
3275,0.010179495438933372
3276,0.007579594850540161
3277,0.014234570786356926
3278,0.007760245352983475
3279,0.005984816700220108
3280,0.005317497532814741
3281,0.0038595194928348064
3282,0.004716639406979084
3283,0.006385628134012222
3284,0.003671465441584587
3285,0.015387110412120819
3286,0.008361170999705791
3287,0.010933859273791313
3288,0.013480395078659058
3289,0.007682777009904385
3290,0.007341576274484396
3291,0.011065786704421043
3292,0.007379714399576187
3293,0.006661560386419296
3294,0.009624101221561432
3295,0.01134972833096981
3296,0.00862533412873745
3297,0.0252990685403347
3298,0.01152306329458952
3299,0.016366226598620415
3300,0.0075460015796124935
3301,0.007174482103437185
3302,0.007766073569655418
3303,0.00585191510617733
3304,0.017321672290563583
3305,0.008978478610515594
3306,0.016148287802934647
3307,0.0018675661412999034
3308,0.0033720757346600294
3309,0.011389028280973434
3310,0.0041143279522657394
3311,0.015266543254256248
3312,0.0056643299758434296
3313,0.014358225278556347
3314,0.010497063398361206
3315,0.008156823925673962
3316,0.014104008674621582
3317,0.01412932574748993
3318,0.01267772912979126
3319,0.005410985555499792
3320,0.008084416389465332
3321,0.01284035574644804
3322,0.005272324662655592
3323,0.01308612059801817
3324,0.0033172692637890577
3325,0.00533444806933403
3326,0.004732540808618069
3327,0.01465127244591713
3328,0.007153322920203209
3329,0.00860932469367981
3330,0.005168126430362463
3331,0.0031191937159746885
3332,0.007343623787164688
3333,0.00850474089384079
3334,0.006402912549674511
3335,0.007740647532045841
3336,0.006410720758140087
3337,0.015237170271575451
3338,0.007444976828992367
3339,0.007234870921820402
3340,0.009832425974309444
3341,0.006852410733699799
3342,0.002618565922603011
3343,0.004274061881005764
3344,0.006572181358933449
3345,0.005484617780894041
3346,0.0023875953629612923
3347,0.004188099876046181
3348,0.00588827021420002
3349,0.005199060775339603
3350,0.020885616540908813
3351,0.008068099617958069
3352,0.004865209572017193
3353,0.01613808050751686
3354,0.007806256413459778
3355,0.006998834665864706
3356,0.006076363380998373
3357,0.008793475106358528
3358,0.007425087504088879
3359,0.006101380102336407
3360,0.007135685533285141
3361,0.022651270031929016
3362,0.011023096740245819
3363,0.007305399980396032
3364,0.00961247831583023
3365,0.006998155266046524
3366,0.004998685792088509
3367,0.01696130633354187
3368,0.0033389623276889324
3369,0.011113058775663376
3370,0.01222168654203415
3371,0.002617398276925087
3372,0.0078729297965765
3373,0.01687476597726345
3374,0.005932020954787731
3375,0.011612167581915855
3376,0.004475955851376057
3377,0.010962523519992828
3378,0.007900918833911419
3379,0.005715186707675457
3380,0.020854001864790916
3381,0.008512726984918118
3382,0.009613294154405594
3383,0.0043952576816082
3384,0.010781622491776943
3385,0.013572519645094872
3386,0.004911893047392368
3387,0.004114704206585884
3388,0.004975595977157354
3389,0.01473027840256691
3390,0.0019143642857670784
3391,0.009709957987070084
3392,0.007651092018932104
3393,0.0053736865520477295
3394,0.005442961119115353
3395,0.02177095040678978
3396,0.015063688158988953
3397,0.011737484484910965
3398,0.004635070450603962
3399,0.0030921983998268843
3400,0.009215271100401878
3401,0.005711108446121216
3402,0.00874892994761467
3403,0.011947102844715118
3404,0.008904735557734966
3405,0.009886720217764378
3406,0.004365553148090839
3407,0.006715842988342047
3408,0.015353708527982235
3409,0.005346328020095825
3410,0.004587036557495594
3411,0.004467552527785301
3412,0.002768127014860511
3413,0.009493554010987282
3414,0.009452282451093197
3415,0.005838833749294281
3416,0.013054518029093742
3417,0.006558592431247234
3418,0.011186356656253338
3419,0.029723025858402252
3420,0.022745702415704727
3421,0.004331664647907019
3422,0.01281643658876419
3423,0.010192854329943657
3424,0.012658094987273216
3425,0.01475205272436142
3426,0.004387652035802603
3427,0.015428438782691956
3428,0.013112207874655724
3429,0.004116347525268793
3430,0.023838263005018234
3431,0.01242204662412405
3432,0.0073972041718661785
3433,0.01473958045244217
3434,0.02722073346376419
3435,0.006464648991823196
3436,0.010880082845687866
3437,0.004469671286642551
3438,0.008352728560566902
3439,0.006046717520803213
3440,0.004976024851202965
3441,0.004141471814364195
3442,0.011889311484992504
3443,0.008023235015571117
3444,0.0063726636581122875
3445,0.006283053662627935
3446,0.009068462066352367
3447,0.009653463959693909
3448,0.027756011113524437
3449,0.007922425866127014
3450,0.00929567776620388
3451,0.010381769388914108
3452,0.002897334983572364
3453,0.008203975856304169
3454,0.0059789977967739105
3455,0.0037961029447615147
3456,0.00869300402700901
3457,0.012037312611937523
3458,0.007607457228004932
3459,0.002901394385844469
3460,0.003066585399210453
3461,0.011515215039253235
3462,0.009478287771344185
3463,0.00958438403904438
3464,0.009050062857568264
3465,0.010019185021519661
3466,0.007926929742097855
3467,0.004822403658181429
3468,0.004743148572742939
3469,0.010518032126128674
3470,0.0075612193904817104
3471,0.0032192221842706203
3472,0.007710983511060476
3473,0.006670562084764242
3474,0.011965367011725903
3475,0.002579551190137863
3476,0.011926881037652493
3477,0.008068302646279335
3478,0.003808071371167898
3479,0.0043175797909498215
3480,0.008391945622861385
3481,0.00540544418618083
3482,0.0077758608385920525
3483,0.007243303582072258
3484,0.010161719284951687
3485,0.006537031382322311
3486,0.006656070705503225
3487,0.006591338664293289
3488,0.011175627820193768
3489,0.011827467940747738
3490,0.01873106136918068
3491,0.003912264481186867
3492,0.012928451411426067
3493,0.008426664397120476
3494,0.007579241879284382
3495,0.01858963444828987
3496,0.02726924791932106
3497,0.008847810328006744
3498,0.01050461083650589
3499,0.009636295959353447
3500,0.006490137428045273
3501,0.011457684449851513
3502,0.02793346345424652
3503,0.005563451908528805
3504,0.008424071595072746
3505,0.006722457706928253
3506,0.00867119338363409
3507,0.0058336807414889336
3508,0.012317138724029064
3509,0.005356255918741226
3510,0.012306022457778454
3511,0.010045809671282768
3512,0.004720660857856274
3513,0.006573257502168417
3514,0.004725689068436623
3515,0.013550209812819958
3516,0.005211967974901199
3517,0.003745761699974537
3518,0.006930574309080839
3519,0.004399743862450123
3520,0.006547992117702961
3521,0.006994018331170082
3522,0.0065452903509140015
3523,0.011844079941511154
3524,0.015079870820045471
3525,0.017819710075855255
3526,0.014301598072052002
3527,0.009324944578111172
3528,0.0036254161968827248
3529,0.006862693466246128
3530,0.003390407655388117
3531,0.007703043520450592
3532,0.005024564918130636
3533,0.00668796431273222
3534,0.008683064952492714
3535,0.004949530120939016
3536,0.004523413255810738
3537,0.009236317127943039
3538,0.010471878573298454
3539,0.013929255306720734
3540,0.009389749728143215
3541,0.00565883656963706
3542,0.025648748502135277
3543,0.006018923595547676
3544,0.011325890198349953
3545,0.006121223326772451
3546,0.016226202249526978
3547,0.01530609093606472
3548,0.005315784364938736
3549,0.01720060035586357
3550,0.019827067852020264
3551,0.008659846149384975
3552,0.008733581751585007
3553,0.00867882277816534
3554,0.02034367248415947
3555,0.00355800474062562
3556,0.007075058296322823
3557,0.012462387792766094
3558,0.01426454447209835
3559,0.01472910400480032
3560,0.008961625397205353
3561,0.0036553354002535343
3562,0.006963695399463177
3563,0.010185887105762959
3564,0.003841171506792307
3565,0.008307582698762417
3566,0.005325022153556347
3567,0.009039564989507198
3568,0.003246100153774023
3569,0.005532870069146156
3570,0.015524931252002716
3571,0.01010372769087553
3572,0.016545278951525688
3573,0.009736298583447933
3574,0.004328408278524876
3575,0.012721991166472435
3576,0.006822856143116951
3577,0.009605340659618378
3578,0.002591913565993309
3579,0.011540569365024567
3580,0.004679208155721426
3581,0.01294994167983532
3582,0.0025988370180130005
3583,0.007179107051342726
3584,0.02507767640054226
3585,0.0061283232644200325
3586,0.010681482963263988
3587,0.005455590318888426
3588,0.009721869602799416
3589,0.003867563558742404
3590,0.004374544136226177
3591,0.00996562372893095
3592,0.0059052323922514915
3593,0.006711110007017851
3594,0.01407661847770214
3595,0.008969975635409355
3596,0.015209103003144264
3597,0.020674722269177437
3598,0.003983435221016407
3599,0.009011156857013702
3600,0.00405803881585598
3601,0.0034821273293346167
3602,0.010791992768645287
3603,0.00436830148100853
3604,0.008139573037624359
3605,0.005798212252557278
3606,0.00416701240465045
3607,0.013091947883367538
3608,0.020347019657492638
3609,0.015652067959308624
3610,0.0039749606512486935
3611,0.0022981599904596806
3612,0.006469498388469219
3613,0.009866198524832726
3614,0.009906938299536705
3615,0.003121228888630867
3616,0.004945737309753895
3617,0.006823565345257521
3618,0.00515747582539916
3619,0.014703403227031231
3620,0.010503211989998817
3621,0.01432977244257927
3622,0.010357220657169819
3623,0.005953479558229446
3624,0.007804731838405132
3625,0.013618957251310349
3626,0.010524909012019634
3627,0.006970526184886694
3628,0.008791789412498474
3629,0.012530555948615074
3630,0.010112190619111061
3631,0.01907034032046795
3632,0.006136294454336166
3633,0.004935760982334614
3634,0.00867885909974575
3635,0.01212820690125227
3636,0.011628678068518639
3637,0.008896546438336372
3638,0.007201680913567543
3639,0.0036902036517858505
3640,0.0022976265754550695
3641,0.012048284523189068
3642,0.008253956213593483
3643,0.0036677317693829536
3644,0.0051653748378157616
3645,0.0019324757158756256
3646,0.004888066090643406
3647,0.010220779106020927
3648,0.006117587443441153
3649,0.01832599751651287
3650,0.008889592252671719
3651,0.004673280753195286
3652,0.015509208664298058
3653,0.009676891379058361
3654,0.01889352686703205
3655,0.016278252005577087
3656,0.003795905038714409
3657,0.014821713790297508
3658,0.011921433731913567
3659,0.0059499675408005714
3660,0.017750797793269157
3661,0.003755129873752594
3662,0.0061366199515759945
3663,0.011434327811002731
3664,0.005292624235153198
3665,0.009738118387758732
3666,0.0075221918523311615
3667,0.009952040389180183
3668,0.011977031826972961
3669,0.00754149816930294
3670,0.00830787606537342
3671,0.005060969851911068
3672,0.008081360720098019
3673,0.019275717437267303
3674,0.010204052552580833
3675,0.0065653203055262566
3676,0.009621364064514637
3677,0.01040882058441639
3678,0.003853739006444812
3679,0.006447753868997097
3680,0.011817783117294312
3681,0.006755910348147154
3682,0.01140451431274414
3683,0.0112919881939888
3684,0.0037326475139707327
3685,0.0101316524669528
3686,0.005418488290160894
3687,0.00300882151350379
3688,0.007010370027273893
3689,0.005966600030660629
3690,0.009635984897613525
3691,0.007593666203320026
3692,0.011563271284103394
3693,0.006470979657024145
3694,0.0032842401415109634
3695,0.005614423658698797
3696,0.0056976620107889175
3697,0.018372448161244392
3698,0.0024221527855843306
3699,0.013412736356258392
3700,0.012893205508589745
3701,0.004709566943347454
3702,0.00685519864782691
3703,0.022846153005957603
3704,0.003356445115059614
3705,0.0077043320052325726
3706,0.004684050101786852
3707,0.02114367112517357
3708,0.007706159725785255
3709,0.012051432393491268
3710,0.0064492663368582726
3711,0.007125097792595625
3712,0.0031932208221405745
3713,0.005928996950387955
3714,0.0047623226419091225
3715,0.011151669546961784
3716,0.006554737221449614
3717,0.010053057223558426
3718,0.010613769292831421
3719,0.008820339106023312
3720,0.0144258514046669
3721,0.00818689726293087
3722,0.008175063878297806
3723,0.005616482347249985
3724,0.006010565906763077
3725,0.00320654409006238
3726,0.007414687424898148
3727,0.009309930726885796
3728,0.005062337964773178
3729,0.0032096821814775467
3730,0.010557773523032665
3731,0.009746415540575981
3732,0.007247311528772116
3733,0.006797566078603268
3734,0.02749551460146904
3735,0.008411751128733158
3736,0.015423791483044624
3737,0.005835097283124924
3738,0.005852614529430866
3739,0.016451217234134674
3740,0.01629021391272545
3741,0.014980686828494072
3742,0.012116976082324982
3743,0.002619023434817791
3744,0.007888676598668098
3745,0.012866845354437828
3746,0.009586917236447334
3747,0.004220033064484596
3748,0.0057607414200901985
3749,0.0058932825922966
3750,0.013647107407450676
3751,0.015691032633185387
3752,0.01622324436903
3753,0.010152459144592285
3754,0.011073671281337738
3755,0.010362610220909119
3756,0.003848835825920105
3757,0.008305899798870087
3758,0.016809355467557907
3759,0.007072863169014454
3760,0.012974771670997143
3761,0.008070746436715126
3762,0.0029454499017447233
3763,0.01649698242545128
3764,0.004638033919036388
3765,0.02202562242746353
3766,0.01853001117706299
3767,0.01163395494222641
3768,0.00638178875669837
3769,0.005452470853924751
3770,0.009843951091170311
3771,0.020808085799217224
3772,0.006397649180144072
3773,0.010352442041039467
3774,0.010635724291205406
3775,0.005990979727357626
3776,0.012024398893117905
3777,0.008088248781859875
3778,0.012920892797410488
3779,0.007368406280875206
3780,0.013748658820986748
3781,0.0025342158041894436
3782,0.00418683048337698
3783,0.017527535557746887
3784,0.007260206155478954
3785,0.008603896014392376
3786,0.00927211344242096
3787,0.002906147390604019
3788,0.0041574835777282715
3789,0.006033394485712051
3790,0.00548914447426796
3791,0.0266202874481678
3792,0.007872357964515686
3793,0.00463454332202673
3794,0.010066861286759377
3795,0.005054994486272335
3796,0.0096573606133461
3797,0.01271239947527647
3798,0.012556026689708233
3799,0.011170370504260063
3800,0.012145860120654106
3801,0.006580167915672064
3802,0.0034475158900022507
3803,0.03145807981491089
3804,0.005801343359053135
3805,0.005322285927832127
3806,0.004328026901930571
3807,0.0067657046020030975
3808,0.006058851256966591
3809,0.021257370710372925
3810,0.004228057339787483
3811,0.010966794565320015
3812,0.004761317279189825
3813,0.01311328262090683
3814,0.006707838736474514
3815,0.0071625481359660625
3816,0.007508171256631613
3817,0.005727823823690414
3818,0.014210408553481102
3819,0.007425788789987564
3820,0.006494596600532532
3821,0.0046622976660728455
3822,0.0058183204382658005
3823,0.013471459969878197
3824,0.009818308055400848
3825,0.00242034625262022
3826,0.006522874813526869
3827,0.010726667009294033
3828,0.007778242230415344
3829,0.003954718820750713
3830,0.005380439572036266
3831,0.0075354608707129955
3832,0.016021426767110825
3833,0.019392434507608414
3834,0.00746014341711998
3835,0.00561962416395545
3836,0.006205250509083271
3837,0.009909509681165218
3838,0.005280512850731611
3839,0.010010073892772198
3840,0.0066812727600336075
3841,0.003925839439034462
3842,0.0044930423609912395
3843,0.014243938028812408
3844,0.017079992219805717
3845,0.006112541072070599
3846,0.011096244677901268
3847,0.009426525793969631
3848,0.0035608343314379454
3849,0.0019596368074417114
3850,0.00394848920404911
3851,0.004624631721526384
3852,0.006082588341087103
3853,0.01333424262702465
3854,0.018265830352902412
3855,0.0051611377857625484
3856,0.0047789509408175945
3857,0.017489641904830933
3858,0.0032735969871282578
3859,0.010220013558864594
3860,0.005237126257270575
3861,0.0038434737361967564
3862,0.007636058609932661
3863,0.009606121107935905
3864,0.009501494467258453
3865,0.01005871407687664
3866,0.010662389919161797
3867,0.019419437274336815
3868,0.017833374440670013
3869,0.008999297395348549
3870,0.00832365732640028
3871,0.010420655831694603
3872,0.003897949820384383
3873,0.007963917218148708
3874,0.0026871822774410248
3875,0.01654290035367012
3876,0.013615921139717102
3877,0.005316480528563261
3878,0.0036818310618400574
3879,0.006965003442019224
3880,0.006662029307335615
3881,0.005250656045973301
3882,0.0031401379965245724
3883,0.006630042102187872
3884,0.004925310146063566
3885,0.013137596659362316
3886,0.0050256382673978806
3887,0.00488364277407527
3888,0.002634997246786952
3889,0.005696575157344341
3890,0.0037972168065607548
3891,0.009791053831577301
3892,0.009965959005057812
3893,0.006862906273454428
3894,0.012930932454764843
3895,0.003918956965208054
3896,0.007654107175767422
3897,0.010101585648953915
3898,0.016869869083166122
3899,0.012182233855128288
3900,0.004222853109240532
3901,0.02081032656133175
3902,0.0032458300702273846
3903,0.011580556631088257
3904,0.01066240668296814
3905,0.0031123217195272446
3906,0.022959742695093155
3907,0.015575112774968147
3908,0.014187428168952465
3909,0.004307507537305355
3910,0.008129436522722244
3911,0.010292205028235912
3912,0.012522360309958458
3913,0.013685420155525208
3914,0.0050912536680698395
3915,0.007061626296490431
3916,0.012738218531012535
3917,0.011219263076782227
3918,0.006866656243801117
3919,0.010849729180335999
3920,0.005853269249200821
3921,0.007883453741669655
3922,0.01473255269229412
3923,0.013712627813220024
3924,0.00554503221064806
3925,0.007932385429739952
3926,0.002041301690042019
3927,0.0084229726344347
3928,0.004537113942205906
3929,0.020521730184555054
3930,0.004721467848867178
3931,0.010916906408965588
3932,0.006610556971281767
3933,0.00958270113915205
3934,0.0059040626510977745
3935,0.022661980241537094
3936,0.01017678901553154
3937,0.010880455374717712
3938,0.011151078157126904
3939,0.01296237763017416
3940,0.009350934997200966
3941,0.009929782710969448
3942,0.003440051805227995
3943,0.007029110100120306
3944,0.005847185850143433
3945,0.01182292215526104
3946,0.01453951746225357
3947,0.006569426506757736
3948,0.004637165926396847
3949,0.007782001979649067
3950,0.009250180795788765
3951,0.0029482385143637657
3952,0.010567473247647285
3953,0.0038997780065983534
3954,0.010291770100593567
3955,0.013788062147796154
3956,0.0055637299083173275
3957,0.004330440424382687
3958,0.010356437414884567
3959,0.006522058974951506
3960,0.007764394860714674
3961,0.009665783494710922
3962,0.0027474823873490095
3963,0.008900772780179977
3964,0.0067064836621284485
3965,0.003710951190441847
3966,0.01512871216982603
3967,0.022440612316131592
3968,0.014805602841079235
3969,0.009840910322964191
3970,0.011677457019686699
3971,0.004858953878283501
3972,0.009792766533792019
3973,0.0042665861546993256
3974,0.0035571507178246975
3975,0.009612083435058594
3976,0.005934148095548153
3977,0.0037579480558633804
3978,0.006863236427307129
3979,0.02475573867559433
3980,0.00724921515211463
3981,0.006684373132884502
3982,0.004904433619230986
3983,0.009499587118625641
3984,0.00397726334631443
3985,0.018541276454925537
3986,0.01379434298723936
3987,0.020500339567661285
3988,0.008098334074020386
3989,0.006062110420316458
3990,0.00834367424249649
3991,0.006660054437816143
3992,0.005500920116901398
3993,0.0035378411412239075
3994,0.002883895067498088
3995,0.01124938391149044
3996,0.011250821873545647
3997,0.004589993506669998
3998,0.013088047504425049
3999,0.011636389419436455
4000,0.012124626897275448
4001,0.009196411818265915
4002,0.010889364406466484
4003,0.010476815514266491
4004,0.0064144497737288475
4005,0.010706394910812378
4006,0.013428694568574429
4007,0.0036634120624512434
4008,0.002399788238108158
4009,0.009586173109710217
4010,0.0044560506939888
4011,0.008960629813373089
4012,0.007465915288776159
4013,0.010324692353606224
4014,0.021835189312696457
4015,0.006148345302790403
4016,0.012294769287109375
4017,0.013701393269002438
4018,0.009632749482989311
4019,0.006534724961966276
4020,0.009851524606347084
4021,0.005255905445665121
4022,0.009675185196101665
4023,0.007472825236618519
4024,0.006883773487061262
4025,0.019194427877664566
4026,0.007827505469322205
4027,0.024092357605695724
4028,0.016209205612540245
4029,0.008976263925433159
4030,0.007091362029314041
4031,0.009124675765633583
4032,0.007292733993381262
4033,0.003537362441420555
4034,0.011599855497479439
4035,0.005204364191740751
4036,0.005123169161379337
4037,0.008222552016377449
4038,0.015166718512773514
4039,0.003959297202527523
4040,0.009743427857756615
4041,0.00905967503786087
4042,0.005990989506244659
4043,0.013478042557835579
4044,0.02944016084074974
4045,0.002316141501069069
4046,0.003964497707784176
4047,0.0066967010498046875
4048,0.005711895879358053
4049,0.004686415195465088
4050,0.00905526988208294
4051,0.007330083753913641
4052,0.015660470351576805
4053,0.0024846007581800222
4054,0.005213689990341663
4055,0.005213324911892414
4056,0.006532337516546249
4057,0.005796486046165228
4058,0.004167621955275536
4059,0.007672186009585857
4060,0.0034143587108701468
4061,0.04231502115726471
4062,0.008087091147899628
4063,0.004147838335484266
4064,0.004775648470968008
4065,0.018843596801161766
4066,0.0037779929116368294
4067,0.006729780696332455
4068,0.006175538059324026
4069,0.02457667887210846
4070,0.019398191943764687
4071,0.005402489565312862
4072,0.00969431921839714
4073,0.004504442680627108
4074,0.005831632763147354
4075,0.05013877898454666
4076,0.00454078521579504
4077,0.0033742485102266073
4078,0.007348147686570883
4079,0.01329592615365982
4080,0.004416545853018761
4081,0.002838127315044403
4082,0.005124536342918873
4083,0.012268214486539364
4084,0.0032847931142896414
4085,0.004305337090045214
4086,0.006046473514288664
4087,0.0324198417365551
4088,0.00953037291765213
4089,0.018633611500263214
4090,0.0047981832176446915
4091,0.00907110795378685
4092,0.004303662106394768
4093,0.007445121183991432
4094,0.008926797658205032
4095,0.009020362980663776
4096,0.0077734217047691345
4097,0.004347797017544508
4098,0.004807048477232456
4099,0.0044741760939359665
4100,0.0060873678885400295
4101,0.0033985755871981382
4102,0.005443546921014786
4103,0.0030153437983244658
4104,0.002766629680991173
4105,0.005765122827142477
4106,0.012746213003993034
4107,0.006271792110055685
4108,0.0044337911531329155
4109,0.00941331684589386
4110,0.003057881724089384
4111,0.01007943507283926
4112,0.005666661076247692
4113,0.0015028698835521936
4114,0.009414006024599075
4115,0.009935911744832993
4116,0.0035791522823274136
4117,0.014130361378192902
4118,0.012670015916228294
4119,0.010108492337167263
4120,0.004989283159375191
4121,0.015111153945326805
4122,0.0050735389813780785
4123,0.006457265466451645
4124,0.007919843308627605
4125,0.0036853435449302197
4126,0.007986966520547867
4127,0.012138406746089458
4128,0.012580940499901772
4129,0.030383706092834473
4130,0.013677619397640228
4131,0.005985734984278679
4132,0.018540268763899803
4133,0.0049614752642810345
4134,0.003287519793957472
4135,0.005177118815481663
4136,0.007579175289720297
4137,0.016111373901367188
4138,0.017175793647766113
4139,0.011695817112922668
4140,0.004412902984768152
4141,0.006565868854522705
4142,0.005458448082208633
4143,0.007617938332259655
4144,0.010947681032121181
4145,0.005851441528648138
4146,0.01223775278776884
4147,0.016346123069524765
4148,0.010927893221378326
4149,0.01590721867978573
4150,0.009062374010682106
4151,0.034070052206516266
4152,0.01250667404383421
4153,0.004419948905706406
4154,0.005114459898322821
4155,0.01181716751307249
4156,0.0036084093153476715
4157,0.011108527891337872
4158,0.005925062112510204
4159,0.005730535835027695
4160,0.009618599899113178
4161,0.010759836062788963
4162,0.011170951649546623
4163,0.013512171804904938
4164,0.00998985581099987
4165,0.007954909466207027
4166,0.006283262278884649
4167,0.020679378882050514
4168,0.013940071687102318
4169,0.005279326345771551
4170,0.009266752749681473
4171,0.013450725004076958
4172,0.008653154596686363
4173,0.014589490368962288
4174,0.01397017017006874
4175,0.00825488567352295
4176,0.012562981806695461
4177,0.0034178714267909527
4178,0.007853638380765915
4179,0.013177372515201569
4180,0.011918671429157257
4181,0.005916371010243893
4182,0.0084146149456501
4183,0.01427281554788351
4184,0.007245805114507675
4185,0.008813686668872833
4186,0.005685805808752775
4187,0.009703163057565689
4188,0.00876748375594616
4189,0.004998350981622934
4190,0.016802465543150902
4191,0.003701245877891779
4192,0.003127163974568248
4193,0.008822120726108551
4194,0.012020310387015343
4195,0.005391315557062626
4196,0.009668417274951935
4197,0.010210955515503883
4198,0.0032520326785743237
4199,0.003158563282340765
4200,0.01121713500469923
4201,0.004686515778303146
4202,0.022472988814115524
4203,0.00911601260304451
4204,0.016156569123268127
4205,0.005933030508458614
4206,0.0026479612570255995
4207,0.006110686808824539
4208,0.01096370443701744
4209,0.01882842369377613
4210,0.003579108975827694
4211,0.007305474486202002
4212,0.0053117889910936356
4213,0.010180099867284298
4214,0.00322018563747406
4215,0.004308365285396576
4216,0.010506789200007915
4217,0.006562638562172651
4218,0.009109020233154297
4219,0.010848255828022957
4220,0.005149691365659237
4221,0.008794953115284443
4222,0.011640198528766632
4223,0.008660654537379742
4224,0.004872547462582588
4225,0.009056266397237778
4226,0.0014663053443655372
4227,0.008213991299271584
4228,0.003057647030800581
4229,0.003921205177903175
4230,0.0009316399227827787
4231,0.0036247209645807743
4232,0.008172143250703812
4233,0.005235577002167702
4234,0.009217152372002602
4235,0.005834079347550869
4236,0.020680662244558334
4237,0.009466552175581455
4238,0.003395021427422762
4239,0.01333483587950468
4240,0.0021907626651227474
4241,0.011400898918509483
4242,0.0026041376404464245
4243,0.0061273518949747086
4244,0.0031608357094228268
4245,0.00558273121714592
4246,0.007208378054201603
4247,0.01571948081254959
4248,0.007553509436547756
4249,0.0041015008464455605
4250,0.007994691841304302
4251,0.006995165720582008
4252,0.014892037957906723
4253,0.010576341301202774
4254,0.005378293804824352
4255,0.005736827850341797
4256,0.013530910015106201
4257,0.004607148934155703
4258,0.02432972751557827
4259,0.017991889268159866
4260,0.005952256731688976
4261,0.01810050755739212
4262,0.005797211080789566
4263,0.012476361356675625
4264,0.010679236613214016
4265,0.00517000537365675
4266,0.00710967555642128
4267,0.0037871375679969788
4268,0.00402902252972126
4269,0.003961443901062012
4270,0.007093946915119886
4271,0.008223564364016056
4272,0.03564153611660004
4273,0.004466009326279163
4274,0.005806277971714735
4275,0.022453296929597855
4276,0.00807488989084959
4277,0.007663174998015165
4278,0.006584650836884975
4279,0.011426589451730251
4280,0.004195894580334425
4281,0.003450317308306694
4282,0.005414142739027739
4283,0.010282031260430813
4284,0.008541920222342014
4285,0.002460604067891836
4286,0.0065209208987653255
4287,0.016836296766996384
4288,0.00709912832826376
4289,0.01262720488011837
4290,0.014957735314965248
4291,0.029968328773975372
4292,0.010539889335632324
4293,0.016536058858036995
4294,0.005760592874139547
4295,0.008048001676797867
4296,0.0086399270221591
4297,0.01021946594119072
4298,0.006222299765795469
4299,0.00603099912405014
4300,0.005075872875750065
4301,0.0027338291984051466
4302,0.006462747231125832
4303,0.003423694521188736
4304,0.006628047209233046
4305,0.004435757175087929
4306,0.004414909519255161
4307,0.013078868389129639
4308,0.011935867369174957
4309,0.003920696210116148
4310,0.010084083303809166
4311,0.005563525017350912
4312,0.007138430140912533
4313,0.005750104319304228
4314,0.002790521364659071
4315,0.006423737853765488
4316,0.006446608807891607
4317,0.00449139392003417
4318,0.0022389821242541075
4319,0.009475316852331161
4320,0.016458041965961456
4321,0.01273263804614544
4322,0.006029532756656408
4323,0.010604385286569595
4324,0.02297447994351387
4325,0.004073732532560825
4326,0.010752642527222633
4327,0.007815394550561905
4328,0.010762343183159828
4329,0.006885862909257412
4330,0.006321914028376341
4331,0.010064848698675632
4332,0.004326957277953625
4333,0.01328157540410757
4334,0.0027668213006109
4335,0.006325509399175644
4336,0.011172263883054256
4337,0.014271717518568039
4338,0.011876325123012066
4339,0.005165564827620983
4340,0.005715955048799515
4341,0.02056506648659706
4342,0.005473637953400612
4343,0.007145252078771591
4344,0.002812052145600319
4345,0.003749749157577753
4346,0.009007785469293594
4347,0.006565896328538656
4348,0.015323063358664513
4349,0.0069601270370185375
4350,0.010030935518443584
4351,0.008478524163365364
4352,0.003861763048917055
4353,0.011381536722183228
4354,0.00866252277046442
4355,0.004570686258375645
4356,0.005741105414927006
4357,0.007396993692964315
4358,0.010360576212406158
4359,0.00479962769895792
4360,0.004814043641090393
4361,0.00651274248957634
4362,0.009425211697816849
4363,0.005738778971135616
4364,0.009211588650941849
4365,0.013244989328086376
4366,0.00580863282084465
4367,0.012845496647059917
4368,0.01022356003522873
4369,0.013606583699584007
4370,0.007284573279321194
4371,0.008380728773772717
4372,0.0042383503168821335
4373,0.02080126851797104
4374,0.006600514054298401
4375,0.00908566266298294
4376,0.008306254632771015
4377,0.006257745437324047
4378,0.0038436800241470337
4379,0.007104016840457916
4380,0.012436005286872387
4381,0.017970453947782516
4382,0.011874280869960785
4383,0.010114422999322414
4384,0.007314626127481461
4385,0.00669349730014801
4386,0.003071000799536705
4387,0.007798404898494482
4388,0.006493660621345043
4389,0.007782846689224243
4390,0.0173928365111351
4391,0.00464964285492897
4392,0.008015616796910763
4393,0.009757602587342262
4394,0.004383828956633806
4395,0.0037840227596461773
4396,0.010599398985505104
4397,0.011164557188749313
4398,0.03433180972933769
4399,0.0144761111587286
4400,0.006310546305030584
4401,0.005444335751235485
4402,0.008034490048885345
4403,0.005622364580631256
4404,0.006547250784933567
4405,0.011514803394675255
4406,0.008515879511833191
4407,0.006982109509408474
4408,0.0070098163560032845
4409,0.007066134363412857
4410,0.006239996757358313
4411,0.0076216766610741615
4412,0.009977076202630997
4413,0.0034949961118400097
4414,0.0034415745176374912
4415,0.0033522990997880697
4416,0.005015855189412832
4417,0.0061972737312316895
4418,0.005421911831945181
4419,0.006580745801329613
4420,0.007804423570632935
4421,0.008963771164417267
4422,0.008906016126275063
4423,0.009797117672860622
4424,0.008715067058801651
4425,0.017290806397795677
4426,0.007266923785209656
4427,0.004730949643999338
4428,0.003807500470429659
4429,0.017525099217891693
4430,0.01309790275990963
4431,0.008023678325116634
4432,0.009803269058465958
4433,0.005048990249633789
4434,0.013901027850806713
4435,0.01310813333839178
4436,0.00977899320423603
4437,0.0036307682748883963
4438,0.010255271568894386
4439,0.0028442740440368652
4440,0.006174121052026749
4441,0.009406840428709984
4442,0.009074164554476738
4443,0.018266579136252403
4444,0.0027963200118392706
4445,0.013886695727705956
4446,0.0066781057976186275
4447,0.015605410560965538
4448,0.005725409835577011
4449,0.004825306124985218
4450,0.008473677560687065
4451,0.008815111592411995
4452,0.004855471663177013
4453,0.004000463057309389
4454,0.013483616523444653
4455,0.009038730524480343
4456,0.005124859511852264
4457,0.010479896329343319
4458,0.004841405898332596
4459,0.005316148512065411
4460,0.006343331187963486
4461,0.010751662775874138
4462,0.023964539170265198
4463,0.0042371563613414764
4464,0.013183392584323883
4465,0.00773609708994627
4466,0.010690078139305115
4467,0.0073121171444654465
4468,0.006270240526646376
4469,0.008152078837156296
4470,0.005442443303763866
4471,0.007738090585917234
4472,0.019917605444788933
4473,0.0039686281234025955
4474,0.01614229381084442
4475,0.006757772993296385
4476,0.005583583377301693
4477,0.010026033036410809
4478,0.005724615417420864
4479,0.0063087064772844315
4480,0.003116471227258444
4481,0.011777646839618683
4482,0.004983737599104643
4483,0.005565214902162552
4484,0.01001845020800829
4485,0.003984289243817329
4486,0.003853151109069586
4487,0.009267224930226803
4488,0.00627555325627327
4489,0.008039174601435661
4490,0.007220772560685873
4491,0.005314505659043789
4492,0.0030279234051704407
4493,0.013127736747264862
4494,0.018108777701854706
4495,0.01728649251163006
4496,0.012231345288455486
4497,0.005686528980731964
4498,0.007476649712771177
4499,0.006054196041077375
4500,0.002891776617616415
4501,0.011863233521580696
4502,0.0031558102928102016
4503,0.00933285616338253
4504,0.004355512093752623
4505,0.00796431116759777
4506,0.008945788256824017
4507,0.005439469125121832
4508,0.005221831612288952
4509,0.018075617030262947
4510,0.007060540374368429
4511,0.009943804703652859
4512,0.003979934379458427
4513,0.008557243272662163
4514,0.0058992765843868256
4515,0.011696080677211285
4516,0.008538143709301949
4517,0.004994790069758892
4518,0.016276855021715164
4519,0.003158250357955694
4520,0.013932188972830772
4521,0.00994136929512024
4522,0.0049477978609502316
4523,0.00889591034501791
4524,0.003898783354088664
4525,0.005761982873082161
4526,0.01592371240258217
4527,0.012962489388883114
4528,0.010745319537818432
4529,0.007202207110822201
4530,0.016020137816667557
4531,0.01492787804454565
4532,0.006600695662200451
4533,0.005568658467382193
4534,0.009340800344944
4535,0.006857439875602722
4536,0.0055840592831373215
4537,0.006907445844262838
4538,0.01075744442641735
4539,0.012667113915085793
4540,0.005933153443038464
4541,0.016369003802537918
4542,0.016298437491059303
4543,0.006532769650220871
4544,0.006926455534994602
4545,0.00649532675743103
4546,0.009850066155195236
4547,0.0033703790977597237
4548,0.012635268270969391
4549,0.007258461322635412
4550,0.0075120399706065655
4551,0.00494715292006731
4552,0.0036425895523279905
4553,0.010503066703677177
4554,0.019462306052446365
4555,0.0063359057530760765
4556,0.008502043783664703
4557,0.004529604688286781
4558,0.009126521646976471
4559,0.00405814778059721
4560,0.00890052504837513
4561,0.0025448561646044254
4562,0.002517852932214737
4563,0.006687256973236799
4564,0.012944035232067108
4565,0.004978585988283157
4566,0.012832878157496452
4567,0.0069995480589568615
4568,0.006312182173132896
4569,0.006193723063915968
4570,0.00554174929857254
4571,0.012907500378787518
4572,0.0038090290036052465
4573,0.006733212620019913
4574,0.004113501403480768
4575,0.011334581300616264
4576,0.013128824532032013
4577,0.0051557281985878944
4578,0.011623373255133629
4579,0.007955988869071007
4580,0.0033866565208882093
4581,0.006856835447251797
4582,0.006548158824443817
4583,0.007154327817261219
4584,0.009660975076258183
4585,0.01802104339003563
4586,0.006265886127948761
4587,0.010181075893342495
4588,0.0077315024100244045
4589,0.013687598519027233
4590,0.003792191855609417
4591,0.00359174283221364
4592,0.011476702988147736
4593,0.014550011605024338
4594,0.013523323461413383
4595,0.014119974337518215
4596,0.006882410496473312
4597,0.007093147840350866
4598,0.004014874808490276
4599,0.006277505308389664
4600,0.006951767951250076
4601,0.02397378906607628
4602,0.007022995501756668
4603,0.004424117039889097
4604,0.01690429076552391
4605,0.01753462292253971
4606,0.0031817422714084387
4607,0.0032876115292310715
4608,0.002898372244089842
4609,0.025528807193040848
4610,0.002616657642647624
4611,0.015837538987398148
4612,0.01357942819595337
4613,0.005123527720570564
4614,0.007778783794492483
4615,0.004689814057201147
4616,0.01199379563331604
4617,0.007951631210744381
4618,0.005892185028642416
4619,0.006704424507915974
4620,0.004246113821864128
4621,0.0031751820351928473
4622,0.007828960195183754
4623,0.012130627408623695
4624,0.004966826643794775
4625,0.006933583877980709
4626,0.00876850076019764
4627,0.004425740800797939
4628,0.005234602838754654
4629,0.013355627655982971
4630,0.019151102751493454
4631,0.007351865991950035
4632,0.011335190385580063
4633,0.004125896841287613
4634,0.01060578040778637
4635,0.00448655616492033
4636,0.007066170684993267
4637,0.011606236919760704
4638,0.009942855685949326
4639,0.0025471262633800507
4640,0.01179806049913168
4641,0.009805172681808472
4642,0.01025457214564085
4643,0.00416187010705471
4644,0.010663529857993126
4645,0.008317768573760986
4646,0.006943166255950928
4647,0.010707649402320385
4648,0.004177844151854515
4649,0.004303549416363239
4650,0.007499746512621641
4651,0.011362586170434952
4652,0.007595493458211422
4653,0.006274988409131765
4654,0.029472431167960167
4655,0.00664626806974411
4656,0.0019160427618771791
4657,0.005106177181005478
4658,0.00746954046189785
4659,0.010801556520164013
4660,0.005272708833217621
4661,0.013902495615184307
4662,0.016963209956884384
4663,0.00850578211247921
4664,0.00346739636734128
4665,0.01106523722410202
4666,0.012138563208281994
4667,0.012712560594081879
4668,0.00890360213816166
4669,0.008025619201362133
4670,0.015904635190963745
4671,0.006481662392616272
4672,0.013410109095275402
4673,0.0076440488919615746
4674,0.003952171187847853
4675,0.005899567157030106
4676,0.006429736968129873
4677,0.00454812403768301
4678,0.026235094293951988
4679,0.00841644685715437
4680,0.007754487916827202
4681,0.0044090598821640015
4682,0.0063901618123054504
4683,0.012376352213323116
4684,0.03227149322628975
4685,0.00797696691006422
4686,0.01154899038374424
4687,0.01963856630027294
4688,0.005750888027250767
4689,0.006185547448694706
4690,0.013392305001616478
4691,0.006283454596996307
4692,0.00783221609890461
4693,0.003972580656409264
4694,0.004718476440757513
4695,0.007558209355920553
4696,0.012631489895284176
4697,0.005238138139247894
4698,0.006144556682556868
4699,0.016990680247545242
4700,0.00725499726831913
4701,0.005083052441477776
4702,0.015492386184632778
4703,0.004992613568902016
4704,0.009938269853591919
4705,0.006746831350028515
4706,0.009119842201471329
4707,0.01444481872022152
4708,0.004047343507409096
4709,0.011513855308294296
4710,0.019007373601198196
4711,0.0067289648577570915
4712,0.006098218262195587
4713,0.007644218858331442
4714,0.006567427422851324
4715,0.0026296894066035748
4716,0.015541831962764263
4717,0.008747810497879982
4718,0.013007819652557373
4719,0.0035022764932364225
4720,0.007874077185988426
4721,0.01216807495802641
4722,0.008935035206377506
4723,0.013298161327838898
4724,0.007723161485046148
4725,0.007499447092413902
4726,0.010458732023835182
4727,0.007968645542860031
4728,0.006516110152006149
4729,0.007517216261476278
4730,0.0074821352027356625
4731,0.0042479499243199825
4732,0.010362844914197922
4733,0.0026746324729174376
4734,0.010938922874629498
4735,0.004547623917460442
4736,0.016847148537635803
4737,0.004068891517817974
4738,0.006394918076694012
4739,0.004716540686786175
4740,0.018010396510362625
4741,0.00653566000983119
4742,0.005501294042915106
4743,0.0037437034770846367
4744,0.009931972250342369
4745,0.004887581802904606
4746,0.008821355178952217
4747,0.01337167527526617
4748,0.015228271484375
4749,0.003153885481879115
4750,0.00422123447060585
4751,0.01103009469807148
4752,0.0135171078145504
4753,0.009996945038437843
4754,0.007653282023966312
4755,0.0071685477159917355
4756,0.008488442748785019
4757,0.00526017602533102
4758,0.004805784206837416
4759,0.0077541908249258995
4760,0.010975989513099194
4761,0.004934576340019703
4762,0.005099824629724026
4763,0.015979740768671036
4764,0.005713500082492828
4765,0.009251637384295464
4766,0.005387359764426947
4767,0.003373105777427554
4768,0.021527502685785294
4769,0.007973650470376015
4770,0.003984902985394001
4771,0.008947858586907387
4772,0.013601914048194885
4773,0.004373619798570871
4774,0.0059176962822675705
4775,0.009629348292946815
4776,0.005246294662356377
4777,0.004634019918739796
4778,0.014698165468871593
4779,0.007448125630617142
4780,0.019143829122185707
4781,0.010790570639073849
4782,0.006696857046335936
4783,0.02090495079755783
4784,0.009543831460177898
4785,0.010899856686592102
4786,0.004522882867604494
4787,0.008836356922984123
4788,0.0075779571197927
4789,0.008928930386900902
4790,0.0041152010671794415
4791,0.009692855179309845
4792,0.004743738099932671
4793,0.014906264841556549
4794,0.004049818031489849
4795,0.008874686434864998
4796,0.00513369869440794
4797,0.004564359784126282
4798,0.009986106306314468
4799,0.009786581620573997
4800,0.030307581648230553
4801,0.01531077828258276
4802,0.002336969366297126
4803,0.015036049298942089
4804,0.004611321724951267
4805,0.010084870271384716
4806,0.014010749757289886
4807,0.01842576079070568
4808,0.01093335635960102
4809,0.008022367022931576
4810,0.023154452443122864
4811,0.005810955073684454
4812,0.026832204312086105
4813,0.010927047580480576
4814,0.013243655674159527
4815,0.009054172784090042
4816,0.009724650532007217
4817,0.010672188363969326
4818,0.005151662975549698
4819,0.004910090938210487
4820,0.007906491868197918
4821,0.009998488239943981
4822,0.00684979697689414
4823,0.005591734312474728
4824,0.007741271518170834
4825,0.007743494119495153
4826,0.00425119511783123
4827,0.001581272459588945
4828,0.0096160639077425
4829,0.013189326040446758
4830,0.00282731419429183
4831,0.006749316584318876
4832,0.003254961222410202
4833,0.009913014248013496
4834,0.004058297723531723
4835,0.006073541007936001
4836,0.01319663506001234
4837,0.006712019443511963
4838,0.009918160736560822
4839,0.014530159533023834
4840,0.009629767388105392
4841,0.008774463087320328
4842,0.003910506144165993
4843,0.008945377543568611
4844,0.006621327251195908
4845,0.004288659896701574
4846,0.0032722726464271545
4847,0.00523493392392993
4848,0.010265938937664032
4849,0.007825159467756748
4850,0.009924754500389099
4851,0.0058723995462059975
4852,0.00956345908343792
4853,0.006128103472292423
4854,0.005980494432151318
4855,0.008835610933601856
4856,0.004385093227028847
4857,0.006390768103301525
4858,0.013263463973999023
4859,0.024484902620315552
4860,0.0036218217574059963
4861,0.013940069824457169
4862,0.007574800401926041
4863,0.02174154482781887
4864,0.010494123212993145
4865,0.002709396881982684
4866,0.014015203341841698
4867,0.01372787170112133
4868,0.0053775738924741745
4869,0.004847715143114328
4870,0.01933789812028408
4871,0.0123851103708148
4872,0.016986794769763947
4873,0.005124261137098074
4874,0.003819171106442809
4875,0.006642235442996025
4876,0.01596493273973465
4877,0.012078942731022835
4878,0.004552742466330528
4879,0.008897083811461926
4880,0.0076739974319934845
4881,0.01024602074176073
4882,0.005464999936521053
4883,0.0034481629263609648
4884,0.0028573153540492058
4885,0.006230137310922146
4886,0.017285417765378952
4887,0.011967095546424389
4888,0.008937625214457512
4889,0.004698568489402533
4890,0.01457910519093275
4891,0.006578422151505947
4892,0.009079644456505775
4893,0.011964082717895508
4894,0.007142688147723675
4895,0.019509611651301384
4896,0.010304857045412064
4897,0.006639267783612013
4898,0.006692015565931797
4899,0.009677987545728683
4900,0.007011936511844397
4901,0.004603027366101742
4902,0.033191319555044174
4903,0.010490394197404385
4904,0.003057445166632533
4905,0.005442100577056408
4906,0.015155641362071037
4907,0.010104330256581306
4908,0.008951626718044281
4909,0.008611762896180153
4910,0.011065732687711716
4911,0.006190447136759758
4912,0.008317319676280022
4913,0.003271625144407153
4914,0.020977001637220383
4915,0.007867000997066498
4916,0.006585500203073025
4917,0.006900726817548275
4918,0.01219993643462658
4919,0.011509465985000134
4920,0.009396846406161785
4921,0.007936985231935978
4922,0.007826315239071846
4923,0.01265005674213171
4924,0.004925739951431751
4925,0.008103149943053722
4926,0.009002129547297955
4927,0.008281287737190723
4928,0.007325060665607452
4929,0.008920661173760891
4930,0.007709765341132879
4931,0.010114065371453762
4932,0.013573093339800835
4933,0.016632769256830215
4934,0.008695865049958229
4935,0.014659474603831768
4936,0.005304871127009392
4937,0.006582316011190414
4938,0.009439080022275448
4939,0.010617713443934917
4940,0.005858559161424637
4941,0.004769049119204283
4942,0.004868635907769203
4943,0.009929022751748562
4944,0.011250246316194534
4945,0.017452837899327278
4946,0.021097999066114426
4947,0.004900345578789711
4948,0.011458590626716614
4949,0.006929357536137104
4950,0.007869305089116096
4951,0.006773620843887329
4952,0.007571784313768148
4953,0.006197478622198105
4954,0.01260222028940916
4955,0.007634495850652456
4956,0.005335064604878426
4957,0.013307424262166023
4958,0.01966514065861702
4959,0.012187211774289608
4960,0.005828884895890951
4961,0.010037698782980442
4962,0.011653665453195572
4963,0.005854248534888029
4964,0.006375787314027548
4965,0.0060437992215156555
4966,0.01670198142528534
4967,0.0044966405257582664
4968,0.006449636071920395
4969,0.006553765386343002
4970,0.0027763471007347107
4971,0.004771815147250891
4972,0.0071653625927865505
4973,0.008026586845517159
4974,0.01863756775856018
4975,0.009729568846523762
4976,0.01425398513674736
4977,0.013342364691197872
4978,0.023187553510069847
4979,0.005537304095923901
4980,0.0025571235455572605
4981,0.0059628672897815704
4982,0.007732925470918417
4983,0.012863966636359692
4984,0.012950899079442024
4985,0.007657899521291256
4986,0.005248963832855225
4987,0.03484019264578819
4988,0.0064837075769901276
4989,0.003279308555647731
4990,0.009892887435853481
4991,0.016537947580218315
4992,0.009059064090251923
4993,0.0028463348280638456
4994,0.007511533331125975
4995,0.01126022171229124
4996,0.004505673423409462
4997,0.0066510881297290325
4998,0.005723332054913044
4999,0.010193228721618652
5000,0.013658953830599785
5001,0.010551555082201958
5002,0.007107428275048733
5003,0.005082492716610432
5004,0.011671538464725018
5005,0.005649553146213293
5006,0.008783264085650444
5007,0.008347567170858383
5008,0.010942233726382256
5009,0.009252682328224182
5010,0.011828996241092682
5011,0.011056661605834961
5012,0.004756157752126455
5013,0.00617051450535655
5014,0.009119683876633644
5015,0.010559051297605038
5016,0.013223188929259777
5017,0.004697147756814957
5018,0.004818125627934933
5019,0.00664862897247076
5020,0.007995735853910446
5021,0.004188654012978077
5022,0.011534489691257477
5023,0.004740179516375065
5024,0.01268340926617384
5025,0.00858834758400917
5026,0.004320429638028145
5027,0.010191917419433594
5028,0.009309828281402588
5029,0.008401833474636078
5030,0.014451516792178154
5031,0.015548046678304672
5032,0.011155134066939354
5033,0.0070319995284080505
5034,0.01206583809107542
5035,0.010387975722551346
5036,0.007004631217569113
5037,0.005794922821223736
5038,0.007831665687263012
5039,0.015902075916528702
5040,0.0034811533987522125
5041,0.0036362619139254093
5042,0.005038531497120857
5043,0.007424153387546539
5044,0.0033984470646828413
5045,0.029579170048236847
5046,0.00734151154756546
5047,0.003392444457858801
5048,0.007833479903638363
5049,0.010285716503858566
5050,0.005981869995594025
5051,0.007214171811938286
5052,0.008573442697525024
5053,0.013121113181114197
5054,0.007901391945779324
5055,0.008236437104642391
5056,0.0032956115901470184
5057,0.006496085785329342
5058,0.0034717381931841373
5059,0.021968534216284752
5060,0.0056508551351726055
5061,0.006987014785408974
5062,0.008717795833945274
5063,0.005586627405136824
5064,0.00568836834281683
5065,0.0054493132047355175
5066,0.005900586023926735
5067,0.02014724537730217
5068,0.007572128437459469
5069,0.009324554353952408
5070,0.0149002056568861
5071,0.013308437541127205
5072,0.011835088953375816
5073,0.00395914725959301
5074,0.002211242914199829
5075,0.009277123026549816
5076,0.00419816467911005
5077,0.005204937886446714
5078,0.0077165341936051846
5079,0.009084808640182018
5080,0.017717190086841583
5081,0.004522038623690605
5082,0.011099876835942268
5083,0.002695194212719798
5084,0.009758812375366688
5085,0.002391777466982603
5086,0.008217266760766506
5087,0.005627067759633064
5088,0.004447896499186754
5089,0.015925824642181396
5090,0.0028332844376564026
5091,0.009996525943279266
5092,0.00958656519651413
5093,0.00912211462855339
5094,0.008819306269288063
5095,0.005054071545600891
5096,0.005162851884961128
5097,0.004360117018222809
5098,0.008900265209376812
5099,0.007889654487371445
5100,0.004186078440397978
5101,0.008326329290866852
5102,0.007978412322700024
5103,0.008529268205165863
5104,0.011430993676185608
5105,0.009718370623886585
5106,0.003848095890134573
5107,0.007522054016590118
5108,0.014055862091481686
5109,0.013624964281916618
5110,0.007928835228085518
5111,0.006562843918800354
5112,0.0061661964282393456
5113,0.006022453308105469
5114,0.009575930424034595
5115,0.012562680058181286
5116,0.011177251115441322
5117,0.005766552872955799
5118,0.007924206554889679
5119,0.002512471517547965
5120,0.02272484265267849
5121,0.006790137849748135
5122,0.014325599186122417
5123,0.0055770352482795715
5124,0.005104454234242439
5125,0.004013000056147575
5126,0.006478872150182724
5127,0.007725862320512533
5128,0.00738780852407217
5129,0.006656674202531576
5130,0.005470124538987875
5131,0.007646959275007248
5132,0.0086815245449543
5133,0.010707497596740723
5134,0.007038801442831755
5135,0.006456540897488594
5136,0.00445711612701416
5137,0.005548461340367794
5138,0.011767437681555748
5139,0.010320235043764114
5140,0.012846609577536583
5141,0.009531425312161446
5142,0.015630681067705154
5143,0.005340450443327427
5144,0.01749315857887268
5145,0.008632836863398552
5146,0.008878109976649284
5147,0.009360440075397491
5148,0.007207438349723816
5149,0.009793012402951717
5150,0.00734444335103035
5151,0.004616215825080872
5152,0.009913994930684566
5153,0.002850752091035247
5154,0.021931223571300507
5155,0.0064079477451741695
5156,0.004140730947256088
5157,0.019731856882572174
5158,0.01951627805829048
5159,0.010662078857421875
5160,0.012600026093423367
5161,0.0066779120825231075
5162,0.014175000600516796
5163,0.006634270306676626
5164,0.00804868247359991
5165,0.004483812488615513
5166,0.0050619677640497684
5167,0.006245654076337814
5168,0.005743380635976791
5169,0.0033962177112698555
5170,0.006921188440173864
5171,0.009067410603165627
5172,0.004308534320443869
5173,0.006916883401572704
5174,0.006045734044164419
5175,0.005965910851955414
5176,0.002392134629189968
5177,0.005277224816381931
5178,0.005677981302142143
5179,0.017511138692498207
5180,0.00621665408834815
5181,0.01225308608263731
5182,0.011648189276456833
5183,0.012817278504371643
5184,0.005746163427829742
5185,0.009993509389460087
5186,0.005675745662301779
5187,0.012928996235132217
5188,0.012905806303024292
5189,0.010403674095869064
5190,0.0019767708145081997
5191,0.002433203626424074
5192,0.00931472983211279
5193,0.003715373110026121
5194,0.031226322054862976
5195,0.007247749716043472
5196,0.008970264345407486
5197,0.00721672922372818
5198,0.004999120719730854
5199,0.014505922794342041
5200,0.00832408294081688
5201,0.022567536681890488
5202,0.005770048126578331
5203,0.011287515982985497
5204,0.005236589815467596
5205,0.011290262453258038
5206,0.008673354052007198
5207,0.006809116806834936
5208,0.010472439229488373
5209,0.002243427326902747
5210,0.0054120770655572414
5211,0.01978972554206848
5212,0.005453544668853283
5213,0.010514959692955017
5214,0.00962928868830204
5215,0.022858276963233948
5216,0.01053200475871563
5217,0.009462259709835052
5218,0.007472541183233261
5219,0.005624929443001747
5220,0.01267386507242918
5221,0.007684613578021526
5222,0.009000844322144985
5223,0.013563169166445732
5224,0.006245831958949566
5225,0.004736454226076603
5226,0.010489515960216522
5227,0.005622400902211666
5228,0.008239690214395523
5229,0.005209026392549276
5230,0.005826408974826336
5231,0.015553003177046776
5232,0.0064055416733026505
5233,0.013629382476210594
5234,0.007985413074493408
5235,0.008601381443440914
5236,0.009358834475278854
5237,0.008172988891601562
5238,0.007509627845138311
5239,0.007189410738646984
5240,0.007202432956546545
5241,0.00861752312630415
5242,0.008882557973265648
5243,0.007092777173966169
5244,0.013113526627421379
5245,0.006615041755139828
5246,0.006885298993438482
5247,0.004118761047720909
5248,0.005145987495779991
5249,0.008426571264863014
5250,0.015512457117438316
5251,0.014777986332774162
5252,0.0188603512942791
5253,0.0029838881455361843
5254,0.007596987299621105
5255,0.006821696646511555
5256,0.0058703492395579815
5257,0.0032258518040180206
5258,0.003241233993321657
5259,0.014936540275812149
5260,0.010914224199950695
5261,0.009751124307513237
5262,0.005803206004202366
5263,0.010097626596689224
5264,0.003962337505072355
5265,0.01247919350862503
5266,0.007766764611005783
5267,0.009362243115901947
5268,0.006299497559666634
5269,0.0063790213316679
5270,0.0065415892750024796
5271,0.004603920970112085
5272,0.0128221046179533
5273,0.007605287246406078
5274,0.0035417000763118267
5275,0.0051071178168058395
5276,0.006708058994263411
5277,0.009403679519891739
5278,0.009118974208831787
5279,0.020271262153983116
5280,0.0134628526866436
5281,0.007567206397652626
5282,0.0030427160672843456
5283,0.011738787405192852
5284,0.008807787671685219
5285,0.017851699143648148
5286,0.00798738282173872
5287,0.008758042007684708
5288,0.003961934708058834
5289,0.004785030148923397
5290,0.023344576358795166
5291,0.004081422463059425
5292,0.0025075364392250776
5293,0.0030446010641753674
5294,0.004382125101983547
5295,0.01370154321193695
5296,0.005184076726436615
5297,0.012249261140823364
5298,0.011171097867190838
5299,0.02197929285466671
5300,0.006234142929315567
5301,0.004847810138016939
5302,0.004071676637977362
5303,0.01924581080675125
5304,0.010185744613409042
5305,0.006378509104251862
5306,0.010562426410615444
5307,0.02172185480594635
5308,0.011768671683967113
5309,0.011581039056181908
5310,0.007602123077958822
5311,0.004316779784858227
5312,0.0047530014999210835
5313,0.012910324148833752
5314,0.007718656212091446
5315,0.005885716527700424
5316,0.0043279374949634075
5317,0.01637905463576317
5318,0.012240207754075527
5319,0.005690569989383221
5320,0.005974752362817526
5321,0.00487670861184597
5322,0.006204796489328146
5323,0.011803383938968182
5324,0.00557099049910903
5325,0.002790113678202033
5326,0.0068967221304774284
5327,0.007931366562843323
5328,0.008459391072392464
5329,0.006563052535057068
5330,0.004693340510129929
5331,0.002370737958699465
5332,0.019100604578852654
5333,0.003096015891060233
5334,0.0041247522458434105
5335,0.0021974630653858185
5336,0.005392321851104498
5337,0.010109808295965195
5338,0.006861976347863674
5339,0.0017905093263834715
5340,0.007212450727820396
5341,0.010162776336073875
5342,0.0030702443327754736
5343,0.009514103643596172
5344,0.012093042954802513
5345,0.011876711621880531
5346,0.027272969484329224
5347,0.005852210335433483
5348,0.01366286538541317
5349,0.005621568765491247
5350,0.007353389170020819
5351,0.022705888375639915
5352,0.004302533343434334
5353,0.010302882641553879
5354,0.005692997016012669
5355,0.03491827845573425
5356,0.006580454297363758
5357,0.007750428281724453
5358,0.005132507532835007
5359,0.005382518749684095
5360,0.0021130319219082594
5361,0.007826807908713818
5362,0.023659370839595795
5363,0.0050508687272667885
5364,0.004833068232983351
5365,0.010820386931300163
5366,0.01523655652999878
5367,0.025453686714172363
5368,0.0030830209143459797
5369,0.011886942200362682
5370,0.0054460144601762295
5371,0.005021031014621258
5372,0.00666497927159071
5373,0.006641156505793333
5374,0.014291169121861458
5375,0.005486983805894852
5376,0.018112825229763985
5377,0.008776393719017506
5378,0.014245649799704552
5379,0.005066641606390476
5380,0.009312386624515057
5381,0.013944817706942558
5382,0.007454996462911367
5383,0.011506482027471066
5384,0.006197502836585045
5385,0.007509004324674606
5386,0.009325157850980759
5387,0.00707866158336401
5388,0.0058847153559327126
5389,0.014864533208310604
5390,0.010400615632534027
5391,0.008360670879483223
5392,0.018245479092001915
5393,0.007905561476945877
5394,0.004038393497467041
5395,0.009322765283286572
5396,0.011837290599942207
5397,0.004995064344257116
5398,0.00429393257945776
5399,0.011306032538414001
5400,0.01244446076452732
5401,0.019005218520760536
5402,0.004882312845438719
5403,0.0147428959608078
5404,0.005853830836713314
5405,0.024846844375133514
5406,0.00792192667722702
5407,0.010666157118976116
5408,0.007345052435994148
5409,0.005560570862144232
5410,0.0026725472416728735
5411,0.019797883927822113
5412,0.0050514210015535355
5413,0.0054391114972531796
5414,0.004687408450990915
5415,0.00635076779872179
5416,0.01279454492032528
5417,0.0067054033279418945
5418,0.0034927362576127052
5419,0.015370529145002365
5420,0.007416711188852787
5421,0.011394987814128399
5422,0.013321248814463615
5423,0.004597241058945656
5424,0.01012126263231039
5425,0.00854456052184105
5426,0.004210330545902252
5427,0.010349014773964882
5428,0.010701848194003105
5429,0.010232147760689259
5430,0.01783406361937523
5431,0.009214473888278008
5432,0.009217191487550735
5433,0.008469960652291775
5434,0.04518837854266167
5435,0.007066652178764343
5436,0.008043110370635986
5437,0.012922048568725586
5438,0.0038764989003539085
5439,0.006599956192076206
5440,0.014475461095571518
5441,0.0053540486842393875
5442,0.007769293151795864
5443,0.008788328617811203
5444,0.006655664648860693
5445,0.004840265493839979
5446,0.0030639972537755966
5447,0.010208485648036003
5448,0.004448019899427891
5449,0.008905947208404541
5450,0.0054311188869178295
5451,0.01720830798149109
5452,0.005750485695898533
5453,0.009195543825626373
5454,0.012227794155478477
5455,0.007812437601387501
5456,0.012818634510040283
5457,0.0072844489477574825
5458,0.006682850420475006
5459,0.00561098475009203
5460,0.008972572162747383
5461,0.004691704176366329
5462,0.013124912977218628
5463,0.004130982328206301
5464,0.008437193930149078
5465,0.004681939259171486
5466,0.017357248812913895
5467,0.005560069810599089
5468,0.017318617552518845
5469,0.008788114413619041
5470,0.005275983363389969
5471,0.01492829155176878
5472,0.010018701665103436
5473,0.019806403666734695
5474,0.0035456642508506775
5475,0.012011948972940445
5476,0.016708679497241974
5477,0.011282017454504967
5478,0.00700241606682539
5479,0.0071022165939211845
5480,0.010271064937114716
5481,0.009305458515882492
5482,0.011294292286038399
5483,0.010647698305547237
5484,0.003933391999453306
5485,0.018300233408808708
5486,0.005927355494350195
5487,0.0070834532380104065
5488,0.011945679783821106
5489,0.004782205447554588
5490,0.011085260659456253
5491,0.008589109405875206
5492,0.0064740488305687904
5493,0.011593379080295563
5494,0.011832895688712597
5495,0.004827787633985281
5496,0.02292458340525627
5497,0.006143099628388882
5498,0.007803612854331732
5499,0.014989666640758514
5500,0.004625879693776369
5501,0.008582189679145813
5502,0.007837972603738308
5503,0.008813372813165188
5504,0.004399961791932583
5505,0.011238159611821175
5506,0.012060988694429398
5507,0.01203714869916439
5508,0.021486148238182068
5509,0.00977388583123684
5510,0.005557696335017681
5511,0.013233497738838196
5512,0.00517276581376791
5513,0.019082574173808098
5514,0.009752771817147732
5515,0.016068868339061737
5516,0.010045991279184818
5517,0.00991285964846611
5518,0.007955534383654594
5519,0.004242260009050369
5520,0.0073653412982821465
5521,0.005442991387099028
5522,0.010773366317152977
5523,0.005402327980846167
5524,0.017591454088687897
5525,0.009636648930609226
5526,0.003917574416846037
5527,0.0024521281011402607
5528,0.008069406263530254
5529,0.01458833273500204
5530,0.015524282120168209
5531,0.006209704093635082
5532,0.0059099821373820305
5533,0.011575902812182903
5534,0.011070655658841133
5535,0.012018593028187752
5536,0.0072325896471738815
5537,0.0017186690820381045
5538,0.011779379099607468
5539,0.008033031597733498
5540,0.009484009817242622
5541,0.0045592389069497585
5542,0.006666218861937523
5543,0.012398778460919857
5544,0.016132399439811707
5545,0.008597785606980324
5546,0.009467227384448051
5547,0.007514342665672302
5548,0.011023732833564281
5549,0.006910534575581551
5550,0.007125161588191986
5551,0.008534930646419525
5552,0.004057786427438259
5553,0.008104066364467144
5554,0.02093644253909588
5555,0.008067476563155651
5556,0.013185626827180386
5557,0.007421647664159536
5558,0.004307875409722328
5559,0.009345190599560738
5560,0.004256957210600376
5561,0.01051669754087925
5562,0.006503093987703323
5563,0.005175893194973469
5564,0.006139539182186127
5565,0.00459023704752326
5566,0.0022661397233605385
5567,0.010609295219182968
5568,0.010539214126765728
5569,0.007783585228025913
5570,0.008929461240768433
5571,0.0032407171092927456
5572,0.004941691644489765
5573,0.009509718045592308
5574,0.007523273583501577
5575,0.0064467377960681915
5576,0.006309964694082737
5577,0.01142653077840805
5578,0.004180575720965862
5579,0.024950817227363586
5580,0.009399869479238987
5581,0.004042342305183411
5582,0.020472779870033264
5583,0.008103380911052227
5584,0.008416756987571716
5585,0.010981766507029533
5586,0.008557927794754505
5587,0.015039144083857536
5588,0.013040520250797272
5589,0.006781267933547497
5590,0.0032961536198854446
5591,0.005661008879542351
5592,0.006276540458202362
5593,0.004517657682299614
5594,0.008981212973594666
5595,0.007713164668530226
5596,0.007769692689180374
5597,0.010090412572026253
5598,0.011216911487281322
5599,0.01002443302422762
5600,0.0035399727057665586
5601,0.012721939943730831
5602,0.012813806533813477
5603,0.005719847045838833
5604,0.0052420515567064285
5605,0.01342904381453991
5606,0.009823055006563663
5607,0.0067116208374500275
5608,0.016834581270813942
5609,0.012320338748395443
5610,0.01388272549957037
5611,0.010943005792796612
5612,0.01108719315379858
5613,0.010214594192802906
5614,0.005987083073705435
5615,0.010047337971627712
5616,0.012425510212779045
5617,0.006376888602972031
5618,0.003254387993365526
5619,0.006480318959802389
5620,0.0049178097397089005
5621,0.005132897756993771
5622,0.009802522137761116
5623,0.010301152244210243
5624,0.008968710899353027
5625,0.002990524983033538
5626,0.008770981803536415
5627,0.007638947106897831
5628,0.006131721194833517
5629,0.011914743110537529
5630,0.00693740788847208
5631,0.0125279501080513
5632,0.005292996298521757
5633,0.012272512540221214
5634,0.013813955709338188
5635,0.004392041824758053
5636,0.010834680870175362
5637,0.005370249506086111
5638,0.010951582342386246
5639,0.014356705360114574
5640,0.004467444494366646
5641,0.002567879855632782
5642,0.01675320975482464
5643,0.004373983945697546
5644,0.005915493704378605
5645,0.010203195735812187
5646,0.0020220386795699596
5647,0.01000901497900486
5648,0.003124241717159748
5649,0.008053921163082123
5650,0.006780534982681274
5651,0.011258115991950035
5652,0.009867716580629349
5653,0.0062828389927744865
5654,0.014327767305076122
5655,0.0027567059732973576
5656,0.0109032541513443
5657,0.022978052496910095
5658,0.00908702053129673
5659,0.007452832069247961
5660,0.007182355970144272
5661,0.00433911569416523
5662,0.009650636464357376
5663,0.007957964204251766
5664,0.005892155691981316
5665,0.0073989806696772575
5666,0.007627304643392563
5667,0.020018577575683594
5668,0.018046168610453606
5669,0.004660948179662228
5670,0.006294533610343933
5671,0.007054503075778484
5672,0.012269112281501293
5673,0.010276149958372116
5674,0.005317808594554663
5675,0.0038517999928444624
5676,0.013704057782888412
5677,0.005966152064502239
5678,0.011280152015388012
5679,0.013512812554836273
5680,0.012492883019149303
5681,0.004096380900591612
5682,0.00586890010163188
5683,0.025275662541389465
5684,0.009338601492345333
5685,0.008207767270505428
5686,0.008707111701369286
5687,0.007670863531529903
5688,0.017586302012205124
5689,0.011844891123473644
5690,0.005726315081119537
5691,0.006383216939866543
5692,0.007709231227636337
5693,0.03391052037477493
5694,0.008723612874746323
5695,0.0042795417830348015
5696,0.004260143265128136
5697,0.004261751659214497
5698,0.012844093143939972
5699,0.004128261934965849
5700,0.007028331980109215
5701,0.014842934906482697
5702,0.01641640067100525
5703,0.008903508074581623
5704,0.01097444724291563
5705,0.012935429811477661
5706,0.01978134736418724
5707,0.007468796335160732
5708,0.009186046198010445
5709,0.03791435435414314
5710,0.010680289939045906
5711,0.014870183542370796
5712,0.009664498269557953
5713,0.008476713672280312
5714,0.005754442419856787
5715,0.007116563152521849
5716,0.003051908453926444
5717,0.015486106276512146
5718,0.005620553158223629
5719,0.011992539279162884
5720,0.005221682600677013
5721,0.004536622669547796
5722,0.00477772019803524
5723,0.012721607461571693
5724,0.00454845791682601
5725,0.006737175863236189
5726,0.0036594285629689693
5727,0.006123462691903114
5728,0.007402743212878704
5729,0.008055109530687332
5730,0.012314925901591778
5731,0.007165457122027874
5732,0.003721002023667097
5733,0.011366171762347221
5734,0.010049605742096901
5735,0.012663609348237514
5736,0.018756365403532982
5737,0.0034923783969134092
5738,0.006599584128707647
5739,0.015138253569602966
5740,0.010902255773544312
5741,0.001764877699315548
5742,0.017458174377679825
5743,0.004896027036011219
5744,0.0069151753559708595
5745,0.0081215500831604
5746,0.011337283998727798
5747,0.01428024098277092
5748,0.004458513110876083
5749,0.0068847499787807465
5750,0.009350964799523354
5751,0.012278269976377487
5752,0.009532701224088669
5753,0.005095015279948711
5754,0.01105564646422863
5755,0.008353331126272678
5756,0.003609625156968832
5757,0.018712118268013
5758,0.0098364083096385
5759,0.011001063510775566
5760,0.007415379397571087
5761,0.00859927013516426
5762,0.0071946922689676285
5763,0.011185428127646446
5764,0.010823855176568031
5765,0.004029706120491028
5766,0.015335282310843468
5767,0.00685408478602767
5768,0.011463548988103867
5769,0.0028731035999953747
5770,0.013121875934302807
5771,0.006668399553745985
5772,0.004198345355689526
5773,0.005782432854175568
5774,0.004489937797188759
5775,0.01667414978146553
5776,0.01037569995969534
5777,0.009599681943655014
5778,0.00409704027697444
5779,0.01165326964110136
5780,0.005694475024938583
5781,0.012946752831339836
5782,0.004957747180014849
5783,0.013336285948753357
5784,0.009563159197568893
5785,0.01672227680683136
5786,0.01392061822116375
5787,0.0062020993791520596
5788,0.005697303917258978
5789,0.009163361974060535
5790,0.009921266697347164
5791,0.0058937035501003265
5792,0.0037652458995580673
5793,0.004546700045466423
5794,0.004321924410760403
5795,0.007054520770907402
5796,0.009702382609248161
5797,0.005697311833500862
5798,0.008913600817322731
5799,0.005515001714229584
5800,0.0062189302407205105
5801,0.009425586089491844
5802,0.01287473551928997
5803,0.0031313388608396053
5804,0.011610201559960842
5805,0.005583583377301693
5806,0.011481324210762978
5807,0.005391321144998074
5808,0.0028651475440710783
5809,0.016743667423725128
5810,0.018673142418265343
5811,0.011192413978278637
5812,0.011511273682117462
5813,0.005296374671161175
5814,0.011998949572443962
5815,0.005668954458087683
5816,0.014469493180513382
5817,0.012074667029082775
5818,0.01031079888343811
5819,0.008666519075632095
5820,0.009220886044204235
5821,0.016810378059744835
5822,0.0029734987765550613
5823,0.006740017794072628
5824,0.010434364899992943
5825,0.004343990236520767
5826,0.013847872614860535
5827,0.003402336500585079
5828,0.006503508426249027
5829,0.0049508437514305115
5830,0.004002765752375126
5831,0.005133018828928471
5832,0.004590881522744894
5833,0.004150944761931896
5834,0.007382487412542105
5835,0.01658969186246395
5836,0.006944210734218359
5837,0.009227253496646881
5838,0.017874939367175102
5839,0.004929756745696068
5840,0.010893787257373333
5841,0.010148628614842892
5842,0.0062293498776853085
5843,0.0041615623049438
5844,0.008602127432823181
5845,0.007447599433362484
5846,0.005987481214106083
5847,0.027454016730189323
5848,0.009640475735068321
5849,0.012120205909013748
5850,0.004139871336519718
5851,0.01279523503035307
5852,0.0019607404246926308
5853,0.009514977224171162
5854,0.0038196889217942953
5855,0.008375945501029491
5856,0.0030423603020608425
5857,0.003209151327610016
5858,0.0036185835488140583
5859,0.004700384568423033
5860,0.0050670551136136055
5861,0.011686194688081741
5862,0.007215810939669609
5863,0.009747495874762535
5864,0.006857642438262701
5865,0.017432864755392075
5866,0.009069947525858879
5867,0.007226697169244289
5868,0.003479214385151863
5869,0.01609593629837036
5870,0.010377409867942333
5871,0.009045742452144623
5872,0.0030919003766030073
5873,0.010634968057274818
5874,0.0075661977753043175
5875,0.004588020965456963
5876,0.006188699975609779
5877,0.004828791134059429
5878,0.004475452937185764
5879,0.007897483184933662
5880,0.004234728403389454
5881,0.011117331683635712
5882,0.004487072117626667
5883,0.0035146805457770824
5884,0.008595171384513378
5885,0.008831799030303955
5886,0.0106270220130682
5887,0.009638329967856407
5888,0.005610410124063492
5889,0.006276264786720276
5890,0.004655782599002123
5891,0.028972474858164787
5892,0.011968769133090973
5893,0.005696464329957962
5894,0.007672769948840141
5895,0.005768458358943462
5896,0.005962432827800512
5897,0.012840650975704193
5898,0.009703571908175945
5899,0.008500726893544197
5900,0.006179457530379295
5901,0.005118506494909525
5902,0.0040404312312603
5903,0.00867282785475254
5904,0.006435399875044823
5905,0.00789338257163763
5906,0.012482179328799248
5907,0.009645547717809677
5908,0.0044267382472753525
5909,0.01366380974650383
5910,0.011492877267301083
5911,0.018086861819028854
5912,0.014786874875426292
5913,0.0034362701699137688
5914,0.005810369737446308
5915,0.006474137306213379
5916,0.007653774227946997
5917,0.010038311593234539
5918,0.010328268632292747
5919,0.013823973946273327
5920,0.010916054248809814
5921,0.012871499173343182
5922,0.009140162728726864
5923,0.006181755568832159
5924,0.005792606621980667
5925,0.006082953419536352
5926,0.005088468082249165
5927,0.009889474138617516
5928,0.0033564444165676832
5929,0.006564374081790447
5930,0.01303069293498993
5931,0.007491126656532288
5932,0.01052769273519516
5933,0.004339844454079866
5934,0.008981693536043167
5935,0.02498316764831543
5936,0.010235428810119629
5937,0.0028221458196640015
5938,0.012546434998512268
5939,0.009591806679964066
5940,0.003676400287076831
5941,0.005711592733860016
5942,0.00991024635732174
5943,0.003530386369675398
5944,0.01826220564544201
5945,0.0043334136717021465
5946,0.002606746507808566
5947,0.005552849732339382
5948,0.004145484417676926
5949,0.003023614874109626
5950,0.0040507554076612
5951,0.007531492039561272
5952,0.005554616451263428
5953,0.009423071518540382
5954,0.00735870748758316
5955,0.0057329474948346615
5956,0.022370673716068268
5957,0.018736109137535095
5958,0.008680090308189392
5959,0.01694834604859352
5960,0.007959782145917416
5961,0.009230626747012138
5962,0.0037120068445801735
5963,0.009941507130861282
5964,0.008769115433096886
5965,0.006541745271533728
5966,0.007574111223220825
5967,0.011143222451210022
5968,0.00793663039803505
5969,0.011787040159106255
5970,0.005758166313171387
5971,0.008311369456350803
5972,0.006973390467464924
5973,0.012813504785299301
5974,0.011503356508910656
5975,0.006965847220271826
5976,0.009760739281773567
5977,0.014315851032733917
5978,0.00861331820487976
5979,0.013254898600280285
5980,0.007320757023990154
5981,0.004331077449023724
5982,0.007289158180356026
5983,0.010858150199055672
5984,0.0028984337113797665
5985,0.0057969242334365845
5986,0.007234451826661825
5987,0.007055605761706829
5988,0.006757660768926144
5989,0.007737289182841778
5990,0.010903475806117058
5991,0.009428398683667183
5992,0.00800369307398796
5993,0.005244453903287649
5994,0.007573015987873077
5995,0.008523671887814999
5996,0.007798453792929649
5997,0.008718566969037056
5998,0.004160144366323948
5999,0.004517336841672659
6000,0.01399416383355856
6001,0.010989353060722351
6002,0.010813537053763866
6003,0.004620108753442764
6004,0.010444855317473412
6005,0.014260458759963512
6006,0.006023969501256943
6007,0.004948867484927177
6008,0.006113494746387005
6009,0.012322145514190197
6010,0.004601356573402882
6011,0.008566871285438538
6012,0.013205714523792267
6013,0.006541579030454159
6014,0.03470013663172722
6015,0.007988203316926956
6016,0.0026665213517844677
6017,0.010053027421236038
6018,0.006243796553462744
6019,0.012493014335632324
6020,0.009751692414283752
6021,0.011548246257007122
6022,0.01850215345621109
6023,0.016735117882490158
6024,0.011428880505263805
6025,0.0033965143375098705
6026,0.0063758473843336105
6027,0.007717767730355263
6028,0.013113993220031261
6029,0.005849791225045919
6030,0.009887326508760452
6031,0.0066651031374931335
6032,0.011129310354590416
6033,0.013491606339812279
6034,0.00407044542953372
6035,0.004604463465511799
6036,0.009282315149903297
6037,0.01322898268699646
6038,0.00843330379575491
6039,0.018907848745584488
6040,0.0035163182765245438
6041,0.003906751051545143
6042,0.003018297255039215
6043,0.005202720873057842
6044,0.007398319896310568
6045,0.0034707332961261272
6046,0.004929499700665474
6047,0.02128659002482891
6048,0.009800134226679802
6049,0.005953136365860701
6050,0.0055666654370725155
6051,0.006415845826268196
6052,0.0037806339096277952
6053,0.00839153490960598
6054,0.015945635735988617
6055,0.00889955461025238
6056,0.00972620490938425
6057,0.00840346422046423
6058,0.005104136653244495
6059,0.004868341609835625
6060,0.0040349941700696945
6061,0.008829394355416298
6062,0.004688524641096592
6063,0.004725233651697636
6064,0.010907432995736599
6065,0.007158210035413504
6066,0.004890422336757183
6067,0.011933214962482452
6068,0.003905276535078883
6069,0.003924655262380838
6070,0.004974042531102896
6071,0.0118595315143466
6072,0.005830059759318829
6073,0.009079087525606155
6074,0.017721697688102722
6075,0.007343650795519352
6076,0.00837159063667059
6077,0.01569514535367489
6078,0.00504450174048543
6079,0.00981109868735075
6080,0.022818394005298615
6081,0.004926273599267006
6082,0.004187288694083691
6083,0.00893083494156599
6084,0.0030651798006147146
6085,0.008417385630309582
6086,0.0028057866729795933
6087,0.003344579366967082
6088,0.010301385074853897
6089,0.004924614913761616
6090,0.0035326643846929073
6091,0.008706464432179928
6092,0.008709843270480633
6093,0.008327752351760864
6094,0.007325566373765469
6095,0.004375587683171034
6096,0.005027321632951498
6097,0.012912360951304436
6098,0.004691621288657188
6099,0.011725299060344696
6100,0.004127214662730694
6101,0.005569208413362503
6102,0.012206865474581718
6103,0.003555507864803076
6104,0.005296030547469854
6105,0.007978260517120361
6106,0.014559752307832241
6107,0.011694421991705894
6108,0.0047868238762021065
6109,0.0074116080068051815
6110,0.011812007054686546
6111,0.011432413011789322
6112,0.00826047733426094
6113,0.0022963955998420715
6114,0.007803355343639851
6115,0.008499225601553917
6116,0.007079135626554489
6117,0.004844368435442448
6118,0.01083006989210844
6119,0.0030728986021131277
6120,0.016298808157444
6121,0.004125420935451984
6122,0.002409372478723526
6123,0.01429604273289442
6124,0.011772873811423779
6125,0.006380658131092787
6126,0.005028772167861462
6127,0.01487092487514019
6128,0.0058620586059987545
6129,0.003781213192269206
6130,0.005421058740466833
6131,0.005946335848420858
6132,0.010401403531432152
6133,0.0067483363673090935
6134,0.005836259573698044
6135,0.007151693105697632
6136,0.0047168852761387825
6137,0.010400844737887383
6138,0.009054383262991905
6139,0.006102887447923422
6140,0.020899413153529167
6141,0.006001550704240799
6142,0.012908633798360825
6143,0.012298699468374252
6144,0.015451091341674328
6145,0.022033140063285828
6146,0.003306404687464237
6147,0.003733314573764801
6148,0.02173902653157711
6149,0.007397513836622238
6150,0.010635907761752605
6151,0.004852873273193836
6152,0.0030368156731128693
6153,0.005204696673899889
6154,0.01140616275370121
6155,0.008442464284598827
6156,0.005143838934600353
6157,0.017244959250092506
6158,0.03719981387257576
6159,0.009404915384948254
6160,0.006568624638020992
6161,0.008570998907089233
6162,0.00512615405023098
6163,0.00600016862154007
6164,0.007002124097198248
6165,0.008025052025914192
6166,0.008622350171208382
6167,0.007481120526790619
6168,0.004169062711298466
6169,0.009143484756350517
6170,0.01056079100817442
6171,0.007037500850856304
6172,0.01792370341718197
6173,0.0068977284245193005
6174,0.012631258927285671
6175,0.004894624464213848
6176,0.002911856397986412
6177,0.0051356954500079155
6178,0.009287774562835693
6179,0.00658368319272995
6180,0.009780123829841614
6181,0.0073326583951711655
6182,0.0068890671245753765
6183,0.018046019598841667
6184,0.0036598448641598225
6185,0.0031050662510097027
6186,0.009453300386667252
6187,0.009294863790273666
6188,0.010751969181001186
6189,0.011011015623807907
6190,0.006584782153367996
6191,0.023655980825424194
6192,0.011348224245011806
6193,0.015639711171388626
6194,0.0072160884737968445
6195,0.008080560714006424
6196,0.011830858886241913
6197,0.006127707194536924
6198,0.013905844651162624
6199,0.009267468005418777
6200,0.008429104462265968
6201,0.004669380374252796
6202,0.008699353784322739
6203,0.007897494360804558
6204,0.012051574885845184
6205,0.0063628386706113815
6206,0.008811373263597488
6207,0.009044431149959564
6208,0.008364841341972351
6209,0.008578354492783546
6210,0.029073355719447136
6211,0.007266274653375149
6212,0.006260219030082226
6213,0.012771353125572205
6214,0.009534601122140884
6215,0.024240583181381226
6216,0.004892040975391865
6217,0.01639706827700138
6218,0.005985488649457693
6219,0.003509766887873411
6220,0.0056276144459843636
6221,0.008277302607893944
6222,0.023686479777097702
6223,0.006215590983629227
6224,0.004639022517949343
6225,0.008849496021866798
6226,0.004578448366373777
6227,0.016540154814720154
6228,0.007795101031661034
6229,0.006514229811728001
6230,0.025302013382315636
6231,0.0019040624611079693
6232,0.011320083402097225
6233,0.007300486322492361
6234,0.004306204151362181
6235,0.005969232879579067
6236,0.00531035428866744
6237,0.007047973573207855
6238,0.020609021186828613
6239,0.03769828751683235
6240,0.021594149991869926
6241,0.007318004500120878
6242,0.009561258368194103
6243,0.016319382935762405
6244,0.009532686322927475
6245,0.005896042101085186
6246,0.009525277651846409
6247,0.002847626805305481
6248,0.009321887046098709
6249,0.006158673670142889
6250,0.006967870518565178
6251,0.007617254741489887
6252,0.007217775098979473
6253,0.010234110057353973
6254,0.006331796757876873
6255,0.006158413365483284
6256,0.005843526683747768
6257,0.0040447283536195755
6258,0.010276450775563717
6259,0.008278275839984417
6260,0.006869643926620483
6261,0.017640551552176476
6262,0.009767763316631317
6263,0.003804819192737341
6264,0.008069629780948162
6265,0.010735353454947472
6266,0.013719040900468826
6267,0.006176418624818325
6268,0.005219007842242718
6269,0.013078218325972557
6270,0.011509058997035027
6271,0.005085760727524757
6272,0.009295931085944176
6273,0.021099861711263657
6274,0.004912558943033218
6275,0.00629662349820137
6276,0.006777351256459951
6277,0.007663271389901638
6278,0.010698383674025536
6279,0.0041801524348556995
6280,0.009290067479014397
6281,0.005811595823615789
6282,0.006716299802064896
6283,0.011296871118247509
6284,0.008374606259167194
6285,0.002984617603942752
6286,0.0056510744616389275
6287,0.010680328123271465
6288,0.017565211281180382
6289,0.011008527129888535
6290,0.0019286604365333915
6291,0.006348340772092342
6292,0.010076447390019894
6293,0.009958848357200623
6294,0.005865085870027542
6295,0.009222264401614666
6296,0.00837569311261177
6297,0.005572396796196699
6298,0.003382559632882476
6299,0.0037565443199127913
6300,0.005831168033182621
6301,0.005764429923146963
6302,0.009421564638614655
6303,0.0046683563850820065
6304,0.004400154110044241
6305,0.004728416912257671
6306,0.008853395469486713
6307,0.005779352970421314
6308,0.008295368403196335
6309,0.008454868569970131
6310,0.009438447654247284
6311,0.009701773524284363
6312,0.00534418597817421
6313,0.006177389528602362
6314,0.008036567829549313
6315,0.006482049822807312
6316,0.015081444755196571
6317,0.0189360361546278
6318,0.008410736918449402
6319,0.009403036907315254
6320,0.013324670493602753
6321,0.011535863392055035
6322,0.005268634296953678
6323,0.015275230631232262
6324,0.007348345592617989
6325,0.0064705852419137955
6326,0.008277169428765774
6327,0.011459074914455414
6328,0.008419161662459373
6329,0.012620541267096996
6330,0.015390421263873577
6331,0.007151215802878141
6332,0.004600350745022297
6333,0.009739457629621029
6334,0.005318481475114822
6335,0.005754447542130947
6336,0.020533792674541473
6337,0.003613259643316269
6338,0.012080008164048195
6339,0.0093076778575778
6340,0.0063901497051119804
6341,0.00315791554749012
6342,0.02375689707696438
6343,0.025575971230864525
6344,0.0034918440505862236
6345,0.017888890579342842
6346,0.009093725122511387
6347,0.006842645816504955
6348,0.004777194932103157
6349,0.01947285234928131
6350,0.01042004581540823
6351,0.009738676249980927
6352,0.013857431709766388
6353,0.008825654163956642
6354,0.009568171575665474
6355,0.008320614695549011
6356,0.009344580583274364
6357,0.00624146219342947
6358,0.02974819764494896
6359,0.02703784964978695
6360,0.00746429618448019
6361,0.014877728186547756
6362,0.008902838453650475
6363,0.009150804951786995
6364,0.008226643316447735
6365,0.011770559474825859
6366,0.008156556636095047
6367,0.008570412173867226
6368,0.007130616810172796
6369,0.0033947224728763103
6370,0.005661615636199713
6371,0.010985355824232101
6372,0.006093651056289673
6373,0.015324443578720093
6374,0.006647034548223019
6375,0.00873513612896204
6376,0.00948827899992466
6377,0.005007393192499876
6378,0.002629385096952319
6379,0.01914896070957184
6380,0.006692499853670597
6381,0.025226255878806114
6382,0.015368547290563583
6383,0.0096489442512393
6384,0.005275094415992498
6385,0.003519255667924881
6386,0.0041634319350123405
6387,0.0035236317198723555
6388,0.01711585745215416
6389,0.007359585724771023
6390,0.011018168181180954
6391,0.008297797292470932
6392,0.006820512469857931
6393,0.0030209426768124104
6394,0.011410726234316826
6395,0.005595054477453232
6396,0.014363262802362442
6397,0.006110772490501404
6398,0.019953716546297073
6399,0.003393300576135516
6400,0.006930381990969181
6401,0.003948396071791649
6402,0.00905426125973463
6403,0.0043158214539289474
6404,0.0042327214032411575
6405,0.009521108120679855
6406,0.009499632753431797
6407,0.006299637258052826
6408,0.009821227751672268
6409,0.008571367710828781
6410,0.002480647526681423
6411,0.006297325249761343
6412,0.006415492855012417
6413,0.008593837730586529
6414,0.011019247584044933
6415,0.0067838029935956
6416,0.021015865728259087
6417,0.010225142352283001
6418,0.009439448826014996
6419,0.006383578293025494
6420,0.007259387522935867
6421,0.014803598634898663
6422,0.009628282859921455
6423,0.006702076643705368
6424,0.005086172372102737
6425,0.011867217719554901
6426,0.006052638404071331
6427,0.00564111303538084
6428,0.003856256604194641
6429,0.004154670052230358
6430,0.008803613483905792
6431,0.00983528234064579
6432,0.0031568887643516064
6433,0.007962606847286224
6434,0.0226469486951828
6435,0.009704003110527992
6436,0.006258990615606308
6437,0.001984774600714445
6438,0.006199967116117477
6439,0.0028214636258780956
6440,0.0038498020730912685
6441,0.011918742209672928
6442,0.01734945923089981
6443,0.008402685634791851
6444,0.0064293332397937775
6445,0.006704007741063833
6446,0.002805120777338743
6447,0.00609526177868247
6448,0.011344361118972301
6449,0.006792958360165358
6450,0.005427714437246323
6451,0.006040911190211773
6452,0.011916808784008026
6453,0.007177744992077351
6454,0.00422123447060585
6455,0.00966972392052412
6456,0.002788035199046135
6457,0.005751361604779959
6458,0.025730853900313377
6459,0.0043550655245780945
6460,0.018706493079662323
6461,0.005156621336936951
6462,0.00536099961027503
6463,0.00544056948274374
6464,0.010068953037261963
6465,0.00584020558744669
6466,0.008430619724094868
6467,0.008076687343418598
6468,0.0065607791766524315
6469,0.004674779251217842
6470,0.011217592284083366
6471,0.008355994708836079
6472,0.007433660328388214
6473,0.007534419652074575
6474,0.00526397442445159
6475,0.008175414055585861
6476,0.004412882961332798
6477,0.004594581201672554
6478,0.014011548832058907
6479,0.004948244895786047
6480,0.016126442700624466
6481,0.007362443022429943
6482,0.008367671631276608
6483,0.003768002148717642
6484,0.007980400696396828
6485,0.010698005557060242
6486,0.005564508959650993
6487,0.002869371324777603
6488,0.005131075158715248
6489,0.008485225960612297
6490,0.030733387917280197
6491,0.00850796140730381
6492,0.008750936016440392
6493,0.007029974367469549
6494,0.0029785772785544395
6495,0.00832387339323759
6496,0.005781400948762894
6497,0.005993308033794165
6498,0.0038218069821596146
6499,0.010439838282763958
6500,0.005126562900841236
6501,0.004116322845220566
6502,0.016080394387245178
6503,0.0112642552703619
6504,0.00715339882299304
6505,0.006968589033931494
6506,0.007917437702417374
6507,0.00879199430346489
6508,0.00984945334494114
6509,0.01728922873735428
6510,0.003919798415154219
6511,0.05481001362204552
6512,0.009528001770377159
6513,0.002319448394700885
6514,0.006288989447057247
6515,0.009311351925134659
6516,0.0061745117418468
6517,0.007402127142995596
6518,0.005870675202459097
6519,0.014620909467339516
6520,0.011209721677005291
6521,0.012369407340884209
6522,0.006875650491565466
6523,0.0071075716987252235
6524,0.009379533119499683
6525,0.009380698204040527
6526,0.017595455050468445
6527,0.009101570583879948
6528,0.006384357810020447
6529,0.01041753776371479
6530,0.014071909710764885
6531,0.016679134219884872
6532,0.03086509183049202
6533,0.004317802842706442
6534,0.006251170765608549
6535,0.004067613743245602
6536,0.016614189371466637
6537,0.00811740942299366
6538,0.012793074361979961
6539,0.0074607618153095245
6540,0.0054984306916594505
6541,0.0055467672646045685
6542,0.003968729637563229
6543,0.01981491968035698
6544,0.009810024872422218
6545,0.010762607678771019
6546,0.013275761157274246
6547,0.004269848577678204
6548,0.011717313900589943
6549,0.0044106910936534405
6550,0.002889364492148161
6551,0.004690526518970728
6552,0.01124066673219204
6553,0.007791922893375158
6554,0.0041976552456617355
6555,0.011352743953466415
6556,0.009776308201253414
6557,0.004322900902479887
6558,0.006802424322813749
6559,0.005974849686026573
6560,0.004689486231654882
6561,0.006539992056787014
6562,0.005212155636399984
6563,0.013954098336398602
6564,0.007634865120053291
6565,0.009814350865781307
6566,0.02873566374182701
6567,0.016360051929950714
6568,0.003218044526875019
6569,0.009742582216858864
6570,0.0036529856733977795
6571,0.005515198688954115
6572,0.0022503179498016834
6573,0.006791439838707447
6574,0.0030591734685003757
6575,0.011833630502223969
6576,0.010243957862257957
6577,0.010771306231617928
6578,0.006831399165093899
6579,0.008974920958280563
6580,0.010556360706686974
6581,0.002823523711413145
6582,0.002808013465255499
6583,0.004012740217149258
6584,0.009849829599261284
6585,0.005137039348483086
6586,0.009447989985346794
6587,0.018689464777708054
6588,0.00547793647274375
6589,0.004356164950877428
6590,0.008628792129456997
6591,0.01128460094332695
6592,0.007322326302528381
6593,0.015276643447577953
6594,0.012508843094110489
6595,0.003138018772006035
6596,0.0029738093726336956
6597,0.008746875450015068
6598,0.01540040411055088
6599,0.008982852101325989
6600,0.00833590142428875
6601,0.0030405751895159483
6602,0.021220698952674866
6603,0.005189420189708471
6604,0.016711819916963577
6605,0.00853817444294691
6606,0.004796379245817661
6607,0.009548778645694256
6608,0.004606579430401325
6609,0.010796742513775826
6610,0.013406920246779919
6611,0.004317605867981911
6612,0.002853890648111701
6613,0.004519762471318245
6614,0.004946721252053976
6615,0.013325788080692291
6616,0.011639147996902466
6617,0.006358548067510128
6618,0.0070865279994904995
6619,0.004609033465385437
6620,0.012591684237122536
6621,0.011782405897974968
6622,0.007439424749463797
6623,0.007677295245230198
6624,0.024580612778663635
6625,0.011371917091310024
6626,0.0049751922488212585
6627,0.00845346786081791
6628,0.004465873818844557
6629,0.022015098482370377
6630,0.008437983691692352
6631,0.00561257591471076
6632,0.005562725942581892
6633,0.007349424064159393
6634,0.006586459465324879
6635,0.010530835948884487
6636,0.003567187814041972
6637,0.01376834325492382
6638,0.003294364083558321
6639,0.009032703936100006
6640,0.011328209191560745
6641,0.0021687541157007217
6642,0.018685903400182724
6643,0.009070347994565964
6644,0.00815092958509922
6645,0.004133143462240696
6646,0.010964684188365936
6647,0.003926481585949659
6648,0.009327012114226818
6649,0.003558950498700142
6650,0.006393498741090298
6651,0.02456430159509182
6652,0.007987190037965775
6653,0.005033114925026894
6654,0.012405249290168285
6655,0.0022495551966130733
6656,0.0034936764277517796
6657,0.005564288701862097
6658,0.004674491006880999
6659,0.0028823846951127052
6660,0.007091132458299398
6661,0.007595719303935766
6662,0.00407053530216217
6663,0.005427569150924683
6664,0.004555906169116497
6665,0.02086375467479229
6666,0.011589731089770794
6667,0.0023623304441571236
6668,0.009972739964723587
6669,0.009359460324048996
6670,0.007236149162054062
6671,0.0035084120463579893
6672,0.009867404587566853
6673,0.011912877671420574
6674,0.01859736256301403
6675,0.005664849188178778
6676,0.013225032947957516
6677,0.018100105226039886
6678,0.009046174585819244
6679,0.006944070570170879
6680,0.018476180732250214
6681,0.01616850309073925
6682,0.0034260288812220097
6683,0.010007542558014393
6684,0.007178416475653648
6685,0.006413591559976339
6686,0.0029935610946267843
6687,0.01907588355243206
6688,0.0055460999719798565
6689,0.00447828508913517
6690,0.007986336015164852
6691,0.009191656485199928
6692,0.0035014960449188948
6693,0.011088132858276367
6694,0.006258310284465551
6695,0.006714047398418188
6696,0.004798595793545246
6697,0.003314335597679019
6698,0.0073531921952962875
6699,0.011834385804831982
6700,0.005384600721299648
6701,0.00467118201777339
6702,0.008797941729426384
6703,0.01191062293946743
6704,0.004368881229311228
6705,0.0042062606662511826
6706,0.006735587492585182
6707,0.0033306225668638945
6708,0.010220954194664955
6709,0.019793450832366943
6710,0.0043395934626460075
6711,0.007035732269287109
6712,0.005526978522539139
6713,0.006837904453277588
6714,0.009017735719680786
6715,0.005610805004835129
6716,0.004436874762177467
6717,0.013535749167203903
6718,0.004414139781147242
6719,0.008313857950270176
6720,0.004053552635014057
6721,0.007469496689736843
6722,0.0038281974848359823
6723,0.022439997643232346
6724,0.014481174759566784
6725,0.011803003959357738
6726,0.006713707000017166
6727,0.011979438364505768
6728,0.013437695801258087
6729,0.0076900264248251915
6730,0.009415442124009132
6731,0.009091412648558617
6732,0.0028578350320458412
6733,0.00932244211435318
6734,0.009853883646428585
6735,0.003916633781045675
6736,0.0030976429115980864
6737,0.012707862071692944
6738,0.005920433904975653
6739,0.002419254742562771
6740,0.00657349918037653
6741,0.004024484660476446
6742,0.003513643052428961
6743,0.00978131964802742
6744,0.005252955015748739
6745,0.005893660243600607
6746,0.010645918548107147
6747,0.005536164157092571
6748,0.03046872280538082
6749,0.012132870964705944
6750,0.009881727397441864
6751,0.005202931351959705
6752,0.006304655224084854
6753,0.006571588572114706
6754,0.004450120031833649
6755,0.006311200559139252
6756,0.010630548000335693
6757,0.009891608729958534
6758,0.005434622522443533
6759,0.010828863829374313
6760,0.006776103284209967
6761,0.008621251210570335
6762,0.005851089023053646
6763,0.007947715930640697
6764,0.013027427718043327
6765,0.00898515060544014
6766,0.004025295842438936
6767,0.0039251199923455715
6768,0.0025397329591214657
6769,0.0062602972611784935
6770,0.011905603110790253
6771,0.0024110127706080675
6772,0.005874917842447758
6773,0.017829731106758118
6774,0.0038520998787134886
6775,0.00958763062953949
6776,0.00821731612086296
6777,0.006119272671639919
6778,0.007255217991769314
6779,0.003675367683172226
6780,0.005280002951622009
6781,0.004365373402833939
6782,0.010004205629229546
6783,0.00871218740940094
6784,0.025323918089270592
6785,0.007956532761454582
6786,0.010180608369410038
6787,0.007184586487710476
6788,0.009784330613911152
6789,0.01712021231651306
6790,0.005579248070716858
6791,0.011158301495015621
6792,0.004000995308160782
6793,0.009887768886983395
6794,0.011250975541770458
6795,0.00572265824303031
6796,0.006301853805780411
6797,0.01193707063794136
6798,0.005364480894058943
6799,0.004244209732860327
6800,0.01491737924516201
6801,0.003770491573959589
6802,0.011207953095436096
6803,0.007219277322292328
6804,0.0028497143648564816
6805,0.005023240577429533
6806,0.004503387492150068
6807,0.005273787304759026
6808,0.008398542180657387
6809,0.009521160274744034
6810,0.007278013974428177
6811,0.016550160944461823
6812,0.005324697121977806
6813,0.01609531044960022
6814,0.0038496810011565685
6815,0.003290846012532711
6816,0.013351613655686378
6817,0.010438910685479641
6818,0.014517269097268581
6819,0.005893127992749214
6820,0.019965194165706635
6821,0.01140390895307064
6822,0.004249406047165394
6823,0.01665632426738739
6824,0.007699660025537014
6825,0.006280282512307167
6826,0.010401895269751549
6827,0.008126604370772839
6828,0.0067191338166594505
6829,0.004697833210229874
6830,0.0035765476059168577
6831,0.011942065320909023
6832,0.040966760367155075
6833,0.009231790900230408
6834,0.011936712078750134
6835,0.011383216828107834
6836,0.029034636914730072
6837,0.006466315593570471
6838,0.010483473539352417
6839,0.008501900359988213
6840,0.008709434419870377
6841,0.007278376258909702
6842,0.006519630551338196
6843,0.011485162191092968
6844,0.006505212746560574
6845,0.0042640408501029015
6846,0.009143035858869553
6847,0.010868586599826813
6848,0.0074920449405908585
6849,0.0058183250948786736
6850,0.008462219499051571
6851,0.004253172781318426
6852,0.009442517533898354
6853,0.016604827716946602
6854,0.006869136355817318
6855,0.002859485801309347
6856,0.01964150182902813
6857,0.005163050256669521
6858,0.008403344079852104
6859,0.006327589973807335
6860,0.00679661612957716
6861,0.0056149763986468315
6862,0.01729733496904373
6863,0.004329187795519829
6864,0.0049161044880747795
6865,0.007563968654721975
6866,0.01068378146737814
6867,0.003691646736115217
6868,0.00969906710088253
6869,0.006980130448937416
6870,0.012247085571289062
6871,0.01511875819414854
6872,0.0035791690461337566
6873,0.007525227963924408
6874,0.0061218999326229095
6875,0.02057531476020813
6876,0.0045807152055203915
6877,0.004439076408743858
6878,0.013317335397005081
6879,0.008417831733822823
6880,0.0076068430207669735
6881,0.003014854621142149
6882,0.007896482944488525
6883,0.006860171910375357
6884,0.017928628250956535
6885,0.02079283818602562
6886,0.007129202596843243
6887,0.00581908505409956
6888,0.02296752855181694
6889,0.011153848841786385
6890,0.006120616104453802
6891,0.003512089606374502
6892,0.00498832855373621
6893,0.0068541597574949265
6894,0.014448277652263641
6895,0.0037479493767023087
6896,0.0068370988592505455
6897,0.0059706284664571285
6898,0.0059080785140395164
6899,0.011847734451293945
6900,0.008385026827454567
6901,0.011825736612081528
6902,0.004021462984383106
6903,0.009759854525327682
6904,0.00511637469753623
6905,0.005563356913626194
6906,0.004055112134665251
6907,0.007914992049336433
6908,0.007588040083646774
6909,0.0049879057332873344
6910,0.013416904024779797
6911,0.0037609923165291548
6912,0.008674460463225842
6913,0.005969618912786245
6914,0.007079272996634245
6915,0.009691419079899788
6916,0.007101616822183132
6917,0.007938283495604992
6918,0.005639339797198772
6919,0.009054801426827908
6920,0.006594531238079071
6921,0.003078075824305415
6922,0.01151183806359768
6923,0.025610171258449554
6924,0.006570952013134956
6925,0.012626185081899166
6926,0.013608597218990326
6927,0.008451837114989758
6928,0.004519165959209204
6929,0.008793259039521217
6930,0.004764363169670105
6931,0.0049457973800599575
6932,0.00991495419293642
6933,0.005966663360595703
6934,0.007496535312384367
6935,0.010959412902593613
6936,0.006322990171611309
6937,0.008060730993747711
6938,0.007001008838415146
6939,0.0041009532287716866
6940,0.011745182797312737
6941,0.012178140692412853
6942,0.005015356466174126
6943,0.008427590131759644
6944,0.014662230387330055
6945,0.005701684392988682
6946,0.00971202738583088
6947,0.0031627328135073185
6948,0.0054160128347575665
6949,0.008604716509580612
6950,0.011039964854717255
6951,0.012572230771183968
6952,0.009301135316491127
6953,0.012240597978234291
6954,0.003997716121375561
6955,0.016198869794607162
6956,0.004303905181586742
6957,0.010855141095817089
6958,0.008430595509707928
6959,0.025550350546836853
6960,0.00462973490357399
6961,0.019214581698179245
6962,0.0027358762454241514
6963,0.005065639968961477
6964,0.00428389199078083
6965,0.013935412280261517
6966,0.011385906487703323
6967,0.00785898044705391
6968,0.015817997977137566
6969,0.00474227499216795
6970,0.003385874442756176
6971,0.024096151813864708
6972,0.004403362050652504
6973,0.011382642202079296
6974,0.006758914329111576
6975,0.0112150888890028
6976,0.013953561894595623
6977,0.012738348916172981
6978,0.005379072390496731
6979,0.01202595978975296
6980,0.010836172848939896
6981,0.006994055584073067
6982,0.01766344904899597
6983,0.005011515226215124
6984,0.020809508860111237
6985,0.022825539112091064
6986,0.005889367312192917
6987,0.007450187113136053
6988,0.008112503215670586
6989,0.008361360058188438
6990,0.005381131544709206
6991,0.007370618171989918
6992,0.003181304782629013
6993,0.007113340776413679
6994,0.0033371099270880222
6995,0.013557452708482742
6996,0.008580787107348442
6997,0.023458093404769897
6998,0.007748370990157127
6999,0.007124795578420162
7000,0.010091317817568779
7001,0.009360994212329388
7002,0.005753663834184408
7003,0.00830924417823553
7004,0.005523419938981533
7005,0.007188472896814346
7006,0.007124230265617371
7007,0.017131604254245758
7008,0.005368453916162252
7009,0.004272948019206524
7010,0.006947649642825127
7011,0.00431141396984458
7012,0.010338487103581429
7013,0.006680534686893225
7014,0.007345657330006361
7015,0.006584342569112778
7016,0.002120265504345298
7017,0.0035668020136654377
7018,0.007303075864911079
7019,0.013731049373745918
7020,0.005999269895255566
7021,0.007581992074847221
7022,0.01132995169609785
7023,0.005735631100833416
7024,0.003394902450963855
7025,0.00699318153783679
7026,0.007951836101710796
7027,0.017216458916664124
7028,0.008568874560296535
7029,0.01000664196908474
7030,0.006464443169534206
7031,0.005519093479961157
7032,0.002226174809038639
7033,0.006532722618430853
7034,0.005100715905427933
7035,0.013318423181772232
7036,0.005509456153959036
7037,0.0038470025174319744
7038,0.0031447522342205048
7039,0.006873171776533127
7040,0.007420904003083706
7041,0.005231866613030434
7042,0.007653869688510895
7043,0.003267730586230755
7044,0.00188170257024467
7045,0.007064553909003735
7046,0.003318323753774166
7047,0.00952780619263649
7048,0.011638715863227844
7049,0.007039373740553856
7050,0.021030789241194725
7051,0.006277244538068771
7052,0.010607796721160412
7053,0.003388202516362071
7054,0.012773625552654266
7055,0.011253687553107738
7056,0.005595346447080374
7057,0.005186554975807667
7058,0.007104713469743729
7059,0.012878937646746635
7060,0.00866516213864088
7061,0.008586544543504715
7062,0.005702073685824871
7063,0.007579508237540722
7064,0.0039711762219667435
7065,0.01359960250556469
7066,0.006521489471197128
7067,0.009025480598211288
7068,0.006285358220338821
7069,0.008461715653538704
7070,0.008564834482967854
7071,0.009136108681559563
7072,0.013148831203579903
7073,0.029203426092863083
7074,0.00850717257708311
7075,0.008074808865785599
7076,0.013927868567407131
7077,0.006031726952642202
7078,0.011792518198490143
7079,0.012058134190738201
7080,0.01052313856780529
7081,0.016472918912768364
7082,0.005563105922192335
7083,0.008521504700183868
7084,0.006264755502343178
7085,0.012752167880535126
7086,0.00450256047770381
7087,0.007879018783569336
7088,0.0030799140222370625
7089,0.013272223994135857
7090,0.0036411636974662542
7091,0.011797080747783184
7092,0.0026955397333949804
7093,0.014742819592356682
7094,0.005620518233627081
7095,0.010103413835167885
7096,0.004149837419390678
7097,0.004340993706136942
7098,0.003390111029148102
7099,0.006178905256092548
7100,0.009378446266055107
7101,0.008775550872087479
7102,0.010031607002019882
7103,0.01304003968834877
7104,0.0056873103603720665
7105,0.004450512584298849
7106,0.003381510032340884
7107,0.007139462046325207
7108,0.011514432728290558
7109,0.0033490494824945927
7110,0.01403262373059988
7111,0.011296434327960014
7112,0.006718680262565613
7113,0.011918706819415092
7114,0.009127219207584858
7115,0.016405602917075157
7116,0.005583812948316336
7117,0.005680104251950979
7118,0.01469923835247755
7119,0.005196457728743553
7120,0.010284367948770523
7121,0.0076944176107645035
7122,0.00726404320448637
7123,0.00922269094735384
7124,0.005696391221135855
7125,0.007788726594299078
7126,0.00411384180188179
7127,0.010273749008774757
7128,0.011561617255210876
7129,0.02357880398631096
7130,0.013550455681979656
7131,0.007204932626336813
7132,0.004194601438939571
7133,0.003995449747890234
7134,0.0032782084308564663
7135,0.004398878198117018
7136,0.004299586173146963
7137,0.008716174401342869
7138,0.0037841866724193096
7139,0.011054701171815395
7140,0.007619143929332495
7141,0.011237363331019878
7142,0.0071413759142160416
7143,0.005249654408544302
7144,0.008548272773623466
7145,0.0063422746025025845
7146,0.012580545619130135
7147,0.0024181948974728584
7148,0.013094543479382992
7149,0.011700412258505821
7150,0.012864211574196815
7151,0.012884344905614853
7152,0.007561925798654556
7153,0.008941532112658024
7154,0.006394881755113602
7155,0.009030990302562714
7156,0.008840987458825111
7157,0.010594604536890984
7158,0.017094455659389496
7159,0.007901696488261223
7160,0.0046133557334542274
7161,0.012042460963129997
7162,0.018037542700767517
7163,0.009511823765933514
7164,0.0045187207870185375
7165,0.005841366946697235
7166,0.010623130016028881
7167,0.007136210333555937
7168,0.003593999892473221
7169,0.006017004605382681
7170,0.005868732929229736
7171,0.004490371327847242
7172,0.013229124248027802
7173,0.009036834351718426
7174,0.007122233044356108
7175,0.00710345059633255
7176,0.00917174480855465
7177,0.010650694370269775
7178,0.008548678830265999
7179,0.005616004578769207
7180,0.011584414169192314
7181,0.009665027260780334
7182,0.00594660360366106
7183,0.00958218239247799
7184,0.004165631253272295
7185,0.004308379255235195
7186,0.008692309260368347
7187,0.006048890762031078
7188,0.008032089099287987
7189,0.005812960676848888
7190,0.007489851675927639
7191,0.007606576196849346
7192,0.016049077734351158
7193,0.004118415527045727
7194,0.01843731291592121
7195,0.006469128653407097
7196,0.011813981458544731
7197,0.005504627712070942
7198,0.007805224508047104
7199,0.004598917439579964
7200,0.0076094865798950195
7201,0.005163076799362898
7202,0.009444838389754295
7203,0.01052970439195633
7204,0.011709305457770824
7205,0.0067914677783846855
7206,0.010043076239526272
7207,0.009613980539143085
7208,0.0055249398574233055
7209,0.0023669726215302944
7210,0.00818014144897461
7211,0.006474865134805441
7212,0.009249365888535976
7213,0.004451647400856018
7214,0.007502732332795858
7215,0.029534419998526573
7216,0.014584912918508053
7217,0.005587607156485319
7218,0.009499173611402512
7219,0.0069704605266451836
7220,0.0014774956507608294
7221,0.015575776807963848
7222,0.009151739999651909
7223,0.011324284598231316
7224,0.018160700798034668
7225,0.002389645203948021
7226,0.008409125730395317
7227,0.007903922349214554
7228,0.005723060108721256
7229,0.00929949153214693
7230,0.005848771892488003
7231,0.006957542151212692
7232,0.005388808902353048
7233,0.006968555506318808
7234,0.007457456551492214
7235,0.014445705339312553
7236,0.005802270025014877
7237,0.0051776450127363205
7238,0.007438606582581997
7239,0.005846437998116016
7240,0.010108530521392822
7241,0.004168122541159391
7242,0.008676904253661633
7243,0.015437573194503784
7244,0.015444179996848106
7245,0.024108832702040672
7246,0.0109067652374506
7247,0.018818899989128113
7248,0.0038422136567533016
7249,0.010210646316409111
7250,0.021817704662680626
7251,0.017544366419315338
7252,0.011849716305732727
7253,0.0033631399273872375
7254,0.009784454479813576
7255,0.0032727359794080257
7256,0.013391086831688881
7257,0.008447639644145966
7258,0.00607825955376029
7259,0.017099127173423767
7260,0.004245819058269262
7261,0.005082191899418831
7262,0.0057816281914711
7263,0.006403665523976088
7264,0.0029993026982992887
7265,0.008905408903956413
7266,0.005851942580193281
7267,0.002572721801698208
7268,0.0038559911772608757
7269,0.002889734460040927
7270,0.0038715600967407227
7271,0.003956932574510574
7272,0.013179248198866844
7273,0.012247188948094845
7274,0.0102909617125988
7275,0.0027440134435892105
7276,0.00463408138602972
7277,0.014547373168170452
7278,0.017189843580126762
7279,0.0037564709782600403
7280,0.007513587828725576
7281,0.01605643332004547
7282,0.015132404863834381
7283,0.04889089986681938
7284,0.010287482291460037
7285,0.0062554096803069115
7286,0.001954257022589445
7287,0.006711876951158047
7288,0.0057729193940758705
7289,0.009061498567461967
7290,0.004391934722661972
7291,0.006803685799241066
7292,0.006695186253637075
7293,0.018031567335128784
7294,0.023023679852485657
7295,0.0031954755540937185
7296,0.009093142114579678
7297,0.005398686975240707
7298,0.01809464581310749
7299,0.0071221813559532166
7300,0.006814764346927404
7301,0.006466559134423733
7302,0.006509789265692234
7303,0.009275364689528942
7304,0.002871360629796982
7305,0.009232363663613796
7306,0.006147768348455429
7307,0.004925576038658619
7308,0.004312938544899225
7309,0.011220291256904602
7310,0.012801570817828178
7311,0.006148010492324829
7312,0.012856965884566307
7313,0.00810006819665432
7314,0.006572985090315342
7315,0.010969745926558971
7316,0.009174881502985954
7317,0.010275261476635933
7318,0.003916865214705467
7319,0.03628160431981087
7320,0.008491289801895618
7321,0.01335904374718666
7322,0.03168768435716629
7323,0.012429135851562023
7324,0.007941296324133873
7325,0.004206471610814333
7326,0.0042163715697824955
7327,0.017490794882178307
7328,0.03076310083270073
7329,0.004422980826348066
7330,0.011829566210508347
7331,0.009023863822221756
7332,0.009000692516565323
7333,0.0037139959167689085
7334,0.004338689148426056
7335,0.011911861598491669
7336,0.005215517710894346
7337,0.004376546945422888
7338,0.007365357130765915
7339,0.0063589042983949184
7340,0.005462712608277798
7341,0.017121952027082443
7342,0.00588839640840888
7343,0.014889284037053585
7344,0.004158951807767153
7345,0.0034249748568981886
7346,0.022803692147135735
7347,0.006559449248015881
7348,0.0028515381272882223
7349,0.023651868104934692
7350,0.005388128571212292
7351,0.004832888022065163
7352,0.003417365252971649
7353,0.005907153710722923
7354,0.006465969607234001
7355,0.00336459930986166
7356,0.003911660984158516
7357,0.003238373901695013
7358,0.005119275767356157
7359,0.004261891357600689
7360,0.011534205637872219
7361,0.002266373485326767
7362,0.005655505694448948
7363,0.012518443167209625
7364,0.01781640015542507
7365,0.00714082969352603
7366,0.004448586143553257
7367,0.006406445987522602
7368,0.013026690110564232
7369,0.020414799451828003
7370,0.0035843788646161556
7371,0.009874898009002209
7372,0.013233348727226257
7373,0.010245312005281448
7374,0.006226758472621441
7375,0.0043280236423015594
7376,0.001985587878152728
7377,0.006589475087821484
7378,0.005199474282562733
7379,0.004151724278926849
7380,0.003908596001565456
7381,0.009880711324512959
7382,0.0051884762942790985
7383,0.012624393217265606
7384,0.007505932357162237
7385,0.00871237926185131
7386,0.007502400781959295
7387,0.026314182206988335
7388,0.006451372057199478
7389,0.016352416947484016
7390,0.009827657602727413
7391,0.011601150035858154
7392,0.009965307079255581
7393,0.0055126016959548
7394,0.010596945881843567
7395,0.006010264158248901
7396,0.015872780233621597
7397,0.0070566823706030846
7398,0.029434822499752045
7399,0.012495177797973156
7400,0.0058865537866950035
7401,0.004204131197184324
7402,0.011745532974600792
7403,0.002834833925589919
7404,0.007842717692255974
7405,0.007084437645971775
7406,0.005837374832481146
7407,0.004602800123393536
7408,0.002268569078296423
7409,0.005705957766622305
7410,0.008874207735061646
7411,0.011128297075629234
7412,0.002547013573348522
7413,0.01164891105145216
7414,0.006778332404792309
7415,0.01789003610610962
7416,0.006359267048537731
7417,0.00774076534435153
7418,0.002687054453417659
7419,0.018374044448137283
7420,0.010259781032800674
7421,0.005206402391195297
7422,0.004655114840716124
7423,0.00823652558028698
7424,0.007663191296160221
7425,0.004518941976130009
7426,0.01740586943924427
7427,0.004567119292914867
7428,0.005709384568035603
7429,0.0070713721215724945
7430,0.007314050104469061
7431,0.009633032605051994
7432,0.008386112749576569
7433,0.003991425037384033
7434,0.014360336586833
7435,0.015378307551145554
7436,0.0031204221304506063
7437,0.0110081247985363
7438,0.005398401524871588
7439,0.003246068023145199
7440,0.012048384174704552
7441,0.0059256842359900475
7442,0.005033109802752733
7443,0.007993189617991447
7444,0.01278790831565857
7445,0.01376626268029213
7446,0.01731427200138569
7447,0.008004030212759972
7448,0.010785214602947235
7449,0.0071105072274804115
7450,0.013470182195305824
7451,0.011882543563842773
7452,0.011280253529548645
7453,0.006662989966571331
7454,0.0030039683915674686
7455,0.008557630702853203
7456,0.010910134762525558
7457,0.0077161360532045364
7458,0.004998302087187767
7459,0.008503898046910763
7460,0.0077317580580711365
7461,0.0034389602951705456
7462,0.005062815733253956
7463,0.013792306184768677
7464,0.005796541925519705
7465,0.005736418068408966
7466,0.009124702773988247
7467,0.004188858903944492
7468,0.005932296626269817
7469,0.022829096764326096
7470,0.008233198896050453
7471,0.007405913434922695
7472,0.009034287184476852
7473,0.013232201337814331
7474,0.013781238347291946
7475,0.018251139670610428
7476,0.006917129270732403
7477,0.009616751223802567
7478,0.00694487988948822
7479,0.00833903532475233
7480,0.004627931863069534
7481,0.009217115119099617
7482,0.006960432045161724
7483,0.0033736946061253548
7484,0.008990246802568436
7485,0.007814064621925354
7486,0.003990020602941513
7487,0.008382469415664673
7488,0.00869143009185791
7489,0.006509080529212952
7490,0.003402330679818988
7491,0.008092459291219711
7492,0.007087890058755875
7493,0.012566806748509407
7494,0.012511959299445152
7495,0.004351779352873564
7496,0.005903644021600485
7497,0.010045823641121387
7498,0.006597243249416351
7499,0.01559227705001831
7500,0.01529872789978981
7501,0.015046639367938042
7502,0.006712656468153
7503,0.00600341334939003
7504,0.008247830905020237
7505,0.027106745168566704
7506,0.005848865024745464
7507,0.004110245034098625
7508,0.00485797505825758
7509,0.008163632825016975
7510,0.01637105457484722
7511,0.010566329583525658
7512,0.004883089102804661
7513,0.005994841456413269
7514,0.008077691309154034
7515,0.004266833420842886
7516,0.009730735793709755
7517,0.010095351375639439
7518,0.005567527376115322
7519,0.013071328401565552
7520,0.005336625035852194
7521,0.005504407919943333
7522,0.005558754783123732
7523,0.01094069890677929
7524,0.007949343882501125
7525,0.0112690981477499
7526,0.006309276446700096
7527,0.004597061779350042
7528,0.015091395005583763
7529,0.003374065039679408
7530,0.014630052261054516
7531,0.003575236303731799
7532,0.013480711728334427
7533,0.004593294113874435
7534,0.0038837771862745285
7535,0.023421457037329674
7536,0.00780967902392149
7537,0.0050434535369277
7538,0.03572745621204376
7539,0.007136456202715635
7540,0.008474969305098057
7541,0.005917274858802557
7542,0.005563396494835615
7543,0.010880723595619202
7544,0.01457067858427763
7545,0.008971947245299816
7546,0.007196655031293631
7547,0.01198517344892025
7548,0.006549883633852005
7549,0.008506164886057377
7550,0.004571217577904463
7551,0.008878637105226517
7552,0.0045957560651004314
7553,0.0055707897990942
7554,0.0032319766469299793
7555,0.011284871026873589
7556,0.0036801814567297697
7557,0.012682176195085049
7558,0.008542727679014206
7559,0.003297180635854602
7560,0.0087467972189188
7561,0.007114291191101074
7562,0.009573454037308693
7563,0.004442739300429821
7564,0.007296957075595856
7565,0.0028907700907438993
7566,0.008454921655356884
7567,0.010461105033755302
7568,0.019500259310007095
7569,0.005236122757196426
7570,0.019972672685980797
7571,0.005880894139409065
7572,0.007602538447827101
7573,0.00919543020427227
7574,0.0076011186465620995
7575,0.0029720868915319443
7576,0.0047559416852891445
7577,0.006279332097619772
7578,0.004332609008997679
7579,0.013583841733634472
7580,0.007535973563790321
7581,0.007772509008646011
7582,0.008195880800485611
7583,0.010907268151640892
7584,0.00807337835431099
7585,0.00470439437776804
7586,0.005982118658721447
7587,0.023137083277106285
7588,0.005071795545518398
7589,0.0117171136662364
7590,0.007301943376660347
7591,0.02215367928147316
7592,0.005005009472370148
7593,0.008253790438175201
7594,0.004847698379307985
7595,0.007308842148631811
7596,0.005267565604299307
7597,0.008058905601501465
7598,0.013189062476158142
7599,0.010783201083540916
7600,0.008880717679858208
7601,0.006558953784406185
7602,0.005741914268583059
7603,0.013912866823375225
7604,0.011229640804231167
7605,0.017812686040997505
7606,0.00440279021859169
7607,0.004596894606947899
7608,0.017910629510879517
7609,0.009653626941144466
7610,0.009448993019759655
7611,0.010950511321425438
7612,0.009625616483390331
7613,0.005844157189130783
7614,0.003611388150602579
7615,0.01164863258600235
7616,0.009212838485836983
7617,0.005554949399083853
7618,0.006004997994750738
7619,0.01266525499522686
7620,0.005111131817102432
7621,0.016442211344838142
7622,0.004155228845775127
7623,0.010657403618097305
7624,0.003982225898653269
7625,0.005359438713639975
7626,0.011225307360291481
7627,0.009140891954302788
7628,0.00457952544093132
7629,0.005038444884121418
7630,0.007710727863013744
7631,0.011528007686138153
7632,0.004814741667360067
7633,0.0064500076696276665
7634,0.006966578774154186
7635,0.015800999477505684
7636,0.013574928045272827
7637,0.008506271988153458
7638,0.01042319368571043
7639,0.011877579614520073
7640,0.00443958630785346
7641,0.03421495482325554
7642,0.017797790467739105
7643,0.01087296660989523
7644,0.005124764516949654
7645,0.006706531625241041
7646,0.006850955076515675
7647,0.005063035059720278
7648,0.008332885801792145
7649,0.007648728787899017
7650,0.013350088149309158
7651,0.008613038808107376
7652,0.013464508578181267
7653,0.005599595606327057
7654,0.011516759172081947
7655,0.0053925118409097195
7656,0.010300733149051666
7657,0.009609989821910858
7658,0.006343066226691008
7659,0.005382500123232603
7660,0.008755560964345932
7661,0.011761084198951721
7662,0.012825156562030315
7663,0.0064425040036439896
7664,0.007421582471579313
7665,0.013722683303058147
7666,0.0033747549168765545
7667,0.007079835049808025
7668,0.011149054393172264
7669,0.007747543044388294
7670,0.004993903916329145
7671,0.007845371961593628
7672,0.005205191671848297
7673,0.004193694796413183
7674,0.008536279201507568
7675,0.003688309108838439
7676,0.0157470703125
7677,0.014278141781687737
7678,0.006718810647726059
7679,0.01006857119500637
7680,0.005631342064589262
7681,0.0029710568487644196
7682,0.0217258483171463
7683,0.0037370710633695126
7684,0.014076354913413525
7685,0.006524994969367981
7686,0.009717913344502449
7687,0.011323216371238232
7688,0.004405509680509567
7689,0.006625345908105373
7690,0.009722854942083359
7691,0.009841445833444595
7692,0.011080543510615826
7693,0.005567904096096754
7694,0.0026679118163883686
7695,0.008353183977305889
7696,0.0063265180215239525
7697,0.01191064715385437
7698,0.010149105452001095
7699,0.006096541881561279
7700,0.012603852897882462
7701,0.011456985026597977
7702,0.0021153436973690987
7703,0.008237587288022041
7704,0.012949086725711823
7705,0.007367033511400223
7706,0.0048868185840547085
7707,0.013113908469676971
7708,0.005555418785661459
7709,0.012152239680290222
7710,0.007056950591504574
7711,0.010123733431100845
7712,0.00867152214050293
7713,0.003551841713488102
7714,0.01677364856004715
7715,0.010901473462581635
7716,0.013332640752196312
7717,0.02554735541343689
7718,0.004009648691862822
7719,0.005512863397598267
7720,0.006129304878413677
7721,0.007721936330199242
7722,0.016638994216918945
7723,0.014106763526797295
7724,0.006219196133315563
7725,0.004255342297255993
7726,0.03313543647527695
7727,0.01947934739291668
7728,0.008352713659405708
7729,0.018249936401844025
7730,0.008056605234742165
7731,0.004915141500532627
7732,0.011166539043188095
7733,0.006204936187714338
7734,0.02037288248538971
7735,0.011832269839942455
7736,0.0027884929440915585
7737,0.010824080556631088
7738,0.004943310283124447
7739,0.008539787493646145
7740,0.009541298262774944
7741,0.01053572352975607
7742,0.021186843514442444
7743,0.008867615833878517
7744,0.00774693489074707
7745,0.004750728607177734
7746,0.014848874881863594
7747,0.015232349745929241
7748,0.005109487567096949
7749,0.002742654411122203
7750,0.005067090503871441
7751,0.005124119110405445
7752,0.004532002843916416
7753,0.024151107296347618
7754,0.007175204809755087
7755,0.010770676657557487
7756,0.005428501404821873
7757,0.017029043287038803
7758,0.0034228346776217222
7759,0.009207511320710182
7760,0.004053473472595215
7761,0.011590743437409401
7762,0.00939473882317543
7763,0.00831848569214344
7764,0.006747785024344921
7765,0.006565078627318144
7766,0.008985874243080616
7767,0.031487345695495605
7768,0.008355704136192799
7769,0.007849319837987423
7770,0.006182426121085882
7771,0.00781285110861063
7772,0.008076801896095276
7773,0.009676307439804077
7774,0.01992904208600521
7775,0.0170466098934412
7776,0.006060247775167227
7777,0.004270758479833603
7778,0.01655300334095955
7779,0.0095045305788517
7780,0.01313638687133789
7781,0.008373236283659935
7782,0.00836433656513691
7783,0.008475947193801403
7784,0.010335925966501236
7785,0.014310921542346478
7786,0.006659073289483786
7787,0.0027315400075167418
7788,0.008919483050704002
7789,0.014883419498801231
7790,0.01186837162822485
7791,0.011224712245166302
7792,0.0060751065611839294
7793,0.004344891291111708
7794,0.012476688250899315
7795,0.00972683634608984
7796,0.004513479303568602
7797,0.003438708372414112
7798,0.01791117712855339
7799,0.006278076209127903
7800,0.013712815940380096
7801,0.00434059789404273
7802,0.006305900868028402
7803,0.005294352304190397
7804,0.006468089297413826
7805,0.003541047452017665
7806,0.016582641750574112
7807,0.007557843811810017
7808,0.009142458438873291
7809,0.027325650677084923
7810,0.009168831631541252
7811,0.005025039426982403
7812,0.009171724319458008
7813,0.007735133171081543
7814,0.010620877146720886
7815,0.029412459582090378
7816,0.004839177709072828
7817,0.010977993719279766
7818,0.007402581628412008
7819,0.004332234151661396
7820,0.007441043388098478
7821,0.007758099585771561
7822,0.005890893749892712
7823,0.0044448161497712135
7824,0.011184105649590492
7825,0.01354614645242691
7826,0.004899488762021065
7827,0.007657838519662619
7828,0.01844285987317562
7829,0.005594057030975819
7830,0.010376270860433578
7831,0.008046586066484451
7832,0.02003634348511696
7833,0.00577477365732193
7834,0.00422303844243288
7835,0.004211258143186569
7836,0.008553140796720982
7837,0.0080529460683465
7838,0.013130834326148033
7839,0.008663211017847061
7840,0.0070565249770879745
7841,0.0033446000888943672
7842,0.017370134592056274
7843,0.010529342107474804
7844,0.016390565782785416
7845,0.009477067738771439
7846,0.019855257123708725
7847,0.0066571468487381935
7848,0.006183983758091927
7849,0.005811966024339199
7850,0.0063882372342050076
7851,0.004927222616970539
7852,0.004174183122813702
7853,0.005409055855125189
7854,0.005969839170575142
7855,0.00646422803401947
7856,0.011542819440364838
7857,0.027048103511333466
7858,0.006830740254372358
7859,0.0024261875078082085
7860,0.005854051094502211
7861,0.0061388686299324036
7862,0.006719846278429031
7863,0.022107668220996857
7864,0.003077695844694972
7865,0.00893796794116497
7866,0.003995503298938274
7867,0.007550585083663464
7868,0.012890281155705452
7869,0.006701839622110128
7870,0.009057385846972466
7871,0.0065641459077596664
7872,0.0034809845965355635
7873,0.005470841657370329
7874,0.002633074065670371
7875,0.003518163226544857
7876,0.009770012460649014
7877,0.008632022887468338
7878,0.009941945783793926
7879,0.0049802702851593494
7880,0.010453938506543636
7881,0.00766410306096077
7882,0.0032969159074127674
7883,0.014343345537781715
7884,0.010271910578012466
7885,0.0076218945905566216
7886,0.012335088104009628
7887,0.0053734853863716125
7888,0.009367922320961952
7889,0.005669093690812588
7890,0.020675621926784515
7891,0.006263385526835918
7892,0.00820506364107132
7893,0.008017050102353096
7894,0.006209053099155426
7895,0.01238237600773573
7896,0.0065587712451815605
7897,0.007938345894217491
7898,0.006763292010873556
7899,0.006077810190618038
7900,0.006320422049611807
7901,0.004554014652967453
7902,0.00497928261756897
7903,0.013134798035025597
7904,0.002952552866190672
7905,0.0049116648733615875
7906,0.002200787654146552
7907,0.0026795431040227413
7908,0.03416172415018082
7909,0.01587892696261406
7910,0.008609041571617126
7911,0.012344010174274445
7912,0.002373527502641082
7913,0.008701401762664318
7914,0.007579719182103872
7915,0.005854410585016012
7916,0.0020430204458534718
7917,0.012109584175050259
7918,0.008131830021739006
7919,0.019134467467665672
7920,0.016995832324028015
7921,0.009828479960560799
7922,0.0039968728087842464
7923,0.00951932743191719
7924,0.00521773612126708
7925,0.022358234971761703
7926,0.009529038332402706
7927,0.013344485312700272
7928,0.008075587451457977
7929,0.014361768960952759
7930,0.010280834510922432
7931,0.014749625697731972
7932,0.009016820229589939
7933,0.033876292407512665
7934,0.0034255217760801315
7935,0.008467200212180614
7936,0.005195459350943565
7937,0.01335600670427084
7938,0.01132684201002121
7939,0.008729721419513226
7940,0.048142652958631516
7941,0.005490095820277929
7942,0.0019482653588056564
7943,0.005084502510726452
7944,0.010746131651103497
7945,0.00779900886118412
7946,0.006350958254188299
7947,0.027318013831973076
7948,0.0031865655910223722
7949,0.007928657345473766
7950,0.02033020555973053
7951,0.006686793174594641
7952,0.006469672080129385
7953,0.003193548647686839
7954,0.0022379248403012753
7955,0.011986623518168926
7956,0.010725895874202251
7957,0.01120726391673088
7958,0.0017910853493958712
7959,0.022640658542513847
7960,0.00816311500966549
7961,0.007598031312227249
7962,0.006630202289670706
7963,0.014292190782725811
7964,0.00573435053229332
7965,0.00795635674148798
7966,0.005666269920766354
7967,0.004880985245108604
7968,0.006167018320411444
7969,0.014775465242564678
7970,0.01006583496928215
7971,0.006177965551614761
7972,0.013199396431446075
7973,0.006539767142385244
7974,0.006326262839138508
7975,0.00279880128800869
7976,0.006373517215251923
7977,0.004230351187288761
7978,0.007396300323307514
7979,0.004816879518330097
7980,0.005594185553491116
7981,0.009662329219281673
7982,0.007477776613086462
7983,0.003357963403686881
7984,0.012425645254552364
7985,0.0016303526936098933
7986,0.007174562197178602
7987,0.01734127476811409
7988,0.005266291089355946
7989,0.013935457915067673
7990,0.008053628727793694
7991,0.00399772310629487
7992,0.0025251228362321854
7993,0.013505934737622738
7994,0.01085382979363203
7995,0.00965332705527544
7996,0.011359451338648796
7997,0.003935923799872398
7998,0.0036800424568355083
7999,0.014343565329909325
8000,0.006163666024804115
8001,0.006816111505031586
8002,0.014257318340241909
8003,0.006109278649091721
8004,0.005841480102390051
8005,0.0032213455997407436
8006,0.011798630468547344
8007,0.014896532520651817
8008,0.0032053417526185513
8009,0.030423134565353394
8010,0.011007552966475487
8011,0.005772928707301617
8012,0.011322601698338985
8013,0.005991523619741201
8014,0.010343105532228947
8015,0.004507376812398434
8016,0.00839040894061327
8017,0.0045485785230994225
8018,0.01153771486133337
8019,0.015930183231830597
8020,0.009334861300885677
8021,0.003920156508684158
8022,0.004281176254153252
8023,0.0031445249915122986
8024,0.02084847167134285
8025,0.0037617532070726156
8026,0.009227698668837547
8027,0.004606843926012516
8028,0.006123874336481094
8029,0.005956035107374191
8030,0.017023392021656036
8031,0.005215649958699942
8032,0.008529926650226116
8033,0.005350315477699041
8034,0.011004003696143627
8035,0.0050623733550310135
8036,0.0044160401448607445
8037,0.007504082750529051
8038,0.008019132539629936
8039,0.006239255424588919
8040,0.006213126704096794
8041,0.009844835847616196
8042,0.013817123137414455
8043,0.003074985696002841
8044,0.006006903946399689
8045,0.0151711730286479
8046,0.02248307690024376
8047,0.0063469139859080315
8048,0.007769381627440453
8049,0.0030001383274793625
8050,0.004514939617365599
8051,0.010027049109339714
8052,0.005267877131700516
8053,0.004048667848110199
8054,0.012242808938026428
8055,0.018899787217378616
8056,0.011702042073011398
8057,0.00675703352317214
8058,0.011200089007616043
8059,0.005798283964395523
8060,0.002034161239862442
8061,0.04569070041179657
8062,0.002779451198875904
8063,0.0013259550323709846
8064,0.020551171153783798
8065,0.0069769807159900665
8066,0.005309644155204296
8067,0.007180596701800823
8068,0.007558870129287243
8069,0.010453524999320507
8070,0.003600173396989703
8071,0.014077313244342804
8072,0.0024216461461037397
8073,0.014698758721351624
8074,0.009085448458790779
8075,0.011731354519724846
8076,0.01866571605205536
8077,0.00959022343158722
8078,0.006983049213886261
8079,0.005048252176493406
8080,0.007633365225046873
8081,0.0076925624161958694
8082,0.011729399673640728
8083,0.01703186333179474
8084,0.01981673389673233
8085,0.007378773298114538
8086,0.017689179629087448
8087,0.0042955344542860985
8088,0.008539101108908653
8089,0.008379903621971607
8090,0.025655236095190048
8091,0.01625737175345421
8092,0.006541237235069275
8093,0.004132216330617666
8094,0.012742754071950912
8095,0.006389159709215164
8096,0.01442193053662777
8097,0.00668449467048049
8098,0.009434646926820278
8099,0.008590545505285263
8100,0.007882880978286266
8101,0.004371895454823971
8102,0.0031382485758513212
8103,0.014352090656757355
8104,0.004812765866518021
8105,0.00657839048653841
8106,0.006311069242656231
8107,0.012170563451945782
8108,0.005390971899032593
8109,0.004283277317881584
8110,0.025654293596744537
8111,0.00489128939807415
8112,0.007962049916386604
8113,0.009213373996317387
8114,0.002839675173163414
8115,0.006919467821717262
8116,0.00841115415096283
8117,0.005534199997782707
8118,0.004879743792116642
8119,0.0017758782487362623
8120,0.018306070938706398
8121,0.00535514485090971
8122,0.003192364703863859
8123,0.010491151362657547
8124,0.012272201478481293
8125,0.01155416201800108
8126,0.010804940015077591
8127,0.030529147014021873
8128,0.010794786736369133
8129,0.012724380940198898
8130,0.009582907892763615
8131,0.015265939757227898
8132,0.004775292705744505
8133,0.010515755042433739
8134,0.00866391509771347
8135,0.010100794956088066
8136,0.007534247823059559
8137,0.005835530813783407
8138,0.0018990589305758476
8139,0.016149399802088737
8140,0.017358528450131416
8141,0.0021582962945103645
8142,0.020550884306430817
8143,0.009298481047153473
8144,0.002763906493782997
8145,0.009988401085138321
8146,0.0044392747804522514
8147,0.004899561405181885
8148,0.007878819480538368
8149,0.004000618122518063
8150,0.0023872386664152145
8151,0.019637826830148697
8152,0.014322333037853241
8153,0.010121926665306091
8154,0.004053808283060789
8155,0.006032440811395645
8156,0.006351335905492306
8157,0.0055582220666110516
8158,0.004488192033022642
8159,0.002182516735047102
8160,0.010403251275420189
8161,0.009281208738684654
8162,0.0067203715443611145
8163,0.02017287164926529
8164,0.006444086786359549
8165,0.011843590997159481
8166,0.02093498967587948
8167,0.008317808620631695
8168,0.016606435179710388
8169,0.010852664709091187
8170,0.006987675558775663
8171,0.011189895682036877
8172,0.011404185555875301
8173,0.004034859593957663
8174,0.005442389752715826
8175,0.012063853442668915
8176,0.0059699565172195435
8177,0.00153268501162529
8178,0.011977946385741234
8179,0.0043942793272435665
8180,0.01379556767642498
8181,0.008641911670565605
8182,0.004181248601526022
8183,0.009157244116067886
8184,0.007960113696753979
8185,0.010617038235068321
8186,0.009641661308705807
8187,0.01852106861770153
8188,0.003262248821556568
8189,0.005718094762414694
8190,0.007039300631731749
8191,0.007300919853150845
8192,0.01463729701936245
8193,0.00817811768501997
8194,0.0047989496961236
8195,0.004820052534341812
8196,0.0031929202377796173
8197,0.015353403985500336
8198,0.005452025681734085
8199,0.006254398729652166
8200,0.009496176615357399
8201,0.0038123922422528267
8202,0.008433975279331207
8203,0.010402980260550976
8204,0.016955729573965073
8205,0.00461312010884285
8206,0.014685924164950848
8207,0.007730843033641577
8208,0.00549696572124958
8209,0.00399822648614645
8210,0.02190205454826355
8211,0.01281745731830597
8212,0.005639961920678616
8213,0.008990038186311722
8214,0.008995136246085167
8215,0.010400393977761269
8216,0.0029251500964164734
8217,0.007008756510913372
8218,0.00415137829259038
8219,0.01255487184971571
8220,0.006020393222570419
8221,0.010373879224061966
8222,0.009400327689945698
8223,0.01395336538553238
8224,0.007721342146396637
8225,0.003818018827587366
8226,0.007921943441033363
8227,0.0037981695495545864
8228,0.011278154328465462
8229,0.005478506442159414
8230,0.005521019920706749
8231,0.005143571645021439
8232,0.0038463249802589417
8233,0.007203859742730856
8234,0.00551608856767416
8235,0.00791526772081852
8236,0.0017125661252066493
8237,0.002185396384447813
8238,0.0039597502909600735
8239,0.0042174383997917175
8240,0.0037640619557350874
8241,0.009831062518060207
8242,0.006807534955441952
8243,0.008726152591407299
8244,0.0074198320508003235
8245,0.004845952615141869
8246,0.009916878305375576
8247,0.004320998676121235
8248,0.009371388703584671
8249,0.004745179787278175
8250,0.019937273114919662
8251,0.004461720585823059
8252,0.004406174179166555
8253,0.020779144018888474
8254,0.005435416009277105
8255,0.004957252647727728
8256,0.004088054411113262
8257,0.009116943925619125
8258,0.008945796638727188
8259,0.00727672316133976
8260,0.00741642527282238
8261,0.003891260828822851
8262,0.010878026485443115
8263,0.0075538791716098785
8264,0.006551550235599279
8265,0.008982822299003601
8266,0.0069067771546542645
8267,0.006594718899577856
8268,0.011087186634540558
8269,0.004367284011095762
8270,0.004454136826097965
8271,0.007072840817272663
8272,0.004597739782184362
8273,0.011944759637117386
8274,0.007800954394042492
8275,0.01154100801795721
8276,0.010003662668168545
8277,0.0046685305424034595
8278,0.010557922534644604
8279,0.0059894174337387085
8280,0.009402847848832607
8281,0.013165298849344254
8282,0.01417469047009945
8283,0.0018623028881847858
8284,0.012690821662545204
8285,0.0027240782510489225
8286,0.0056876069866120815
8287,0.0029615331441164017
8288,0.02481495402753353
8289,0.004848147742450237
8290,0.00860752072185278
8291,0.02271181158721447
8292,0.006481876131147146
8293,0.009109933860599995
8294,0.022449372336268425
8295,0.023152757436037064
8296,0.006679456681013107
8297,0.006863368675112724
8298,0.004140046890825033
8299,0.003073726315051317
8300,0.010732509195804596
8301,0.010242287069559097
8302,0.010601384565234184
8303,0.008884668350219727
8304,0.0068595996126532555
8305,0.026712875813245773
8306,0.003576864954084158
8307,0.007298311218619347
8308,0.00847160816192627
8309,0.01709241047501564
8310,0.013044359162449837
8311,0.005003727041184902
8312,0.008839718997478485
8313,0.013340524397790432
8314,0.016781149432063103
8315,0.007330696098506451
8316,0.007541046477854252
8317,0.008742805570363998
8318,0.01316640805453062
8319,0.026223815977573395
8320,0.00911037065088749
8321,0.011337121948599815
8322,0.0024131457321345806
8323,0.0032091904431581497
8324,0.004173314198851585
8325,0.006321289576590061
8326,0.0026227873750030994
8327,0.012531466782093048
8328,0.014512358233332634
8329,0.011643576435744762
8330,0.008205711841583252
8331,0.009348136372864246
8332,0.009260176680982113
8333,0.00962122343480587
8334,0.013147318735718727
8335,0.029039952903985977
8336,0.011578341946005821
8337,0.011577359400689602
8338,0.01087457500398159
8339,0.010627498850226402
8340,0.008573939092457294
8341,0.004237792454659939
8342,0.0107047064229846
8343,0.018290221691131592
8344,0.012357797473669052
8345,0.006568351294845343
8346,0.024877754971385002
8347,0.003923308104276657
8348,0.008790923282504082
8349,0.01372335385531187
8350,0.006249116268008947
8351,0.005149307195097208
8352,0.013936540111899376
8353,0.007793282624334097
8354,0.004497755318880081
8355,0.008951286785304546
8356,0.006551658269017935
8357,0.009729725308716297
8358,0.008287236094474792
8359,0.004497959744185209
8360,0.006401581224054098
8361,0.006056484766304493
8362,0.004689046181738377
8363,0.002969054039567709
8364,0.01269681565463543
8365,0.007135490886867046
8366,0.004139784257858992
8367,0.007817234843969345
8368,0.006706447806209326
8369,0.019651655107736588
8370,0.005687671713531017
8371,0.003651052713394165
8372,0.0017953950446099043
8373,0.0021027945913374424
8374,0.0072199562564492226
8375,0.015044406056404114
8376,0.002893672324717045
8377,0.008623391389846802
8378,0.002222101902589202
8379,0.007558948826044798
8380,0.00401093065738678
8381,0.004165002144873142
8382,0.017940308898687363
8383,0.022884264588356018
8384,0.005043196026235819
8385,0.0025932907592505217
8386,0.011647334322333336
8387,0.008927459828555584
8388,0.009259644895792007
8389,0.010145841166377068
8390,0.004889043979346752
8391,0.015567421913146973
8392,0.0070167118683457375
8393,0.018748240545392036
8394,0.009647810831665993
8395,0.005118825007230043
8396,0.012619941495358944
8397,0.01444757729768753
8398,0.009614832699298859
8399,0.00935976393520832
8400,0.0061563472263514996
8401,0.006587125360965729
8402,0.0034446031786501408
8403,0.010055538266897202
8404,0.004437541589140892
8405,0.009423449635505676
8406,0.011523908004164696
8407,0.011523716151714325
8408,0.006332559511065483
8409,0.002898578532040119
8410,0.015095211565494537
8411,0.011821969412267208
8412,0.020846081897616386
8413,0.014588381163775921
8414,0.010826321318745613
8415,0.01641940139234066
8416,0.008349603973329067
8417,0.00995015911757946
8418,0.006268046796321869
8419,0.012207269668579102
8420,0.0038780781906098127
8421,0.007899383082985878
8422,0.003555363044142723
8423,0.01791398599743843
8424,0.012861746363341808
8425,0.00598028814420104
8426,0.015514618717133999
8427,0.0035071000456809998
8428,0.008840439841151237
8429,0.0064918650314211845
8430,0.011297321878373623
8431,0.012818269431591034
8432,0.008292291313409805
8433,0.014682574197649956
8434,0.006708142813295126
8435,0.004719204735010862
8436,0.00566457211971283
8437,0.004907508380711079
8438,0.0032644057646393776
8439,0.009089387953281403
8440,0.01103944145143032
8441,0.003622253891080618
8442,0.014134906232357025
8443,0.006248404737561941
8444,0.004785181954503059
8445,0.009319566190242767
8446,0.01142561249434948
8447,0.003462699707597494
8448,0.0046319905668497086
8449,0.004033147823065519
8450,0.008494365029036999
8451,0.012601030990481377
8452,0.013152675703167915
8453,0.0038500092923641205
8454,0.007328725419938564
8455,0.0038326308131217957
8456,0.008742496371269226
8457,0.010400122962892056
8458,0.004250139929354191
8459,0.006124853156507015
8460,0.0049025025218725204
8461,0.0035414888989180326
8462,0.008796137757599354
8463,0.0032374095171689987
8464,0.010188775137066841
8465,0.008664545603096485
8466,0.007079394068568945
8467,0.0073105464689433575
8468,0.008455896750092506
8469,0.004325267858803272
8470,0.0036955594550818205
8471,0.0029404263477772474
8472,0.006512864958494902
8473,0.008642171509563923
8474,0.005765547510236502
8475,0.005144108086824417
8476,0.007351276930421591
8477,0.011396619491279125
8478,0.003401508554816246
8479,0.008703988045454025
8480,0.005268079694360495
8481,0.010855475440621376
8482,0.009025340899825096
8483,0.015187236480414867
8484,0.008097734302282333
8485,0.007948355749249458
8486,0.0038447435945272446
8487,0.007138704415410757
8488,0.006836813874542713
8489,0.010976871475577354
8490,0.003931385464966297
8491,0.006649802438914776
8492,0.010257686488330364
8493,0.009724415838718414
8494,0.006370914168655872
8495,0.008125307969748974
8496,0.002686645369976759
8497,0.009316550567746162
8498,0.007171600591391325
8499,0.01774228736758232
8500,0.03765496611595154
8501,0.005338085815310478
8502,0.00634798314422369
8503,0.005445234011858702
8504,0.021461252123117447
8505,0.00947786308825016
8506,0.00301103456877172
8507,0.006894378922879696
8508,0.010543448850512505
8509,0.004557179752737284
8510,0.010470460169017315
8511,0.0038023986853659153
8512,0.012051215395331383
8513,0.00871648546308279
8514,0.004621098283678293
8515,0.002945947926491499
8516,0.005670659244060516
8517,0.0079882200807333
8518,0.0075880540534853935
8519,0.005320834927260876
8520,0.008377553895115852
8521,0.012811010703444481
8522,0.0047080363146960735
8523,0.014082979410886765
8524,0.005235330667346716
8525,0.00913904793560505
8526,0.0037829559296369553
8527,0.0035156295634806156
8528,0.015217278152704239
8529,0.011587359011173248
8530,0.009956368245184422
8531,0.003668964607641101
8532,0.010321080684661865
8533,0.0062210895121097565
8534,0.004585478454828262
8535,0.010992700234055519
8536,0.008774575777351856
8537,0.0024750824086368084
8538,0.003621067851781845
8539,0.006981292739510536
8540,0.004867189563810825
8541,0.009029470384120941
8542,0.00732745137065649
8543,0.004665305372327566
8544,0.003237547352910042
8545,0.006087586283683777
8546,0.0033490422647446394
8547,0.005572471767663956
8548,0.003470488591119647
8549,0.0032102339901030064
8550,0.012910249643027782
8551,0.011651272885501385
8552,0.011673366650938988
8553,0.006661884021013975
8554,0.025778673589229584
8555,0.02846972458064556
8556,0.004794874228537083
8557,0.008022870868444443
8558,0.0026002253871411085
8559,0.008655952289700508
8560,0.00917788129299879
8561,0.006320085376501083
8562,0.003514972049742937
8563,0.0035029537975788116
8564,0.01494192611426115
8565,0.004587688948959112
8566,0.016100654378533363
8567,0.013007884845137596
8568,0.01974140852689743
8569,0.003518959041684866
8570,0.012064813636243343
8571,0.006036426872014999
8572,0.010216383263468742
8573,0.0074000852182507515
8574,0.022401293739676476
8575,0.006357569247484207
8576,0.004358218517154455
8577,0.010737448930740356
8578,0.004478383809328079
8579,0.006114689167588949
8580,0.0029306276701390743
8581,0.014748133718967438
8582,0.012907428666949272
8583,0.016982266679406166
8584,0.012487503699958324
8585,0.020171767100691795
8586,0.006281393580138683
8587,0.0040994202718138695
8588,0.00716371601447463
8589,0.01019093208014965
8590,0.0016865700017660856
8591,0.007163486443459988
8592,0.009688260033726692
8593,0.006965744309127331
8594,0.008577505126595497
8595,0.0053550503216683865
8596,0.0030417393427342176
8597,0.0072579151019454
8598,0.010483652353286743
8599,0.008540445007383823
8600,0.005485860165208578
8601,0.0029837023466825485
8602,0.006484977435320616
8603,0.003663257695734501
8604,0.0056700995191931725
8605,0.006777424365282059
8606,0.010134521871805191
8607,0.0046182479709386826
8608,0.008922431617975235
8609,0.016987236216664314
8610,0.007972106337547302
8611,0.005023269448429346
8612,0.0318603441119194
8613,0.007548952009528875
8614,0.010085690766572952
8615,0.00793449580669403
8616,0.007367969956248999
8617,0.007993759587407112
8618,0.006136054173111916
8619,0.022372296079993248
8620,0.011097650974988937
8621,0.026733431965112686
8622,0.0053666215389966965
8623,0.024424470961093903
8624,0.010639823041856289
8625,0.009293179027736187
8626,0.004217864479869604
8627,0.011077966541051865
8628,0.00858776643872261
8629,0.006659848149865866
8630,0.009461349807679653
8631,0.0079653924331069
8632,0.009599436074495316
8633,0.022659942507743835
8634,0.004815380554646254
8635,0.006945990025997162
8636,0.006393331568688154
8637,0.004969158209860325
8638,0.0076513029634952545
8639,0.002835285384207964
8640,0.011373247019946575
8641,0.004988283850252628
8642,0.005504552274942398
8643,0.009227853268384933
8644,0.012124674394726753
8645,0.005094112828373909
8646,0.013521863147616386
8647,0.008680369704961777
8648,0.019022798165678978
8649,0.00512124365195632
8650,0.007011984474956989
8651,0.030101235955953598
8652,0.006265135481953621
8653,0.008045599795877934
8654,0.007029111962765455
8655,0.004197810310870409
8656,0.0061839260160923
8657,0.01312417071312666
8658,0.0046409438364207745
8659,0.010118555277585983
8660,0.014852727763354778
8661,0.017304040491580963
8662,0.004852830432355404
8663,0.012095838785171509
8664,0.011063873767852783
8665,0.006180068012326956
8666,0.005195377394556999
8667,0.01202677097171545
8668,0.016838546842336655
8669,0.005499210208654404
8670,0.008742174133658409
8671,0.003175805089995265
8672,0.005900276359170675
8673,0.003641537157818675
8674,0.009837810881435871
8675,0.009231042116880417
8676,0.0027778143994510174
8677,0.010581418871879578
8678,0.018945498391985893
8679,0.015387549996376038
8680,0.005662353243678808
8681,0.01471514068543911
8682,0.010798685252666473
8683,0.006712028291076422
8684,0.015525788068771362
8685,0.01169527880847454
8686,0.005907354410737753
8687,0.0033940121065825224
8688,0.029664546251296997
8689,0.01507462840527296
8690,0.0034261520486325026
8691,0.004024796653538942
8692,0.01701880246400833
8693,0.017010152339935303
8694,0.010369262658059597
8695,0.004599184263497591
8696,0.006753377616405487
8697,0.004708489403128624
8698,0.013107712380588055
8699,0.005711385048925877
8700,0.006574037950485945
8701,0.007240186911076307
8702,0.057779740542173386
8703,0.0137482276186347
8704,0.007313660345971584
8705,0.013092472217977047
8706,0.00455193966627121
8707,0.005123659037053585
8708,0.0020046355202794075
8709,0.0025041454937309027
8710,0.007439655717462301
8711,0.014558653347194195
8712,0.004366746172308922
8713,0.002495262771844864
8714,0.003668586490675807
8715,0.006445630453526974
8716,0.010479137301445007
8717,0.003696720814332366
8718,0.008341680280864239
8719,0.004453436471521854
8720,0.012948485091328621
8721,0.002815772546455264
8722,0.007997337728738785
8723,0.010304553434252739
8724,0.015682300552725792
8725,0.008769085630774498
8726,0.006918495055288076
8727,0.01956835947930813
8728,0.007789752446115017
8729,0.018261302262544632
8730,0.010232299566268921
8731,0.015821389853954315
8732,0.006759621202945709
8733,0.009954956360161304
8734,0.015210581943392754
8735,0.007173750549554825
8736,0.012962213717401028
8737,0.006808427628129721
8738,0.006744782440364361
8739,0.006142537109553814
8740,0.0031248570885509253
8741,0.009381907992064953
8742,0.00408842321485281
8743,0.004295543767511845
8744,0.027229074388742447
8745,0.018149863928556442
8746,0.014517642557621002
8747,0.014527615159749985
8748,0.010393105447292328
8749,0.005688200704753399
8750,0.007434185594320297
8751,0.006353371776640415
8752,0.002910488285124302
8753,0.007920490577816963
8754,0.007094786502420902
8755,0.005309484899044037
8756,0.003039517905563116
8757,0.008096537552773952
8758,0.006072092801332474
8759,0.009928138926625252
8760,0.00913832988590002
8761,0.0064170463010668755
8762,0.00794709101319313
8763,0.01575685292482376
8764,0.005748342256993055
8765,0.005236472003161907
8766,0.01328783668577671
8767,0.003906612284481525
8768,0.003773230593651533
8769,0.004502041265368462
8770,0.006239083595573902
8771,0.004205932840704918
8772,0.005934597924351692
8773,0.007245349697768688
8774,0.013836843892931938
8775,0.006524433381855488
8776,0.010444704443216324
8777,0.00924776028841734
8778,0.010710440576076508
8779,0.00890231691300869
8780,0.013135658577084541
8781,0.007501630112528801
8782,0.00280653964728117
8783,0.005729700438678265
8784,0.008391337469220161
8785,0.008494198322296143
8786,0.006234319880604744
8787,0.004795714747160673
8788,0.00442819157615304
8789,0.022745322436094284
8790,0.006161860190331936
8791,0.002816659165546298
8792,0.003924545831978321
8793,0.019177667796611786
8794,0.0031892075203359127
8795,0.020132077857851982
8796,0.006258547306060791
8797,0.010515976697206497
8798,0.023489972576498985
8799,0.00689944252371788
8800,0.024449508637189865
8801,0.009743711911141872
8802,0.008064175955951214
8803,0.01132752001285553
8804,0.007798351347446442
8805,0.0048022400587797165
8806,0.00633772648870945
8807,0.008087608963251114
8808,0.006679327692836523
8809,0.008402282372117043
8810,0.00628619035705924
8811,0.01713446155190468
8812,0.010641053318977356
8813,0.0033036591485142708
8814,0.011925587430596352
8815,0.004499567206948996
8816,0.00600528996437788
8817,0.013017360121011734
8818,0.017444010823965073
8819,0.010014922358095646
8820,0.0165700726211071
8821,0.010424552485346794
8822,0.006657372694462538
8823,0.005281146615743637
8824,0.005696858279407024
8825,0.015837213024497032
8826,0.004945986904203892
8827,0.009387320838868618
8828,0.01817956753075123
8829,0.0071746050380170345
8830,0.006241700612008572
8831,0.012383269146084785
8832,0.01464676670730114
8833,0.009301440790295601
8834,0.015188521705567837
8835,0.006471272557973862
8836,0.010630784556269646
8837,0.009941068477928638
8838,0.005798736121505499
8839,0.004282130394130945
8840,0.004293628502637148
8841,0.009842047467827797
8842,0.008117590099573135
8843,0.01663580723106861
8844,0.00771112646907568
8845,0.007634333334863186
8846,0.011899467557668686
8847,0.005826858337968588
8848,0.0035880431532859802
8849,0.0069717420265078545
8850,0.0028661470860242844
8851,0.004974742885679007
8852,0.02023417316377163
8853,0.01957227662205696
8854,0.006980189587920904
8855,0.025289049372076988
8856,0.0054950108751654625
8857,0.02121715247631073
8858,0.010106912814080715
8859,0.009044368751347065
8860,0.02224014326930046
8861,0.005777604412287474
8862,0.00903460755944252
8863,0.0045722974464297295
8864,0.002625088207423687
8865,0.007800131104886532
8866,0.00911921076476574
8867,0.0027455687522888184
8868,0.004754654131829739
8869,0.0038063181564211845
8870,0.009211232885718346
8871,0.004605383612215519
8872,0.005175721365958452
8873,0.009913770481944084
8874,0.020519433543086052
8875,0.015908420085906982
8876,0.004071234725415707
8877,0.013517807237803936
8878,0.003688924014568329
8879,0.01624700427055359
8880,0.008059614337980747
8881,0.008503509685397148
8882,0.004628178663551807
8883,0.009272895753383636
8884,0.0031596289481967688
8885,0.01283006276935339
8886,0.008756984025239944
8887,0.008972562849521637
8888,0.0085294209420681
8889,0.017931539565324783
8890,0.006875572260469198
8891,0.00479162810370326
8892,0.013733459636569023
8893,0.013190618716180325
8894,0.009761076420545578
8895,0.0053112986497581005
8896,0.0024696458131074905
8897,0.006577934138476849
8898,0.016554150730371475
8899,0.005372209008783102
8900,0.005768878385424614
8901,0.008338896557688713
8902,0.007360693998634815
8903,0.005856907926499844
8904,0.004571976140141487
8905,0.0036206734366714954
8906,0.003194165416061878
8907,0.008034693077206612
8908,0.003137381747364998
8909,0.008291677571833134
8910,0.022771820425987244
8911,0.009676332585513592
8912,0.003385015530511737
8913,0.005187890492379665
8914,0.005845151841640472
8915,0.012888266704976559
8916,0.006078301928937435
8917,0.010116090066730976
8918,0.011709130369126797
8919,0.009334764443337917
8920,0.005864075385034084
8921,0.013027139008045197
8922,0.007909264415502548
8923,0.009785398840904236
8924,0.010228240862488747
8925,0.019474025815725327
8926,0.011403419077396393
8927,0.02468130551278591
8928,0.0069886124692857265
8929,0.0084846755489707
8930,0.0068845851346850395
8931,0.008456740528345108
8932,0.009726273827254772
8933,0.008173108100891113
8934,0.009887723252177238
8935,0.0055779581889510155
8936,0.0040490105748176575
8937,0.0029220767319202423
8938,0.008853107690811157
8939,0.0052646188996732235
8940,0.011134403757750988
8941,0.00895784329622984
8942,0.0068870894610881805
8943,0.0026053967885673046
8944,0.009374751709401608
8945,0.006343849003314972
8946,0.00373630179092288
8947,0.003445519832894206
8948,0.0066978298127651215
8949,0.00821814313530922
8950,0.004889841191470623
8951,0.006405818276107311
8952,0.006619197782129049
8953,0.009957107715308666
8954,0.011724072508513927
8955,0.0030123027972877026
8956,0.008879879489541054
8957,0.006375170312821865
8958,0.004995809402316809
8959,0.008042539469897747
8960,0.008007015101611614
8961,0.005744059570133686
8962,0.015141806565225124
8963,0.005701636895537376
8964,0.01640472747385502
8965,0.005658326670527458
8966,0.008015168830752373
8967,0.0038960124365985394
8968,0.008386272005736828
8969,0.016641980037093163
8970,0.013291731476783752
8971,0.014647655189037323
8972,0.030559629201889038
8973,0.006660393439233303
8974,0.0073248702101409435
8975,0.003952804021537304
8976,0.005258623510599136
8977,0.005543207749724388
8978,0.006517336703836918
8979,0.004523217678070068
8980,0.01558622345328331
8981,0.00460679829120636
8982,0.004887485411018133
8983,0.0034103605430573225
8984,0.0031815548427402973
8985,0.005677185487002134
8986,0.005404951050877571
8987,0.010771210305392742
8988,0.008029105141758919
8989,0.006825798656791449
8990,0.005820444785058498
8991,0.013265242800116539
8992,0.014360199682414532
8993,0.0033659038599580526
8994,0.008867790922522545
8995,0.006725523620843887
8996,0.007271855603903532
8997,0.00546597084030509
8998,0.005154755897819996
8999,0.005766992922872305
9000,0.006297263316810131
9001,0.004346754867583513
9002,0.006784337572753429
9003,0.005103306844830513
9004,0.0064233532175421715
9005,0.011149555444717407
9006,0.01090866606682539
9007,0.004801600705832243
9008,0.004893788602203131
9009,0.014271346852183342
9010,0.007139964960515499
9011,0.005420622415840626
9012,0.005979414097964764
9013,0.00530694704502821
9014,0.006043369881808758
9015,0.013874526135623455
9016,0.004041638225317001
9017,0.006485534831881523
9018,0.007362776901572943
9019,0.01291393768042326
9020,0.004546418786048889
9021,0.004225689917802811
9022,0.008278707973659039
9023,0.008613385260105133
9024,0.01325301080942154
9025,0.008315415121614933
9026,0.005340005271136761
9027,0.006761226803064346
9028,0.011028239503502846
9029,0.007157168351113796
9030,0.005454550497233868
9031,0.009846070781350136
9032,0.0048918528482317924
9033,0.005162253510206938
9034,0.007782903965562582
9035,0.00677357567474246
9036,0.00492658419534564
9037,0.0065985312685370445
9038,0.00954339001327753
9039,0.006669149734079838
9040,0.008742719888687134
9041,0.0030132271349430084
9042,0.007448884658515453
9043,0.0041556041687726974
9044,0.00801204051822424
9045,0.008151086047291756
9046,0.0038016061298549175
9047,0.013885615393519402
9048,0.006202069576829672
9049,0.006604596972465515
9050,0.006708923727273941
9051,0.002900357823818922
9052,0.006610695272684097
9053,0.0112588657066226
9054,0.0059250532649457455
9055,0.006962801329791546
9056,0.014946396462619305
9057,0.008859210647642612
9058,0.008101966232061386
9059,0.008090863935649395
9060,0.013284086249768734
9061,0.0030114781111478806
9062,0.0029515938367694616
9063,0.009686882607638836
9064,0.006356681697070599
9065,0.009889449924230576
9066,0.005654036998748779
9067,0.006698893383145332
9068,0.012323076836764812
9069,0.017276134341955185
9070,0.014961384236812592
9071,0.015867266803979874
9072,0.005617955233901739
9073,0.009020956233143806
9074,0.01588180474936962
9075,0.005599848926067352
9076,0.0034986312966793776
9077,0.0031275590881705284
9078,0.010959737002849579
9079,0.008930168114602566
9080,0.012609845958650112
9081,0.0036424468271434307
9082,0.012290505692362785
9083,0.007537919096648693
9084,0.00602344423532486
9085,0.00763216707855463
9086,0.003426640061661601
9087,0.003016997594386339
9088,0.005018332507461309
9089,0.00507818628102541
9090,0.004253622144460678
9091,0.025501077994704247
9092,0.007339085917919874
9093,0.006287266965955496
9094,0.004114307463169098
9095,0.006192529108375311
9096,0.012008978053927422
9097,0.012031725607812405
9098,0.003838556818664074
9099,0.007505418267101049
9100,0.004204056691378355
9101,0.023974580690264702
9102,0.004720010794699192
9103,0.0075014205649495125
9104,0.005541359540075064
9105,0.003004151862114668
9106,0.012678786180913448
9107,0.0037720114924013615
9108,0.011020014062523842
9109,0.009671363048255444
9110,0.00366076547652483
9111,0.004661874379962683
9112,0.005566985812038183
9113,0.022822339087724686
9114,0.006567263510078192
9115,0.01500721275806427
9116,0.006361785344779491
9117,0.007571046240627766
9118,0.005307027604430914
9119,0.004029322415590286
9120,0.013579904101788998
9121,0.0033917156979441643
9122,0.0050912462174892426
9123,0.017498120665550232
9124,0.007680845446884632
9125,0.01072072982788086
9126,0.005501563660800457
9127,0.01297806203365326
9128,0.011466817930340767
9129,0.006627049297094345
9130,0.00562530942261219
9131,0.0030177882872521877
9132,0.009320253506302834
9133,0.0033084992319345474
9134,0.016719192266464233
9135,0.009839211590588093
9136,0.005717676132917404
9137,0.012237487360835075
9138,0.006243894807994366
9139,0.007073955610394478
9140,0.0037256989162415266
9141,0.0021641100756824017
9142,0.009207520633935928
9143,0.006716390606015921
9144,0.014841150492429733
9145,0.007793895900249481
9146,0.006581272464245558
9147,0.0031811390072107315
9148,0.006775770336389542
9149,0.006858665496110916
9150,0.005457807332277298
9151,0.004387003369629383
9152,0.004855142440646887
9153,0.005709137301892042
9154,0.01108185201883316
9155,0.014926808886229992
9156,0.006272067781537771
9157,0.01476653479039669
9158,0.01030220277607441
9159,0.01054331660270691
9160,0.013490436598658562
9161,0.009179452434182167
9162,0.013315826654434204
9163,0.012879256159067154
9164,0.014349075965583324
9165,0.012503581121563911
9166,0.0045152995735406876
9167,0.0074797123670578
9168,0.0034545452799648046
9169,0.006836417131125927
9170,0.004119565710425377
9171,0.005885692313313484
9172,0.016876008361577988
9173,0.007673622574657202
9174,0.007086840458214283
9175,0.005228613503277302
9176,0.005648299586027861
9177,0.008029542863368988
9178,0.015935344621539116
9179,0.009258503094315529
9180,0.008636554703116417
9181,0.007242611609399319
9182,0.013512509874999523
9183,0.003747994778677821
9184,0.01603788509964943
9185,0.003916094079613686
9186,0.010497471317648888
9187,0.013554699718952179
9188,0.004874808713793755
9189,0.00977842416614294
9190,0.018900644034147263
9191,0.014360780827701092
9192,0.0025083436630666256
9193,0.006358136422932148
9194,0.01102588139474392
9195,0.006553861312568188
9196,0.004535773303359747
9197,0.004461463075131178
9198,0.005557018332183361
9199,0.007078561931848526
9200,0.011528785340487957
9201,0.004961913917213678
9202,0.007587065454572439
9203,0.009536705911159515
9204,0.00720978295430541
9205,0.005079846829175949
9206,0.007114939391613007
9207,0.0029905240517109632
9208,0.009666908532381058
9209,0.005028950050473213
9210,0.0039168475195765495
9211,0.03329777345061302
9212,0.007564464118331671
9213,0.007066763937473297
9214,0.006406586617231369
9215,0.004804879426956177
9216,0.008372420445084572
9217,0.010405267588794231
9218,0.00809563510119915
9219,0.007903552614152431
9220,0.0040938714519143105
9221,0.006275200750678778
9222,0.010035215876996517
9223,0.00524466997012496
9224,0.0062300069257617
9225,0.005258732941001654
9226,0.0033186390064656734
9227,0.003005080623552203
9228,0.004722079262137413
9229,0.01856634020805359
9230,0.022089693695306778
9231,0.003129431512206793
9232,0.005998531356453896
9233,0.005133803468197584
9234,0.01284054946154356
9235,0.007357168011367321
9236,0.00339733948931098
9237,0.00901953037828207
9238,0.008495734073221684
9239,0.008467331528663635
9240,0.008251658640801907
9241,0.00418715039268136
9242,0.00590459955856204
9243,0.0033640521578490734
9244,0.010377846658229828
9245,0.007099457085132599
9246,0.0047184862196445465
9247,0.0033964156173169613
9248,0.01065916009247303
9249,0.005974865518510342
9250,0.005935269873589277
9251,0.0021481725852936506
9252,0.005017297808080912
9253,0.010474145412445068
9254,0.007692894898355007
9255,0.008184617385268211
9256,0.014413351193070412
9257,0.01000259816646576
9258,0.004828029312193394
9259,0.007806697394698858
9260,0.004022306762635708
9261,0.011591669172048569
9262,0.0073784636333584785
9263,0.01055306475609541
9264,0.00457392493262887
9265,0.002432282781228423
9266,0.0039382390677928925
9267,0.0069300467148423195
9268,0.01279454305768013
9269,0.007718689739704132
9270,0.0033228842075914145
9271,0.007382892072200775
9272,0.016423631459474564
9273,0.007382578682154417
9274,0.005738989450037479
9275,0.008030957542359829
9276,0.018356777727603912
9277,0.01365375705063343
9278,0.0050086877308785915
9279,0.004978870041668415
9280,0.007931231521070004
9281,0.005967217963188887
9282,0.00885474681854248
9283,0.019632745534181595
9284,0.008328032679855824
9285,0.010877495631575584
9286,0.007992858998477459
9287,0.0037192762829363346
9288,0.0127135394141078
9289,0.013671527616679668
9290,0.0017953146016225219
9291,0.008703310042619705
9292,0.007108667399734259
9293,0.008083314634859562
9294,0.0025752289220690727
9295,0.004581844434142113
9296,0.007256936281919479
9297,0.005287023261189461
9298,0.010373608209192753
9299,0.007036423310637474
9300,0.011951161548495293
9301,0.010909361764788628
9302,0.010711844079196453
9303,0.0032157227396965027
9304,0.014571091160178185
9305,0.009478405117988586
9306,0.003160100430250168
9307,0.0022022079210728407
9308,0.007923254743218422
9309,0.004017854109406471
9310,0.008732536807656288
9311,0.003402068978175521
9312,0.005004740320146084
9313,0.006456461735069752
9314,0.010618731379508972
9315,0.004342888481914997
9316,0.0036310534924268723
9317,0.00402685534209013
9318,0.005113539285957813
9319,0.015888845548033714
9320,0.013900197111070156
9321,0.015792984515428543
9322,0.00629234965890646
9323,0.008600002154707909
9324,0.004053748678416014
9325,0.003231485141441226
9326,0.010064986534416676
9327,0.007431793957948685
9328,0.010927866213023663
9329,0.012220362201333046
9330,0.003000875934958458
9331,0.004648971371352673
9332,0.016459517180919647
9333,0.0064429654739797115
9334,0.005700306501239538
9335,0.003094495739787817
9336,0.008998742327094078
9337,0.013103893026709557
9338,0.005480121821165085
9339,0.00803062878549099
9340,0.003096008440479636
9341,0.012417972087860107
9342,0.008182977326214314
9343,0.003370586782693863
9344,0.011361408978700638
9345,0.006518354639410973
9346,0.006789267063140869
9347,0.006535898428410292
9348,0.00711931474506855
9349,0.0073685357347130775
9350,0.008672503754496574
9351,0.006611139979213476
9352,0.0029334607534110546
9353,0.004824157804250717
9354,0.005373578052967787
9355,0.010250791907310486
9356,0.005524958483874798
9357,0.008585059083998203
9358,0.005391545593738556
9359,0.00550043024122715
9360,0.011608503758907318
9361,0.0012097437866032124
9362,0.025700684636831284
9363,0.0054271407425403595
9364,0.005855657160282135
9365,0.01598343998193741
9366,0.008734711445868015
9367,0.004439122509211302
9368,0.011016945354640484
9369,0.00627180328592658
9370,0.011173355393111706
9371,0.016121935099363327
9372,0.004030711483210325
9373,0.003262116340920329
9374,0.005218977108597755
9375,0.007111306302249432
9376,0.018332306295633316
9377,0.01327555999159813
9378,0.0038048196583986282
9379,0.0046532428823411465
9380,0.014664821326732635
9381,0.0037835012190043926
9382,0.004135247319936752
9383,0.00875968299806118
9384,0.004564205650240183
9385,0.006488850340247154
9386,0.003890835680067539
9387,0.0033971411176025867
9388,0.00911223329603672
9389,0.011704869568347931
9390,0.009042213670909405
9391,0.008597282692790031
9392,0.005042777396738529
9393,0.01785699836909771
9394,0.01057029515504837
9395,0.038760166615247726
9396,0.006524477154016495
9397,0.004224534146487713
9398,0.007386188954114914
9399,0.007115631829947233
9400,0.0065773855894804
9401,0.003694560145959258
9402,0.005449326708912849
9403,0.005831860937178135
9404,0.011771786957979202
9405,0.009990353137254715
9406,0.004814318846911192
9407,0.01272830180823803
9408,0.01091243326663971
9409,0.0037070035468786955
9410,0.004572184290736914
9411,0.010632753372192383
9412,0.0042019132524728775
9413,0.00725821778178215
9414,0.014458253048360348
9415,0.03060092031955719
9416,0.002712090266868472
9417,0.004418957978487015
9418,0.004554822109639645
9419,0.005032521206885576
9420,0.009546305984258652
9421,0.004896874073892832
9422,0.008125691674649715
9423,0.005682875867933035
9424,0.009229416027665138
9425,0.008014468476176262
9426,0.008761448785662651
9427,0.004242504946887493
9428,0.013077130541205406
9429,0.028361333534121513
9430,0.008162720128893852
9431,0.007627719547599554
9432,0.01283785980194807
9433,0.008677647449076176
9434,0.0067776404321193695
9435,0.006755000911653042
9436,0.005701109766960144
9437,0.01346290111541748
9438,0.003997970372438431
9439,0.010579466819763184
9440,0.004038152284920216
9441,0.005631414707750082
9442,0.0096815824508667
9443,0.0043903677724301815
9444,0.003519861726090312
9445,0.010477442294359207
9446,0.004206253215670586
9447,0.0036336500197649
9448,0.01188112236559391
9449,0.008158496581017971
9450,0.016671931371092796
9451,0.006857933010905981
9452,0.05463831126689911
9453,0.017021404579281807
9454,0.003235728247091174
9455,0.010606929659843445
9456,0.018084218725562096
9457,0.012783042155206203
9458,0.004691985435783863
9459,0.006647641770541668
9460,0.006691940128803253
9461,0.0030511065851897
9462,0.00816500373184681
9463,0.004182022996246815
9464,0.0048054177314043045
9465,0.004716487601399422
9466,0.008189363405108452
9467,0.0075616007670760155
9468,0.015428071841597557
9469,0.0047590890899300575
9470,0.007688985671848059
9471,0.006739224772900343
9472,0.014824800193309784
9473,0.00590549036860466
9474,0.011165141128003597
9475,0.018269650638103485
9476,0.009386742487549782
9477,0.007460697554051876
9478,0.006778541952371597
9479,0.022689104080200195
9480,0.008144676685333252
9481,0.008041316643357277
9482,0.014280108734965324
9483,0.00862041488289833
9484,0.007043037563562393
9485,0.008761576376855373
9486,0.009317535907030106
9487,0.005185381975024939
9488,0.007631055545061827
9489,0.008902598172426224
9490,0.006779185961931944
9491,0.006414270959794521
9492,0.004244835115969181
9493,0.006920157931745052
9494,0.007153778802603483
9495,0.003983949776738882
9496,0.015085696242749691
9497,0.0063401032239198685
9498,0.008254091255366802
9499,0.013520367443561554
9500,0.004491010215133429
9501,0.011890235356986523
9502,0.004359600134193897
9503,0.011582041159272194
9504,0.011158479377627373
9505,0.005726705305278301
9506,0.00967563595622778
9507,0.005229714326560497
9508,0.0075117796659469604
9509,0.014551470056176186
9510,0.0041075292974710464
9511,0.01887347176671028
9512,0.021023549139499664
9513,0.010826369747519493
9514,0.008957463316619396
9515,0.009620164521038532
9516,0.018630649894475937
9517,0.0081312395632267
9518,0.021226827055215836
9519,0.00916309468448162
9520,0.006106129847466946
9521,0.007200294639915228
9522,0.009198742918670177
9523,0.024220449849963188
9524,0.012457823380827904
9525,0.004383223131299019
9526,0.004623632412403822
9527,0.00496353954076767
9528,0.009430925361812115
9529,0.015430248342454433
9530,0.002764493925496936
9531,0.01220775581896305
9532,0.0076269349083304405
9533,0.006328591611236334
9534,0.008662765845656395
9535,0.008020355366170406
9536,0.019013501703739166
9537,0.00401929160580039
9538,0.004939955659210682
9539,0.00958411768078804
9540,0.008433262817561626
9541,0.014025743119418621
9542,0.006022430025041103
9543,0.007640057243406773
9544,0.004576729144901037
9545,0.005603160709142685
9546,0.005112489685416222
9547,0.007756616920232773
9548,0.004950861446559429
9549,0.005784999579191208
9550,0.0029190867207944393
9551,0.012118691578507423
9552,0.006240817718207836
9553,0.005745458882302046
9554,0.004202327691018581
9555,0.011993557214736938
9556,0.006683876737952232
9557,0.009411145001649857
9558,0.00899762287735939
9559,0.01625945419073105
9560,0.008878038264811039
9561,0.017851565033197403
9562,0.008609387092292309
9563,0.016728103160858154
9564,0.023363303393125534
9565,0.005738742649555206
9566,0.007241689600050449
9567,0.005466123577207327
9568,0.004608632996678352
9569,0.003705644980072975
9570,0.0029674179386347532
9571,0.010650868527591228
9572,0.007799562066793442
9573,0.0044128866866230965
9574,0.00744923111051321
9575,0.002916902769356966
9576,0.01757742464542389
9577,0.00793552678078413
9578,0.007122361566871405
9579,0.026415638625621796
9580,0.006061756517738104
9581,0.008332627825438976
9582,0.005124149844050407
9583,0.013600329868495464
9584,0.004819838795810938
9585,0.002790729282423854
9586,0.014240425080060959
9587,0.009389050304889679
9588,0.005009566433727741
9589,0.013372661545872688
9590,0.009469048120081425
9591,0.00897815078496933
9592,0.012099879793822765
9593,0.00433999951928854
9594,0.003157625673338771
9595,0.00854027271270752
9596,0.007661446928977966
9597,0.005190048832446337
9598,0.00844544917345047
9599,0.003766929265111685
9600,0.017327597364783287
9601,0.0048642465844750404
9602,0.006002633832395077
9603,0.015280663967132568
9604,0.002832794561982155
9605,0.003983430098742247
9606,0.004363651853054762
9607,0.06696493923664093
9608,0.009680616669356823
9609,0.008839281275868416
9610,0.013006503693759441
9611,0.01166672445833683
9612,0.024856120347976685
9613,0.00615078117698431
9614,0.009373792447149754
9615,0.007401136215776205
9616,0.005336768925189972
9617,0.004782348405569792
9618,0.007484307046979666
9619,0.021791664883494377
9620,0.0057945228181779385
9621,0.03186677023768425
9622,0.008900996297597885
9623,0.017238374799489975
9624,0.005127345211803913
9625,0.006559072062373161
9626,0.004173181019723415
9627,0.0116347074508667
9628,0.0051366183906793594
9629,0.003871530992910266
9630,0.007866879925131798
9631,0.002290747594088316
9632,0.008057544939219952
9633,0.0115360077470541
9634,0.0049796635285019875
9635,0.004815730731934309
9636,0.009391694329679012
9637,0.008131605572998524
9638,0.009669013321399689
9639,0.014274738729000092
9640,0.00880766287446022
9641,0.007874361239373684
9642,0.012245851568877697
9643,0.013045189902186394
9644,0.003983279224485159
9645,0.009428700432181358
9646,0.013720585033297539
9647,0.01109013520181179
9648,0.006029234733432531
9649,0.015954045578837395
9650,0.004742956720292568
9651,0.005938391666859388
9652,0.030693357810378075
9653,0.01665480062365532
9654,0.0047856904566287994
9655,0.010708215646445751
9656,0.007802547421306372
9657,0.007734281942248344
9658,0.015013877302408218
9659,0.010163897648453712
9660,0.006754476577043533
9661,0.00679234741255641
9662,0.004712031222879887
9663,0.0069644516333937645
9664,0.012543595395982265
9665,0.009656190872192383
9666,0.004494353197515011
9667,0.01007680594921112
9668,0.007416076958179474
9669,0.013421646319329739
9670,0.0069399187341332436
9671,0.0033300151117146015
9672,0.003395275678485632
9673,0.008767115883529186
9674,0.01019199751317501
9675,0.0052045173943042755
9676,0.0038658580742776394
9677,0.013192348182201385
9678,0.0029331916011869907
9679,0.011926781386137009
9680,0.007905625738203526
9681,0.01400304026901722
9682,0.011143974959850311
9683,0.007593817543238401
9684,0.014476219192147255
9685,0.005688474979251623
9686,0.005468595307320356
9687,0.004139115568250418
9688,0.013152717612683773
9689,0.007863631471991539
9690,0.00868617556989193
9691,0.007152132224291563
9692,0.018635759130120277
9693,0.006848182063549757
9694,0.010563857853412628
9695,0.006056278012692928
9696,0.00482486467808485
9697,0.015965698286890984
9698,0.004947436973452568
9699,0.003242687089368701
9700,0.006262080278247595
9701,0.020209230482578278
9702,0.00992027297616005
9703,0.008450103923678398
9704,0.007851637899875641
9705,0.011641512624919415
9706,0.0063342079520225525
9707,0.005788472946733236
9708,0.006657133810222149
9709,0.007966481149196625
9710,0.007269997149705887
9711,0.007460147142410278
9712,0.01632600836455822
9713,0.005835012532770634
9714,0.005047389306128025
9715,0.003013459499925375
9716,0.002950520720332861
9717,0.016420705243945122
9718,0.005465541034936905
9719,0.004512120969593525
9720,0.005232508294284344
9721,0.0053109657019376755
9722,0.006277791224420071
9723,0.005266773514449596
9724,0.009485557675361633
9725,0.003928653430193663
9726,0.014055363833904266
9727,0.01884394697844982
9728,0.004769075661897659
9729,0.01323617435991764
9730,0.010882019996643066
9731,0.016302814707159996
9732,0.010939553380012512
9733,0.012585844844579697
9734,0.019453218206763268
9735,0.006111908704042435
9736,0.00757298618555069
9737,0.003603600664064288
9738,0.007109526544809341
9739,0.011875264346599579
9740,0.007292202673852444
9741,0.01936766318976879
9742,0.0026840893551707268
9743,0.03438936173915863
9744,0.005211761221289635
9745,0.0057627796195447445
9746,0.00759372441098094
9747,0.011531359516084194
9748,0.0047815777361392975
9749,0.011887729167938232
9750,0.014638572931289673
9751,0.009850271046161652
9752,0.010976200923323631
9753,0.008072253316640854
9754,0.010039806365966797
9755,0.0076837725937366486
9756,0.005833902861922979
9757,0.01994158700108528
9758,0.0061448486521840096
9759,0.011079691350460052
9760,0.0059930309653282166
9761,0.02407575212419033
9762,0.003868748201057315
9763,0.0030995761044323444
9764,0.006998094730079174
9765,0.01313406229019165
9766,0.0036682956852018833
9767,0.006676360033452511
9768,0.007276718970388174
9769,0.0035047128330916166
9770,0.006032510660588741
9771,0.024487588554620743
9772,0.004787139594554901
9773,0.002864610403776169
9774,0.0160832442343235
9775,0.007019380107522011
9776,0.011724788695573807
9777,0.007180656306445599
9778,0.006102704908698797
9779,0.010693864896893501
9780,0.009916179813444614
9781,0.015430140309035778
9782,0.00704068411141634
9783,0.010510897263884544
9784,0.0028710083570331335
9785,0.005657650064677
9786,0.0074601443484425545
9787,0.0045062582939863205
9788,0.01121261715888977
9789,0.0060178241692483425
9790,0.011237322352826595
9791,0.009335199370980263
9792,0.020512958988547325
9793,0.006572311744093895
9794,0.015307038091123104
9795,0.017242655158042908
9796,0.0077751399949193
9797,0.012859275564551353
9798,0.009087554179131985
9799,0.010523895733058453
9800,0.0036583319306373596
9801,0.004160725511610508
9802,0.0034187468700110912
9803,0.0033054561354219913
9804,0.0038804342038929462
9805,0.010087274014949799
9806,0.006965256296098232
9807,0.00936168059706688
9808,0.008819269947707653
9809,0.0033540239091962576
9810,0.01602601632475853
9811,0.006700914353132248
9812,0.004953989293426275
9813,0.016622742637991905
9814,0.005015695467591286
9815,0.008490361273288727
9816,0.006223933771252632
9817,0.008874702267348766
9818,0.003963455557823181
9819,0.006946085952222347
9820,0.007442339323461056
9821,0.009158110246062279
9822,0.009032362140715122
9823,0.01532190851867199
9824,0.0025623333640396595
9825,0.00542656984180212
9826,0.0037407323252409697
9827,0.005919735878705978
9828,0.0057574547827243805
9829,0.009218903258442879
9830,0.0043827928602695465
9831,0.02003743126988411
9832,0.0038266011979430914
9833,0.0076148007065057755
9834,0.011956511996686459
9835,0.006522908806800842
9836,0.0032866874244064093
9837,0.007555411662906408
9838,0.009869414381682873
9839,0.009086688980460167
9840,0.005021754652261734
9841,0.00552333053201437
9842,0.005202729254961014
9843,0.015300820581614971
9844,0.015432732179760933
9845,0.02950875461101532
9846,0.01034650020301342
9847,0.011443453840911388
9848,0.004781734198331833
9849,0.012179329991340637
9850,0.003711216850206256
9851,0.004016505554318428
9852,0.008251842111349106
9853,0.004095013719052076
9854,0.005450417287647724
9855,0.006548750679939985
9856,0.007886188104748726
9857,0.014298364520072937
9858,0.012098403647542
9859,0.003995711915194988
9860,0.0028848350048065186
9861,0.010091003030538559
9862,0.006524217315018177
9863,0.004849832504987717
9864,0.006787092890590429
9865,0.008842630311846733
9866,0.008952858857810497
9867,0.004820462316274643
9868,0.006826310884207487
9869,0.00954830925911665
9870,0.007666106801480055
9871,0.009345954284071922
9872,0.00629989942535758
9873,0.004027572460472584
9874,0.008604181930422783
9875,0.009229707531630993
9876,0.0020770763512700796
9877,0.010847892612218857
9878,0.008778903633356094
9879,0.006440717726945877
9880,0.00799610372632742
9881,0.013733746483922005
9882,0.003108160337433219
9883,0.004347627051174641
9884,0.00832945853471756
9885,0.0016908844700083137
9886,0.011851239018142223
9887,0.007716100197285414
9888,0.007123816758394241
9889,0.006619574036449194
9890,0.008747890591621399
9891,0.005630519241094589
9892,0.00976574420928955
9893,0.006592445075511932
9894,0.0036923885345458984
9895,0.0045676566660404205
9896,0.002767713274806738
9897,0.004146794322878122
9898,0.006853969767689705
9899,0.0051788343116641045
9900,0.005220598541200161
9901,0.004948465619236231
9902,0.013443819247186184
9903,0.008154352195560932
9904,0.009989597834646702
9905,0.005359118804335594
9906,0.002431637840345502
9907,0.013635153882205486
9908,0.003700780216604471
9909,0.02556728944182396
9910,0.016605526208877563
9911,0.0031008829828351736
9912,0.002965572290122509
9913,0.007548417896032333
9914,0.013618755154311657
9915,0.010219217278063297
9916,0.006524165626615286
9917,0.0074815163388848305
9918,0.013215076178312302
9919,0.007097475230693817
9920,0.006710530258715153
9921,0.00934936385601759
9922,0.04466783627867699
9923,0.006831585429608822
9924,0.005776311736553907
9925,0.004124605096876621
9926,0.012139016762375832
9927,0.013875508680939674
9928,0.011883105151355267
9929,0.004684839863330126
9930,0.00891011394560337
9931,0.014325096271932125
9932,0.010739564895629883
9933,0.004436270333826542
9934,0.009839007630944252
9935,0.009147748351097107
9936,0.005406930111348629
9937,0.006121886894106865
9938,0.010551403276622295
9939,0.004141240380704403
9940,0.007395051419734955
9941,0.0030962552409619093
9942,0.013710759580135345
9943,0.015029753558337688
9944,0.006762498989701271
9945,0.008515361696481705
9946,0.006650808732956648
9947,0.011983300559222698
9948,0.00627859216183424
9949,0.0056762052699923515
9950,0.01145886443555355
9951,0.03267582505941391
9952,0.013881787657737732
9953,0.021288003772497177
9954,0.006766935344785452
9955,0.011186068877577782
9956,0.0051963478326797485
9957,0.007382536306977272
9958,0.013114764355123043
9959,0.008254753425717354
9960,0.011873285286128521
9961,0.01021549105644226
9962,0.006960232742130756
9963,0.00521158566698432
9964,0.0038589199539273977
9965,0.010635863058269024
9966,0.005965415388345718
9967,0.007369478698819876
9968,0.004994112998247147
9969,0.0063367909751832485
9970,0.007632998283952475
9971,0.005329163279384375
9972,0.008077990263700485
9973,0.0051610227674245834
9974,0.008316329680383205
9975,0.007676508277654648
9976,0.0092877596616745
9977,0.01799628883600235
9978,0.003291861154139042
9979,0.0160676222294569
9980,0.00862624030560255
9981,0.0023972499184310436
9982,0.006291141267865896
9983,0.0032029207795858383
9984,0.007212524302303791
9985,0.010311797261238098
9986,0.006227229721844196
9987,0.018138721585273743
9988,0.004641485866159201
9989,0.014053444378077984
9990,0.017246803268790245
9991,0.0035920310765504837
9992,0.006860743276774883
9993,0.007460287772119045
9994,0.0016741668805480003
9995,0.004988721571862698
9996,0.003363190218806267
9997,0.006916835904121399
9998,0.0051029096357524395
9999,0.007103140465915203
10000,0.0054186685010790825
10001,0.007072996348142624
10002,0.010785583406686783
10003,0.011144849471747875
10004,0.006903188303112984
10005,0.004515194799751043
10006,0.0087216692045331
10007,0.012715584598481655
10008,0.007264316082000732
10009,0.009675929322838783
10010,0.007956456393003464
10011,0.007758005987852812
10012,0.007546953856945038
10013,0.00718843936920166
10014,0.00848772656172514
10015,0.00932810828089714
10016,0.005957070738077164
10017,0.019467882812023163
10018,0.0074828509241342545
10019,0.00893505197018385
10020,0.009623579680919647
10021,0.005123721435666084
10022,0.003512047929689288
10023,0.0052063679322600365
10024,0.008103134110569954
10025,0.010716443881392479
10026,0.004413311835378408
10027,0.0027052233926951885
10028,0.004956110380589962
10029,0.005961052142083645
10030,0.008329493924975395
10031,0.007501204963773489
10032,0.0050290366634726524
10033,0.010057262144982815
10034,0.013851191848516464
10035,0.013351968489587307
10036,0.019949013367295265
10037,0.003363620024174452
10038,0.008813807740807533
10039,0.004439421929419041
10040,0.011489617638289928
10041,0.009326115250587463
10042,0.00697092991322279
10043,0.007882638834416866
10044,0.0047232056967914104
10045,0.0034568223636597395
10046,0.006227277219295502
10047,0.0155801922082901
10048,0.009075130335986614
10049,0.006387744098901749
10050,0.01271715760231018
10051,0.009806319139897823
10052,0.008593706414103508
10053,0.0044989390298724174
10054,0.008894110098481178
10055,0.013598941266536713
10056,0.005029371939599514
10057,0.00451203528791666
10058,0.014456409029662609
10059,0.044548943638801575
10060,0.007640941999852657
10061,0.02392948977649212
10062,0.01276580523699522
10063,0.004876258783042431
10064,0.0057480912655591965
10065,0.01996876299381256
10066,0.0028977165929973125
10067,0.004645931534469128
10068,0.005186040885746479
10069,0.010397762060165405
10070,0.004224354401230812
10071,0.004086710046976805
10072,0.0037791430950164795
10073,0.008498556911945343
10074,0.003186475485563278
10075,0.004450727254152298
10076,0.010339828208088875
10077,0.021461626514792442
10078,0.010029613971710205
10079,0.0027157459408044815
10080,0.0043028113432228565
10081,0.008389496244490147
10082,0.0032494720071554184
10083,0.012422194704413414
10084,0.004567560274153948
10085,0.010526364669203758
10086,0.006115318741649389
10087,0.0038407340180128813
10088,0.013186122290790081
10089,0.008391431532800198
10090,0.007120565976947546
10091,0.00584414741024375
10092,0.006002291105687618
10093,0.006407018750905991
10094,0.010409491136670113
10095,0.008512645028531551
10096,0.009958324022591114
10097,0.0071948012337088585
10098,0.008278625085949898
10099,0.008746225386857986
10100,0.011200766079127789
10101,0.004153279587626457
10102,0.016265785321593285
10103,0.0032537183724343777
10104,0.026600530371069908
10105,0.007939564995467663
10106,0.016946259886026382
10107,0.005193011835217476
10108,0.004186027683317661
10109,0.014556387439370155
10110,0.010479763150215149
10111,0.003848278895020485
10112,0.0067277150228619576
10113,0.018193352967500687
10114,0.004364783875644207
10115,0.011361347511410713
10116,0.009395092725753784
10117,0.008132204413414001
10118,0.00957527942955494
10119,0.0017966530285775661
10120,0.006140183657407761
10121,0.022738035768270493
10122,0.019465476274490356
10123,0.009130699560046196
10124,0.007863718084990978
10125,0.004075455479323864
10126,0.012492842972278595
10127,0.003593982197344303
10128,0.00678696995601058
10129,0.006856278516352177
10130,0.010042347013950348
10131,0.0060820612125098705
10132,0.006390802096575499
10133,0.005809766706079245
10134,0.005267150234431028
10135,0.010273992083966732
10136,0.0035941353999078274
10137,0.0041190264746546745
10138,0.00437452457845211
10139,0.0064379749819636345
10140,0.008681489154696465
10141,0.004718150477856398
10142,0.0020764945074915886
10143,0.00729596009477973
10144,0.017761271446943283
10145,0.009060954675078392
10146,0.005212539341300726
10147,0.018370963633060455
10148,0.0016992080491036177
10149,0.013909283094108105
10150,0.01352572999894619
10151,0.007203012239187956
10152,0.004778431728482246
10153,0.013548506423830986
10154,0.003559282748028636
10155,0.009216881357133389
10156,0.005938415881246328
10157,0.003892514854669571
10158,0.005350571125745773
10159,0.005526124965399504
10160,0.008779767900705338
10161,0.010038621723651886
10162,0.004806756507605314
10163,0.015461470000445843
10164,0.00903167575597763
10165,0.005651531275361776
10166,0.009388865903019905
10167,0.0058896467089653015
10168,0.008639439009130001
10169,0.00696856714785099
10170,0.011377262882888317
10171,0.006508971564471722
10172,0.0029238476417958736
10173,0.013654664158821106
10174,0.009106989949941635
10175,0.011614406481385231
10176,0.006043369881808758
10177,0.00643825251609087
10178,0.009167888201773167
10179,0.008567923679947853
10180,0.011290065012872219
10181,0.00824066437780857
10182,0.005592629313468933
10183,0.004637829028069973
10184,0.008034003898501396
10185,0.010224226862192154
10186,0.005804944783449173
10187,0.010377485305070877
10188,0.01802460104227066
10189,0.02862698584794998
10190,0.00725189596414566
10191,0.008105071261525154
10192,0.00525794830173254
10193,0.009988710284233093
10194,0.004302074667066336
10195,0.006059273146092892
10196,0.016836097463965416
10197,0.0073278481140732765
10198,0.007183394394814968
10199,0.003669864498078823
10200,0.0022189398296177387
10201,0.01621108502149582
10202,0.01351126842200756
10203,0.00622792262583971
10204,0.015134865418076515
10205,0.010757124982774258
10206,0.004180904012173414
10207,0.004615993704646826
10208,0.0045465147122740746
10209,0.011000449769198895
10210,0.0072261132299900055
10211,0.009814895689487457
10212,0.006388012319803238
10213,0.0055427937768399715
10214,0.010389537550508976
10215,0.011993786320090294
10216,0.012720093131065369
10217,0.005999167449772358
10218,0.005650441627949476
10219,0.016261689364910126
10220,0.004186905454844236
10221,0.007806445937603712
10222,0.009363390505313873
10223,0.010385297238826752
10224,0.01034005917608738
10225,0.006284828297793865
10226,0.0096583291888237
10227,0.011453919112682343
10228,0.003323117271065712
10229,0.015087701380252838
10230,0.00947241298854351
10231,0.004039665684103966
10232,0.01733427867293358
10233,0.004928873386234045
10234,0.008435631170868874
10235,0.005350060295313597
10236,0.00985786784440279
10237,0.006735331378877163
10238,0.010507484897971153
10239,0.0043568797409534454
10240,0.004321263171732426
10241,0.003466100199148059
10242,0.010321700014173985
10243,0.007528926711529493
10244,0.0035774330608546734
10245,0.005396018736064434
10246,0.005354762077331543
10247,0.02448718063533306
10248,0.003937642090022564
10249,0.0032534035854041576
10250,0.007012949790805578
10251,0.010996408760547638
10252,0.0031619127839803696
10253,0.006367824971675873
10254,0.007521557621657848
10255,0.008193553425371647
10256,0.007622988428920507
10257,0.0038511722814291716
10258,0.005562724079936743
10259,0.0029086656868457794
10260,0.017629198729991913
10261,0.007582759018987417
10262,0.0037853948306292295
10263,0.01557491160929203
10264,0.006908114068210125
10265,0.049722205847501755
10266,0.005273781251162291
10267,0.005959679838269949
10268,0.012662301771342754
10269,0.008445724844932556
10270,0.003691054880619049
10271,0.017584873363375664
10272,0.009346665814518929
10273,0.015911636874079704
10274,0.013022216968238354
10275,0.009652035310864449
10276,0.019209330901503563
10277,0.002499581314623356
10278,0.01368450652807951
10279,0.031417153775691986
10280,0.013411415740847588
10281,0.007716809399425983
10282,0.011392652988433838
10283,0.004913618788123131
10284,0.004634266719222069
10285,0.007324519567191601
10286,0.006948051042854786
10287,0.006380503997206688
10288,0.0034001730382442474
10289,0.003896897193044424
10290,0.012456811964511871
10291,0.003818164113909006
10292,0.004673655144870281
10293,0.004771882202476263
10294,0.021057739853858948
10295,0.006542845629155636
10296,0.01031709648668766
10297,0.00883080717176199
10298,0.011506505310535431
10299,0.005752790719270706
10300,0.010362708941102028
10301,0.007910375483334064
10302,0.006818239577114582
10303,0.00881525781005621
10304,0.0015633925795555115
10305,0.006240959744900465
10306,0.011100995354354382
10307,0.008978728204965591
10308,0.0020658192224800587
10309,0.004498911555856466
10310,0.0067175691947340965
10311,0.012031640857458115
10312,0.004115627147257328
10313,0.004746326245367527
10314,0.00790746882557869
10315,0.006158954463899136
10316,0.00335306441411376
10317,0.009005231782793999
10318,0.0028473716229200363
10319,0.0061850473284721375
10320,0.0040804361924529076
10321,0.004083291627466679
10322,0.004646660294383764
10323,0.017532750964164734
10324,0.017275668680667877
10325,0.006924660876393318
10326,0.007590932305902243
10327,0.005134341772645712
10328,0.002547863405197859
10329,0.005889852996915579
10330,0.012965751811861992
10331,0.0043589770793914795
10332,0.010018514469265938
10333,0.013402457349002361
10334,0.005826672073453665
10335,0.019680997356772423
10336,0.005189881660044193
10337,0.0030785170383751392
10338,0.012275941669940948
10339,0.010049644857645035
10340,0.011133959516882896
10341,0.004972218070179224
10342,0.009402654133737087
10343,0.01811244897544384
10344,0.004287397488951683
10345,0.007264420390129089
10346,0.008889070712029934
10347,0.00657832995057106
10348,0.006254684180021286
10349,0.009396536275744438
10350,0.013081851415336132
10351,0.013364378362894058
10352,0.0033388431183993816
10353,0.008382021449506283
10354,0.012337501160800457
10355,0.011284742504358292
10356,0.0067878179252147675
10357,0.005894776433706284
10358,0.012194434180855751
10359,0.009646348655223846
10360,0.005234928335994482
10361,0.0051149711944162846
10362,0.011214856058359146
10363,0.00384683720767498
10364,0.015180198475718498
10365,0.012850185856223106
10366,0.005770500749349594
10367,0.009461047127842903
10368,0.02878308668732643
10369,0.005484608467668295
10370,0.0025222888216376305
10371,0.014932161197066307
10372,0.0074302442371845245
10373,0.008744662627577782
10374,0.006332624237984419
10375,0.014813433401286602
10376,0.004477522801607847
10377,0.0037782422732561827
10378,0.010249832645058632
10379,0.00965871475636959
10380,0.007847434841096401
10381,0.006959537975490093
10382,0.0039020529948174953
10383,0.007479432504624128
10384,0.010703019797801971
10385,0.021094007417559624
10386,0.005848482251167297
10387,0.007368709892034531
10388,0.012560596689581871
10389,0.005316614173352718
10390,0.011646728962659836
10391,0.009768690913915634
10392,0.00866674818098545
10393,0.004223409574478865
10394,0.0028919740580022335
10395,0.008051212877035141
10396,0.005310661159455776
10397,0.00935318972915411
10398,0.014173801988363266
10399,0.008919931948184967
10400,0.0036067520268261433
10401,0.011713718995451927
10402,0.01245405524969101
10403,0.007714979350566864
10404,0.01801314949989319
10405,0.006969034671783447
10406,0.009019967168569565
10407,0.012110022827982903
10408,0.012250557541847229
10409,0.01135005708783865
10410,0.01278596930205822
10411,0.008068093098700047
10412,0.004504119046032429
10413,0.0033999986480921507
10414,0.005252432078123093
10415,0.003580380929633975
10416,0.004331200383603573
10417,0.005764439702033997
10418,0.005331392399966717
10419,0.019315851852297783
10420,0.00782269611954689
10421,0.007436787243932486
10422,0.01066802442073822
10423,0.008829220198094845
10424,0.003643061500042677
10425,0.008271417580544949
10426,0.004339402541518211
10427,0.007253154180943966
10428,0.00967143103480339
10429,0.00555356964468956
10430,0.006550574209541082
10431,0.004528363235294819
10432,0.009066794067621231
10433,0.015959009528160095
10434,0.015013106167316437
10435,0.013504324480891228
10436,0.027007125318050385
10437,0.012945078313350677
10438,0.015396913513541222
10439,0.005474567413330078
10440,0.00463644415140152
10441,0.0077867149375379086
10442,0.0029410552233457565
10443,0.017569351941347122
10444,0.007381758652627468
10445,0.005594819784164429
10446,0.006106800399720669
10447,0.002851935802027583
10448,0.0030784225091338158
10449,0.01268957369029522
10450,0.0036869316827505827
10451,0.008793985471129417
10452,0.007090836763381958
10453,0.012645704671740532
10454,0.003410197328776121
10455,0.006649856921285391
10456,0.01025934424251318
10457,0.014569021761417389
10458,0.008639950305223465
10459,0.0036509453784674406
10460,0.004007714334875345
10461,0.009323600679636002
10462,0.0070146373473107815
10463,0.010299600660800934
10464,0.006029363721609116
10465,0.0035298545844852924
10466,0.005642997100949287
10467,0.0040421015582978725
10468,0.00568273663520813
10469,0.00901731662452221
10470,0.005071757361292839
10471,0.009346229955554008
10472,0.006781783886253834
10473,0.00427910266444087
10474,0.008925527334213257
10475,0.004564349539577961
10476,0.007023648824542761
10477,0.014965301379561424
10478,0.008783894591033459
10479,0.012142280116677284
10480,0.0025862413458526134
10481,0.0069984691217541695
10482,0.009586683474481106
10483,0.008669016882777214
10484,0.00623338483273983
10485,0.0071697114035487175
10486,0.0021801500115543604
10487,0.00788413267582655
10488,0.01084298174828291
10489,0.0026366151869297028
10490,0.010024438612163067
10491,0.00794911291450262
10492,0.005714378319680691
10493,0.007601551711559296
10494,0.0037563457153737545
10495,0.003147069364786148
10496,0.013805260881781578
10497,0.009668594226241112
10498,0.003244187217205763
10499,0.004207437392324209
10500,0.012062178924679756
10501,0.010056018829345703
10502,0.010365448892116547
10503,0.01065525971353054
10504,0.015485741198062897
10505,0.010254688560962677
10506,0.0036736209876835346
10507,0.0018146976362913847
10508,0.014150912873446941
10509,0.007238175254315138
10510,0.01196410320699215
10511,0.013447185978293419
10512,0.013480767607688904
10513,0.005528606474399567
10514,0.004104800522327423
10515,0.00267293443903327
10516,0.008707966655492783
10517,0.011897667311131954
10518,0.014399386942386627
10519,0.006254646461457014
10520,0.011327254585921764
10521,0.0030886137392371893
10522,0.007769668009132147
10523,0.00938748475164175
10524,0.006625379901379347
10525,0.0038751387037336826
10526,0.003704601665958762
10527,0.008102400228381157
10528,0.006609233096241951
10529,0.030716877430677414
10530,0.011294486932456493
10531,0.006732780020684004
10532,0.004949610680341721
10533,0.005651496350765228
10534,0.007126915268599987
10535,0.006564249750226736
10536,0.009776013903319836
10537,0.0073813884519040585
10538,0.008434368297457695
10539,0.013598775491118431
10540,0.01694597490131855
10541,0.009334656409919262
10542,0.00746951624751091
10543,0.006188554223626852
10544,0.018750039860606194
10545,0.008417749777436256
10546,0.00744583597406745
10547,0.005556197836995125
10548,0.004540489986538887
10549,0.00990993995219469
10550,0.009275282733142376
10551,0.001823715283535421
10552,0.0040240660309791565
10553,0.01309116743505001
10554,0.006145167164504528
10555,0.003837152849882841
10556,0.005712614860385656
10557,0.027379542589187622
10558,0.009245213121175766
10559,0.009241150692105293
10560,0.030577674508094788
10561,0.004303596448153257
10562,0.0043214065954089165
10563,0.004744551610201597
10564,0.007843684405088425
10565,0.005446858704090118
10566,0.0025485106743872166
10567,0.01377243734896183
10568,0.00311092846095562
10569,0.006213796325027943
10570,0.0054003335535526276
10571,0.02227146178483963
10572,0.005874115973711014
10573,0.009492464363574982
10574,0.00854491163045168
10575,0.006543350871652365
10576,0.01589537411928177
10577,0.008691340684890747
10578,0.0045507559552788734
10579,0.009332340210676193
10580,0.00488158967345953
10581,0.009339520707726479
10582,0.002656558295711875
10583,0.006819427013397217
10584,0.0036317880731076
10585,0.005606601946055889
10586,0.017210740596055984
10587,0.01992174983024597
10588,0.0076221986673772335
10589,0.007321486249566078
10590,0.008205614052712917
10591,0.017800068482756615
10592,0.010716083459556103
10593,0.007512181997299194
10594,0.007408219389617443
10595,0.004732232075184584
10596,0.011585338041186333
10597,0.017545966431498528
10598,0.009272857569158077
10599,0.008321895264089108
10600,0.005019794683903456
10601,0.01321110688149929
10602,0.007000816520303488
10603,0.01218269020318985
10604,0.005835293792188168
10605,0.006559021770954132
10606,0.017910026013851166
10607,0.007908849976956844
10608,0.008037514984607697
10609,0.0038315127603709698
10610,0.002557713072746992
10611,0.015454346314072609
10612,0.009812755510210991
10613,0.00509618828073144
10614,0.009770024567842484
10615,0.006262663751840591
10616,0.003559001488611102
10617,0.008321955800056458
10618,0.008788613602519035
10619,0.00526613462716341
10620,0.0026148739270865917
10621,0.004718908574432135
10622,0.012945275753736496
10623,0.0072640045545995235
10624,0.013530176132917404
10625,0.008254341781139374
10626,0.020824937149882317
10627,0.0038916151970624924
10628,0.0011836157646030188
10629,0.00585856381803751
10630,0.0117421206086874
10631,0.02731005661189556
10632,0.009804378263652325
10633,0.008878356777131557
10634,0.012178248725831509
10635,0.006687098182737827
10636,0.01788410171866417
10637,0.0077710202895104885
10638,0.013253618031740189
10639,0.0135290352627635
10640,0.004642832092940807
10641,0.012363126501441002
10642,0.02242337167263031
10643,0.01417554821819067
10644,0.01241337787359953
10645,0.005218218546360731
10646,0.008084185421466827
10647,0.007624288555234671
10648,0.006800628732889891
10649,0.005441754590719938
10650,0.006401543505489826
10651,0.004375034477561712
10652,0.011867687106132507
10653,0.005059664603322744
10654,0.010164308361709118
10655,0.006089609116315842
10656,0.004358278587460518
10657,0.0049009257927536964
10658,0.0035195443779230118
10659,0.007780585438013077
10660,0.008422824554145336
10661,0.015368364751338959
10662,0.010366173461079597
10663,0.0054741124622523785
10664,0.006295523606240749
10665,0.014924688264727592
10666,0.013751571998000145
10667,0.007702441420406103
10668,0.008182606659829617
10669,0.010066621005535126
10670,0.0065950145944952965
10671,0.007074200548231602
10672,0.007286355830729008
10673,0.0040969038382172585
10674,0.00687229260802269
10675,0.004296938888728619
10676,0.006449987646192312
10677,0.005320142954587936
10678,0.010673469863831997
10679,0.01305379532277584
10680,0.008089488372206688
10681,0.005103313829749823
10682,0.007656711153686047
10683,0.03357507288455963
10684,0.024295425042510033
10685,0.003055831417441368
10686,0.006929336115717888
10687,0.00550908362492919
10688,0.007154834922403097
10689,0.007558928802609444
10690,0.005662243813276291
10691,0.0038063935935497284
10692,0.016807278618216515
10693,0.01477582287043333
10694,0.005609254352748394
10695,0.004530231934040785
10696,0.00430673873052001
10697,0.007528485264629126
10698,0.004001484718173742
10699,0.011587630026042461
10700,0.003864081110805273
10701,0.007190375588834286
10702,0.00677706440910697
10703,0.011138685047626495
10704,0.002931635593995452
10705,0.013440944254398346
10706,0.003809826448559761
10707,0.013631153851747513
10708,0.0055200750939548016
10709,0.013781486079096794
10710,0.01333986409008503
10711,0.01409145724028349
10712,0.0048095728270709515
10713,0.005149165168404579
10714,0.006043219473212957
10715,0.006453423760831356
10716,0.007517903111875057
10717,0.002757146954536438
10718,0.005481976084411144
10719,0.02067541889846325
10720,0.010636369697749615
10721,0.010865554213523865
10722,0.01204822026193142
10723,0.009941158816218376
10724,0.005715215113013983
10725,0.004069474991410971
10726,0.0067605553194880486
10727,0.009559989906847477
10728,0.005136421881616116
10729,0.006879774387925863
10730,0.003576042829081416
10731,0.004817458800971508
10732,0.0068090492859482765
10733,0.01885063759982586
10734,0.016947835683822632
10735,0.018052246421575546
10736,0.007034798618406057
10737,0.013581517152488232
10738,0.0036995122209191322
10739,0.0054398588836193085
10740,0.008420400321483612
10741,0.005407721735537052
10742,0.013845052570104599
10743,0.004069879651069641
10744,0.0044339848682284355
10745,0.004278894513845444
10746,0.008364506997168064
10747,0.007811318151652813
10748,0.006044874899089336
10749,0.008285021409392357
10750,0.010352866724133492
10751,0.011344058439135551
10752,0.01654709130525589
10753,0.017837872728705406
10754,0.005132171791046858
10755,0.002131878165528178
10756,0.0071583217941224575
10757,0.00492466613650322
10758,0.016638442873954773
10759,0.004851535893976688
10760,0.004763300996273756
10761,0.006149780936539173
10762,0.01357614528387785
10763,0.011714665219187737
10764,0.003877743612974882
10765,0.016470588743686676
10766,0.014298680238425732
10767,0.005062703974545002
10768,0.014147497713565826
10769,0.004235190339386463
10770,0.00683404877781868
10771,0.004247513599693775
10772,0.004377519246190786
10773,0.0056419214233756065
10774,0.008819971233606339
10775,0.0241529680788517
10776,0.009494218975305557
10777,0.01193321868777275
10778,0.00453587993979454
10779,0.008626239374279976
10780,0.003059893846511841
10781,0.005624405108392239
10782,0.0023723305203020573
10783,0.0104786716401577
10784,0.008447220548987389
10785,0.007598796393722296
10786,0.008935748599469662
10787,0.0034591923467814922
10788,0.01063476037234068
10789,0.00840965285897255
10790,0.01477543544024229
10791,0.0029142978601157665
10792,0.0024734148755669594
10793,0.006449913140386343
10794,0.008860988542437553
10795,0.0058603230863809586
10796,0.004509735386818647
10797,0.014009779319167137
10798,0.005511047318577766
10799,0.006639075931161642
10800,0.0031722187995910645
10801,0.013465674594044685
10802,0.012333478778600693
10803,0.014820747077465057
10804,0.0048146857880055904
10805,0.00837411917746067
10806,0.009920765645802021
10807,0.006043005734682083
10808,0.006296440027654171
10809,0.003449096344411373
10810,0.02052810601890087
10811,0.005036693066358566
10812,0.01318691298365593
10813,0.007649999111890793
10814,0.01195535622537136
10815,0.010143235325813293
10816,0.007042619399726391
10817,0.008936651051044464
10818,0.005308934487402439
10819,0.007997778244316578
10820,0.014006514102220535
10821,0.007079217582941055
10822,0.0065172044560313225
10823,0.006144059356302023
10824,0.012865183874964714
10825,0.014277329668402672
10826,0.004006858449429274
10827,0.008219730108976364
10828,0.006394711323082447
10829,0.007137419190257788
10830,0.008735863491892815
10831,0.012039519846439362
10832,0.023763354867696762
10833,0.0058222441002726555
10834,0.013148050755262375
10835,0.005689587444067001
10836,0.008630355820059776
10837,0.004639109596610069
10838,0.009223765693604946
10839,0.0072233472019433975
10840,0.004313510376960039
10841,0.010372268036007881
10842,0.005270136054605246
10843,0.004972183145582676
10844,0.006083096377551556
10845,0.004552289377897978
10846,0.006676161661744118
10847,0.006929062306880951
10848,0.018290925770998
10849,0.007397226057946682
10850,0.008550414815545082
10851,0.004237678833305836
10852,0.0029495235066860914
10853,0.00731998635455966
10854,0.003128134412690997
10855,0.01596963405609131
10856,0.004839813802391291
10857,0.02382582798600197
10858,0.010420067235827446
10859,0.0036842140834778547
10860,0.0036677427124232054
10861,0.00601467490196228
10862,0.009013952687382698
10863,0.008504342287778854
10864,0.00919370912015438
10865,0.009681487455964088
10866,0.004275243729352951
10867,0.003039394970983267
10868,0.005638399627059698
10869,0.00862074177712202
10870,0.005383684299886227
10871,0.007499620318412781
10872,0.00690698204562068
10873,0.00849625002592802
10874,0.008487851358950138
10875,0.004800974857062101
10876,0.00640661409124732
10877,0.027783913537859917
10878,0.011666074395179749
10879,0.0038055013865232468
10880,0.010440103709697723
10881,0.004370058886706829
10882,0.010095285251736641
10883,0.01794244349002838
10884,0.009167846292257309
10885,0.005040591582655907
10886,0.004158372059464455
10887,0.006409928202629089
10888,0.012188395485281944
10889,0.0065540894865989685
10890,0.014180741272866726
10891,0.00402793800458312
10892,0.0051444717682898045
10893,0.015017662197351456
10894,0.011745910160243511
10895,0.005604973994195461
10896,0.011104456149041653
10897,0.008471522480249405
10898,0.006345418747514486
10899,0.0039738938212394714
10900,0.006729788146913052
10901,0.009378492832183838
10902,0.011905839666724205
10903,0.0038382126949727535
10904,0.005825076252222061
10905,0.013964973390102386
10906,0.004606321454048157
10907,0.01285233162343502
10908,0.0031975163146853447
10909,0.006193372420966625
10910,0.008728467859327793
10911,0.0031217108480632305
10912,0.02643734961748123
10913,0.007246135734021664
10914,0.005877790041267872
10915,0.015853356570005417
10916,0.011076599359512329
10917,0.01661103591322899
10918,0.008063407614827156
10919,0.009568318724632263
10920,0.013925029896199703
10921,0.027585087344050407
10922,0.0100634740665555
10923,0.009916076436638832
10924,0.00348140811547637
10925,0.006484388839453459
10926,0.014806726947426796
10927,0.01775461435317993
10928,0.012555547058582306
10929,0.007882684469223022
10930,0.017078761011362076
10931,0.022930940613150597
10932,0.0060818372294306755
10933,0.024201150983572006
10934,0.006457075476646423
10935,0.009916657581925392
10936,0.0025324192829430103
10937,0.0058771586045622826
10938,0.006682108622044325
10939,0.005494268145412207
10940,0.007362724747508764
10941,0.008534228429198265
10942,0.010943765752017498
10943,0.004993956536054611
10944,0.036933861672878265
10945,0.016721084713935852
10946,0.0074104079976677895
10947,0.008114760741591454
10948,0.012248111888766289
10949,0.004319676663726568
10950,0.010974260978400707
10951,0.004517632536590099
10952,0.007500886917114258
10953,0.01035543717443943
10954,0.00510718859732151
10955,0.005485481582581997
10956,0.01082652248442173
10957,0.009019246324896812
10958,0.010863940231502056
10959,0.005806826055049896
10960,0.009856732562184334
10961,0.0056292228400707245
10962,0.004640259779989719
10963,0.007858945056796074
10964,0.009591566398739815
10965,0.0105378283187747
10966,0.009002111852169037
10967,0.005934666842222214
10968,0.0037711989134550095
10969,0.014109235256910324
10970,0.004999302327632904
10971,0.013551476411521435
10972,0.006767583545297384
10973,0.004754473455250263
10974,0.0029810555279254913
10975,0.008104735985398293
10976,0.007779802195727825
10977,0.02306520566344261
10978,0.005228131078183651
10979,0.005722514353692532
10980,0.0031801003497093916
10981,0.009386918507516384
10982,0.010757148265838623
10983,0.0029184632003307343
10984,0.005053630098700523
10985,0.003559260396286845
10986,0.0062371958047151566
10987,0.008318898268043995
10988,0.005824561230838299
10989,0.007166014518588781
10990,0.0032508927397429943
10991,0.00761615252122283
10992,0.005904925521463156
10993,0.008038419298827648
10994,0.00685185007750988
10995,0.003374970518052578
10996,0.005948135629296303
10997,0.011515694670379162
10998,0.007295583374798298
10999,0.008374295197427273
11000,0.0035707473289221525
11001,0.018014460802078247
11002,0.01312277466058731
11003,0.005655199289321899
11004,0.006600734777748585
11005,0.013677656650543213
11006,0.009593866765499115
11007,0.005966354161500931
11008,0.004458213225007057
11009,0.009075948037207127
11010,0.0036076249089092016
11011,0.00854426808655262
11012,0.004067160654813051
11013,0.006751495413482189
11014,0.008042307570576668
11015,0.009829924441874027
11016,0.009246326982975006
11017,0.007675766944885254
11018,0.012378808110952377
11019,0.007334308233112097
11020,0.014909407123923302
11021,0.0046575372107326984
11022,0.0038228826597332954
11023,0.006392947398126125
11024,0.012872010469436646
11025,0.006629426032304764
11026,0.01466409396380186
11027,0.00958673469722271
11028,0.021742647513747215
11029,0.005012469366192818
11030,0.00981486402451992
11031,0.012811636552214622
11032,0.004751050844788551
11033,0.006325490307062864
11034,0.007458957843482494
11035,0.010251723229885101
11036,0.0051502506248652935
11037,0.0038724723272025585
11038,0.008854612708091736
11039,0.009182197973132133
11040,0.004966020584106445
11041,0.020733166486024857
11042,0.01246619876474142
11043,0.007990575395524502
11044,0.004711609333753586
11045,0.01416716631501913
11046,0.00738905742764473
11047,0.01117943599820137
11048,0.010228229686617851
11049,0.021961286664009094
11050,0.007991800084710121
11051,0.00873593334108591
11052,0.02382679283618927
11053,0.005948852282017469
11054,0.008440202102065086
11055,0.005419667810201645
11056,0.01030280627310276
11057,0.004914065822958946
11058,0.006507483776658773
11059,0.007349754683673382
11060,0.010734847746789455
11061,0.00567663973197341
11062,0.007348868064582348
11063,0.008743859827518463
11064,0.006443401332944632
11065,0.009417835623025894
11066,0.002830312354490161
11067,0.01819690503180027
11068,0.010488077998161316
11069,0.014758369885385036
11070,0.008559898473322392
11071,0.0066345310769975185
11072,0.006855345331132412
11073,0.007679722271859646
11074,0.011800448410212994
11075,0.007424113806337118
11076,0.004156487062573433
11077,0.0030265268869698048
11078,0.013757150620222092
11079,0.005149334669113159
11080,0.020910482853651047
11081,0.010051106102764606
11082,0.005655722692608833
11083,0.009987004101276398
11084,0.0100873913615942
11085,0.011087181977927685
11086,0.0023184840101748705
11087,0.010232402011752129
11088,0.005704441107809544
11089,0.006170579232275486
11090,0.006869866978377104
11091,0.012293673120439053
11092,0.004002898465842009
11093,0.0020628399215638638
11094,0.008295325562357903
11095,0.00633629597723484
11096,0.0033696384634822607
11097,0.004319524858146906
11098,0.004962174221873283
11099,0.01980203576385975
11100,0.015764977782964706
11101,0.005498125217854977
11102,0.028521619737148285
11103,0.0026448704302310944
11104,0.020647183060646057
11105,0.006169364787638187
11106,0.007897612638771534
11107,0.00956565048545599
11108,0.005979690235108137
11109,0.00839040707796812
11110,0.009931270033121109
11111,0.006810364313423634
11112,0.004246595781296492
11113,0.005662356503307819
11114,0.0099630793556571
11115,0.0049758669920265675
11116,0.005745588801801205
11117,0.008520439267158508
11118,0.010454118251800537
11119,0.020022764801979065
11120,0.008008260279893875
11121,0.006435771938413382
11122,0.007185086607933044
11123,0.013573482632637024
11124,0.0071368105709552765
11125,0.010456554591655731
11126,0.011591320857405663
11127,0.004940574057400227
11128,0.003973575308918953
11129,0.004703070502728224
11130,0.0099653210490942
11131,0.005632395856082439
11132,0.007682339288294315
11133,0.005404113791882992
11134,0.00649095606058836
11135,0.004847403150051832
11136,0.024302028119564056
11137,0.0067932382225990295
11138,0.004640316125005484
11139,0.012052464298903942
11140,0.006370292045176029
11141,0.007627447601407766
11142,0.012126490473747253
11143,0.005462405737489462
11144,0.005925728939473629
11145,0.0015090471133589745
11146,0.010886340402066708
11147,0.008561760187149048
11148,0.010555526241660118
11149,0.005615870468318462
11150,0.010379845276474953
11151,0.01400410383939743
11152,0.021271955221891403
11153,0.0073863184079527855
11154,0.010128850117325783
11155,0.009157909080386162
11156,0.012850964441895485
11157,0.013753152452409267
11158,0.0059079742059111595
11159,0.014734812080860138
11160,0.004680565558373928
11161,0.01650860346853733
11162,0.006662772502750158
11163,0.007859665900468826
11164,0.008234824053943157
11165,0.008711939677596092
11166,0.0077627296559512615
11167,0.007411370053887367
11168,0.006543016992509365
11169,0.006011660676449537
11170,0.004645367152988911
11171,0.009518241509795189
11172,0.00595878018066287
11173,0.012479588389396667
11174,0.01934671215713024
11175,0.010435782372951508
11176,0.0027279106434434652
11177,0.004926346708089113
11178,0.00724421814084053
11179,0.010805873200297356
11180,0.007937218993902206
11181,0.007912671193480492
11182,0.0035381289198994637
11183,0.010275517590343952
11184,0.009102954529225826
11185,0.008080370724201202
11186,0.00458497554063797
11187,0.005829924251884222
11188,0.005359314382076263
11189,0.00392984040081501
11190,0.0031350934877991676
11191,0.005643839947879314
11192,0.042629342526197433
11193,0.0021254185121506453
11194,0.00560209434479475
11195,0.004880749620497227
11196,0.007185255642980337
11197,0.01126199122518301
11198,0.006225788500159979
11199,0.008570436388254166
11200,0.004857319872826338
11201,0.0058317165821790695
11202,0.004299205727875233
11203,0.004225851967930794
11204,0.003651570063084364
11205,0.010592257604002953
11206,0.016290701925754547
11207,0.00600501149892807
11208,0.007874696515500546
11209,0.005851389840245247
11210,0.008118027821183205
11211,0.006144569721072912
11212,0.003771761432290077
11213,0.006022909190505743
11214,0.004168475978076458
11215,0.008204421028494835
11216,0.00518856942653656
11217,0.005354288034141064
11218,0.002995068207383156
11219,0.0062096635811030865
11220,0.024971410632133484
11221,0.009081493131816387
11222,0.006389799993485212
11223,0.017328543588519096
11224,0.00697503425180912
11225,0.012208881787955761
11226,0.010753272101283073
11227,0.01675393432378769
11228,0.029898930341005325
11229,0.005897204391658306
11230,0.0036156398709863424
11231,0.00998452864587307
11232,0.0076468149200081825
11233,0.005148051306605339
11234,0.0047698477283120155
11235,0.006673536263406277
11236,0.010837904177606106
11237,0.006154335103929043
11238,0.012440567836165428
11239,0.005427751690149307
11240,0.0040632570162415504
11241,0.0064573632553219795
11242,0.007375867571681738
11243,0.004749546758830547
11244,0.014337297528982162
11245,0.010466227307915688
11246,0.010112756863236427
11247,0.002962868195027113
11248,0.0031949018593877554
11249,0.00408212561160326
11250,0.005145351868122816
11251,0.005086882971227169
11252,0.0024178409948945045
11253,0.008083073422312737
11254,0.005782903637737036
11255,0.008556600660085678
11256,0.006584051996469498
11257,0.005958502646535635
11258,0.01754394732415676
11259,0.008083616383373737
11260,0.004829663783311844
11261,0.004683088511228561
11262,0.0033000241965055466
11263,0.01111147366464138
11264,0.008726149797439575
11265,0.0037536583840847015
11266,0.008109667338430882
11267,0.006731564179062843
11268,0.011767782270908356
11269,0.002593054436147213
11270,0.006572015583515167
11271,0.008984388783574104
11272,0.015845168381929398
11273,0.008004109375178814
11274,0.004732997622340918
11275,0.017482832074165344
11276,0.006689819507300854
11277,0.016671307384967804
11278,0.006010974757373333
11279,0.0058833882212638855
11280,0.011472291313111782
11281,0.006102181971073151
11282,0.002155001973733306
11283,0.01175087969750166
11284,0.004426430910825729
11285,0.014435572549700737
11286,0.009663715958595276
11287,0.007140868343412876
11288,0.0117742158472538
11289,0.004506431054323912
11290,0.00260140304453671
11291,0.0030065325554460287
11292,0.006163043435662985
11293,0.01018105261027813
11294,0.006584214977920055
11295,0.004260874353349209
11296,0.0035858561750501394
11297,0.004961238242685795
11298,0.006274448242038488
11299,0.005021288059651852
11300,0.008546752855181694
11301,0.0025182394310832024
11302,0.00504633504897356
11303,0.01381027139723301
11304,0.008978799916803837
11305,0.006208937615156174
11306,0.00430726632475853
11307,0.005041131749749184
11308,0.01697302982211113
11309,0.004606949631124735
11310,0.009204509668052197
11311,0.002407421125099063
11312,0.024355128407478333
11313,0.011636940762400627
11314,0.011934265494346619
11315,0.025504648685455322
11316,0.0064502889290452
11317,0.006575975567102432
11318,0.008978098630905151
11319,0.010615434497594833
11320,0.00772962998598814
11321,0.009689407423138618
11322,0.005727769806981087
11323,0.007871958427131176
11324,0.013752689585089684
11325,0.02102573774755001
11326,0.008557198569178581
11327,0.007628694176673889
11328,0.010233490727841854
11329,0.012733004987239838
11330,0.00214898562990129
11331,0.005659579299390316
11332,0.006385433487594128
11333,0.017405470833182335
11334,0.005629602819681168
11335,0.006075544282793999
11336,0.008536114357411861
11337,0.009493911638855934
11338,0.014741867780685425
11339,0.005286990664899349
11340,0.002103956649079919
11341,0.006895910948514938
11342,0.009844849817454815
11343,0.005531278904527426
11344,0.0060322037898004055
11345,0.00472521036863327
11346,0.008316359482705593
11347,0.006300792098045349
11348,0.01069590263068676
11349,0.004600643180310726
11350,0.004345429129898548
11351,0.006456826813519001
11352,0.00961011741310358
11353,0.030637305229902267
11354,0.007535447832196951
11355,0.004835410974919796
11356,0.00504791596904397
11357,0.01319478452205658
11358,0.00775856152176857
11359,0.003945568576455116
11360,0.006475525908172131
11361,0.012426676228642464
11362,0.008976830169558525
11363,0.007411285303533077
11364,0.003211256815120578
11365,0.0033859540708363056
11366,0.00996796041727066
11367,0.003475311677902937
11368,0.011045856401324272
11369,0.009126872755587101
11370,0.004281885456293821
11371,0.01015440933406353
11372,0.01599009707570076
11373,0.009916339069604874
11374,0.012118266895413399
11375,0.003566223196685314
11376,0.007362999953329563
11377,0.0065566617995500565
11378,0.009517688304185867
11379,0.008590558543801308
11380,0.003277429146692157
11381,0.007985823787748814
11382,0.007629710249602795
11383,0.008527993224561214
11384,0.015331769362092018
11385,0.014086326584219933
11386,0.006326842587441206
11387,0.009332980960607529
11388,0.020565684884786606
11389,0.009104851633310318
11390,0.004608418792486191
11391,0.01549211423844099
11392,0.006650551222264767
11393,0.006499079521745443
11394,0.0040334779769182205
11395,0.008724655024707317
11396,0.009689778089523315
11397,0.0032140384428203106
11398,0.005644700489938259
11399,0.00887576024979353
11400,0.00904896017163992
11401,0.010785049758851528
11402,0.00610953476279974
11403,0.0062985955737531185
11404,0.012285681441426277
11405,0.008595089428126812
11406,0.02742147445678711
11407,0.0025907433591783047
11408,0.002894243225455284
11409,0.007786320056766272
11410,0.04056699573993683
11411,0.013256940059363842
11412,0.024359025061130524
11413,0.004563077352941036
11414,0.008644739165902138
11415,0.008382135070860386
11416,0.004042656626552343
11417,0.012078672647476196
11418,0.044918403029441833
11419,0.016141377389431
11420,0.011125510558485985
11421,0.0055293976329267025
11422,0.0058241612277925014
11423,0.013643300160765648
11424,0.007196392863988876
11425,0.015100355260074139
11426,0.007937918417155743
11427,0.009749039076268673
11428,0.013147169724106789
11429,0.004528647288680077
11430,0.01082148402929306
11431,0.010506018064916134
11432,0.01440398395061493
11433,0.00943437498062849
11434,0.0060799638740718365
11435,0.01021121721714735
11436,0.00402482133358717
11437,0.005778842605650425
11438,0.011422800831496716
11439,0.009420154616236687
11440,0.007114853709936142
11441,0.002109378110617399
11442,0.00926879607141018
11443,0.0072455015033483505
11444,0.007584181614220142
11445,0.0031066183000802994
11446,0.013264957815408707
11447,0.00475598918274045
11448,0.007628605701029301
11449,0.006278419867157936
11450,0.004441974684596062
11451,0.0045173498801887035
11452,0.013330411165952682
11453,0.003179058898240328
11454,0.0030576991848647594
11455,0.008027281612157822
11456,0.007103028707206249
11457,0.005964396055787802
11458,0.004433683585375547
11459,0.008958186954259872
11460,0.002964390441775322
11461,0.004633452743291855
11462,0.008859295397996902
11463,0.0034138704650104046
11464,0.007545020431280136
11465,0.0023554605431854725
11466,0.013980116695165634
11467,0.004949358757585287
11468,0.006103395484387875
11469,0.0033938137348741293
11470,0.00538350036367774
11471,0.011424034833908081
11472,0.002127924934029579
11473,0.006350086070597172
11474,0.004864085931330919
11475,0.007272567134350538
11476,0.022761380299925804
11477,0.009372862055897713
11478,0.005479894112795591
11479,0.006448497995734215
11480,0.002733397064730525
11481,0.0030551981180906296
11482,0.006278662011027336
11483,0.005676077213138342
11484,0.013374808244407177
11485,0.004412663634866476
11486,0.014214369468390942
11487,0.004297199659049511
11488,0.010505443438887596
11489,0.003943299409002066
11490,0.011609239503741264
11491,0.007039237301796675
11492,0.006681319326162338
11493,0.004189986269921064
11494,0.01606856659054756
11495,0.018180347979068756
11496,0.03333583101630211
11497,0.0077542150393128395
11498,0.02644142508506775
11499,0.01345528569072485
11500,0.004796893801540136
11501,0.004862727597355843
11502,0.0041689183562994
11503,0.022342471405863762
11504,0.007205522619187832
11505,0.012123331427574158
11506,0.00802526343613863
11507,0.010375787504017353
11508,0.00817339401692152
11509,0.00767772551625967
11510,0.003642837516963482
11511,0.03638848289847374
11512,0.016804751008749008
11513,0.005941998213529587
11514,0.01412489078938961
11515,0.011071878485381603
11516,0.012088276445865631
11517,0.005711148492991924
11518,0.007902596145868301
11519,0.00889977440237999
11520,0.006370942108333111
11521,0.00629386305809021
11522,0.008981039747595787
11523,0.007674036081880331
11524,0.004388374276459217
11525,0.010542545467615128
11526,0.007410581223666668
11527,0.015537152998149395
11528,0.006712816655635834
11529,0.011257092468440533
11530,0.012202009558677673
11531,0.005539628677070141
11532,0.002577303908765316
11533,0.007106606848537922
11534,0.008377742022275925
11535,0.00859774835407734
11536,0.005253692623227835
11537,0.010515347123146057
11538,0.007000856101512909
11539,0.002687552012503147
11540,0.008922183886170387
11541,0.010555918328464031
11542,0.010365886613726616
11543,0.010400907136499882
11544,0.009589917957782745
11545,0.008255916647613049
11546,0.007783968932926655
11547,0.016303442418575287
11548,0.00894643273204565
11549,0.008701777085661888
11550,0.011794716119766235
11551,0.003365437500178814
11552,0.010702256113290787
11553,0.004952866118401289
11554,0.015316571108996868
11555,0.005224788095802069
11556,0.007543682586401701
11557,0.007655111141502857
11558,0.006071603856980801
11559,0.004638257436454296
11560,0.016018910333514214
11561,0.004485766403377056
11562,0.007647523190826178
11563,0.002846604911610484
11564,0.009084904566407204
11565,0.006067773327231407
11566,0.016851356253027916
11567,0.006184610538184643
11568,0.00585002638399601
11569,0.00486872810870409
11570,0.005303680431097746
11571,0.017905082553625107
11572,0.006053862627595663
11573,0.009440779685974121
11574,0.01183000486344099
11575,0.007879160344600677
11576,0.004291675519198179
11577,0.006757174618542194
11578,0.00512798223644495
11579,0.007039537653326988
11580,0.011006693355739117
11581,0.0060437703505158424
11582,0.015770263969898224
11583,0.006316277664154768
11584,0.010212172754108906
11585,0.004545012954622507
11586,0.005119191482663155
11587,0.0049555981531739235
11588,0.0055200825445353985
11589,0.0023537043016403913
11590,0.004645673092454672
11591,0.007887987419962883
11592,0.013028653338551521
11593,0.01567455753684044
11594,0.0050145103596150875
11595,0.013490190729498863
11596,0.012658732943236828
11597,0.013684484176337719
11598,0.010298497043550014
11599,0.01402350701391697
11600,0.02407636120915413
11601,0.008266853168606758
11602,0.012594727799296379
11603,0.013814553618431091
11604,0.008399726822972298
11605,0.008426920510828495
11606,0.011462753638625145
11607,0.003967191092669964
11608,0.012282691895961761
11609,0.0064534274861216545
11610,0.007045313715934753
11611,0.0038031935691833496
11612,0.007264210842549801
11613,0.001989746233448386
11614,0.00707787461578846
11615,0.004566473886370659
11616,0.005084529053419828
11617,0.006243384443223476
11618,0.006052258890122175
11619,0.012491816654801369
11620,0.005320018157362938
11621,0.003946367651224136
11622,0.036165814846754074
11623,0.00952928327023983
11624,0.007622981444001198
11625,0.018405713140964508
11626,0.011413846164941788
11627,0.0056703779846429825
11628,0.01064018439501524
11629,0.0060386061668396
11630,0.007766555994749069
11631,0.003807034343481064
11632,0.008791442960500717
11633,0.007614646106958389
11634,0.012091455981135368
11635,0.0092060137540102
11636,0.008100383915007114
11637,0.006603557616472244
11638,0.0012995463330298662
11639,0.004310521297156811
11640,0.0027090455405414104
11641,0.0123370923101902
11642,0.008471110835671425
11643,0.007164324633777142
11644,0.007632193621248007
11645,0.006405690219253302
11646,0.01065037027001381
11647,0.004152718931436539
11648,0.004407260566949844
11649,0.009442150592803955
11650,0.006276236847043037
11651,0.008990971371531487
11652,0.007164129056036472
11653,0.01266336627304554
11654,0.009761959314346313
11655,0.02488149330019951
11656,0.01047089509665966
11657,0.009756828658282757
11658,0.009631878696382046
11659,0.009966112673282623
11660,0.005831252317875624
11661,0.013118776492774487
11662,0.0038315034471452236
11663,0.008326390758156776
11664,0.0061922031454741955
11665,0.003927573561668396
11666,0.004501602612435818
11667,0.010192967019975185
11668,0.0039143324829638
11669,0.004615785088390112
11670,0.011766329407691956
11671,0.00609596585854888
11672,0.006320886313915253
11673,0.006598192732781172
11674,0.005092295352369547
11675,0.011615931987762451
11676,0.008026735857129097
11677,0.0030860581900924444
11678,0.009664303623139858
11679,0.01192512921988964
11680,0.017994437366724014
11681,0.010442748665809631
11682,0.00819538813084364
11683,0.013411624357104301
11684,0.010957278311252594
11685,0.007891805842518806
11686,0.005934914108365774
11687,0.007746582385152578
11688,0.0070532262325286865
11689,0.004242735914885998
11690,0.007431349717080593
11691,0.016791783273220062
11692,0.005769318901002407
11693,0.00796718243509531
11694,0.018023252487182617
11695,0.008897798135876656
11696,0.00982481800019741
11697,0.004594246856868267
11698,0.0036648313980549574
11699,0.0061586517840623856
11700,0.01087593100965023
11701,0.006503406912088394
11702,0.009101537987589836
11703,0.012606586329638958
11704,0.01702304743230343
11705,0.007893908768892288
11706,0.006932183168828487
11707,0.018623866140842438
11708,0.008806227706372738
11709,0.03208421170711517
11710,0.006864964030683041
11711,0.01392152439802885
11712,0.007005191408097744
11713,0.018428664654493332
11714,0.016938520595431328
11715,0.00449709314852953
11716,0.005443321540951729
11717,0.013151435181498528
11718,0.0060102688148617744
11719,0.007382062263786793
11720,0.004225539043545723
11721,0.004462437238544226
11722,0.005530618131160736
11723,0.004922667518258095
11724,0.012635628692805767
11725,0.014660364016890526
11726,0.01566019468009472
11727,0.00492099579423666
11728,0.01013118214905262
11729,0.006723186932504177
11730,0.005781864281743765
11731,0.008139251731336117
11732,0.010876825079321861
11733,0.010907819494605064
11734,0.006327569484710693
11735,0.0066995578818023205
11736,0.005224989727139473
11737,0.015563657507300377
11738,0.010968434624373913
11739,0.011897864751517773
11740,0.009223075583577156
11741,0.002920598490163684
11742,0.0038846719544380903
11743,0.01506593357771635
11744,0.011357258073985577
11745,0.007547393441200256
11746,0.0032340572215616703
11747,0.012318707071244717
11748,0.0016713052755221725
11749,0.00807218998670578
11750,0.010968973860144615
11751,0.007133149541914463
11752,0.009556529112160206
11753,0.005870699882507324
11754,0.010424373671412468
11755,0.004927374422550201
11756,0.0025901400949805975
11757,0.01502800639718771
11758,0.0030358503572642803
11759,0.00801795907318592
11760,0.009079406969249249
11761,0.003146327566355467
11762,0.006521914154291153
11763,0.002463081618770957
11764,0.009264284744858742
11765,0.007742594927549362
11766,0.012378133833408356
11767,0.010170631110668182
11768,0.008574634790420532
11769,0.005131084471940994
11770,0.00931527465581894
11771,0.008580676279962063
11772,0.006840968504548073
11773,0.00882323645055294
11774,0.01031689252704382
11775,0.01894017495214939
11776,0.014213651418685913
11777,0.008874219842255116
11778,0.004280326422303915
11779,0.007045869715511799
11780,0.004780568182468414
11781,0.009879796765744686
11782,0.023084014654159546
11783,0.005697913002222776
11784,0.007994036190211773
11785,0.006125829182565212
11786,0.009946515783667564
11787,0.007024289108812809
11788,0.012980698607861996
11789,0.010992148891091347
11790,0.007783493958413601
11791,0.00950708333402872
11792,0.009571539238095284
11793,0.005834362469613552
11794,0.013102426193654537
11795,0.00667555769905448
11796,0.003834405681118369
11797,0.008955959230661392
11798,0.011880915611982346
11799,0.008710814639925957
11800,0.008461788296699524
11801,0.006054616533219814
11802,0.0029437048360705376
11803,0.005169312469661236
11804,0.018025504425168037
11805,0.0029860285576432943
11806,0.021305840462446213
11807,0.012228434905409813
11808,0.017214735969901085
11809,0.0136758117005229
11810,0.010364021174609661
11811,0.015906235203146935
11812,0.008021170273423195
11813,0.00600145198404789
11814,0.004149734042584896
11815,0.003230722388252616
11816,0.006254294421523809
11817,0.007924994453787804
11818,0.010479949414730072
11819,0.009524776600301266
11820,0.01327713392674923
11821,0.003845533123239875
11822,0.0035088551230728626
11823,0.00326836621388793
11824,0.008277762681245804
11825,0.015067076310515404
11826,0.0027331167366355658
11827,0.011108949780464172
11828,0.008865699172019958
11829,0.009124898351728916
11830,0.004277059342712164
11831,0.002998520154505968
11832,0.004238445777446032
11833,0.006456340663135052
11834,0.00523737445473671
11835,0.00805592443794012
11836,0.005880934651941061
11837,0.008996646851301193
11838,0.011306668631732464
11839,0.0037490627728402615
11840,0.007930485531687737
11841,0.007499980740249157
11842,0.008434880524873734
11843,0.009351976215839386
11844,0.007246635854244232
11845,0.0061062960885465145
11846,0.0047556390054523945
11847,0.0075546628795564175
11848,0.006024335976690054
11849,0.012119102291762829
11850,0.015748662874102592
11851,0.004685499705374241
11852,0.004675936885178089
11853,0.005479663610458374
11854,0.002746999030932784
11855,0.0034979302436113358
11856,0.011570374481379986
11857,0.006838588044047356
11858,0.01135802548378706
11859,0.009360740892589092
11860,0.0034002880565822124
11861,0.004206858575344086
11862,0.011032752692699432
11863,0.012855758890509605
11864,0.007520072162151337
11865,0.009749474003911018
11866,0.01046935748308897
11867,0.008864937350153923
11868,0.004510978236794472
11869,0.007155570201575756
11870,0.009825536981225014
11871,0.00781447533518076
11872,0.007203502114862204
11873,0.01601090282201767
11874,0.0076682548969984055
11875,0.006015039049088955
11876,0.004768954124301672
11877,0.005353899206966162
11878,0.008550887927412987
11879,0.0055801039561629295
11880,0.0042383503168821335
11881,0.00998782366514206
11882,0.009292865172028542
11883,0.010652638971805573
11884,0.02253509871661663
11885,0.020218150690197945
11886,0.004118299577385187
11887,0.009191656485199928
11888,0.015998220071196556
11889,0.006762705743312836
11890,0.013364277780056
11891,0.013058990240097046
11892,0.004113063681870699
11893,0.010093321092426777
11894,0.0038127086590975523
11895,0.012642118148505688
11896,0.007205727510154247
11897,0.007868446409702301
11898,0.008875655010342598
11899,0.008282538503408432
11900,0.007398225367069244
11901,0.00955243967473507
11902,0.023293619975447655
11903,0.014075091108679771
11904,0.007777504622936249
11905,0.01133832335472107
11906,0.005527527537196875
11907,0.011035386472940445
11908,0.02276565507054329
11909,0.014607737772166729
11910,0.005504024680703878
11911,0.009083586744964123
11912,0.010692430660128593
11913,0.0055624740198254585
11914,0.003958602901548147
11915,0.004541606642305851
11916,0.013897912576794624
11917,0.002965758088976145
11918,0.004943888634443283
11919,0.011666474863886833
11920,0.010456552729010582
11921,0.013521982356905937
11922,0.003592384047806263
11923,0.014033926650881767
11924,0.006371119990944862
11925,0.007600654847919941
11926,0.007707060780376196
11927,0.015891797840595245
11928,0.002818719018250704
11929,0.007273118942975998
11930,0.009637420997023582
11931,0.007581600919365883
11932,0.007343258708715439
11933,0.003317788941785693
11934,0.012869959697127342
11935,0.006107141729444265
11936,0.005924837198108435
11937,0.004641844425350428
11938,0.007071646861732006
11939,0.0059294914826750755
11940,0.006314265541732311
11941,0.006115465424954891
11942,0.013742468319833279
11943,0.006408797111362219
11944,0.007126037031412125
11945,0.0016942521324381232
11946,0.027249053120613098
11947,0.004163040779531002
11948,0.013573369942605495
11949,0.00552429910749197
11950,0.009569729678332806
11951,0.02435668371617794
11952,0.003768372116610408
11953,0.00660974346101284
11954,0.012340730056166649
11955,0.006397245451807976
11956,0.0032851852010935545
11957,0.012748701497912407
11958,0.0054825409315526485
11959,0.005549215711653233
11960,0.007511266507208347
11961,0.006640306673943996
11962,0.009682037867605686
11963,0.014442084357142448
11964,0.004345349967479706
11965,0.007756163831800222
11966,0.00913823302835226
11967,0.011655177921056747
11968,0.008847929537296295
11969,0.009251030161976814
11970,0.0035143576096743345
11971,0.004442797973752022
11972,0.008802561089396477
11973,0.013019355945289135
11974,0.010816032998263836
11975,0.0039023044519126415
11976,0.0394512340426445
11977,0.006606744136661291
11978,0.0052225543186068535
11979,0.011093667708337307
11980,0.005128508899360895
11981,0.002745994832366705
11982,0.009329158812761307
11983,0.006285578012466431
11984,0.006737887859344482
11985,0.0066717988811433315
11986,0.005731834098696709
11987,0.008830055594444275
11988,0.0027980576269328594
11989,0.009498369880020618
11990,0.008931027725338936
11991,0.00635127117857337
11992,0.0041580768302083015
11993,0.00566646596416831
11994,0.009867845103144646
11995,0.02185734175145626
11996,0.013369678519666195
11997,0.0020795234013348818
11998,0.013745708391070366
11999,0.010361000895500183
12000,0.0024780009407550097
12001,0.008314407430589199
12002,0.005477931350469589
12003,0.012144128791987896
12004,0.009070408530533314
12005,0.008758166804909706
12006,0.009682433679699898
12007,0.008191040717065334
12008,0.004456817172467709
12009,0.00806658435612917
12010,0.007295951247215271
12011,0.005426672752946615
12012,0.006213713437318802
12013,0.009056489914655685
12014,0.019854430109262466
12015,0.007287914864718914
12016,0.005330437328666449
12017,0.0022458364255726337
12018,0.004720195196568966
12019,0.015289421193301678
12020,0.008618537336587906
12021,0.005629211198538542
12022,0.0036392032634466887
12023,0.0008824403630569577
12024,0.006166585721075535
12025,0.005852910690009594
12026,0.0066857002675533295
12027,0.009345807135105133
12028,0.010118888691067696
12029,0.01666427217423916
12030,0.007995638065040112
12031,0.009182833135128021
12032,0.0260707288980484
12033,0.005753095727413893
12034,0.01148228719830513
12035,0.014712899923324585
12036,0.0058301701210439205
12037,0.006841057445853949
12038,0.008383234962821007
12039,0.0054993703961372375
12040,0.004596788436174393
12041,0.03605630248785019
12042,0.007026699371635914
12043,0.008360525593161583
12044,0.002785865915939212
12045,0.004563119728118181
12046,0.011865299195051193
12047,0.002737299306318164
12048,0.01019655354321003
12049,0.00835734698921442
12050,0.0023101598490029573
12051,0.007449406199157238
12052,0.019395992159843445
12053,0.0028388879727572203
12054,0.01624380052089691
12055,0.007190175354480743
12056,0.00532944779843092
12057,0.012387365102767944
12058,0.00540558947250247
12059,0.01186998188495636
12060,0.00332640646956861
12061,0.0037740645930171013
12062,0.005147886928170919
12063,0.006350478157401085
12064,0.004940428771078587
12065,0.009525987319648266
12066,0.015107894316315651
12067,0.004912476055324078
12068,0.008903305046260357
12069,0.015334350988268852
12070,0.004851001780480146
12071,0.006366483401507139
12072,0.005570740904659033
12073,0.008111108094453812
12074,0.007657062262296677
12075,0.008521469309926033
12076,0.01024431362748146
12077,0.005624720361083746
12078,0.011237923055887222
12079,0.007987518794834614
12080,0.012282216921448708
12081,0.009013775736093521
12082,0.004650385119020939
12083,0.004974131938070059
12084,0.008693909272551537
12085,0.0064367568120360374
12086,0.005824142135679722
12087,0.005269249435514212
12088,0.009338155388832092
12089,0.003745665308088064
12090,0.002489883918315172
12091,0.016355600208044052
12092,0.004698683507740498
12093,0.002606747206300497
12094,0.0096276318654418
12095,0.005342635791748762
12096,0.005526864435523748
12097,0.0023278621956706047
12098,0.025171663612127304
12099,0.003677329747006297
12100,0.0053956834599375725
12101,0.00836480688303709
12102,0.010531004518270493
12103,0.017069408670067787
12104,0.022815745323896408
12105,0.01710227131843567
12106,0.029171954840421677
12107,0.009194914251565933
12108,0.0162973552942276
12109,0.02238069288432598
12110,0.008351069875061512
12111,0.007641025818884373
12112,0.008820775896310806
12113,0.00851048156619072
12114,0.012102974578738213
12115,0.005755049642175436
12116,0.0062423101626336575
12117,0.027614504098892212
12118,0.006302390247583389
12119,0.006376094650477171
12120,0.003940671682357788
12121,0.009000580757856369
12122,0.0046412027440965176
12123,0.003378041088581085
12124,0.006322610657662153
12125,0.004332013428211212
12126,0.004161177668720484
12127,0.005290141329169273
12128,0.008249040693044662
12129,0.01095944456756115
12130,0.005704314447939396
12131,0.007469857111573219
12132,0.013760823756456375
12133,0.007103390991687775
12134,0.02206745371222496
12135,0.0158824659883976
12136,0.0057066455483436584
12137,0.006794629618525505
12138,0.011364917270839214
12139,0.0042197201400995255
12140,0.009621902368962765
12141,0.00582774356007576
12142,0.005174643825739622
12143,0.007815583609044552
12144,0.007639671675860882
12145,0.005778934806585312
12146,0.007683452218770981
12147,0.005539644043892622
12148,0.007259100675582886
12149,0.008568997494876385
12150,0.008533785119652748
12151,0.007377052213996649
12152,0.008624883368611336
12153,0.0102385887876153
12154,0.010305618867278099
12155,0.01445362251251936
12156,0.011941655538976192
12157,0.0037090973928570747
12158,0.006552563048899174
12159,0.005038341041654348
12160,0.010821189731359482
12161,0.012673228979110718
12162,0.019519202411174774
12163,0.007335040718317032
12164,0.009185697883367538
12165,0.0064482069574296474
12166,0.005663452669978142
12167,0.016744088381528854
12168,0.013285249471664429
12169,0.008435023948550224
12170,0.009533210657536983
12171,0.009131267666816711
12172,0.014212626032531261
12173,0.011337398551404476
12174,0.006392901297658682
12175,0.014376930892467499
12176,0.02203689143061638
12177,0.008816741406917572
12178,0.004320597276091576
12179,0.006775406654924154
12180,0.004612184129655361
12181,0.009391932748258114
12182,0.007425718009471893
12183,0.012030249461531639
12184,0.007863810285925865
12185,0.005014203488826752
12186,0.0076371426694095135
12187,0.0066914125345647335
12188,0.005634629633277655
12189,0.01070329174399376
12190,0.006763083394616842
12191,0.003692452795803547
12192,0.0037563182413578033
12193,0.004916193429380655
12194,0.0033766671549528837
12195,0.017476551234722137
12196,0.020939191803336143
12197,0.006029271520674229
12198,0.009581595659255981
12199,0.006875032093375921
12200,0.00416573416441679
12201,0.006319171749055386
12202,0.009113665670156479
12203,0.014651126228272915
12204,0.03405960276722908
12205,0.009778443723917007
12206,0.0075516304932534695
12207,0.0067454068921506405
12208,0.003098654095083475
12209,0.00880960002541542
12210,0.003141209948807955
12211,0.006733923219144344
12212,0.0025836615823209286
12213,0.0069182999432086945
12214,0.010172368958592415
12215,0.010912432335317135
12216,0.005013803951442242
12217,0.0035007093101739883
12218,0.012891070917248726
12219,0.009984479285776615
12220,0.009004096500575542
12221,0.012328832410275936
12222,0.01587352529168129
12223,0.009157467633485794
12224,0.006017887033522129
12225,0.026025477796792984
12226,0.008088091388344765
12227,0.005279341712594032
12228,0.005633363034576178
12229,0.003461178159341216
12230,0.005769021809101105
12231,0.01143675297498703
12232,0.005160333588719368
12233,0.006587660871446133
12234,0.005632534623146057
12235,0.007616802118718624
12236,0.005241289734840393
12237,0.008143292739987373
12238,0.006686606910079718
12239,0.01109237503260374
12240,0.007066766731441021
12241,0.010524283163249493
12242,0.013112577609717846
12243,0.009824460372328758
12244,0.009673066437244415
12245,0.004861611872911453
12246,0.0030613094568252563
12247,0.022121360525488853
12248,0.014696905389428139
12249,0.003833875060081482
12250,0.008457500487565994
12251,0.0031356648541986942
12252,0.00626882491633296
12253,0.008843974210321903
12254,0.007751119788736105
12255,0.0062063611112535
12256,0.014691727235913277
12257,0.007079176604747772
12258,0.008574916049838066
12259,0.01493687741458416
12260,0.006310701370239258
12261,0.01632603630423546
12262,0.005230681970715523
12263,0.0072979917749762535
12264,0.0025396535638719797
12265,0.009217729791998863
12266,0.011864724569022655
12267,0.005983011797070503
12268,0.004603439010679722
12269,0.04685286805033684
12270,0.00790783204138279
12271,0.004765856079757214
12272,0.023228719830513
12273,0.009375499561429024
12274,0.007169417105615139
12275,0.004018224310129881
12276,0.00898822396993637
12277,0.002934421179816127
12278,0.015882214531302452
12279,0.0036123970057815313
12280,0.004937148652970791
12281,0.017220094799995422
12282,0.004277534317225218
12283,0.004582436289638281
12284,0.002563286107033491
12285,0.05073828622698784
12286,0.008863652125000954
12287,0.020356765016913414
12288,0.00716859195381403
12289,0.013260949403047562
12290,0.006615517195314169
12291,0.0043944139033555984
12292,0.015787171199917793
12293,0.006807622965425253
12294,0.0094501543790102
12295,0.0042019374668598175
12296,0.014448389410972595
12297,0.019757261499762535
12298,0.032668035477399826
12299,0.012183992192149162
12300,0.0046280622482299805
12301,0.008275473490357399
12302,0.010675004683434963
12303,0.006975187920033932
12304,0.00809749960899353
12305,0.00913893710821867
12306,0.016078874468803406
12307,0.002500160364434123
12308,0.004708751104772091
12309,0.008560552261769772
12310,0.012947103008627892
12311,0.030540985986590385
12312,0.0027591935358941555
12313,0.01319209486246109
12314,0.012965895235538483
12315,0.010798497125506401
12316,0.00916080642491579
12317,0.005651482846587896
12318,0.013877060264348984
12319,0.004240029491484165
12320,0.007085466291755438
12321,0.007089744322001934
12322,0.010288253426551819
12323,0.018486496061086655
12324,0.009068736806511879
12325,0.018260348588228226
12326,0.01423892006278038
12327,0.02247459813952446
12328,0.012215487658977509
12329,0.006859979592263699
12330,0.012971790507435799
12331,0.007066458463668823
12332,0.022947287186980247
12333,0.011049849912524223
12334,0.0048947688192129135
12335,0.007414612919092178
12336,0.006223047152161598
12337,0.009946114383637905
12338,0.011838926002383232
12339,0.009992724284529686
12340,0.0066279019229114056
12341,0.03361278772354126
12342,0.012677005492150784
12343,0.0035261246375739574
12344,0.007680537179112434
12345,0.004054904915392399
12346,0.006349086295813322
12347,0.02143622562289238
12348,0.009875672869384289
12349,0.011805846355855465
12350,0.007893740199506283
12351,0.008089521899819374
12352,0.0038045260589569807
12353,0.010271832346916199
12354,0.011930837295949459
12355,0.0024408409371972084
12356,0.003930765204131603
12357,0.007540760096162558
12358,0.013235710561275482
12359,0.004032460041344166
12360,0.0032802261412143707
12361,0.005929251201450825
12362,0.0077984873205423355
12363,0.009667947888374329
12364,0.005463096313178539
12365,0.013094920665025711
12366,0.007343576289713383
12367,0.00467208307236433
12368,0.0060295965522527695
12369,0.008957198821008205
12370,0.009682491421699524
12371,0.011038220487535
12372,0.008249929174780846
12373,0.0028048669919371605
12374,0.012452560476958752
12375,0.004811772610992193
12376,0.005116203334182501
12377,0.0167948380112648
12378,0.004773013759404421
12379,0.008614834398031235
12380,0.006515280343592167
12381,0.023890307173132896
12382,0.014062984846532345
12383,0.004435633774846792
12384,0.002764370758086443
12385,0.013664817437529564
12386,0.006199665367603302
12387,0.0109226880595088
12388,0.006328605115413666
12389,0.005590340122580528
12390,0.004392340779304504
12391,0.007295231334865093
12392,0.01142205111682415
12393,0.009050273336470127
12394,0.006844849791377783
12395,0.005749959032982588
12396,0.013114470057189465
12397,0.01047341525554657
12398,0.011319590732455254
12399,0.007378518581390381
12400,0.005423420574516058
12401,0.006248745135962963
12402,0.005242165178060532
12403,0.02016475610435009
12404,0.006426014006137848
12405,0.006565997377038002
12406,0.009141487069427967
12407,0.00713751744478941
12408,0.008291290141642094
12409,0.006746023427695036
12410,0.006794638931751251
12411,0.011780164204537868
12412,0.0025157819036394358
12413,0.010585598647594452
12414,0.006958612706512213
12415,0.017788205295801163
12416,0.01133427582681179
12417,0.0068051135167479515
12418,0.007983727380633354
12419,0.011392787098884583
12420,0.040772534906864166
12421,0.0045891618356108665
12422,0.012064062058925629
12423,0.004257040098309517
12424,0.01279100589454174
12425,0.009548630565404892
12426,0.006017666310071945
12427,0.004990554880350828
12428,0.005660173948854208
12429,0.008610276505351067
12430,0.0025954609736800194
12431,0.004123963415622711
12432,0.022204026579856873
12433,0.003964761737734079
12434,0.006838908419013023
12435,0.0076925731264054775
12436,0.006098090671002865
12437,0.005386790260672569
12438,0.010575580410659313
12439,0.011902447789907455
12440,0.026166193187236786
12441,0.006251772399991751
12442,0.003828690154477954
12443,0.007432981394231319
12444,0.011767968535423279
12445,0.0047323089092969894
12446,0.018587758764624596
12447,0.005510278977453709
12448,0.005795208737254143
12449,0.0072991992346942425
12450,0.005607130937278271
12451,0.005053819622844458
12452,0.00854631420224905
12453,0.002863464877009392
12454,0.006364236585795879
12455,0.006423293612897396
12456,0.010240638628602028
12457,0.007198772858828306
12458,0.003621850162744522
12459,0.008604013361036777
12460,0.006202461197972298
12461,0.005356054287403822
12462,0.018474822863936424
12463,0.005162650253623724
12464,0.0045927176252007484
12465,0.007539329584687948
12466,0.00565548799932003
12467,0.014739738777279854
12468,0.004395191557705402
12469,0.00878865271806717
12470,0.007139531429857016
12471,0.008869245648384094
12472,0.007539885118603706
12473,0.005204754415899515
12474,0.010236425325274467
12475,0.006366202142089605
12476,0.006621696054935455
12477,0.010649672709405422
12478,0.01098693534731865
12479,0.011105003766715527
12480,0.012814207002520561
12481,0.009609093889594078
12482,0.011109366081655025
12483,0.004240115638822317
12484,0.0034928452223539352
12485,0.009735651314258575
12486,0.01267668604850769
12487,0.0043398598209023476
12488,0.013180796056985855
12489,0.01629875972867012
12490,0.007912981323897839
12491,0.010088040493428707
12492,0.006398247089236975
12493,0.013326242566108704
12494,0.004220311064273119
12495,0.010918496176600456
12496,0.004929213784635067
12497,0.003966939635574818
12498,0.006136962678283453
12499,0.0037480765022337437
12500,0.0112119410187006
12501,0.00678031612187624
12502,0.006663310807198286
12503,0.007315739523619413
12504,0.004707220010459423
12505,0.005284796468913555
12506,0.006160367280244827
12507,0.013426128774881363
12508,0.01229209266602993
12509,0.017115212976932526
12510,0.01915716752409935
12511,0.004288196563720703
12512,0.006620804779231548
12513,0.01070384681224823
12514,0.004687966778874397
12515,0.00952197052538395
12516,0.006590291392058134
12517,0.003929952159523964
12518,0.014733622781932354
12519,0.007175290025770664
12520,0.001993918791413307
12521,0.009505043737590313
12522,0.008764710277318954
12523,0.0034121086355298758
12524,0.0031674113124608994
12525,0.005314855836331844
12526,0.004674880765378475
12527,0.00555060338228941
12528,0.0033870856277644634
12529,0.005100647918879986
12530,0.00952473096549511
12531,0.0026846174150705338
12532,0.0040140035562217236
12533,0.007086712867021561
12534,0.01000170223414898
12535,0.009924623183906078
12536,0.005129097029566765
12537,0.0180054921656847
12538,0.0038433759473264217
12539,0.0042264265939593315
12540,0.006008066236972809
12541,0.004897778853774071
12542,0.006901725195348263
12543,0.01272636093199253
12544,0.017394691705703735
12545,0.005078105255961418
12546,0.0047581978142261505
12547,0.004494204185903072
12548,0.006211986765265465
12549,0.005372596438974142
12550,0.007050029467791319
12551,0.004665409214794636
12552,0.014820665121078491
12553,0.004113300703465939
12554,0.005843851715326309
12555,0.010035576298832893
12556,0.006157480180263519
12557,0.005802149884402752
12558,0.0051987143233418465
12559,0.033463191241025925
12560,0.005821417085826397
12561,0.005483116954565048
12562,0.005338058806955814
12563,0.007866766303777695
12564,0.011746950447559357
12565,0.0141921266913414
12566,0.004083484411239624
12567,0.00759783573448658
12568,0.006873817183077335
12569,0.012384670786559582
12570,0.008379911072552204
12571,0.008903084322810173
12572,0.022610580548644066
12573,0.0025275484658777714
12574,0.03805055469274521
12575,0.01853112131357193
12576,0.010178536176681519
12577,0.006068556569516659
12578,0.005670702084898949
12579,0.0026262952014803886
12580,0.008503926917910576
12581,0.00986587442457676
12582,0.010574999265372753
12583,0.012362497858703136
12584,0.007170002907514572
12585,0.020934877917170525
12586,0.007530611008405685
12587,0.007947059348225594
12588,0.009369589388370514
12589,0.010084986686706543
12590,0.007101291324943304
12591,0.012125249020755291
12592,0.012338514439761639
12593,0.016066374257206917
12594,0.004229783546179533
12595,0.007183491718024015
12596,0.0060091689229011536
12597,0.009028984233736992
12598,0.013454854488372803
12599,0.010589717887341976
12600,0.007907290942966938
12601,0.007040801458060741
12602,0.005260169506072998
12603,0.00531819649040699
12604,0.005804751068353653
12605,0.008981132879853249
12606,0.008177129551768303
12607,0.013668803498148918
12608,0.013351088389754295
12609,0.02168751321732998
12610,0.00591700617223978
12611,0.006687364540994167
12612,0.011853611096739769
12613,0.008636891841888428
12614,0.013967931270599365
12615,0.009743331000208855
12616,0.00526671065017581
12617,0.008390714414417744
12618,0.013951274566352367
12619,0.009063325822353363
12620,0.003618215210735798
12621,0.01850423961877823
12622,0.006718698889017105
12623,0.006288604810833931
12624,0.002893686294555664
12625,0.009236494079232216
12626,0.00972185842692852
12627,0.01337726041674614
12628,0.002418625634163618
12629,0.014578732661902905
12630,0.00839143805205822
12631,0.02220945619046688
12632,0.008121229708194733
12633,0.007913203909993172
12634,0.014106115326285362
12635,0.006029331125319004
12636,0.01136617362499237
12637,0.004812251310795546
12638,0.00647784024477005
12639,0.02115546725690365
12640,0.0030168115627020597
12641,0.016391418874263763
12642,0.0037999979685992002
12643,0.014707985334098339
12644,0.005334571003913879
12645,0.006428529974073172
12646,0.0036834091879427433
12647,0.015475517138838768
12648,0.002483601914718747
12649,0.007091991603374481
12650,0.011438993737101555
12651,0.006737203802913427
12652,0.01169971376657486
12653,0.0041602374985814095
12654,0.004011243581771851
12655,0.006478440016508102
12656,0.006036112084984779
12657,0.011014826595783234
12658,0.0069846464321017265
12659,0.0072587295435369015
12660,0.009801625274121761
12661,0.005583716556429863
12662,0.005605679005384445
12663,0.003714336548000574
12664,0.00835131574422121
12665,0.007821094244718552
12666,0.008037803694605827
12667,0.0054184566251933575
12668,0.009701941162347794
12669,0.0036352972965687513
12670,0.001671988284215331
12671,0.006242888048291206
12672,0.005218451842665672
12673,0.002916650613769889
12674,0.012916823849081993
12675,0.008655386045575142
12676,0.011894462630152702
12677,0.003425200469791889
12678,0.00884805154055357
12679,0.0018599778413772583
12680,0.010727222077548504
12681,0.017465945333242416
12682,0.01923048309981823
12683,0.004074155353009701
12684,0.003083540126681328
12685,0.01977735571563244
12686,0.004320552106946707
12687,0.004821919370442629
12688,0.016803011298179626
12689,0.006784053053706884
12690,0.006456311792135239
12691,0.005764397792518139
12692,0.00827479362487793
12693,0.007975315675139427
12694,0.007292124442756176
12695,0.01808188110589981
12696,0.01328616589307785
12697,0.007359001785516739
12698,0.01109361182898283
12699,0.0018258424242958426
12700,0.004005352035164833
12701,0.006905354093760252
12702,0.002834028098732233
12703,0.0041707828640937805
12704,0.007736660540103912
12705,0.0054448312148451805
12706,0.004164682235568762
12707,0.003334254724904895
12708,0.004930253606289625
12709,0.006451217457652092
12710,0.007830141112208366
12711,0.007709126453846693
12712,0.004413447808474302
12713,0.004223927389830351
12714,0.0038343898486346006
12715,0.009873591363430023
12716,0.0037453442346304655
12717,0.004924074746668339
12718,0.004866947885602713
12719,0.005511518567800522
12720,0.009726624935865402
12721,0.011807668954133987
12722,0.005112451501190662
12723,0.00437637884169817
12724,0.004213008098304272
12725,0.00435049831867218
12726,0.00912116002291441
12727,0.0044591850601136684
12728,0.012816659174859524
12729,0.004295297898352146
12730,0.007063466124236584
12731,0.008164393715560436
12732,0.021292969584465027
12733,0.007278094999492168
12734,0.011209376156330109
12735,0.005670111160725355
12736,0.023593386635184288
12737,0.010334695689380169
12738,0.011722318828105927
12739,0.007789322640746832
12740,0.013707767240703106
12741,0.00801347941160202
12742,0.004466437269002199
12743,0.007974902167916298
12744,0.0347076877951622
12745,0.00476628914475441
12746,0.02137962356209755
12747,0.01953491009771824
12748,0.0030870656482875347
12749,0.009013430215418339
12750,0.012008185498416424
12751,0.0038106476422399282
12752,0.008550255559384823
12753,0.012493344955146313
12754,0.003524143248796463
12755,0.010385161265730858
12756,0.008371352218091488
12757,0.0041571552865207195
12758,0.013551360927522182
12759,0.008250406011939049
12760,0.01104798074811697
12761,0.01844947785139084
12762,0.015787135809659958
12763,0.004525018855929375
12764,0.0038518565706908703
12765,0.020188484340906143
12766,0.00471071619540453
12767,0.00642279302701354
12768,0.005668656900525093
12769,0.006452611647546291
12770,0.016679173335433006
12771,0.01303209736943245
12772,0.004554768558591604
12773,0.01153676025569439
12774,0.002501129638403654
12775,0.004785613622516394
12776,0.006261405535042286
12777,0.009302057325839996
12778,0.011203130707144737
12779,0.024571605026721954
12780,0.00866304524242878
12781,0.015330411493778229
12782,0.00328758149407804
12783,0.016638504341244698
12784,0.004243762232363224
12785,0.008337154984474182
12786,0.00984994973987341
12787,0.01491236686706543
12788,0.008259951137006283
12789,0.010620826855301857
12790,0.004272570367902517
12791,0.0046566203236579895
12792,0.006826501339673996
12793,0.006730624940246344
12794,0.022285092622041702
12795,0.004842008464038372
12796,0.008261734619736671
12797,0.005353649612516165
12798,0.008498976938426495
12799,0.019213590770959854
12800,0.003308328567072749
12801,0.020714962854981422
12802,0.006628505885601044
12803,0.008593417704105377
12804,0.010064754635095596
12805,0.011818463914096355
12806,0.00918526854366064
12807,0.006573397666215897
12808,0.004123798571527004
12809,0.003679347690194845
12810,0.0055186552926898
12811,0.009700765833258629
12812,0.012393102049827576
12813,0.005067750811576843
12814,0.01380058191716671
12815,0.003994761034846306
12816,0.0057473196648061275
12817,0.015385905280709267
12818,0.003192291362211108
12819,0.011363848112523556
12820,0.008285440504550934
12821,0.005295000039041042
12822,0.006582880392670631
12823,0.0015283755492419004
12824,0.010470885783433914
12825,0.010400152765214443
12826,0.00433813501149416
12827,0.004347459878772497
12828,0.015682943165302277
12829,0.009228963404893875
12830,0.008009550161659718
12831,0.010397984646260738
12832,0.004994262475520372
12833,0.00715563353151083
12834,0.004589875694364309
12835,0.006681456696242094
12836,0.004762728698551655
12837,0.018532905727624893
12838,0.018493112176656723
12839,0.011396287940442562
12840,0.010754650458693504
12841,0.005502651445567608
12842,0.01033950224518776
12843,0.007169964723289013
12844,0.007426413707435131
12845,0.010533139109611511
12846,0.010619821958243847
12847,0.007672327570617199
12848,0.011691642925143242
12849,0.004356048069894314
12850,0.003907760139554739
12851,0.007490820251405239
12852,0.0087727140635252
12853,0.0076858303509652615
12854,0.0076872603967785835
12855,0.02211228758096695
12856,0.006552971433848143
12857,0.011848310008645058
12858,0.007086168043315411
12859,0.006782863289117813
12860,0.019169777631759644
12861,0.005456056445837021
12862,0.008413969539105892
12863,0.009809084236621857
12864,0.004303508438169956
12865,0.0054886071011424065
12866,0.008554658852517605
12867,0.009359071031212807
12868,0.02566937729716301
12869,0.00728566013276577
12870,0.009492773562669754
12871,0.004224001429975033
12872,0.0043349796906113625
12873,0.004900458734482527
12874,0.02391941472887993
12875,0.002723849145695567
12876,0.005049123428761959
12877,0.0062692537903785706
12878,0.023914769291877747
12879,0.00909820944070816
12880,0.005646688863635063
12881,0.014022178947925568
12882,0.006253243423998356
12883,0.0028931647539138794
12884,0.012398350052535534
12885,0.006006978452205658
12886,0.005157871637493372
12887,0.016544437035918236
12888,0.0068739717826247215
12889,0.0058761960826814175
12890,0.002681539161130786
12891,0.009732027538120747
12892,0.0037953536957502365
12893,0.009280328638851643
12894,0.005457557737827301
12895,0.006801030598580837
12896,0.0071121929213404655
12897,0.008028587326407433
12898,0.007041089236736298
12899,0.003474814584478736
12900,0.020885750651359558
12901,0.003952153958380222
12902,0.011703556403517723
12903,0.008448250591754913
12904,0.008854511193931103
12905,0.004391126334667206
12906,0.007491379976272583
12907,0.008954126387834549
12908,0.010739339515566826
12909,0.006776955910027027
12910,0.0032091126777231693
12911,0.008770272135734558
12912,0.008240249007940292
12913,0.006738520227372646
12914,0.01820441149175167
12915,0.004310900811105967
12916,0.008937768638134003
12917,0.010353725403547287
12918,0.00857336912304163
12919,0.006237334571778774
12920,0.01016386691480875
12921,0.023462042212486267
12922,0.008980842307209969
12923,0.004984743427485228
12924,0.006669980939477682
12925,0.016898538917303085
12926,0.01024739257991314
12927,0.006808810867369175
12928,0.011367013677954674
12929,0.01179966889321804
12930,0.012299511581659317
12931,0.018448011949658394
12932,0.005554266273975372
12933,0.008378714323043823
12934,0.0038201301358640194
12935,0.010026623494923115
12936,0.006957504898309708
12937,0.0027734260074794292
12938,0.002241347450762987
12939,0.00944491010159254
12940,0.008258349262177944
12941,0.009259192273020744
12942,0.005729543045163155
12943,0.004528393968939781
12944,0.0029371953569352627
12945,0.005643833428621292
12946,0.03363272547721863
12947,0.004272581543773413
12948,0.014674692414700985
12949,0.005373038351535797
12950,0.0043824720196425915
12951,0.007028667256236076
12952,0.009989213198423386
12953,0.0069281114265322685
12954,0.005408923141658306
12955,0.007921426557004452
12956,0.020691221579909325
12957,0.005276934709399939
12958,0.011697178706526756
12959,0.0034984517842531204
12960,0.01293635368347168
12961,0.011974381282925606
12962,0.004842672031372786
12963,0.00568602979183197
12964,0.005589041393250227
12965,0.006605315022170544
12966,0.010177564807236195
12967,0.014626039192080498
12968,0.006430315785109997
12969,0.006133474409580231
12970,0.006475456058979034
12971,0.012379678897559643
12972,0.00890542846173048
12973,0.007824951782822609
12974,0.005619646981358528
12975,0.008479109965264797
12976,0.00914297066628933
12977,0.0077903675846755505
12978,0.006935191806405783
12979,0.009738161228597164
12980,0.0030027772299945354
12981,0.004076274111866951
12982,0.006724860053509474
12983,0.010865680873394012
12984,0.009998230263590813
12985,0.014712351374328136
12986,0.015575772151350975
12987,0.010469685308635235
12988,0.007392979692667723
12989,0.008394578471779823
12990,0.015302261337637901
12991,0.009627064689993858
12992,0.0059348903596401215
12993,0.001528086606413126
12994,0.008265762589871883
12995,0.0049885716289281845
12996,0.014693686738610268
12997,0.007434651255607605
12998,0.010269766673445702
12999,0.01026166696101427
13000,0.004723985679447651
13001,0.003751107957214117
13002,0.01003548689186573
13003,0.006156734190881252
13004,0.010472683236002922
13005,0.003637017449364066
13006,0.011912552639842033
13007,0.0068604364059865475
13008,0.011062031611800194
13009,0.010523200035095215
13010,0.01006306428462267
13011,0.03981999307870865
13012,0.012392199598252773
13013,0.0027348403818905354
13014,0.011055879294872284
13015,0.010872473940253258
13016,0.006391256581991911
13017,0.0036223006900399923
13018,0.004303631838411093
13019,0.008166445419192314
13020,0.011014711111783981
13021,0.01995672844350338
13022,0.011679580435156822
13023,0.007483087480068207
13024,0.004530022852122784
13025,0.007317333482205868
13026,0.0043297563679516315
13027,0.008383065462112427
13028,0.008349749259650707
13029,0.004597994964569807
13030,0.008219526149332523
13031,0.0074789500795304775
13032,0.010885003954172134
13033,0.010336664505302906
13034,0.0070188455283641815
13035,0.007384918630123138
13036,0.009100980125367641
13037,0.01474298071116209
13038,0.004258902743458748
13039,0.00612988043576479
13040,0.006703768856823444
13041,0.005684696137905121
13042,0.010498221032321453
13043,0.0073704905807971954
13044,0.002809839090332389
13045,0.015547364018857479
13046,0.009857594966888428
13047,0.006834280677139759
13048,0.004022590350359678
13049,0.005671337246894836
13050,0.0032894271425902843
13051,0.0024155208375304937
13052,0.01405550166964531
13053,0.002646826207637787
13054,0.007779859937727451
13055,0.01316668838262558
13056,0.01931588351726532
13057,0.013970160856842995
13058,0.0021403259597718716
13059,0.004385652951896191
13060,0.009703597985208035
13061,0.01173727959394455
13062,0.006207053549587727
13063,0.002907960442826152
13064,0.015925347805023193
13065,0.01565687172114849
13066,0.006324675865471363
13067,0.0210949145257473
13068,0.009297767654061317
13069,0.008683250285685062
13070,0.012725986540317535
13071,0.011006462387740612
13072,0.005523860454559326
13073,0.043396588414907455
13074,0.009463611990213394
13075,0.015785669907927513
13076,0.005867750849574804
13077,0.005278374068439007
13078,0.0073557510040700436
13079,0.018297627568244934
13080,0.009935756213963032
13081,0.0037493593990802765
13082,0.014204098843038082
13083,0.0030861326958984137
13084,0.00616209302097559
13085,0.003483979729935527
13086,0.015184144489467144
13087,0.006177445407956839
13088,0.008317513391375542
13089,0.009049858897924423
13090,0.005613944958895445
13091,0.004409655462950468
13092,0.01043325662612915
13093,0.009444299153983593
13094,0.020845597609877586
13095,0.005582434590905905
13096,0.006359487771987915
13097,0.006934754550457001
13098,0.009805719368159771
13099,0.00754205510020256
13100,0.016249172389507294
13101,0.01646067202091217
13102,0.010289782658219337
13103,0.009237526915967464
13104,0.008837494999170303
13105,0.006086404900997877
13106,0.008737421594560146
13107,0.004247791133821011
13108,0.02140185795724392
13109,0.009373681619763374
13110,0.005549335386604071
13111,0.011541719548404217
13112,0.005604840349406004
13113,0.006909606512635946
13114,0.00740025844424963
13115,0.008361468091607094
13116,0.005375423468649387
13117,0.014277258887887001
13118,0.005666438490152359
13119,0.010776716284453869
13120,0.0036273847799748182
13121,0.009370232000946999
13122,0.011546152643859386
13123,0.0050489045679569244
13124,0.008468176238238811
13125,0.014429060742259026
13126,0.009445419535040855
13127,0.008590806275606155
13128,0.007371770218014717
13129,0.009882764890789986
13130,0.01426682062447071
13131,0.006962372921407223
13132,0.0036670439876616
13133,0.0024450537748634815
13134,0.002426576567813754
13135,0.014959911815822124
13136,0.012176327407360077
13137,0.005102087743580341
13138,0.00952485203742981
13139,0.012270106002688408
13140,0.016871675848960876
13141,0.012119120918214321
13142,0.008217423222959042
13143,0.007511117495596409
13144,0.006058303639292717
13145,0.0088922418653965
13146,0.007238316349685192
13147,0.008571906015276909
13148,0.01400878094136715
13149,0.019600797444581985
13150,0.009403682313859463
13151,0.005704658105969429
13152,0.004684378392994404
13153,0.006147321313619614
13154,0.006410747766494751
13155,0.013482874259352684
13156,0.005260308738797903
13157,0.01125594787299633
13158,0.012161454185843468
13159,0.014826612547039986
13160,0.005980268120765686
13161,0.006182595621794462
13162,0.009326351806521416
13163,0.008445323444902897
13164,0.010284830816090107
13165,0.0038581634871661663
13166,0.00437179347500205
13167,0.003508191090077162
13168,0.004197211004793644
13169,0.003644569544121623
13170,0.005708932876586914
13171,0.0149546442553401
13172,0.005394791718572378
13173,0.009581644088029861
13174,0.005309493280947208
13175,0.018434442579746246
13176,0.01021331176161766
13177,0.022917959839105606
13178,0.005623034201562405
13179,0.007116413675248623
13180,0.019664445891976357
13181,0.01292535662651062
13182,0.006009586155414581
13183,0.01149173267185688
13184,0.006627553608268499
13185,0.00760781392455101
13186,0.005112037993967533
13187,0.008592153899371624
13188,0.005872442852705717
13189,0.03009006194770336
13190,0.008391181007027626
13191,0.0034268766175955534
13192,0.010028587654232979
13193,0.008282635360956192
13194,0.008470411412417889
13195,0.025156613439321518
13196,0.009308988228440285
13197,0.006874737795442343
13198,0.014077002182602882
13199,0.04152467101812363
13200,0.013164861127734184
13201,0.005983971059322357
13202,0.0017008341383188963
13203,0.0036293871235102415
13204,0.007191861979663372
13205,0.011608235538005829
13206,0.0108095183968544
13207,0.006167856510728598
13208,0.012459954246878624
13209,0.007903611287474632
13210,0.007001873105764389
13211,0.00816438626497984
13212,0.007173558231443167
13213,0.03565123304724693
13214,0.0043376125395298
13215,0.008225571364164352
13216,0.007138123270124197
13217,0.005261498503386974
13218,0.009995409287512302
13219,0.006923220120370388
13220,0.0055680954828858376
13221,0.005941848270595074
13222,0.007511652074754238
13223,0.027422118932008743
13224,0.011415980756282806
13225,0.00687166815623641
13226,0.004612681921571493
13227,0.009082620963454247
13228,0.009942799806594849
13229,0.006648737005889416
13230,0.007859629578888416
13231,0.015523168258368969
13232,0.008103468455374241
13233,0.01800704002380371
13234,0.005175125785171986
13235,0.004474093206226826
13236,0.0157051682472229
13237,0.011274879798293114
13238,0.010545240715146065
13239,0.007129622623324394
13240,0.0031925502698868513
13241,0.0037647029384970665
13242,0.009895066730678082
13243,0.00784924067556858
13244,0.009276453405618668
13245,0.018000584095716476
13246,0.007544004824012518
13247,0.005785803310573101
13248,0.005157502368092537
13249,0.0025258571840822697
13250,0.011453697457909584
13251,0.006796912290155888
13252,0.005194053985178471
13253,0.00499764084815979
13254,0.006373395677655935
13255,0.0063286735676229
13256,0.00814218819141388
13257,0.006867198273539543
13258,0.007182014640420675
13259,0.008738498203456402
13260,0.02146305702626705
13261,0.02528431825339794
13262,0.011357391253113747
13263,0.0034009558148682117
13264,0.008586464449763298
13265,0.006927502807229757
13266,0.0030699975322932005
13267,0.0046509187668561935
13268,0.013231049291789532
13269,0.0069074854254722595
13270,0.013251714408397675
13271,0.013007249683141708
13272,0.007604802027344704
13273,0.005460656248033047
13274,0.003862143959850073
13275,0.007085349410772324
13276,0.016326656565070152
13277,0.005799553357064724
13278,0.003967804368585348
13279,0.009858019649982452
13280,0.014273032546043396
13281,0.007931483909487724
13282,0.010141490027308464
13283,0.010488639585673809
13284,0.008828803896903992
13285,0.01723361387848854
13286,0.004478917457163334
13287,0.004443243145942688
13288,0.012154470197856426
13289,0.0062070428393781185
13290,0.00747847743332386
13291,0.02292107604444027
13292,0.005045528989285231
13293,0.013865984976291656
13294,0.008026914671063423
13295,0.006481304299086332
13296,0.015109110623598099
13297,0.01973331905901432
13298,0.0072449324652552605
13299,0.009807763621211052
13300,0.006535697728395462
13301,0.009289468638598919
13302,0.004853916820138693
13303,0.005404636263847351
13304,0.007764200679957867
13305,0.008023545145988464
13306,0.004573966842144728
13307,0.0046113478019833565
13308,0.005523080937564373
13309,0.01570795103907585
13310,0.004834294319152832
13311,0.005884282290935516
13312,0.011855262331664562
13313,0.018449705094099045
13314,0.0057146428152918816
13315,0.008378095924854279
13316,0.007115975022315979
13317,0.006789111997932196
13318,0.0052069020457565784
13319,0.004039064049720764
13320,0.002325124107301235
13321,0.024949029088020325
13322,0.014252002350986004
13323,0.017571503296494484
13324,0.00396887119859457
13325,0.011973525397479534
13326,0.005227640271186829
13327,0.007342684548348188
13328,0.011687214486300945
13329,0.00597304617986083
13330,0.006394694559276104
13331,0.004264191724359989
13332,0.011387398466467857
13333,0.004273279570043087
13334,0.0021669557318091393
13335,0.011038994416594505
13336,0.007696133106946945
13337,0.004045519977807999
13338,0.004837830550968647
13339,0.011191233992576599
13340,0.014878129586577415
13341,0.003082687733694911
13342,0.008812984451651573
13343,0.01956571638584137
13344,0.024135395884513855
13345,0.011621033772826195
13346,0.012881368398666382
13347,0.0031850438099354506
13348,0.005859403870999813
13349,0.00908665731549263
13350,0.00787767581641674
13351,0.008450740948319435
13352,0.018422765657305717
13353,0.014698687940835953
13354,0.003158795414492488
13355,0.003931635059416294
13356,0.004037112928926945
13357,0.006542140617966652
13358,0.007495540659874678
13359,0.012413094751536846
13360,0.005497659556567669
13361,0.0382879376411438
13362,0.0130283422768116
13363,0.006602234207093716
13364,0.0058150640688836575
13365,0.017192866653203964
13366,0.013535800389945507
13367,0.006061146035790443
13368,0.009223363362252712
13369,0.003629168961197138
13370,0.011879953555762768
13371,0.012892685830593109
13372,0.006739521399140358
13373,0.01190574374049902
13374,0.009000717662274837
13375,0.009847478941082954
13376,0.005530345253646374
13377,0.0075851669535040855
13378,0.005189573857933283
13379,0.0042347656562924385
13380,0.005810161121189594
13381,0.006651498377323151
13382,0.002443925244733691
13383,0.012316117994487286
13384,0.013855770230293274
13385,0.007490994408726692
13386,0.0070513649843633175
13387,0.01727186143398285
13388,0.002462339121848345
13389,0.006354248151183128
13390,0.011610373854637146
13391,0.03348048776388168
13392,0.0029542353004217148
13393,0.011308513581752777
13394,0.0043465434573590755
13395,0.004645056556910276
13396,0.025056201964616776
13397,0.023156486451625824
13398,0.008688940666615963
13399,0.010309942066669464
13400,0.004443859215825796
13401,0.0052214148454368114
13402,0.01579705812036991
13403,0.002932123839855194
13404,0.012165835127234459
13405,0.007491947617381811
13406,0.008697738870978355
13407,0.0073774103075265884
13408,0.0035019281785935163
13409,0.008588725700974464
13410,0.005249402951449156
13411,0.005022066179662943
13412,0.007295270916074514
13413,0.007068824954330921
13414,0.020122554153203964
13415,0.008721718564629555
13416,0.0030283918604254723
13417,0.009100183844566345
13418,0.005937488283962011
13419,0.006772923283278942
13420,0.006301421672105789
13421,0.0076341754756867886
13422,0.009583596140146255
13423,0.014331813901662827
13424,0.0031609549187123775
13425,0.005981540307402611
13426,0.00857952143996954
13427,0.011390246450901031
13428,0.024637257680296898
13429,0.007311189081519842
13430,0.007621292024850845
13431,0.008953440934419632
13432,0.009869690984487534
13433,0.0037481579929590225
13434,0.008635209873318672
13435,0.0064321113750338554
13436,0.015322497114539146
13437,0.01716563105583191
13438,0.013995255343616009
13439,0.010809013620018959
13440,0.008252447471022606
13441,0.007259294390678406
13442,0.004877639468759298
13443,0.0049584670923650265
13444,0.0026590514462441206
13445,0.011454611085355282
13446,0.011256024241447449
13447,0.0019313351949676871
13448,0.003060006070882082
13449,0.008260024711489677
13450,0.009965392760932446
13451,0.0070769814774394035
13452,0.0089144641533494
13453,0.008121085353195667
13454,0.006742436438798904
13455,0.009921601042151451
13456,0.007174899335950613
13457,0.00637883972376585
13458,0.007994887419044971
13459,0.006990254856646061
13460,0.009375248104333878
13461,0.008115546777844429
13462,0.007440604269504547
13463,0.0048852949403226376
13464,0.008019087836146355
13465,0.007355017121881247
13466,0.004142523743212223
13467,0.024515274912118912
13468,0.005716250743716955
13469,0.00765798008069396
13470,0.004468059632927179
13471,0.008359651081264019
13472,0.010131213814020157
13473,0.006139786448329687
13474,0.018577374517917633
13475,0.008008493110537529
13476,0.005480293184518814
13477,0.005669452250003815
13478,0.023291349411010742
13479,0.006111333146691322
13480,0.010312936268746853
13481,0.004443376325070858
13482,0.007119555026292801
13483,0.005980469286441803
13484,0.0062134526669979095
13485,0.0040192450396716595
13486,0.009092540480196476
13487,0.004195559769868851
13488,0.007108996622264385
13489,0.011957230977714062
13490,0.006786191835999489
13491,0.003381164278835058
13492,0.0028724621515721083
13493,0.0069730086252093315
13494,0.010424137115478516
13495,0.010069655254483223
13496,0.009347612969577312
13497,0.011232230812311172
13498,0.01057920791208744
13499,0.013117681257426739
13500,0.013754619285464287
13501,0.005581138655543327
13502,0.001901648472994566
13503,0.004951165523380041
13504,0.010743042454123497
13505,0.011074041947722435
13506,0.008569320663809776
13507,0.025202833116054535
13508,0.007985381409525871
13509,0.011487549170851707
13510,0.009236890822649002
13511,0.005557652097195387
13512,0.0047273035161197186
13513,0.008391318842768669
13514,0.003871598979458213
13515,0.0040487805381417274
13516,0.009007634595036507
13517,0.004742342047393322
13518,0.004843133967369795
13519,0.0080643929541111
13520,0.010395029559731483
13521,0.024689991027116776
13522,0.013773694634437561
13523,0.01367231272161007
13524,0.010697446763515472
13525,0.009876441210508347
13526,0.004908175673335791
13527,0.009479139000177383
13528,0.012841238640248775
13529,0.0039006974548101425
13530,0.004119198769330978
13531,0.01001969538629055
13532,0.0057466826401650906
13533,0.002468900755047798
13534,0.00742096034809947
13535,0.030180705711245537
13536,0.018837692216038704
13537,0.012422017753124237
13538,0.00567440502345562
13539,0.005268515087664127
13540,0.007037920877337456
13541,0.0043830880895257
13542,0.007378861308097839
13543,0.02008836343884468
13544,0.009761025197803974
13545,0.005165207199752331
13546,0.006308224983513355
13547,0.007874146103858948
13548,0.014488765969872475
13549,0.006452369503676891
13550,0.0046661789529025555
13551,0.02741701900959015
13552,0.0033960144501179457
13553,0.005109600722789764
13554,0.0027985437773168087
13555,0.005452532321214676
13556,0.002554669277742505
13557,0.02502526342868805
13558,0.003455661004409194
13559,0.005079510621726513
13560,0.007839562371373177
13561,0.005638559814542532
13562,0.006338354200124741
13563,0.007434885948896408
13564,0.004726269748061895
13565,0.01545679196715355
13566,0.009241199120879173
13567,0.0033227212261408567
13568,0.02293788641691208
13569,0.010336587205529213
13570,0.00996622908860445
13571,0.008788255974650383
13572,0.007427695672959089
13573,0.0063007972203195095
13574,0.004992559552192688
13575,0.018442977219820023
13576,0.00845426321029663
13577,0.005408048629760742
13578,0.009908109903335571
13579,0.0100241769105196
13580,0.010431019589304924
13581,0.007997054606676102
13582,0.004374257288873196
13583,0.00508694164454937
13584,0.009532690048217773
13585,0.007874216884374619
13586,0.009836552664637566
13587,0.009994013234972954
13588,0.022566040977835655
13589,0.006203146185725927
13590,0.0024033791851252317
13591,0.011341447941958904
13592,0.003880617208778858
13593,0.009114536456763744
13594,0.004796061664819717
13595,0.005456688813865185
13596,0.043548982590436935
13597,0.006580468267202377
13598,0.0023214900866150856
13599,0.01833410933613777
13600,0.006835000589489937
13601,0.01036333478987217
13602,0.002145499922335148
13603,0.00370786152780056
13604,0.005014798603951931
13605,0.005712322890758514
13606,0.027603691443800926
13607,0.019631680101156235
13608,0.0034694725181907415
13609,0.006889368873089552
13610,0.008350323885679245
13611,0.012533867731690407
13612,0.0024535104166716337
13613,0.0041318293660879135
13614,0.005629097577184439
13615,0.012548880651593208
13616,0.00713693629950285
13617,0.009321147575974464
13618,0.009015469811856747
13619,0.004428103566169739
13620,0.004706414416432381
13621,0.009120790287852287
13622,0.0063984589651227
13623,0.013950682245194912
13624,0.011025196872651577
13625,0.004414687864482403
13626,0.0044257803820073605
13627,0.013670280575752258
13628,0.0034179501235485077
13629,0.007359059061855078
13630,0.004090324975550175
13631,0.018743325024843216
13632,0.012188605964183807
13633,0.010327596217393875
13634,0.012619043700397015
13635,0.01718626171350479
13636,0.008507429622113705
13637,0.009032833389937878
13638,0.0023006906267255545
13639,0.009095873683691025
13640,0.004117995500564575
13641,0.007456142455339432
13642,0.0035253330133855343
13643,0.013679767027497292
13644,0.009945827536284924
13645,0.004408814944326878
13646,0.010327722877264023
13647,0.007039287127554417
13648,0.006087268702685833
13649,0.009398049674928188
13650,0.006101369857788086
13651,0.007128461264073849
13652,0.004876031540334225
13653,0.005378483794629574
13654,0.00997049268335104
13655,0.006663113832473755
13656,0.0028436006978154182
13657,0.013544194400310516
13658,0.009412646293640137
13659,0.008219229988753796
13660,0.004543227609246969
13661,0.00958714634180069
13662,0.0043115150183439255
13663,0.00819335039705038
13664,0.007457073777914047
13665,0.010588278993964195
13666,0.00366104394197464
13667,0.013188506476581097
13668,0.0033703770022839308
13669,0.014709964394569397
13670,0.01759389601647854
13671,0.015363255515694618
13672,0.027027782052755356
13673,0.010246921330690384
13674,0.006126872729510069
13675,0.014589923433959484
13676,0.008115027099847794
13677,0.009162004105746746
13678,0.006066176574677229
13679,0.0047137122601270676
13680,0.012398844584822655
13681,0.010037556290626526
13682,0.00946979969739914
13683,0.0056028529070317745
13684,0.00871818233281374
13685,0.0021732705645263195
13686,0.005324852652847767
13687,0.004053931217640638
13688,0.007064101751893759
13689,0.011007256805896759
13690,0.0061239153146743774
13691,0.004189460538327694
13692,0.007111822720617056
13693,0.009458811022341251
13694,0.0077319699339568615
13695,0.006226572208106518
13696,0.007806409150362015
13697,0.011379549279808998
13698,0.0028568271081894636
13699,0.005010458640754223
13700,0.004529189318418503
13701,0.00372242066077888
13702,0.007241603918373585
13703,0.011279228143393993
13704,0.004785988479852676
13705,0.0026052198372781277
13706,0.009808773174881935
13707,0.00947729405015707
13708,0.004249618388712406
13709,0.006969771347939968
13710,0.010368593968451023
13711,0.008466919884085655
13712,0.007773231714963913
13713,0.009483463130891323
13714,0.0061046890914440155
13715,0.010921590030193329
13716,0.005760770291090012
13717,0.020273949950933456
13718,0.0028329805936664343
13719,0.0034267455339431763
13720,0.005424348171800375
13721,0.009581707417964935
13722,0.005799506790935993
13723,0.015520881861448288
13724,0.010352510958909988
13725,0.008494147099554539
13726,0.00257323682308197
13727,0.008101600222289562
13728,0.008546849712729454
13729,0.00669604679569602
13730,0.008504010736942291
13731,0.006208951584994793
13732,0.005703259259462357
13733,0.005839790217578411
13734,0.005692729726433754
13735,0.006149119697511196
13736,0.004417225252836943
13737,0.005858737975358963
13738,0.010392416268587112
13739,0.01110405009239912
13740,0.004715564660727978
13741,0.007109382189810276
13742,0.006142949685454369
13743,0.024929821491241455
13744,0.011438585817813873
13745,0.008290806785225868
13746,0.0056717186234891415
13747,0.003506177105009556
13748,0.017230473458766937
13749,0.005942975636571646
13750,0.008773299865424633
13751,0.006528051104396582
13752,0.005316277965903282
13753,0.010899962857365608
13754,0.009881540201604366
13755,0.013608964160084724
13756,0.01114809513092041
13757,0.006717611104249954
13758,0.00625643040984869
13759,0.003753669559955597
13760,0.010036712512373924
13761,0.018374811857938766
13762,0.008317598141729832
13763,0.003370582591742277
13764,0.019768377766013145
13765,0.008632665500044823
13766,0.00595193263143301
13767,0.008278298191726208
13768,0.004127382300794125
13769,0.014763942919671535
13770,0.008109459653496742
13771,0.01587119698524475
13772,0.014092383906245232
13773,0.009067663922905922
13774,0.009549455717206001
13775,0.014490115456283092
13776,0.01915333978831768
13777,0.0022874113637953997
13778,0.015515072271227837
13779,0.005874090828001499
13780,0.015252473764121532
13781,0.005381851457059383
13782,0.00991855189204216
13783,0.007061467505991459
13784,0.02853098139166832
13785,0.006997862830758095
13786,0.005277292802929878
13787,0.0088170962408185
13788,0.020390257239341736
13789,0.0034563392400741577
13790,0.01559661328792572
13791,0.008409314788877964
13792,0.011428466066718102
13793,0.004578400403261185
13794,0.006588423158973455
13795,0.0064047835767269135
13796,0.006098284851759672
13797,0.00721831014379859
13798,0.004035717807710171
13799,0.0062720621936023235
13800,0.008113263174891472
13801,0.0030569727532565594
13802,0.020537789911031723
13803,0.0057607656344771385
13804,0.004065855871886015
13805,0.008730041794478893
13806,0.004235052969306707
13807,0.007312255911529064
13808,0.01580658368766308
13809,0.006294350139796734
13810,0.012851479463279247
13811,0.007858917117118835
13812,0.02520715445280075
13813,0.015144201926887035
13814,0.006223098840564489
13815,0.0047553228214383125
13816,0.006457315292209387
13817,0.012396230362355709
13818,0.012920474633574486
13819,0.0208774171769619
13820,0.005752356257289648
13821,0.015388070605695248
13822,0.00498223165050149
13823,0.012065654620528221
13824,0.00397519301623106
13825,0.008030249737203121
13826,0.020554471760988235
13827,0.0051405951380729675
13828,0.010358932428061962
13829,0.007732791360467672
13830,0.007621328346431255
13831,0.00928831472992897
13832,0.012026793323457241
13833,0.016204196959733963
13834,0.004829061217606068
13835,0.0075044333934783936
13836,0.005120771937072277
13837,0.006323214620351791
13838,0.010001027956604958
13839,0.012667420320212841
13840,0.006075283046811819
13841,0.0036872983910143375
13842,0.007971283048391342
13843,0.0027182414196431637
13844,0.0027060832362622023
13845,0.0050275446847081184
13846,0.0056853098794817924
13847,0.011355772614479065
13848,0.004620659165084362
13849,0.01119016669690609
13850,0.00885852798819542
13851,0.012731625698506832
13852,0.00613174494355917
13853,0.005236503668129444
13854,0.004884812049567699
13855,0.009910665452480316
13856,0.007093079388141632
13857,0.009327175095677376
13858,0.004083308391273022
13859,0.01088065467774868
13860,0.007343207951635122
13861,0.007586584892123938
13862,0.003922297619283199
13863,0.022264091297984123
13864,0.0059942826628685
13865,0.007074921391904354
13866,0.003257388947531581
13867,0.026843039318919182
13868,0.02634364925324917
13869,0.012509051710367203
13870,0.005353087559342384
13871,0.0034282556734979153
13872,0.004999059718102217
13873,0.01566900871694088
13874,0.013087275438010693
13875,0.007966220378875732
13876,0.03402085602283478
13877,0.005368899554014206
13878,0.012899349443614483
13879,0.010868127457797527
13880,0.004335061646997929
13881,0.004834691062569618
13882,0.009469792246818542
13883,0.009540826082229614
13884,0.006310801021754742
13885,0.0041318922303617
13886,0.010106217116117477
13887,0.006701884791254997
13888,0.005481630563735962
13889,0.01908750832080841
13890,0.011670204810798168
13891,0.00362052908167243
13892,0.0034327497705817223
13893,0.003934246487915516
13894,0.015232572332024574
13895,0.007480349391698837
13896,0.007380249910056591
13897,0.005230209790170193
13898,0.009265435859560966
13899,0.005117820575833321
13900,0.009990776889026165
13901,0.0034175836481153965
13902,0.007063690572977066
13903,0.00844015646725893
13904,0.008095973171293736
13905,0.010931975208222866
13906,0.013826544396579266
13907,0.006796830799430609
13908,0.011402104049921036
13909,0.012314815074205399
13910,0.006334811449050903
13911,0.005574969109147787
13912,0.010939939878880978
13913,0.006825721822679043
13914,0.004756305366754532
13915,0.014739993028342724
13916,0.00653612008318305
13917,0.013617596589028835
13918,0.018123794347047806
13919,0.007004746701568365
13920,0.005814415868371725
13921,0.0021804608404636383
13922,0.03265189379453659
13923,0.010417280718684196
13924,0.007514623459428549
13925,0.004259340465068817
13926,0.012972680851817131
13927,0.015527056530117989
13928,0.005012755282223225
13929,0.00824307557195425
13930,0.009168751537799835
13931,0.00508998055011034
13932,0.003385556396096945
13933,0.015450036153197289
13934,0.0047989534214138985
13935,0.004039438907057047
13936,0.015590663067996502
13937,0.013584645465016365
13938,0.02391057088971138
13939,0.009208560921251774
13940,0.006188040133565664
13941,0.007409675978124142
13942,0.004340238403528929
13943,0.00844615325331688
13944,0.006445786915719509
13945,0.009576084092259407
13946,0.011168222874403
13947,0.00672519113868475
13948,0.0033759435173124075
13949,0.0044458783231675625
13950,0.008019919507205486
13951,0.008401811122894287
13952,0.003080963157117367
13953,0.004306592047214508
13954,0.013941040262579918
13955,0.010179411619901657
13956,0.011859948746860027
13957,0.003751171287149191
13958,0.007052081637084484
13959,0.010536710731685162
13960,0.009939568117260933
13961,0.004065638408064842
13962,0.006178451236337423
13963,0.007198041304945946
13964,0.00863453559577465
13965,0.009848389774560928
13966,0.005475623067468405
13967,0.0013161840615794063
13968,0.007731271907687187
13969,0.006840855814516544
13970,0.007639610208570957
13971,0.0037402042653411627
13972,0.006445522885769606
13973,0.00608246773481369
13974,0.007761714980006218
13975,0.008817508816719055
13976,0.01970960572361946
13977,0.011606859974563122
13978,0.00445487629622221
13979,0.008139889687299728
13980,0.004926163237541914
13981,0.0109859062358737
13982,0.004040493629872799
13983,0.019470810890197754
13984,0.008250011131167412
13985,0.011970264837145805
13986,0.010490333661437035
13987,0.001974206417798996
13988,0.008656943216919899
13989,0.012252393178641796
13990,0.009746601805090904
13991,0.009989316575229168
13992,0.009478838182985783
13993,0.008688232861459255
13994,0.004657169803977013
13995,0.0032977694645524025
13996,0.013713058084249496
13997,0.004127470310777426
13998,0.0057856980711221695
13999,0.014859845861792564
14000,0.00944553129374981
14001,0.006244908552616835
14002,0.003966084681451321
14003,0.011642838828265667
14004,0.0031942673958837986
14005,0.005482511129230261
14006,0.0068489378318190575
14007,0.00616797199472785
14008,0.006584926508367062
14009,0.015113296918570995
14010,0.004066416993737221
14011,0.010799750685691833
14012,0.004878058098256588
14013,0.004724504426121712
14014,0.004480089992284775
14015,0.005723129026591778
14016,0.0034585422836244106
14017,0.004185650497674942
14018,0.009470604360103607
14019,0.009161949157714844
14020,0.012007256969809532
14021,0.005153973586857319
14022,0.01814001053571701
14023,0.004548936150968075
14024,0.004694064147770405
14025,0.004763645585626364
14026,0.002277048071846366
14027,0.00827373843640089
14028,0.01099637895822525
14029,0.008950836025178432
14030,0.0035108551383018494
14031,0.00556208286434412
14032,0.009292466565966606
14033,0.003578494768589735
14034,0.005310465581715107
14035,0.01674974523484707
14036,0.004212590865790844
14037,0.008655564859509468
14038,0.025109102949500084
14039,0.004493642598390579
14040,0.011972125619649887
14041,0.007029155269265175
14042,0.002908252878114581
14043,0.005214187316596508
14044,0.004941342398524284
14045,0.004584719426929951
14046,0.009519731625914574
14047,0.006264158990234137
14048,0.003612631931900978
14049,0.003575138282030821
14050,0.007702905219048262
14051,0.01662730798125267
14052,0.004918005783110857
14053,0.0014680394669994712
14054,0.013116562739014626
14055,0.015573116950690746
14056,0.013255169615149498
14057,0.009114512242376804
14058,0.0027673449367284775
14059,0.008004061877727509
14060,0.002484247088432312
14061,0.006527976598590612
14062,0.004470767918974161
14063,0.012735667638480663
14064,0.0041524204425513744
14065,0.019836921244859695
14066,0.022520791739225388
14067,0.007686837576329708
14068,0.005159156862646341
14069,0.008494531735777855
14070,0.005978358443826437
14071,0.007348134182393551
14072,0.004230375401675701
14073,0.0028877805452793837
14074,0.007331048604100943
14075,0.005857476964592934
14076,0.003638667520135641
14077,0.011286626569926739
14078,0.0063582127913832664
14079,0.025113172829151154
14080,0.008265961892902851
14081,0.022342052310705185
14082,0.005018484778702259
14083,0.01774231344461441
14084,0.012243688106536865
14085,0.0030558842699974775
14086,0.0032532433979213238
14087,0.006721042096614838
14088,0.020097186788916588
14089,0.005691973026841879
14090,0.011536121368408203
14091,0.005063660442829132
14092,0.012026077136397362
14093,0.005075083579868078
14094,0.0024787122383713722
14095,0.015264811925590038
14096,0.009597675874829292
14097,0.014303668402135372
14098,0.01042378693819046
14099,0.0137998778373003
14100,0.0040823533199727535
14101,0.01106281578540802
14102,0.006966547574847937
14103,0.006076976656913757
14104,0.00936958473175764
14105,0.009434319101274014
14106,0.00696938019245863
14107,0.006109693553298712
14108,0.008738636039197445
14109,0.006223795469850302
14110,0.008612215518951416
14111,0.006807642988860607
14112,0.007046149577945471
14113,0.005842370446771383
14114,0.004855543375015259
14115,0.005134556442499161
14116,0.007005384191870689
14117,0.005258139222860336
14118,0.013943156227469444
14119,0.05371484160423279
14120,0.004822219721972942
14121,0.00876860972493887
14122,0.013008013367652893
14123,0.008098742924630642
14124,0.004153765272349119
14125,0.013286485336720943
14126,0.0066760326735675335
14127,0.006939520128071308
14128,0.005149371922016144
14129,0.011291846632957458
14130,0.012511427514255047
14131,0.017333608120679855
14132,0.00746076088398695
14133,0.011567261070013046
14134,0.003338663838803768
14135,0.011764569208025932
14136,0.004819313995540142
14137,0.0034464101772755384
14138,0.003787960857152939
14139,0.01564900577068329
14140,0.010854202322661877
14141,0.012978104874491692
14142,0.0049446625635027885
14143,0.02090936154127121
14144,0.008279155008494854
14145,0.00688205985352397
14146,0.004538110923022032
14147,0.009751605801284313
14148,0.005522682331502438
14149,0.00806361623108387
14150,0.004269137047231197
14151,0.005065379664301872
14152,0.014811581932008266
14153,0.0095043471083045
14154,0.00784141942858696
14155,0.008988378569483757
14156,0.009342465549707413
14157,0.010234788991510868
14158,0.004300936125218868
14159,0.011404065415263176
14160,0.004733799956738949
14161,0.011517523787915707
14162,0.0076427096500992775
14163,0.004256639629602432
14164,0.004150974098592997
14165,0.009632750414311886
14166,0.0058081368915736675
14167,0.016216760501265526
14168,0.006770246662199497
14169,0.007435329258441925
14170,0.004348629154264927
14171,0.006889483891427517
14172,0.007007993757724762
14173,0.016571233049035072
14174,0.009692011401057243
14175,0.0048383912071585655
14176,0.007402187213301659
14177,0.002631444251164794
14178,0.012382514774799347
14179,0.004258092492818832
14180,0.008933892473578453
14181,0.017357034608721733
14182,0.0054891956970095634
14183,0.009088829159736633
14184,0.0026859845966100693
14185,0.003300907788798213
14186,0.011261411011219025
14187,0.009244642220437527
14188,0.007853161543607712
14189,0.004367114044725895
14190,0.01703101396560669
14191,0.0035220249556005
14192,0.009681410156190395
14193,0.006160697899758816
14194,0.006082477979362011
14195,0.004866807255893946
14196,0.0038315828423947096
14197,0.005262599792331457
14198,0.006401173770427704
14199,0.0040017482824623585
14200,0.002567268442362547
14201,0.006857132073491812
14202,0.0058501288294792175
14203,0.004957312718033791
14204,0.017933044582605362
14205,0.017578287050127983
14206,0.010078809224069118
14207,0.006379080004990101
14208,0.004952392540872097
14209,0.010525908321142197
14210,0.007935238070786
14211,0.005663237534463406
14212,0.013714688830077648
14213,0.012999462895095348
14214,0.008650241419672966
14215,0.014464851468801498
14216,0.01716659963130951
14217,0.006869115866720676
14218,0.008270857855677605
14219,0.010543836280703545
14220,0.013511165976524353
14221,0.007021477445960045
14222,0.012520873919129372
14223,0.025453342124819756
14224,0.005212337709963322
14225,0.005757377482950687
14226,0.005470787640661001
14227,0.007086062338203192
14228,0.004480975680053234
14229,0.004116254858672619
14230,0.011582812294363976
14231,0.005454841069877148
14232,0.0075803473591804504
14233,0.007378080394119024
14234,0.008433673530817032
14235,0.007627537474036217
14236,0.011494472622871399
14237,0.014099008403718472
14238,0.015521313063800335
14239,0.007353655062615871
14240,0.009853566996753216
14241,0.006930997595191002
14242,0.007650736719369888
14243,0.010817980393767357
14244,0.011610756628215313
14245,0.00759448017925024
14246,0.00715041346848011
14247,0.015200508758425713
14248,0.0044977739453315735
14249,0.0023134080693125725
14250,0.005640141200274229
14251,0.006428719963878393
14252,0.016528291627764702
14253,0.00726743508130312
14254,0.007333794143050909
14255,0.004900097381323576
14256,0.004410009831190109
14257,0.006472266279160976
14258,0.007877318188548088
14259,0.014110181480646133
14260,0.004530464299023151
14261,0.003400487592443824
14262,0.0036042891442775726
14263,0.006543596740812063
14264,0.013558842241764069
14265,0.007116624619811773
14266,0.007827511988580227
14267,0.004373837728053331
14268,0.008777229115366936
14269,0.007855038158595562
14270,0.006602035369724035
14271,0.009542515501379967
14272,0.011771857738494873
14273,0.00930747389793396
14274,0.006040932610630989
14275,0.03854750096797943
14276,0.00877237506210804
14277,0.016649767756462097
14278,0.004450055304914713
14279,0.010825023055076599
14280,0.026376143097877502
14281,0.0031773175578564405
14282,0.005890288855880499
14283,0.008201929740607738
14284,0.00781983695924282
14285,0.015418301336467266
14286,0.009266192093491554
14287,0.003703950671479106
14288,0.004592261742800474
14289,0.02835589274764061
14290,0.0036584490444511175
14291,0.004643628373742104
14292,0.004863940645009279
14293,0.00687045743688941
14294,0.008089161477982998
14295,0.007045800797641277
14296,0.0068344250321388245
14297,0.007214659359306097
14298,0.004300366155803204
14299,0.00771303428336978
14300,0.008926600217819214
14301,0.01430048793554306
14302,0.007220377214252949
14303,0.00926012173295021
14304,0.008387112990021706
14305,0.013467821292579174
14306,0.006951113697141409
14307,0.004531379789113998
14308,0.0135650634765625
14309,0.009806434623897076
14310,0.011107705533504486
14311,0.010025802068412304
14312,0.007579372730106115
14313,0.007390748709440231
14314,0.007440140005201101
14315,0.0054909526370465755
14316,0.014936789870262146
14317,0.011056045070290565
14318,0.009714451618492603
14319,0.004809580743312836
14320,0.006240142043679953
14321,0.010523555800318718
14322,0.005143360234797001
14323,0.005603437777608633
14324,0.010610759258270264
14325,0.010623259469866753
14326,0.0054591745138168335
14327,0.009505202062427998
14328,0.007900761440396309
14329,0.0053597367368638515
14330,0.012678857892751694
14331,0.006957815028727055
14332,0.0245419442653656
14333,0.009736212901771069
14334,0.011616934090852737
14335,0.009367547929286957
14336,0.006148096174001694
14337,0.015535194426774979
14338,0.018038559705018997
14339,0.01372168492525816
14340,0.007025901228189468
14341,0.003782422747462988
14342,0.002560975030064583
14343,0.01598546653985977
14344,0.014633655548095703
14345,0.008782113902270794
14346,0.004030104260891676
14347,0.0064236558973789215
14348,0.011374208144843578
14349,0.0037367017939686775
14350,0.006009308155626059
14351,0.023512139916419983
14352,0.008262625895440578
14353,0.016079841181635857
14354,0.008682139217853546
14355,0.009295381605625153
14356,0.008097602054476738
14357,0.010467104613780975
14358,0.009326416999101639
14359,0.004441961646080017
14360,0.007276414893567562
14361,0.009483379311859608
14362,0.0042574843391776085
14363,0.005828870460391045
14364,0.0039556133560836315
14365,0.007838744670152664
14366,0.013078289106488228
14367,0.009530513547360897
14368,0.00539045175537467
14369,0.014780845493078232
14370,0.015548814088106155
14371,0.006428670138120651
14372,0.007574434392154217
14373,0.010571250692009926
14374,0.014550121501088142
14375,0.008579383604228497
14376,0.016514252871274948
14377,0.01872239261865616
14378,0.010657509788870811
14379,0.017591435462236404
14380,0.020852675661444664
14381,0.007112476974725723
14382,0.01254359632730484
14383,0.007146028336137533
14384,0.0075580645352602005
14385,0.006609824486076832
14386,0.008478209376335144
14387,0.008540701121091843
14388,0.005902428179979324
14389,0.00915840920060873
14390,0.006350467912852764
14391,0.009266253560781479
14392,0.003965277224779129
14393,0.010874765925109386
14394,0.01129371952265501
14395,0.005363906733691692
14396,0.0047928704880177975
14397,0.010487092658877373
14398,0.012724606320261955
14399,0.007338709197938442
14400,0.011029334738850594
14401,0.009751016274094582
14402,0.007418112363666296
14403,0.01231077965348959
14404,0.009593870490789413
14405,0.004606842063367367
14406,0.006268184632062912
14407,0.007979420945048332
14408,0.00632496178150177
14409,0.0031948452815413475
14410,0.01245415210723877
14411,0.006084974389523268
14412,0.005982917733490467
14413,0.009203660301864147
14414,0.006550648249685764
14415,0.0029767088126391172
14416,0.00589007418602705
14417,0.009361114352941513
14418,0.004246035125106573
14419,0.010979603976011276
14420,0.016370099037885666
14421,0.005778810940682888
14422,0.004820393398404121
14423,0.00695138331502676
14424,0.007099402602761984
14425,0.010556048713624477
14426,0.008215373381972313
14427,0.003558139083907008
14428,0.00690281018614769
14429,0.0035763136111199856
14430,0.008210590109229088
14431,0.013848138973116875
14432,0.009629215113818645
14433,0.006434324663132429
14434,0.015756458044052124
14435,0.009542894549667835
14436,0.007654245942831039
14437,0.01383817009627819
14438,0.003267731284722686
14439,0.004610452335327864
14440,0.011329944245517254
14441,0.0055065639317035675
14442,0.0071766311302781105
14443,0.004162563011050224
14444,0.008486209437251091
14445,0.007861055433750153
14446,0.0029149155598133802
14447,0.004135992377996445
14448,0.0036167120561003685
14449,0.008492639288306236
14450,0.011605819687247276
14451,0.00996165256947279
14452,0.011621905490756035
14453,0.013418205082416534
14454,0.008480723015964031
14455,0.0138072669506073
14456,0.0056268759071826935
14457,0.01186801865696907
14458,0.009048936888575554
14459,0.011909864842891693
14460,0.005624699406325817
14461,0.005484528373926878
14462,0.004524427931755781
14463,0.01759764924645424
14464,0.009667063131928444
14465,0.02147739753127098
14466,0.01086984109133482
14467,0.010378473438322544
14468,0.00355493719689548
14469,0.002112380228936672
14470,0.003235302632674575
14471,0.015699215233325958
14472,0.003609936684370041
14473,0.005599220748990774
14474,0.011329283937811852
14475,0.013454677537083626
14476,0.011062605306506157
14477,0.006910841912031174
14478,0.004677976481616497
14479,0.0148670244961977
14480,0.039660435169935226
14481,0.012207376770675182
14482,0.006982604973018169
14483,0.005215783603489399
14484,0.0029748163651674986
14485,0.007988884113729
14486,0.009873611852526665
14487,0.004250163212418556
14488,0.015722326934337616
14489,0.007404115051031113
14490,0.008294428698718548
14491,0.012116378173232079
14492,0.00860084593296051
14493,0.004882493056356907
14494,0.004314499907195568
14495,0.008034495636820793
14496,0.014378329738974571
14497,0.004421423655003309
14498,0.007047903724014759
14499,0.013227120041847229
14500,0.009379868395626545
14501,0.007478255778551102
14502,0.00904143787920475
14503,0.024849846959114075
14504,0.0054884715937078
14505,0.008270474150776863
14506,0.005865223705768585
14507,0.005947238765656948
14508,0.020721225067973137
14509,0.00795832835137844
14510,0.009808125905692577
14511,0.0070912702940404415
14512,0.002476345282047987
14513,0.008346847258508205
14514,0.011179225519299507
14515,0.010273613035678864
14516,0.010683618485927582
14517,0.008302547037601471
14518,0.005550924222916365
14519,0.010176002979278564
14520,0.006101707927882671
14521,0.010450441390275955
14522,0.011848090216517448
14523,0.013656976632773876
14524,0.010270438157022
14525,0.005719579756259918
14526,0.007387098856270313
14527,0.0024972388055175543
14528,0.007040116935968399
14529,0.008143607527017593
14530,0.005857336800545454
14531,0.0026400096248835325
14532,0.008573436178267002
14533,0.006170682143419981
14534,0.02007540687918663
14535,0.01690400391817093
14536,0.005327204242348671
14537,0.0063833510503172874
14538,0.004794599022716284
14539,0.011411494575440884
14540,0.0020399612840265036
14541,0.017740458250045776
14542,0.010708210989832878
14543,0.005107796750962734
14544,0.005572101101279259
14545,0.007448715157806873
14546,0.008988413959741592
14547,0.008089675568044186
14548,0.005960855633020401
14549,0.00785062275826931
14550,0.003456174163147807
14551,0.009681351482868195
14552,0.007091890089213848
14553,0.011191032826900482
14554,0.004669572226703167
14555,0.006717198994010687
14556,0.013915693387389183
14557,0.005182897672057152
14558,0.005126203875988722
14559,0.011368753388524055
14560,0.006437993608415127
14561,0.006560277193784714
14562,0.011930237524211407
14563,0.004095970652997494
14564,0.009984762407839298
14565,0.0037347162142395973
14566,0.0068067749962210655
14567,0.005110692232847214
14568,0.008291573263704777
14569,0.0035268976353108883
14570,0.008728597313165665
14571,0.00741546181961894
14572,0.0045026857405900955
14573,0.006153720896691084
14574,0.008880546316504478
14575,0.006743024103343487
14576,0.009735111147165298
14577,0.009882254526019096
14578,0.01154081430286169
14579,0.007859211415052414
14580,0.011882059276103973
14581,0.003822157857939601
14582,0.015736732631921768
14583,0.005925669334828854
14584,0.004888277035206556
14585,0.0031543138902634382
14586,0.0055799479596316814
14587,0.00589396059513092
14588,0.0069526247680187225
14589,0.0062597463838756084
14590,0.010336464270949364
14591,0.0073850578628480434
14592,0.011012512259185314
14593,0.0053052520379424095
14594,0.017560608685016632
14595,0.0050885239616036415
14596,0.005349160637706518
14597,0.004664277657866478
14598,0.0053850701078772545
14599,0.0040859198197722435
14600,0.004762877710163593
14601,0.009506668895483017
14602,0.010344311594963074
14603,0.005804494954645634
14604,0.004939163103699684
14605,0.004095441196113825
14606,0.005166749935597181
14607,0.0023563604336231947
14608,0.013201696798205376
14609,0.017916597425937653
14610,0.0036503958981484175
14611,0.01181466318666935
14612,0.007371664047241211
14613,0.0038422837387770414
14614,0.00837744027376175
14615,0.004259900189936161
14616,0.010820858180522919
14617,0.003435875289142132
14618,0.007560019381344318
14619,0.0038910317234694958
14620,0.016168145462870598
14621,0.010046577081084251
14622,0.005698445253074169
14623,0.012821468524634838
14624,0.011738372966647148
14625,0.01364901289343834
14626,0.011805066838860512
14627,0.004626784473657608
14628,0.011264472268521786
14629,0.003900970797985792
14630,0.00659962510690093
14631,0.004066618159413338
14632,0.013637385331094265
14633,0.012299247086048126
14634,0.002701470395550132
14635,0.006618292070925236
14636,0.009542051702737808
14637,0.0050153546035289764
14638,0.007687543984502554
14639,0.007783099543303251
14640,0.02427314966917038
14641,0.008632028475403786
14642,0.003959367051720619
14643,0.0027688713744282722
14644,0.0032124165445566177
14645,0.005652278196066618
14646,0.014129399321973324
14647,0.006558192428201437
14648,0.006630796939134598
14649,0.00807555578649044
14650,0.01589900813996792
14651,0.014720102772116661
14652,0.010362662374973297
14653,0.007506965659558773
14654,0.005316934548318386
14655,0.005721369292587042
14656,0.009977391920983791
14657,0.007899262011051178
14658,0.008790642023086548
14659,0.008195292204618454
14660,0.005856755189597607
14661,0.007766820024698973
14662,0.003463198198005557
14663,0.006282789632678032
14664,0.02404892072081566
14665,0.01437097042798996
14666,0.043479494750499725
14667,0.00998850166797638
14668,0.009516065008938313
14669,0.0019858418963849545
14670,0.006414457224309444
14671,0.0022243186831474304
14672,0.007135194726288319
14673,0.005626789294183254
14674,0.0048975348472595215
14675,0.011470976285636425
14676,0.012251457199454308
14677,0.01035664975643158
14678,0.01567978225648403
14679,0.004553037695586681
14680,0.014687001705169678
14681,0.005904871039092541
14682,0.00610409677028656
14683,0.005283696576952934
14684,0.016093021258711815
14685,0.005204197950661182
14686,0.0036617068108171225
14687,0.0063856495544314384
14688,0.019348055124282837
14689,0.007514938246458769
14690,0.010552271269261837
14691,0.005501978099346161
14692,0.018768837675452232
14693,0.01839492842555046
14694,0.0055949329398572445
14695,0.004793028347194195
14696,0.01006417628377676
14697,0.003905915655195713
14698,0.01096667256206274
14699,0.013279097154736519
14700,0.00542241707444191
14701,0.004174627363681793
14702,0.008304730989038944
14703,0.00328903179615736
14704,0.006936384364962578
14705,0.006916021928191185
14706,0.00812458898872137
14707,0.005273796152323484
14708,0.0032037743367254734
14709,0.005227537360042334
14710,0.016014114022254944
14711,0.0056020948104560375
14712,0.00803973525762558
14713,0.002992442576214671
14714,0.0027146190404891968
14715,0.007795387413352728
14716,0.00574748869985342
14717,0.008434442803263664
14718,0.005987399257719517
14719,0.004519003443419933
14720,0.006015092134475708
14721,0.004402562975883484
14722,0.018295742571353912
14723,0.0072789983823895454
14724,0.013861894607543945
14725,0.015881044790148735
14726,0.014214441180229187
14727,0.003592417109757662
14728,0.008753075264394283
14729,0.008153854869306087
14730,0.010402422398328781
14731,0.004609314724802971
14732,0.013428336009383202
14733,0.01415278296917677
14734,0.0077181002125144005
14735,0.00831185095012188
14736,0.010595500469207764
14737,0.0050656720995903015
14738,0.009110204875469208
14739,0.007254407741129398
14740,0.003957350738346577
14741,0.00625710329040885
14742,0.006995541509240866
14743,0.003500224556773901
14744,0.0052175200544297695
14745,0.0016050240956246853
14746,0.005837596021592617
14747,0.005471402779221535
14748,0.007048494182527065
14749,0.00874378252774477
14750,0.01493277307599783
14751,0.0025948004331439734
14752,0.025557298213243484
14753,0.0024751597084105015
14754,0.0035438467748463154
14755,0.024104680866003036
14756,0.016490843147039413
14757,0.004519972018897533
14758,0.006533246487379074
14759,0.008760184049606323
14760,0.00755618792027235
14761,0.005948225036263466
14762,0.004998786374926567
14763,0.01953737437725067
14764,0.012079475447535515
14765,0.008685958571732044
14766,0.0061505078338086605
14767,0.008382224477827549
14768,0.00965878926217556
14769,0.00951121374964714
14770,0.013740025460720062
14771,0.02026636153459549
14772,0.010901888832449913
14773,0.0064889006316661835
14774,0.010037767700850964
14775,0.013894419185817242
14776,0.00654920469969511
14777,0.002519794274121523
14778,0.013941600918769836
14779,0.006100405007600784
14780,0.010372290387749672
14781,0.006748673506081104
14782,0.00489130150526762
14783,0.010030513629317284
14784,0.01066930778324604
14785,0.0043283430859446526
14786,0.008029594086110592
14787,0.010324298404157162
14788,0.005661382339894772
14789,0.01286326628178358
14790,0.01562994346022606
14791,0.003887671045958996
14792,0.002223082585260272
14793,0.010902784764766693
14794,0.004437727387994528
14795,0.0067075020633637905
14796,0.008126074448227882
14797,0.006993274204432964
14798,0.011249570176005363
14799,0.01228940300643444
14800,0.002954034833237529
14801,0.005200636573135853
14802,0.022760074585676193
14803,0.004231221508234739
14804,0.005021481774747372
14805,0.008924627676606178
14806,0.004471887834370136
14807,0.014949917793273926
14808,0.006762072443962097
14809,0.022395959123969078
14810,0.010190175846219063
14811,0.012882774695754051
14812,0.013592695817351341
14813,0.011596247553825378
14814,0.007243193686008453
14815,0.0070272525772452354
14816,0.011839310638606548
14817,0.008571179583668709
14818,0.009558184072375298
14819,0.012364907190203667
14820,0.006366425659507513
14821,0.0022628463339060545
14822,0.015346331521868706
14823,0.012139706872403622
14824,0.013291977345943451
14825,0.023722423240542412
14826,0.013718882575631142
14827,0.006763986777514219
14828,0.00862047541886568
14829,0.007604293059557676
14830,0.006122211925685406
14831,0.006987960543483496
14832,0.00373745895922184
14833,0.015702081844210625
14834,0.0051713199354708195
14835,0.005625878926366568
14836,0.015588842332363129
14837,0.0073569295927882195
14838,0.0035331749822944403
14839,0.007930304855108261
14840,0.008152175694704056
14841,0.00531907519325614
14842,0.011901172809302807
14843,0.002913923468440771
14844,0.005172531120479107
14845,0.006110285874456167
14846,0.01282651536166668
14847,0.002865314483642578
14848,0.005172898061573505
14849,0.007402574643492699
14850,0.0027104830369353294
14851,0.007831539027392864
14852,0.008397627621889114
14853,0.007115317042917013
14854,0.02007032185792923
14855,0.006920604966580868
14856,0.0037039420567452908
14857,0.003748726798221469
14858,0.008994157426059246
14859,0.010717639699578285
14860,0.01698092743754387
14861,0.006037203595042229
14862,0.008882313035428524
14863,0.009472213685512543
14864,0.0070196958258748055
14865,0.010987254790961742
14866,0.004459801595658064
14867,0.01622515544295311
14868,0.014668954536318779
14869,0.010186388157308102
14870,0.008929555304348469
14871,0.02026144228875637
14872,0.0030382531695067883
14873,0.017079992219805717
14874,0.014239443466067314
14875,0.00872129574418068
14876,0.013340402394533157
14877,0.007353666704148054
14878,0.004089444875717163
14879,0.027840659022331238
14880,0.010429628193378448
14881,0.008664964698255062
14882,0.015517877414822578
14883,0.007557588629424572
14884,0.004105474334210157
14885,0.015556732192635536
14886,0.014031628146767616
14887,0.007341756951063871
14888,0.008033832535147667
14889,0.002730315551161766
14890,0.0156999658793211
14891,0.0046165501698851585
14892,0.006399478763341904
14893,0.008072305470705032
14894,0.010835526511073112
14895,0.00653871288523078
14896,0.005221755709499121
14897,0.0035842887591570616
14898,0.0052757589146494865
14899,0.002555145649239421
14900,0.004954653792083263
14901,0.0019304532324895263
14902,0.02505839429795742
14903,0.01156457420438528
14904,0.0039047556929290295
14905,0.006256419233977795
14906,0.011791403405368328
14907,0.00203906511887908
14908,0.005999412387609482
14909,0.006134741008281708
14910,0.012970425188541412
14911,0.007873195223510265
14912,0.020564574748277664
14913,0.010581016540527344
14914,0.0023806593380868435
14915,0.010984357446432114
14916,0.008516380563378334
14917,0.005422221031039953
14918,0.014299020171165466
14919,0.004839693196117878
14920,0.012814871966838837
14921,0.011776256375014782
14922,0.0040354542434215546
14923,0.0408715158700943
14924,0.004041098058223724
14925,0.006280233617872
14926,0.007267768494784832
14927,0.0024882392026484013
14928,0.004907680209726095
14929,0.009860409423708916
14930,0.010689584538340569
14931,0.009250806644558907
14932,0.008405141532421112
14933,0.0052345432341098785
14934,0.0036327994894236326
14935,0.009692326188087463
14936,0.01204424537718296
14937,0.01081106811761856
14938,0.007348360028117895
14939,0.011503640562295914
14940,0.004236525855958462
14941,0.003815281670540571
14942,0.006308096926659346
14943,0.01837756298482418
14944,0.007480856031179428
14945,0.010301260277628899
14946,0.004421944264322519
14947,0.010798152536153793
14948,0.006247161887586117
14949,0.004840716253966093
14950,0.014123654924333096
14951,0.004070207476615906
14952,0.007088198326528072
14953,0.006756954826414585
14954,0.0031257520895451307
14955,0.009106099605560303
14956,0.007254312746226788
14957,0.004133895970880985
14958,0.0041601695120334625
14959,0.02438942901790142
14960,0.0047093951143324375
14961,0.013234003446996212
14962,0.0035373091232031584
14963,0.00990335550159216
14964,0.016657881438732147
14965,0.00334000401198864
14966,0.004899646155536175
14967,0.005194514058530331
14968,0.0056541962549090385
14969,0.004749585408717394
14970,0.004286408424377441
14971,0.005453777499496937
14972,0.005890075117349625
14973,0.004215097054839134
14974,0.005700535606592894
14975,0.003085905220359564
14976,0.004218710120767355
14977,0.016294367611408234
14978,0.0060720667243003845
14979,0.006364764645695686
14980,0.01849418133497238
14981,0.004203110001981258
14982,0.004140365868806839
14983,0.004138268064707518
14984,0.006643763743340969
14985,0.003481710096821189
14986,0.005334879271686077
14987,0.013872828334569931
14988,0.006903897970914841
14989,0.0061079952865839005
14990,0.011585230939090252
14991,0.0035962385591119528
14992,0.004832302685827017
14993,0.013255149126052856
14994,0.027498003095388412
14995,0.02737845480442047
14996,0.004017625004053116
14997,0.0048924824222922325
14998,0.0042823124676942825
14999,0.009227483533322811
15000,0.008682765997946262
15001,0.009317111223936081
15002,0.008569768629968166
15003,0.027284836396574974
15004,0.009383436292409897
15005,0.0037291571497917175
15006,0.008170385845005512
15007,0.0104746725410223
15008,0.013284876011312008
15009,0.011417202651500702
15010,0.0031300827395170927
15011,0.021487941965460777
15012,0.012065491639077663
15013,0.014389542862772942
15014,0.010906895622611046
15015,0.010006619617342949
15016,0.026019513607025146
15017,0.0049746050499379635
15018,0.0067305974662303925
15019,0.01676316186785698
15020,0.007215349934995174
15021,0.00489644194021821
15022,0.011758985929191113
15023,0.006116943433880806
15024,0.003396980930119753
15025,0.005676525644958019
15026,0.015179727226495743
15027,0.01794973388314247
15028,0.009556795470416546
15029,0.011400735937058926
15030,0.007853709161281586
15031,0.009958365000784397
15032,0.009705115109682083
15033,0.005128795281052589
15034,0.008764788508415222
15035,0.0024623097851872444
15036,0.02095484361052513
15037,0.004919050261378288
15038,0.006736395414918661
15039,0.012611924670636654
15040,0.005514753516763449
15041,0.00264463247731328
15042,0.011620104312896729
15043,0.006390522699803114
15044,0.010081809014081955
15045,0.011090969666838646
15046,0.011532234027981758
15047,0.026871919631958008
15048,0.007875903509557247
15049,0.00834750011563301
15050,0.018653903156518936
15051,0.0219380222260952
15052,0.0033370095770806074
15053,0.022327162325382233
15054,0.006113898009061813
15055,0.0047566210851073265
15056,0.005553017370402813
15057,0.005546599626541138
15058,0.008179988712072372
15059,0.005303963087499142
15060,0.006665640976279974
15061,0.008318528532981873
15062,0.02085716649889946
15063,0.02204155921936035
15064,0.004381239879876375
15065,0.0076088509522378445
15066,0.008072265423834324
15067,0.019473597407341003
15068,0.012669610790908337
15069,0.009440714493393898
15070,0.004859809763729572
15071,0.0071415407583117485
15072,0.006703848019242287
15073,0.016056353226304054
15074,0.009847363457083702
15075,0.003404210787266493
15076,0.0053362417966127396
15077,0.010296620428562164
15078,0.011246360838413239
15079,0.00551528949290514
15080,0.0020241765305399895
15081,0.009529130533337593
15082,0.00885184295475483
15083,0.00628439337015152
15084,0.01534939929842949
15085,0.01671985536813736
15086,0.0052199289202690125
15087,0.0133102647960186
15088,0.010029701516032219
15089,0.004403993021696806
15090,0.004317085258662701
15091,0.0037471456453204155
15092,0.007295453455299139
15093,0.012016339227557182
15094,0.01106016244739294
15095,0.007409220095723867
15096,0.004397576209157705
15097,0.011084891855716705
15098,0.007876374758780003
15099,0.017459310591220856
15100,0.006036281120032072
15101,0.011205161921679974
15102,0.011017891578376293
15103,0.005024791695177555
15104,0.006869064178317785
15105,0.00421098480001092
15106,0.012297688983380795
15107,0.006493463180959225
15108,0.01438228040933609
15109,0.016079993918538094
15110,0.011334048584103584
15111,0.015724679455161095
15112,0.006389589048922062
15113,0.007840730249881744
15114,0.005303726997226477
15115,0.025363542139530182
15116,0.005919066723436117
15117,0.0075023360550403595
15118,0.005436551757156849
15119,0.012856606394052505
15120,0.004627428017556667
15121,0.00798003375530243
15122,0.006437127478420734
15123,0.0055718012154102325
15124,0.005251492373645306
15125,0.004545206669718027
15126,0.0037261738907545805
15127,0.004963496699929237
15128,0.01092047244310379
15129,0.016215398907661438
15130,0.00503533473238349
15131,0.013617478311061859
15132,0.010555416345596313
15133,0.007037842180579901
15134,0.013715437613427639
15135,0.011339619755744934
15136,0.008750464767217636
15137,0.00897257961332798
15138,0.0054734512232244015
15139,0.007413202431052923
15140,0.006491884123533964
15141,0.0031048699747771025
15142,0.013744957745075226
15143,0.008435538969933987
15144,0.008471772074699402
15145,0.005686720367521048
15146,0.02497658133506775
15147,0.006225935183465481
15148,0.018549777567386627
15149,0.008282789960503578
15150,0.0051368712447583675
15151,0.006076367571949959
15152,0.014399576000869274
15153,0.0027341865934431553
15154,0.00475982716307044
15155,0.00416941475123167
15156,0.009416167624294758
15157,0.002634451724588871
15158,0.010109538212418556
15159,0.009928368031978607
15160,0.005372556857764721
15161,0.006111566908657551
15162,0.01727575808763504
15163,0.011050470173358917
15164,0.005305112339556217
15165,0.012484898790717125
15166,0.007250092923641205
15167,0.007231160067021847
15168,0.006921523716300726
15169,0.008054463192820549
15170,0.010030015371739864
15171,0.007201475091278553
15172,0.0074079278856515884
15173,0.004133844282478094
15174,0.012474390678107738
15175,0.009670602157711983
15176,0.008083987981081009
15177,0.005491363815963268
15178,0.008182723075151443
15179,0.0054559907875955105
15180,0.005659849848598242
15181,0.0037746361922472715
15182,0.020655851811170578
15183,0.004685982130467892
15184,0.005012643989175558
15185,0.0049477070569992065
15186,0.008903883397579193
15187,0.008497538976371288
15188,0.004517179448157549
15189,0.014031711965799332
15190,0.007183574140071869
15191,0.025449028238654137
15192,0.0047721355222165585
15193,0.014282448217272758
15194,0.009869635105133057
15195,0.013340119272470474
15196,0.009883509948849678
15197,0.013459337875247002
15198,0.0081441979855299
15199,0.009627300314605236
15200,0.008278531953692436
15201,0.007134115323424339
15202,0.009755338542163372
15203,0.0062680840492248535
15204,0.007036683149635792
15205,0.015184756368398666
15206,0.002484879456460476
15207,0.009219554252922535
15208,0.00400950200855732
15209,0.008004642091691494
15210,0.015156246721744537
15211,0.0069017126224935055
15212,0.009481517598032951
15213,0.005787794943898916
15214,0.007434468250721693
15215,0.01798936352133751
15216,0.013320110738277435
15217,0.010133078321814537
15218,0.008560696616768837
15219,0.001328083104453981
15220,0.014864444732666016
15221,0.014225920662283897
15222,0.006346665322780609
15223,0.010181868448853493
15224,0.007492531090974808
15225,0.0028221101965755224
15226,0.018484223634004593
15227,0.008283194154500961
15228,0.008371438831090927
15229,0.00827180128544569
15230,0.010208617895841599
15231,0.004664916079491377
15232,0.02183995209634304
15233,0.021120062097907066
15234,0.012306506745517254
15235,0.011227327398955822
15236,0.007373355329036713
15237,0.04602562636137009
15238,0.00307330209761858
15239,0.006442666053771973
15240,0.01427237968891859
15241,0.006460576318204403
15242,0.002219805493950844
15243,0.005550907459110022
15244,0.006060369312763214
15245,0.0036709303967654705
15246,0.002839832566678524
15247,0.004407918080687523
15248,0.006178337149322033
15249,0.008649157360196114
15250,0.011303359642624855
15251,0.007206857204437256
15252,0.015868309885263443
15253,0.006235996261239052
15254,0.004401482176035643
15255,0.005795435048639774
15256,0.005780437495559454
15257,0.0025675662327557802
15258,0.006553038954734802
15259,0.004058302845805883
15260,0.006971181835979223
15261,0.006771634332835674
15262,0.00317637762054801
15263,0.004935690201818943
15264,0.01190369576215744
15265,0.004206299316138029
15266,0.004671524278819561
15267,0.006841911934316158
15268,0.00317082810215652
15269,0.010216278955340385
15270,0.0059990896843373775
15271,0.006967488676309586
15272,0.005600775592029095
15273,0.011225993745028973
15274,0.015559667721390724
15275,0.013661297969520092
15276,0.008962520398199558
15277,0.008995899930596352
15278,0.009402412921190262
15279,0.011065210215747356
15280,0.010538524016737938
15281,0.009662612341344357
15282,0.006255037151277065
15283,0.005032570566982031
15284,0.004499536938965321
15285,0.007699399255216122
15286,0.003069342579692602
15287,0.009250338189303875
15288,0.011962277814745903
15289,0.004048421047627926
15290,0.0064354888163506985
15291,0.003649506252259016
15292,0.007586963474750519
15293,0.007839743047952652
15294,0.007087279111146927
15295,0.014754822477698326
15296,0.006563518196344376
15297,0.005546124652028084
15298,0.012917373329401016
15299,0.024885691702365875
15300,0.005655602551996708
15301,0.007072221487760544
15302,0.007324108388274908
15303,0.005242583807557821
15304,0.004611526615917683
15305,0.010409830138087273
15306,0.0046511548571288586
15307,0.011647037230432034
15308,0.009278358891606331
15309,0.005615892820060253
15310,0.00958484597504139
15311,0.013034775853157043
15312,0.01944243535399437
15313,0.001907343859784305
15314,0.008395458571612835
15315,0.006029319018125534
15316,0.004356328397989273
15317,0.006419190671294928
15318,0.010007837787270546
15319,0.004686316475272179
15320,0.0039536370895802975
15321,0.01732528582215309
15322,0.002654118463397026
15323,0.006060246378183365
15324,0.013405807316303253
15325,0.003355128224939108
15326,0.00490865483880043
15327,0.007401186507195234
15328,0.011345406994223595
15329,0.007723912596702576
15330,0.0062620267271995544
15331,0.017476677894592285
15332,0.025916341692209244
15333,0.005126390140503645
15334,0.001556834438815713
15335,0.0023978843819350004
15336,0.003069471102207899
15337,0.010011270642280579
15338,0.011043245904147625
15339,0.004791898652911186
15340,0.005653860978782177
15341,0.00724110146984458
15342,0.014402339234948158
15343,0.007899044081568718
15344,0.004572508856654167
15345,0.006004502065479755
15346,0.01543269120156765
15347,0.00406656414270401
15348,0.011931176297366619
15349,0.017179809510707855
15350,0.0031130053102970123
15351,0.009175624698400497
15352,0.005775218363851309
15353,0.00967353954911232
15354,0.0052748485468328
15355,0.013727649115025997
15356,0.013115408830344677
15357,0.007297522388398647
15358,0.007550794165581465
15359,0.01544339768588543
15360,0.008421148173511028
15361,0.011133933439850807
15362,0.008592167869210243
15363,0.003282449906691909
15364,0.0029281664174050093
15365,0.005972025450319052
15366,0.014413826167583466
15367,0.003163300920277834
15368,0.007511463016271591
15369,0.011013396084308624
15370,0.009870735928416252
15371,0.006579225417226553
15372,0.008102044463157654
15373,0.01605025678873062
15374,0.006041796412318945
15375,0.00394607987254858
15376,0.010346106253564358
15377,0.008900987915694714
15378,0.009068348444998264
15379,0.007789425551891327
15380,0.004131582099944353
15381,0.024689635261893272
15382,0.0055617052130401134
15383,0.00502359215170145
15384,0.0052275932393968105
15385,0.007434045430272818
15386,0.025303218513727188
15387,0.006147822365164757
15388,0.012933805584907532
15389,0.006352520547807217
15390,0.004511133302003145
15391,0.008301082998514175
15392,0.005411449819803238
15393,0.017956720665097237
15394,0.005203325301408768
15395,0.005228791385889053
15396,0.004900726024061441
15397,0.008802894502878189
15398,0.014240557327866554
15399,0.005599587690085173
15400,0.009559976868331432
15401,0.0033968756906688213
15402,0.005734448786824942
15403,0.007255669217556715
15404,0.017000455409288406
15405,0.0028010669630020857
15406,0.007728983648121357
15407,0.0074577792547643185
15408,0.007528221234679222
15409,0.006158597767353058
15410,0.02800111100077629
15411,0.006501868367195129
15412,0.007673866115510464
15413,0.017402227967977524
15414,0.004710285924375057
15415,0.004282362759113312
15416,0.004830916412174702
15417,0.004383815452456474
15418,0.00897104199975729
15419,0.00998743623495102
15420,0.010209140367805958
15421,0.011436562053859234
15422,0.011395832523703575
15423,0.007078772410750389
15424,0.006464471574872732
15425,0.0132316704839468
15426,0.007046695798635483
15427,0.01426946185529232
15428,0.0022567117121070623
15429,0.008504843339323997
15430,0.005472790449857712
15431,0.006474097725003958
15432,0.008761177770793438
15433,0.006940297782421112
15434,0.005122651346027851
15435,0.0038675623945891857
15436,0.006960099097341299
15437,0.002832596655935049
15438,0.005139225162565708
15439,0.007848645560443401
15440,0.007819540798664093
15441,0.010472307913005352
15442,0.009762993082404137
15443,0.007398655172437429
15444,0.009541536681354046
15445,0.0035519269295036793
15446,0.026000013574957848
15447,0.012816628441214561
15448,0.008675921708345413
15449,0.00404753815382719
15450,0.012904740869998932
15451,0.009718411602079868
15452,0.013448732905089855
15453,0.006714039482176304
15454,0.0251617394387722
15455,0.005446049850434065
15456,0.009322400204837322
15457,0.007702437695115805
15458,0.00483956653624773
15459,0.010007006116211414
15460,0.007232019677758217
15461,0.006208059843629599
15462,0.011650338768959045
15463,0.011926918290555477
15464,0.006657044403254986
15465,0.012157969176769257
15466,0.003552414011210203
15467,0.012622056528925896
15468,0.005404191091656685
15469,0.007448179181665182
15470,0.01735099032521248
15471,0.006391782313585281
15472,0.013691048137843609
15473,0.007534343283623457
15474,0.007794312201440334
15475,0.009322780184447765
15476,0.005835217889398336
15477,0.005925993900746107
15478,0.006933249533176422
15479,0.00587485171854496
15480,0.01079320814460516
15481,0.009225063025951385
15482,0.006364248692989349
15483,0.008628123439848423
15484,0.001796369208022952
15485,0.004851389676332474
15486,0.008980248123407364
15487,0.005458378233015537
15488,0.010728458873927593
15489,0.01746745966374874
15490,0.012756834737956524
15491,0.005525273736566305
15492,0.006978338118642569
15493,0.011287848465144634
15494,0.009510096162557602
15495,0.018992498517036438
15496,0.005496530793607235
15497,0.0058747706934809685
15498,0.0054204403422772884
15499,0.009742779657244682
15500,0.006061857100576162
15501,0.013117893598973751
15502,0.0071007851511240005
15503,0.00494175311177969
15504,0.0050024534575641155
15505,0.00599470641463995
15506,0.02505791187286377
15507,0.003606880083680153
15508,0.00963578000664711
15509,0.006828197278082371
15510,0.00645919144153595
15511,0.007508283015340567
15512,0.0036296069156378508
15513,0.003786597866564989
15514,0.008500452153384686
15515,0.049561791121959686
15516,0.005132326390594244
15517,0.004576778970658779
15518,0.018462788313627243
15519,0.005600874312222004
15520,0.009894981980323792
15521,0.008651645854115486
15522,0.005031242035329342
15523,0.012204177677631378
15524,0.010074827820062637
15525,0.008872194215655327
15526,0.005998081527650356
15527,0.010615892708301544
15528,0.006171122193336487
15529,0.00554642966017127
15530,0.00524365296587348
15531,0.006788764148950577
15532,0.013981988653540611
15533,0.0074125598184764385
15534,0.0025395213160663843
15535,0.005139660090208054
15536,0.005945298820734024
15537,0.006218974944204092
15538,0.00788272824138403
15539,0.0042098755948245525
15540,0.012195026502013206
15541,0.00994878076016903
15542,0.026091139763593674
15543,0.0045379772782325745
15544,0.0050765532068908215
15545,0.010476965457201004
15546,0.0070807915180921555
15547,0.007569382898509502
15548,0.012426350265741348
15549,0.008140956982970238
15550,0.00847693346440792
15551,0.008525656536221504
15552,0.009740441106259823
15553,0.007976680994033813
15554,0.007203223183751106
15555,0.008449772372841835
15556,0.002206672914326191
15557,0.0034693933557718992
15558,0.010280372574925423
15559,0.006644753273576498
15560,0.011157273314893246
15561,0.009470214135944843
15562,0.012303227558732033
15563,0.01116679422557354
15564,0.006707928143441677
15565,0.006391705013811588
15566,0.00978823285549879
15567,0.010570794343948364
15568,0.008520374074578285
15569,0.00852535292506218
15570,0.005780165083706379
15571,0.009712504222989082
15572,0.010764149948954582
15573,0.005456817802041769
15574,0.006908763200044632
15575,0.016804352402687073
15576,0.005881949327886105
15577,0.010576384142041206
15578,0.00819812249392271
15579,0.013722616247832775
15580,0.005269690416753292
15581,0.0035811986308544874
15582,0.0051253545098006725
15583,0.005492984317243099
15584,0.00960567221045494
15585,0.007988598197698593
15586,0.005570000968873501
15587,0.009267212823033333
15588,0.010572388768196106
15589,0.008408423513174057
15590,0.00767555832862854
15591,0.008154094219207764
15592,0.013043705374002457
15593,0.0058296844363212585
15594,0.00650495570152998
15595,0.017041057348251343
15596,0.008809411898255348
15597,0.002841991139575839
15598,0.01926272362470627
15599,0.009861420840024948
15600,0.007925955578684807
15601,0.005166519433259964
15602,0.013252834789454937
15603,0.011796858161687851
15604,0.00980733335018158
15605,0.006697295233607292
15606,0.009595092386007309
15607,0.004051066003739834
15608,0.004414523020386696
15609,0.012777975760400295
15610,0.008908708579838276
15611,0.007722474634647369
15612,0.014048303477466106
15613,0.0159536674618721
15614,0.008887376636266708
15615,0.008903207257390022
15616,0.005221342667937279
15617,0.00687212310731411
15618,0.005006579216569662
15619,0.0032294958364218473
15620,0.005342601798474789
15621,0.014038659632205963
15622,0.00976976752281189
15623,0.036091577261686325
15624,0.009261899627745152
15625,0.010050388053059578
15626,0.0038372701965272427
15627,0.005851689726114273
15628,0.013084173202514648
15629,0.007632099092006683
15630,0.01430106908082962
15631,0.015542855486273766
15632,0.013905134052038193
15633,0.0051605491898953915
15634,0.005180426873266697
15635,0.00402284599840641
15636,0.0051432522013783455
15637,0.01199689507484436
15638,0.011119706556200981
15639,0.0179898664355278
15640,0.00975881703197956
15641,0.0053626783192157745
15642,0.015921277925372124
15643,0.010914608836174011
15644,0.02212190441787243
15645,0.004920142702758312
15646,0.005093410611152649
15647,0.004591390024870634
15648,0.006387572735548019
15649,0.010880904272198677
15650,0.016131114214658737
15651,0.010789057239890099
15652,0.005226144567131996
15653,0.006931989919394255
15654,0.003758918959647417
15655,0.013260506093502045
15656,0.0059078652411699295
15657,0.01780569925904274
15658,0.008167771622538567
15659,0.004580175504088402
15660,0.004884850233793259
15661,0.0048684049397706985
15662,0.006237104069441557
15663,0.03807976096868515
15664,0.01716230995953083
15665,0.005913866218179464
15666,0.0076113855466246605
15667,0.005727068986743689
15668,0.026445992290973663
15669,0.006572242826223373
15670,0.0028732381761074066
15671,0.003706117859110236
15672,0.007580387871712446
15673,0.0057521662674844265
15674,0.004688076674938202
15675,0.012342825531959534
15676,0.00221674214117229
15677,0.015858091413974762
15678,0.006381749175488949
15679,0.005452974699437618
15680,0.010619460605084896
15681,0.00500568887218833
15682,0.008685718290507793
15683,0.0026607222389429808
15684,0.005775661673396826
15685,0.00838110875338316
15686,0.011007155291736126
15687,0.010052403435111046
15688,0.008236396126449108
15689,0.0036882921122014523
15690,0.02368607372045517
15691,0.007508646696805954
15692,0.008836537599563599
15693,0.026203026995062828
15694,0.007134728133678436
15695,0.01786649227142334
15696,0.012619318440556526
15697,0.004036861937493086
15698,0.014027315191924572
15699,0.014198482036590576
15700,0.012200496159493923
15701,0.016437428072094917
15702,0.0035521730314940214
15703,0.006532507948577404
15704,0.007282116916030645
15705,0.006538874469697475
15706,0.004091738723218441
15707,0.008883476257324219
15708,0.003580293618142605
15709,0.010253667831420898
15710,0.00564815616235137
15711,0.007570742629468441
15712,0.004812737461179495
15713,0.00696051400154829
15714,0.005126149393618107
15715,0.0048159449361264706
15716,0.0059530967846512794
15717,0.0025364658795297146
15718,0.0073646195232868195
15719,0.021134302020072937
15720,0.007662292569875717
15721,0.004465032834559679
15722,0.004575521219521761
15723,0.003721417859196663
15724,0.009668262675404549
15725,0.0029814625158905983
15726,0.00429962994530797
15727,0.005861499812453985
15728,0.019186509773135185
15729,0.002513101790100336
15730,0.007065403275191784
15731,0.010846281424164772
15732,0.0014812396839261055
15733,0.006483643315732479
15734,0.005369949154555798
15735,0.01363740861415863
15736,0.006351593881845474
15737,0.006574522238224745
15738,0.01209074817597866
15739,0.007217014208436012
15740,0.009179211221635342
15741,0.0039431327022612095
15742,0.007835828699171543
15743,0.0028764232993125916
15744,0.014916714280843735
15745,0.007052286993712187
15746,0.009360871277749538
15747,0.005404194816946983
15748,0.004922210238873959
15749,0.0052826181054115295
15750,0.003153315745294094
15751,0.011853518895804882
15752,0.002773850690573454
15753,0.007305519189685583
15754,0.008068226277828217
15755,0.01084950938820839
15756,0.01939714513719082
15757,0.009298603981733322
15758,0.020454004406929016
15759,0.009545467793941498
15760,0.007341519929468632
15761,0.009431126527488232
15762,0.01542773749679327
15763,0.011114127933979034
15764,0.009902669116854668
15765,0.019744908437132835
15766,0.005869150161743164
15767,0.0035380355548113585
15768,0.0022192751057446003
15769,0.005891688168048859
15770,0.027001237496733665
15771,0.007100566290318966
15772,0.006462986581027508
15773,0.007364204153418541
15774,0.014694124460220337
15775,0.00880970899015665
15776,0.010143352672457695
15777,0.004685746040195227
15778,0.0083882175385952
15779,0.005972355604171753
15780,0.006261152680963278
15781,0.006826147437095642
15782,0.010717371478676796
15783,0.006439005956053734
15784,0.02069186419248581
15785,0.025119787082076073
15786,0.012119285762310028
15787,0.00816868245601654
15788,0.007527358829975128
15789,0.010309018194675446
15790,0.0054050772450864315
15791,0.006083968095481396
15792,0.01473572850227356
15793,0.005642615258693695
15794,0.020214561372995377
15795,0.015701159834861755
15796,0.013630787841975689
15797,0.010706869885325432
15798,0.0058121285401284695
15799,0.014835994690656662
15800,0.0025722174905240536
15801,0.005002056714147329
15802,0.006146983243525028
15803,0.011008374392986298
15804,0.006815822329372168
15805,0.0037427060306072235
15806,0.011465676128864288
15807,0.003091383259743452
15808,0.010243833996355534
15809,0.007606767117977142
15810,0.0047976188361644745
15811,0.03299383819103241
15812,0.017901746556162834
15813,0.01432638056576252
15814,0.013315660879015923
15815,0.008500326424837112
15816,0.0032121813856065273
15817,0.010309108532965183
15818,0.015400050207972527
15819,0.021088628098368645
15820,0.013644836843013763
15821,0.012009695172309875
15822,0.004501663614064455
15823,0.013571507297456264
15824,0.023646559566259384
15825,0.012376897037029266
15826,0.0028000182937830687
15827,0.010232590138912201
15828,0.006923741661012173
15829,0.014773706905543804
15830,0.0031538642942905426
15831,0.012065823189914227
15832,0.004663103260099888
15833,0.006561047863215208
15834,0.006350460462272167
15835,0.01235127728432417
15836,0.016009606420993805
15837,0.012193411588668823
15838,0.0048017739318311214
15839,0.007139581721276045
15840,0.00325147807598114
15841,0.02872052602469921
15842,0.002902763895690441
15843,0.009206477552652359
15844,0.004419106058776379
15845,0.004128892906010151
15846,0.015058967284858227
15847,0.00417729839682579
15848,0.016734397038817406
15849,0.0066317967139184475
15850,0.014029782265424728
15851,0.014114494435489178
15852,0.0038228235207498074
15853,0.00811934657394886
15854,0.014521904289722443
15855,0.0044686878100037575
15856,0.006307236850261688
15857,0.010632049292325974
15858,0.015602233819663525
15859,0.007684481795877218
15860,0.030377326533198357
15861,0.007075819186866283
15862,0.006398619618266821
15863,0.007485638372600079
15864,0.005727001465857029
15865,0.016684111207723618
15866,0.007138574495911598
15867,0.010381462052464485
15868,0.0073761469684541225
15869,0.00653791194781661
15870,0.0036482224240899086
15871,0.009139622561633587
15872,0.005174216814339161
15873,0.007374915294349194
15874,0.003872903995215893
15875,0.009553598240017891
15876,0.006171045359224081
15877,0.010444283485412598
15878,0.014169193804264069
15879,0.012788685038685799
15880,0.005271874368190765
15881,0.009181570261716843
15882,0.00632620882242918
15883,0.01206846535205841
15884,0.00980808399617672
15885,0.0036585754714906216
15886,0.004488095641136169
15887,0.009749658405780792
15888,0.008181797340512276
15889,0.01351827010512352
15890,0.0058164834044873714
15891,0.02425958216190338
15892,0.007257453165948391
15893,0.004099886864423752
15894,0.003689525183290243
15895,0.005371508188545704
15896,0.009485762566328049
15897,0.007128924131393433
15898,0.0059293704107403755
15899,0.0037048649974167347
15900,0.004780314397066832
15901,0.01357492245733738
15902,0.020023172721266747
15903,0.0030656668823212385
15904,0.010023988783359528
15905,0.009904278442263603
15906,0.00901002250611782
15907,0.018970102071762085
15908,0.013007096946239471
15909,0.009237264283001423
15910,0.011039435863494873
15911,0.006236352026462555
15912,0.005985616706311703
15913,0.0031942613422870636
15914,0.017571568489074707
15915,0.005510383751243353
15916,0.010208578780293465
15917,0.02255549281835556
15918,0.0069198403507471085
15919,0.0024503255262970924
15920,0.01403939537703991
15921,0.003481843275949359
15922,0.004904643632471561
15923,0.009145112708210945
15924,0.011334449052810669
15925,0.00888398103415966
15926,0.007448236923664808
15927,0.007213422562927008
15928,0.010139851830899715
15929,0.01052734162658453
15930,0.0031257327646017075
15931,0.016160588711500168
15932,0.012678714469075203
15933,0.01098601520061493
15934,0.002130512148141861
15935,0.008053462952375412
15936,0.0032929263543337584
15937,0.011037374846637249
15938,0.006038529332727194
15939,0.013327276334166527
15940,0.006823777221143246
15941,0.0028450987301766872
15942,0.009464163333177567
15943,0.005285992287099361
15944,0.004800077527761459
15945,0.008098216727375984
15946,0.008509463630616665
15947,0.019354242831468582
15948,0.011066730134189129
15949,0.005534869618713856
15950,0.0055584367364645
15951,0.006296518258750439
15952,0.010646807961165905
15953,0.0039574941620230675
15954,0.006507340352982283
15955,0.013281743042171001
15956,0.010940849781036377
15957,0.0051689958199858665
15958,0.012899934314191341
15959,0.01309919636696577
15960,0.004935459233820438
15961,0.007387810852378607
15962,0.011011868715286255
15963,0.01106998324394226
15964,0.0074928030371665955
15965,0.008585088886320591
15966,0.005966036580502987
15967,0.004587728064507246
15968,0.0064359805546700954
15969,0.005985567346215248
15970,0.004168230574578047
15971,0.005814681760966778
15972,0.0060012005269527435
15973,0.014677382074296474
15974,0.005226721987128258
15975,0.005622516851872206
15976,0.010955924168229103
15977,0.020272694528102875
15978,0.009443963877856731
15979,0.0034740674309432507
15980,0.006053974386304617
15981,0.009790319949388504
15982,0.01767381839454174
15983,0.006870022974908352
15984,0.005265613552182913
15985,0.011402353644371033
15986,0.009748365730047226
15987,0.015316493809223175
15988,0.006230373866856098
15989,0.006665234919637442
15990,0.003535519354045391
15991,0.010378622449934483
15992,0.007459172513335943
15993,0.00918528065085411
15994,0.0048375255428254604
15995,0.011854337528347969
15996,0.01546846330165863
15997,0.007628931663930416
15998,0.00298123387619853
15999,0.005800378974527121
16000,0.005930016748607159
16001,0.004032664000988007
16002,0.01095087081193924
16003,0.010782308876514435
16004,0.005925475619733334
16005,0.008454939350485802
16006,0.004727921914309263
16007,0.013664822094142437
16008,0.004318874329328537
16009,0.011184817180037498
16010,0.0034854095429182053
16011,0.0066612823866307735
16012,0.005855885799974203
16013,0.006424427032470703
16014,0.004343230277299881
16015,0.005306546576321125
16016,0.01615808717906475
16017,0.006842177361249924
16018,0.006504622753709555
16019,0.01927909627556801
16020,0.005155029706656933
16021,0.021828247234225273
16022,0.0060035958886146545
16023,0.002158642280846834
16024,0.002738599432632327
16025,0.0049232738092541695
16026,0.017708949744701385
16027,0.008583180606365204
16028,0.004025867208838463
16029,0.006130245514214039
16030,0.008788500912487507
16031,0.004281976260244846
16032,0.009686870500445366
16033,0.007451438810676336
16034,0.0037548344116657972
16035,0.0060094925574958324
16036,0.004634774290025234
16037,0.003998321946710348
16038,0.017630184069275856
16039,0.0062218885868787766
16040,0.008512711152434349
16041,0.012296386063098907
16042,0.010225363075733185
16043,0.005500753875821829
16044,0.006713550537824631
16045,0.005937189795076847
16046,0.003294603433459997
16047,0.0049741631373763084
16048,0.007967527024447918
16049,0.006858976557850838
16050,0.0032588932663202286
16051,0.02211940847337246
16052,0.007487720809876919
16053,0.006165194325149059
16054,0.004586854483932257
16055,0.0061235446482896805
16056,0.015745822340250015
16057,0.0036388151347637177
16058,0.0026417518965899944
16059,0.010294190607964993
16060,0.0050445981323719025
16061,0.008043194189667702
16062,0.007492282893508673
16063,0.006378774996846914
16064,0.008601673878729343
16065,0.004704390186816454
16066,0.012653835117816925
16067,0.006983270402997732
16068,0.004264034330844879
16069,0.007384523283690214
16070,0.003822220489382744
16071,0.006370827555656433
16072,0.015822824090719223
16073,0.005352576728910208
16074,0.009291118942201138
16075,0.006809895858168602
16076,0.010255515575408936
16077,0.009169654920697212
16078,0.009025206789374352
16079,0.004324094392359257
16080,0.018140114843845367
16081,0.006066435482352972
16082,0.006270445883274078
16083,0.0052578202448785305
16084,0.004176645539700985
16085,0.009469786658883095
16086,0.007748668547719717
16087,0.003327346174046397
16088,0.006134153343737125
16089,0.002052962314337492
16090,0.017553575336933136
16091,0.005391412414610386
16092,0.007695109583437443
16093,0.005284368991851807
16094,0.010614744387567043
16095,0.01212532352656126
16096,0.015966391190886497
16097,0.006229029502719641
16098,0.014865711331367493
16099,0.00878320261836052
16100,0.007887721993029118
16101,0.0051950132474303246
16102,0.010036168619990349
16103,0.022559989243745804
16104,0.007578576914966106
16105,0.010689757764339447
16106,0.00651575205847621
16107,0.004529530182480812
16108,0.01313258707523346
16109,0.007340314798057079
16110,0.007694938685745001
16111,0.004212450236082077
16112,0.012550828978419304
16113,0.0077826171182096004
16114,0.009448375552892685
16115,0.009798692539334297
16116,0.007125126197934151
16117,0.008790222927927971
16118,0.013752041384577751
16119,0.010192889720201492
16120,0.008476516231894493
16121,0.006219680421054363
16122,0.005553738214075565
16123,0.006595226936042309
16124,0.019215553998947144
16125,0.007512589916586876
16126,0.011996768414974213
16127,0.0038632682990282774
16128,0.03630531579256058
16129,0.0020769962575286627
16130,0.007197634782642126
16131,0.012368177995085716
16132,0.005117663647979498
16133,0.03668462857604027
16134,0.012932944111526012
16135,0.004123656079173088
16136,0.003251656424254179
16137,0.007305573206394911
16138,0.003926112316548824
16139,0.00979673769325018
16140,0.010711869224905968
16141,0.009922870434820652
16142,0.005965098273009062
16143,0.003825398162007332
16144,0.006874042563140392
16145,0.007440462708473206
16146,0.0044410149566829205
16147,0.005493450909852982
16148,0.03501322120428085
16149,0.005147827789187431
16150,0.0120390634983778
16151,0.015446161851286888
16152,0.01825665310025215
16153,0.009130955673754215
16154,0.008319767192006111
16155,0.006423478480428457
16156,0.027918120846152306
16157,0.00715635996311903
16158,0.008100494742393494
16159,0.02544521912932396
16160,0.00356115959584713
16161,0.004829473327845335
16162,0.006816783454269171
16163,0.004221449606120586
16164,0.0081483731046319
16165,0.004711108282208443
16166,0.013182418420910835
16167,0.0038692753296345472
16168,0.007620574440807104
16169,0.00431850366294384
16170,0.010073858313262463
16171,0.0161595456302166
16172,0.004617617465555668
16173,0.008875089697539806
16174,0.016469314694404602
16175,0.00799925159662962
16176,0.005931940861046314
16177,0.005560464225709438
16178,0.006457436829805374
16179,0.012503400444984436
16180,0.013787686824798584
16181,0.007674697786569595
16182,0.0171856340020895
16183,0.0017307571833953261
16184,0.020652690902352333
16185,0.008855058811604977
16186,0.017241304740309715
16187,0.010146306827664375
16188,0.012746567837893963
16189,0.005903131328523159
16190,0.013973372988402843
16191,0.005226384848356247
16192,0.016447586938738823
16193,0.006359620951116085
16194,0.020087480545043945
16195,0.004645422101020813
16196,0.0037142985966056585
16197,0.009013108909130096
16198,0.008099474012851715
16199,0.006243778392672539
16200,0.005060446914285421
16201,0.02145143412053585
16202,0.006032242905348539
16203,0.018424175679683685
16204,0.009420972317457199
16205,0.006915525998920202
16206,0.010196417570114136
16207,0.019844017922878265
16208,0.009816627949476242
16209,0.03589506074786186
16210,0.010136401280760765
16211,0.01191903930157423
16212,0.009575411677360535
16213,0.016970103606581688
16214,0.0066838376224040985
16215,0.011563114821910858
16216,0.01552754919975996
16217,0.0068272789940238
16218,0.009811719879508018
16219,0.007716595195233822
16220,0.009931633248925209
16221,0.009548342786729336
16222,0.01335439644753933
16223,0.002058434998616576
16224,0.005040375515818596
16225,0.003448172938078642
16226,0.006527506746351719
16227,0.0057434639893472195
16228,0.00452029425650835
16229,0.0016241548582911491
16230,0.011411498300731182
16231,0.015350813046097755
16232,0.015054164454340935
16233,0.01197128277271986
16234,0.005413759499788284
16235,0.013727603480219841
16236,0.010753970593214035
16237,0.007241551764309406
16238,0.01419086754322052
16239,0.004074599593877792
16240,0.005191242787986994
16241,0.007081268355250359
16242,0.007065798155963421
16243,0.009184334427118301
16244,0.007263547740876675
16245,0.015072450041770935
16246,0.012919980101287365
16247,0.007299411576241255
16248,0.01038058940321207
16249,0.005191075149923563
16250,0.003089682664722204
16251,0.00927845761179924
16252,0.007530503906309605
16253,0.005080643575638533
16254,0.009465901181101799
16255,0.01605045422911644
16256,0.0033628239762037992
16257,0.005008176900446415
16258,0.02185545675456524
16259,0.004399223253130913
16260,0.023562323302030563
16261,0.01299646869301796
16262,0.004325206391513348
16263,0.006071656011044979
16264,0.0023196623660624027
16265,0.009805189445614815
16266,0.019642271101474762
16267,0.0057988776825368404
16268,0.009073004126548767
16269,0.007322023622691631
16270,0.03154221177101135
16271,0.009366288781166077
16272,0.008381913416087627
16273,0.014765231870114803
16274,0.008426489308476448
16275,0.008335249498486519
16276,0.004501914139837027
16277,0.023665493354201317
16278,0.009815828874707222
16279,0.006111507769674063
16280,0.007251075468957424
16281,0.014107192866504192
16282,0.003316808957606554
16283,0.00604325532913208
16284,0.010795589536428452
16285,0.01300128735601902
16286,0.023959552869200706
16287,0.017459936439990997
16288,0.003287455067038536
16289,0.015555806457996368
16290,0.014471600763499737
16291,0.013296417891979218
16292,0.005590892396867275
16293,0.00603879988193512
16294,0.012178397737443447
16295,0.009043484926223755
16296,0.009612370282411575
16297,0.0039048041217029095
16298,0.0032429182901978493
16299,0.0023146839812397957
16300,0.012053083628416061
16301,0.00591876357793808
16302,0.003926251083612442
16303,0.00498618371784687
16304,0.012803733348846436
16305,0.01024564541876316
16306,0.00791130866855383
16307,0.012975027784705162
16308,0.0061291903257369995
16309,0.008253149688243866
16310,0.00567605858668685
16311,0.005930843763053417
16312,0.008211461827158928
16313,0.009134290739893913
16314,0.009849023073911667
16315,0.012114456854760647
16316,0.013175973668694496
16317,0.005952830892056227
16318,0.0038421289063990116
16319,0.004276192747056484
16320,0.0032913582399487495
16321,0.0056026652455329895
16322,0.004810181446373463
16323,0.006498186849057674
16324,0.013442805968225002
16325,0.012605473399162292
16326,0.008875735104084015
16327,0.012294426560401917
16328,0.0037341946735978127
16329,0.01122068427503109
16330,0.005705944262444973
16331,0.014353105798363686
16332,0.014787586405873299
16333,0.005787773057818413
16334,0.0035102374386042356
16335,0.011779854074120522
16336,0.0054738386534154415
16337,0.0035495522897690535
16338,0.014237548224627972
16339,0.004736840724945068
16340,0.007627819664776325
16341,0.013703643344342709
16342,0.012199381366372108
16343,0.015255430713295937
16344,0.010645007714629173
16345,0.008716928772628307
16346,0.005913478787988424
16347,0.003656904911622405
16348,0.011350843124091625
16349,0.0039948285557329655
16350,0.007141896523535252
16351,0.007723118644207716
16352,0.006451781839132309
16353,0.0033324919641017914
16354,0.008405916392803192
16355,0.006328104063868523
16356,0.00887022353708744
16357,0.011303728446364403
16358,0.016683727502822876
16359,0.012474856339395046
16360,0.0026265792548656464
16361,0.013245939277112484
16362,0.010342015884816647
16363,0.0056361183524131775
16364,0.010525934398174286
16365,0.0025638870429247618
16366,0.008047963492572308
16367,0.004391124472022057
16368,0.0053781867027282715
16369,0.007123356685042381
16370,0.0020900177769362926
16371,0.004361128434538841
16372,0.0073199160397052765
16373,0.011133503168821335
16374,0.007245778106153011
16375,0.0027171745896339417
16376,0.012942875735461712
16377,0.009851878508925438
16378,0.006280663423240185
16379,0.00821030605584383
16380,0.011102467775344849
16381,0.005327924154698849
16382,0.012066809460520744
16383,0.008041690103709698
16384,0.00930347666144371
16385,0.00913578923791647
16386,0.0073054200038313866
16387,0.007964156568050385
16388,0.012222419492900372
16389,0.0054961382411420345
16390,0.017005816102027893
16391,0.0029648630879819393
16392,0.008314279839396477
16393,0.010086772963404655
16394,0.005018002353608608
16395,0.0031090397387742996
16396,0.004731874447315931
16397,0.007306041195988655
16398,0.006326984614133835
16399,0.0030081509612500668
16400,0.0064026834443211555
16401,0.007280660793185234
16402,0.00858070608228445
16403,0.0075151859782636166
16404,0.011457085609436035
16405,0.006355918478220701
16406,0.007859641686081886
16407,0.021674182265996933
16408,0.004270603414624929
16409,0.008898233994841576
16410,0.0229579359292984
16411,0.00590620469301939
16412,0.007649481296539307
16413,0.0037756990641355515
16414,0.008282599970698357
16415,0.0044593168422579765
16416,0.01502058282494545
16417,0.005073265638202429
16418,0.011573128402233124
16419,0.005862762685865164
16420,0.004579247906804085
16421,0.006959198974072933
16422,0.008368848823010921
16423,0.008385167457163334
16424,0.010116681456565857
16425,0.008811870589852333
16426,0.012041273526847363
16427,0.004855177365243435
16428,0.004846520256251097
16429,0.012920527718961239
16430,0.006503975950181484
16431,0.004818792454898357
16432,0.0047844210639595985
16433,0.0055661750957369804
16434,0.01612652838230133
16435,0.018568526953458786
16436,0.004516737535595894
16437,0.0034694350324571133
16438,0.012901099398732185
16439,0.004591807723045349
16440,0.0109018012881279
16441,0.007997109554708004
16442,0.012309352867305279
16443,0.005477485246956348
16444,0.003157085506245494
16445,0.006750875152647495
16446,0.04198693484067917
16447,0.00874105654656887
16448,0.011854564771056175
16449,0.0043960269540548325
16450,0.007513417862355709
16451,0.0033995751291513443
16452,0.004391851369291544
16453,0.015356726944446564
16454,0.010630790144205093
16455,0.018109530210494995
16456,0.007134236395359039
16457,0.009603457525372505
16458,0.0034428611397743225
16459,0.011496175080537796
16460,0.010100237093865871
16461,0.007719767279922962
16462,0.012103356420993805
16463,0.007443692535161972
16464,0.025633707642555237
16465,0.013510286808013916
16466,0.002858184976503253
16467,0.00539060216397047
16468,0.006366102956235409
16469,0.004835960455238819
16470,0.00903234165161848
16471,0.00738051300868392
16472,0.012100676074624062
16473,0.011386632919311523
16474,0.023106908425688744
16475,0.007327798753976822
16476,0.00335318548604846
16477,0.004124488215893507
16478,0.0125648882240057
16479,0.013188336044549942
16480,0.005864358507096767
16481,0.013475609943270683
16482,0.007104701828211546
16483,0.013896982185542583
16484,0.005673070903867483
16485,0.012820633128285408
16486,0.01067972369492054
16487,0.007344620302319527
16488,0.01844884641468525
16489,0.0070921797305345535
16490,0.009670193307101727
16491,0.005704255308955908
16492,0.013605773448944092
16493,0.013897053897380829
16494,0.006845974363386631
16495,0.005781752057373524
16496,0.009506427682936192
16497,0.02645116113126278
16498,0.005373911466449499
16499,0.016217881813645363
16500,0.0033099716529250145
16501,0.005716138519346714
16502,0.009891556575894356
16503,0.006582262925803661
16504,0.006193469278514385
16505,0.015417463146150112
16506,0.007856350392103195
16507,0.004308532923460007
16508,0.018270647153258324
16509,0.00798149686306715
16510,0.0064004287123680115
16511,0.01114359125494957
16512,0.00988519936800003
16513,0.006492052227258682
16514,0.022924691438674927
16515,0.005257503595203161
16516,0.0027136874850839376
16517,0.0038500966038554907
16518,0.007241027429699898
16519,0.00456210458651185
16520,0.005912391468882561
16521,0.007517377845942974
16522,0.014271527528762817
16523,0.034469302743673325
16524,0.007867174223065376
16525,0.006518680602312088
16526,0.007474976591765881
16527,0.009332191199064255
16528,0.00360967218875885
16529,0.00901126116514206
16530,0.012375245802104473
16531,0.011523237451910973
16532,0.006059080362319946
16533,0.006245426833629608
16534,0.0059449151158332825
16535,0.013461345806717873
16536,0.006688473280519247
16537,0.009213749319314957
16538,0.02086644433438778
16539,0.00662668701261282
16540,0.004450497217476368
16541,0.01612401008605957
16542,0.017591461539268494
16543,0.01457455288618803
16544,0.008536863140761852
16545,0.010103443637490273
16546,0.014266140758991241
16547,0.009289435110986233
16548,0.00831941794604063
16549,0.011349709704518318
16550,0.01521467324346304
16551,0.003724467009305954
16552,0.012080416083335876
16553,0.005526530556380749
16554,0.002784456592053175
16555,0.013229964300990105
16556,0.005448618903756142
16557,0.007368793245404959
16558,0.007445949129760265
16559,0.010844375006854534
16560,0.01044415682554245
16561,0.005264676176011562
16562,0.004724347032606602
16563,0.01779576577246189
16564,0.007137288339436054
16565,0.00785848405212164
16566,0.004159554373472929
16567,0.004640296101570129
16568,0.004518543835729361
16569,0.016705064103007317
16570,0.017330752685666084
16571,0.009253482334315777
16572,0.005701476242393255
16573,0.015730027109384537
16574,0.004548495635390282
16575,0.00821342971175909
16576,0.008604361675679684
16577,0.015791505575180054
16578,0.0059034693986177444
16579,0.01369621604681015
16580,0.007459978573024273
16581,0.004638060461729765
16582,0.017890095710754395
16583,0.004471607506275177
16584,0.011824261397123337
16585,0.006152184680104256
16586,0.00781195517629385
16587,0.007632880937308073
16588,0.0028508957475423813
16589,0.014725069515407085
16590,0.010542194359004498
16591,0.005956718232482672
16592,0.00397099182009697
16593,0.00424859207123518
16594,0.007358132861554623
16595,0.019993972033262253
16596,0.00784145575016737
16597,0.004930250346660614
16598,0.028110668063163757
16599,0.015453707426786423
16600,0.005881542339920998
16601,0.018423166126012802
16602,0.0050923386588692665
16603,0.005151151213794947
16604,0.009755938313901424
16605,0.002832772210240364
16606,0.0060268426313996315
16607,0.02872515469789505
16608,0.006904567591845989
16609,0.007602638565003872
16610,0.007334098219871521
16611,0.008883425034582615
16612,0.007834631949663162
16613,0.01787734590470791
16614,0.0031432376708835363
16615,0.009657174348831177
16616,0.005778435617685318
16617,0.011263906955718994
16618,0.004319633822888136
16619,0.012615206651389599
16620,0.008689071983098984
16621,0.004320391453802586
16622,0.005527058150619268
16623,0.004241432063281536
16624,0.009531060233712196
16625,0.01359572447836399
16626,0.013550307601690292
16627,0.010326466523110867
16628,0.008285409770905972
16629,0.01641896925866604
16630,0.013292333111166954
16631,0.010615776292979717
16632,0.014472274109721184
16633,0.006989075802266598
16634,0.005004801321774721
16635,0.007372728548943996
16636,0.0031292447820305824
16637,0.0028717834502458572
16638,0.008260071277618408
16639,0.008339960128068924
16640,0.003517756937071681
16641,0.010560079477727413
16642,0.003919713199138641
16643,0.003636141773313284
16644,0.01195322535932064
16645,0.007375720888376236
16646,0.01531617995351553
16647,0.010729935020208359
16648,0.008357320912182331
16649,0.00437465263530612
16650,0.008345697075128555
16651,0.0064627500250935555
16652,0.006480732467025518
16653,0.008764192461967468
16654,0.0048003229312598705
16655,0.009757257997989655
16656,0.01823386363685131
16657,0.007631796412169933
16658,0.005477976985275745
16659,0.009148214012384415
16660,0.007214408367872238
16661,0.0031456798315048218
16662,0.005008093547075987
16663,0.005866297520697117
16664,0.014601079747080803
16665,0.00309483939781785
16666,0.010555926710367203
16667,0.011607508175075054
16668,0.0038299444131553173
16669,0.008449827320873737
16670,0.007870867848396301
16671,0.004651669412851334
16672,0.009428409859538078
16673,0.012063099071383476
16674,0.011502847075462341
16675,0.01090367790311575
16676,0.010651811957359314
16677,0.007049425505101681
16678,0.008487384766340256
16679,0.003113118465989828
16680,0.02870197221636772
16681,0.010015372186899185
16682,0.010383957996964455
16683,0.0023613946978002787
16684,0.007147621363401413
16685,0.00956248864531517
16686,0.005582356359809637
16687,0.009319063276052475
16688,0.012111599557101727
16689,0.008389292284846306
16690,0.006103043910115957
16691,0.006293432787060738
16692,0.0012555167777463794
16693,0.004403269849717617
16694,0.005352497100830078
16695,0.01393061876296997
16696,0.008734858594834805
16697,0.0065240985713899136
16698,0.004657026380300522
16699,0.008804300799965858
16700,0.00839187577366829
16701,0.004282340407371521
16702,0.014893418177962303
16703,0.007790207862854004
16704,0.010035726241767406
16705,0.010178479366004467
16706,0.009142383933067322
16707,0.017017675563693047
16708,0.009305257350206375
16709,0.014090905897319317
16710,0.005167837254703045
16711,0.011679503135383129
16712,0.0066358596086502075
16713,0.015902241691946983
16714,0.007551345508545637
16715,0.024514973163604736
16716,0.005931805353611708
16717,0.014625034295022488
16718,0.008444346487522125
16719,0.006397667340934277
16720,0.013802251778542995
16721,0.0139470174908638
16722,0.00579263549298048
16723,0.010390112176537514
16724,0.008158351294696331
16725,0.004671011120080948
16726,0.009310733526945114
16727,0.014600684866309166
16728,0.016754651442170143
16729,0.016117211431264877
16730,0.003926256205886602
16731,0.0037326188758015633
16732,0.0066734133288264275
16733,0.005346251651644707
16734,0.007760652806609869
16735,0.012443135492503643
16736,0.009222130291163921
16737,0.0053156595677137375
16738,0.008837580680847168
16739,0.002938743680715561
16740,0.0046445149928331375
16741,0.011821849271655083
16742,0.004218165762722492
16743,0.024708909913897514
16744,0.006916332058608532
16745,0.010562315583229065
16746,0.00389713398180902
16747,0.00488058477640152
16748,0.018850699067115784
16749,0.006595715880393982
16750,0.016177203506231308
16751,0.007685414515435696
16752,0.008433379232883453
16753,0.009356526657938957
16754,0.019702555611729622
16755,0.019546661525964737
16756,0.00708335917443037
16757,0.0053838081657886505
16758,0.0023108830209821463
16759,0.012397034093737602
16760,0.004171693231910467
16761,0.005034942179918289
16762,0.01645635813474655
16763,0.010002808645367622
16764,0.0025110053829848766
16765,0.011573503725230694
16766,0.005157180596143007
16767,0.01020905189216137
16768,0.01385815255343914
16769,0.0033559936564415693
16770,0.0035701696760952473
16771,0.007318116724491119
16772,0.0031045968644320965
16773,0.006475682836025953
16774,0.010246152989566326
16775,0.003635535715147853
16776,0.01790265366435051
16777,0.007830473594367504
16778,0.010082721710205078
16779,0.009057780727744102
16780,0.007082683965563774
16781,0.005684682168066502
16782,0.0029331580735743046
16783,0.013171907514333725
16784,0.004912644624710083
16785,0.010258452966809273
16786,0.002654504496604204
16787,0.003836023388430476
16788,0.022639429196715355
16789,0.011605660431087017
16790,0.0034712953492999077
16791,0.006893816404044628
16792,0.007025807164609432
16793,0.025542257353663445
16794,0.009264401160180569
16795,0.00962190330028534
16796,0.027483019977808
16797,0.007534045726060867
16798,0.0053321560844779015
16799,0.008035128936171532
16800,0.010379429906606674
16801,0.0033092359080910683
16802,0.012191667221486568
16803,0.010531599633395672
16804,0.010431405156850815
16805,0.005509271752089262
16806,0.006805831100791693
16807,0.006693944334983826
16808,0.010581083595752716
16809,0.005793379619717598
16810,0.003222288331016898
16811,0.02259952202439308
16812,0.010819739662110806
16813,0.005821441300213337
16814,0.00854719989001751
16815,0.018442757427692413
16816,0.02251138910651207
16817,0.011158189736306667
16818,0.011027908883988857
16819,0.008204013109207153
16820,0.003861941397190094
16821,0.004669847898185253
16822,0.0049154795706272125
16823,0.006456832401454449
16824,0.00910304393619299
16825,0.01547899842262268
16826,0.010405142791569233
16827,0.006908251903951168
16828,0.004478660877794027
16829,0.0036661550402641296
16830,0.012672144919633865
16831,0.011891844682395458
16832,0.002919326536357403
16833,0.0036626604851335287
16834,0.008887977339327335
16835,0.0029609552584588528
16836,0.008592326194047928
16837,0.0236516110599041
16838,0.018658462911844254
16839,0.00637714471668005
16840,0.007909320294857025
16841,0.010281606577336788
16842,0.0025613014586269855
16843,0.010065319016575813
16844,0.009525288827717304
16845,0.0022478653118014336
16846,0.007057064678519964
16847,0.009659608826041222
16848,0.009292147122323513
16849,0.009750699624419212
16850,0.009752774611115456
16851,0.009327353909611702
16852,0.010621240362524986
16853,0.036542858928442
16854,0.0055138664320111275
16855,0.005841440986841917
16856,0.01451143529266119
16857,0.006972980685532093
16858,0.004521156661212444
16859,0.002967641456052661
16860,0.005905392579734325
16861,0.01096989493817091
16862,0.0038871997967362404
16863,0.010701984167098999
16864,0.008811493404209614
16865,0.006152573972940445
16866,0.028687914833426476
16867,0.005756727419793606
16868,0.00789697840809822
16869,0.01830807700753212
16870,0.004996327217668295
16871,0.006593937985599041
16872,0.006262836046516895
16873,0.003468162380158901
16874,0.006549473851919174
16875,0.0037880665622651577
16876,0.011491354554891586
16877,0.008941501379013062
16878,0.003677444299682975
16879,0.003406811971217394
16880,0.008513524197041988
16881,0.002945070620626211
16882,0.008069667965173721
16883,0.010334019549190998
16884,0.008210506290197372
16885,0.008537079207599163
16886,0.012733517214655876
16887,0.002156824804842472
16888,0.005500373896211386
16889,0.005338944029062986
16890,0.00647880882024765
16891,0.00359709607437253
16892,0.008600094355642796
16893,0.009363975375890732
16894,0.027014728635549545
16895,0.008817972615361214
16896,0.00796461757272482
16897,0.006719691213220358
16898,0.004631535150110722
16899,0.005604127421975136
16900,0.006575734820216894
16901,0.011581014841794968
16902,0.008107934147119522
16903,0.0023575888480991125
16904,0.007048239465802908
16905,0.0038290079683065414
16906,0.0062078139744699
16907,0.009091438725590706
16908,0.002940972102805972
16909,0.01603013090789318
16910,0.014880041591823101
16911,0.003354214131832123
16912,0.007403530180454254
16913,0.00842574518173933
16914,0.005074003245681524
16915,0.014677897095680237
16916,0.01474725641310215
16917,0.015699338167905807
16918,0.007946199737489223
16919,0.003596032038331032
16920,0.005488076712936163
16921,0.015791043639183044
16922,0.007412515580654144
16923,0.007662054151296616
16924,0.007118586450815201
16925,0.010045147500932217
16926,0.009857471100986004
16927,0.011761858128011227
16928,0.005710931029170752
16929,0.006231821607798338
16930,0.0051854802295565605
16931,0.009136880747973919
16932,0.010826478712260723
16933,0.006315776612609625
16934,0.004313170909881592
16935,0.007204427383840084
16936,0.015178723260760307
16937,0.012851129285991192
16938,0.0073064714670181274
16939,0.00794249214231968
16940,0.021855367347598076
16941,0.00948294997215271
16942,0.005071297287940979
16943,0.010465716943144798
16944,0.008847447112202644
16945,0.0029256928246468306
16946,0.009260667487978935
16947,0.005989932920783758
16948,0.008536720648407936
16949,0.007139002438634634
16950,0.011390984058380127
16951,0.007076804991811514
16952,0.00959190633147955
16953,0.010375780053436756
16954,0.009745914489030838
16955,0.002040901454165578
16956,0.0038678012788295746
16957,0.010948233306407928
16958,0.013083452358841896
16959,0.00484105572104454
16960,0.004666858818382025
16961,0.011910272762179375
16962,0.007847405038774014
16963,0.005266272928565741
16964,0.002794033382087946
16965,0.003355633467435837
16966,0.004458224400877953
16967,0.004955966956913471
16968,0.014374478720128536
16969,0.007389131002128124
16970,0.010081076994538307
16971,0.007261418737471104
16972,0.005383297335356474
16973,0.010776892304420471
16974,0.01138982456177473
16975,0.0033074342645704746
16976,0.01246710866689682
16977,0.0054650697857141495
16978,0.012079045176506042
16979,0.008048729971051216
16980,0.005270726513117552
16981,0.003115677274763584
16982,0.008158674463629723
16983,0.0064504980109632015
16984,0.012829846702516079
16985,0.011073264293372631
16986,0.007272674702107906
16987,0.005262573249638081
16988,0.008002687245607376
16989,0.007211089134216309
16990,0.0079044159501791
16991,0.00385637441650033
16992,0.025384262204170227
16993,0.014398272149264812
16994,0.00866442359983921
16995,0.004107733257114887
16996,0.01487384270876646
16997,0.007036523427814245
16998,0.009082391858100891
16999,0.007542730774730444
17000,0.013314638286828995
17001,0.012017108500003815
17002,0.014143509790301323
17003,0.012064054608345032
17004,0.014336909167468548
17005,0.0027721261139959097
17006,0.007778559811413288
17007,0.004307696130126715
17008,0.009159373119473457
17009,0.012631401419639587
17010,0.003704887581989169
17011,0.003993549384176731
17012,0.011391770094633102
17013,0.006214456167072058
17014,0.007162382360547781
17015,0.006330118980258703
17016,0.016015123575925827
17017,0.01691601611673832
17018,0.0040564388036727905
17019,0.009423955343663692
17020,0.0030043581500649452
17021,0.0053695328533649445
17022,0.0032628923654556274
17023,0.016184791922569275
17024,0.0048872483894228935
17025,0.014788180589675903
17026,0.0037471558898687363
17027,0.009180726483464241
17028,0.009664460085332394
17029,0.008852822706103325
17030,0.009924233891069889
17031,0.01173254381865263
17032,0.012732109054923058
17033,0.006238359957933426
17034,0.006616970058530569
17035,0.015007453970611095
17036,0.0055114468559622765
17037,0.006970645394176245
17038,0.010262863710522652
17039,0.007229929324239492
17040,0.013255983591079712
17041,0.005554615519940853
17042,0.004497805144637823
17043,0.01011903490871191
17044,0.00584315275773406
17045,0.014270294457674026
17046,0.009188213385641575
17047,0.0027741934172809124
17048,0.006203177385032177
17049,0.01011387538164854
17050,0.008527947589755058
17051,0.007813848555088043
17052,0.008272361010313034
17053,0.003819358069449663
17054,0.00558959785848856
17055,0.002307706978172064
17056,0.029642850160598755
17057,0.014601204544305801
17058,0.00690991198644042
17059,0.019016169011592865
17060,0.007734804414212704
17061,0.012239307165145874
17062,0.004982317797839642
17063,0.008160335943102837
17064,0.020080916583538055
17065,0.008408699184656143
17066,0.0021460172720253468
17067,0.004862203262746334
17068,0.01776728220283985
17069,0.010505067184567451
17070,0.006379579659551382
17071,0.00564358476549387
17072,0.006130453199148178
17073,0.011238835752010345
17074,0.017117511481046677
17075,0.005505548324435949
17076,0.009723792783915997
17077,0.008878360502421856
17078,0.01860729418694973
17079,0.013647997751832008
17080,0.011438011191785336
17081,0.008775010704994202
17082,0.00988590344786644
17083,0.00580573221668601
17084,0.009055236354470253
17085,0.013850565068423748
17086,0.010865925811231136
17087,0.006101930048316717
17088,0.009239047765731812
17089,0.006218756549060345
17090,0.015260932967066765
17091,0.009434297680854797
17092,0.014360800385475159
17093,0.006859306246042252
17094,0.009566396474838257
17095,0.018099170178174973
17096,0.005065565463155508
17097,0.005120306741446257
17098,0.011503483168780804
17099,0.007977844215929508
17100,0.02133515104651451
17101,0.01174907200038433
17102,0.02055494859814644
17103,0.003729437245056033
17104,0.012467985972762108
17105,0.005378108471632004
17106,0.012191872112452984
17107,0.00861385278403759
17108,0.016729306429624557
17109,0.006684326566755772
17110,0.009861092083156109
17111,0.006485901772975922
17112,0.004610481671988964
17113,0.012019800953567028
17114,0.005765621550381184
17115,0.0046715401113033295
17116,0.006589616648852825
17117,0.009303038939833641
17118,0.006298810243606567
17119,0.0055839731357991695
17120,0.04899638891220093
17121,0.01400665007531643
17122,0.0068761007860302925
17123,0.011785670183598995
17124,0.021192055195569992
17125,0.018366022035479546
17126,0.008910252712666988
17127,0.012651527300477028
17128,0.006327989976853132
17129,0.01079140417277813
17130,0.00318264402449131
17131,0.0015754355117678642
17132,0.012932440266013145
17133,0.007099126931279898
17134,0.007118294946849346
17135,0.0039197648875415325
17136,0.010336493141949177
17137,0.004165920894593
17138,0.010642563924193382
17139,0.01137810479849577
17140,0.0141138955950737
17141,0.007087977137416601
17142,0.005530009977519512
17143,0.012463174760341644
17144,0.004001989960670471
17145,0.013560362160205841
17146,0.0043152691796422005
17147,0.011912310495972633
17148,0.004661859944462776
17149,0.008073658682405949
17150,0.006986197084188461
17151,0.0075926268473267555
17152,0.01100439764559269
17153,0.009868538938462734
17154,0.014239336363971233
17155,0.018889714032411575
17156,0.003297179937362671
17157,0.01688370853662491
17158,0.009973146952688694
17159,0.006023838184773922
17160,0.004047004505991936
17161,0.005185890942811966
17162,0.003901370335370302
17163,0.009168065153062344
17164,0.0064593954011797905
17165,0.004275450017303228
17166,0.014779219403862953
17167,0.006950782611966133
17168,0.006310279481112957
17169,0.005616616457700729
17170,0.0112993149086833
17171,0.008892977610230446
17172,0.014898202382028103
17173,0.0076643675565719604
17174,0.011161377653479576
17175,0.0030320656951516867
17176,0.0035302573814988136
17177,0.005187403876334429
17178,0.011547012254595757
17179,0.009557113982737064
17180,0.005599514581263065
17181,0.010989740490913391
17182,0.007139753550291061
17183,0.005945006385445595
17184,0.017195535823702812
17185,0.011938641779124737
17186,0.0043038963340222836
17187,0.009095069020986557
17188,0.0034456471912562847
17189,0.008656184189021587
17190,0.008293512277305126
17191,0.005393478088080883
17192,0.0023515168577432632
17193,0.0053659239783883095
17194,0.015825368463993073
17195,0.0037255920469760895
17196,0.006727802567183971
17197,0.004935593344271183
17198,0.0037345034070312977
17199,0.01250012032687664
17200,0.024329714477062225
17201,0.012043136171996593
17202,0.004864756017923355
17203,0.0034293117932975292
17204,0.010351399891078472
17205,0.00887260027229786
17206,0.008371311239898205
17207,0.007831618189811707
17208,0.02029944211244583
17209,0.010215606540441513
17210,0.003183402819558978
17211,0.014050008729100227
17212,0.008953522890806198
17213,0.004796415101736784
17214,0.015305477194488049
17215,0.005507105495780706
17216,0.007634649984538555
17217,0.025076020509004593
17218,0.009014547802507877
17219,0.005678016692399979
17220,0.012900250032544136
17221,0.012776046060025692
17222,0.010542689822614193
17223,0.008404544554650784
17224,0.01134142093360424
17225,0.008680129423737526
17226,0.010130836628377438
17227,0.012882674112915993
17228,0.007676663808524609
17229,0.006097134202718735
17230,0.007301976438611746
17231,0.003082714509218931
17232,0.015811068937182426
17233,0.015861250460147858
17234,0.013196758925914764
17235,0.0062348018400371075
17236,0.008238706737756729
17237,0.004899727180600166
17238,0.01616758108139038
17239,0.00541907362639904
17240,0.006269840057939291
17241,0.010314486920833588
17242,0.007067433558404446
17243,0.0050998590886592865
17244,0.012370484881103039
17245,0.009440317749977112
17246,0.003245605854317546
17247,0.01736760139465332
17248,0.023585129529237747
17249,0.01498076505959034
17250,0.00491698645055294
17251,0.0031167014967650175
17252,0.008426724001765251
17253,0.006529085338115692
17254,0.019964365288615227
17255,0.006226460449397564
17256,0.015498208813369274
17257,0.005472235381603241
17258,0.005409476812928915
17259,0.004837196320295334
17260,0.005991457030177116
17261,0.018158292397856712
17262,0.006475898437201977
17263,0.004949577152729034
17264,0.0037657376378774643
17265,0.016295986250042915
17266,0.006636808626353741
17267,0.0029572993516921997
17268,0.010351206175982952
17269,0.005538981407880783
17270,0.013205363415181637
17271,0.007599463686347008
17272,0.001987336901947856
17273,0.00378273893147707
17274,0.006917729042470455
17275,0.006069932132959366
17276,0.008844397962093353
17277,0.004865692928433418
17278,0.004281320609152317
17279,0.013005368411540985
17280,0.0066818310879170895
17281,0.004388709552586079
17282,0.008492882363498211
17283,0.004105841740965843
17284,0.06521964818239212
17285,0.003674823325127363
17286,0.0037786781322211027
17287,0.0214635469019413
17288,0.00468077789992094
17289,0.007301684003323317
17290,0.007267934735864401
17291,0.004038888495415449
17292,0.01086518820375204
17293,0.01099172793328762
17294,0.0054613444954156876
17295,0.01265570055693388
17296,0.00346617354080081
17297,0.008277206681668758
17298,0.009524209424853325
17299,0.007029952015727758
17300,0.007851706817746162
17301,0.00813813041895628
17302,0.0070070745423436165
17303,0.003410318633541465
17304,0.0055129206739366055
17305,0.003949962090700865
17306,0.0050742304883897305
17307,0.011281888000667095
17308,0.027192315086722374
17309,0.0058282725512981415
17310,0.016391664743423462
17311,0.02221272885799408
17312,0.003097164211794734
17313,0.007521852385252714
17314,0.005483982618898153
17315,0.007489585783332586
17316,0.016324389725923538
17317,0.012150496244430542
17318,0.009501563385128975
17319,0.009444630704820156
17320,0.005442350171506405
17321,0.017074735835194588
17322,0.013259402476251125
17323,0.005778623279184103
17324,0.004329990595579147
17325,0.0049260519444942474
17326,0.004194048698991537
17327,0.02517259120941162
17328,0.007969837635755539
17329,0.0018951399251818657
17330,0.009504277259111404
17331,0.0031004101037979126
17332,0.005509836133569479
17333,0.009181573987007141
17334,0.007116330321878195
17335,0.008427867665886879
17336,0.006441011559218168
17337,0.011720499955117702
17338,0.009343128651380539
17339,0.007863297127187252
17340,0.014324679970741272
17341,0.008931722491979599
17342,0.007510726805776358
17343,0.007840781472623348
17344,0.009288355708122253
17345,0.010763362050056458
17346,0.004026166163384914
17347,0.007901346310973167
17348,0.003600148018449545
17349,0.010976707562804222
17350,0.005546358413994312
17351,0.005736911203712225
17352,0.007157826330512762
17353,0.006462631281465292
17354,0.003999264445155859
17355,0.012041902169585228
17356,0.007058974355459213
17357,0.014986338093876839
17358,0.013394076377153397
17359,0.0071685779839754105
17360,0.004637043923139572
17361,0.003557284828275442
17362,0.01169651560485363
17363,0.010515524074435234
17364,0.008861198090016842
17365,0.009590364061295986
17366,0.005920371972024441
17367,0.013329416513442993
17368,0.005499133374541998
17369,0.016491027548909187
17370,0.008835441432893276
17371,0.01096253376454115
17372,0.007566017564386129
17373,0.004380098078399897
17374,0.009319281205534935
17375,0.004233469720929861
17376,0.00812661275267601
17377,0.0067841000854969025
17378,0.01842695102095604
17379,0.032314687967300415
17380,0.020948097109794617
17381,0.009560223668813705
17382,0.016620542854070663
17383,0.0032526268623769283
17384,0.011079045943915844
17385,0.007464930415153503
17386,0.006648016627877951
17387,0.00608188658952713
17388,0.01136588305234909
17389,0.019568923860788345
17390,0.010248634964227676
17391,0.0045799571089446545
17392,0.008436312898993492
17393,0.015159430913627148
17394,0.0037443533074110746
17395,0.007448215037584305
17396,0.009105714969336987
17397,0.0051900953985750675
17398,0.019043877720832825
17399,0.01227240264415741
17400,0.005886598490178585
17401,0.011129356920719147
17402,0.009077353402972221
17403,0.014040127396583557
17404,0.010189544409513474
17405,0.00411046389490366
17406,0.003505975939333439
17407,0.01092853955924511
17408,0.006748531013727188
17409,0.009189355187118053
17410,0.01055426336824894
17411,0.005628296639770269
17412,0.008906523697078228
17413,0.003846898442134261
17414,0.013867507688701153
17415,0.005060347728431225
17416,0.00832413136959076
17417,0.0054883286356925964
17418,0.01065632700920105
17419,0.014101054519414902
17420,0.0038482584059238434
17421,0.008986242115497589
17422,0.009429624304175377
17423,0.0036216839216649532
17424,0.004615480545908213
17425,0.004901375621557236
17426,0.003939102869480848
17427,0.002758156508207321
17428,0.0036849367897957563
17429,0.0037274339701980352
17430,0.006816649343818426
17431,0.005453969351947308
17432,0.004928738810122013
17433,0.0163758285343647
17434,0.010172722861170769
17435,0.011524774134159088
17436,0.0069091408513486385
17437,0.013069264590740204
17438,0.01636163704097271
17439,0.0049927933141589165
17440,0.005505168344825506
17441,0.0076955510303378105
17442,0.006186480633914471
17443,0.003410342615097761
17444,0.005266623105853796
17445,0.005946842487901449
17446,0.010061132721602917
17447,0.006760152988135815
17448,0.007313322275876999
17449,0.013669133186340332
17450,0.019843539223074913
17451,0.007470288313925266
17452,0.007530686911195517
17453,0.01063363067805767
17454,0.003181499196216464
17455,0.01146882027387619
17456,0.0056168860755860806
17457,0.015880851075053215
17458,0.0028235390782356262
17459,0.0034317288082093
17460,0.006125963293015957
17461,0.011099617928266525
17462,0.007087220903486013
17463,0.009578210301697254
17464,0.010118996724486351
17465,0.019717629998922348
17466,0.011920265853404999
17467,0.004860338289290667
17468,0.009249977767467499
17469,0.007608768530189991
17470,0.00812624953687191
17471,0.008882809430360794
17472,0.0074407681822776794
17473,0.010535724461078644
17474,0.007063719443976879
17475,0.013016617856919765
17476,0.010603595525026321
17477,0.028382128104567528
17478,0.002447625622153282
17479,0.007481132633984089
17480,0.01656697317957878
17481,0.012803830206394196
17482,0.010561603121459484
17483,0.005620390176773071
17484,0.006254046224057674
17485,0.010021502152085304
17486,0.006456474773585796
17487,0.01581132784485817
17488,0.01463377382606268
17489,0.007326282560825348
17490,0.005156173370778561
17491,0.004534597508609295
17492,0.007719525136053562
17493,0.01498068030923605
17494,0.007813762873411179
17495,0.008016550913453102
17496,0.00529323797672987
17497,0.009680080227553844
17498,0.0186030101031065
17499,0.0035024560056626797
17500,0.012997308745980263
17501,0.005929466336965561
17502,0.006053402554243803
17503,0.0032460223883390427
17504,0.00670313835144043
17505,0.010456166230142117
17506,0.015412895008921623
17507,0.00838932953774929
17508,0.014017140492796898
17509,0.01524091511964798
17510,0.0034620079677551985
17511,0.005471743643283844
17512,0.009194497019052505
17513,0.01545336376875639
17514,0.005292294081300497
17515,0.011880068108439445
17516,0.007246688939630985
17517,0.006743018981069326
17518,0.006797415670007467
17519,0.008566778153181076
17520,0.004695868119597435
17521,0.006227629259228706
17522,0.0031108015682548285
17523,0.0037199954967945814
17524,0.004333966877311468
17525,0.013460072688758373
17526,0.007070969324558973
17527,0.003501272527500987
17528,0.008538778871297836
17529,0.005565331317484379
17530,0.008766205981373787
17531,0.004220062401145697
17532,0.011447131633758545
17533,0.004285880364477634
17534,0.014611730352044106
17535,0.012483704835176468
17536,0.003792816773056984
17537,0.007216405123472214
17538,0.020541150122880936
17539,0.007340875919908285
17540,0.01077134907245636
17541,0.00603195047006011
17542,0.010810854844748974
17543,0.006564015056937933
17544,0.011886845342814922
17545,0.006501584313809872
17546,0.003362857736647129
17547,0.0037439034786075354
17548,0.012492930516600609
17549,0.008180421777069569
17550,0.01912005990743637
17551,0.005986315663903952
17552,0.014708410017192364
17553,0.026989325881004333
17554,0.00906200148165226
17555,0.005978647619485855
17556,0.007334975525736809
17557,0.008167891763150692
17558,0.01122030895203352
17559,0.0058675482869148254
17560,0.0034874100238084793
17561,0.006555104162544012
17562,0.01701178587973118
17563,0.014621922746300697
17564,0.01406962238252163
17565,0.009476766921579838
17566,0.017185313627123833
17567,0.008955031633377075
17568,0.005576285533607006
17569,0.005816367454826832
17570,0.023187804967164993
17571,0.012283975258469582
17572,0.010547741316258907
17573,0.007834657095372677
17574,0.010477341711521149
17575,0.005582728423178196
17576,0.013228917494416237
17577,0.009597818367183208
17578,0.014892913401126862
17579,0.0190423633903265
17580,0.01353712659329176
17581,0.0051564243622124195
17582,0.004708191845566034
17583,0.005769358482211828
17584,0.010175494477152824
17585,0.008920134976506233
17586,0.006043193396180868
17587,0.007725360803306103
17588,0.00464288517832756
17589,0.007938189432024956
17590,0.007935553789138794
17591,0.017245646566152573
17592,0.009681586176156998
17593,0.01146632805466652
17594,0.006517624016851187
17595,0.004768405109643936
17596,0.007863612845540047
17597,0.006662868894636631
17598,0.0035022913943976164
17599,0.0035247900523245335
17600,0.007906494662165642
17601,0.016303284093737602
17602,0.009081519208848476
17603,0.005612167529761791
17604,0.008422321639955044
17605,0.004995875060558319
17606,0.012755988165736198
17607,0.0060526481829583645
17608,0.01319321058690548
17609,0.007059894036501646
17610,0.010225368663668633
17611,0.010946783237159252
17612,0.014640934765338898
17613,0.007042733021080494
17614,0.006018652580678463
17615,0.010966699570417404
17616,0.010197287425398827
17617,0.006453176029026508
17618,0.00793210044503212
17619,0.012326506897807121
17620,0.008788740262389183
17621,0.006723141297698021
17622,0.021937832236289978
17623,0.01321453507989645
17624,0.004698993172496557
17625,0.00855959951877594
17626,0.0035274166148155928
17627,0.005655658897012472
17628,0.0038242260925471783
17629,0.004193535074591637
17630,0.008038628846406937
17631,0.0037255806382745504
17632,0.004634784534573555
17633,0.009242353960871696
17634,0.006013100501149893
17635,0.005269316490739584
17636,0.007385889068245888
17637,0.009937142953276634
17638,0.003388160839676857
17639,0.01025051437318325
17640,0.006368541624397039
17641,0.03876398503780365
17642,0.0050490847788751125
17643,0.008946094661951065
17644,0.010602783411741257
17645,0.00858717504888773
17646,0.006705325096845627
17647,0.004126033280044794
17648,0.01111634261906147
17649,0.0028522636275738478
17650,0.02058231458067894
17651,0.012661149725317955
17652,0.005208541639149189
17653,0.005504492204636335
17654,0.007727704010903835
17655,0.01008956041187048
17656,0.01095187570899725
17657,0.005987073294818401
17658,0.004601072520017624
17659,0.014876062981784344
17660,0.011386352591216564
17661,0.0072106607258319855
17662,0.002957882359623909
17663,0.007460575085133314
17664,0.014802518300712109
17665,0.004617644473910332
17666,0.005070441868156195
17667,0.004933656193315983
17668,0.017332497984170914
17669,0.014699608087539673
17670,0.008174227550625801
17671,0.007155679166316986
17672,0.008299830369651318
17673,0.00498726824298501
17674,0.01029577013105154
17675,0.0028477038722485304
17676,0.004336082376539707
17677,0.00583652313798666
17678,0.020062610507011414
17679,0.004041207022964954
17680,0.003293014597147703
17681,0.009372947737574577
17682,0.0024200575426220894
17683,0.00847627129405737
17684,0.00917765498161316
17685,0.019650094211101532
17686,0.01562250405550003
17687,0.007371827494353056
17688,0.007985267788171768
17689,0.004753010347485542
17690,0.006480704061686993
17691,0.005650937557220459
17692,0.0074314335361123085
17693,0.012297116219997406
17694,0.01302270032465458
17695,0.004874399863183498
17696,0.006950252689421177
17697,0.002644385676831007
17698,0.014848507940769196
17699,0.01802579127252102
17700,0.007218551822006702
17701,0.0031878023874014616
17702,0.005328120198100805
17703,0.003992455080151558
17704,0.009720535948872566
17705,0.005346333608031273
17706,0.002616316080093384
17707,0.0041976068168878555
17708,0.005108851008117199
17709,0.008948256261646748
17710,0.007269847206771374
17711,0.007683664560317993
17712,0.002958013443276286
17713,0.004778233356773853
17714,0.0224109198898077
17715,0.0051453690975904465
17716,0.00592208793386817
17717,0.012307501398026943
17718,0.012169215828180313
17719,0.004286057315766811
17720,0.005052105989307165
17721,0.0040679629892110825
17722,0.0028637065552175045
17723,0.007847920060157776
17724,0.0023068804293870926
17725,0.004091343842446804
17726,0.008148069493472576
17727,0.01829792559146881
17728,0.021135326474905014
17729,0.019896656274795532
17730,0.013749292120337486
17731,0.005413947161287069
17732,0.0051014963537454605
17733,0.002736235735937953
17734,0.007801387459039688
17735,0.015763502568006516
17736,0.00710331043228507
17737,0.0076654525473713875
17738,0.007608537562191486
17739,0.012817464768886566
17740,0.005070405080914497
17741,0.0046384744346141815
17742,0.013956010341644287
17743,0.007704291492700577
17744,0.008371097035706043
17745,0.008563918061554432
17746,0.006050164811313152
17747,0.013258363120257854
17748,0.010264947079122066
17749,0.008998638018965721
17750,0.01401584129780531
17751,0.007381470408290625
17752,0.011133871041238308
17753,0.007820410653948784
17754,0.004165038000792265
17755,0.004262165632098913
17756,0.006399567238986492
17757,0.005588739179074764
17758,0.01129409484565258
17759,0.008884765207767487
17760,0.006292250007390976
17761,0.008575307205319405
17762,0.01270659826695919
17763,0.00386503292247653
17764,0.006901617627590895
17765,0.03163779526948929
17766,0.008966516703367233
17767,0.00828308891505003
17768,0.011023770086467266
17769,0.005858284886926413
17770,0.005558851175010204
17771,0.006205746438354254
17772,0.004528257995843887
17773,0.002894438337534666
17774,0.005235214717686176
17775,0.012072032317519188
17776,0.014767119660973549
17777,0.01105258148163557
17778,0.005199938081204891
17779,0.016116438433527946
17780,0.011325133964419365
17781,0.015265336260199547
17782,0.012962880544364452
17783,0.010986916720867157
17784,0.01966366544365883
17785,0.006673713680356741
17786,0.016786031424999237
17787,0.0030183405615389347
17788,0.011866825632750988
17789,0.006137143354862928
17790,0.005815709941089153
17791,0.0065199341624975204
17792,0.00385070382617414
17793,0.007212819065898657
17794,0.005570251494646072
17795,0.012726048938930035
17796,0.008037169463932514
17797,0.006880102679133415
17798,0.007372623309493065
17799,0.003953787963837385
17800,0.013784004375338554
17801,0.01262344978749752
17802,0.003822844009846449
17803,0.01033115666359663
17804,0.002436474896967411
17805,0.008806801401078701
17806,0.006151075940579176
17807,0.006826840341091156
17808,0.009660297073423862
17809,0.009047525934875011
17810,0.006491139531135559
17811,0.02950967475771904
17812,0.0127328522503376
17813,0.00724746473133564
17814,0.006570310331881046
17815,0.008016880601644516
17816,0.014070121571421623
17817,0.003171942662447691
17818,0.005578052252531052
17819,0.0069032288156449795
17820,0.012766866013407707
17821,0.01742248237133026
17822,0.004518036264926195
17823,0.007710468955338001
17824,0.0026454594917595387
17825,0.009125947952270508
17826,0.00897858664393425
17827,0.010190242901444435
17828,0.003369989339262247
17829,0.008715508505702019
17830,0.0027843888383358717
17831,0.007809413131326437
17832,0.016206808388233185
17833,0.016818946227431297
17834,0.011014213785529137
17835,0.004911839030683041
17836,0.006786411628127098
17837,0.008021949790418148
17838,0.009662991389632225
17839,0.009529652073979378
17840,0.010878702625632286
17841,0.01410452090203762
17842,0.0071519119665026665
17843,0.008617011830210686
17844,0.009611904621124268
17845,0.0030741875525563955
17846,0.009046832099556923
17847,0.007568011991679668
17848,0.010230734944343567
17849,0.0034372962545603514
17850,0.005452433135360479
17851,0.009207701310515404
17852,0.01732489839196205
17853,0.011044850572943687
17854,0.014544202946126461
17855,0.00912951398640871
17856,0.010478084906935692
17857,0.003116116626188159
17858,0.004788637161254883
17859,0.00610022246837616
17860,0.007797593250870705
17861,0.0035327186342328787
17862,0.006570940371602774
17863,0.012177279219031334
17864,0.012693572789430618
17865,0.01335211843252182
17866,0.008470521308481693
17867,0.010949801653623581
17868,0.011178223416209221
17869,0.020866645500063896
17870,0.004826941527426243
17871,0.0059641143307089806
17872,0.009647676721215248
17873,0.008254580199718475
17874,0.00738756125792861
17875,0.007108463905751705
17876,0.004336243961006403
17877,0.006637010257691145
17878,0.008819133043289185
17879,0.02360261045396328
17880,0.010086217895150185
17881,0.01135136466473341
17882,0.005888718646019697
17883,0.009687944315373898
17884,0.009467927739024162
17885,0.006977275013923645
17886,0.004681168124079704
17887,0.004008667543530464
17888,0.011912565678358078
17889,0.012145197950303555
17890,0.008186615072190762
17891,0.006504266522824764
17892,0.016594313085079193
17893,0.012623166665434837
17894,0.004454989917576313
17895,0.004387296736240387
17896,0.008216004818677902
17897,0.004718333948403597
17898,0.004182183649390936
17899,0.011640198528766632
17900,0.00648384727537632
17901,0.008968845941126347
17902,0.01715468242764473
17903,0.010321114212274551
17904,0.003735572099685669
17905,0.00929248332977295
17906,0.005909898784011602
17907,0.013412738218903542
17908,0.0036662835627794266
17909,0.00283506466075778
17910,0.00409706961363554
17911,0.0071629248559474945
17912,0.00804995745420456
17913,0.008866066113114357
17914,0.0158007200807333
17915,0.005466770380735397
17916,0.009302731603384018
17917,0.0114055797457695
17918,0.014514736831188202
17919,0.014664548449218273
17920,0.012409180402755737
17921,0.009546777233481407
17922,0.014881690964102745
17923,0.003886000718921423
17924,0.007184215821325779
17925,0.006906762719154358
17926,0.005669559817761183
17927,0.013329073786735535
17928,0.00337083893828094
17929,0.005134604871273041
17930,0.02734302543103695
17931,0.017661184072494507
17932,0.01740320213139057
17933,0.008900061249732971
17934,0.010531309060752392
17935,0.010747633874416351
17936,0.00565406633540988
17937,0.0030612791888415813
17938,0.009662016294896603
17939,0.007448099087923765
17940,0.005807488225400448
17941,0.014576392248272896
17942,0.009556806646287441
17943,0.010994009673595428
17944,0.007548190653324127
17945,0.0059943413361907005
17946,0.0089117968454957
17947,0.01578838750720024
17948,0.005595260299742222
17949,0.0037588789127767086
17950,0.005965031683444977
17951,0.00562039390206337
17952,0.009348743595182896
17953,0.006366494111716747
17954,0.015037482604384422
17955,0.007913367822766304
17956,0.004984034225344658
17957,0.004808143246918917
17958,0.004384052939713001
17959,0.0039999280124902725
17960,0.007403697818517685
17961,0.00581884291023016
17962,0.014821509830653667
17963,0.004301629960536957
17964,0.016401318833231926
17965,0.011416463181376457
17966,0.008658332750201225
17967,0.009745685383677483
17968,0.014174485579133034
17969,0.0029532955959439278
17970,0.01368294470012188
17971,0.007372258231043816
17972,0.00696847727522254
17973,0.00851949118077755
17974,0.002822795882821083
17975,0.0031414793338626623
17976,0.004523229785263538
17977,0.022987376898527145
17978,0.015775041654706
17979,0.002940325066447258
17980,0.012108942493796349
17981,0.006273491308093071
17982,0.005699594505131245
17983,0.007295820862054825
17984,0.005597732961177826
17985,0.00802004337310791
17986,0.0027320440858602524
17987,0.012160584330558777
17988,0.005834971554577351
17989,0.003362763673067093
17990,0.003159394022077322
17991,0.013090553693473339
17992,0.0048326002433896065
17993,0.00951126404106617
17994,0.008387948386371136
17995,0.008187221363186836
17996,0.007901501841843128
17997,0.010722478851675987
17998,0.01874707266688347
17999,0.012704290449619293
18000,0.0033626421354711056
18001,0.010046864859759808
18002,0.008659900166094303
18003,0.004848118871450424
18004,0.008382407017052174
18005,0.011438148096203804
18006,0.014958846382796764
18007,0.002039926126599312
18008,0.004882144741714001
18009,0.010343448258936405
18010,0.010725686326622963
18011,0.008423028513789177
18012,0.0051553635857999325
18013,0.006356715224683285
18014,0.01067938469350338
18015,0.008103379979729652
18016,0.006975657306611538
18017,0.006469711661338806
18018,0.005663405172526836
18019,0.006718340329825878
18020,0.009375816211104393
18021,0.009070842526853085
18022,0.009409679099917412
18023,0.020560719072818756
18024,0.0034045984502881765
18025,0.008775106631219387
18026,0.006579335313290358
18027,0.01094038039445877
18028,0.005357642658054829
18029,0.012580020353198051
18030,0.009977782145142555
18031,0.018691647797822952
18032,0.010405752807855606
18033,0.006606823764741421
18034,0.004596006590873003
18035,0.016047729179263115
18036,0.0071282582357525826
18037,0.008484511636197567
18038,0.01450345478951931
18039,0.007911231368780136
18040,0.003829086199402809
18041,0.008330993354320526
18042,0.004662510938942432
18043,0.00733408285304904
18044,0.018084000796079636
18045,0.007647610269486904
18046,0.0037600635550916195
18047,0.0053495499305427074
18048,0.008385717868804932
18049,0.003530156332999468
18050,0.02184322103857994
18051,0.004626057576388121
18052,0.00658509461209178
18053,0.019741155207157135
18054,0.01650254800915718
18055,0.004440922290086746
18056,0.03327639028429985
18057,0.010670370422303677
18058,0.007786542177200317
18059,0.011766266077756882
18060,0.010402871295809746
18061,0.012142795138061047
18062,0.008378954604268074
18063,0.006088851019740105
18064,0.009412827901542187
18065,0.00650379154831171
18066,0.013271580450236797
18067,0.005893084220588207
18068,0.019307557493448257
18069,0.011329907923936844
18070,0.005017139948904514
18071,0.004093291237950325
18072,0.005488186608999968
18073,0.002673430135473609
18074,0.004870469681918621
18075,0.004909228067845106
18076,0.012310601770877838
18077,0.00318537512794137
18078,0.011826585046947002
18079,0.006289630196988583
18080,0.009058976545929909
18081,0.002905747387558222
18082,0.007915584370493889
18083,0.005558907054364681
18084,0.008551960811018944
18085,0.012874692678451538
18086,0.011507133953273296
18087,0.011404129676520824
18088,0.0052533019334077835
18089,0.006401417311280966
18090,0.030018335208296776
18091,0.002776283770799637
18092,0.01624063402414322
18093,0.01122869923710823
18094,0.00397137925028801
18095,0.0031449643429368734
18096,0.0072524696588516235
18097,0.003984168171882629
18098,0.0039412640035152435
18099,0.0178578682243824
18100,0.0051890090107917786
18101,0.009877225384116173
18102,0.003813602961599827
18103,0.007712922058999538
18104,0.004629350267350674
18105,0.021533986553549767
18106,0.006517493166029453
18107,0.009652376174926758
18108,0.004261414986103773
18109,0.008197695016860962
18110,0.005324778147041798
18111,0.0029539852403104305
18112,0.010748788714408875
18113,0.007943286560475826
18114,0.0056448145769536495
18115,0.006671968847513199
18116,0.00378844840452075
18117,0.006946238689124584
18118,0.004367206711322069
18119,0.016946807503700256
18120,0.007686594035476446
18121,0.013066798448562622
18122,0.017556240782141685
18123,0.008412263356149197
18124,0.012203797698020935
18125,0.0034529431723058224
18126,0.006510998122394085
18127,0.004165567457675934
18128,0.0062737418338656425
18129,0.01479538343846798
18130,0.021625861525535583
18131,0.005623956676572561
18132,0.005072982050478458
18133,0.0068975514732301235
18134,0.015090979635715485
18135,0.017802327871322632
18136,0.004430993925780058
18137,0.007707311771810055
18138,0.014142516069114208
18139,0.0062714009545743465
18140,0.008693626150488853
18141,0.0028775366954505444
18142,0.008895771577954292
18143,0.004388472065329552
18144,0.004331629257649183
18145,0.005756621714681387
18146,0.007939903996884823
18147,0.01308229099959135
18148,0.003964496310800314
18149,0.004646229557693005
18150,0.005655835382640362
18151,0.007198677863925695
18152,0.007246771827340126
18153,0.019830167293548584
18154,0.006283997558057308
18155,0.006638955324888229
18156,0.007636526133865118
18157,0.005894421599805355
18158,0.012316327542066574
18159,0.006421597208827734
18160,0.016962796449661255
18161,0.0056254565715789795
18162,0.007264255546033382
18163,0.008413910865783691
18164,0.007945726625621319
18165,0.007116101682186127
18166,0.00610787607729435
18167,0.0019963972736150026
18168,0.016216404736042023
18169,0.009375981986522675
18170,0.004221553448587656
18171,0.009169621393084526
18172,0.005946963094174862
18173,0.005567850079387426
18174,0.004751008935272694
18175,0.004924517124891281
18176,0.007740303408354521
18177,0.008022290654480457
18178,0.008230247534811497
18179,0.006618108134716749
18180,0.02894153818488121
18181,0.006070430390536785
18182,0.012857714667916298
18183,0.019943051040172577
18184,0.009208494797348976
18185,0.011212563142180443
18186,0.004829321056604385
18187,0.009397519752383232
18188,0.0054723783396184444
18189,0.023892855271697044
18190,0.006634942255914211
18191,0.005563957151025534
18192,0.012401546351611614
18193,0.01356365717947483
18194,0.01063934713602066
18195,0.005795677658170462
18196,0.012555818073451519
18197,0.003396398387849331
18198,0.0021822177805006504
18199,0.0037087048403918743
18200,0.01557818055152893
18201,0.017053011804819107
18202,0.006353389471769333
18203,0.006697788834571838
18204,0.0028683189302682877
18205,0.006625724956393242
18206,0.014425847679376602
18207,0.007120184600353241
18208,0.022552713751792908
18209,0.0061664823442697525
18210,0.007588386535644531
18211,0.0034132308792322874
18212,0.01131757628172636
18213,0.01918371208012104
18214,0.012338323518633842
18215,0.007912486791610718
18216,0.004233465995639563
18217,0.004371632821857929
18218,0.0032279761508107185
18219,0.004234017804265022
18220,0.00895722396671772
18221,0.004771534353494644
18222,0.006981245242059231
18223,0.0031679347157478333
18224,0.006142837461084127
18225,0.007316430564969778
18226,0.012458808720111847
18227,0.008302156813442707
18228,0.011371500790119171
18229,0.00325942924246192
18230,0.002803870476782322
18231,0.007758920546621084
18232,0.007208229508250952
18233,0.018596533685922623
18234,0.011277355253696442
18235,0.011655792593955994
18236,0.0062988512217998505
18237,0.019940052181482315
18238,0.005326224025338888
18239,0.010690957307815552
18240,0.007241371087729931
18241,0.005141674540936947
18242,0.007650300860404968
18243,0.004982989281415939
18244,0.004528102930635214
18245,0.0060238316655159
18246,0.010628201067447662
18247,0.011017050594091415
18248,0.010243060067296028
18249,0.004312701057642698
18250,0.014396658167243004
18251,0.005696940701454878
18252,0.024610718712210655
18253,0.003600809723138809
18254,0.0046737100929021835
18255,0.006670939736068249
18256,0.011259651742875576
18257,0.010890226811170578
18258,0.0029757660813629627
18259,0.0028116933535784483
18260,0.0042622946202754974
18261,0.011616859585046768
18262,0.00866406224668026
18263,0.020643791183829308
18264,0.01114798616617918
18265,0.01990271359682083
18266,0.008387244306504726
18267,0.006736989598721266
18268,0.015362835489213467
18269,0.00923137366771698
18270,0.0069733066484332085
18271,0.0036615801509469748
18272,0.0068532489240169525
18273,0.008274023421108723
18274,0.00623258575797081
18275,0.003946436569094658
18276,0.003893909975886345
18277,0.006902297493070364
18278,0.005447500851005316
18279,0.026235392317175865
18280,0.006631139200180769
18281,0.005978246685117483
18282,0.009143645875155926
18283,0.015193149447441101
18284,0.00941534899175167
18285,0.012857310473918915
18286,0.009438280016183853
18287,0.012231947854161263
18288,0.009182412177324295
18289,0.003927948884665966
18290,0.014556948095560074
18291,0.004295382648706436
18292,0.014458498917520046
18293,0.016930755227804184
18294,0.008349084295332432
18295,0.005585070233792067
18296,0.0025175134651362896
18297,0.007895238697528839
18298,0.0026958377566188574
18299,0.009868702851235867
18300,0.015071338042616844
18301,0.009789115749299526
18302,0.021965771913528442
18303,0.018843553960323334
18304,0.005657663103193045
18305,0.003468005685135722
18306,0.0031048792880028486
18307,0.01282154768705368
18308,0.006476346403360367
18309,0.005062308628112078
18310,0.008925952017307281
18311,0.006322878412902355
18312,0.016980575397610664
18313,0.010801119729876518
18314,0.008141540922224522
18315,0.019131425768136978
18316,0.010585839860141277
18317,0.005708777811378241
18318,0.007090311497449875
18319,0.007577292621135712
18320,0.004916075617074966
18321,0.005337231792509556
18322,0.010536800138652325
18323,0.007311183027923107
18324,0.006847628392279148
18325,0.012337951920926571
18326,0.0031020380556583405
18327,0.005829920526593924
18328,0.005420490633696318
18329,0.004968039691448212
18330,0.009767964482307434
18331,0.0124692153185606
18332,0.020071012899279594
18333,0.00830719992518425
18334,0.002823503687977791
18335,0.012123285792768002
18336,0.019407769665122032
18337,0.005096320994198322
18338,0.013384977355599403
18339,0.007513518910855055
18340,0.025588100776076317
18341,0.011410332284867764
18342,0.014901491813361645
18343,0.017394227907061577
18344,0.008696699514985085
18345,0.0074561648070812225
18346,0.0038829378318041563
18347,0.009941300377249718
18348,0.013858633115887642
18349,0.005683851893991232
18350,0.01074288785457611
18351,0.013495028018951416
18352,0.008585135452449322
18353,0.016134686768054962
18354,0.0025608199648559093
18355,0.006961442064493895
18356,0.0034453733824193478
18357,0.005651677027344704
18358,0.0051812659949064255
18359,0.005288229323923588
18360,0.014987101778388023
18361,0.0074609084986150265
18362,0.009443229995667934
18363,0.013404927216470242
18364,0.0107071902602911
18365,0.003050353145226836
18366,0.005965992342680693
18367,0.009127072058618069
18368,0.01790294423699379
18369,0.014802096411585808
18370,0.006839614361524582
18371,0.009111958555877209
18372,0.012771248817443848
18373,0.009877599775791168
18374,0.024460449814796448
18375,0.005494888871908188
18376,0.009692905470728874
18377,0.005323651246726513
18378,0.007500715088099241
18379,0.011377288028597832
18380,0.009808860719203949
18381,0.00951586477458477
18382,0.0063282763585448265
18383,0.007172706536948681
18384,0.0054339198395609856
18385,0.008921126835048199
18386,0.007462439127266407
18387,0.007332577370107174
18388,0.007304926868528128
18389,0.014978447929024696
18390,0.01249790471047163
18391,0.011688309721648693
18392,0.012011191807687283
18393,0.011606152169406414
18394,0.009058939293026924
18395,0.003625132143497467
18396,0.007382750511169434
18397,0.01571696065366268
18398,0.005450575612485409
18399,0.004578333348035812
18400,0.01679094135761261
18401,0.004164222627878189
18402,0.010904918424785137
18403,0.01820440962910652
18404,0.01259178202599287
18405,0.001889800070784986
18406,0.02622361294925213
18407,0.01116458885371685
18408,0.031672604382038116
18409,0.004226644989103079
18410,0.004855208098888397
18411,0.00972866639494896
18412,0.009349644184112549
18413,0.00728705246001482
18414,0.010341489687561989
18415,0.010103871114552021
18416,0.005100552923977375
18417,0.0079147107899189
18418,0.00484884437173605
18419,0.00480478722602129
18420,0.005193072371184826
18421,0.003975762519985437
18422,0.011140851303935051
18423,0.021271880716085434
18424,0.013686193153262138
18425,0.007228183560073376
18426,0.016810130327939987
18427,0.007173506077378988
18428,0.01088031753897667
18429,0.00857787486165762
18430,0.03225924074649811
18431,0.0039049293845891953
18432,0.011760858818888664
18433,0.006178669165819883
18434,0.014477173797786236
18435,0.00394623214378953
18436,0.010776974260807037
18437,0.0071607171557843685
18438,0.00584415253251791
18439,0.00776816438883543
18440,0.009863469749689102
18441,0.006856407038867474
18442,0.006712563335895538
18443,0.0034020482562482357
18444,0.012770253233611584
18445,0.007211431860923767
18446,0.00849202275276184
18447,0.009502370841801167
18448,0.007510874420404434
18449,0.013374214991927147
18450,0.012342809699475765
18451,0.008723974227905273
18452,0.017560899257659912
18453,0.004663450177758932
18454,0.009624740108847618
18455,0.009534934535622597
18456,0.0047970968298614025
18457,0.003409620840102434
18458,0.012860044836997986
18459,0.006240622140467167
18460,0.004504987969994545
18461,0.012242114171385765
18462,0.011117282323539257
18463,0.01313238125294447
18464,0.005632573273032904
18465,0.005537360906600952
18466,0.008717217482626438
18467,0.04830013960599899
18468,0.006716644391417503
18469,0.008181717246770859
18470,0.004477005917578936
18471,0.006481190677732229
18472,0.01125176902860403
18473,0.00643300823867321
18474,0.0077824220061302185
18475,0.003698242362588644
18476,0.0061455536633729935
18477,0.01563357375562191
18478,0.0033975853584706783
18479,0.005412065889686346
18480,0.014711599797010422
18481,0.0027725244872272015
18482,0.007231414318084717
18483,0.006775792688131332
18484,0.0036601615138351917
18485,0.009152278304100037
18486,0.00890410877764225
18487,0.00859041977673769
18488,0.007609648630023003
18489,0.026048123836517334
18490,0.005727219395339489
18491,0.008806849829852581
18492,0.006821169517934322
18493,0.005251744296401739
18494,0.003186252433806658
18495,0.0048285601660609245
18496,0.008029595017433167
18497,0.0073858401738107204
18498,0.039911940693855286
18499,0.004022834822535515
18500,0.004717239178717136
18501,0.008765487931668758
18502,0.008556894958019257
18503,0.004433320369571447
18504,0.010412899777293205
18505,0.004763943608850241
18506,0.009686678647994995
18507,0.0032035275362432003
18508,0.008315002545714378
18509,0.004876706749200821
18510,0.004852876532822847
18511,0.0057489750906825066
18512,0.00420210137963295
18513,0.005708632525056601
18514,0.01775730401277542
18515,0.0074641648679971695
18516,0.009748075157403946
18517,0.01258671935647726
18518,0.009378425776958466
18519,0.003992393612861633
18520,0.014168091118335724
18521,0.005333811044692993
18522,0.006129926070570946
18523,0.005755224265158176
18524,0.004309417214244604
18525,0.01595001295208931
18526,0.003222130239009857
18527,0.003503164043650031
18528,0.01200809981673956
18529,0.003018761985003948
18530,0.003089043078944087
18531,0.009543146006762981
18532,0.00542819406837225
18533,0.01066375058144331
18534,0.004112951923161745
18535,0.006883180700242519
18536,0.012421386316418648
18537,0.008854669518768787
18538,0.008999036625027657
18539,0.004842698574066162
18540,0.00892407726496458
18541,0.008746693842113018
18542,0.005450091324746609
18543,0.015523112379014492
18544,0.003250766545534134
18545,0.015686869621276855
18546,0.006534330081194639
18547,0.005280902609229088
18548,0.004744985140860081
18549,0.008532896637916565
18550,0.010414905846118927
18551,0.014417452737689018
18552,0.004403006285429001
18553,0.004062282852828503
18554,0.005639503709971905
18555,0.006644499953836203
18556,0.003861520439386368
18557,0.008965716697275639
18558,0.005345452576875687
18559,0.0072442470118403435
18560,0.01642083004117012
18561,0.019186576828360558
18562,0.01298984419554472
18563,0.0112356748431921
18564,0.016447313129901886
18565,0.008021695539355278
18566,0.007204219698905945
18567,0.014404607936739922
18568,0.0016822423785924911
18569,0.004179937299340963
18570,0.004014364443719387
18571,0.007937765680253506
18572,0.0037845084443688393
18573,0.011579200625419617
18574,0.016256418079137802
18575,0.01233004592359066
18576,0.00566790159791708
18577,0.0032865703105926514
18578,0.005240032449364662
18579,0.005113128572702408
18580,0.025989651679992676
18581,0.0042687999084591866
18582,0.012012375518679619
18583,0.003932064399123192
18584,0.010519525036215782
18585,0.007010946981608868
18586,0.006324208341538906
18587,0.015142375603318214
18588,0.004171941429376602
18589,0.014140965417027473
18590,0.003612662199884653
18591,0.008254112675786018
18592,0.01367233693599701
18593,0.0056685470044612885
18594,0.008878059685230255
18595,0.006600723601877689
18596,0.004891654476523399
18597,0.002582171931862831
18598,0.01137850433588028
18599,0.008251892402768135
18600,0.005197013728320599
18601,0.007698621600866318
18602,0.007147426716983318
18603,0.005110431462526321
18604,0.006889335345476866
18605,0.013743306510150433
18606,0.0036426156293600798
18607,0.008261209353804588
18608,0.005648593418300152
18609,0.0182650163769722
18610,0.006647573318332434
18611,0.02083003893494606
18612,0.0031683966517448425
18613,0.003228176385164261
18614,0.005828100722283125
18615,0.009171202778816223
18616,0.003227582201361656
18617,0.021661192178726196
18618,0.01459528785198927
18619,0.004751892760396004
18620,0.005713820457458496
18621,0.007248790469020605
18622,0.005500029306858778
18623,0.006098968908190727
18624,0.0078249741345644
18625,0.004374999552965164
18626,0.004627970978617668
18627,0.009818749502301216
18628,0.011234080418944359
18629,0.0043946001678705215
18630,0.006470135413110256
18631,0.004119621589779854
18632,0.002270102733746171
18633,0.004640198778361082
18634,0.013383464887738228
18635,0.006230248138308525
18636,0.011507379822432995
18637,0.018779311329126358
18638,0.0030048720072954893
18639,0.007281438913196325
18640,0.005342414602637291
18641,0.017260298132896423
18642,0.01033664308488369
18643,0.012940777465701103
18644,0.006190433166921139
18645,0.004967956338077784
18646,0.007010175846517086
18647,0.006354376208037138
18648,0.011749571189284325
18649,0.015846215188503265
18650,0.010624520480632782
18651,0.007351543288677931
18652,0.004469337407499552
18653,0.008851855993270874
18654,0.02571796253323555
18655,0.007602080702781677
18656,0.009817331098020077
18657,0.005249661859124899
18658,0.009859751909971237
18659,0.011160868220031261
18660,0.003779743332415819
18661,0.011548045091331005
18662,0.014399636536836624
18663,0.008167647756636143
18664,0.017016762867569923
18665,0.020186563953757286
18666,0.004148062318563461
18667,0.006372885312885046
18668,0.009033558890223503
18669,0.004307786468416452
18670,0.005134450271725655
18671,0.006387587171047926
18672,0.013949846848845482
18673,0.008265530690550804
18674,0.005842400714755058
18675,0.011503523215651512
18676,0.012219584546983242
18677,0.028065800666809082
18678,0.00591441011056304
18679,0.0027079321444034576
18680,0.017495527863502502
18681,0.006153592374175787
18682,0.010211501270532608
18683,0.005568690598011017
18684,0.004017492290586233
18685,0.009105008095502853
18686,0.008623866364359856
18687,0.002734724199399352
18688,0.005958116613328457
18689,0.004705921281129122
18690,0.002425665035843849
18691,0.006971040274947882
18692,0.010044331662356853
18693,0.0072042979300022125
18694,0.006976607255637646
18695,0.004818515852093697
18696,0.009298610500991344
18697,0.006237349472939968
18698,0.0034832386299967766
18699,0.030462633818387985
18700,0.006538090296089649
18701,0.005271550267934799
18702,0.008133195340633392
18703,0.014206720516085625
18704,0.013227129355072975
18705,0.013819918036460876
18706,0.006245186552405357
18707,0.01097144465893507
18708,0.005525382235646248
18709,0.005818711593747139
18710,0.007559334393590689
18711,0.010926972143352032
18712,0.007704871706664562
18713,0.01887102797627449
18714,0.007259927690029144
18715,0.006839883513748646
18716,0.003892801236361265
18717,0.0077877771109342575
18718,0.005988675635308027
18719,0.005161750130355358
18720,0.007326008751988411
18721,0.005128875374794006
18722,0.011233359575271606
18723,0.011429660022258759
18724,0.013493722304701805
18725,0.005958910100162029
18726,0.0029919377993792295
18727,0.010164890438318253
18728,0.008302680216729641
18729,0.008171552792191505
18730,0.010043214075267315
18731,0.011558255180716515
18732,0.018111810088157654
18733,0.010813917964696884
18734,0.005460723303258419
18735,0.006890392862260342
18736,0.008818039670586586
18737,0.0054627410136163235
18738,0.0059368847869336605
18739,0.008040066808462143
18740,0.002020495478063822
18741,0.00923292338848114
18742,0.006497619207948446
18743,0.008701866492629051
18744,0.002806436736136675
18745,0.005421075504273176
18746,0.005487488117069006
18747,0.006233885884284973
18748,0.007665132638067007
18749,0.004702816717326641
18750,0.015395162627100945
18751,0.012046321295201778
18752,0.004611970856785774
18753,0.008182549849152565
18754,0.008756469935178757
18755,0.006029547192156315
18756,0.008032742887735367
18757,0.0066313291899859905
18758,0.010342661291360855
18759,0.003314733039587736
18760,0.004586940631270409
18761,0.009389612823724747
18762,0.014415389858186245
18763,0.0062484582886099815
18764,0.008333704434335232
18765,0.007712758146226406
18766,0.009858128614723682
18767,0.006374525837600231
18768,0.01024051383137703
18769,0.006230644881725311
18770,0.005680263042449951
18771,0.01017714198678732
18772,0.014028839766979218
18773,0.01919916830956936
18774,0.006288671400398016
18775,0.02141919732093811
18776,0.0070135099813342094
18777,0.006432279013097286
18778,0.004521547816693783
18779,0.017469147220253944
18780,0.0033682603389024734
18781,0.006869451142847538
18782,0.004008562304079533
18783,0.014073505997657776
18784,0.01143846195191145
18785,0.009401766583323479
18786,0.008964067324995995
18787,0.01992868259549141
18788,0.005955435335636139
18789,0.014756124466657639
18790,0.005228489637374878
18791,0.0014155794633552432
18792,0.004707625135779381
18793,0.0030204784125089645
18794,0.007859629578888416
18795,0.00843575969338417
18796,0.0081606674939394
18797,0.04542091488838196
18798,0.0017480835085734725
18799,0.01008746400475502
18800,0.006666237022727728
18801,0.004301785957068205
18802,0.0039650024846196175
18803,0.014460107311606407
18804,0.006394782569259405
18805,0.014831017702817917
18806,0.005382931791245937
18807,0.012830677442252636
18808,0.007318442687392235
18809,0.006347842514514923
18810,0.004083848558366299
18811,0.019008256494998932
18812,0.00926148146390915
18813,0.008428443223237991
18814,0.0169052854180336
18815,0.012205957435071468
18816,0.0049095661379396915
18817,0.008669644594192505
18818,0.006787364836782217
18819,0.0029242343734949827
18820,0.00866086408495903
18821,0.01060136966407299
18822,0.009326578117907047
18823,0.01164371520280838
18824,0.00398599449545145
18825,0.017531540244817734
18826,0.00988430343568325
18827,0.014585539698600769
18828,0.012066133320331573
18829,0.007919097319245338
18830,0.01000375859439373
18831,0.012883082032203674
18832,0.004706621635705233
18833,0.003154631471261382
18834,0.003473659511655569
18835,0.009359444491565228
18836,0.010661862790584564
18837,0.04082677513360977
18838,0.0051652817055583
18839,0.009457634761929512
18840,0.01361597515642643
18841,0.007486157119274139
18842,0.018071487545967102
18843,0.003392542479559779
18844,0.01007129903882742
18845,0.007601091172546148
18846,0.003953680396080017
18847,0.011575180105865002
18848,0.006905778311192989
18849,0.004259263165295124
18850,0.003945731557905674
18851,0.006374705117195845
18852,0.007990527898073196
18853,0.022748097777366638
18854,0.003693329868838191
18855,0.012683588080108166
18856,0.0052345385774970055
18857,0.005122893489897251
18858,0.005587974097579718
18859,0.004443621728569269
18860,0.00661855936050415
18861,0.00520737050101161
18862,0.011439758352935314
18863,0.01362281572073698
18864,0.01028444990515709
18865,0.007035522721707821
18866,0.009993506595492363
18867,0.00870200153440237
18868,0.008390365168452263
18869,0.008942324668169022
18870,0.014567917212843895
18871,0.006324471905827522
18872,0.008799625560641289
18873,0.005394113715738058
18874,0.01388197299093008
18875,0.004506963770836592
18876,0.007557547651231289
18877,0.007281620055437088
18878,0.008770644664764404
18879,0.016124792397022247
18880,0.005742812529206276
18881,0.005942195653915405
18882,0.0052883317694067955
18883,0.005096285603940487
18884,0.010752337984740734
18885,0.00417083827778697
18886,0.0024158908054232597
18887,0.010146068409085274
18888,0.003913958556950092
18889,0.016171235591173172
18890,0.012308754026889801
18891,0.01559363305568695
18892,0.012616096064448357
18893,0.010332707315683365
18894,0.0073559461161494255
18895,0.006553373299539089
18896,0.00651977164670825
18897,0.007211283780634403
18898,0.00905506033450365
18899,0.006703900173306465
18900,0.015989836305379868
18901,0.008835325948894024
18902,0.003285260871052742
18903,0.00343807484023273
18904,0.009376988746225834
18905,0.008360752835869789
18906,0.004058739636093378
18907,0.01615849696099758
18908,0.003070734441280365
18909,0.01231441181153059
18910,0.008066711947321892
18911,0.01240461878478527
18912,0.007615045644342899
18913,0.003629431128501892
18914,0.01721094362437725
18915,0.0046417005360126495
18916,0.0031333710066974163
18917,0.0030647721141576767
18918,0.005085023120045662
18919,0.006602521985769272
18920,0.02551380917429924
18921,0.02585153840482235
18922,0.006529004313051701
18923,0.005621928256005049
18924,0.007611959706991911
18925,0.0035486393608152866
18926,0.007674901746213436
18927,0.01313072256743908
18928,0.0017376584000885487
18929,0.008545964024960995
18930,0.012603125534951687
18931,0.02118934690952301
18932,0.014058958739042282
18933,0.009217098355293274
18934,0.0038327029906213284
18935,0.010907549411058426
18936,0.007910100743174553
18937,0.006794888526201248
18938,0.0033541496377438307
18939,0.004533536732196808
18940,0.005616597831249237
18941,0.03373599052429199
18942,0.01723961904644966
18943,0.004818564746528864
18944,0.007022670470178127
18945,0.013663108460605145
18946,0.007539029233157635
18947,0.013646177016198635
18948,0.011164381168782711
18949,0.004579663276672363
18950,0.013376660645008087
18951,0.00740041583776474
18952,0.008178459480404854
18953,0.014503817074000835
18954,0.008793435990810394
18955,0.0055716014467179775
18956,0.005597749259322882
18957,0.02560318633913994
18958,0.010573415085673332
18959,0.015202702954411507
18960,0.005654859356582165
18961,0.014330347999930382
18962,0.009480549022555351
18963,0.003892051987349987
18964,0.004371235147118568
18965,0.007783842273056507
18966,0.009996676817536354
18967,0.011766515672206879
18968,0.004864352755248547
18969,0.005829621106386185
18970,0.008116154000163078
18971,0.01288522593677044
18972,0.006566985510289669
18973,0.001878001494333148
18974,0.003275915514677763
18975,0.004921127110719681
18976,0.009250364266335964
18977,0.003932754509150982
18978,0.009606697596609592
18979,0.013438249938189983
18980,0.009194709360599518
18981,0.005166955757886171
18982,0.0030327204149216413
18983,0.01380852796137333
18984,0.00399773521348834
18985,0.004662484396249056
18986,0.0044175079092383385
18987,0.0043080453760921955
18988,0.003839755430817604
18989,0.003678400767967105
18990,0.012373128905892372
18991,0.01469303946942091
18992,0.007657673209905624
18993,0.003313971683382988
18994,0.014943627640604973
18995,0.0055856481194496155
18996,0.003848704509437084
18997,0.010981058701872826
18998,0.008224621415138245
18999,0.011293910443782806
19000,0.01795896515250206
19001,0.021484827622771263
19002,0.007152654230594635
19003,0.012356558814644814
19004,0.004920887760818005
19005,0.01060008816421032
19006,0.003863734193146229
19007,0.01025804691016674
19008,0.0064834407530725
19009,0.008204376325011253
19010,0.01585429161787033
19011,0.008115334436297417
19012,0.005477956496179104
19013,0.010927791707217693
19014,0.010791460052132607
19015,0.00594979478046298
19016,0.005465916357934475
19017,0.003622770309448242
19018,0.011545512825250626
19019,0.003513295203447342
19020,0.010392903350293636
19021,0.007851723581552505
19022,0.007274186238646507
19023,0.007501510437577963
19024,0.013529154472053051
19025,0.006970224902033806
19026,0.00752886850386858
19027,0.008173699490725994
19028,0.011859732680022717
19029,0.004562440328299999
19030,0.008086546324193478
19031,0.006871168967336416
19032,0.00890603568404913
19033,0.02521650493144989
19034,0.011934718117117882
19035,0.014278491958975792
19036,0.007957616820931435
19037,0.020453451201319695
19038,0.008053363300859928
19039,0.005532620009034872
19040,0.007180904969573021
19041,0.005240733735263348
19042,0.00986431073397398
19043,0.004437034949660301
19044,0.006360749714076519
19045,0.015906117856502533
19046,0.009280495345592499
19047,0.022184383124113083
19048,0.003859975142404437
19049,0.024728422984480858
19050,0.006319166626781225
19051,0.008649264462292194
19052,0.007513369899243116
19053,0.003192900214344263
19054,0.011215105652809143
19055,0.005992760416120291
19056,0.0033881887793540955
19057,0.007579444907605648
19058,0.010407439433038235
19059,0.0060081882402300835
19060,0.016783161088824272
19061,0.015725623816251755
19062,0.006729768123477697
19063,0.013814134523272514
19064,0.00958337914198637
19065,0.007217331789433956
19066,0.02341674081981182
19067,0.008568346500396729
19068,0.01719999872148037
19069,0.00800446979701519
19070,0.011262558400630951
19071,0.004303848370909691
19072,0.010603688657283783
19073,0.004860265180468559
19074,0.009159142151474953
19075,0.0037951935082674026
19076,0.006167922168970108
19077,0.010902969166636467
19078,0.013442989438772202
19079,0.008142080157995224
19080,0.017856812104582787
19081,0.018312906846404076
19082,0.022162538021802902
19083,0.004848755896091461
19084,0.006628086324781179
19085,0.008668254129588604
19086,0.010365156456828117
19087,0.0061829122714698315
19088,0.008852232247591019
19089,0.01561061292886734
19090,0.012491514906287193
19091,0.0070737856440246105
19092,0.005665029399096966
19093,0.0060804011300206184
19094,0.010251713916659355
19095,0.012750337831676006
19096,0.01804475486278534
19097,0.006425370927900076
19098,0.008008608594536781
19099,0.01416672021150589
19100,0.006313213612884283
19101,0.007247728295624256
19102,0.005641690455377102
19103,0.00509205786511302
19104,0.010921935550868511
19105,0.011951385997235775
19106,0.01180080696940422
19107,0.007667722180485725
19108,0.0038408543914556503
19109,0.004880130290985107
19110,0.0030033111106604338
19111,0.007840098813176155
19112,0.0057538351975381374
19113,0.005887175910174847
19114,0.009752633981406689
19115,0.007834109477698803
19116,0.03715696185827255
19117,0.012819549068808556
19118,0.010492326691746712
19119,0.0092164920642972
19120,0.0036489188205450773
19121,0.010977978818118572
19122,0.010068191215395927
19123,0.003856988623738289
19124,0.026258178055286407
19125,0.005601297132670879
19126,0.008283413015305996
19127,0.010349154472351074
19128,0.0029942120891064405
19129,0.005142990034073591
19130,0.007239817641675472
19131,0.003654112573713064
19132,0.007446066942065954
19133,0.004996554460376501
19134,0.008064868859946728
19135,0.009898248128592968
19136,0.01888897642493248
19137,0.006519596092402935
19138,0.009644471108913422
19139,0.005960940383374691
19140,0.003412009682506323
19141,0.01029807049781084
19142,0.0035391978453844786
19143,0.005447261966764927
19144,0.006728294305503368
19145,0.00827573798596859
19146,0.0018272856250405312
19147,0.003952776547521353
19148,0.019938956946134567
19149,0.006781432311981916
19150,0.0042091915383934975
19151,0.007303580641746521
19152,0.01093507744371891
19153,0.00447321031242609
19154,0.0035832326393574476
19155,0.006534505635499954
19156,0.012797048315405846
19157,0.00451689912006259
19158,0.0060412585735321045
19159,0.008295237086713314
19160,0.004202870652079582
19161,0.006388907786458731
19162,0.0050444225780665874
19163,0.006679126527160406
19164,0.0037579084746539593
19165,0.00524224154651165
19166,0.008130146190524101
19167,0.003788467962294817
19168,0.008941451087594032
19169,0.005741768516600132
19170,0.007281129248440266
19171,0.017497744411230087
19172,0.0025265724398195744
19173,0.01641494408249855
19174,0.005165401846170425
19175,0.004692360758781433
19176,0.009584654122591019
19177,0.007562530692666769
19178,0.010984010063111782
19179,0.004903433844447136
19180,0.021254247054457664
19181,0.005111096426844597
19182,0.01071351021528244
19183,0.009423482231795788
19184,0.005187220871448517
19185,0.005120998248457909
19186,0.003936712630093098
19187,0.002824559807777405
19188,0.006600291468203068
19189,0.014288075268268585
19190,0.003926966339349747
19191,0.004850251134485006
19192,0.0075376289896667
19193,0.006098331417888403
19194,0.009844137355685234
19195,0.0038184900768101215
19196,0.004424898885190487
19197,0.002131171990185976
19198,0.009992497973144054
19199,0.013507077470421791
19200,0.00882882159203291
19201,0.00356735079549253
19202,0.002893853932619095
19203,0.0057264529168605804
19204,0.0061214035376906395
19205,0.004897383041679859
19206,0.01247339602559805
19207,0.0076545411720871925
19208,0.004607973154634237
19209,0.008451998233795166
19210,0.003717915853485465
19211,0.005217841826379299
19212,0.015411818400025368
19213,0.008552847430109978
19214,0.008535712026059628
19215,0.016379451379179955
19216,0.009825676679611206
19217,0.00773604353889823
19218,0.005971429403871298
19219,0.007486417889595032
19220,0.013277880847454071
19221,0.0036456547677516937
19222,0.010421035811305046
19223,0.00941513478755951
19224,0.020047415047883987
19225,0.006317344959825277
19226,0.010280311107635498
19227,0.03425075113773346
19228,0.006179077085107565
19229,0.010679452680051327
19230,0.014975287020206451
19231,0.008533773012459278
19232,0.024380650371313095
19233,0.004879312589764595
19234,0.004160289652645588
19235,0.003063204465433955
19236,0.011877797544002533
19237,0.0021841926500201225
19238,0.004925017710775137
19239,0.005356465931981802
19240,0.009961700066924095
19241,0.006442181300371885
19242,0.008150678128004074
19243,0.006827211938798428
19244,0.008511565625667572
19245,0.005195087753236294
19246,0.003660807851701975
19247,0.011928996071219444
19248,0.00958789512515068
19249,0.017552781850099564
19250,0.005357049405574799
19251,0.007149900309741497
19252,0.009941457770764828
19253,0.005585575010627508
19254,0.0061637177132070065
19255,0.007346609607338905
19256,0.007201403379440308
19257,0.0215260311961174
19258,0.0090744998306036
19259,0.01389157772064209
19260,0.009120216593146324
19261,0.002551811747252941
19262,0.009376995265483856
19263,0.010045764967799187
19264,0.011735649779438972
19265,0.012034067884087563
19266,0.004152212291955948
19267,0.017569411545991898
19268,0.012079223990440369
19269,0.00491727888584137
19270,0.00717003270983696
19271,0.0058353557251393795
19272,0.006673620548099279
19273,0.006860542576760054
19274,0.0038795913569629192
19275,0.024128032848238945
19276,0.007108484394848347
19277,0.007559601217508316
19278,0.0031857441645115614
19279,0.0024054693058133125
19280,0.011443078517913818
19281,0.004765641875565052
19282,0.0040212939493358135
19283,0.008585317060351372
19284,0.011756009422242641
19285,0.009447505697607994
19286,0.004628309980034828
19287,0.005948307923972607
19288,0.005541642662137747
19289,0.0025025391951203346
19290,0.008335765451192856
19291,0.009230392053723335
19292,0.005079133436083794
19293,0.009808848612010479
19294,0.007877161726355553
19295,0.009437842294573784
19296,0.0019732285290956497
19297,0.0069106509909033775
19298,0.006499043665826321
19299,0.008656272664666176
19300,0.0036650223191827536
19301,0.008291620761156082
19302,0.008330155164003372
19303,0.009053787216544151
19304,0.005071209743618965
19305,0.0042653619311749935
19306,0.004833153448998928
19307,0.00507594458758831
19308,0.007586782798171043
19309,0.011626822873950005
19310,0.013501569628715515
19311,0.012515366077423096
19312,0.00720598828047514
19313,0.0074368854984641075
19314,0.009643699042499065
19315,0.016825856640934944
19316,0.006775527261197567
19317,0.00898199062794447
19318,0.01196693629026413
19319,0.008827680721879005
19320,0.021129896864295006
19321,0.005355929024517536
19322,0.011386653408408165
19323,0.006373395211994648
19324,0.0021464561577886343
19325,0.0030907641630619764
19326,0.0054399981163442135
19327,0.006570914294570684
19328,0.016077499836683273
19329,0.026270657777786255
19330,0.027009164914488792
19331,0.007414483930915594
19332,0.01647057756781578
19333,0.006981631740927696
19334,0.004492021165788174
19335,0.0035041640512645245
19336,0.013347586616873741
19337,0.009075812995433807
19338,0.015701139345765114
19339,0.003859627526253462
19340,0.013886958360671997
19341,0.01584039442241192
19342,0.00783102959394455
19343,0.00829087570309639
19344,0.008002580143511295
19345,0.012216746807098389
19346,0.002821272937580943
19347,0.010200561955571175
19348,0.009102916345000267
19349,0.006208017002791166
19350,0.005334613379091024
19351,0.005691256374120712
19352,0.00278905569575727
19353,0.005139259621500969
19354,0.01047214400023222
19355,0.002786124823614955
19356,0.005356942769140005
19357,0.00564277870580554
19358,0.004553399980068207
19359,0.009420913644134998
19360,0.015619931742548943
19361,0.004909227602183819
19362,0.0024164486676454544
19363,0.010967361740767956
19364,0.008647598326206207
19365,0.007462236098945141
19366,0.005865723825991154
19367,0.013510100543498993
19368,0.008139964193105698
19369,0.007385030388832092
19370,0.017740562558174133
19371,0.0059732235968112946
19372,0.008539808914065361
19373,0.022223249077796936
19374,0.0062876855954527855
19375,0.0051276893354952335
19376,0.002499084919691086
19377,0.005817289464175701
19378,0.006543361581861973
19379,0.0047823116183280945
19380,0.004807741846889257
19381,0.009451599791646004
19382,0.0030384256970137358
19383,0.013881197199225426
19384,0.010366268455982208
19385,0.007651932071894407
19386,0.013584135100245476
19387,0.005483544431626797
19388,0.026512622833251953
19389,0.004653742536902428
19390,0.007957462221384048
19391,0.005716526880860329
19392,0.003883834695443511
19393,0.005925291683524847
19394,0.010106937028467655
19395,0.009631762281060219
19396,0.006559423170983791
19397,0.015382147394120693
19398,0.004885931499302387
19399,0.008768122643232346
19400,0.01444990187883377
19401,0.005243256688117981
19402,0.0071634650230407715
19403,0.010108777321875095
19404,0.004240537062287331
19405,0.0047617885284125805
19406,0.0067829107865691185
19407,0.005542737897485495
19408,0.005598671268671751
19409,0.013960100710391998
19410,0.010115680284798145
19411,0.026660552248358727
19412,0.02128215879201889
19413,0.007669462822377682
19414,0.016020456328988075
19415,0.00435270369052887
19416,0.018042346462607384
19417,0.014318769797682762
19418,0.0032765078358352184
19419,0.019301094114780426
19420,0.008597703650593758
19421,0.006175495684146881
19422,0.026659777387976646
19423,0.013499913737177849
19424,0.01239664014428854
19425,0.00929393619298935
19426,0.010216772556304932
19427,0.005748449824750423
19428,0.0065304129384458065
19429,0.005846449639648199
19430,0.010119366459548473
19431,0.007610454689711332
19432,0.005416627041995525
19433,0.009316197596490383
19434,0.003506544977426529
19435,0.0031250989995896816
19436,0.009203121066093445
19437,0.005521263927221298
19438,0.0073389215394854546
19439,0.004807944875210524
19440,0.0029662600718438625
19441,0.017952915281057358
19442,0.0048573315143585205
19443,0.011051051318645477
19444,0.009486626833677292
19445,0.005715563893318176
19446,0.01614402048289776
19447,0.008932163938879967
19448,0.012712320312857628
19449,0.006201562937349081
19450,0.00475403992459178
19451,0.006108052097260952
19452,0.0018967957003042102
19453,0.031964920461177826
19454,0.010311256162822247
19455,0.00758517486974597
19456,0.0036766945850104094
19457,0.02188728377223015
19458,0.004556916654109955
19459,0.008572708815336227
19460,0.0070958188734948635
19461,0.05279255658388138
19462,0.013336660340428352
19463,0.007945407181978226
19464,0.01518469862639904
19465,0.004483709577471018
19466,0.012080729007720947
19467,0.015613507479429245
19468,0.008316739462316036
19469,0.006550352089107037
19470,0.006295600440353155
19471,0.015950296074151993
19472,0.008232919499278069
19473,0.0035555800423026085
19474,0.005485724192112684
19475,0.01089802198112011
19476,0.011546902358531952
19477,0.005608390551060438
19478,0.0030010901391506195
19479,0.007273376919329166
19480,0.0045731933787465096
19481,0.017262903973460197
19482,0.0048383488319814205
19483,0.010911188088357449
19484,0.005522763356566429
19485,0.004660896025598049
19486,0.012766724452376366
19487,0.00986724067479372
19488,0.005320125725120306
19489,0.0143040856346488
19490,0.008281618356704712
19491,0.011387815698981285
19492,0.002016764832660556
19493,0.007821090519428253
19494,0.006424198858439922
19495,0.007564838044345379
19496,0.007506290450692177
19497,0.004420679062604904
19498,0.009388352744281292
19499,0.007471191696822643
19500,0.013080148957669735
19501,0.009857486933469772
19502,0.005284903105348349
19503,0.005569645669311285
19504,0.01458112895488739
19505,0.007018615957349539
19506,0.008917097933590412
19507,0.00911002792418003
19508,0.010866200551390648
19509,0.007016938179731369
19510,0.006531968247145414
19511,0.010270277969539165
19512,0.004623818211257458
19513,0.004475350491702557
19514,0.01148141734302044
19515,0.00772269070148468
19516,0.011899041943252087
19517,0.012216126546263695
19518,0.005503450985997915
19519,0.013771718367934227
19520,0.0027475506067276
19521,0.007575707044452429
19522,0.009270290844142437
19523,0.015074871480464935
19524,0.004329833667725325
19525,0.01287543773651123
19526,0.006959130521863699
19527,0.012770450673997402
19528,0.002671540481969714
19529,0.006624552421271801
19530,0.0053776344284415245
19531,0.004623422399163246
19532,0.005734722130000591
19533,0.00530749699100852
19534,0.006194292567670345
19535,0.007425499148666859
19536,0.003329056780785322
19537,0.00724850594997406
19538,0.0041925907135009766
19539,0.006516448222100735
19540,0.005664346273988485
19541,0.006450663320720196
19542,0.01301591657102108
19543,0.00797336921095848
19544,0.006863435264676809
19545,0.008268408477306366
19546,0.003518561366945505
19547,0.0056549422442913055
19548,0.0074724736623466015
19549,0.016161220148205757
19550,0.005110133904963732
19551,0.00533684529364109
19552,0.009402837604284286
19553,0.00915865320712328
19554,0.012085980735719204
19555,0.008221513591706753
19556,0.007755379192531109
19557,0.0023236609995365143
19558,0.00791376456618309
19559,0.005887170787900686
19560,0.006569113582372665
19561,0.00399357546120882
19562,0.005490121431648731
19563,0.0039384267292916775
19564,0.0052727460861206055
19565,0.005716958548873663
19566,0.012280537746846676
19567,0.007110902573913336
19568,0.013169430196285248
19569,0.003914405591785908
19570,0.006233516149222851
19571,0.013882442377507687
19572,0.010783405974507332
19573,0.013140945695340633
19574,0.005121968220919371
19575,0.0068130167201161385
19576,0.0035693931858986616
19577,0.0034158348571509123
19578,0.025212064385414124
19579,0.0018192834686487913
19580,0.006850826554000378
19581,0.02199241891503334
19582,0.018113605678081512
19583,0.005614486988633871
19584,0.011193422600626945
19585,0.0064950063824653625
19586,0.006390873342752457
19587,0.005617331713438034
19588,0.013127006590366364
19589,0.006760997697710991
19590,0.005821043159812689
19591,0.007513534277677536
19592,0.004058727063238621
19593,0.013687695376574993
19594,0.005565091501921415
19595,0.006373168434947729
19596,0.0036575428675860167
19597,0.011346736922860146
19598,0.0068605802953243256
19599,0.008848638273775578
19600,0.0030732243321835995
19601,0.004837936721742153
19602,0.005724407732486725
19603,0.007031313143670559
19604,0.0075275590643286705
19605,0.01000965479761362
19606,0.014862343668937683
19607,0.006184886209666729
19608,0.009708491154015064
19609,0.024711957201361656
19610,0.04431351274251938
19611,0.004933450371026993
19612,0.009907415136694908
19613,0.012449837289750576
19614,0.004242455121129751
19615,0.002578016370534897
19616,0.012337329797446728
19617,0.005224943161010742
19618,0.0033994284458458424
19619,0.0096754040569067
19620,0.008123020641505718
19621,0.007372692227363586
19622,0.008909601718187332
19623,0.006162614561617374
19624,0.011884702369570732
19625,0.006475529633462429
19626,0.004401450511068106
19627,0.009546620771288872
19628,0.009430314414203167
19629,0.014557893387973309
19630,0.01125173456966877
19631,0.008766662329435349
19632,0.02210794761776924
19633,0.0069449832662940025
19634,0.0009470235090702772
19635,0.012119365856051445
